cell_type,gene,mean,pct,scaled_mean
Lamp5,GAD1,2.196413040161133,0.9752681764004768,0.9883170539332045
Lamp5,GAD2,2.7308425903320312,0.9949344457687723,1.0
Lamp5,SLC32A1,0.5731101632118225,0.4904648390941597,0.9571473381037435
Lamp5,GRPR,0.34043052792549133,0.3197258641239571,0.7910824563671873
Lamp5,SV2C,2.0485036373138428,0.9615613825983313,1.0
Lamp5,NDNF,0.3506942093372345,0.22079856972586412,0.6217196492731161
Lamp5,RXRG,0.03217907249927521,0.028605482717520857,0.03831361618627559
Lamp5,NR2F2,0.2880854606628418,0.21036948748510131,0.1840467579852967
Lamp5,CHRNA2,0.0009547472582198679,0.0011918951132300357,0.0011049004918153697
Lamp5,SHISA8,0.22350503504276276,0.21424314660309893,0.14871194637126317
Lamp5,VIP,0.021218741312623024,0.023241954707985697,0.008134432301153295
Lamp5,SP8,0.05526140332221985,0.058402860548271755,0.07248958394579712
Lamp5,ZNF385D-AS2,0.3441965878009796,0.2824791418355185,0.21992387939434696
Lamp5,NMU,0.0022426177747547626,0.0026817640047675805,0.0029761119945873747
Lamp5,KLF5,0.02169535681605339,0.024135876042908223,0.02114026894159805
Lamp5,SST,0.3509632349014282,0.22794994040524433,0.10162305041930861
Lamp5,ANKRD34B,0.0014024190604686737,0.0014898688915375446,0.0028413691526028356
Lamp5,NPY,0.1283939629793167,0.09892729439809297,0.027224594460757257
Lamp5,AKAIN1,0.0018144813366234303,0.0017878426698450535,0.006709896589004871
Lamp5,POSTN,0.003849300555884838,0.0038736591179976162,0.003256802659551721
Lamp5,TAC1,0.016012240201234818,0.017878426698450536,0.010242376993671662
Lamp5,NOG,0.010048708878457546,0.011918951132300357,0.023723111494404103
Lamp5,LINC00943,0.03049911931157112,0.03247914183551848,0.04083646934944286
Lamp5,PVALB,0.0063380468636751175,0.0068533969010727055,0.005783643964269533
Lamp5,CNGB1,0.00357136526145041,0.004469606674612634,0.004195912853446655
Lamp5,LINC00507,0.012727729976177216,0.014302741358760428,0.0018750262558492568
Lamp5,TESPA1,0.022604165598750114,0.02562574493444577,0.0014175047751632708
Lamp5,CCDC168,0.007275871932506561,0.00834326579261025,0.09932094061223051
Lamp5,TWIST2,0.0035397731699049473,0.004171632896305125,0.008274414164547703
Lamp5,VIPR2,0.015538728795945644,0.016090584028605484,0.020839628886307596
Lamp5,TRABD2A,0.03731779754161835,0.041418355184743745,0.05625380400610474
Lamp5,TLL1,0.016337905079126358,0.01698450536352801,0.003964676538359483
Lamp5,HS3ST2,0.04145863652229309,0.04052443384982122,0.013796448483419708
Lamp5,ABCB11,0.008746479637920856,0.009833134684147794,0.02689282582390923
Lamp5,CACNA1H,0.008820110000669956,0.010429082240762813,0.015075270009179013
Lamp5,ATP10A,0.07198286801576614,0.07508939213349225,0.017752087891870546
Lamp5,CD200R1L,0.0003283681289758533,0.0002979737783075089,0.0005805669392379139
Lamp5,IL26,0.0004979819059371948,0.0005959475566150178,0.0016717815441400553
Lamp5,PDLIM1,0.0018788129091262817,0.0023837902264600714,0.005404555300493446
Lamp5,SH2D1B,0.0027270109858363867,0.0032777115613825984,0.010743861007815261
Lamp5,THEMIS,0.00968023668974638,0.010131108462455305,0.006466191322791693
Lamp5,RXFP1,0.04508054628968239,0.04558998808104887,0.014069207463711365
Lamp5,SMYD1,0.0014593630330637097,0.0017878426698450535,0.0016074308290834499
Lamp5,SYT6,0.0015741491224616766,0.0020858164481525627,0.0032550981195870647
Lamp5,ABO,0.0042103929445147514,0.004171632896305125,0.006719231744039637
Lamp5,NPFFR2,0.02342088706791401,0.02234803337306317,0.01880065413992369
Lamp5,SEMA3D,0.004828609526157379,0.005065554231227652,0.003969142008543805
Lamp5,MCTP2,0.024601340293884277,0.024135876042908223,0.014734820217072116
Lamp5,SDC4,0.0013948315754532814,0.0017878426698450535,0.0011194945072020652
Lamp5,MLC1,0.0017626471817493439,0.0020858164481525627,0.0017987713898373046
Lamp5,ETNPPL,0.009569894522428513,0.01102502979737783,0.004761452772835113
Lamp5,TMEM235,0.0029495726339519024,0.0032777115613825984,0.0023526509239905216
Lamp5,FOLH1,0.001957555767148733,0.0020858164481525627,0.0010203130354204252
Lamp5,LINC01608,0.004295403137803078,0.005065554231227652,0.001637303529000883
Lamp5,GPR17,0.00025818482390604913,0.0002979737783075089,0.0002721043805080497
Lamp5,PDGFRA,0.7676876187324524,0.5721096543504172,0.3175967723949675
Lamp5,COL9A1,0.011779449880123138,0.012216924910607866,0.007860990688355862
Lamp5,CD86,0.0,0.0,0.0
Lamp5,FGD2,0.0018260227516293526,0.0017878426698450535,0.0012058703710468095
Lamp5,IKZF1,0.0002345550456084311,0.0002979737783075089,0.0001353094505087058
Lamp5,CLDN5,0.0015114289708435535,0.0017878426698450535,0.00047467711212056637
Lamp5,MECOM,0.007587234955281019,0.008939213349225268,0.001555386890190745
Lamp5,FLT1,0.012003238312900066,0.013110846245530394,0.0021567948158921608
Lamp5,COL1A2,0.0002843148249667138,0.0002979737783075089,0.00014329211908624753
Lamp5,ITIH5,0.006947512272745371,0.008045292014302742,0.002243945598188286
Lamp5,EBF1,0.002824626863002777,0.0029797377830750892,0.0006758803853703965
Sncg,GAD1,1.8049756288528442,0.9117471675611211,0.809663410058939
Sncg,GAD2,2.015205144882202,0.9505068574836016,0.7362184552840958
Sncg,SLC32A1,0.4554833769798279,0.39892665474060823,0.7606996521986522
Sncg,GRPR,0.024668069556355476,0.024448419797257006,0.057322935100430766
Sncg,SV2C,0.07469896227121353,0.04830053667262969,0.03646513528731861
Sncg,NDNF,0.5640712976455688,0.42814549791293977,1.0
Sncg,RXRG,0.8398860692977905,0.6189624329159212,1.0
Sncg,NR2F2,1.3327590227127075,0.8199165175909362,0.8545162002756365
Sncg,CHRNA2,0.0889541283249855,0.08467501490757305,0.10294395641265086
Sncg,SHISA8,0.3128560483455658,0.2558139534883721,0.2081627909393159
Sncg,VIP,0.2055119276046753,0.14251639833035182,0.09396338166312539
Sncg,SP8,0.08464791625738144,0.08527131782945736,0.11103757527831397
Sncg,ZNF385D-AS2,0.6835331320762634,0.4251639833035182,0.43674244146691266
Sncg,NMU,0.0054424782283604145,0.005366726296958855,0.00722255255355555
Sncg,KLF5,0.02078157849609852,0.020274299344066785,0.02014104920794229
Sncg,SST,0.3963369131088257,0.2742993440667859,0.1159237855265642
Sncg,ANKRD34B,0.003461552085354924,0.0035778175313059034,0.007013272703359125
Sncg,NPY,0.05294433981180191,0.05426356589147287,0.009408492108272052
Sncg,AKAIN1,0.005552883725613356,0.005963029218843173,0.02053439449477586
Sncg,POSTN,0.0030585117638111115,0.0029815146094215863,0.0025877348630056573
Sncg,TAC1,0.014207052066922188,0.014311270125223614,0.009087671769183028
Sncg,NOG,0.01136341504752636,0.011329755515802028,0.026826885462626352
Sncg,LINC00943,0.000478417263366282,0.0005963029218843172,0.0006405716739594304
Sncg,PVALB,0.014723059721291065,0.014311270125223614,0.013435201304783189
Sncg,CNGB1,0.007489996496587992,0.007751937984496124,0.012984970128762473
Sncg,LINC00507,0.01253395527601242,0.01311866428145498,0.0017369130043929778
Sncg,TESPA1,0.02020854502916336,0.020274299344066785,0.0
Sncg,CCDC168,0.015785271301865578,0.01490757304710793,0.2154804273720116
Sncg,TWIST2,0.004902139771729708,0.005366726296958855,0.011459020908077606
Sncg,VIPR2,0.03862104192376137,0.0345855694692904,0.051796269274209515
Sncg,TRABD2A,0.017896918579936028,0.018485390578413835,0.0269782735432375
Sncg,TLL1,0.02174113132059574,0.022063208109719738,0.006292983381093939
Sncg,HS3ST2,0.2869521975517273,0.2385211687537269,0.15441435816943078
Sncg,ABCB11,0.006457309238612652,0.005963029218843173,0.019854307085131445
Sncg,CACNA1H,0.009295008145272732,0.011329755515802028,0.01588696257947589
Sncg,ATP10A,0.15925732254981995,0.13416815742397137,0.03927531738120188
Sncg,CD200R1L,0.0,0.0,0.0
Sncg,IL26,0.0010052379220724106,0.0011926058437686344,0.003374697324449181
Sncg,PDLIM1,0.0017334714066237211,0.002385211687537269,0.004986468867343918
Sncg,SH2D1B,0.0010806182399392128,0.0011926058437686344,0.004257413055069164
Sncg,THEMIS,0.004692428279668093,0.005366726296958855,0.0031344418527443187
Sncg,RXFP1,0.19148336350917816,0.10912343470483005,0.08332038432398937
Sncg,SMYD1,0.002458288799971342,0.0029815146094215863,0.0027077081674248397
Sncg,SYT6,0.14560334384441376,0.13893858079904592,0.3010853063351237
Sncg,ABO,0.01316320151090622,0.01311866428145498,0.0210067332457648
Sncg,NPFFR2,0.003275158116593957,0.0035778175313059034,0.0026290684390004645
Sncg,SEMA3D,0.008514746092259884,0.008944543828264758,0.00699916533399379
Sncg,MCTP2,0.20964618027210236,0.15503875968992248,0.1255662796662037
Sncg,SDC4,0.0003255004121456295,0.0005963029218843172,0.0
Sncg,MLC1,0.0038484421093016863,0.0035778175313059034,0.00392731321011547
Sncg,ETNPPL,0.00369155197404325,0.0041741204531902205,0.0018367130736580664
Sncg,TMEM235,0.000478262867545709,0.0005963029218843172,0.0003814741038379585
Sncg,FOLH1,0.002759210765361786,0.0029815146094215863,0.001438149941174625
Sncg,LINC01608,0.0035282981116324663,0.0035778175313059034,0.0013449016923933322
Sncg,GPR17,0.0015769372694194317,0.0017889087656529517,0.001661954921686536
Sncg,PDGFRA,0.013977192342281342,0.014311270125223614,0.004547514927300787
Sncg,COL9A1,0.014080881141126156,0.013714967203339297,0.009396845919011736
Sncg,CD86,0.002541428664699197,0.002385211687537269,0.0018515961808278115
Sncg,FGD2,0.0022881529293954372,0.002385211687537269,0.0015110522689379873
Sncg,IKZF1,0.001374793704599142,0.0011926058437686344,0.000793087099233355
Sncg,CLDN5,0.0006881345179863274,0.0005963029218843172,0.00021611449300586297
Sncg,MECOM,0.012402191758155823,0.013714967203339297,0.002955975185561042
Sncg,FLT1,0.01261022500693798,0.01311866428145498,0.0023185100621908885
Sncg,COL1A2,0.0,0.0,0.0
Sncg,ITIH5,0.011809426359832287,0.012522361359570662,0.0038142732617013108
Sncg,EBF1,0.009388545528054237,0.008944543828264758,0.0032311818714523474
Vip,GAD1,2.080681562423706,0.954255434194874,0.935496731676217
Vip,GAD2,0.9900656938552856,0.6797880393641181,0.35835551691993517
Vip,SLC32A1,0.5987690091133118,0.4925921920622905,1.0
Vip,GRPR,0.11549849808216095,0.10619660430409862,0.26839201562309445
Vip,SV2C,0.028072966262698174,0.025413647669514438,0.013704132983385683
Vip,NDNF,0.015144278295338154,0.012544609062398616,0.02684816327040625
Vip,RXRG,0.25452882051467896,0.20028117227208825,0.3030516040437302
Vip,NR2F2,0.8918739557266235,0.6083053963447604,0.5715570293780112
Vip,CHRNA2,0.8641024827957153,0.6322050394722613,1.0
Vip,SHISA8,1.5029393434524536,0.7551638369200822,1.0
Vip,VIP,2.1509671211242676,0.8594138639558776,1.0
Vip,SP8,0.14591969549655914,0.13204282469990267,0.19141131748621096
Vip,ZNF385D-AS2,0.03485371544957161,0.026062506758948847,0.02226972777954616
Vip,NMU,0.01182776503264904,0.012003893154536607,0.015696278598646734
Vip,KLF5,0.03142457455396652,0.03179409538228615,0.03177920197870116
Vip,SST,0.07405642420053482,0.06521033848815833,0.014348421037756028
Vip,ANKRD34B,0.005762253887951374,0.006056018168054504,0.011674606334300112
Vip,NPY,0.04830498248338699,0.04952957716016005,0.008312989419951402
Vip,AKAIN1,0.06126875430345535,0.06196604304098627,0.2265699829563207
Vip,POSTN,0.005832735449075699,0.005407159078620093,0.004934940269595216
Vip,TAC1,0.034191519021987915,0.0290905158429761,0.021870920209059154
Vip,NOG,0.013119163922965527,0.014058613604412242,0.030971878300214802
Vip,LINC00943,0.0006653839955106378,0.000757002271006813,0.0008909087787322163
Vip,PVALB,0.009743817150592804,0.00930031361522656,0.008891504033356848
Vip,CNGB1,0.00810697115957737,0.008651454525792149,0.01436877618885017
Vip,LINC00507,0.015441352501511574,0.015897047691143074,0.0038091653869132772
Vip,TESPA1,0.023010432720184326,0.023142640856494,0.0016578957585835594
Vip,CCDC168,0.019435737282037735,0.019573915864604736,0.2653119414760182
Vip,TWIST2,0.005278958473354578,0.005407159078620093,0.01233985531540632
Vip,VIPR2,0.31043532490730286,0.2333729858332432,0.41633759422820305
Vip,TRABD2A,0.015658125281333923,0.015356331783281064,0.02360345917244594
Vip,TLL1,0.068918377161026,0.05493673623878015,0.026622153288620908
Vip,HS3ST2,0.06652095168828964,0.0636963339461447,0.028152060727408067
Vip,ABCB11,0.019278107210993767,0.019033199956742727,0.059274451082257824
Vip,CACNA1H,0.019919930025935173,0.020979777225045963,0.034047004366398494
Vip,ATP10A,0.024910209700465202,0.023467070401211203,0.006143242749243185
Vip,CD200R1L,0.00020917473011650145,0.00021628636314480372,0.00036982862255363424
Vip,IL26,0.002287250943481922,0.002271006813020439,0.007678559940714511
Vip,PDLIM1,0.005076424218714237,0.005190872715475289,0.014602739466785978
Vip,SH2D1B,0.002399693476036191,0.0024872931761652428,0.00945429750807786
Vip,THEMIS,0.008106743916869164,0.008218881799502541,0.005415131762932866
Vip,RXFP1,0.0633915439248085,0.053963447604628526,0.0227306400768359
Vip,SMYD1,0.000949428416788578,0.0009732886341516167,0.0010457579591761704
Vip,SYT6,0.08371994644403458,0.07721423164269493,0.1731199645277198
Vip,ABO,0.01070729736238718,0.010273602249378178,0.0170874341844869
Vip,NPFFR2,0.00950530730187893,0.008651454525792149,0.007630197547945971
Vip,SEMA3D,0.00869496539235115,0.008327024981074944,0.007147306530930014
Vip,MCTP2,0.5186619162559509,0.36130636963339463,0.3106493385392257
Vip,SDC4,0.0020168418996036053,0.0018384340867308316,0.001770683928405648
Vip,MLC1,0.0030439088586717844,0.003136152265599654,0.003106291619186749
Vip,ETNPPL,0.00402829609811306,0.003893154536606467,0.0020042584148873073
Vip,TMEM235,0.003598306328058243,0.003136152265599654,0.002870096708269504
Vip,FOLH1,0.002400811994448304,0.002379149994592841,0.0012513460993743416
Vip,LINC01608,0.004327714908868074,0.004325727262896074,0.001649619992693752
Vip,GPR17,0.00043086300138384104,0.00043257272628960744,0.00045409218211079434
Vip,PDGFRA,0.04353880137205124,0.04109440899751271,0.016825757913325665
Vip,COL9A1,0.23519599437713623,0.1985508813669298,0.15695754390509264
Vip,CD86,0.0013754655374214053,0.0011895749972964205,0.0010021161606167635
Vip,FGD2,0.002236681990325451,0.002162863631448037,0.0014770618488629528
Vip,IKZF1,0.0017705548088997602,0.0019465772683032335,0.0010213926443847162
Vip,CLDN5,0.0020428216084837914,0.0020547204498756353,0.0006415654856419627
Vip,MECOM,0.00801809225231409,0.008651454525792149,0.0016807158831401952
Vip,FLT1,0.19552606344223022,0.14967016329620417,0.05105150562049862
Vip,COL1A2,0.005231406539678574,0.005299015897047691,0.002636581926250093
Vip,ITIH5,0.015660205855965614,0.015464474964853467,0.005058019132268524
Vip,EBF1,0.002787667792290449,0.003028009084027252,0.0006614923996053902
Pax6,GAD1,1.6898903846740723,0.9074355083459787,0.7571380314550421
Pax6,GAD2,1.4974827766418457,0.9150227617602428,0.5453877394003339
Pax6,SLC32A1,0.5267764925956726,0.5235204855842185,0.879765793783734
Pax6,GRPR,0.43033507466316223,0.4233687405159332,1.0
Pax6,SV2C,0.014521406963467598,0.015174506828528073,0.00708878749295715
Pax6,NDNF,0.36696821451187134,0.3232169954476479,0.6505706212026655
Pax6,RXRG,0.19298546016216278,0.19575113808801214,0.22977576032843774
Pax6,NR2F2,1.0354955196380615,0.7556904400606981,0.6637330672856039
Pax6,CHRNA2,0.03225896507501602,0.03186646433990895,0.03733233698235126
Pax6,SHISA8,0.15834829211235046,0.17298937784522003,0.10535907041238482
Pax6,VIP,0.15033836662769318,0.10318664643399089,0.06826797280677908
Pax6,SP8,0.7623357772827148,0.6509863429438544,1.0
Pax6,ZNF385D-AS2,1.1316564083099365,0.7025796661608498,0.7230701182921082
Pax6,NMU,0.007078892085701227,0.007587253414264037,0.009394189184534073
Pax6,KLF5,0.007621763274073601,0.010622154779969651,0.005750746030514999
Pax6,SST,0.2673771381378174,0.21851289833080426,0.07527864380095889
Pax6,ANKRD34B,0.047867536544799805,0.057663125948406675,0.09698195466912023
Pax6,NPY,0.030137836933135986,0.03490136570561457,0.004023137317480931
Pax6,AKAIN1,0.0,0.0,0.0
Pax6,POSTN,0.006077216472476721,0.007587253414264037,0.005141789912968763
Pax6,TAC1,0.008535693399608135,0.012139605462822459,0.005459934937426144
Pax6,NOG,0.018840042874217033,0.025796661608497723,0.04447779740366099
Pax6,LINC00943,0.01868421584367752,0.025796661608497723,0.025017030814041788
Pax6,PVALB,0.0024407280143350363,0.0030349013657056147,0.0022272321666531596
Pax6,CNGB1,0.012929090298712254,0.015174506828528073,0.02518425709509704
Pax6,LINC00507,0.017422446981072426,0.019726858877086494,0.005221193891055146
Pax6,TESPA1,0.022358868271112442,0.027314112291350532,0.0012723606994797122
Pax6,CCDC168,0.014769239351153374,0.015174506828528073,0.20161085270482107
Pax6,TWIST2,0.005441843532025814,0.006069802731411229,0.012720608084572782
Pax6,VIPR2,0.3076627850532532,0.22458270106221548,0.4126192268900738
Pax6,TRABD2A,0.004445523954927921,0.006069802731411229,0.006701296693248362
Pax6,TLL1,0.5572031140327454,0.4279210925644917,0.23702916629425233
Pax6,HS3ST2,0.07958872616291046,0.08649468892261002,0.03563723925169967
Pax6,ABCB11,0.04013907164335251,0.048558421851289835,0.12341571776581556
Pax6,CACNA1H,0.03587355464696884,0.04552352048558422,0.06131482741723352
Pax6,ATP10A,0.006573473569005728,0.006069802731411229,0.0016211201882970103
Pax6,CD200R1L,0.0,0.0,0.0
Pax6,IL26,0.0,0.0,0.0
Pax6,PDLIM1,0.0008327001123689115,0.0015174506828528073,0.0023953283395938187
Pax6,SH2D1B,0.005867272149771452,0.009104704097116844,0.02311584251019661
Pax6,THEMIS,0.007569604553282261,0.009104704097116844,0.00505633414224716
Pax6,RXFP1,0.3221712112426758,0.24430955993930198,0.14513809677492398
Pax6,SMYD1,0.0012406667228788137,0.0015174506828528073,0.001366545467981767
Pax6,SYT6,0.48359498381614685,0.4203338391502276,1.0
Pax6,ABO,0.0192915890365839,0.024279210925644917,0.030786831337548913
Pax6,NPFFR2,0.0023113468196243048,0.0015174506828528073,0.0018553879717349009
Pax6,SEMA3D,0.009227612055838108,0.013657056145675266,0.007585144843658363
Pax6,MCTP2,0.02559223771095276,0.030349013657056147,0.01532831208050912
Pax6,SDC4,0.001146251684986055,0.0015174506828528073,0.000859253497187764
Pax6,MLC1,0.007403952069580555,0.010622154779969651,0.007555690833868807
Pax6,ETNPPL,0.004595680627971888,0.004552352048558422,0.002286557727239027
Pax6,TMEM235,0.0010840512113645673,0.0015174506828528073,0.0008646656314588936
Pax6,FOLH1,0.0015662637306377292,0.0015174506828528073,0.0008163646359886718
Pax6,LINC01608,0.002200184389948845,0.0030349013657056147,0.0008386569433756019
Pax6,GPR17,0.0031075836159288883,0.0030349013657056147,0.003275123231088888
Pax6,PDGFRA,0.046577975153923035,0.05614567526555387,0.018088061130075453
Pax6,COL9A1,0.0,0.0,0.0
Pax6,CD86,0.004704359918832779,0.006069802731411229,0.003427432365087135
Pax6,FGD2,0.001993028214201331,0.0030349013657056147,0.0013161575725281816
Pax6,IKZF1,0.0025885477662086487,0.004552352048558422,0.0014932741052432945
Pax6,CLDN5,0.0025381555315107107,0.0030349013657056147,0.0007971293134191573
Pax6,MECOM,0.01174002792686224,0.015174506828528073,0.00276336309168439
Pax6,FLT1,0.014782899059355259,0.019726858877086494,0.002897360509761932
Pax6,COL1A2,0.0,0.0,0.0
Pax6,ITIH5,0.0040695201605558395,0.006069802731411229,0.0013143959294381006
Pax6,EBF1,0.0010884623043239117,0.0015174506828528073,0.0
Sst,GAD1,1.9613758325576782,0.9334301621883321,0.8810451060525798
Sst,GAD2,1.4473989009857178,0.8055353828774308,0.5269269920345662
Sst,SLC32A1,0.3237527906894684,0.3000080690712499,0.5406973069112216
Sst,GRPR,0.0012545950012281537,0.0016138142499798273,0.0029153909943551953
Sst,SV2C,0.011627494357526302,0.011942225449850722,0.005676091633780634
Sst,NDNF,0.0025357964914292097,0.002824174937464698,0.004495524771449306
Sst,RXRG,0.000724765588529408,0.0009682885499878964,0.0008629332179963026
Sst,NR2F2,0.12973414361476898,0.11409666747357379,0.08241719341697817
Sst,CHRNA2,0.0010520853102207184,0.0010489792624868877,0.0012175469127421134
Sst,SHISA8,0.028957627713680267,0.029290728637133865,0.01926732960969716
Sst,VIP,0.016167720779776573,0.01702574033728718,0.005782073029156406
Sst,SP8,0.0002507025783415884,0.0002420721374969741,0.00032886109482516715
Sst,ZNF385D-AS2,0.17722630500793457,0.13338174776083273,0.11323847449239537
Sst,NMU,0.7535394430160522,0.532235939643347,1.0
Sst,KLF5,0.5460371971130371,0.4426692487694666,0.5945098735432903
Sst,SST,2.088491678237915,0.8797708383765028,0.6492518738067451
Sst,ANKRD34B,0.00629650242626667,0.006778019849915275,0.012757019829225757
Sst,NPY,0.17382019758224487,0.12135883159848301,0.03795120131705537
Sst,AKAIN1,0.029208337888121605,0.029048656499636893,0.1080115418165267
Sst,POSTN,0.017456326633691788,0.014927781812313403,0.014769387368231223
Sst,TAC1,0.5551663637161255,0.2926652142338417,0.3551172802758662
Sst,NOG,0.0016009100945666432,0.001533123537480836,0.00377944760120776
Sst,LINC00943,0.06421951949596405,0.05769385943677883,0.08598603824399378
Sst,PVALB,0.007030590903013945,0.007262164124909223,0.00641560965326892
Sst,CNGB1,0.007323629688471556,0.008149761962398128,0.012611827743703244
Sst,LINC00507,0.012693261727690697,0.013152586137335593,0.001850458952344581
Sst,TESPA1,0.024265890941023827,0.024691358024691357,0.00240075881697054
Sst,CCDC168,0.011427466757595539,0.0112160090373598,0.15599322771317367
Sst,TWIST2,0.0025709266774356365,0.002904865649963689,0.006009682286042704
Sst,VIPR2,0.00282294861972332,0.002904865649963689,0.00378597260900119
Sst,TRABD2A,0.011145413853228092,0.011942225449850722,0.016800882360948358
Sst,TLL1,0.04497414827346802,0.04010328411199871,0.016304333994839038
Sst,HS3ST2,0.0461917445063591,0.04454127329944323,0.01650755727277705
Sst,ABCB11,0.0032804489601403475,0.003711772774953603,0.010086405749667944
Sst,CACNA1H,0.028106285259127617,0.030339707899620753,0.048039065182199844
Sst,ATP10A,0.007408451288938522,0.007746308399903171,0.0018270386002829581
Sst,CD200R1L,0.001383150927722454,0.0012103606874848704,0.0024454617539053434
Sst,IL26,0.0009632736910134554,0.0011296699749858792,0.003233818657650315
Sst,PDLIM1,0.005077233072370291,0.005648349874929396,0.01460506619889055
Sst,SH2D1B,0.004853798076510429,0.00532558702493343,0.019122963627531894
Sst,THEMIS,0.01049336139112711,0.010247720487371903,0.007009341253617757
Sst,RXFP1,0.0497676245868206,0.04873719034939079,0.01628628015587446
Sst,SMYD1,0.002292957156896591,0.0025014120874687325,0.0025256018826415017
Sst,SYT6,0.0020703556947410107,0.0019365770999757927,0.004281176943572514
Sst,ABO,0.00468228617683053,0.004680061324941499,0.007472311095102222
Sst,NPFFR2,0.007923602126538754,0.006697329137416283,0.006360514983546563
Sst,SEMA3D,0.053591709583997726,0.04349229403695635,0.04405266250402374
Sst,MCTP2,0.016013888642191887,0.015573307512305333,0.0095914193007431
Sst,SDC4,0.0011717088054865599,0.0014524328249818446,0.0008859048354704182
Sst,MLC1,0.003368512261658907,0.0038731541999515854,0.0034375475394768117
Sst,ETNPPL,0.003792279399931431,0.0036310820624546117,0.0018868294965895612
Sst,TMEM235,0.002396643627434969,0.0025014120874687325,0.0019116212903719325
Sst,FOLH1,0.021302929148077965,0.01993060598725087,0.011103467225396407
Sst,LINC01608,0.0037043343763798475,0.004195917049947551,0.0014120024483075806
Sst,GPR17,0.00045602244790643454,0.0004841442749939482,0.0004806080535953511
Sst,PDGFRA,0.03319961577653885,0.03203421286209957,0.012531437097044388
Sst,COL9A1,0.17195048928260803,0.14790607601065117,0.11475079132427923
Sst,CD86,0.0004284121096134186,0.0005648349874929396,0.00031212610332089733
Sst,FGD2,0.0012209647102281451,0.0014524328249818446,0.0008063016557948821
Sst,IKZF1,0.0016968754353001714,0.002017267812474784,0.0009788886959843511
Sst,CLDN5,0.0011033541522920132,0.0009682885499878964,0.0003465177476146313
Sst,MECOM,0.009299950674176216,0.010167029774872912,0.0020535864976615973
Sst,FLT1,0.10867492109537125,0.09214879367384814,0.027912359385654045
Sst,COL1A2,0.0002772756852209568,0.0002420721374969741,0.00013974445585471595
Sst,ITIH5,0.006641251966357231,0.007181473412410232,0.0021450279655969157
Sst,EBF1,0.00849839299917221,0.007020091987412249,0.002884649838384565
Sst Chodl,GAD1,1.3796967267990112,0.8805031446540881,0.615564370672728
Sst Chodl,GAD2,1.1789097785949707,0.8238993710691824,0.4279628085727411
Sst Chodl,SLC32A1,0.30528250336647034,0.36477987421383645,0.5098502072085336
Sst Chodl,GRPR,0.0,0.0,0.0
Sst Chodl,SV2C,0.026195278391242027,0.03773584905660377,0.012787518613143062
Sst Chodl,NDNF,0.0,0.0,0.0
Sst Chodl,RXRG,0.28206413984298706,0.2389937106918239,0.335836192733634
Sst Chodl,NR2F2,0.00370718608610332,0.006289308176100629,0.0015333393621366274
Sst Chodl,CHRNA2,0.003831585869193077,0.006289308176100629,0.004434179909767615
Sst Chodl,SHISA8,0.12823159992694855,0.14465408805031446,0.08532054236625633
Sst Chodl,VIP,0.0037523682694882154,0.006289308176100629,0.0
Sst Chodl,SP8,0.0,0.0,0.0
Sst Chodl,ZNF385D-AS2,0.019770948216319084,0.025157232704402517,0.012632616897270887
Sst Chodl,NMU,0.10349806398153305,0.11320754716981132,0.1373492322674983
Sst Chodl,KLF5,0.9168546199798584,0.7610062893081762,1.0
Sst Chodl,SST,3.201352834701538,0.9748427672955975,1.0
Sst Chodl,ANKRD34B,0.49357157945632935,0.4716981132075472,1.0
Sst Chodl,NPY,4.248012065887451,0.9811320754716981,1.0
Sst Chodl,AKAIN1,0.0893908217549324,0.11949685534591195,0.3305645298606033
Sst Chodl,POSTN,0.364827424287796,0.2578616352201258,0.3086719024528791
Sst Chodl,TAC1,1.563332438468933,0.6666666666666666,1.0
Sst Chodl,NOG,0.0,0.0,0.0
Sst Chodl,LINC00943,0.07066497206687927,0.09433962264150944,0.09461610797376488
Sst Chodl,PVALB,0.0,0.0,0.0
Sst Chodl,CNGB1,0.026699941605329514,0.03773584905660377,0.056070756385573746
Sst Chodl,LINC00507,0.01184973306953907,0.018867924528301886,0.0012492324476729478
Sst Chodl,TESPA1,0.03453045338392258,0.03773584905660377,0.008474369330458677
Sst Chodl,CCDC168,0.016408488154411316,0.025157232704402517,0.22398779041721464
Sst Chodl,TWIST2,0.0,0.0,0.0
Sst Chodl,VIPR2,0.007865134626626968,0.012578616352201259,0.01054825583946866
Sst Chodl,TRABD2A,0.03444061800837517,0.050314465408805034,0.05191666987130127
Sst Chodl,TLL1,0.04526688531041145,0.05660377358490566,0.016430477453538976
Sst Chodl,HS3ST2,0.42534586787223816,0.3836477987421384,0.2336858003719898
Sst Chodl,ABCB11,0.006954464130103588,0.012578616352201259,0.021382910644259887
Sst Chodl,CACNA1H,0.011396776884794235,0.018867924528301886,0.019479290933967136
Sst Chodl,ATP10A,0.0,0.0,0.0
Sst Chodl,CD200R1L,0.0,0.0,0.0
Sst Chodl,IL26,0.0,0.0,0.0
Sst Chodl,PDLIM1,0.009041128680109978,0.012578616352201259,0.026007528313851617
Sst Chodl,SH2D1B,0.024011079221963882,0.03773584905660377,0.09459870134307502
Sst Chodl,THEMIS,0.0,0.0,0.0
Sst Chodl,RXFP1,0.068653903901577,0.08176100628930817,0.025219831394153763
Sst Chodl,SMYD1,0.0,0.0,0.0
Sst Chodl,SYT6,0.05190245062112808,0.07547169811320754,0.10732627996170523
Sst Chodl,ABO,0.08782533556222916,0.09433962264150944,0.14015765046572742
Sst Chodl,NPFFR2,0.012511590495705605,0.012578616352201259,0.010043431957467186
Sst Chodl,SEMA3D,0.0844946801662445,0.07547169811320754,0.06945506418142773
Sst Chodl,MCTP2,0.007662942633032799,0.012578616352201259,0.004589671972447155
Sst Chodl,SDC4,0.0039310818538069725,0.006289308176100629,0.00377472270304375
Sst Chodl,MLC1,0.0,0.0,0.0
Sst Chodl,ETNPPL,0.0063635678961873055,0.006289308176100629,0.00316616112470344
Sst Chodl,TMEM235,0.0,0.0,0.0
Sst Chodl,FOLH1,0.015355098992586136,0.018867924528301886,0.008003351896904763
Sst Chodl,LINC01608,0.0,0.0,0.0
Sst Chodl,GPR17,0.007035668008029461,0.012578616352201259,0.0074149830180638525
Sst Chodl,PDGFRA,0.012302668765187263,0.018867924528301886,0.003852011264266628
Sst Chodl,COL9A1,0.0,0.0,0.0
Sst Chodl,CD86,0.0,0.0,0.0
Sst Chodl,FGD2,0.0036509057972580194,0.006289308176100629,0.002410988102129684
Sst Chodl,IKZF1,0.00485639926046133,0.006289308176100629,0.0028015458532531677
Sst Chodl,CLDN5,0.0,0.0,0.0
Sst Chodl,MECOM,0.004472197033464909,0.006289308176100629,0.0006492758217954133
Sst Chodl,FLT1,0.003907862119376659,0.006289308176100629,0.0
Sst Chodl,COL1A2,0.0,0.0,0.0
Sst Chodl,ITIH5,0.0,0.0,0.0
Sst Chodl,EBF1,0.03535744920372963,0.03773584905660377,0.01334074927174434
Pvalb,GAD1,2.222010850906372,0.9744181751015885,1.0
Pvalb,GAD2,2.096802234649658,0.9716475803472479,0.7662948669084939
Pvalb,SLC32A1,0.4025770425796509,0.4046915404506834,0.6723411473412892
Pvalb,GRPR,0.0014993957011029124,0.002031769486516439,0.003484251666626384
Pvalb,SV2C,0.013006998226046562,0.015607683782785372,0.00634951190182037
Pvalb,NDNF,0.00045383881661109626,0.0005541189508681197,0.0008045770428408918
Pvalb,RXRG,0.0009510194649919868,0.0012929442186922792,0.0011323196082858146
Pvalb,NR2F2,0.00806938111782074,0.008865903213889916,0.004332987574099
Pvalb,CHRNA2,0.024988722056150436,0.021702992242334688,0.028918701836502053
Pvalb,SHISA8,0.08291080594062805,0.06723309937199852,0.055165769864118926
Pvalb,VIP,0.013426476158201694,0.016623568526043592,0.004505421675149863
Pvalb,SP8,0.0002637981087900698,0.00027705947543405987,0.0003460392607183637
Pvalb,ZNF385D-AS2,0.09019673615694046,0.069449575175471,0.05763106558108143
Pvalb,NMU,0.19315940141677856,0.1847063169560399,0.25633615228375484
Pvalb,KLF5,0.09776487946510315,0.1138714444033986,0.10432255342002408
Pvalb,SST,0.16258138418197632,0.12199852234946436,0.04224944324028488
Pvalb,ANKRD34B,0.11766064912080765,0.12024381233838197,0.23838619162475122
Pvalb,NPY,0.02933521568775177,0.0328777244181751,0.0038336124178496083
Pvalb,AKAIN1,0.2704186737537384,0.291651274473587,1.0
Pvalb,POSTN,0.4727446138858795,0.3906538603620244,0.399978098212798
Pvalb,TAC1,1.3818488121032715,0.7757665312153675,0.883912326067129
Pvalb,NOG,0.0012006721226498485,0.0016623568526043591,0.002834561034493555
Pvalb,LINC00943,0.06006903946399689,0.06834133727373476,0.08042879743059764
Pvalb,PVALB,0.4588501453399658,0.38585149612116737,0.41871351390748
Pvalb,CNGB1,0.0050623067654669285,0.007203546361285556,0.0075399300591091865
Pvalb,LINC00507,0.010097043588757515,0.012375323236054673,0.0
Pvalb,TESPA1,0.022904230281710625,0.026597709641669746,0.001595055062698057
Pvalb,CCDC168,0.009806804358959198,0.012652382711488733,0.13387000793407264
Pvalb,TWIST2,0.002595766680315137,0.0034170668636867383,0.006067747156814936
Pvalb,VIPR2,0.028628146275877953,0.029737717029922422,0.03839438553351223
Pvalb,TRABD2A,0.020193813368678093,0.02216475803472479,0.030440671588685925
Pvalb,TLL1,0.0984472706913948,0.0893055042482453,0.03934646313473944
Pvalb,HS3ST2,0.44863590598106384,0.37809383080901365,0.24702625810797882
Pvalb,ABCB11,0.0037603829987347126,0.005264130033247137,0.011562060303406972
Pvalb,CACNA1H,0.003682269249111414,0.004432951606944958,0.0062937087148159055
Pvalb,ATP10A,0.011021403595805168,0.013575914296268933,0.0027180484845596635
Pvalb,CD200R1L,0.0004947574343532324,0.0006464721093461396,0.0008747493559241907
Pvalb,IL26,0.0009055550908669829,0.0012929442186922792,0.0030400507931395075
Pvalb,PDLIM1,0.011533056385815144,0.01570003694126339,0.03317575726570523
Pvalb,SH2D1B,0.0053390320390462875,0.006741780568895456,0.02103468539060274
Pvalb,THEMIS,0.00959506630897522,0.011174732175840413,0.006409299327817574
Pvalb,RXFP1,0.2328137755393982,0.20105282600664942,0.10287041572073347
Pvalb,SMYD1,0.0029636959079653025,0.0034170668636867383,0.003264394165508453
Pvalb,SYT6,0.0028284431900829077,0.003232360546730698,0.005848785212292908
Pvalb,ABO,0.002166177611798048,0.0027705947543405986,0.003456933726668803
Pvalb,NPFFR2,0.0603780634701252,0.04913188031030661,0.04846729697507085
Pvalb,SEMA3D,0.08119375258684158,0.07628370890284447,0.0667416846357026
Pvalb,MCTP2,0.012704153545200825,0.01570003694126339,0.007609073987938312
Pvalb,SDC4,0.0017537962412461638,0.0023088289619504986,0.0014952985475441872
Pvalb,MLC1,0.0027945763431489468,0.0037864794975988178,0.002851849209995399
Pvalb,ETNPPL,0.0033611501567065716,0.003878832656076838,0.0016723233151690392
Pvalb,TMEM235,0.0015902032610028982,0.002124122644994459,0.0012683848257429335
Pvalb,FOLH1,0.006386430934071541,0.007480605836719616,0.0033287218894082946
Pvalb,LINC01608,0.003650755388662219,0.004802364240857037,0.0013915794372755506
Pvalb,GPR17,0.0002452791086398065,0.0003694126339120798,0.000258502877505642
Pvalb,PDGFRA,0.015176652930676937,0.01884004432951607,0.005045703931209555
Pvalb,COL9A1,0.021210648119449615,0.024842999630587365,0.01415488066572114
Pvalb,CD86,0.0005743514047935605,0.0007388252678241596,0.00041845237772775216
Pvalb,FGD2,0.0022976372856646776,0.0029553010712966383,0.0015173155557471599
Pvalb,IKZF1,0.0018111985409632325,0.0025858884373845584,0.0010448390854444936
Pvalb,CLDN5,0.00032840907806530595,0.0003694126339120798,0.00010313966172238529
Pvalb,MECOM,0.008710567839443684,0.012190616919098634,0.0018821451465521352
Pvalb,FLT1,0.1238822191953659,0.12061322497229406,0.03196393412680512
Pvalb,COL1A2,0.0,0.0,0.0
Pvalb,ITIH5,0.007818382233381271,0.010158847432582194,0.002525223951942258
Pvalb,EBF1,0.008290106430649757,0.007665312153675656,0.0028035648942779084
Chandelier,GAD1,1.2182649374008179,0.8201754385964912,0.5418862382818102
Chandelier,GAD2,0.07968758791685104,0.07894736842105263,0.022793222650895454
Chandelier,SLC32A1,0.5939598679542542,0.533625730994152,0.991968286457946
Chandelier,GRPR,0.003234574105590582,0.0043859649122807015,0.007516408250297497
Chandelier,SV2C,0.026499956846237183,0.027777777777777776,0.012936250814270453
Chandelier,NDNF,0.0,0.0,0.0
Chandelier,RXRG,0.0,0.0,0.0
Chandelier,NR2F2,0.00141916424036026,0.0014619883040935672,0.00006489143104000606
Chandelier,CHRNA2,0.0013687503524124622,0.0014619883040935672,0.0015840139099982796
Chandelier,SHISA8,0.08097010850906372,0.07309941520467836,0.05387450189644015
Chandelier,VIP,0.010302274487912655,0.013157894736842105,0.0030504197168523383
Chandelier,SP8,0.002634775824844837,0.0029239766081871343,0.003456188077957309
Chandelier,ZNF385D-AS2,1.5650714635849,0.8494152046783626,1.0
Chandelier,NMU,0.0038752127438783646,0.0043859649122807015,0.005142680691494756
Chandelier,KLF5,0.013282747939229012,0.013157894736842105,0.011941052219466048
Chandelier,SST,0.043999508023262024,0.04678362573099415,0.004875175460718251
Chandelier,ANKRD34B,0.32011786103248596,0.31432748538011696,0.6485743392784017
Chandelier,NPY,0.014161871746182442,0.01608187134502924,0.00025069394399230893
Chandelier,AKAIN1,0.015387376770377159,0.019005847953216373,0.056902049539633306
Chandelier,POSTN,0.014928175136446953,0.014619883040935672,0.012630377851972765
Chandelier,TAC1,0.5114955902099609,0.4108187134502924,0.32718286758694765
Chandelier,NOG,0.42358309030532837,0.4137426900584795,1.0
Chandelier,LINC00943,0.7468598484992981,0.6271929824561403,1.0
Chandelier,PVALB,1.09585702419281,0.7280701754385965,1.0
Chandelier,CNGB1,0.005166229326277971,0.007309941520467836,0.0077730168908007324
Chandelier,LINC00507,0.01525361929088831,0.017543859649122806,0.0036753582175384583
Chandelier,TESPA1,0.02703445963561535,0.029239766081871343,0.004038939501663858
Chandelier,CCDC168,0.007524766493588686,0.008771929824561403,0.10271853228911268
Chandelier,TWIST2,0.0027579544112086296,0.0029239766081871343,0.006446869884008499
Chandelier,VIPR2,0.0981561616063118,0.10526315789473684,0.13164126922105057
Chandelier,TRABD2A,0.0020695258863270283,0.0029239766081871343,0.0031196563373057026
Chandelier,TLL1,0.022065604105591774,0.024853801169590642,0.006432802106393497
Chandelier,HS3ST2,0.6006894707679749,0.47514619883040937,0.33412204323155803
Chandelier,ABCB11,0.006044568028301001,0.008771929824561403,0.018585250511657356
Chandelier,CACNA1H,0.006571924313902855,0.007309941520467836,0.011232686837743368
Chandelier,ATP10A,0.18130794167518616,0.16666666666666666,0.044713340893934465
Chandelier,CD200R1L,0.0,0.0,0.0
Chandelier,IL26,0.003385774092748761,0.0043859649122807015,0.011366426316699927
Chandelier,PDLIM1,0.0,0.0,0.0
Chandelier,SH2D1B,0.004527391400188208,0.005847953216374269,0.017836988623894965
Chandelier,THEMIS,0.007895075716078281,0.008771929824561403,0.005273741926389439
Chandelier,RXFP1,0.04958296939730644,0.05263157894736842,0.016198934916007653
Chandelier,SMYD1,0.002288689138367772,0.0014619883040935672,0.0025209008285467433
Chandelier,SYT6,0.0,0.0,0.0
Chandelier,ABO,0.0010992921888828278,0.0014619883040935672,0.0017543253251787873
Chandelier,NPFFR2,0.0011946806916967034,0.0014619883040935672,0.0009590063103547087
Chandelier,SEMA3D,0.0020752910058945417,0.0029239766081871343,0.0017058999421732661
Chandelier,MCTP2,0.015264841727912426,0.014619883040935672,0.009142782296246063
Chandelier,SDC4,0.00266667315736413,0.0043859649122807015,0.0024509993897271626
Chandelier,MLC1,0.0,0.0,0.0
Chandelier,ETNPPL,0.002143663354218006,0.0029239766081871343,0.0010665688945729536
Chandelier,TMEM235,0.0012000201968476176,0.0014619883040935672,0.0009571653169083723
Chandelier,FOLH1,0.0015170122496783733,0.0014619883040935672,0.0007906938842890735
Chandelier,LINC01608,0.0044925399124622345,0.005847953216374269,0.0017124472876866798
Chandelier,GPR17,0.0,0.0,0.0
Chandelier,PDGFRA,0.13650599122047424,0.14327485380116958,0.05543914142493785
Chandelier,COL9A1,0.06888691335916519,0.07748538011695906,0.045971534322646466
Chandelier,CD86,0.0,0.0,0.0
Chandelier,FGD2,0.003990472760051489,0.0043859649122807015,0.0026352316056970013
Chandelier,IKZF1,0.001058012479916215,0.0014619883040935672,0.0006103432433843593
Chandelier,CLDN5,0.0,0.0,0.0
Chandelier,MECOM,0.0058615379966795444,0.007309941520467836,0.0010534112628849581
Chandelier,FLT1,0.004721147008240223,0.005847953216374269,0.00021667784056134416
Chandelier,COL1A2,0.0,0.0,0.0
Chandelier,ITIH5,0.003281193785369396,0.0043859649122807015,0.0010597779553936553
Chandelier,EBF1,0.007604830898344517,0.008771929824561403,0.0025367904756065504
L2/3 IT,GAD1,0.035176731646060944,0.05704931735859571,0.0019199170343797895
L2/3 IT,GAD2,0.017849737778306007,0.029987461688492617,0.0
L2/3 IT,SLC32A1,0.006438205484300852,0.010483421565895793,0.010752402656635287
L2/3 IT,GRPR,0.0023442034143954515,0.0039356366675954305,0.005447391003929528
L2/3 IT,SV2C,0.238918274641037,0.21987322373920312,0.11663063237433408
L2/3 IT,NDNF,0.0003319712996017188,0.0006269155753691836,0.0005885271968053782
L2/3 IT,RXRG,0.0010815593414008617,0.0019504040122596824,0.0012877453037233118
L2/3 IT,NR2F2,0.03656699135899544,0.05893006408470326,0.022622697909561517
L2/3 IT,CHRNA2,0.003061464987695217,0.0056770688213987185,0.0035429420105242146
L2/3 IT,SHISA8,0.007293828297406435,0.012468654221231541,0.004853042359415205
L2/3 IT,VIP,0.015503067523241043,0.025390080802451937,0.005472530979088123
L2/3 IT,SP8,0.00027150954701937735,0.00045277235998885485,0.00035615480095549433
L2/3 IT,ZNF385D-AS2,0.008278463035821915,0.01180691000278629,0.0052895112002486755
L2/3 IT,NMU,0.00433494383469224,0.007105043187517414,0.005752776281148026
L2/3 IT,KLF5,0.04203585535287857,0.07352326553357481,0.04338267400478187
L2/3 IT,SST,0.028531447052955627,0.0457648370019504,0.0
L2/3 IT,ANKRD34B,0.0030440455302596092,0.0060253552521593754,0.00616738413831006
L2/3 IT,NPY,0.01939166896045208,0.032042351629980495,0.001485618633348301
L2/3 IT,AKAIN1,0.0025901321787387133,0.004562552242964614,0.009578229723504462
L2/3 IT,POSTN,0.006350803654640913,0.007871273335190861,0.0053732655926554025
L2/3 IT,TAC1,0.012543970718979836,0.020897185845639453,0.008023866460076088
L2/3 IT,NOG,0.003210886148735881,0.005711897464474784,0.007580298227725287
L2/3 IT,LINC00943,0.0015914356335997581,0.0027862914460852605,0.0021308357073920995
L2/3 IT,PVALB,0.0049732462503015995,0.008324045695179716,0.004538225462363404
L2/3 IT,CNGB1,0.4475540220737457,0.5027514628030092,1.0
L2/3 IT,LINC00507,1.4131101369857788,0.9016787405962664,1.0
L2/3 IT,TESPA1,1.7102349996566772,0.9738088604067986,1.0
L2/3 IT,CCDC168,0.01710813120007515,0.025006965728615212,0.23353842655165227
L2/3 IT,TWIST2,0.04116571694612503,0.05760657564781276,0.09622712389842906
L2/3 IT,VIPR2,0.10759718716144562,0.11887015881861243,0.14430301726098485
L2/3 IT,TRABD2A,0.07134412229061127,0.1132975759264419,0.10754595760502021
L2/3 IT,TLL1,0.046529337763786316,0.051337419894120925,0.016974481453086523
L2/3 IT,HS3ST2,0.06369663774967194,0.09933129005293954,0.026534302930909814
L2/3 IT,ABCB11,0.006546234246343374,0.012050710504318751,0.020127725059366913
L2/3 IT,CACNA1H,0.0500764437019825,0.08870855391473949,0.08559030554601885
L2/3 IT,ATP10A,0.018230106681585312,0.031171635553078853,0.004495826090435812
L2/3 IT,CD200R1L,0.0006293730111792684,0.001010030649205907,0.0011127546509428952
L2/3 IT,IL26,0.001283370889723301,0.002403176372248537,0.0043084211336718884
L2/3 IT,PDLIM1,0.004095267970114946,0.007174700473669545,0.011780365201513593
L2/3 IT,SH2D1B,0.003788151079788804,0.007000557258289217,0.014924534183852407
L2/3 IT,THEMIS,0.03307066857814789,0.04907355809417665,0.022090500165708488
L2/3 IT,RXFP1,0.13670949637889862,0.16682920033435497,0.057411355850353965
L2/3 IT,SMYD1,0.0017304939683526754,0.003030091947617721,0.0019060708619111739
L2/3 IT,SYT6,0.0010642354609444737,0.0019155753691836167,0.0022006751446145578
L2/3 IT,ABO,0.020563649013638496,0.03472415714683756,0.032816871262749445
L2/3 IT,NPFFR2,0.005237564444541931,0.007731958762886598,0.0042043513284471265
L2/3 IT,SEMA3D,0.09670346975326538,0.12256199498467539,0.07949075237713074
L2/3 IT,MCTP2,0.012457912787795067,0.021071329061019783,0.007461589613219448
L2/3 IT,SDC4,0.0016988080460578203,0.0028907773753134576,0.0014377308037183255
L2/3 IT,MLC1,0.004474492743611336,0.008080245193647256,0.004566194309660344
L2/3 IT,ETNPPL,0.0035547667648643255,0.005816383393702981,0.0017686562824362397
L2/3 IT,TMEM235,0.0012534705456346273,0.002124547227640011,0.0009997986160561515
L2/3 IT,FOLH1,0.004047818016260862,0.007314015045973809,0.0021097950598956334
L2/3 IT,LINC01608,0.01288267970085144,0.022359988854834215,0.004910565146157674
L2/3 IT,GPR17,0.001041504554450512,0.0017066035107272221,0.0010976553435541763
L2/3 IT,PDGFRA,0.01552237756550312,0.028907773753134577,0.005189298654635327
L2/3 IT,COL9A1,0.007123540621250868,0.012190025076623015,0.004753879600631437
L2/3 IT,CD86,0.001609127502888441,0.0028907773753134576,0.0011723541094024288
L2/3 IT,FGD2,0.0018467839108780026,0.0033435497353023124,0.0012195806420629799
L2/3 IT,IKZF1,0.0020762428175657988,0.003865979381443299,0.0011977370771911336
L2/3 IT,CLDN5,0.0007377690053544939,0.0011145165784341043,0.00023170262554798076
L2/3 IT,MECOM,0.00984616857022047,0.01748397882418501,0.002212471908941841
L2/3 IT,FLT1,0.01207333616912365,0.020932014488715518,0.0021754705005415207
L2/3 IT,COL1A2,0.000214187748497352,0.00045277235998885485,0.00010794870217580459
L2/3 IT,ITIH5,0.009875161573290825,0.017100863750348288,0.0031895338178406125
L2/3 IT,EBF1,0.005628727842122316,0.008637503482864307,0.001767503204711324
L4 IT,GAD1,0.04840477183461189,0.05979295573536411,0.007957248962110659
L4 IT,GAD2,0.02116313949227333,0.02617801047120419,0.0012213086779231418
L4 IT,SLC32A1,0.007192780263721943,0.008983817229890528,0.012012612801008833
L4 IT,GRPR,0.001939938752911985,0.0024393146120894812,0.004507972663930404
L4 IT,SV2C,0.0588887520134449,0.05759162303664921,0.028747204027747986
L4 IT,NDNF,0.000548098178114742,0.0008329366968110424,0.0009716824458228977
L4 IT,RXRG,0.0031450616661459208,0.0037482151356496908,0.0037446289218434525
L4 IT,NR2F2,0.013398450799286366,0.016658733936220846,0.007753174039091656
L4 IT,CHRNA2,0.0012734183110296726,0.001546882436934793,0.0014736889852574636
L4 IT,SHISA8,0.00596024002879858,0.0074964302712993815,0.003965722272668109
L4 IT,VIP,0.014795702882111073,0.01850309376487387,0.005143097399987797
L4 IT,SP8,0.00048375249025411904,0.0005949547834364588,0.0006345661645035423
L4 IT,ZNF385D-AS2,0.0056929518468678,0.0064850071394574015,0.003637502810144986
L4 IT,NMU,0.004473841283470392,0.005652070442646359,0.005937102994322075
L4 IT,KLF5,0.0160948745906353,0.02064493098524512,0.015016122378455189
L4 IT,SST,0.03644789755344391,0.04450261780104712,0.0024950823047607045
L4 IT,ANKRD34B,0.012849381193518639,0.014457401237505949,0.026033470581252414
L4 IT,NPY,0.014493180438876152,0.01790813898143741,0.00032892666844467727
L4 IT,AKAIN1,0.0032526589930057526,0.004105188005711566,0.012028233656555259
L4 IT,POSTN,0.003993642516434193,0.0050571156592099,0.0033789269972533758
L4 IT,TAC1,0.015862131491303444,0.020168967158495955,0.01014635857414831
L4 IT,NOG,0.0009623421356081963,0.0011899095668729176,0.0022719087650890832
L4 IT,LINC00943,0.001149429357610643,0.0014278914802475012,0.0015390161352498027
L4 IT,PVALB,0.004845562390983105,0.006247025226082818,0.004421710391054221
L4 IT,CNGB1,0.038728248327970505,0.04224178962398858,0.08304892053697706
L4 IT,LINC00507,0.11099020391702652,0.11125654450261781,0.07191177388372276
L4 IT,TESPA1,0.6614115834236145,0.5678843407901,0.37940414283974855
L4 IT,CCDC168,0.07325617223978043,0.07526178010471204,1.0
L4 IT,TWIST2,0.42779743671417236,0.39826273203236556,1.0
L4 IT,VIPR2,0.7456336617469788,0.6190504521656354,1.0
L4 IT,TRABD2A,0.17967645823955536,0.18592336982389338,0.27084889602733725
L4 IT,TLL1,0.24158534407615662,0.12934316991908615,0.10102615982405233
L4 IT,HS3ST2,1.2237794399261475,0.8042003807710614,0.6910259418182838
L4 IT,ABCB11,0.004375800024718046,0.006009043312708234,0.013454284783880605
L4 IT,CACNA1H,0.01363096758723259,0.017432175154688243,0.023297953976570595
L4 IT,ATP10A,0.1256505399942398,0.10346263683960019,0.03098736534296173
L4 IT,CD200R1L,0.00043489341624081135,0.0005949547834364588,0.0007689075683109749
L4 IT,IL26,0.0026770129334181547,0.003569728700618753,0.008987034994956492
L4 IT,PDLIM1,0.004422980826348066,0.005711565920990005,0.012723057390603459
L4 IT,SH2D1B,0.0033697683829814196,0.004640647310804379,0.013276192623836726
L4 IT,THEMIS,0.09100915491580963,0.09554973821989529,0.06079217137681696
L4 IT,RXFP1,1.0511888265609741,0.709662065683008,0.48997659627575674
L4 IT,SMYD1,0.002207345562055707,0.0028557829604950024,0.0024313040871263326
L4 IT,SYT6,0.04590035229921341,0.05318895763921942,0.09491486437060274
L4 IT,ABO,0.026751423254609108,0.0318895763921942,0.042691742718404584
L4 IT,NPFFR2,0.017712194472551346,0.01618277010947168,0.01421811400105798
L4 IT,SEMA3D,0.02752859517931938,0.03248453117563065,0.022628647640801546
L4 IT,MCTP2,0.010473986156284809,0.013505473584007615,0.006273329059527899
L4 IT,SDC4,0.0010467424290254712,0.0013089005235602095,0.0007550761672023033
L4 IT,MLC1,0.0033668247051537037,0.004343169919086149,0.0034358253976938596
L4 IT,ETNPPL,0.0027602624613791704,0.003629224178962399,0.0013733546717452551
L4 IT,TMEM235,0.0020775827579200268,0.0026772965254640646,0.0016571305750618214
L4 IT,FOLH1,0.0071593695320189,0.008507853403141362,0.0037315912943570824
L4 IT,LINC01608,0.009820263832807541,0.012315564017134698,0.0037432464691542658
L4 IT,GPR17,0.0003440063155721873,0.0004164683484055212,0.0003625527789491176
L4 IT,PDGFRA,0.007408300414681435,0.00940028557829605,0.0018191637352264233
L4 IT,COL9A1,0.009588481858372688,0.01172060923369824,0.006398852864200894
L4 IT,CD86,0.001306203892454505,0.001487386958591147,0.0009516545446446531
L4 IT,FGD2,0.0019187272991985083,0.0023203236554021896,0.0012670906746137804
L4 IT,IKZF1,0.0012834317749366164,0.0017253688719657307,0.000740382487964029
L4 IT,CLDN5,0.0003213737509213388,0.0004164683484055212,0.00010093015744799129
L4 IT,MECOM,0.00792954582720995,0.010411708710138029,0.0016549592477901754
L4 IT,FLT1,0.00992830190807581,0.012970014278914803,0.0016039839304868343
L4 IT,COL1A2,0.00025345623726025224,0.00023798191337458352,0.00012773966794345053
L4 IT,ITIH5,0.008198421448469162,0.010649690623512613,0.0026479711009010057
L4 IT,EBF1,0.003367547644302249,0.004462160875773441,0.0008872367945632636
L5 IT,GAD1,0.03653547912836075,0.059141981613891725,0.0025400549716467578
L5 IT,GAD2,0.021186139434576035,0.0355464759959142,0.0012297863789539625
L5 IT,SLC32A1,0.005774980410933495,0.009244126659856997,0.009644755027461066
L5 IT,GRPR,0.0028970991261303425,0.005107252298263534,0.006732193810597474
L5 IT,SV2C,0.03994886204600334,0.04887640449438202,0.019501484556008596
L5 IT,NDNF,0.000315631041303277,0.0005617977528089888,0.000559558769646177
L5 IT,RXRG,0.03642675280570984,0.04887640449438202,0.04337106440658721
L5 IT,NR2F2,0.006462578661739826,0.011797752808988765,0.00330174491061529
L5 IT,CHRNA2,0.001170712523162365,0.0021450459652706845,0.0013548306439007606
L5 IT,SHISA8,0.004208012949675322,0.007252298263534219,0.0027998554752109626
L5 IT,VIP,0.012179461307823658,0.01940755873340143,0.0039246624154064685
L5 IT,SP8,0.00029076990904286504,0.00040858018386108274,0.0003814197335448314
L5 IT,ZNF385D-AS2,0.004128211177885532,0.006537282941777324,0.0026377141708466088
L5 IT,NMU,0.004701871890574694,0.007967313585291113,0.006239715696573739
L5 IT,KLF5,0.011933034285902977,0.022114402451481104,0.010465135700397627
L5 IT,SST,0.03369304537773132,0.0524514811031665,0.0016268165440604964
L5 IT,ANKRD34B,0.0013832951663061976,0.0021961184882533197,0.002802623213901217
L5 IT,NPY,0.018190033733844757,0.030337078651685393,0.0012018735954167487
L5 IT,AKAIN1,0.0022666864097118378,0.003983656792645556,0.008382137144034794
L5 IT,POSTN,0.005097793415188789,0.008529111338100102,0.0043131231015593385
L5 IT,TAC1,0.014217576012015343,0.021961184882533197,0.009094403507637494
L5 IT,NOG,0.0018761481624096632,0.003166496424923391,0.004429232906954082
L5 IT,LINC00943,0.0014793411828577518,0.0028600612870275793,0.0019807480423941174
L5 IT,PVALB,0.005110821686685085,0.008273748723186926,0.004663766872735639
L5 IT,CNGB1,0.006584950257092714,0.011848825331971399,0.01095505132333706
L5 IT,LINC00507,0.20506446063518524,0.25311542390194075,0.13896336246896043
L5 IT,TESPA1,0.14888593554496765,0.18907048008171604,0.07613927590510121
L5 IT,CCDC168,0.005372070707380772,0.009601634320735445,0.0733326700417411
L5 IT,TWIST2,0.07669785618782043,0.08120531154239019,0.1792854505555749
L5 IT,VIPR2,0.04333948343992233,0.05143003064351379,0.05812436544023549
L5 IT,TRABD2A,0.6633826494216919,0.6440755873340143,1.0
L5 IT,TLL1,1.6143208742141724,0.9410112359550562,0.6925522935170725
L5 IT,HS3ST2,1.7631925344467163,0.9702757916241063,1.0
L5 IT,ABCB11,0.0275613684207201,0.045709908069458634,0.08474301788727548
L5 IT,CACNA1H,0.031045615673065186,0.06215526046986721,0.05306294806267809
L5 IT,ATP10A,0.2562597393989563,0.2537282941777324,0.06319761274254496
L5 IT,CD200R1L,0.0009554522694088519,0.001634320735444331,0.0016892747824482268
L5 IT,IL26,0.0011711831903085113,0.0021961184882533197,0.003931794346382891
L5 IT,PDLIM1,0.004181743133813143,0.007252298263534219,0.012029117912364119
L5 IT,SH2D1B,0.02255099266767502,0.04315628192032686,0.08884626137120297
L5 IT,THEMIS,0.499824583530426,0.49775280898876406,0.3338721447137559
L5 IT,RXFP1,2.000849723815918,0.984729315628192,0.9391833533731522
L5 IT,SMYD1,0.0021105539053678513,0.00372829417773238,0.0023246918943866744
L5 IT,SYT6,0.017813824117183685,0.022982635342185902,0.036836246680251226
L5 IT,ABO,0.13502562046051025,0.20398365679264555,0.2154830789460843
L5 IT,NPFFR2,0.2644081115722656,0.19994892747701737,0.2122483850866059
L5 IT,SEMA3D,0.18295547366142273,0.24545454545454545,0.15039034576491747
L5 IT,MCTP2,0.016744576394557953,0.027017364657814097,0.010029060199056554
L5 IT,SDC4,0.0012876983964815736,0.0023493360572012256,0.001007335608711779
L5 IT,MLC1,0.0039495970122516155,0.007354443309499489,0.004030541211301459
L5 IT,ETNPPL,0.0028568999841809273,0.004954034729315628,0.001421436184015421
L5 IT,TMEM235,0.0011128324549645185,0.0016853932584269663,0.0008876222518755603
L5 IT,FOLH1,0.006656169891357422,0.010367722165474975,0.0034693146525357358
L5 IT,LINC01608,0.01300395280122757,0.02236976506639428,0.004956791511611295
L5 IT,GPR17,0.0006307032890617847,0.0009193054136874361,0.0006647064887787366
L5 IT,PDGFRA,0.007725140079855919,0.013636363636363636,0.001950761253910384
L5 IT,COL9A1,0.007515607867389917,0.01414708886618999,0.005015524838946774
L5 IT,CD86,0.0008435208583250642,0.001634320735444331,0.0006145598424294738
L5 IT,FGD2,0.0018697632476687431,0.0034729315628192034,0.0012347557549456285
L5 IT,IKZF1,0.0016170439776033163,0.0029111338100102145,0.000932835750731136
L5 IT,CLDN5,0.0006503101321868598,0.0011235955056179776,0.0002042354232213234
L5 IT,MECOM,0.010586719028651714,0.0195097037793667,0.002427885327311584
L5 IT,FLT1,0.012645764276385307,0.02206332992849847,0.0023279785427496934
L5 IT,COL1A2,0.00006632780423387885,0.00010214504596527068,0.000033428617815208876
L5 IT,ITIH5,0.008418598212301731,0.015423901940755873,0.0027190849990316526
L5 IT,EBF1,0.004153558984398842,0.007252298263534219,0.0011932271713362128
L5 ET,GAD1,0.03673591837286949,0.0646900269541779,0.002631536266925121
L5 ET,GAD2,0.028483940288424492,0.05929919137466307,0.00391973111912498
L5 ET,SLC32A1,0.011998324654996395,0.018867924528301886,0.020038319405949443
L5 ET,GRPR,0.0040515149012207985,0.008086253369272238,0.009414791263277936
L5 ET,SV2C,1.3453689813613892,0.9407008086253369,0.6567569404590082
L5 ET,NDNF,0.0,0.0,0.0
L5 ET,RXRG,0.0013636322692036629,0.0026954177897574125,0.0016235919597330202
L5 ET,NR2F2,0.0013180554378777742,0.0026954177897574125,0.0
L5 ET,CHRNA2,0.000825545284897089,0.0026954177897574125,0.0009553789062451499
L5 ET,SHISA8,0.15850581228733063,0.19946091644204852,0.10546387848442472
L5 ET,VIP,0.027082402259111404,0.0431266846361186,0.010865254143119726
L5 ET,SP8,0.0006634815945290029,0.0026954177897574125,0.0008703272420112962
L5 ET,ZNF385D-AS2,0.007477408275008202,0.013477088948787063,0.004777678495191972
L5 ET,NMU,0.02168281376361847,0.04582210242587601,0.02877462349791897
L5 ET,KLF5,0.017290547490119934,0.03504043126684636,0.01632359480373822
L5 ET,SST,0.030679069459438324,0.06199460916442048,0.0006768809662098018
L5 ET,ANKRD34B,0.26823854446411133,0.42587601078167114,0.5434643233704358
L5 ET,NPY,0.02436755783855915,0.04851752021563342,0.0026605873320006946
L5 ET,AKAIN1,0.012501031160354614,0.0215633423180593,0.046228431590264
L5 ET,POSTN,0.00940964836627245,0.0215633423180593,0.007961282154980535
L5 ET,TAC1,0.015758102759718895,0.029649595687331536,0.01007981563739045
L5 ET,NOG,0.0041767326183617115,0.008086253369272238,0.009860480066262861
L5 ET,LINC00943,0.282549649477005,0.3638814016172507,0.378316828846464
L5 ET,PVALB,0.0027637346647679806,0.005390835579514825,0.0025219847149345978
L5 ET,CNGB1,0.08645939081907272,0.15633423180592992,0.19010460401361556
L5 ET,LINC00507,0.18140442669391632,0.22371967654986524,0.1220996325061969
L5 ET,TESPA1,1.6426275968551636,0.9784366576819407,0.9599962458478708
L5 ET,CCDC168,0.0014047905569896102,0.0026954177897574125,0.019176412226282885
L5 ET,TWIST2,0.0074577126652002335,0.016172506738544475,0.01743281288097809
L5 ET,VIPR2,0.005084583535790443,0.013477088948787063,0.006819144301878141
L5 ET,TRABD2A,0.041502490639686584,0.08086253369272237,0.06256191758386603
L5 ET,TLL1,0.11016007512807846,0.16172506738544473,0.044393633380589596
L5 ET,HS3ST2,1.646485447883606,0.9757412398921833,0.9331505621197076
L5 ET,ABCB11,0.32523468136787415,0.48517520215633425,1.0
L5 ET,CACNA1H,0.5850714445114136,0.7654986522911051,1.0
L5 ET,ATP10A,0.49307623505592346,0.49056603773584906,0.12160022104409911
L5 ET,CD200R1L,0.0,0.0,0.0
L5 ET,IL26,0.0,0.0,0.0
L5 ET,PDLIM1,0.00461259949952364,0.008086253369272238,0.013268510639410522
L5 ET,SH2D1B,0.05236458778381348,0.09973045822102426,0.2063056789293724
L5 ET,THEMIS,0.008526893332600594,0.016172506738544475,0.005695782597551018
L5 ET,RXFP1,0.05577193573117256,0.09703504043126684,0.019126427776519322
L5 ET,SMYD1,0.008410627022385597,0.01078167115902965,0.009263973981390236
L5 ET,SYT6,0.0048601217567920685,0.008086253369272238,0.010049983807606635
L5 ET,ABO,0.01728137396275997,0.03234501347708895,0.02757879324837683
L5 ET,NPFFR2,0.003623006632551551,0.01078167115902965,0.002908296959365254
L5 ET,SEMA3D,1.134737491607666,0.9164420485175202,0.9327600880152043
L5 ET,MCTP2,0.019726263359189034,0.03504043126684636,0.01181492311719798
L5 ET,SDC4,0.0015838450053706765,0.0026954177897574125,0.0013173747372380322
L5 ET,MLC1,0.006563453935086727,0.01078167115902965,0.006697967284202633
L5 ET,ETNPPL,0.007940174080431461,0.016172506738544475,0.003950593583185054
L5 ET,TMEM235,0.0007871348061598837,0.0026954177897574125,0.0006278378798680392
L5 ET,FOLH1,0.002347014844417572,0.005390835579514825,0.0012233060637513596
L5 ET,LINC01608,0.01588502526283264,0.02425876010781671,0.006054986478965603
L5 ET,GPR17,0.004164513666182756,0.005390835579514825,0.004389035707483409
L5 ET,PDGFRA,0.01615542732179165,0.029649595687331536,0.005452232202065944
L5 ET,COL9A1,0.0288052037358284,0.05660377358490566,0.01922309111613398
L5 ET,CD86,0.0022792979143559933,0.005390835579514825,0.001660616869484264
L5 ET,FGD2,0.0,0.0,0.0
L5 ET,IKZF1,0.0021128347143530846,0.005390835579514825,0.0012188461069905802
L5 ET,CLDN5,0.0,0.0,0.0
L5 ET,MECOM,0.009946784935891628,0.018867924528301886,0.0022417394828477136
L5 ET,FLT1,0.0063040792010724545,0.018867924528301886,0.000638407463224308
L5 ET,COL1A2,0.0,0.0,0.0
L5 ET,ITIH5,0.0034501280169934034,0.008086253369272238,0.0011143412595742198
L5 ET,EBF1,0.0023091770708560944,0.005390835579514825,0.00047521829811969697
L5/6 NP,GAD1,0.06029672548174858,0.08045234248788369,0.013384785499162761
L5/6 NP,GAD2,0.02303216978907585,0.03360258481421648,0.00191022693107785
L5/6 NP,SLC32A1,0.004640810191631317,0.007108239095315024,0.007750585152200295
L5/6 NP,GRPR,0.0016236866358667612,0.002261712439418417,0.0037730752882220338
L5/6 NP,SV2C,0.01795542985200882,0.024232633279483037,0.00876514423745587
L5/6 NP,NDNF,0.00020510528702288866,0.00032310177705977385,0.00036361589018799083
L5/6 NP,RXRG,0.0004375020507723093,0.0006462035541195477,0.0005209064261990853
L5/6 NP,NR2F2,0.0031258338131010532,0.004846526655896607,0.0011602286140391794
L5/6 NP,CHRNA2,0.001300482777878642,0.002261712439418417,0.0015050098845579784
L5/6 NP,SHISA8,0.02904173731803894,0.039418416801292405,0.019323293015489348
L5/6 NP,VIP,0.013017583638429642,0.018739903069466882,0.004314992413601422
L5/6 NP,SP8,0.0,0.0,0.0
L5/6 NP,ZNF385D-AS2,1.2566046714782715,0.7738287560581584,0.8029056185076272
L5/6 NP,NMU,0.012410763651132584,0.018093699515347336,0.016469958893536252
L5/6 NP,KLF5,0.012466941960155964,0.017770597738287562,0.011048965577309331
L5/6 NP,SST,0.04463798925280571,0.061066235864297255,0.005076409993500088
L5/6 NP,ANKRD34B,0.0020509189926087856,0.0032310177705977385,0.004155261522285946
L5/6 NP,NPY,0.01310020498931408,0.017124394184168012,0.0
L5/6 NP,AKAIN1,0.01589880883693695,0.022617124394184167,0.058793309708394935
L5/6 NP,POSTN,0.005497221369296312,0.006462035541195477,0.004651069698441186
L5/6 NP,TAC1,0.016646243631839752,0.022617124394184167,0.01064792313024761
L5/6 NP,NOG,0.00020699802553281188,0.00032310177705977385,0.00048868340184119
L5/6 NP,LINC00943,0.0009487284114584327,0.0012924071082390954,0.0012702897516378192
L5/6 NP,PVALB,0.0044629438780248165,0.00678513731825525,0.004072560360976056
L5/6 NP,CNGB1,0.04828470200300217,0.06235864297253635,0.10448299117511575
L5/6 NP,LINC00507,0.010107828304171562,0.015831987075928918,7.686824495653804e-6
L5/6 NP,TESPA1,0.026810292154550552,0.039095315024232635,0.003906298098062751
L5/6 NP,CCDC168,0.004022632725536823,0.005815831987075929,0.0549118607012394
L5/6 NP,TWIST2,0.002163188299164176,0.0029079159935379646,0.005056571436657494
L5/6 NP,VIPR2,0.12256737053394318,0.14668820678513733,0.16438014647404
L5/6 NP,TRABD2A,0.027316154912114143,0.03877221324717286,0.041177071688454886
L5/6 NP,TLL1,2.3278048038482666,0.9945072697899838,1.0
L5/6 NP,HS3ST2,0.6001883149147034,0.46946688206785137,0.3338349827961705
L5/6 NP,ABCB11,0.005469178315252066,0.00840064620355412,0.016816098124129198
L5/6 NP,CACNA1H,0.15603187680244446,0.210016155088853,0.2666885869515387
L5/6 NP,ATP10A,0.018786519765853882,0.029079159935379646,0.004633046157493421
L5/6 NP,CD200R1L,0.5655990839004517,0.5812600969305332,1.0
L5/6 NP,IL26,0.29787498712539673,0.32568659127625205,1.0
L5/6 NP,PDLIM1,0.34763506054878235,0.39450726978998385,1.0
L5/6 NP,SH2D1B,0.00298684136942029,0.004523424878836834,0.011767539145282165
L5/6 NP,THEMIS,0.010711736977100372,0.015508885298869143,0.007155211480182109
L5/6 NP,RXFP1,0.3125559687614441,0.26203554119547656,0.1405899134115948
L5/6 NP,SMYD1,0.0017265857895836234,0.002261712439418417,0.0019017661571210606
L5/6 NP,SYT6,0.1662420928478241,0.2074313408723748,0.3437630629167692
L5/6 NP,ABO,0.23426324129104614,0.29434571890145395,0.3738532312987775
L5/6 NP,NPFFR2,0.004324331413954496,0.006138933764135703,0.003471271564754046
L5/6 NP,SEMA3D,0.019137371331453323,0.026494345718901455,0.015731018230670975
L5/6 NP,MCTP2,0.01685614138841629,0.020032310177705976,0.010095881360317837
L5/6 NP,SDC4,0.0011008147848770022,0.0019386106623586429,0.0008116851087953096
L5/6 NP,MLC1,0.0026155966334044933,0.0038772213247172858,0.0026692014376089855
L5/6 NP,ETNPPL,0.0010542279342189431,0.0019386106623586429,0.000524525793761121
L5/6 NP,TMEM235,0.0007972153834998608,0.0012924071082390954,0.0006358783937107106
L5/6 NP,FOLH1,0.0019381546881049871,0.0029079159935379646,0.0010102008464438685
L5/6 NP,LINC01608,0.008793908171355724,0.012924071082390954,0.0033520245762158115
L5/6 NP,GPR17,0.0005537806428037584,0.0006462035541195477,0.0005836367005145872
L5/6 NP,PDGFRA,0.008632877841591835,0.011631663974151859,0.0023277848724475203
L5/6 NP,COL9A1,0.3952719569206238,0.4084006462035541,0.26378389520247625
L5/6 NP,CD86,0.012610279023647308,0.017770597738287562,0.009187408957678543
L5/6 NP,FGD2,0.0030275401659309864,0.0038772213247172858,0.0019993294059412487
L5/6 NP,IKZF1,0.0014074440114200115,0.002261712439418417,0.0008119223157745833
L5/6 NP,CLDN5,0.000910130562260747,0.0009693053311793214,0.0002858342371891166
L5/6 NP,MECOM,0.00979761965572834,0.01518578352180937,0.002198349862955881
L5/6 NP,FLT1,0.012940309941768646,0.020678513731825526,0.0024064522972678014
L5/6 NP,COL1A2,0.0001968230790225789,0.00032310177705977385,0.00009919706466775758
L5/6 NP,ITIH5,0.006434749346226454,0.010016155088852988,0.0020783306173569396
L5/6 NP,EBF1,0.002900606719776988,0.00420032310177706,0.0007054589726190721
L6 IT,GAD1,0.03512699156999588,0.06486758297016426,0.0018972154591626776
L6 IT,GAD2,0.020205048844218254,0.0383841770030171,0.0008681597018197838
L6 IT,SLC32A1,0.004135869909077883,0.008213208179684881,0.006907287862480548
L6 IT,GRPR,0.0017611809307709336,0.0036875628561850488,0.004092580490097093
L6 IT,SV2C,0.13819295167922974,0.1592356687898089,0.06746043754183374
L6 IT,NDNF,0.0008639805018901825,0.0018437814280925244,0.001531686695452212
L6 IT,RXRG,0.0013991310261189938,0.0025142474019443513,0.0016658581172667563
L6 IT,NR2F2,0.1508052945137024,0.2492457257794167,0.09594061671860962
L6 IT,CHRNA2,0.002383752027526498,0.00519611129735166,0.002758645039201961
L6 IT,SHISA8,0.004655404482036829,0.00921890714046262,0.0030975331787793507
L6 IT,VIP,0.01228838786482811,0.0248072410325176,0.003975391648176331
L6 IT,SP8,0.002475110115483403,0.004860878310425746,0.003246745317799115
L6 IT,ZNF385D-AS2,0.0014469977468252182,0.0026818638954073082,0.0009245569806191303
L6 IT,NMU,0.003915878478437662,0.008883674153536709,0.0051966469900557605
L6 IT,KLF5,0.010124972090125084,0.019778746228628897,0.008488013474749442
L6 IT,SST,0.03213420510292053,0.06067717063359034,0.0011355061031768177
L6 IT,ANKRD34B,0.0010013539576902986,0.002011397921555481,0.0020287917687507313
L6 IT,NPY,0.018305514007806778,0.03486423064029501,0.001229142232345955
L6 IT,AKAIN1,0.003288330277428031,0.006872276231981227,0.012160144977349486
L6 IT,POSTN,0.03380333259701729,0.0434126718069058,0.028600204609995888
L6 IT,TAC1,0.013959174044430256,0.02732148843446195,0.008929114307959557
L6 IT,NOG,0.0028370434883981943,0.005698960777740529,0.006697726026676817
L6 IT,LINC00943,0.002569456584751606,0.0055313442842775725,0.0034403463915144727
L6 IT,PVALB,0.005124881397932768,0.00921890714046262,0.0046765967501168045
L6 IT,CNGB1,0.027539648115634918,0.04508883674153537,0.057954125391402295
L6 IT,LINC00507,0.2549158036708832,0.32199128394233995,0.1744949931218122
L6 IT,TESPA1,1.3961257934570312,0.9358028830036875,0.8141394737700266
L6 IT,CCDC168,0.0017295109573751688,0.003352329869259135,0.023609081726440377
L6 IT,TWIST2,0.0428735725581646,0.06369426751592357,0.10021933017520639
L6 IT,VIPR2,0.005914794746786356,0.010224606101240362,0.00793257473506268
L6 IT,TRABD2A,0.06992786377668381,0.1255447536037546,0.1054110532400024
L6 IT,TLL1,0.10776776820421219,0.1178343949044586,0.04336276324266916
L6 IT,HS3ST2,1.2263708114624023,0.8183037210861549,0.6925102709677734
L6 IT,ABCB11,0.0068182991817593575,0.013744552463962454,0.020964243890236153
L6 IT,CACNA1H,0.12227462232112885,0.22142138786456586,0.20899092490018714
L6 IT,ATP10A,0.10455632209777832,0.1314113308749581,0.025785205156370738
L6 IT,CD200R1L,0.0007309885695576668,0.0016761649346295675,0.0012924146986177307
L6 IT,IL26,0.001994389109313488,0.0038551793496480052,0.0066953896618177884
L6 IT,PDLIM1,0.003816043958067894,0.007542742205833054,0.010977155043118565
L6 IT,SH2D1B,0.21574105322360992,0.3499832383506537,0.8499752665291267
L6 IT,THEMIS,1.1291877031326294,0.8617163928930607,0.7542732643648397
L6 IT,RXFP1,1.6286112070083618,0.957425410660409,0.7631078115821783
L6 IT,SMYD1,0.002080718521028757,0.004022795843110962,0.0022918293951334676
L6 IT,SYT6,0.002858074614778161,0.00519611129735166,0.005910058438208995
L6 IT,ABO,0.08857788890600204,0.15219577606436474,0.14135862633263543
L6 IT,NPFFR2,0.02188621461391449,0.027153871940998994,0.017568726162898406
L6 IT,SEMA3D,0.15114977955818176,0.2348307073416024,0.12424590068353379
L6 IT,MCTP2,0.017602523788809776,0.03151190077103587,0.010542922470745415
L6 IT,SDC4,0.0011866894783452153,0.002179014415018438,0.0009015882659687686
L6 IT,MLC1,0.006498347502201796,0.01340931947703654,0.006631526540995277
L6 IT,ETNPPL,0.002347515197470784,0.004860878310425746,0.0011679943514605576
L6 IT,TMEM235,0.001295369816944003,0.0025142474019443513,0.0010332184946602121
L6 IT,FOLH1,0.002604312961921096,0.005028494803888703,0.0013574144389423052
L6 IT,LINC01608,0.0072453743778169155,0.015420717398592021,0.0027617610401522376
L6 IT,GPR17,0.0009144872892647982,0.0018437814280925244,0.0009637901777620844
L6 IT,PDGFRA,0.005700232926756144,0.011565538048944016,0.0011097278032324645
L6 IT,COL9A1,0.009986781515181065,0.019946362722091854,0.006664657288449036
L6 IT,CD86,0.0012715719640254974,0.0023466309084813944,0.0009264229309052833
L6 IT,FGD2,0.0022374296095222235,0.004525645323499832,0.0014775555622284677
L6 IT,IKZF1,0.0011562390718609095,0.0026818638954073082,0.0006670079215919968
L6 IT,CLDN5,0.0006164669757708907,0.0011733154542406972,0.00019360669235637845
L6 IT,MECOM,0.0114377336576581,0.022963459604425075,0.0026754308770169507
L6 IT,FLT1,0.01156311109662056,0.023969158565202816,0.0020395347805692646
L6 IT,COL1A2,0.000127800100017339,0.00033523298692591353,0.00006441010296618494
L6 IT,ITIH5,0.009381101466715336,0.019946362722091854,0.003029959576318271
L6 IT,EBF1,0.00590162118896842,0.01089507207509219,0.0018737392521581825
L6 IT Car3,GAD1,0.0478971041738987,0.06614699331848552,0.007725547354539721
L6 IT Car3,GAD2,0.02900458313524723,0.03942093541202673,0.004111638313547796
L6 IT Car3,SLC32A1,0.004115513991564512,0.005790645879732739,0.006873291584778209
L6 IT Car3,GRPR,0.002679381985217333,0.0035634743875278397,0.006226269116721604
L6 IT Car3,SV2C,0.010155688039958477,0.014476614699331848,0.004957612891171336
L6 IT Car3,NDNF,0.00041358821908943355,0.00044543429844097997,0.000733219755757382
L6 IT Car3,RXRG,0.0004680088604800403,0.0008908685968819599,0.0005572289832969033
L6 IT Car3,NR2F2,0.1595698893070221,0.19398663697104676,0.10156571645928572
L6 IT Car3,CHRNA2,0.0013179542729631066,0.0017817371937639199,0.0015252291240953275
L6 IT Car3,SHISA8,0.012648341245949268,0.01648106904231626,0.008415736337631784
L6 IT Car3,VIP,0.0111782131716609,0.016258351893095768,0.0034583615319798942
L6 IT Car3,SP8,0.00412928219884634,0.0064587973273942095,0.005416618663189123
L6 IT Car3,ZNF385D-AS2,0.012739545665681362,0.014253897550111359,0.00813991307240411
L6 IT Car3,NMU,0.0019781969022005796,0.0031180400890868597,0.002625206842899714
L6 IT Car3,KLF5,0.007906690239906311,0.011581291759465479,0.00606231464698728
L6 IT Car3,SST,0.04026331380009651,0.05256124721603563,0.003697613358511655
L6 IT Car3,ANKRD34B,0.0008680789032950997,0.0013363028953229399,0.0017587700334190462
L6 IT Car3,NPY,0.01735619455575943,0.02516703786191537,0.0010049771296875925
L6 IT Car3,AKAIN1,0.0017599822022020817,0.0024498886414253897,0.006508360453704617
L6 IT Car3,POSTN,1.1819262504577637,0.7062360801781737,1.0
L6 IT Car3,TAC1,0.016132427379488945,0.023608017817371936,0.010319255829737925
L6 IT Car3,NOG,0.0063231331296265125,0.008908685968819599,0.014927727934249343
L6 IT Car3,LINC00943,0.00170427979901433,0.0024498886414253897,0.0022819271948262077
L6 IT Car3,PVALB,0.0046017225831747055,0.0064587973273942095,0.004199199787549163
L6 IT Car3,CNGB1,0.005321065429598093,0.0075723830734966595,0.008120297177898094
L6 IT Car3,LINC00507,0.010206657461822033,0.015144766146993319,0.00007812747691407303
L6 IT Car3,TESPA1,0.46446940302848816,0.41959910913140314,0.2628721324348979
L6 IT Car3,CCDC168,0.005011770408600569,0.0077951002227171495,0.06841430906594678
L6 IT Car3,TWIST2,0.006331941112875938,0.009799554565701559,0.01480126005782159
L6 IT Car3,VIPR2,0.06074001267552376,0.06035634743875278,0.08146093154272735
L6 IT Car3,TRABD2A,0.06543195992708206,0.09153674832962139,0.09863381260291144
L6 IT Car3,TLL1,0.941809356212616,0.5013363028953229,0.40276002882098155
L6 IT Car3,HS3ST2,0.661807119846344,0.5654788418708241,0.36913003294128816
L6 IT Car3,ABCB11,0.004056740552186966,0.0064587973273942095,0.012473271716057771
L6 IT Car3,CACNA1H,0.14620517194271088,0.19420935412026727,0.24989285208544937
L6 IT Car3,ATP10A,1.368105411529541,0.8293986636971047,0.337395941288373
L6 IT Car3,CD200R1L,0.0012738530058413744,0.0015590200445434299,0.002252219004770487
L6 IT Car3,IL26,0.0004121173988096416,0.00044543429844097997,0.0013835246886176183
L6 IT Car3,PDLIM1,0.0029618951957672834,0.004454342984409799,0.008520127949958751
L6 IT Car3,SH2D1B,0.012517481110990047,0.019599109131403118,0.04931629462548077
L6 IT Car3,THEMIS,1.497053861618042,0.8877505567928731,1.0
L6 IT Car3,RXFP1,1.785404920578003,0.9570155902004455,0.8372740700955771
L6 IT Car3,SMYD1,0.9078854322433472,0.7670378619153675,1.0
L6 IT Car3,SYT6,0.0007001871708780527,0.0013363028953229399,0.0014478793087404104
L6 IT Car3,ABO,0.06875330954790115,0.08418708240534521,0.10972121274901171
L6 IT Car3,NPFFR2,0.047391071915626526,0.049443207126948774,0.03804224621477162
L6 IT Car3,SEMA3D,0.009874501265585423,0.013363028953229399,0.008116891120381027
L6 IT Car3,MCTP2,1.6696057319641113,0.8187082405345212,1.0
L6 IT Car3,SDC4,0.000775654916651547,0.0013363028953229399,0.00047127168128892756
L6 IT Car3,MLC1,0.00236881454475224,0.004454342984409799,0.0024173617244842
L6 IT Car3,ETNPPL,0.0017102609854191542,0.0022271714922048997,0.0008509317309830961
L6 IT Car3,TMEM235,0.0005997547996230423,0.0008908685968819599,0.0004783790259168473
L6 IT Car3,FOLH1,0.0022176355123519897,0.0031180400890868597,0.0011558712446591935
L6 IT Car3,LINC01608,0.0045115151442587376,0.0066815144766146995,0.001719680185970568
L6 IT Car3,GPR17,0.0006242194212973118,0.0008908685968819599,0.0006578730552923826
L6 IT Car3,PDGFRA,0.0040105306543409824,0.005567928730512249,0.00040791975706491675
L6 IT Car3,COL9A1,0.006687581073492765,0.01002227171492205,0.004462942928689805
L6 IT Car3,CD86,0.0010360198793932796,0.0015590200445434299,0.0007548079072970302
L6 IT Car3,FGD2,0.001124147791415453,0.0017817371937639199,0.0007423656212038039
L6 IT Car3,IKZF1,0.002036679768934846,0.0024498886414253897,0.0011749140577296798
L6 IT Car3,CLDN5,0.0008332132128998637,0.0008908685968819599,0.00026167768999377244
L6 IT Car3,MECOM,0.009134524501860142,0.014253897550111359,0.002005466863326463
L6 IT Car3,FLT1,0.012081525288522243,0.017817371937639197,0.002177652270708019
L6 IT Car3,COL1A2,0.00013415719149634242,0.00022271714922048998,0.00006761401999498629
L6 IT Car3,ITIH5,0.007289125118404627,0.01135857461024499,0.002354281587706265
L6 IT Car3,EBF1,0.003831608919426799,0.005790645879732739,0.0010678935830564756
L6 CT,GAD1,0.031558357179164886,0.05441669772642564,0.0002684760511277763
L6 CT,GAD2,0.02205931954085827,0.03615355944837868,0.001551637616217752
L6 CT,SLC32A1,0.004988925531506538,0.009690644800596348,0.008331970184786949
L6 CT,GRPR,0.0019450417021289468,0.003354453969437197,0.004519830747357501
L6 CT,SV2C,0.07163172960281372,0.0887066716362281,0.03496783129794332
L6 CT,NDNF,0.0005001109675504267,0.0011181513231457323,0.0008866094935833249
L6 CT,RXRG,0.005268746521323919,0.008199776369735371,0.006273168128302208
L6 CT,NR2F2,0.0017193558160215616,0.002981736861721953,0.0002575537952707608
L6 CT,CHRNA2,0.0016142416279762983,0.002981736861721953,0.0018681136324867212
L6 CT,SHISA8,0.004829905927181244,0.008199776369735371,0.0032136399570765785
L6 CT,VIP,0.01070393156260252,0.018635855385762207,0.0032374792897971734
L6 CT,SP8,0.0,0.0,0.0
L6 CT,ZNF385D-AS2,0.005519479047507048,0.005218039508013418,0.003526662632301988
L6 CT,NMU,0.0032366905361413956,0.00633619083115915,0.004295316676704402
L6 CT,KLF5,0.03957062587141991,0.0659709280655982,0.04068693709346501
L6 CT,SST,0.032918840646743774,0.051062243756988444,0.0013828050992305302
L6 CT,ANKRD34B,0.001235363306477666,0.0022363026462914647,0.002502906078665272
L6 CT,NPY,0.1437900811433792,0.1833768169959001,0.030860117151611396
L6 CT,AKAIN1,0.0050447904504835606,0.007081625046589639,0.018655481074793263
L6 CT,POSTN,0.004973793867975473,0.007454342154304882,0.004208210001300088
L6 CT,TAC1,0.014599437825381756,0.02348117778606038,0.009338664935322314
L6 CT,NOG,0.0022247573360800743,0.003354453969437197,0.005252233592413754
L6 CT,LINC00943,0.0016696980455890298,0.002981736861721953,0.0022356243262293927
L6 CT,PVALB,0.0026272370014339685,0.005218039508013418,0.0023974268024326874
L6 CT,CNGB1,0.01123310811817646,0.01900857249347745,0.021380356286829032
L6 CT,LINC00507,0.014528325758874416,0.026462914647782332,0.0031584040027650318
L6 CT,TESPA1,0.6145710945129395,0.5669027208348864,0.3516883110653881
L6 CT,CCDC168,0.0018054461106657982,0.003354453969437197,0.024645651765099783
L6 CT,TWIST2,0.0027153813280165195,0.004099888184867686,0.0063473529642272455
L6 CT,VIPR2,0.0037942922208458185,0.006708907938874394,0.005088681500719804
L6 CT,TRABD2A,0.078683041036129,0.11815132314573239,0.1186088317273921
L6 CT,TLL1,0.37162357568740845,0.3592992918374953,0.15706099733535908
L6 CT,HS3ST2,1.6228259801864624,0.9418561311964219,0.9195984963225231
L6 CT,ABCB11,0.01994779147207737,0.029444651509504285,0.06133353118486878
L6 CT,CACNA1H,0.14890389144420624,0.23294819232202757,0.2545054844858377
L6 CT,ATP10A,0.034917645156383514,0.05851658591129333,0.008611231017601329
L6 CT,CD200R1L,0.0011376218171790242,0.0018635855385762206,0.0020113572485546166
L6 CT,IL26,0.003089613514021039,0.005590756615728662,0.010372181779467107
L6 CT,PDLIM1,0.005962340161204338,0.009690644800596348,0.017151147389426403
L6 CT,SH2D1B,0.25382038950920105,0.3578084234066344,1.0
L6 CT,THEMIS,0.0758141502737999,0.10622437569884458,0.05064223286653069
L6 CT,RXFP1,1.6307709217071533,0.9340290719344018,0.7641293956432932
L6 CT,SMYD1,0.002255950588732958,0.004099888184867686,0.002484840607210315
L6 CT,SYT6,0.3519105613231659,0.44055162131941855,0.7276968808612689
L6 CT,ABO,0.6266182065010071,0.6939992545657846,1.0
L6 CT,NPFFR2,0.49684271216392517,0.3935892657472978,0.3988306662445972
L6 CT,SEMA3D,0.10669273138046265,0.11330600074543422,0.08770197710840363
L6 CT,MCTP2,0.25049325823783875,0.2262392843831532,0.15003138372264715
L6 CT,SDC4,0.001203394029289484,0.002609019754006709,0.0009190764433165055
L6 CT,MLC1,0.004599635489284992,0.007827059262020127,0.004693901767451219
L6 CT,ETNPPL,0.0023199955467134714,0.003727171077152441,0.0011543020879670818
L6 CT,TMEM235,0.00131997128482908,0.0018635855385762206,0.0010528412242330055
L6 CT,FOLH1,0.001705993665382266,0.002981736861721953,0.000889194374099251
L6 CT,LINC01608,0.00870677549391985,0.015654118524040254,0.0033188117122120806
L6 CT,GPR17,0.0006476327544078231,0.0014908684308609765,0.000682548674894186
L6 CT,PDGFRA,0.004710089415311813,0.007454342154304882,0.0006984774341369761
L6 CT,COL9A1,0.014206739142537117,0.024226612001490868,0.009480836987118924
L6 CT,CD86,0.00186966173350811,0.003354453969437197,0.0013621702522243595
L6 CT,FGD2,0.0016754386015236378,0.002609019754006709,0.0011064274890784883
L6 CT,IKZF1,0.0007962738163769245,0.0014908684308609765,0.00045935218434098313
L6 CT,CLDN5,0.0012417115503922105,0.0022363026462914647,0.00038997006422204875
L6 CT,MECOM,0.009234357625246048,0.016772269847185987,0.0020345066054942586
L6 CT,FLT1,0.01203523762524128,0.021244875139768915,0.002165320170282097
L6 CT,COL1A2,0.0,0.0,0.0
L6 CT,ITIH5,0.00693356292322278,0.0126723816623183,0.002239440160813011
L6 CT,EBF1,0.0047963871620595455,0.007827059262020127,0.001443477042105882
L6b,GAD1,0.030970115214586258,0.059691482226693494,0.0
L6b,GAD2,0.023120032623410225,0.04493628437290409,0.0019426128749817082
L6b,SLC32A1,0.00542179262265563,0.011066398390342052,0.009054898533717538
L6b,GRPR,0.001999590778723359,0.0030181086519114686,0.004646590288482774
L6b,SV2C,0.05440793186426163,0.079476861167002,0.02655984147316699
L6b,NDNF,0.000313403841573745,0.0006706908115358819,0.0005556103330942228
L6b,RXRG,0.018881158903241158,0.03655264922870557,0.022480619209492618
L6b,NR2F2,0.010173513554036617,0.02079141515761234,0.005683415642984439
L6b,CHRNA2,0.0009034961694851518,0.0013413816230717639,0.0010455891372536995
L6b,SHISA8,0.03884414583444595,0.059356136820925554,0.025845451450632554
L6b,VIP,0.008995280601084232,0.018443997317236754,0.002441727044127945
L6b,SP8,0.00026057212380692363,0.0006706908115358819,0.00034180754933962594
L6b,ZNF385D-AS2,0.04769008234143257,0.04929577464788732,0.030471504625223488
L6b,NMU,0.0061791990883648396,0.012743125419181758,0.008200233107417056
L6b,KLF5,0.018075238913297653,0.035546613011401745,0.01718165757207827
L6b,SST,0.040566716343164444,0.07008718980549966,0.003793238830606946
L6b,ANKRD34B,0.001070569851435721,0.002012072434607646,0.002169026532311599
L6b,NPY,0.055893439799547195,0.06203890006706908,0.01010487023480993
L6b,AKAIN1,0.0021933759562671185,0.004694835680751174,0.00811103732527198
L6b,POSTN,0.005001467186957598,0.01039570757880617,0.004231623745576777
L6b,TAC1,0.03616136685013771,0.056002682763246145,0.0231309515240103
L6b,NOG,0.023160643875598907,0.0482897384305835,0.054677923660512946
L6b,LINC00943,0.011387295089662075,0.023138832997987926,0.01524689687435082
L6b,PVALB,0.004141774959862232,0.008383635144198525,0.003779484794481282
L6b,CNGB1,0.016305865719914436,0.03085177733065057,0.032757991596241716
L6b,LINC00507,0.010600968264043331,0.02112676056338028,0.0003591731806762382
L6b,TESPA1,1.1856602430343628,0.8031522468142186,0.6896055945242987
L6b,CCDC168,0.00968178641051054,0.02012072434607646,0.13216342206388204
L6b,TWIST2,0.0025090903509408236,0.0053655264922870555,0.005865136477237103
L6b,VIPR2,0.007906717248260975,0.012743125419181758,0.010604024005214532
L6b,TRABD2A,0.19214138388633728,0.2857142857142857,0.2896388442685949
L6b,TLL1,0.3017379641532898,0.32293762575452717,0.1269465545428765
L6b,HS3ST2,0.58965665102005,0.5922199865861838,0.3278024801261546
L6b,ABCB11,0.15293751657009125,0.2290409121395037,0.4702374172608703
L6b,CACNA1H,0.015223067253828049,0.031522468142186455,0.026019159534508913
L6b,ATP10A,0.15654505789279938,0.17806841046277666,0.038606430993306115
L6b,CD200R1L,0.0003293807967565954,0.0006706908115358819,0.0005823573731504984
L6b,IL26,0.020756978541612625,0.035881958417169686,0.06968352308438217
L6b,PDLIM1,0.004065262619405985,0.007377598926894702,0.011694052415163463
L6b,SH2D1B,0.013664821162819862,0.026156941649899398,0.05383657786217568
L6b,THEMIS,0.03764975816011429,0.06103286384976526,0.0251492341894912
L6b,RXFP1,2.1294212341308594,0.9855801475519785,1.0
L6b,SMYD1,0.0014552408829331398,0.0030181086519114686,0.001602890443276857
L6b,SYT6,0.03914669156074524,0.07310529845741114,0.08094933336948762
L6b,ABO,0.24195627868175507,0.37692823608316567,0.386130304181269
L6b,NPFFR2,1.245748519897461,0.6804158283031523,1.0
L6b,SEMA3D,1.216537356376648,0.8474178403755869,1.0
L6b,MCTP2,1.2447842359542847,0.8014755197853789,0.7455557992664112
L6b,SDC4,0.0012915992410853505,0.0026827632461435278,0.0010114194456532454
L6b,MLC1,0.003273940412327647,0.006036217303822937,0.0033410375069402695
L6b,ETNPPL,0.0037688720040023327,0.006371562709590879,0.0018751832647538552
L6b,TMEM235,0.0009067008504644036,0.001676727028839705,0.0007232066669841687
L6b,FOLH1,0.014113305136561394,0.02649228705566734,0.007356106755862111
L6b,LINC01608,0.011067301966249943,0.021797451374916163,0.004218587169707975
L6b,GPR17,0.000270189339062199,0.00033534540576794097,0.0002847560968655235
L6b,PDGFRA,0.02004113979637623,0.04124748490945674,0.007066140358713697
L6b,COL9A1,0.023255672305822372,0.04024144869215292,0.015519623183422714
L6b,CD86,0.0024792153853923082,0.004359490274983233,0.00180626975795336
L6b,FGD2,0.0019469759427011013,0.003688799463447351,0.0012857455364941406
L6b,IKZF1,0.0009936264250427485,0.002347417840375587,0.0005732003983743393
L6b,CLDN5,0.025901218876242638,0.043594902749832326,0.008134497891565272
L6b,MECOM,0.01042426098138094,0.02112676056338028,0.0023806290696105157
L6b,FLT1,0.012422464787960052,0.02448021462105969,0.0022684864119933406
L6b,COL1A2,0.0,0.0,0.0
L6b,ITIH5,0.0211893692612648,0.04024144869215292,0.006843858638253602
L6b,EBF1,0.0048421937972307205,0.01006036217303823,0.001461309341513937
Astrocyte,GAD1,0.09125267714262009,0.059845559845559844,0.027513209109277733
Astrocyte,GAD2,0.029915550723671913,0.018532818532818532,0.004447417889069786
Astrocyte,SLC32A1,0.008553816936910152,0.005791505791505791,0.014285670779082386
Astrocyte,GRPR,0.0011796839535236359,0.0007722007722007722,0.002741314903153117
Astrocyte,SV2C,0.010208353400230408,0.007335907335907336,0.004983322076799627
Astrocyte,NDNF,0.005427103023976088,0.0034749034749034747,0.009621306821724119
Astrocyte,RXRG,0.16896411776542664,0.11235521235521236,0.20117504497567587
Astrocyte,NR2F2,0.07763981074094772,0.05057915057915058,0.04898315279680305
Astrocyte,CHRNA2,0.001560296630486846,0.0011583011583011582,0.001805684697767174
Astrocyte,SHISA8,0.008293431252241135,0.005405405405405406,0.005518141027029081
Astrocyte,VIP,0.024138184264302254,0.015444015444015444,0.009494074110524135
Astrocyte,SP8,0.0015672738663852215,0.0011583011583011582,0.002055883920300375
Astrocyte,ZNF385D-AS2,0.0013287882320582867,0.0007722007722007722,0.0008490271933107829
Astrocyte,NMU,0.0030225145164877176,0.0023166023166023165,0.004011089989384047
Astrocyte,KLF5,0.004121101461350918,0.002702702702702703,0.0019227603060338124
Astrocyte,SST,0.06103691831231117,0.03861003861003861,0.010244973570178104
Astrocyte,ANKRD34B,0.0,0.0,0.0
Astrocyte,NPY,0.0251288004219532,0.01583011583011583,0.0028403413879050854
Astrocyte,AKAIN1,0.0019257913809269667,0.0015444015444015444,0.00712151773468397
Astrocyte,POSTN,0.00040211129817180336,0.0003861003861003861,0.0003402169111787342
Astrocyte,TAC1,0.018460316583514214,0.012741312741312742,0.011808311610033198
Astrocyte,NOG,0.02928007021546364,0.018146718146718147,0.06912473818149326
Astrocyte,LINC00943,0.13779853284358978,0.0888030888030888,0.18450387059965145
Astrocyte,PVALB,0.006455922499299049,0.0042471042471042475,0.0058912087587834495
Astrocyte,CNGB1,0.0017006031703203917,0.0011583011583011582,0.0
Astrocyte,LINC00507,0.02650590054690838,0.017374517374517374,0.011695441072770891
Astrocyte,TESPA1,0.023672541603446007,0.01583011583011583,0.0020496700301925862
Astrocyte,CCDC168,0.0023255418054759502,0.0015444015444015444,0.031745336049828536
Astrocyte,TWIST2,0.001749532762914896,0.0011583011583011582,0.004089628905569682
Astrocyte,VIPR2,0.015863586217164993,0.010038610038610039,0.021275308547628446
Astrocyte,TRABD2A,0.0051337857730686665,0.0034749034749034747,0.007738800189519695
Astrocyte,TLL1,0.007137208711355925,0.004633204633204633,0.0
Astrocyte,HS3ST2,0.01737252064049244,0.011969111969111969,0.0
Astrocyte,ABCB11,0.025890225544571877,0.017374517374517374,0.07960475013206647
Astrocyte,CACNA1H,0.004132349044084549,0.0023166023166023165,0.007062981936394838
Astrocyte,ATP10A,0.0034154397435486317,0.0023166023166023165,0.0008423002332108146
Astrocyte,CD200R1L,0.00046930499956943095,0.0003861003861003861,0.0008297485143240279
Astrocyte,IL26,0.0,0.0,0.0
Astrocyte,PDLIM1,0.0005748285329900682,0.0003861003861003861,0.0016535401581262677
Astrocyte,SH2D1B,0.002226715674623847,0.0015444015444015444,0.008772800636424553
Astrocyte,THEMIS,0.004374663811177015,0.002702702702702703,0.0029221819757699313
Astrocyte,RXFP1,0.032819438725709915,0.021235521235521235,0.008269482126851658
Astrocyte,SMYD1,0.0025228881277143955,0.0015444015444015444,0.0027788617793772104
Astrocyte,SYT6,0.0005015148781239986,0.0003861003861003861,0.0010370555835100734
Astrocyte,ABO,0.002491745864972472,0.0015444015444015444,0.003976497712835715
Astrocyte,NPFFR2,0.002772178268060088,0.0019305019305019305,0.00222531130784588
Astrocyte,SEMA3D,0.12004688382148743,0.07181467181467181,0.09867915949497577
Astrocyte,MCTP2,0.004504584241658449,0.003088803088803089,0.002697992798790461
Astrocyte,SDC4,0.9555165767669678,0.5208494208494209,1.0
Astrocyte,MLC1,0.9799172878265381,0.5424710424710425,1.0
Astrocyte,ETNPPL,2.009868621826172,0.8428571428571429,1.0
Astrocyte,TMEM235,0.001983912196010351,0.0011583011583011582,0.0015824166549871536
Astrocyte,FOLH1,0.0016293913358822465,0.0011583011583011582,0.0008492678715474072
Astrocyte,LINC01608,0.006681193597614765,0.004633204633204633,0.002546709005969503
Astrocyte,GPR17,0.0,0.0,0.0
Astrocyte,PDGFRA,0.003028406063094735,0.0019305019305019305,0.0
Astrocyte,COL9A1,0.0205384474247694,0.013513513513513514,0.013706288969558477
Astrocyte,CD86,0.00201022787950933,0.0015444015444015444,0.001464581837764711
Astrocyte,FGD2,0.0020953931380063295,0.0015444015444015444,0.0013837574031112167
Astrocyte,IKZF1,0.0015980757307261229,0.0011583011583011582,0.0009218934021860052
Astrocyte,CLDN5,0.02149406634271145,0.014285714285714285,0.0067503941872913914
Astrocyte,MECOM,0.00621759332716465,0.0042471042471042475,0.0011569816475837155
Astrocyte,FLT1,0.0071676550433039665,0.004633204633204633,0.0008684839729663436
Astrocyte,COL1A2,0.0008919977117329836,0.0003861003861003861,0.0004495588379862608
Astrocyte,ITIH5,0.007905516773462296,0.005019305019305019,0.0025533671433450294
Astrocyte,EBF1,0.006727574858814478,0.004633204633204633,0.002195278982872674
Oligodendrocyte,GAD1,0.04728280007839203,0.02503174315254852,0.007445176439704716
Oligodendrocyte,GAD2,0.0313444621860981,0.01650643932523127,0.004974109826750771
Oligodendrocyte,SLC32A1,0.009771526791155338,0.005078904407763468,0.01631935962354752
Oligodendrocyte,GRPR,0.0027676934842020273,0.0014511155450752766,0.006431484782801853
Oligodendrocyte,SV2C,0.01168002001941204,0.006167241066569925,0.00570173262407666
Oligodendrocyte,NDNF,0.0013364593032747507,0.0007255577725376383,0.0023693091792706456
Oligodendrocyte,RXRG,0.002083695260807872,0.0010883366588064574,0.002480926088642001
Oligodendrocyte,NR2F2,0.010732045397162437,0.005441683294032287,0.006041880283964881
Oligodendrocyte,CHRNA2,0.003243111539632082,0.0016325049882096863,0.0037531561408541796
Oligodendrocyte,SHISA8,0.018569769337773323,0.009976419372392527,0.012355634589427986
Oligodendrocyte,VIP,0.03931114822626114,0.020315617631053873,0.016560420847284405
Oligodendrocyte,SP8,0.0018578447634354234,0.0009069472156720479,0.002437042598285972
Oligodendrocyte,ZNF385D-AS2,0.0017756613669916987,0.0009069472156720479,0.0011345560942785506
Oligodendrocyte,NMU,0.005924236495047808,0.0030836205332849627,0.00786187975951991
Oligodendrocyte,KLF5,0.0045681362971663475,0.0023580627607473247,0.0024115944355198355
Oligodendrocyte,SST,0.07677675783634186,0.040087066932704515,0.015205807352156509
Oligodendrocyte,ANKRD34B,0.0014583339216187596,0.0007255577725376383,0.0029546553778990255
Oligodendrocyte,NPY,0.030130842700600624,0.015780881552693634,0.004021485752403522
Oligodendrocyte,AKAIN1,0.002124480437487364,0.001269726101940867,0.007856263800117813
Oligodendrocyte,POSTN,0.004994455724954605,0.002539452203881734,0.004225691512495164
Oligodendrocyte,TAC1,0.03378637135028839,0.017776165427172138,0.02161176376751796
Oligodendrocyte,NOG,0.0,0.0,0.0
Oligodendrocyte,LINC00943,0.0011694168206304312,0.0007255577725376383,0.0015657781349207585
Oligodendrocyte,PVALB,0.007642294280230999,0.0039905677489570105,0.00697380599066761
Oligodendrocyte,CNGB1,0.004584185313433409,0.0023580627607473247,0.006467556422927462
Oligodendrocyte,LINC00507,0.023650510236620903,0.01251587157627426,0.009660256708686367
Oligodendrocyte,TESPA1,0.03815018758177757,0.020315617631053873,0.010616190358137675
Oligodendrocyte,CCDC168,0.0016185161657631397,0.0009069472156720479,0.022093922140313988
Oligodendrocyte,TWIST2,0.0025465853977948427,0.001269726101940867,0.0059527832082273855
Oligodendrocyte,VIPR2,0.002837078645825386,0.0014511155450752766,0.0038049229687112922
Oligodendrocyte,TRABD2A,0.0054696169681847095,0.002902231090150553,0.008245040736221973
Oligodendrocyte,TLL1,0.013128075748682022,0.007255577725376383,0.0025815274233502014
Oligodendrocyte,HS3ST2,0.020239343866705894,0.010520587701795755,0.0016421069775476044
Oligodendrocyte,ABCB11,0.002638026373460889,0.0014511155450752766,0.008111147194898959
Oligodendrocyte,CACNA1H,0.0009429906494915485,0.0005441683294032287,0.001611752989037141
Oligodendrocyte,ATP10A,0.004302467219531536,0.0021766733176129148,0.0010610549195717927
Oligodendrocyte,CD200R1L,0.0,0.0,0.0
Oligodendrocyte,IL26,0.016382858157157898,0.008162524941048431,0.05499910655560076
Oligodendrocyte,PDLIM1,0.0010140727972611785,0.0005441683294032287,0.002917061344906773
Oligodendrocyte,SH2D1B,0.0009878188138827682,0.0005441683294032287,0.0038918024505157395
Oligodendrocyte,THEMIS,0.09557061642408371,0.045347360783602395,0.06383913022393818
Oligodendrocyte,RXFP1,0.029137464240193367,0.015599492109559224,0.006527841691686704
Oligodendrocyte,SMYD1,0.007290220819413662,0.0039905677489570105,0.00802989073345943
Oligodendrocyte,SYT6,0.0,0.0,0.0
Oligodendrocyte,ABO,0.0010963162640109658,0.0005441683294032287,0.0017495761416392933
Oligodendrocyte,NPFFR2,0.003416625550016761,0.0018138944313440958,0.002742628624835121
Oligodendrocyte,SEMA3D,0.004519463051110506,0.0023580627607473247,0.0037150220068632653
Oligodendrocyte,MCTP2,0.005090219900012016,0.0027208416470161437,0.003048755644857496
Oligodendrocyte,SDC4,0.011994542554020882,0.006348630509704335,0.012216448028813647
Oligodendrocyte,MLC1,0.002288344781845808,0.001269726101940867,0.0023352427906659034
Oligodendrocyte,ETNPPL,0.004596038721501827,0.0023580627607473247,0.002286735894869514
Oligodendrocyte,TMEM235,1.2537230253219604,0.5684745147832396,1.0
Oligodendrocyte,FOLH1,1.9185835123062134,0.7638309450389987,1.0
Oligodendrocyte,LINC01608,2.6234617233276367,0.8376564483947034,1.0
Oligodendrocyte,GPR17,0.011343637481331825,0.006167241066569925,0.011955208686816123
Oligodendrocyte,PDGFRA,0.004895715042948723,0.002539452203881734,0.0007755759627814804
Oligodendrocyte,COL9A1,0.005487663671374321,0.002902231090150553,0.0036621806162862444
Oligodendrocyte,CD86,0.0005720988265238702,0.00036277888626881915,0.0004168112278583467
Oligodendrocyte,FGD2,0.0016365057090297341,0.0009069472156720479,0.0010807169542696217
Oligodendrocyte,IKZF1,0.0017056998331099749,0.0009069472156720479,0.0009839792896043581
Oligodendrocyte,CLDN5,0.00033635934232734144,0.00018138944313440957,0.00010563650977366496
Oligodendrocyte,MECOM,0.0025642281398177147,0.001269726101940867,0.00009428041689845315
Oligodendrocyte,FLT1,0.005053119733929634,0.0027208416470161437,0.00030512302663649355
Oligodendrocyte,COL1A2,0.0,0.0,0.0
Oligodendrocyte,ITIH5,0.006123179569840431,0.003446399419553782,0.0019776981030406103
Oligodendrocyte,EBF1,0.0030065167229622602,0.0016325049882096863,0.0007466892197230174
OPC,GAD1,0.9748599529266357,0.5104622871046228,0.4307952026341635
OPC,GAD2,0.029523056000471115,0.01800486618004866,0.004302745660084242
OPC,SLC32A1,0.008139722049236298,0.004866180048661801,0.01359409375794185
OPC,GRPR,0.001044288626872003,0.00048661800486618007,0.002426687222019732
OPC,SV2C,0.01604580320417881,0.009732360097323601,0.007832938595715317
OPC,NDNF,0.0015456301625818014,0.0009732360097323601,0.002740132619818195
OPC,RXRG,0.0015299578662961721,0.0009732360097323601,0.001821625482579244
OPC,NR2F2,0.03908168524503708,0.022871046228710463,0.02423662351135136
OPC,CHRNA2,0.0015875850804150105,0.0009732360097323601,0.0018372648059967853
OPC,SHISA8,0.009705214761197567,0.006326034063260341,0.006457489321494096
OPC,VIP,0.023873889818787575,0.014598540145985401,0.009370987006561528
OPC,SP8,0.0,0.0,0.0
OPC,ZNF385D-AS2,0.0018201268976554275,0.0009732360097323601,0.001162967276578097
OPC,NMU,0.002263264264911413,0.00145985401459854,0.0030035113435504662
OPC,KLF5,0.0023627527989447117,0.00145985401459854,0.0
OPC,SST,0.05221801996231079,0.032116788321167884,0.007465460552416907
OPC,ANKRD34B,0.0,0.0,0.0
OPC,NPY,0.019031351432204247,0.01119221411192214,0.0014005359822606305
OPC,AKAIN1,0.0,0.0,0.0
OPC,POSTN,0.0015805934090167284,0.0009732360097323601,0.0013373029056631576
OPC,TAC1,0.030661489814519882,0.018491484184914843,0.019612904498130003
OPC,NOG,0.006048017647117376,0.0034063260340632603,0.014278232029417953
OPC,LINC00943,0.0,0.0,0.0
OPC,PVALB,0.009177064523100853,0.00535279805352798,0.008374326504737718
OPC,CNGB1,0.003499058773741126,0.0019464720194647203,0.0040337373835643755
OPC,LINC00507,0.028004242107272148,0.01654501216545012,0.012763386601872073
OPC,TESPA1,0.02781495451927185,0.0170316301703163,0.004500763564547256
OPC,CCDC168,0.004416522569954395,0.00291970802919708,0.060288743390773065
OPC,TWIST2,0.0007593600894324481,0.00048661800486618007,0.0017750459078599045
OPC,VIPR2,0.4116959869861603,0.22189781021897811,0.5521424368389957
OPC,TRABD2A,0.005399641115218401,0.0034063260340632603,0.008139557342848163
OPC,TLL1,0.7324098348617554,0.3518248175182482,0.3125275794216496
OPC,HS3ST2,0.01970018818974495,0.01167883211678832,0.0013332803673030112
OPC,ABCB11,0.0031522326171398163,0.0019464720194647203,0.009692178595105959
OPC,CACNA1H,0.0006561581394635141,0.00048661800486618007,0.0011215008792840064
OPC,ATP10A,0.006437843665480614,0.0034063260340632603,0.001587671757656314
OPC,CD200R1L,0.0009342151461169124,0.00048661800486618007,0.0016517267667310067
OPC,IL26,0.0,0.0,0.0
OPC,PDLIM1,0.002143275924026966,0.00145985401459854,0.00616530427236987
OPC,SH2D1B,0.0005143513553775847,0.00048661800486618007,0.002026438287216242
OPC,THEMIS,0.007200692314654589,0.004379562043795621,0.004809908647422982
OPC,RXFP1,0.0316145159304142,0.01897810218978102,0.007699531881461895
OPC,SMYD1,0.0008375694160349667,0.00048661800486618007,0.0009225496811479478
OPC,SYT6,0.08019011467695236,0.04817518248175182,0.16582081568372728
OPC,ABO,0.0022975800093263388,0.00145985401459854,0.0036666346197565297
OPC,NPFFR2,0.0013305633328855038,0.0009732360097323601,0.0010680834146164781
OPC,SEMA3D,0.011493035592138767,0.0072992700729927005,0.009447334709367074
OPC,MCTP2,0.007431849371641874,0.004379562043795621,0.004451260096537344
OPC,SDC4,0.0017656865529716015,0.0009732360097323601,0.001507746645123588
OPC,MLC1,0.007028589490801096,0.004379562043795621,0.007172635464356942
OPC,ETNPPL,0.0054933782666921616,0.0034063260340632603,0.0027332026616251484
OPC,TMEM235,0.014870689250528812,0.008759124087591242,0.011861223691500734
OPC,FOLH1,0.004333327990025282,0.0024330900243309003,0.0022586079585435663
OPC,LINC01608,0.005445157177746296,0.0034063260340632603,0.002075561891880618
OPC,GPR17,0.9488447904586792,0.4720194647201946,1.0
OPC,PDGFRA,2.410670042037964,0.9085158150851581,1.0
OPC,COL9A1,1.4984688758850098,0.7070559610705596,1.0
OPC,CD86,0.0,0.0,0.0
OPC,FGD2,0.001584364683367312,0.0009732360097323601,0.001046284021872584
OPC,IKZF1,0.001647580647841096,0.0009732360097323601,0.0009504516585856077
OPC,CLDN5,0.0018434962257742882,0.0009732360097323601,0.0005789656553740095
OPC,MECOM,0.009845340624451637,0.00535279805352798,0.002212231073727632
OPC,FLT1,0.006109445821493864,0.0034063260340632603,0.0005865526446168025
OPC,COL1A2,0.0,0.0,0.0
OPC,ITIH5,0.005682033486664295,0.0034063260340632603,0.001835214322855804
OPC,EBF1,0.002576400525867939,0.00145985401459854,0.0005792470843603575
Microglia-PVM,GAD1,0.07016944885253906,0.031050228310502283,0.017890737036240563
Microglia-PVM,GAD2,0.027380524203181267,0.011872146118721462,0.0035130156778348984
Microglia-PVM,SLC32A1,0.01813421957194805,0.00821917808219178,0.030285835265258878
Microglia-PVM,GRPR,0.0016247374005615711,0.0009132420091324201,0.0037755170243404116
Microglia-PVM,SV2C,0.009519755840301514,0.0045662100456621,0.004647175463542041
Microglia-PVM,NDNF,0.0,0.0,0.0
Microglia-PVM,RXRG,0.0,0.0,0.0
Microglia-PVM,NR2F2,0.008689613081514835,0.0036529680365296802,0.0047310512313936725
Microglia-PVM,CHRNA2,0.0,0.0,0.0
Microglia-PVM,SHISA8,0.016527777537703514,0.0073059360730593605,0.010996969112364167
Microglia-PVM,VIP,0.0463712178170681,0.02009132420091324,0.019848433646852036
Microglia-PVM,SP8,0.0,0.0,0.0
Microglia-PVM,ZNF385D-AS2,0.0,0.0,0.0
Microglia-PVM,NMU,0.003977530170232058,0.0018264840182648401,0.005278463134340967
Microglia-PVM,KLF5,0.0059454962611198425,0.0027397260273972603,0.0039177422902836575
Microglia-PVM,SST,0.07566506415605545,0.03287671232876712,0.014855427187482222
Microglia-PVM,ANKRD34B,0.0,0.0,0.0
Microglia-PVM,NPY,0.03174968436360359,0.0136986301369863,0.004403746757160217
Microglia-PVM,AKAIN1,0.0,0.0,0.0
Microglia-PVM,POSTN,0.0021714079193770885,0.0009132420091324201,0.0018371771661185251
Microglia-PVM,TAC1,0.024466151371598244,0.01004566210045662,0.015649999174557803
Microglia-PVM,NOG,0.0021523283794522285,0.0009132420091324201,0.005081242449741752
Microglia-PVM,LINC00943,0.0020213129464536905,0.0009132420091324201,0.0027064153341690724
Microglia-PVM,PVALB,0.016527248546481133,0.0073059360730593605,0.015081573765204295
Microglia-PVM,CNGB1,0.006226961500942707,0.0027397260273972603,0.010152122062347026
Microglia-PVM,LINC00507,0.03998766466975212,0.017351598173515982,0.021304591683191248
Microglia-PVM,TESPA1,0.05129631608724594,0.021917808219178082,0.018394842857613378
Microglia-PVM,CCDC168,0.03424808382987976,0.015525114155251141,0.46751123874968126
Microglia-PVM,TWIST2,0.047159500420093536,0.02009132420091324,0.1102379219060225
Microglia-PVM,VIPR2,0.006148063577711582,0.0027397260273972603,0.008245421167422896
Microglia-PVM,TRABD2A,0.02209256961941719,0.01004566210045662,0.03330290540260064
Microglia-PVM,TLL1,0.010502785444259644,0.0045662100456621,0.0014502623038114006
Microglia-PVM,HS3ST2,0.036262549459934235,0.0136986301369863,0.010820146790652201
Microglia-PVM,ABCB11,0.01144249178469181,0.0045662100456621,0.03518226204095733
Microglia-PVM,CACNA1H,0.0,0.0,0.0
Microglia-PVM,ATP10A,0.01733577251434326,0.0073059360730593605,0.004275269461070803
Microglia-PVM,CD200R1L,0.0,0.0,0.0
Microglia-PVM,IL26,0.0,0.0,0.0
Microglia-PVM,PDLIM1,0.006315625738352537,0.0027397260273972603,0.0181674015514505
Microglia-PVM,SH2D1B,0.0,0.0,0.0
Microglia-PVM,THEMIS,0.008571850135922432,0.0036529680365296802,0.005725812781817901
Microglia-PVM,RXFP1,0.03729214519262314,0.01643835616438356,0.01038515307135224
Microglia-PVM,SMYD1,0.0,0.0,0.0
Microglia-PVM,SYT6,0.4494709372520447,0.18904109589041096,0.9294367234853795
Microglia-PVM,ABO,0.0,0.0,0.0
Microglia-PVM,NPFFR2,0.00621788389980793,0.0027397260273972603,0.004991283393473132
Microglia-PVM,SEMA3D,0.004503905773162842,0.0018264840182648401,0.003702233843913629
Microglia-PVM,MCTP2,0.31099382042884827,0.13333333333333333,0.1862678202853302
Microglia-PVM,SDC4,0.0018430178752169013,0.0009132420091324201,0.001588705653388625
Microglia-PVM,MLC1,0.0341264083981514,0.015525114155251141,0.03482580501650701
Microglia-PVM,ETNPPL,0.0019344368483871222,0.0009132420091324201,0.0009624693014160735
Microglia-PVM,TMEM235,0.0021901873406022787,0.0009132420091324201,0.0017469467309494703
Microglia-PVM,FOLH1,0.005326431710273027,0.0027397260273972603,0.002776231358243273
Microglia-PVM,LINC01608,0.012418490834534168,0.005479452054794521,0.004733627605125633
Microglia-PVM,GPR17,0.0018951680976897478,0.0009132420091324201,0.0019973425756741607
Microglia-PVM,PDGFRA,0.004251646809279919,0.0018264840182648401,0.0005080659546286197
Microglia-PVM,COL9A1,0.0039657894521951675,0.0018264840182648401,0.0026465611104888216
Microglia-PVM,CD86,1.372560977935791,0.5205479452054794,1.0
Microglia-PVM,FGD2,1.5142778158187866,0.5844748858447488,1.0
Microglia-PVM,IKZF1,1.7334712743759155,0.6447488584474886,1.0
Microglia-PVM,CLDN5,0.004804585129022598,0.0018264840182648401,0.0015089207881922564
Microglia-PVM,MECOM,0.002240109955891967,0.0009132420091324201,0.0
Microglia-PVM,FLT1,0.10745817422866821,0.047488584474885846,0.027588189974421785
Microglia-PVM,COL1A2,0.0,0.0,0.0
Microglia-PVM,ITIH5,0.06309416890144348,0.0273972602739726,0.020378500536537492
Microglia-PVM,EBF1,0.004155348055064678,0.0018264840182648401,0.0011939236478107703
Endothelial,GAD1,0.0378032885491848,0.02247191011235955,0.0031186884037740525
Endothelial,GAD2,0.07469522953033447,0.033707865168539325,0.020953056215581297
Endothelial,SLC32A1,0.0,0.0,0.0
Endothelial,GRPR,0.030731400474905968,0.011235955056179775,0.07141272530239481
Endothelial,SV2C,0.04845587909221649,0.02247191011235955,0.023654280231474527
Endothelial,NDNF,0.015777558088302612,0.011235955056179775,0.02797085785814324
Endothelial,RXRG,0.0,0.0,0.0
Endothelial,NR2F2,0.23142001032829285,0.11235955056179775,0.14767898314816297
Endothelial,CHRNA2,0.0,0.0,0.0
Endothelial,SHISA8,0.010153734125196934,0.011235955056179775,0.006755917442331666
Endothelial,VIP,0.06622929871082306,0.033707865168539325,0.029096731176176064
Endothelial,SP8,0.0,0.0,0.0
Endothelial,ZNF385D-AS2,0.0,0.0,0.0
Endothelial,NMU,0.0,0.0,0.0
Endothelial,KLF5,0.023197006434202194,0.011235955056179775,0.022782327960425532
Endothelial,SST,0.0978861004114151,0.0449438202247191,0.021858984444711863
Endothelial,ANKRD34B,0.0,0.0,0.0
Endothelial,NPY,0.08203952014446259,0.033707865168539325,0.016278807545365988
Endothelial,AKAIN1,0.0,0.0,0.0
Endothelial,POSTN,0.0,0.0,0.0
Endothelial,TAC1,0.06467954814434052,0.033707865168539325,0.041372868977045694
Endothelial,NOG,0.0,0.0,0.0
Endothelial,LINC00943,0.0,0.0,0.0
Endothelial,PVALB,0.021130375564098358,0.011235955056179775,0.0192820551382263
Endothelial,CNGB1,0.025741636753082275,0.011235955056179775,0.05392138439106446
Endothelial,LINC00507,0.03425731882452965,0.02247191011235955,0.01722027780743976
Endothelial,TESPA1,0.04659385234117508,0.02247191011235955,0.015612363486834948
Endothelial,CCDC168,0.0,0.0,0.0
Endothelial,TWIST2,0.039120305329561234,0.02247191011235955,0.09144586192483194
Endothelial,VIPR2,0.0,0.0,0.0
Endothelial,TRABD2A,0.24632760882377625,0.12359550561797752,0.37132054785954066
Endothelial,TLL1,0.07995277643203735,0.033707865168539325,0.03137699163519607
Endothelial,HS3ST2,0.04568594694137573,0.02247191011235955,0.01621783808008626
Endothelial,ABCB11,0.0,0.0,0.0
Endothelial,CACNA1H,0.0,0.0,0.0
Endothelial,ATP10A,4.054895877838135,1.0,1.0
Endothelial,CD200R1L,0.0,0.0,0.0
Endothelial,IL26,0.0,0.0,0.0
Endothelial,PDLIM1,0.02545931749045849,0.011235955056179775,0.07323575893141503
Endothelial,SH2D1B,0.0,0.0,0.0
Endothelial,THEMIS,0.049230948090553284,0.02247191011235955,0.03288522166954208
Endothelial,RXFP1,0.04483800753951073,0.02247191011235955,0.013954482254165521
Endothelial,SMYD1,0.0,0.0,0.0
Endothelial,SYT6,0.0,0.0,0.0
Endothelial,ABO,0.0602741613984108,0.033707865168539325,0.09618961079183697
Endothelial,NPFFR2,0.0,0.0,0.0
Endothelial,SEMA3D,0.0,0.0,0.0
Endothelial,MCTP2,0.0,0.0,0.0
Endothelial,SDC4,0.026086078956723213,0.011235955056179775,0.026969031832755914
Endothelial,MLC1,0.015954969450831413,0.011235955056179775,0.016281955272183863
Endothelial,ETNPPL,0.025953754782676697,0.011235955056179775,0.012913159845788849
Endothelial,TMEM235,0.0,0.0,0.0
Endothelial,FOLH1,0.0,0.0,0.0
Endothelial,LINC01608,0.0,0.0,0.0
Endothelial,GPR17,0.018234388902783394,0.011235955056179775,0.019217462208933816
Endothelial,PDGFRA,0.04760611802339554,0.02247191011235955,0.018515094312302423
Endothelial,COL9A1,0.0,0.0,0.0
Endothelial,CD86,0.0,0.0,0.0
Endothelial,FGD2,0.0,0.0,0.0
Endothelial,IKZF1,0.0,0.0,0.0
Endothelial,CLDN5,3.1841201782226562,0.9325842696629213,1.0
Endothelial,MECOM,3.4400503635406494,0.9325842696629213,1.0
Endothelial,FLT1,3.7573368549346924,0.9887640449438202,1.0
Endothelial,COL1A2,0.055211324244737625,0.02247191011235955,0.02782601170907142
Endothelial,ITIH5,1.45090651512146,0.5393258426966292,0.4686217397213701
Endothelial,EBF1,2.3982956409454346,0.8426966292134831,0.9332210495907977
VLMC,GAD1,0.050288617610931396,0.03225806451612903,0.008817043919653841
VLMC,GAD2,0.03169063478708267,0.016129032258064516,0.00510170787797996
VLMC,SLC32A1,0.04324646294116974,0.024193548387096774,0.07222562003536447
VLMC,GRPR,0.0,0.0,0.0
VLMC,SV2C,0.0,0.0,0.0
VLMC,NDNF,0.11200885474681854,0.056451612903225805,0.19857215783597396
VLMC,RXRG,0.0,0.0,0.0
VLMC,NR2F2,1.5594406127929688,0.6532258064516129,1.0
VLMC,CHRNA2,0.0,0.0,0.0
VLMC,SHISA8,0.0,0.0,0.0
VLMC,VIP,0.03290552273392677,0.016129032258064516,0.013577195492755748
VLMC,SP8,0.0,0.0,0.0
VLMC,ZNF385D-AS2,0.06523767113685608,0.03225806451612903,0.04168350944654302
VLMC,NMU,0.0,0.0,0.0
VLMC,KLF5,0.04079775884747505,0.024193548387096774,0.04202881122061062
VLMC,SST,0.04684142768383026,0.024193548387096774,0.005770882881133246
VLMC,ANKRD34B,0.0,0.0,0.0
VLMC,NPY,0.017488637939095497,0.008064516129032258,0.0010362513067392913
VLMC,AKAIN1,0.0,0.0,0.0
VLMC,POSTN,0.0,0.0,0.0
VLMC,TAC1,0.0,0.0,0.0
VLMC,NOG,0.0,0.0,0.0
VLMC,LINC00943,0.0,0.0,0.0
VLMC,PVALB,0.0,0.0,0.0
VLMC,CNGB1,0.01605912297964096,0.008064516129032258,0.03220457486820509
VLMC,LINC00507,0.07602909207344055,0.04032258064516129,0.046993181171991916
VLMC,TESPA1,0.033180154860019684,0.016129032258064516,0.007675388627993577
VLMC,CCDC168,0.0,0.0,0.0
VLMC,TWIST2,0.06871194392442703,0.04032258064516129,0.1606179421087464
VLMC,VIPR2,0.05283084511756897,0.024193548387096774,0.07085362132630815
VLMC,TRABD2A,0.0,0.0,0.0
VLMC,TLL1,0.030876219272613525,0.016129032258064516,0.010229388565171518
VLMC,HS3ST2,0.023608427494764328,0.008064516129032258,0.0035719070722968808
VLMC,ABCB11,0.0,0.0,0.0
VLMC,CACNA1H,0.027590490877628326,0.016129032258064516,0.04715747305129347
VLMC,ATP10A,0.4436432719230652,0.20967741935483872,0.10940928825023082
VLMC,CD200R1L,0.0,0.0,0.0
VLMC,IL26,0.0,0.0,0.0
VLMC,PDLIM1,0.21601606905460358,0.11290322580645161,0.6213874651008937
VLMC,SH2D1B,0.0,0.0,0.0
VLMC,THEMIS,0.021510137245059013,0.008064516129032258,0.014368312187385483
VLMC,RXFP1,0.015337057411670685,0.008064516129032258,0.0
VLMC,SMYD1,0.0,0.0,0.0
VLMC,SYT6,0.009591970592737198,0.008064516129032258,0.019834718956439533
VLMC,ABO,0.24487566947937012,0.12096774193548387,0.390789266795708
VLMC,NPFFR2,0.0,0.0,0.0
VLMC,SEMA3D,0.10235540568828583,0.056451612903225805,0.08413667295276704
VLMC,MCTP2,0.9947120547294617,0.4032258064516129,0.5957766170096278
VLMC,SDC4,0.04261522367596626,0.024193548387096774,0.044273574482296976
VLMC,MLC1,0.0,0.0,0.0
VLMC,ETNPPL,0.0,0.0,0.0
VLMC,TMEM235,0.0,0.0,0.0
VLMC,FOLH1,0.0140335438773036,0.008064516129032258,0.007314533762689707
VLMC,LINC01608,0.0,0.0,0.0
VLMC,GPR17,0.012797924689948559,0.008064516129032258,0.013487901096829482
VLMC,PDGFRA,1.195629358291626,0.46774193548387094,0.4953398937818417
VLMC,COL9A1,0.057211555540561676,0.024193548387096774,0.03818000924895554
VLMC,CD86,0.01914995349943638,0.008064516129032258,0.013951987421525123
VLMC,FGD2,0.021258555352687836,0.016129032258064516,0.014038741854771941
VLMC,IKZF1,0.06066901236772537,0.03225806451612903,0.034998568055053254
VLMC,CLDN5,0.011856448836624622,0.008064516129032258,0.003723618510920267
VLMC,MECOM,0.05061642825603485,0.016129032258064516,0.014071840715961199
VLMC,FLT1,0.13132792711257935,0.056451612903225805,0.03394764233907336
VLMC,COL1A2,1.9841623306274414,0.7419354838709677,1.0
VLMC,ITIH5,3.09611439704895,0.9354838709677419,1.0
VLMC,EBF1,2.569833755493164,0.8467741935483871,1.0
