"cell_type","genes","estimate","se","pval","ci.lb","ci.ub","k","tau2","I2","padj"
"Astro-4","FKBP5",0.641397625015333,0.244842337755573,0.008802385329154,0.161515461123817,1.12127978890685,6,0.227967245326553,69.1580047660286,0.113930399686823
"Astro-4","ADGRB1",-0.601996109360344,0.104207139876402,7.60813090588197e-09,-0.806238350450019,-0.39775386827067,6,3.00845514080267e-06,0.00328276279613113,3.33500535265724e-05
"Astro-4","ADGRL1",-0.346118750317705,0.0840383680717624,3.81214063616565e-05,-0.51083092505788,-0.18140657557753,6,0.00357273221774745,7.08360772602938,0.005274508917917
"Astro-4","GABBR1",-0.284987853836447,0.0578658626981085,8.43716869409435e-07,-0.39840286065908,-0.171572847013815,6,0,0,0.000768063590119056
"Astro-4","SMAD1",0.367124311303443,0.117004338627951,0.00170280063499399,0.137800021557731,0.596448601049155,6,0.0286104418518717,39.7973121472286,0.0439195085661367
"Astro-4","AHCTF1",0.24970107778168,0.0640939232824561,9.78501087082332e-05,0.124079296520192,0.375322859043167,6,0.00342256736158354,13.2994919060906,0.00816439543580044
"Astro-4","GRAMD4",-0.204554807642989,0.185391529516054,0.269868027735951,-0.567915528533248,0.158805913247271,5,0.110628615081979,78.1408300059249,0.639765263669168
"Astro-4","ARHGAP26",0.276321943023312,0.0637441467941605,1.45853011578407e-05,0.151385711081523,0.401258174965101,6,0.00324930336719382,12.9227283467612,0.00269401887791917
"Astro-4","SERINC5",0.408889963573457,0.0858115030157669,1.88873824451065e-06,0.240702508203303,0.57707741894361,6,0.00579181494443686,12.627271511569,0.00128953603643964
"Astro-4","AHCYL1",0.292958820370099,0.0776416734589123,0.000161156515981428,0.140783936691212,0.445133704048987,5,0.00525936909739528,16.7888655376674,0.0117364918705408
"Astro-4","DTNA",0.277910722897463,0.0602617860881415,3.99343079771385e-06,0.159799792520649,0.396021653274277,6,0.00030104797391534,1.19217284896094,0.0016778553090087
"Astro-4","HIPK3",0.300560444269905,0.10141282401165,0.00303932737190451,0.101794961636572,0.499325926903237,6,0.0147066232670604,24.8681240053543,0.0614844670568239
"Astro-4","GAB2",0.0745483019543246,0.219135792081186,0.73371174109562,-0.354949958248457,0.504046562157107,6,0.213294838553985,84.3210619052296,0.917055727657729
"Astro-4","CASKIN1",-0.407774179320618,0.0866697787294597,2.53968337248903e-06,-0.577643824178414,-0.237904534462821,6,0,0,0.00154130562005946
"Astro-4","OSBPL11",0.301722280649735,0.121490092765347,0.0130093417813029,0.0636060743512255,0.539838486948245,6,0.0309570231073873,38.1954099009385,0.141266450913472
"Astro-4","MKLN1",0.197528664873737,0.0566716940879188,0.000491235228112769,0.086454185518545,0.30860314422893,6,0.00394646417222857,20.8749113580899,0.0212946572694599
"Astro-4","PARD3",0.204100134146589,0.0575570005075132,0.000391048585371413,0.091290486093709,0.316909782199468,6,0.00406179333865219,20.7847898734185,0.0182062996420317
"Astro-4","MED13L",0.200411778580938,0.0586022017515634,0.000626515910980201,0.0855535737331234,0.315269983428752,6,0.00390042132404742,19.120942090383,0.0244781382983666
"Astro-4","CCDC18",0.371072594414281,0.206537638826109,0.072393704416785,-0.0337337391368331,0.775878927965395,5,0.118070665859524,63.3156811858011,0.342375741079901
"Astro-4","RHOBTB3",0.318149119251714,0.0654154350630416,1.15317770795325e-06,0.189937222495134,0.446361016008295,6,0.00243082294055701,8.89259827296805,0.000899808091548663
"Astro-4","BMPR1B",0.19873750096591,0.0544125359177154,0.000259779303041208,0.0920908902596962,0.305384111672125,6,0.00103810438485096,5.12296762581519,0.014170308313054
"Astro-4","SLC7A2",0.242860337912162,0.152920424220865,0.112252769940513,-0.0568581860613196,0.542578861885644,6,0.0624298955994833,49.10527380831,0.432082191272082
"Astro-4","MTM1",0.239130591713384,0.124181664569122,0.0541479206306784,-0.00426099838232905,0.482522181809097,6,0.0503714638782919,67.8811839527053,0.299348119923852
"Astro-4","MYO9A",0.238946322924804,0.0525464700537503,5.43298739274955e-06,0.135957134104741,0.341935511744867,6,0,0,0.00197833180927987
"Astro-4","XPOT",0.132331892984601,0.169321962075499,0.434484936823098,-0.199533054475034,0.464196840444237,5,0.0849410039962514,69.5671822488422,0.771058067058848
"Astro-4","STK3",0.219573869957195,0.0706246089870903,0.00187704080763823,0.081152179920274,0.357995559994116,6,0.00546973438744071,18.3222259581014,0.0453645880146903
"Astro-4","SLC14A1",0.443202554523421,0.23496925547658,0.0592659763464078,-0.0173287236848674,0.90373383273171,6,0.19512710434545,65.1673373443987,0.312083361928605
"Astro-4","NUP98",0.275309779885777,0.0701463890113308,8.68057703736212e-05,0.137825383778032,0.412794175993521,6,2.26497979339722e-06,0.00632354440452492,0.00803148764275669
"Astro-4","SORT1",0.110963237024282,0.10668046689889,0.298272179149579,-0.0981266359514604,0.320053110000024,6,0.033860794002623,60.2142007559957,0.667738225551382
"Astro-4","SGMS1",0.174070764426675,0.0571494667057434,0.0023199572612563,0.0620598679477474,0.286081660905603,6,0.00231328117040061,11.1279542114257,0.0523620105825698
"Astro-4","UGP2",0.214656376284151,0.10006356108822,0.0319368396225623,0.0185354003864162,0.410777352181886,6,0.0189999585094316,34.8943718857335,0.228922595824718
"Astro-4","CAB39L",0.3738048391854,0.110617470729079,0.00072682084264125,0.156998580495491,0.590611097875309,6,0.0282274949180154,43.3140608884088,0.0258355952486464
"Astro-4","TMBIM1",0.661345387045858,0.12960357728824,3.34606584491971e-07,0.407327043293354,0.915363730798362,5,0,0,0.000456905291123787
"Astro-4","OTUD7B",0.287927327883673,0.0693386709340108,3.28893919168019e-05,0.152026030117138,0.423828625650209,6,0,0,0.0048046613611953
"Astro-4","RAB3GAP2",0.210610893908867,0.0713365644967457,0.00315359697784587,0.0707937967144268,0.350427991103307,6,0.00360197482754071,10.7930211153418,0.0624092271485295
"Astro-4","ELL2",0.519301333773981,0.127706785147056,4.77538384723752e-05,0.269000634304357,0.769602033243606,6,4.14358661413245e-06,0.00356202378888033,0.00606584804037473
"Astro-4","MFGE8",-0.609604467193638,0.172738856266078,0.000417050616851395,-0.948166404205791,-0.271042530181485,5,0.0647935625765822,47.8273124269392,0.0188258716466308
"Astro-4","MAP2K6",-0.543616318062388,0.12478538025765,1.32212827647578e-05,-0.788191169164517,-0.299041466960259,5,0,0,0.00258891210413444
"Astro-4","ZBTB38",0.0602628152559725,0.147586793440038,0.683037883693511,-0.229001984480254,0.349527614992199,6,0.072346135940191,69.1874699066646,0.899156346844844
"Astro-4","SPAG16",-0.194666230832529,0.100231384293687,0.0521167129040008,-0.391116134168749,0.00178367250369107,6,0.0249437134360523,49.4769125360487,0.292933104403621
"Astro-4","KCNA2",-0.390839601100336,0.090784164642192,1.66871342477196e-05,-0.568773294165587,-0.212905908035085,5,0,0,0.00294016539551757
"Astro-4","PPP3CC",0.299355700554677,0.0682275432841988,1.14604199234074e-05,0.165632172963999,0.433079228145354,6,7.36007412546736e-08,0.000220645344089906,0.00244365405433786
"Astro-4","TMEM184B",-0.322113218796664,0.07149163626585,6.61834699719767e-06,-0.462234251073568,-0.181992186519761,6,0,0,0.0020083006277052
"Astro-4","SESTD1",0.215715022685827,0.0580949638365552,0.000204699552563416,0.101850985883022,0.329579059488632,6,0,0,0.0130008018151323
"Astro-4","RALGAPA2",0.216972272300664,0.0701316660152289,0.00197620870293111,0.0795167327350241,0.354427811866305,6,0.00446655186006027,14.7388687608612,0.0471355979712216
"Astro-4","PLEKHB1",-0.321537824090667,0.118508965647206,0.00666380652957008,-0.553811128604285,-0.0892645195770496,6,0.01562835405043,18.642315202667,0.0968024235758292
"Astro-4","SLC35F5",0.178019871993589,0.0920364310597405,0.0530845269969606,-0.00236821814910607,0.358407962136284,6,0.0120408171684951,24.8061288130265,0.296167197607149
"Astro-4","HIF1A",0.217109557615539,0.108400487034236,0.0451937456542206,0.00464850712183534,0.429570608109243,6,0.0181515028414147,27.0033511464417,0.273667670469349
"Astro-4","SETX",0.113112326348236,0.0866934795456226,0.191981883837302,-0.0568037712556444,0.283028423952116,6,0.0164688902298128,42.785322949473,0.542194958386423
"Astro-4","ALDH1L1",0.362801616101849,0.098654037433356,0.000235518038150353,0.169443255803005,0.556159976400693,5,0.00919645704956554,18.6074693391748,0.0135410476250234
"Astro-4","MXI1",-0.156305907121458,0.176253357988156,0.375173055655697,-0.501756140932489,0.189144326689572,6,0.13855590419004,87.3090097737007,0.725767956525292
"Astro-4","NEO1",0.23359536613717,0.0578811550429781,5.44221617658805e-05,0.120150386869354,0.347040345404986,6,7.58224125395401e-08,0.00032318703535598,0.00639829756070695
"Astro-4","LPP",0.169653977977617,0.0576008359688442,0.00322601184315383,0.0567584139992827,0.282549541955951,6,0.00136334101452117,6.09429249361568,0.0633830096665692
"Astro-4","PSD2",-0.252677394040903,0.0918725825118228,0.00595402701862574,-0.43274434693076,-0.0726104411510456,6,0.0150827838602965,32.6599123571619,0.09212718293409
"Astro-4","RUFY3",0.156542559483628,0.0504590141101007,0.00191977487917059,0.0576447091324321,0.255440409834824,6,0.00217632165837854,13.7804210982144,0.0461929973129064
"Astro-4","LMAN2L",0.202810757055193,0.153306240708388,0.185864445596266,-0.0976639533384767,0.503285467448862,5,0.0555801231903902,55.3582346989329,0.533937401990279
"Astro-4","ATP2B2",0.0596327499683002,0.119606233848802,0.618078397093109,-0.174791160701827,0.294056660638428,6,0.0437531817127512,59.22449795001,0.869864520722123
"Astro-4","FAM169A",0.0853006103011699,0.106311451522496,0.422341730437087,-0.123066005827099,0.293667226429438,6,0.0263830854137172,47.8296119731465,0.762615517900298
"Astro-4","FGFR3",-0.44308378488185,0.0777784181585895,1.22116636860389e-08,-0.595526683247182,-0.290640886516519,6,0,0,3.33500535265724e-05
"Astro-4","ASPH",0.243647673484931,0.0522307999042462,3.0887598685427e-06,0.14127718678889,0.346018160180972,6,4.15596638923112e-06,0.0220343450497577,0.0016778553090087
"Astro-4","IFT27",-0.19535851041605,0.133260345190766,0.1426506493967,-0.456543987557327,0.0658269667252278,5,0.0374886462303384,47.1975473152454,0.480829490548636
"Astro-4","PBX3",0.105711305942304,0.157437913008939,0.501935441833587,-0.202861333356366,0.414283945240973,6,0.0737783837165676,58.199983772293,0.810671257527498
"Astro-4","TAPT1",0.20852741767172,0.0967550234823661,0.0311453857290109,0.0188910563229556,0.398163779020485,6,0.0171782080899157,33.9290340808545,0.226099622695952
"Astro-4","AFF1",0.310061074000739,0.0555053264717449,2.32158864467846e-08,0.201272633165981,0.418849514835496,6,3.08458036319138e-06,0.0145525839814996,4.22683905907791e-05
"Astro-4","PIAS1",0.117841120193851,0.0641701795535134,0.066300817014042,-0.00793012061250342,0.243612361000206,6,0.00562495400542167,23.6469201280917,0.32699695804299
"Astro-4","SUGP2",-0.242396834564808,0.0548102965876185,9.75793779778436e-06,-0.349823041858499,-0.134970627271117,6,3.85794842172509e-07,0.00173205203039705,0.00231729809789123
"Astro-4","RBFOX2",0.0869971303615263,0.0643464192734747,0.176371479748647,-0.0391195339485981,0.213113794671651,6,0.00827353197251768,37.9248384496267,0.521573655735583
"Astro-4","PNPLA7",-0.228582551031197,0.0862615648176761,0.00805210398648179,-0.39765211132391,-0.0595129907384845,6,0.00621226726703449,13.1212548343272,0.108339770612488
"Astro-4","KDM4C",0.231846409516557,0.0592569566670121,9.13227671397359e-05,0.115704908615762,0.347987910417351,6,3.4032279272187e-06,0.0136680249569526,0.00803148764275669
"Astro-4","LONRF1",0.0622672479870727,0.169336375787139,0.71308697642042,-0.269625949828261,0.394160445802406,6,0.0879936030407112,59.7866479722697,0.911209718517162
"Astro-4","SLC4A8",-0.282180101467176,0.0803306984028282,0.0004435269575509,-0.439625377189669,-0.124734825744684,5,0,0,0.0196954816434392
"Astro-4","SETD5",0.133150481045968,0.052433217681647,0.0111033291949836,0.0303832627963915,0.235917699295545,6,0.0027978631190292,16.8628242498787,0.13042233131828
"Astro-4","KNDC1",-0.26242131327188,0.0773331687880862,0.000690342175353225,-0.413991538906885,-0.110851087636874,6,0,0,0.0253063688710021
"Astro-4","FBXO21",-0.00808746589946197,0.23890573776059,0.972995073333448,-0.47633410761019,0.460159175811266,6,0.250283112155301,87.814651952997,0.994460940404121
"Astro-4","RBM4B",-0.0582694606299912,0.221645896335244,0.792631987646959,-0.492687434768168,0.376148513508185,6,0.163534514614813,67.293493499,0.941067340022289
"Astro-4","RPTOR",0.170001432268043,0.051651009519423,0.00099708584293976,0.0687673138448383,0.271235550691247,6,0.00121440232855,6.87053068835005,0.0322253424505146
"Astro-4","IMMP2L",0.153237507580409,0.0624173590493763,0.0140866436419594,0.0309017318335265,0.275573283327292,5,0.0036177168562687,18.1463225930393,0.146211029540879
"Astro-4","NPL",0.221507879126069,0.107268810007258,0.038924952827036,0.0112648748473738,0.431750883404764,6,0.0238138508865334,36.7390593757473,0.25492577019337
"Astro-4","NFAT5",0.12233872340766,0.0711260275824463,0.0854274429167918,-0.0170657290173371,0.261743175832657,6,0.0092457594245441,33.5718977695504,0.37568555247688
"Astro-4","ARHGAP21",0.0956518151872276,0.0577976368013075,0.0979359879071028,-0.0176294713348619,0.208933101709317,6,0.00586091669006078,32.2868408756688,0.403072663334167
"Astro-4","CST3",-0.293215520808496,0.0979358292566315,0.00275386049577876,-0.485166218947558,-0.101264822669434,6,0.00531956887431278,8.66353969961975,0.0574000931031882
"Astro-4","DDIT4",0.134658618621471,0.233685968539387,0.564454660441064,-0.323357463408087,0.592674700651029,6,0.160263847898146,54.7469605314611,0.842859171753876
"Astro-4","ZBTB16",0.285971695648213,0.0712745834677835,6.01418704294681e-05,0.146276079038264,0.425667312258163,6,7.82108110771273e-06,0.0223953198344649,0.00670397747521948
"Astro-4","ILDR2",-0.28038590962277,0.230888664932992,0.224603752232791,-0.73291937732997,0.17214755808443,6,0.188296603327794,70.7537147355728,0.585519121691302
"Astro-4","STOM",0.378696423060246,0.130430740345583,0.00369100388783403,0.123056869506007,0.634335976614485,5,0.0211942313043137,24.9895426075364,0.0680127806319029
"Astro-4","HSD17B7",0.189176976508838,0.191659459349216,0.323619388131255,-0.186468661112043,0.564822614129719,5,0.0791601908471534,45.5243514066383,0.68620468701853
"Astro-4","CEP95",0.136821540571899,0.0787235102402356,0.0822106352195659,-0.0174737042355326,0.291116785379331,6,0.0090010499067433,25.9443962252958,0.367759614716846
"Astro-4","FCHSD2",0.106474699387676,0.0645555760499739,0.099076078549793,-0.0200519046715091,0.233001303446862,6,0.00655773332818441,28.3614618682718,0.404880119439448
"Astro-4","LRRN1",-0.338280310973162,0.0927416705861332,0.000264748021166826,-0.52005064518806,-0.156509976758263,6,0,0,0.014170308313054
"Astro-4","EMID1",-0.396913272487448,0.125826387709837,0.00160799949488008,-0.643528460703502,-0.150298084271393,6,0.0365959444962578,44.1204951921683,0.0426032035097562
"Astro-4","MAPRE2",0.366536041609183,0.0729187383101832,4.99155436893068e-07,0.223617940723123,0.509454142495243,6,0,0,0.000545277399261987
"Astro-4","LIMS1",0.203838519183987,0.074692951120801,0.00635229499442957,0.0574430250882063,0.350234013279768,6,0.00211783675854184,5.72620612718354,0.0947984569933724
"Astro-4","SMURF1",0.0641114055983932,0.115707976565135,0.579524511297574,-0.162672061193275,0.290894872390062,6,0.0368730640049251,58.176369053528,0.847940766329319
"Astro-4","PHC3",0.125475861776899,0.066126765523721,0.0577613323463221,-0.00413021706371874,0.255081940617517,6,0.00621063826306584,24.9703943154905,0.308930917479346
"Astro-4","DNAJC1",0.164609472802887,0.0683301107811234,0.0159948638012168,0.0306849166122533,0.298534028993521,6,0.00425745268604535,14.7936705028773,0.156383082093119
"Astro-4","SLC44A3",0.447637387283753,0.115473758680716,0.000105957137158737,0.221312979110079,0.673961795457426,6,0,0,0.00851085122295617
"Astro-4","CPNE8",0.428119522864518,0.10319194043037,3.34267908688065e-05,0.22586703612619,0.630372009602846,6,0,0,0.0048046613611953
"Astro-4","CSNK1A1",0.158431890390763,0.058197927326715,0.00648303639605115,0.0443660488555221,0.272497731926004,6,0.0023214756422774,10.7549692981039,0.0954456733025105
"Astro-4","HIF3A",0.166433719898492,0.143941766543582,0.247575924012938,-0.115686958398002,0.448554398194986,6,0.0553818088535086,51.3641281839665,0.614524701153615
"Astro-4","MGAT5B",-0.369039972402671,0.11797371544943,0.00175907872700677,-0.600264205805931,-0.137815738999411,5,0.0112780672776321,14.7847197143445,0.044177781990602
"Astro-4","FYN",0.147082825766736,0.0681915477310003,0.0310129124175636,0.0134298481639316,0.280735803369541,6,0.00739895891257485,28.0588389577657,0.225856703499643
"Astro-4","RAB5A",0.217654959638673,0.0780198920725989,0.00527509144546383,0.0647387810986772,0.370571138178669,6,0.00384872435606895,9.75441418360088,0.0844942799856992
"Astro-4","WAC",0.059397769809823,0.070527153178293,0.39967758973044,-0.0788329103517708,0.197628449971417,6,0.0106762661451907,42.6030518051828,0.747104378886949
"Astro-4","CLIC4",0.233880090849254,0.243169306404198,0.336150383949177,-0.242722991848559,0.710483173547068,6,0.192453947299888,62.2225596222458,0.695508352055867
"Astro-4","ZNF280D",0.0750303575981978,0.0849087904938646,0.376880696359749,-0.0913878137406336,0.241448528937029,6,0.0162778548190555,44.4317205751175,0.726684855584776
"Astro-4","FAF2",0.121849018552957,0.12566690695124,0.332236447016303,-0.124453593120019,0.368151630225934,6,0.0430929463393276,53.9902818953405,0.692097477880131
"Astro-4","ACAP3",-0.276199606835637,0.112027262221475,0.0136834476458148,-0.495769006076353,-0.0566302075949201,5,0.0246117454927243,43.2781041689573,0.143823033998451
"Astro-4","PVT1",0.405918524813686,0.110755458700972,0.000247340601485405,0.188841814668568,0.622995234958805,6,0,0,0.01407264963868
"Astro-4","GRAMD1B",-0.279453987467507,0.0669309773158832,2.97650691519617e-05,-0.410636292456705,-0.148271682478308,6,0,0,0.00451602243633374
"Astro-4","PKN2-AS1",0.459542637132542,0.165826640007533,0.00558461259784343,0.134528395040488,0.784556879224596,6,0.0746145036450862,51.80643858654,0.0882336148387435
"Astro-4","GDAP1",-0.266838340141772,0.0715253251675462,0.000190961106809292,-0.407025401452679,-0.126651278830866,5,0,0,0.0130008018151323
"Astro-4","MAP6",-0.224763777226227,0.0733397825679473,0.00217894936699362,-0.368507109693402,-0.0810204447590521,6,0,0,0.0506443465639113
"Astro-4","CUEDC1",-0.185637237559504,0.161401235017931,0.25007799535779,-0.501977845254934,0.130703370135926,6,0.079374219784996,63.7561707009064,0.616729294681941
"Astro-4","PPFIA2",0.276463830651952,0.0688108040464323,5.87593009472982e-05,0.141597132973701,0.411330528330202,6,6.24500564146104e-06,0.0186762641472567,0.00668631878696131
"Astro-4","CBFB",0.247226555075379,0.074709643323229,0.000935745915560155,0.100798344864017,0.393654765286742,6,0,0,0.0307894228360817
"Astro-4","D2HGDH",-0.420484593081095,0.090837409076363,3.67470408886273e-06,-0.598522643319698,-0.242446542842491,5,1.44377131362134e-07,0.000305860896946604,0.0016778553090087
"Astro-4","HNRNPC",0.063390588944919,0.0875340242761209,0.468953838189583,-0.108172946058133,0.234954123947971,6,0.01613951888622,40.3380041104109,0.791762858437046
"Astro-4","DTX1",-0.131535981412913,0.144145177886666,0.361492769494825,-0.414055338615897,0.150983375790072,6,0.0562771407912929,55.0655370407752,0.716076384543473
"Astro-4","CNTNAP3B",0.568532193664439,0.220623074605122,0.00996795549164397,0.136118913279906,1.00094547404897,6,0.167306127196247,62.3963261572214,0.124101274945734
"Astro-4","KAT2A",-0.230555305343186,0.116197383032712,0.0472369455537538,-0.458297991185107,-0.00281261950126574,6,0.0294361313057858,41.232920177191,0.279835354245773
"Astro-4","IL6ST",0.128067204768418,0.123153577491135,0.298387118806195,-0.11330937168147,0.369443781218305,6,0.0449088190322389,62.9191564410116,0.667738225551382
"Astro-4","RUFY1",-0.181528056518605,0.0703876476991513,0.00990936612715848,-0.319485310965435,-0.0435708020717745,6,0.00239037138729016,7.35155264948519,0.123855738641967
"Astro-4","IDI2-AS1",-0.245349548935677,0.133015648255765,0.0651079133208287,-0.506055428897223,0.0153563310258704,5,0.0198914791466894,22.4431080186244,0.324766595943714
"Astro-4","ARHGAP23",-0.30946229801159,0.0892661559199891,0.000526816803640387,-0.484420748653106,-0.134503847370075,5,0,0,0.0222138310722037
"Astro-4","ZNF444",-0.317627969829897,0.0855071747612206,0.000203496966921701,-0.485218952781662,-0.150036986878133,5,0,0,0.0130008018151323
"Astro-4","DPY19L1",0.0451575501106135,0.107654928125228,0.674875814954757,-0.165842231773082,0.256157331994309,6,0.0285522271593092,49.3498544006608,0.895807997801919
"Astro-4","SRRM2",-0.213565149527318,0.0580589558155656,0.00023468446125543,-0.327358611905829,-0.0997716871488075,6,0,0,0.0135410476250234
"Astro-4","KCNJ10",-0.287135773443519,0.147663730852551,0.0518322085869651,-0.576551367737334,0.00227982085029699,5,0.0509872795106867,53.05565021168,0.292511007795269
"Astro-4","FERMT2",0.221831836739961,0.0607990513094783,0.00026366621129757,0.102667885879181,0.340995787600741,6,1.31459780173376e-06,0.00508713441750183,0.014170308313054
"Astro-4","NCOA1",0.0770466962241971,0.054415985332139,0.156809614183954,-0.0296066752100553,0.183700067658449,6,0.0062826452191557,40.8596555706319,0.498251374446047
"Astro-4","VPS9D1",-0.139051275908986,0.153539761651629,0.365128063684766,-0.439983678941043,0.161881127123071,6,0.0624986718660484,54.8184489868658,0.71815969890032
"Astro-4","DPY19L3",0.26057015128683,0.0756957480528594,0.00057671476863263,0.112209211320408,0.408931091253253,6,0,0,0.0236843313253491
"Astro-4","PDE9A",-0.231702095427371,0.151551575557891,0.126297594023237,-0.528737725321137,0.065333534466396,6,0.0629958448531932,53.2209416130488,0.454737942356571
"Astro-4","FARP1",0.0730744419491495,0.0830201591859554,0.378750335222039,-0.0896420800461052,0.235790963944404,6,0.0196047876974028,58.4098324018019,0.728171183028081
"Astro-4","SIPA1L2",0.311574078629976,0.124981407755253,0.0126681894006517,0.0666150206925656,0.556533136567386,5,0.00512214423872131,5.67028112183162,0.139144974220768
"Astro-4","NT5C2",0.148653372433436,0.0481865297076182,0.00203581579347141,0.0542095096665351,0.243097235200337,6,4.84444914289088e-07,0.00299892749541312,0.048090584686133
"Astro-4","IRS2",0.420913892221277,0.0921774719254412,4.96308015043222e-06,0.24024936706146,0.601578417381094,6,0,0,0.00193631027011863
"Astro-4","PCCA",0.163119013553633,0.0474550426998201,0.000587462383886718,0.0701088389771748,0.25612918813009,5,0,0,0.0237682928947352
"Astro-4","WDFY3",0.0886904388103638,0.0458799931010394,0.0532243521768967,-0.00123269527861954,0.178613572899347,6,0.00258600801524018,21.0641772215754,0.296410090459221
"Astro-4","DTNBP1",0.257455557641656,0.0613685387446383,2.72586545866853e-05,0.137175431918314,0.377735683364998,6,0,0,0.0043790226868375
"Astro-4","EDNRB",-0.17554457501607,0.147256006972913,0.233220202331161,-0.464161045190158,0.113071895158018,5,0.0402804198467475,40.1628339548013,0.597094990887023
"Astro-4","S100B",-0.350813130119364,0.139086195893685,0.0116599718158058,-0.623417064817669,-0.0782091954210599,6,0.027639081639448,25.0014049746648,0.132957757949752
"Astro-4","ITGAV",0.259247267223604,0.0693789547375367,0.000186462618633513,0.123267014652998,0.395227519794211,6,0,0,0.0128918838351424
"Astro-4","REPS1",0.0191413150734498,0.0842351182193986,0.820239647385367,-0.145956482870045,0.184239113016945,6,0.0192760732691465,55.7752094240515,0.951684798653525
"Astro-4","IGF1R",0.222091740328216,0.0575465284350076,0.000113692685699668,0.109302617160291,0.334880863496141,6,0.00330470506500937,16.4176572605425,0.0087463302717125
"Astro-4","OSBPL9",0.11543080889126,0.0711135760158208,0.104548904752587,-0.0239492389115999,0.25481085669412,6,0.00640334608491046,21.6264897435821,0.417431372630579
"Astro-4","NDUFV1",-0.209625967392403,0.0738083813885249,0.00450940622162955,-0.354287736671108,-0.0649641981136979,5,0.00096486398977679,3.13841827892901,0.0769699274454394
"Astro-4","SACS",-0.115561779086461,0.0949099595270803,0.223378368430017,-0.301581881533693,0.0704583233607703,6,0.0160852695501812,33.2930327306316,0.583497201513512
"Astro-4","AVL9",0.172482621026594,0.068759291024451,0.0121245270164793,0.037716887016162,0.307248355037026,6,0.00562816206936438,20.2019800570662,0.135349537778564
"Astro-4","RPS6KB1",0.297930757281854,0.0748222072120567,6.83811186876926e-05,0.15128192590243,0.444579588661278,5,0,0,0.007323483730827
"Astro-4","INTS4",-0.19807453963975,0.123495950577169,0.108737195589254,-0.44012215500754,0.043973075728039,6,0.0346887304419577,44.1699940583109,0.424154301320283
"Astro-4","FOXJ3",0.210511956360037,0.0660724065101115,0.00144214838108809,0.0810124192283282,0.340011493491745,6,3.3366593221801e-06,0.0106333964517704,0.041457970828964
"Astro-4","EXOC7",-0.225295707098842,0.0701512961765714,0.00132012402106423,-0.362789721073724,-0.0878016931239594,6,0,0,0.0395094814011389
"Astro-4","TIPARP",0.235680820361713,0.206590952703176,0.253949410099275,-0.16923000646833,0.640591647191756,5,0.0810147932274825,42.1600230915582,0.620613726157603
"Astro-4","NDRG2",-0.238822886702043,0.104909743329455,0.0228184622083159,-0.444442205255117,-0.0332035681489696,6,0.016512696158146,26.4602275888789,0.190572539115935
"Astro-4","SNX21",-0.229544061831706,0.146246114436862,0.11651431009888,-0.516181179006879,0.0570930553434677,6,0.0534909075091165,49.7300852844748,0.439200249661892
"Astro-4","MYLK",0.205498545625186,0.116019653101729,0.0765209502514072,-0.0218957959530328,0.432892887203405,6,0.0230993943524998,30.8052168740853,0.35300458637938
"Astro-4","NRSN2-AS1",-0.138082687615717,0.124169420895969,0.266116365179707,-0.381450280553012,0.105284905321577,6,0.0322628010037162,40.8918634157775,0.633621441417419
"Astro-4","INTS6",0.170744054609944,0.0671814284748442,0.0110366412528337,0.0390708743692958,0.302417234850592,6,0.00203408617714948,6.80675436600057,0.13042233131828
"Astro-4","POGZ",0.00476397300240996,0.0788022844048241,0.951793448105483,-0.149685666330528,0.159213612335348,6,0.0172310011392724,57.4573845869792,0.990793941976777
"Astro-4","EBAG9",0.110927693263356,0.177382903278877,0.531736581185927,-0.236736408636396,0.458591795163107,5,0.0820861565659256,57.7189854163169,0.824840106059658
"Astro-4","ACSS3",0.273226866258925,0.0615150498412303,8.92814971036244e-06,0.152659584062927,0.393794148454923,5,5.08257837240214e-07,0.00235624742478247,0.00221661607809089
"Astro-4","TNS3",-0.292013166606976,0.115190531746207,0.0112432923575605,-0.517782460189559,-0.0662438730243927,6,0.0294462512073506,41.8431458041342,0.131219792429478
"Astro-4","PPAT",0.165149842564529,0.174262327815228,0.343278009096262,-0.176398043815431,0.506697728944489,6,0.0975723922932942,63.2602734250736,0.700405112321174
"Astro-4","VPS13C",-0.119105720636436,0.0393605038036915,0.00247794893157004,-0.196250890505023,-0.0419605507678492,6,0,0,0.0547957775879982
"Astro-4","MICALL2",-0.0365130511255098,0.13304877142834,0.783751437404733,-0.297283851312358,0.224257749061338,6,0.0444040705619497,49.1306121060062,0.93801419008406
"Astro-4","KCTD3",0.240184754287417,0.0873290425027947,0.00595330505476561,0.0690229761775713,0.411346532397262,6,0.00227812887957086,4.48079593457889,0.09212718293409
"Astro-4","WWTR1",0.273848070903987,0.218201868155809,0.209470896917694,-0.153819732040755,0.701515873848729,6,0.169368529021083,68.4612985240438,0.564712171161408
"Astro-4","COPA",0.193879977374879,0.0617605860078045,0.00169399054468766,0.0728314531354939,0.314928501614264,6,0,0,0.0439195085661367
"Astro-4","NOTCH1",-0.307728556760736,0.0792339386834905,0.000102837652242913,-0.463024222933632,-0.15243289058784,6,0,0,0.00838357099329542
"Astro-4","EFR3A",0.236700979698835,0.0605419397194423,9.24098186581893e-05,0.118040958294533,0.355361001103137,6,0,0,0.00803148764275669
"Astro-4","ARHGEF3",0.47775536824813,0.138051625227722,0.000538771279886593,0.207179154794574,0.748331581701685,6,1.95952033186527e-06,0.00152159217482642,0.0224638834407677
"Astro-4","ADCY2",0.214154804283605,0.0479722411486635,8.03909606383788e-06,0.120130939374554,0.308178669192656,6,0,0,0.00219547713503412
"Astro-4","TRIM16",-0.149079868239552,0.119909755059516,0.213769378098542,-0.384098669551222,0.0859389330721186,5,0.0192618035511225,27.2931641331064,0.570726710509304
"Astro-4","TPST1",0.445950933310966,0.13524081536389,0.000975642014318578,0.18088380595791,0.711018060664023,6,0,0,0.0317199802512385
"Astro-4","CDC25B",-0.296697442881029,0.0916989779120073,0.00121404840596457,-0.476424137007697,-0.116970748754361,5,0,0,0.0372535527717893
"Astro-4","PLXNB1",-0.215372691838944,0.0789052789972885,0.00634286624503923,-0.370024196863714,-0.0607211868141739,6,0.00344557564214546,8.62735585145732,0.0947984569933724
"Astro-4","ITGB4",0.0784338648406726,0.160202226212032,0.624422035509476,-0.235556728778049,0.392424458459394,6,0.0848160076086216,62.021705356295,0.87215377774148
"Astro-4","FOXN2",-0.185120785468822,0.0778465593577844,0.0174058148867098,-0.337697238130439,-0.0325443328072054,6,0.00502992780508545,13.3224553485901,0.164197859950275
"Astro-4","ASAP3",0.306910475543095,0.0898159990497672,0.000632914437186123,0.130874352170067,0.482946598916122,6,8.4112228649254e-07,0.00150335156006812,0.024480461434924
"Astro-4","PUM2",0.141516410822693,0.0483661713089632,0.00343419547324929,0.0467204569870306,0.236312364658355,6,2.50766560929122e-06,0.0149766760599382,0.0651304710933597
"Astro-4","BCAN",-0.170388305800532,0.104998185920707,0.104637767153013,-0.376180968647158,0.035404357046094,6,0.0126721603319348,19.3087481495146,0.417441054249
"Astro-4","PTN",-0.180065321450132,0.0619343757120791,0.00364497317361269,-0.30145446725078,-0.0586761756494849,6,1.02434830207078e-06,0.00310214791945892,0.0680127806319029
"Astro-4","SNRNP70",-0.189387756794895,0.0751984755936002,0.0117854121123329,-0.336774060650665,-0.042001452939124,6,0.00733025573241234,22.2771685709444,0.133551703231457
"Astro-4","VOPP1",-0.0538527185138596,0.0903993524648152,0.551362174791212,-0.23103219357064,0.12332675654292,6,0.0177235550754956,42.067523694341,0.83630663668692
"Astro-4","NUFIP2",0.155820736137045,0.067126457286186,0.0202705852571913,0.0242552974463541,0.287386174827736,6,0.00187803892673458,6.25594163524402,0.178003113625046
"Astro-4","AK3",0.19162136389774,0.0638349906206624,0.00268367877889706,0.066507081327789,0.31673564646769,5,0.000544848026717814,2.34318090814273,0.0568787029647196
"Astro-4","PPP3CA",0.136370231558308,0.0805546624338838,0.0904762911609002,-0.0215140055988859,0.294254468715502,6,0.0131916787033206,37.9275468729993,0.387080559307474
"Astro-4","YTHDC2",0.0743785889875941,0.0783512292111634,0.342469564968196,-0.0791869984107287,0.227944176385917,6,0.0108544187044524,33.111231403651,0.699801258457271
"Astro-4","HIVEP2",0.165950456211949,0.117101024249678,0.156437230241547,-0.063563333870172,0.39546424629407,6,0.0345231259361831,50.144969575041,0.497647147105025
"Astro-4","RHOU",0.298684887232162,0.0968497588704898,0.00204235958964817,0.108862847934613,0.488506926529711,5,0,0,0.048090584686133
"Astro-4","COQ4",-0.148126476013162,0.0964015326801775,0.124401762852462,-0.337070008120771,0.0408170560944465,5,0.0136360215246776,30.7809680367669,0.450912617549633
"Astro-4","ABCB7",0.160679072785815,0.0877671357138191,0.067138905815924,-0.0113413522395098,0.332699497811139,5,0.00683844015651993,17.309805325932,0.329338393437794
"Astro-4","FCHO2",0.162727584443001,0.102643222777209,0.112882075601451,-0.0384494354574496,0.363904604343452,6,0.0225714471829626,40.8889411194078,0.433538589793599
"Astro-4","KIFC2",-0.256941601730825,0.0999618436558572,0.0101582091658022,-0.452863215124529,-0.0610199883371212,5,0.00380829363757896,7.08089255024082,0.124403897900475
"Astro-4","DRG1",0.124733910078532,0.122433475350232,0.308303024322921,-0.115231292109996,0.36469911226706,6,0.0299908382629639,38.9117186494937,0.676285589900318
"Astro-4","BHLHE40",0.369057850708398,0.104882579979216,0.000433549676178871,0.163491771343493,0.574623930073303,6,0,0,0.0194102322236803
"Astro-4","GLIS3",0.217487462568543,0.0678353501697484,0.00134543455522004,0.0845326193571733,0.350442305779913,6,0,0,0.0395094814011389
"Astro-4","INTS12",0.319173293743,0.149632831492882,0.0329211825288972,0.0258983331121997,0.612448254373801,5,0.0458334293544171,45.1058475156167,0.23292163079383
"Astro-4","AATK",-0.229930632924903,0.0914289360068624,0.0119080919627523,-0.409128054643171,-0.0507332112066358,5,0.00274412594331447,5.9513838427779,0.134177270656211
"Astro-4","WASF2",0.163711481366182,0.0638705044366703,0.0103718814166389,0.038527592995903,0.288895369736462,6,0.00144617646318745,5.29075833602897,0.125891591772626
"Astro-4","COL5A2",0.0734095215520858,0.148589293804966,0.621275711611858,-0.217820142793887,0.364639185898059,5,0.0440044802256776,44.5361649442399,0.871552211630741
"Astro-4","FOXO3",0.239213460684994,0.0590252395947734,5.06230429111983e-05,0.12352611690039,0.354900804469597,6,0.000386928367895856,1.61142569077475,0.0062639275378687
"Astro-4","ZNF135",-0.196377229536682,0.0981862320510345,0.0454950232851641,-0.388818708134402,-0.00393575093896201,6,0.00618187399965908,9.95444083539303,0.274578803517753
"Astro-4","KDM3A",0.19233127616175,0.0661901267104076,0.00366386151151527,0.0626010116772082,0.322061540646291,6,0,0,0.0680127806319029
"Astro-4","DGKG",0.266561455940115,0.0812011730641387,0.00102807399757562,0.107410081231999,0.425712830648231,6,0,0,0.0330314127926945
"Astro-4","P4HA1",0.255331007520611,0.0921152189177126,0.00557360419890069,0.0747884960138717,0.43587351902735,6,0.00516918108246461,9.42357723179373,0.0882336148387435
"Astro-4","PRKAA2",0.0763382721556464,0.123673042421894,0.537064045832445,-0.16605643684976,0.318732981161052,6,0.039390380873613,52.4687914355576,0.826415916826076
"Astro-4","UBA5",0.185009248677903,0.08605021727984,0.0315540367815546,0.0163539219475704,0.353664575408235,6,0.00636600147560696,13.8767427922859,0.226773880132699
"Astro-4","NIM1K",-0.0677372080956963,0.174162067070875,0.697326419762868,-0.409088587027661,0.273614170836268,6,0.101512569969757,70.7584349136336,0.905595232824823
"Astro-4","CYB5B",0.194835331065458,0.0992633507857874,0.0496679819704199,0.000282738540548916,0.389387923590367,5,0.00834269731701417,16.5227085297306,0.287379785511053
"Astro-4","TTBK2",-0.000701610036445476,0.0841722121833101,0.993349380764882,-0.165676114414797,0.164272894341906,6,0.0179691411125473,52.2447552679204,0.998372512258354
"Astro-4","PIP4K2A",0.15467225849498,0.0875523855629824,0.0772910027942996,-0.0169272639690302,0.32627178095899,6,0.00992493859777412,22.1912257047046,0.355057575494083
"Astro-4","AKAP13",0.155102314105315,0.0756378124512641,0.0403066690511547,0.00685492583144201,0.303349702379188,6,0.00318132466804442,8.55733931486536,0.257535353596182
"Astro-4","FNDC3B",0.28343625687144,0.0777567117687445,0.00026721745811874,0.131035902248439,0.435836611494441,6,0,0,0.014170308313054
"Astro-4","APBB2",-0.238526216868965,0.0758656444509883,0.00166620681452723,-0.387220147656824,-0.0898322860811074,6,0,0,0.0437539501007104
"Astro-4","PTPN9",0.103832796105878,0.14207399347385,0.464879301381981,-0.174627114242647,0.382292706454403,6,0.0487124161775229,44.122135597427,0.789417493385599
"Astro-4","SLC27A1",-0.177465457061546,0.0706492352663343,0.0120075198135494,-0.315935413718858,-0.038995500404234,6,0.0035591141736228,11.2456270586594,0.134671608257919
"Astro-4","DENND4A",0.267887687004979,0.0650917034041843,3.86269419107799e-05,0.140310292640415,0.395465081369544,6,1.46763798962505e-06,0.00511305485483696,0.005274508917917
"Astro-4","CLASP1",0.134744623487688,0.0379239267362873,0.000380829656906384,0.0604150929322298,0.209074154043147,6,0,0,0.0179318240174368
"Astro-4","CEP112",0.163275439687262,0.0541094938393023,0.00254868387956168,0.0572227805405375,0.269328098833986,6,2.87901636956835e-06,0.0134341360729172,0.0552417117070075
"Astro-4","TXNDC11",0.135422412973152,0.103184947979257,0.189377078168848,-0.0668163688128297,0.337661194759134,6,0.0160219604242135,26.5188872879303,0.537897868413025
"Astro-4","FKBP10",-0.144346311569558,0.127892793792655,0.259045146913309,-0.395011581285369,0.106318958146253,5,0.0321391129373043,44.1197105379763,0.626719712303517
"Astro-4","ADCY3",0.173247126156029,0.11709654856032,0.139000385129527,-0.0562578917361448,0.402752144048202,6,0.0193453085618406,24.6407211330869,0.475928401626214
"Astro-4","CTSH",-0.45325353197422,0.122956582863724,0.000227547696136016,-0.694244006049234,-0.212263057899207,6,0,0,0.0135410476250234
"Astro-4","BCL2L13",0.135253665447199,0.0826364689896886,0.101686701465598,-0.0267108375821516,0.29721816847655,5,0.00690064968011449,20.0790060416816,0.410200760330251
"Astro-4","BCKDHB",0.0765283180688175,0.093037001839718,0.410759464987203,-0.105820854766617,0.258877490904251,5,0.0170647744419996,43.952286425526,0.754647896992971
"Astro-4","RAPGEF2",0.0690153887482665,0.0683384562702964,0.312540525997709,-0.0649255243005798,0.202956301797113,6,0.00827031882699279,32.8469685043033,0.678552937630837
"Astro-4","CNN3",0.208585667127696,0.14292273530479,0.144446910335022,-0.0715377466416437,0.488709080897036,6,0.0454697789058812,40.4481926104863,0.484125780053083
"Astro-4","XRCC5",0.167531472742471,0.0549316220211628,0.00228979758984709,0.0598674719686245,0.275195473516318,6,0,0,0.0521004755004314
"Astro-4","NCAN",-0.342984079311844,0.0741932092039928,3.78503375304446e-06,-0.488400097249116,-0.197568061374573,6,2.05888569565022e-06,0.0051238422953751,0.0016778553090087
"Astro-4","PPP2CB",0.141165247894569,0.107358448162837,0.188544688699468,-0.0692534439407013,0.351583939729839,6,0.0277417661547244,45.7329789595231,0.537468212273869
"Astro-4","DOCK4",0.0900001337708205,0.0531431424368126,0.0903523830508585,-0.0141585114306144,0.194158778972255,6,0.00280180243706917,16.3421740411943,0.387062522528462
"Astro-4","VMP1",0.176093481626316,0.0837375070145185,0.0354725508862584,0.0119709837226893,0.340215979529942,5,0.00412577907331055,10.8073999633021,0.244018983552574
"Astro-4","LRRC4B",-0.351561942947215,0.0807153321001155,1.32716109329484e-05,-0.509761086863631,-0.193362799030799,6,7.20213584584182e-07,0.0014846455757424,0.00258891210413444
"Astro-4","DUSP16",-0.276025827590481,0.35270414586556,0.433862769248667,-0.967313250684941,0.415261595503979,6,0.603543974119559,93.6335081309875,0.770902953731178
"Astro-4","MSI1",-0.308580042665976,0.0927413108936718,0.000876855355682837,-0.490349671896605,-0.126810413435347,6,0,0,0.0293827236364396
"Astro-4","ZCCHC7",0.116465967365881,0.0541065383161353,0.0313556053580634,0.0104191009381198,0.222512833793643,6,0.00199455364722759,10.731389809241,0.22645683596475
"Astro-4","NUMBL",0.277751210666945,0.150245455733787,0.0645084169896604,-0.016724471412084,0.572226892745974,5,0.0436943114558719,42.399039205645,0.323000082351225
"Astro-4","CD44",0.610412247827502,0.177466579002729,0.000582596315073699,0.262584144522621,0.958240351132382,6,0,0,0.0237473214397951
"Astro-4","CDH4",-0.151744113438512,0.0750771314908696,0.0432615256056014,-0.298892587223195,-0.00459563965382997,6,0.00632401946091348,18.7795138332775,0.268211637750051
"Astro-4","PTPN13",0.0944595323956686,0.0902397233110427,0.295209262636831,-0.0824070752688346,0.271326140060172,6,0.0171741682115348,39.463823272096,0.664646740528594
"Astro-4","WLS",0.204202542201669,0.0522376149846392,9.26370782668751e-05,0.101818698193506,0.306586386209831,6,5.77032868541256e-07,0.00296869360968005,0.00803148764275669
"Astro-4","TMEM41B",-0.207202191993613,0.264043904300045,0.432614068353545,-0.724718734759042,0.310314350771815,6,0.312693760820074,88.2151346805684,0.770902953731178
"Astro-4","MTR",0.171848206374135,0.0563688894124317,0.00229883094024239,0.0613672132772475,0.282329199471022,6,0.000906036627062521,4.23391112336211,0.0521004755004314
"Astro-4","LDLRAD3",0.177665725761072,0.0703521726772979,0.0115574385504182,0.0397780010794251,0.315553450442719,6,0,0,0.132898377605019
"Astro-4","SSBP2",0.198051003514922,0.0506027853560619,9.08413419231266e-05,0.0988713666996296,0.297230640330214,6,0,0,0.00803148764275669
"Astro-4","PPP2R5B",-0.220344853967285,0.119556287479446,0.0653258156569181,-0.454670871552317,0.0139811636177473,5,0.0200401823967533,29.2563834412372,0.325126961040802
"Astro-4","QKI",0.0952488358799636,0.0550125759849668,0.0833802463412135,-0.0125738317473444,0.203071503507272,6,0.00549225555482824,33.1916337128856,0.370865558237547
"Astro-4","GRIK4",-0.251459525949086,0.104166307432867,0.0157776060611959,-0.455621736920031,-0.0472973149781404,6,0.0215386821686981,35.7595714803091,0.155809916672802
"Astro-4","ASCC1",0.0792520669346362,0.113201978105157,0.48386837494845,-0.142619733130163,0.301123866999436,6,0.0357500761304896,55.9569113845598,0.79966386201768
"Astro-4","CACUL1",0.264801456570005,0.0592602492146359,7.87884485475328e-06,0.148653502394451,0.380949410745559,6,0,0,0.00219547713503412
"Astro-4","UGCG",0.434180901169844,0.115859120660094,0.000178612924000693,0.207101197395579,0.661260604944108,6,8.87996408850048e-07,0.000913871780502223,0.0125519440173238
"Astro-4","MCF2L2",-0.0258269450122367,0.156508836389194,0.868928960149091,-0.33257862759733,0.280924737572856,6,0.0672904156340774,53.36595892176,0.964767735772626
"Astro-4","DCUN1D4",0.134535842352806,0.0463196128170517,0.00367826836388667,0.043751069453545,0.225320615252067,6,0,0,0.0680127806319029
"Astro-4","UBE2D3",0.172227134169132,0.091811328284286,0.0606716104258524,-0.00771976264085264,0.352174030979116,6,0.0179499166202359,41.472909916275,0.315562681917335
"Astro-4","SLC25A48",-0.271263530607,0.0793289368806997,0.000627414749500425,-0.426745389825022,-0.115781671388977,5,0,0,0.0244781382983666
"Astro-4","PMM2",0.167440663752925,0.101329461301811,0.0984452715168826,-0.0311614309714703,0.36604275847732,5,0.00891669061188685,16.9561629932501,0.40447268364925
"Astro-4","NLGN3",-0.410650150871992,0.103998294923549,7.86017370862707e-05,-0.614483063375722,-0.206817238368261,5,0,0,0.00796163888422034
"Astro-4","YPEL3",-0.224123431315589,0.109915962418581,0.0414456839314631,-0.439554758982066,-0.0086921036491113,6,0.0144430706551289,20.3531089704362,0.261404533064263
"Astro-4","USP3",0.174265819640315,0.0671479186751814,0.00945213862562212,0.0426583174001348,0.305873321880495,6,4.42364731143096e-06,0.013894272485692,0.119785571167397
"Astro-4","ASH1L",0.11680678602631,0.0396969210642696,0.00325610982978748,0.039002250443212,0.194611321609408,6,4.48309708344035e-06,0.0403678140985731,0.0636674066043894
"Astro-4","BCL6",0.32288202087094,0.139533023119539,0.0206666979330219,0.0494023209026482,0.596361720839231,6,0.0402898046124894,38.0445459316186,0.179747618009818
"Astro-4","TNS1",0.284052164460985,0.161818531138599,0.0791952272697762,-0.0331063286018417,0.601210657523811,5,0.0619825407333487,53.7799380517095,0.359571347753547
"Astro-4","SRI",-0.200404275867247,0.0968954773444095,0.0386163220835687,-0.390315921727106,-0.0104926300073878,6,0.012232427053881,22.3649989182966,0.253512441370736
"Astro-4","CAMK2D",0.254362576874901,0.0708081181188601,0.000327797533212497,0.115581215548877,0.393143938200925,6,0,0,0.0167329918355763
"Astro-4","EXD3",-0.191904806657793,0.101332857951871,0.0582507226789038,-0.390513558693974,0.00670394537838709,6,0.0179016413326844,32.0480946332244,0.309862209809571
"Astro-4","RNF150",0.269507829828665,0.0756648597639717,0.00036823317317281,0.121207429796007,0.417808229861323,6,0,0,0.0175439194365822
"Astro-4","COL5A3",-0.40468451450862,0.108885715229027,0.000201922730522729,-0.618096594788397,-0.191272434228844,6,0.00764888573320844,10.2908199034366,0.0130008018151323
"Astro-4","NEB",-0.24279840921415,0.129635661763902,0.0610781698783489,-0.496879637383415,0.0112828189551152,5,0.0171012125786029,20.2393837473442,0.316238750036901
"Astro-4","KIFC3",-0.243413228233557,0.153468881510565,0.112722190814009,-0.54420670874191,0.0573802522747951,5,0.0521763297298497,49.3349472258586,0.433278399877632
"Astro-4","ZNF638",0.108511882859293,0.0386353850766225,0.00497552653609183,0.0327879195802763,0.184235846138309,6,0,0,0.0817232769365097
"Astro-4","ATG4C",0.0617363669904847,0.112083825545083,0.581767139336313,-0.157943894327348,0.281416628308318,6,0.029937192044094,44.9640186347429,0.848877826274646
"Astro-4","ACTR3",0.123633262816453,0.135584795201837,0.361846647378198,-0.142108052630387,0.389374578263293,6,0.048078616237606,51.4113692534015,0.716076384543473
"Astro-4","FEZ1",-0.164212949648876,0.0603091448963088,0.00647208048648872,-0.282416701584048,-0.0460091977137028,6,2.45529770504693e-06,0.00954114327669013,0.0954456733025105
"Astro-4","APTR",0.170857113751142,0.119322391467941,0.152173926131748,-0.0630104760752114,0.404724703577494,5,0.0176038638188979,25.4165173587452,0.495041086677551
"Astro-4","PUS7",0.216076064039565,0.087654476727786,0.0136979320168061,0.0442764465694003,0.38787568150973,5,0,0,0.143823033998451
"Astro-4","ZNF654",0.224051792424392,0.0776073572910693,0.00388944553243388,0.0719441671985641,0.37615941765022,6,0.00133273612933478,3.30724086268496,0.0703448725104431
"Astro-4","LASP1",-0.22765009576223,0.121616397560738,0.0612245799425455,-0.466013854910782,0.0107136633863225,5,0.0220181244061414,31.0786480405212,0.316375265511999
"Astro-4","SCFD1",0.0631070751029659,0.0712379422634992,0.375691221171611,-0.0765167260662363,0.202730876272168,6,0.00749149544775169,26.2782851880056,0.725926893144657
"Astro-4","ASCC2",0.233008926945968,0.0887549899812733,0.00865713579737962,0.0590523431344593,0.406965510757477,6,2.0713331678213e-06,0.0038060693078851,0.112316569418735
"Astro-4","KMT5A",-0.147027818795741,0.104777771777089,0.160546824441487,-0.352388477859193,0.0583328402677117,6,0.0121357197407404,18.5667138602268,0.503679928259277
"Astro-4","MAP3K7",0.107349150781704,0.0810878732259016,0.185548893808952,-0.0515801603240129,0.266278461887421,6,0.00840308194366709,21.9927389054717,0.533937401990279
"Astro-4","KLHL23",-0.180955383264599,0.0675226730036799,0.00736396873550868,-0.313297390491687,-0.0486133760375116,6,0,0,0.102716522440467
"Astro-4","SORBS1",0.162629980921252,0.0642699742541062,0.0113926300949482,0.0366631460958872,0.288596815746616,6,0.00196011723508176,7.46652176055764,0.132396905486398
"Astro-4","SYNGAP1",-0.250294493413503,0.0736723591876072,0.000680293783315904,-0.394689664077312,-0.105899322749694,6,3.39058920214447e-06,0.00859271551342021,0.0253063688710021
"Astro-4","LDLR",-0.449354296942604,0.452940444215403,0.321157273135981,-1.33710125474637,0.438392660861158,6,0.978307927725496,88.7970686832007,0.684150166095448
"Astro-4","RAB11FIP2",0.116715466227609,0.0612549122173483,0.0567273393024593,-0.00334195559455633,0.236772888049774,6,0.0011665337319135,4.62998087803935,0.307693841567539
"Astro-4","TCERG1",0.117978115780649,0.0526937069442132,0.0251597369570901,0.014700347958083,0.221255883603215,6,0,0,0.201204221463582
"Astro-4","CHD2",0.147302292478371,0.0506913603841148,0.00366238441141197,0.0479490517981653,0.246655533158576,6,0.000170335093767386,0.950431531292293,0.0680127806319029
"Astro-4","ZBTB46",0.0317262113630901,0.126696274692881,0.802269093373829,-0.216593924010351,0.280046346736531,6,0.033315404566922,39.2194156425173,0.944743740332831
"Astro-4","CAPN7",0.122027151300539,0.0651476203412069,0.0610563922252398,-0.00565983824671605,0.249714140847793,6,0.00307524320416384,11.4338261376854,0.316238750036901
"Astro-4","APLF",0.00124451621878829,0.153418156619115,0.993527693146616,-0.299449545329202,0.301938577766778,6,0.0584965667377302,48.4341557442439,0.998372512258354
"Astro-4","RBPMS",0.317087456740255,0.0831844611865532,0.000137925419078382,0.154048908741241,0.480126004739269,6,0,0,0.0104631755417517
"Astro-4","ZBED4",0.125282302612677,0.134234094296025,0.350658856540846,-0.137811687704886,0.388376292930239,5,0.0307003748502351,37.2063170123656,0.707535528048062
"Astro-4","GAN",0.0398914829901237,0.101844449257759,0.695287057225135,-0.159719969580402,0.239502935560649,6,0.0273945462860511,51.0427587946586,0.904987288171934
"Astro-4","ULK3",-0.218145972100674,0.105084231508759,0.0379017782423634,-0.424107281200911,-0.0121846630004366,5,0.00294094865470245,4.95438881544629,0.251542542843
"Astro-4","KLHL5",-0.0881651979363138,0.0883309115939981,0.318219260324718,-0.261290603382142,0.084960207509514,6,0.013093192409059,30.7319419136193,0.682298665243009
"Astro-4","FAM135A",0.232249725946539,0.0601137156171658,0.000111770956442069,0.114429008360011,0.350070443533067,6,0,0,0.0087463302717125
"Astro-4","BMPR2",0.14494670539618,0.0544976278732526,0.00782129875057831,0.0381333175217385,0.251760093270621,6,4.03039704099858e-06,0.0188011967242588,0.107248419301779
"Astro-4","TRIO",0.200554630107343,0.0694145926415997,0.00386188145512804,0.0645045285282888,0.336604731686398,6,1.18468123265272e-08,3.46519953388063e-05,0.0703119883596979
"Astro-4","MAP3K5",0.193432489550899,0.0460554276809075,2.66922831126582e-05,0.103165510003731,0.283699469098066,6,0,0,0.0043790226868375
"Astro-4","TSC2",-0.262959092570307,0.071177041429149,0.000220374556430314,-0.402463530297554,-0.12345465484306,6,0,0,0.0135410476250234
"Astro-4","MMD2",-0.646596774929222,0.17361812611455,0.000195899104036317,-0.986882049177072,-0.306311500681372,6,0.0863984453292756,54.5017965466943,0.0130008018151323
"Astro-4","ZNF337",0.156134222609274,0.0873141600434269,0.0737455165572717,-0.014998386416209,0.327266831634757,6,0.00790267115889645,17.1678020393126,0.343977806520767
"Astro-4","GABPB1",0.317227768978094,0.116748276165265,0.00658379130477421,0.0884053524370376,0.54605018551915,6,0.00800940749227222,9.24552596037943,0.0961515190018094
"Astro-4","MDGA1",-0.461707970203074,0.129655132116337,0.000369379482828076,-0.715827359561876,-0.207588580844272,5,0,0,0.0175439194365822
"Astro-4","ITGB8",0.226993500764648,0.0928230362875752,0.0144674071324546,0.045063692705346,0.40892330882395,6,0.0169232722404346,36.1386307562929,0.149378029787272
"Astro-4","GCLM",0.363329544435537,0.107821718134773,0.000752432209326575,0.152002860140152,0.574656228730922,6,0,0,0.0263980885257212
"Astro-4","IFNAR1",0.0352756827801139,0.156979316542594,0.8222006197296,-0.272398123961083,0.34294948952131,6,0.0724469214133972,59.6063421184772,0.952058466178307
"Astro-4","DPYSL3",0.246575816007317,0.0899635556258702,0.00612821254030502,0.0702504870594458,0.422901144955188,6,0.00391505068195866,7.43610338285341,0.093498036019961
"Astro-4","PPCDC",-0.219620764872987,0.0785065846224673,0.00515026216064952,-0.373490843282269,-0.0657506864637046,6,0,0,0.0832270175191352
"Astro-4","SEC31A",0.108768335251276,0.0812516385366238,0.180681316331356,-0.0504819499653731,0.268018620467926,6,0.00994871669454396,26.9414950788048,0.527416974021148
"Astro-4","ARHGEF12",0.106502422590156,0.0498051081312579,0.0324856286610359,0.00888620440676773,0.204118640773545,6,0.000323969487553219,1.8901574322977,0.230736675873313
"Astro-4","ERBB2",0.314482328956309,0.104866410290249,0.00270969358431982,0.108947941599419,0.520016716313198,5,0,0,0.0569244090675188
"Astro-4","ZEB1-AS1",-0.0292137227234412,0.146800488716513,0.842260477439442,-0.316937393520686,0.258509948073803,6,0.0544832858563466,50.3709352902881,0.95962176215566
"Astro-4","MARK3",0.1076157765843,0.0450451432662743,0.0168913121891876,0.0193289181039558,0.195902635064645,6,0.000256246876970981,1.81325673317992,0.160689169587618
"Astro-4","ZSCAN30",0.186958036826798,0.0833277642644156,0.0248551624711115,0.0236386199562993,0.350277453697296,6,0,0,0.199352272271969
"Astro-4","CSPG5",-0.209261028027972,0.0929880283448545,0.024423040495222,-0.391514214577277,-0.0270078414786678,5,3.42611888996213e-06,0.00579040229278115,0.198106654563521
"Astro-4","EIF4EBP2",0.128057394254917,0.112675754918004,0.255742172961331,-0.092783027315233,0.348897815825067,6,0.0188621780886859,26.1636018919723,0.623043598891521
"Astro-4","MAST4",0.113240834360376,0.0677759208663422,0.0947587811962599,-0.0195975295566918,0.246079198277443,6,0.00239883560141248,8.04186990196225,0.395395311607312
"Astro-4","ZNF98",-0.39970692425204,0.126514281642467,0.00158104195222536,-0.647670359801232,-0.151743488702847,6,5.46035202237762e-06,0.0050084818719143,0.0425895799935828
"Astro-4","BAG3",0.373365665768355,0.313883309657372,0.234241130545879,-0.241834316508329,0.988565648045038,6,0.368865019658984,72.5409998359871,0.59758293089285
"Astro-4","CPSF7",0.0817081012108546,0.0892350594793967,0.359850385884687,-0.0931894015270523,0.256605603948762,6,0.0151286903484671,35.8609181907753,0.714468486987335
"Astro-4","STAMBPL1",0.388106985374441,0.103589126996843,0.000179247827416927,0.185076027270683,0.5911379434782,5,0,0,0.0125519440173238
"Astro-4","ATF1",0.117516052281449,0.180780624652827,0.515661328271695,-0.236807461140746,0.471839565703644,5,0.105766102038475,74.9128855076267,0.817251695069264
"Astro-4","CTNNA1",0.179655338955774,0.0594925973465295,0.00252947359069522,0.0630519908098335,0.296258687101715,6,3.79033443419328e-06,0.0152633239303403,0.0552417117070075
"Astro-4","CADM1",0.072680014758028,0.0892473638550442,0.415435335668797,-0.102241604113001,0.247601633629056,6,0.0178609520710448,41.2599951903817,0.759181289237615
"Astro-4","FHOD3",-0.0153538828147225,0.115442544995825,0.894193213821151,-0.241617113290185,0.21090934766074,6,0.0412488664966945,62.4847174948395,0.974477919770776
"Astro-4","RANBP9",0.173788282075269,0.0683906232076475,0.0110500290739265,0.0397451237080312,0.307831440442508,6,0,0,0.13042233131828
"Astro-4","NCKAP5",-0.304546510367771,0.0703066175421121,1.47968814239427e-05,-0.442344948625143,-0.166748072110399,6,1.07409910814955e-06,0.00309432192324544,0.00269401887791917
"Astro-4","ARHGAP35",0.117046549267548,0.0874092254596671,0.180549830719019,-0.0542723845499412,0.288365483085037,6,0.0159275777448829,39.6419597510319,0.527359986838119
"Astro-4","TMTC1",0.260639510488,0.0800020956665727,0.00112236574356688,0.10383828429379,0.41744073668221,6,0,0,0.0354356167130769
"Astro-4","ZNF100",0.141388074074899,0.119694074960463,0.237505255139406,-0.0932080020104468,0.375984150160245,5,0.0205786496335914,30.2624337715116,0.602255002760797
"Astro-4","PROS1",0.303497973987751,0.106676035929848,0.00444053435457972,0.0944167855517496,0.512579162423753,6,6.14834413115981e-07,0.000788879072787672,0.0762710649204856
"Astro-4","WIPF2",-0.0863875806205537,0.116322579795141,0.457690397797499,-0.314375647607817,0.14160048636671,6,0.043845134630599,67.0051695890387,0.784160901119805
"Astro-4","HPS4",-0.159111797286403,0.0908904790795897,0.0800168747825735,-0.33725386281999,0.0190302682471845,6,0.00907220785252449,18.3834545058888,0.362398150963861
"Astro-4","DLL1",-0.337772660843104,0.104466838912779,0.00122368859765146,-0.542523902690898,-0.13302141899531,5,4.19244210655616e-06,0.00663251724468933,0.0373395928512416
"Astro-4","ETV6",0.346025420066803,0.097622585533901,0.000393325404203542,0.154688668342676,0.53736217179093,6,0,0,0.0182062996420317
"Astro-4","SMARCD3",-0.104911962383578,0.126029317014294,0.405160104860922,-0.351924884727776,0.14210095996062,6,0.0309357552151246,35.9120363297975,0.750164234830629
"Astro-4","VAC14",-0.114414536952343,0.106708663128492,0.283623862919025,-0.323559673522605,0.0947305996179191,5,0.0138278656274974,24.8466780375321,0.65373897112999
"Astro-4","MIER1",0.113659341552249,0.0718931453811604,0.11388987337456,-0.0272486341301274,0.254567317234626,6,0.00465446341606237,14.6065460113638,0.435215378802324
"Astro-4","SAMD4B",0.203487307957629,0.070099974169787,0.00369824164182994,0.0660938832676581,0.340880732647599,6,3.9659589304145e-06,0.0116109958433607,0.0680127806319029
"Astro-4","SDC4",0.226814183057001,0.151363195442942,0.134009507969053,-0.0698522285960621,0.523480594710065,6,0.0568667317612102,46.2040437391786,0.466811181458525
"Astro-4","FBXL2",0.148444579042143,0.170806676619514,0.384803655245949,-0.186330355451084,0.48321951353537,6,0.0944988194768118,65.1613233389395,0.733611715516011
"Astro-4","NCOR1",0.137046888985821,0.0444386301967531,0.00204266123163363,0.0499487742778908,0.224145003693751,6,3.23609973219597e-06,0.0232922041336081,0.048090584686133
"Astro-4","ZNF611",-0.128080142697212,0.15155796019671,0.398060494994449,-0.42512828625312,0.168968000858695,5,0.0550031375120882,52.7739091853923,0.746124373253151
"Astro-4","ZC3H12C",0.192205647397439,0.0792686471488803,0.0153194666742538,0.03684195388242,0.347569340912458,6,0.00404237451212141,10.1493049731781,0.153531976100503
"Astro-4","JARID2",0.124175860779865,0.0537316232470146,0.0208307173376011,0.0188638143848412,0.229487907174889,6,1.14398717861323e-07,0.000552825652226818,0.18007123588599
"Astro-4","ZNF608",0.255626759395045,0.0651430291149492,8.70601283736011e-05,0.127948768485901,0.38330475030419,6,0,0,0.00803148764275669
"Astro-4","CTNNB1",0.168806622636068,0.06484373708102,0.0092335599184803,0.0417152333342844,0.295898011937852,6,4.40968587124487e-06,0.014351719486238,0.118081960416021
"Astro-4","UBAC2",0.056767997589883,0.08529161546106,0.505682560690837,-0.110400496897034,0.2239364920768,6,0.0130546682570136,34.0007337330035,0.813321008979197
"Astro-4","KLF9",0.187667859088342,0.0945503757240083,0.047161697259371,0.00235252794455548,0.372983190232128,6,0.0044581481268602,7.60902799075224,0.279692932063718
"Astro-4","CCND3",0.276574419757529,0.10109543493159,0.00622334569096449,0.0784310082901999,0.474717831224858,6,0.0096305178393488,15.3273574187614,0.0944219837890223
"Astro-4","AP3B1",0.172498798791043,0.062388838342856,0.0056940529161172,0.0502189226017534,0.294778674980332,6,0,0,0.0891143754379144
"Astro-4","SH3GLB2",-0.101396984981124,0.131259195376354,0.439821700238041,-0.358660280558484,0.155866310596236,5,0.0265188014803525,32.7088207867506,0.773689573816483
"Astro-4","TRPS1",0.110119232327507,0.065528030194149,0.0928619208307622,-0.0183133468308786,0.238551811485892,6,0.00780971254766337,33.1671570406092,0.391812103193139
"Astro-4","FBXO11",0.0838809803459513,0.0653002377678026,0.198951936977022,-0.0441051338608439,0.211867094552746,6,0.00748190580088887,32.5375320237417,0.552453217980932
"Astro-4","DAAM1",0.23078190536727,0.0612311619397241,0.000163885131289122,0.110771033233871,0.350792777500669,6,5.51643855065854e-06,0.0209887984903458,0.0117781656197524
"Astro-4","TMTC2",0.213277347325143,0.0662287625615617,0.00128050688353662,0.0834713579638276,0.343083336686459,6,2.34936653237846e-07,0.000764091543337775,0.0388562699882056
"Astro-4","NDUFAF2",0.101646841069293,0.114635223727463,0.375241433399382,-0.123034068796227,0.326327750934812,5,0.020031970433385,31.9677822138093,0.725767956525292
"Astro-4","EMP1",0.795833166905859,0.181108659923337,1.11165902052288e-05,0.440866716167806,1.15079961764391,5,0,0,0.00244365405433786
"Astro-4","SIN3A",0.149741277185213,0.0717713504472865,0.0369455178746662,0.00907201518672848,0.290410539183697,5,0,0,0.247635867347027
"Astro-4","DAP3",0.18648857530029,0.112019765960747,0.0959561043876746,-0.0330661315393798,0.406043282139959,5,0.0195614114298835,32.7606851883103,0.399042842043646
"Astro-4","PLOD2",0.351297141960946,0.0992219546230543,0.00039934200325706,0.156825684424092,0.5457685994978,6,0,0,0.0183294623679837
"Astro-4","PCGF5",0.145884135903623,0.0515034085560855,0.00461835153574695,0.0449393100526435,0.246828961754603,6,3.82733644414682e-06,0.019261779711561,0.0785839130475073
"Astro-4","SMARCA1",0.168374297174349,0.0776042560774865,0.0300331526904256,0.0162727502154519,0.320475844133246,6,6.22047974666885e-07,0.00146222277817979,0.222617949383321
"Astro-4","RFX4",0.145561674058465,0.0585541348453785,0.0129212178434836,0.0307976786156212,0.260325669501308,6,5.47062875008807e-06,0.0228909337252882,0.140589027611768
"Astro-4","TBC1D15",0.0363409739221626,0.095761494596084,0.704320583771241,-0.151348106591889,0.224030054436214,6,0.0160448830222424,32.0679989534758,0.908811487965631
"Astro-4","TRAPPC3",-0.242487498665982,0.0968941466001599,0.0123284046329275,-0.43239653631504,-0.0525784610169248,5,0,0,0.136411673475208
"Astro-4","PPP6C",0.0158407639372618,0.120242757038895,0.89519005681561,-0.219830709260773,0.251512237135297,6,0.031879267996739,42.1772459743913,0.974556705351282
"Astro-4","CAMK2N1",-0.229591399452342,0.0767133234575459,0.00276386387516267,-0.379946750563504,-0.0792360483411808,5,0,0,0.0574000931031882
"Astro-4","SEMA4B",0.240288804431111,0.0768318977549827,0.00176322894067214,0.0897010519674808,0.390876556894741,6,0.00573393702399839,15.9707569154658,0.044177781990602
"Astro-4","EZR",-0.124383390883094,0.140929276118367,0.377455451534724,-0.400599696442394,0.151832914676206,6,0.0630259740369934,63.499206812463,0.726684855584776
"Astro-4","ELF2",0.222347834923161,0.0618813993441613,0.000326731046522225,0.101062520895665,0.343633148950658,6,2.36290727192716e-07,0.000892371891624188,0.0167329918355763
"Astro-4","MCC",-0.232328092605266,0.0582995782005632,6.74592977662064e-05,-0.346593166192246,-0.118063019018286,6,2.99616559182434e-06,0.0126712953953306,0.007323483730827
"Astro-4","PDLIM5",0.113679351740352,0.0475939726635504,0.016916197823669,0.0203968794386097,0.206961824042095,6,0,0,0.160689169587618
"Astro-4","SUB1",-0.24372637166394,0.0781277011228312,0.00181103110486975,-0.396853852059599,-0.0905988912682817,5,0,0,0.0445578914180116
"Astro-4","TMCC1",0.0643642837950434,0.0699426985152976,0.357445750295434,-0.0727208862764831,0.20144945386657,6,0.00968167897868381,37.3545817249651,0.712961946232454
"Astro-4","NPAS3",0.125347737079521,0.041219599408001,0.00235814060073493,0.0445588067826701,0.206136667376371,6,0,0,0.052787557218091
"Astro-4","KANSL1",0.189293799249014,0.0659726695091015,0.00411412587115273,0.0599897430472117,0.318597855450817,6,0.00177902503948707,6.27922973800208,0.0734358023144975
"Astro-4","KMT5B",0.0305511495446865,0.0903388017106177,0.73522443044654,-0.14650964821463,0.207611947304003,6,0.0183463729575955,43.6585000729155,0.9173121134897
"Astro-4","ADAMTS9-AS2",0.448375310694245,0.0993581833702668,6.40025563046221e-06,0.253636849719196,0.643113771669295,6,5.91955179546429e-08,8.61657070124571e-05,0.0020083006277052
"Astro-4","FBXO34",0.0314799742338503,0.104358616030506,0.762917443481922,-0.173059154662385,0.236019103130086,6,0.0187573963971953,31.1659467523505,0.930620130263641
"Astro-4","TNKS",0.0979675531737656,0.0431732304714493,0.0232577733314891,0.0133495763534777,0.182585529994053,6,0.000395773364425935,3.08727273178798,0.192149546078076
"Astro-4","PLA2G4C",-0.0786162414666524,0.0900914932999814,0.382866588725753,-0.255192323648047,0.0979598407147426,6,0.0128024184233264,28.3981055296945,0.732475414227692
"Astro-4","YEATS2",0.12524000338117,0.0625122564629655,0.0451293126157478,0.0027182321214268,0.247761774640914,6,0,0,0.273580805224433
"Astro-4","CNST",0.0502724607285164,0.121984676739254,0.680250654499129,-0.188813112346182,0.289358033803215,5,0.03076271662902,47.1261971824275,0.898338751178492
"Astro-4","MAOB",0.368609685679748,0.107919746225541,0.000636438213797,0.157090869856984,0.580128501502511,5,3.54426987303743e-06,0.00545134732985892,0.024480461434924
"Astro-4","SLC24A4",0.450554546941187,0.114847621758405,8.74299882336394e-05,0.225457344584634,0.67565174929774,6,0,0,0.00803148764275669
"Astro-4","NFIA",0.130168414750953,0.0433474889542617,0.00267415418623899,0.0452088975803519,0.215127931921553,6,0.000816502851167679,6.64819906777255,0.0568787029647196
"Astro-4","SNU13",-0.286478098313389,0.100476879497307,0.00435567193223531,-0.483409163407081,-0.0895470332196959,5,5.5157812090853e-06,0.00964951973419769,0.0760085626002213
"Astro-4","RNF213",-0.0457969292942102,0.14485089783236,0.751876511406101,-0.329699472173926,0.238105613585506,6,0.0707709384433846,69.5559884724131,0.927450204448989
"Astro-4","CUL1",0.124240439975998,0.0825765494301819,0.132440144160623,-0.0376066228747505,0.286087502826745,6,0.0137920086549595,39.5198253260045,0.463820998322052
"Astro-4","HHAT",0.20240014025611,0.0925552977323648,0.0287569576917733,0.0209950901222933,0.383805190389927,5,0,0,0.217960981142625
"Astro-4","TSPOAP1",-0.312742319324655,0.0803164183941917,9.86543571517446e-05,-0.470159606744521,-0.155325031904789,6,5.41039565433153e-08,0.000109152759842973,0.00816439543580044
"Astro-4","ELN",-0.436494080196152,0.121477739859202,0.000326638937945196,-0.674586075243514,-0.19840208514879,6,2.33454253243796e-06,0.00240049967420007,0.0167329918355763
"Astro-4","NOP58",0.0881441848280028,0.0968923589242108,0.362974178768738,-0.101761349040579,0.278049718696584,6,0.0114894044031483,20.8381839575968,0.717058973167819
"Astro-4","PAK1",-0.0650463748946111,0.130401843988969,0.617909832319518,-0.320629292630602,0.190536542841379,6,0.0458169857753023,55.1068610906687,0.869851418590002
"Astro-4","SF3B1",-0.124392087878677,0.0563788571626246,0.0273587629559565,-0.234892617406949,-0.0138915583504049,6,0,0,0.213227642880612
"Astro-4","LINC00667",-0.0274327992667442,0.148581669430397,0.853518379406009,-0.318647520113158,0.26378192157967,5,0.0477794179842123,47.0376260265543,0.963007103556212
"Astro-4","TRIM9",-0.113026450413564,0.147101441874151,0.442275006960865,-0.401339978560812,0.175287077733685,6,0.0863612232478086,75.7985043896587,0.774513785967693
"Astro-4","MAPK1IP1L",0.22198152142524,0.0841986086987007,0.00837899857782569,0.0569552808274053,0.387007762023074,5,2.74354553797905e-06,0.00667689454006523,0.110713942543281
"Astro-4","KRCC1",0.186140647676415,0.0790057239600835,0.0184709274838599,0.0312922741421386,0.340989021210692,6,0,0,0.170707624224777
"Astro-4","TRIP12",0.115244755061091,0.0456068313359417,0.0115068135658526,0.0258570081936525,0.204632501928529,6,0.000437743417226316,2.86929394730916,0.132875720288978
"Astro-4","WDR75",0.149511075744135,0.107869553111277,0.165735934216256,-0.0619093633823982,0.360931514870668,5,0.0103411971907915,17.3941786468946,0.511729605816389
"Astro-4","SCRIB",-0.249330960092803,0.0908963169225775,0.00608758662958378,-0.427484467588393,-0.0711774525972124,5,0.00248040072958715,5.35280132378428,0.0933999948617602
"Astro-4","DST",0.279662685715819,0.0629195899684795,8.79886786661123e-06,0.156342555455572,0.402982815976067,6,3.55196399608584e-06,0.0130951748962065,0.00221661607809089
"Astro-4","PAPOLA",0.0776406365830459,0.0827757996379838,0.348263429786303,-0.084596949498906,0.239878222664998,6,0.0121986491004595,33.0984141993042,0.705974459296623
"Astro-4","PRKCI",0.134832507899659,0.0732985734283198,0.0658421147953085,-0.0088300561380123,0.27849507193733,6,0.00188396564502627,5.11902647120787,0.32694034716424
"Astro-4","MYO1E",0.148042193033034,0.12237993479513,0.22639658337383,-0.0918180715957807,0.387902457661849,6,0.023095411552398,27.027058443117,0.587169106546942
"Astro-4","KIF5B",0.198972609312572,0.0673823228614637,0.00314813789670951,0.0669056833094536,0.331039535315691,6,3.13801707143017e-06,0.00977918444764864,0.0624092271485295
"Astro-4","YBX3",0.192779561633174,0.316248496045541,0.542138380233331,-0.427056100781045,0.812615224047392,5,0.272962510342148,61.1771948198044,0.830421490174241
"Astro-4","HIBADH",0.0728127073933631,0.110240898359683,0.508941200187674,-0.143255483014957,0.288880897801683,5,0.0231067581272674,41.5207271258923,0.814883221025062
"Astro-4","KIAA0232",0.0868826681560398,0.0661228574267736,0.188860284335597,-0.0427157509553133,0.216481087267393,6,0.00427532704698369,16.0669565646417,0.537468212273869
"Astro-4","ZNF160",0.00957566331106185,0.13142931967469,0.941919201360583,-0.248021069763933,0.267172396386057,6,0.0358456920990138,39.8233936012865,0.988427027441211
"Astro-4","PDHX",0.167952751736217,0.0816399684314919,0.0396634482067607,0.0079413539115058,0.327964149560928,5,9.95653835451144e-08,0.00023386235338945,0.257294244780673
"Astro-4","CSE1L",-0.265581619254779,0.107214523037417,0.013245297031685,-0.475718223027756,-0.0554450154818011,5,0.0125494943566719,21.8143392045135,0.141507878633973
"Astro-4","STARD13",0.132765538091287,0.0651734979712679,0.0416390912837389,0.00502782932110807,0.260503246861467,6,0,0,0.262019258746293
"Astro-4","CRISPLD1",0.681528583453948,0.160894384261842,2.27662881196608e-05,0.366181384985989,0.996875781921907,5,0,0,0.00388592080342461
"Astro-4","VPS36",-0.136253869792834,0.0635533350700361,0.0320385361794424,-0.260816117627511,-0.0116916219581564,6,0,0,0.229277381238605
"Astro-4","STAT3",-0.0607548327261536,0.27090459266239,0.822549918769108,-0.591718077590931,0.470208412138624,6,0.336295173608262,87.7936167144805,0.952261054751349
"Astro-4","SHISA5",0.197492775557316,0.109414735994081,0.0710758589598738,-0.0169561663690403,0.411941717483673,6,0,0,0.339944257126822
"Astro-4","BMPR1A",0.202386256343956,0.0601990459841348,0.000773937931713802,0.0843982943113816,0.320374218376531,6,1.28861016328051e-06,0.00497717590793209,0.0269251527580942
"Astro-4","PRKX",0.335450859257847,0.106167200117399,0.00157960475474657,0.127366970688288,0.543534747827406,6,0,0,0.0425895799935828
"Astro-4","CREM",-0.0621391243584682,0.229804989061527,0.786853024409971,-0.512548626386683,0.388270377669746,6,0.214297391899089,81.5924452431979,0.939715672621951
"Astro-4","GNA14",0.420048057673414,0.122552280087661,0.000609164149368469,0.179850002478333,0.660246112868494,6,9.84231759900744e-07,0.000963290968074507,0.0244152247473134
"Astro-4","FAM185A",-0.164077950020107,0.0970197952809807,0.0908024047333631,-0.354233254558278,0.0260773545180645,5,0.01254817184831,27.3003110982359,0.387168411126955
"Astro-4","TMEM72-AS1",-0.0406607092724187,0.316577808648115,0.897802138841887,-0.661141812527338,0.5798203939825,6,0.466339570798378,87.9076837316923,0.975242032284593
"Astro-4","UNC5C",0.0715944223197573,0.134179240751133,0.593636980810508,-0.191392057025393,0.334580901664908,6,0.0432165101683151,44.8489176068141,0.854399259337811
"Astro-4","MEGF9",0.0399297480059443,0.0741108358432946,0.590035761343519,-0.105324821111073,0.185184317122962,6,0.00920535873843237,30.1229258893322,0.85313791203194
"Astro-4","GNAO1",-0.186697081477548,0.0599718623672397,0.00185147118954168,-0.304239771803131,-0.0691543911519651,6,0,0,0.0451521469692887
"Astro-4","LCOR",0.0775911065527182,0.0584827429161781,0.1845963326082,-0.037032963280106,0.192215176385542,6,0.0037389620762705,18.3377838375248,0.533191522319403
"Astro-4","ZMYM2",0.0687515302250416,0.0529877174203399,0.194459420091954,-0.0351024875418102,0.172605547991893,6,0.00271014815229128,15.8251968558121,0.545889343206986
"Astro-4","TBL1XR1",0.150420305449198,0.0495387827279109,0.00239409559687799,0.0533260754645379,0.247514535433858,6,0,0,0.0533736740822351
"Astro-4","BNC2",0.432580559270422,0.110832118876439,9.49977850151692e-05,0.215353597942339,0.649807520598505,6,0,0,0.00810746721488834
"Astro-4","CIRBP",-0.324982636726497,0.130704999328237,0.012904913930229,-0.581159728009173,-0.0688055454438206,6,0.0484861383413551,55.3337429820223,0.140589027611768
"Astro-4","TET1",-0.150110782808863,0.0882947908854787,0.0891103945334985,-0.323165392966897,0.0229438273491704,6,0.0110558322277692,24.8248386358385,0.383788621647188
"Astro-4","PITPNC1",-0.0889638231393755,0.164264165688384,0.588101008911245,-0.410915671839129,0.232988025560378,6,0.128781279701246,87.4088676150357,0.852496738501385
"Astro-4","TPD52L1",0.431062053881093,0.105151643858691,4.14164648259978e-05,0.224968619002877,0.63715548875931,6,0,0,0.00551748124096585
"Astro-4","SMS",0.225872543895854,0.0915709728100952,0.0136387735640335,0.0463967351587711,0.405348352632937,6,2.93599328846369e-06,0.00500038333146074,0.143823033998451
"Astro-4","FMN2",0.0583802742678455,0.0441208109345713,0.185771760265378,-0.0280949261326153,0.144855474668306,6,0.00141666236828972,11.5543636446128,0.533937401990279
"Astro-4","GNB4",0.179212129712328,0.103677296032464,0.0838883871207251,-0.0239916365257977,0.382415895950455,6,0.00173842437322189,2.40116313114734,0.372519000368618
"Astro-4","DGKD",0.0824326241875711,0.119190763161677,0.489187020733712,-0.151176978899159,0.316042227274301,6,0.0238550915364369,30.408656519904,0.802810887646315
"Astro-4","ARIH1",-0.198459113860337,0.238664585414385,0.405668725201334,-0.666233105657716,0.269314877937042,6,0.274893874244592,91.4083587825972,0.750754935243497
"Astro-4","ABL1",0.107943291683776,0.0561498152471254,0.0545534597599907,-0.00210832393916831,0.217994907306719,6,7.76360755084391e-07,0.00348316010403005,0.301285133679544
"Astro-4","ENOX2",-0.281067069401592,0.0877694735079059,0.00136319379877893,-0.45309207641913,-0.109042062384054,6,0,0,0.0396051304730346
"Astro-4","CAMK2G",-0.299684425240522,0.0760380844045477,8.10610890079769e-05,-0.448716332126853,-0.150652518354192,6,0,0,0.00799215317367953
"Astro-4","BCLAF1",0.121511212102765,0.0638110954145428,0.0568798080545295,-0.00355623672378791,0.246578660929318,6,2.34893581738557e-07,0.000829396633410025,0.307966974990183
"Astro-4","NIN",0.0291855532435426,0.0845562741941345,0.729973113552024,-0.136541698843855,0.19491280533094,6,0.0169340064159021,47.6328413206778,0.916841668946321
"Astro-4","GALNT10",0.330056489336396,0.131602446734166,0.0121423056593732,0.0721204334600803,0.587992545212712,6,0.015778105425123,14.8440772020564,0.135349537778564
"Astro-4","INTS10",0.220142964344351,0.0693953792303676,0.00151236667724744,0.0841305203593314,0.35615540832937,6,0,0,0.041746088137267
"Astro-4","TCHP",-0.194435072025136,0.102278034921827,0.0572962145346183,-0.394896336881446,0.00602619283117417,6,0.0155444778474992,26.3665890111547,0.308327018510429
"Astro-4","LPCAT3",0.0761423890753484,0.137920659886269,0.5808977603756,-0.194177137025737,0.346461915176433,6,0.037222985525552,37.7687256445879,0.848877826274646
"Astro-4","RGL1",0.149778505918766,0.0648460538004292,0.0209017143082603,0.022682575930378,0.276874435907154,6,0,0,0.18007123588599
"Astro-4","PPP2R5C",0.102471706220002,0.0600957480636015,0.0881681855592747,-0.0153137956086497,0.220257208048654,6,0.00348683966618508,15.8682197901359,0.38189899248593
"Astro-4","EML3",0.192757528219124,0.0920055198594555,0.0361652304183835,0.0124300229157064,0.373085033522541,5,2.8711815086166e-06,0.00603222920854596,0.245641301703438
"Astro-4","RYR1",-0.284693612194122,0.0863136144446792,0.000972504039576134,-0.453865187881169,-0.115522036507074,6,0,0,0.0317199802512385
"Astro-4","SNX29",0.10915155666562,0.052142576608779,0.0363198145639431,0.00695398445129217,0.211349128879947,6,7.91773051527993e-06,0.0419206697444271,0.245641301703438
"Astro-4","ANKRD17",0.0944396358590761,0.0388640134568465,0.0150987336936751,0.018267569188977,0.170611702529175,6,0,0,0.152716954585619
"Astro-4","RPS6KC1",0.0258261675582217,0.0780332809308498,0.740672058136977,-0.12711625266174,0.178768587778183,6,0.0136241816636722,44.4137286561019,0.920908441052622
"Astro-4","ITGB3BP",0.157216272891877,0.0976533834756791,0.107410542556653,-0.034180841688933,0.348613387472687,6,0.00223863494052351,3.48428597835671,0.421453778146702
"Astro-4","COL4A2",0.0048165718081602,0.476453654812734,0.991934151861185,-0.929015431927277,0.938648575543597,6,1.14756042534256,91.3279357096753,0.998372512258354
"Astro-4","PKIA",0.159759437520966,0.0781158854341969,0.040839145538069,0.00665511544948352,0.312863759592449,6,0,0,0.25907481176415
"Astro-4","CDS1",-0.0313787651052517,0.164638829709667,0.848845633040591,-0.354064941793022,0.291307411582519,6,0.0742002020415596,56.0600327036403,0.960348672435808
"Astro-4","MAP2K4",0.102393946043753,0.0553654430488072,0.0643972200388411,-0.00612032832001266,0.210908220407518,6,0.000961830844372109,4.54552358661011,0.323000082351225
"Astro-4","ZFAND6",0.0906938921392874,0.0835560594773529,0.277733166580772,-0.0730729751264108,0.254460759404986,6,0.0100750819504951,25.1436883835506,0.648555319470209
"Astro-4","MTX2",0.141899337685775,0.099304580115085,0.153024226393056,-0.0527340628396644,0.336532738211214,5,0.01974236216769,45.2202448856846,0.495860596490177
"Astro-4","G3BP1",0.137519474155189,0.0853374915443426,0.107075619465862,-0.0297389358027138,0.304777884113092,6,0.00552919760085519,12.082998415926,0.421056179641857
"Astro-4","RPA1",0.170745361760342,0.114271361749039,0.135120853292242,-0.0532223917321231,0.394713115252807,5,0.0224543513333694,36.9666332508146,0.468293211092784
"Astro-4","PRCC",0.123655632477049,0.127776646359582,0.333170088878866,-0.126781992453044,0.374093257407141,5,0.0334489361629987,46.2549282107306,0.692719842198845
"Astro-4","STOX2",-0.207430765554545,0.0728543155320022,0.00441057224405126,-0.350222600115587,-0.0646389309935038,6,0,0,0.0762710649204856
"Astro-4","ARID4B",0.118812067318819,0.0448175689534812,0.00802501725182459,0.0309712462953554,0.206652888342283,6,0,0,0.108339770612488
"Astro-4","ZNF708",0.198830607685547,0.0709783258972451,0.00508993494626399,0.0597156452440005,0.337945570127094,6,1.87058912406869e-07,0.000528795833899226,0.0827417401086128
"Astro-4","ALG14",0.253702938466417,0.173849421974804,0.144475470795775,-0.0870356673373046,0.594441544270139,6,0.092027639497102,61.4818219007338,0.484125780053083
"Astro-4","COL16A1",-0.267964929825315,0.0835066881716201,0.00133242060229529,-0.431635031109907,-0.104294828540722,6,0,0,0.0395094814011389
"Astro-4","SND1",0.135995705758014,0.0681604696382498,0.0460179733439661,0.00240364009770866,0.269587771418319,5,0.00390756039442803,16.3419021613225,0.276383248754646
"Astro-4","CPSF2",0.061529505926926,0.115755859363614,0.595040821326239,-0.165347809425242,0.288406821279094,5,0.0258979415601034,42.9696038510485,0.85506786795157
"Astro-4","AP1G1",0.11450731782807,0.06386523021074,0.0729805354541038,-0.0106662332493399,0.23968086890548,6,0.000609510176198008,2.14387435177865,0.342807731979009
"Astro-4","CA8",0.433516011185409,0.106144859784584,4.42304061173776e-05,0.22547590886357,0.641556113507248,6,5.81652303164494e-07,0.000749519295063433,0.0057520590050742
"Astro-4","BRINP2",-0.241193497063272,0.0979338813985101,0.0137849198163702,-0.433140377470569,-0.0492466166559751,6,0.00163905764373157,2.46694344364132,0.144239908116885
"Astro-4","HMGN3",-0.139600165616823,0.0686747635653308,0.0420755203449242,-0.274200228851675,-0.00500010238197102,6,0,0,0.263853607490213
"Astro-4","ELP2",0.113878892532936,0.0792084216033772,0.150515807298626,-0.041366761081948,0.269124546147819,6,0.00853060019570095,23.7612667659893,0.49169697336429
"Astro-4","FAM227B",-0.195691843108656,0.0843824653367891,0.0203893142852344,-0.361078436095462,-0.0303052501218497,6,3.78469090283926e-06,0.00742911589601872,0.178071997979145
"Astro-4","SCML1",0.0712649458626703,0.143187994416763,0.618694124481382,-0.209378366212707,0.351908257938047,6,0.0367993791133082,32.8198096073529,0.870058524180563
"Astro-4","ZNF678",0.103261745391922,0.116180900287188,0.374109829994651,-0.124448634862406,0.330972125646249,5,0.0189145276318488,29.3135097295693,0.725119904695097
"Astro-4","DMXL1",0.102680701970975,0.0456861607550855,0.0246066155274119,0.0131374722991006,0.19222393164285,6,0,0,0.198106654563521
"Astro-4","PELI2",-0.17098295705294,0.0731418040208616,0.0194032691451976,-0.314338258698115,-0.027627655407764,6,0,0,0.174885571074372
"Astro-4","CLINT1",0.149768253720292,0.0792358786954181,0.0587369606905526,-0.00553121480611243,0.305067722246696,5,0,0,0.311380926103373
"Astro-4","VPS41",0.101717512101432,0.0709192687175342,0.15149469472749,-0.0372817003948535,0.240716724597717,6,0.00715425078480453,25.2201699629914,0.493713617304029
"Astro-4","FAF1",0.0668588125777956,0.0384105822018082,0.0817475382240692,-0.00842454516296369,0.142142170318555,6,0.000240732675723438,2.32410253592631,0.367759614716846
"Astro-4","LRP2BP",0.243641043103306,0.078077422556865,0.00180540796226066,0.0906121068861354,0.396669979320477,6,0,0,0.0445578914180116
"Astro-4","AK9",-0.12396308711997,0.114736081340341,0.279955464753922,-0.348841674274296,0.100915500034356,5,0.0135048354236569,20.3701257912755,0.649858371647225
"Astro-4","CNTNAP3",0.289509480579429,0.117806098359871,0.0139904524682838,0.0586137706349001,0.520405190523959,5,0,0,0.145554002631936
"Astro-4","SSB",-0.152695010802036,0.121693710256253,0.20957004228198,-0.391210300049346,0.0858202784452729,5,0.0179275286145514,24.4996378196477,0.564712171161408
"Astro-4","MCU",-0.00166354828382336,0.126467886518087,0.989504994092604,-0.249536051060172,0.246208954492526,5,0.0321463059219094,45.6348584129799,0.998058308461131
"Astro-4","RIPK1",0.122497588272328,0.115847197760505,0.290326073394704,-0.10455874704815,0.349553923592807,5,0.00971503308806729,13.7485743905856,0.661009175857388
"Astro-4","ESYT2",-0.142099112845835,0.181137571214149,0.432757505860783,-0.497122228672627,0.212924002980956,6,0.132882363229816,80.2316138539579,0.770902953731178
"Astro-4","SPPL2A",0.262893612225854,0.0827677004136635,0.00149175518718286,0.100671900331872,0.425115324119835,6,0,0,0.041746088137267
"Astro-4","ZMAT3",0.0509983738021645,0.150488461027295,0.734695905812501,-0.243953589900193,0.345950337504522,6,0.0716841255595304,65.0954323501808,0.9173121134897
"Astro-4","CCDC92",0.146910277979313,0.0578465826195183,0.0110962330139849,0.0335330594163362,0.260287496542289,6,0,0,0.13042233131828
"Astro-4","ERCC6L2",0.129874446184894,0.059306828773522,0.0285334203145182,0.0136351977515068,0.246113694618281,6,0.00491972115020142,24.8717502765623,0.217363377626079
"Astro-4","RASD1",0.263563188557968,0.174373701213087,0.130664993497012,-0.0782029856706303,0.605329362786567,6,0.0370368517799063,20.4140144679167,0.461199877819225
"Astro-4","CPM",-0.281817909204789,0.109616057524876,0.0101418616349847,-0.496661434080817,-0.06697438432876,6,0,0,0.124403897900475
"Astro-4","PALLD",0.290855246689958,0.0857691663536056,0.000696025489186406,0.122750769652866,0.458959723727049,6,0.00456512737344428,9.75227632166063,0.025344608146241
"Astro-4","CASC2",0.140506463335746,0.071302750585052,0.0487740408399632,0.000755640190402085,0.28025728648109,6,0,0,0.284853683324075
"Astro-4","TMEM63A",-0.0992868862008305,0.0856748477821367,0.246505013742801,-0.26720650223477,0.0686327298331088,5,0.00675355022148611,18.0245805812159,0.614518660457863
"Astro-4","STX12",0.158169333631159,0.0717362531516533,0.0274630018348008,0.0175688610680708,0.298769806194248,6,4.1113598212846e-06,0.0106810581200468,0.213350375581006
"Astro-4","CMSS1",0.118190962796032,0.0649028895058382,0.0686002968665454,-0.00901636312799362,0.245398288720057,6,8.37108931087366e-05,0.280662633301098,0.333358382104156
"Astro-4","TTC21A",-0.124769895545429,0.116376146989897,0.283663432264332,-0.352862952305166,0.103323161214308,6,0.0152777484505276,18.8304275959565,0.65373897112999
"Astro-4","DMPK",-0.234136867809748,0.0878877850282869,0.00772076162400155,-0.406393761146189,-0.0618799744733074,5,0,0,0.106752448514775
"Astro-4","GSK3B",0.0373344596786745,0.0795614213669896,0.63888859009618,-0.118603060759441,0.19327198011679,6,0.0151361858970918,46.8598481972675,0.880658082917113
"Astro-4","CSGALNACT2",0.262870337920198,0.0831565946041929,0.00157148400378722,0.0998864074189821,0.425854268421414,6,0,0,0.0425895799935828
"Astro-4","XPO6",0.115079937839626,0.0782471921555874,0.141366068913382,-0.0382817406767106,0.268441616355962,6,0.00674207040044188,18.4801166048219,0.479536157797109
"Astro-4","CHD1",0.0478219658387582,0.103270030344236,0.643309244877041,-0.154583574318302,0.250227505995818,6,0.0178599307066832,30.842276145883,0.880794449479828
"Astro-4","PDGFRB",-0.199139936991539,0.0852706636541302,0.0195232511166573,-0.366267366691463,-0.0320125072916148,6,0.00436488070244381,8.93660931114885,0.175677096539016
"Astro-4","P4HTM",-0.0597373514233111,0.0874705701716673,0.494643310336275,-0.231176518666963,0.11170181582034,6,0.00833089501603297,18.0950933528495,0.804920399169068
"Astro-4","ACYP1",-0.0670372262465005,0.119523352252454,0.574885229071409,-0.301298691972804,0.167224239479803,5,0.0194335533369742,28.4623022991407,0.84454629402583
"Astro-4","CDC14A",0.151534867370458,0.0611143907533024,0.0131556253939057,0.0317528625568771,0.271316872184038,6,6.85480764518625e-07,0.00259353389754114,0.141507878633973
"Astro-4","RALGDS",0.30856386589407,0.0970529565511357,0.00147613360399973,0.118343566460714,0.498784165327427,6,0,0,0.041746088137267
"Astro-4","ASXL1",0.011729301096787,0.0921977443306367,0.898767099838682,-0.168974957247093,0.192433559440667,6,0.0201373724605065,46.9173478061734,0.975272418460036
"Astro-4","FAM162A",0.343299152518536,0.0989562673982831,0.00052200932942539,0.149348432373386,0.537249872663686,5,8.77203303175561e-06,0.0160771721554727,0.0222138310722037
"Astro-4","FGF2",0.217214688650905,0.0847024618505863,0.0103341364443736,0.0512009140218783,0.383228463279932,6,0.00489114149475675,10.7459636880954,0.125712813494808
"Astro-4","URB1",0.235177401953072,0.0887516808865312,0.00805308437727392,0.0612273038480785,0.409127500058065,5,1.60139882698948e-06,0.00333654620104257,0.108339770612488
"Astro-4","TAOK1",0.0777828863299636,0.05033267911191,0.122255476429453,-0.0208673519747915,0.176433124634719,6,0.000250795720804207,1.40839325638432,0.449144703404365
"Astro-4","CORO1C",0.142354470635444,0.0911635995331672,0.118399332861583,-0.0363229011505966,0.321031842421484,6,0.0057333818160431,10.823427081455,0.442337316067007
"Astro-4","GPBP1",0.0085081377426295,0.108406625104234,0.937443408004718,-0.203964943147205,0.220981218632464,6,0.036693310851207,67.9403275018844,0.988168649788257
"Astro-4","CCS",-0.204007695944654,0.0852470773082515,0.0167051298071621,-0.371088897256129,-0.0369264946331796,6,0,0,0.159599587795107
"Astro-4","ASCC3",0.201997280923892,0.0643841535202528,0.00170467517686213,0.0758066588490991,0.328187902998686,6,0,0,0.0439195085661367
"Astro-4","DLG5",-0.304203948480235,0.379129517472354,0.422336219621835,-1.0472841482021,0.438876251241628,6,0.718141517677344,92.9639996500312,0.762615517900298
"Astro-4","TCF7L1",-0.153228193103101,0.108637422988456,0.158405384027063,-0.366153629533718,0.0596972433275165,6,0.0296482537806267,49.8422721218202,0.50048743676883
"Astro-4","LRIF1",0.175952894558818,0.121268257656428,0.146796731869169,-0.0617285229157031,0.41363431203334,5,0.00221636382784661,2.29199894882613,0.486236355045117
"Astro-4","AGBL4",0.0220367680816149,0.0906184786015224,0.807864536664959,-0.155572186311183,0.199645722474412,6,0.0181125028164619,42.2944978828171,0.946365784478168
"Astro-4","RNF149",0.147900919618891,0.0587968203684907,0.0118877912451769,0.0326612692911786,0.263140569946604,6,0,0,0.134177270656211
"Astro-4","DCUN1D1",0.112891527436671,0.0868388113524777,0.193596735536124,-0.0573094152744533,0.283092470147795,6,0.00881312315506113,19.7565005256853,0.545064623452737
"Astro-4","JKAMP",-0.0616595029949187,0.121806658643119,0.612710651413525,-0.300396167012596,0.177077161022759,6,0.022803512282619,26.9670475649862,0.866343493020674
"Astro-4","ZNHIT6",0.158938405572966,0.0841944755640153,0.0590590668997989,-0.00607973422974206,0.323956545375673,6,0.00266780211163017,5.6333780567691,0.31197352360416
"Astro-4","HMGCLL1",0.270025417567511,0.102661652450253,0.00853230610457999,0.0688122761716478,0.471238558963375,6,0,0,0.111491521395253
"Astro-4","FDFT1",-0.429322322324446,0.272424699532482,0.11504188078722,-0.963264921907256,0.104620277258364,6,0.339888120140812,84.913248606467,0.437575733189271
"Astro-4","PHF20",-0.0171037645836448,0.114351606743923,0.88110253457882,-0.241228795376021,0.207021266208731,6,0.0341370704541219,53.3875081837331,0.968521240464785
"Astro-4","OTUD7A",0.0537981434124582,0.0700171002036047,0.442274997626976,-0.0834328512885391,0.191029138113455,6,0.00755551407271456,27.4530651382052,0.774513785967693
"Astro-4","GPR173",-0.473740001078988,0.232952132631198,0.0419882409409912,-0.930317791157934,-0.0171622110000417,6,0.238331414682714,86.9749924124583,0.263853607490213
"Astro-4","MTF2",-0.125294959224417,0.161865579201141,0.438890601484473,-0.442545664795368,0.191955746346535,6,0.0985876588046909,75.5194382819535,0.773069480709869
"Astro-4","BMP7",-0.214533184253554,0.0689435167161244,0.0018599840842347,-0.349659993984693,-0.0794063745224148,6,0,0,0.0451521469692887
"Astro-4","DAAM2",-0.295627704702099,0.0780647523347466,0.00015250470188901,-0.448631807740242,-0.142623601663957,6,2.2929747170017e-06,0.00558746054646436,0.0114106942701065
"Astro-4","FAHD2A",-0.0826579246250626,0.135496874440064,0.541838188534597,-0.348226918545334,0.182911069295209,5,0.032609080598803,37.9495475882417,0.830421490174241
"Astro-4","TMEM164",0.189577307781267,0.0759534537072015,0.0125614315813617,0.0407112740137217,0.338443341548812,6,0,0,0.138327700196366
"Astro-4","RPL23A",-0.198546739439895,0.165537954335431,0.230371233764668,-0.522995168011776,0.125901689131985,5,0.0596140011935549,47.817599425732,0.593150969402573
"Astro-4","TSC22D2",0.11297625826219,0.0853033631798413,0.185368350979895,-0.0542152613304394,0.280167777854819,6,0.0109555030734552,26.3673846098132,0.533937401990279
"Astro-4","TEX9",0.226190351488735,0.0997019738073593,0.0232887219889575,0.0307780736387547,0.421602629338715,6,0.00823518922774305,13.3899679290481,0.192149546078076
"Astro-4","UBA1",-0.0762656181239586,0.0893364736965968,0.39327700037359,-0.251361889075098,0.098830652827181,6,0.00936251456622425,19.9494494234505,0.741777036095456
"Astro-4","P3H2",0.438727919033927,0.144115265624963,0.00233234193745405,0.156267188786576,0.721188649281279,5,0,0,0.0524249039603868
"Astro-4","HPSE2",-0.687041467055018,0.371638027591019,0.0645033808545443,-1.41543861641892,0.0413556823088822,6,0.595073146132336,79.883746916217,0.323000082351225
"Astro-4","PTMA",-0.286062076183913,0.0809990896385995,0.000412943924902449,-0.444817374656099,-0.127306777711726,5,3.08759210221863e-06,0.00818097298852799,0.0187958309818098
"Astro-4","IGDCC3",-0.135765305561765,0.1199368843075,0.257645818077727,-0.370837279222413,0.0993066680988821,5,0.00784425278112583,10.0477245731952,0.62572763821278
"Astro-4","DIRC3",0.160642718456947,0.0942581882885792,0.0883280500030257,-0.0240999358366631,0.345385372750557,6,0.00304352267113986,5.25910561447418,0.382288279807073
"Astro-4","MN1",-0.504932793186993,0.127548169171723,7.53393939637329e-05,-0.754922611057592,-0.254942975316395,5,8.72736709147391e-06,0.00930614901319044,0.00791353403519056
"Astro-4","TMEM94",-0.11592558701464,0.103514062192817,0.262755601122924,-0.318809420806001,0.0869582467767211,5,0.0187034367390251,38.0669745766045,0.630844436630072
"Astro-4","COLEC12",0.619845082097619,0.137516199925405,6.56165855750619e-06,0.350318282953014,0.889371881242223,6,2.02903624491829e-06,0.00158056876061013,0.0020083006277052
"Astro-4","ULK2",0.151210887254111,0.0672504208062679,0.024545920010668,0.0194024845286632,0.28301928997956,6,0,0,0.198106654563521
"Astro-4","LGALS3",0.256145419379404,0.11378043682812,0.0243712593818614,0.0331398610510542,0.479150977707754,6,0,0,0.198106654563521
"Astro-4","IQSEC1",-0.189388107834728,0.0641994521099779,0.00317778349481695,-0.315216721797488,-0.0635594938719671,6,0,0,0.0626608427750548
"Astro-4","SCYL2",0.0367195219808076,0.0831016868862192,0.658588683348468,-0.126156791370707,0.199595835332322,6,0.00967598381776461,24.5664791681382,0.887542903639114
"Astro-4","PIP5K1B",-0.281610102535943,0.116309870445079,0.0154691279781904,-0.509573259654818,-0.0536469454170676,5,0,0,0.153805602080883
"Astro-4","DDX10",-0.0560449693564402,0.12692270303366,0.658802042772807,-0.304808896122886,0.192718957410005,6,0.041617946952206,52.2456647702005,0.887607772029389
"Astro-4","MGST1",0.234473902376173,0.0875045102086828,0.00737181925973327,0.0629682138823372,0.405979590870009,5,0,0,0.102716522440467
"Astro-4","CAMSAP2",0.122563464220564,0.0489415969635029,0.0122700874652326,0.0266396968262237,0.218487231614905,6,6.94527080081566e-07,0.00399799436057649,0.136217922225814
"Astro-4","EMSY",0.117070313144808,0.0589168248808177,0.0469175403616141,0.00159545829495158,0.232545167994664,6,0,0,0.279458675523594
"Astro-4","EPC2",-0.0146957631486359,0.0896163019053952,0.869742654599504,-0.190340487310879,0.160948961013607,6,0.0189220658323726,46.7555006116591,0.964978986615832
"Astro-4","GNPTG",-0.0801585288874519,0.0819410074764957,0.327952271656431,-0.240759952398311,0.080442894623407,6,0.00522627724631887,12.0650703401041,0.689747904423344
"Astro-4","NFE2L2",0.124887112214303,0.061093476566417,0.0409340721540997,0.00514609845378351,0.244628125974822,6,0,0,0.259375756503123
"Astro-4","USP47",0.0852344668997432,0.0491152927070946,0.0826707443321428,-0.0110297378963049,0.181498671695791,6,0.0004457507129185,2.70044385426625,0.368535748049923
"Astro-4","ANXA6",-0.0546397664623217,0.111576989440148,0.624342936925944,-0.273326647268417,0.164047114343773,5,0.0188387494980757,32.2442661071402,0.87215377774148
"Astro-4","SLC39A12",-0.125185348743562,0.0778447854239869,0.107804420496719,-0.277758324558825,0.0273876270717006,6,0.00194465509720914,4.43502824779871,0.422320880405079
"Astro-4","RYR3",0.237342428061583,0.0649563990367704,0.000258314144499631,0.110030225384101,0.364654630739065,6,0,0,0.014170308313054
"Astro-4","AQP4-AS1",0.231793787172253,0.0744874680611045,0.00185919280948642,0.0858010324729112,0.377786541871596,6,2.39888112344942e-06,0.00642405385854151,0.0451521469692887
"Astro-4","CRMP1",0.103720713037836,0.0669366267464857,0.12125292378034,-0.0274726646318762,0.234914090707549,6,0.000739101007170617,2.35093353522369,0.448878117319867
"Astro-4","TOP1",0.0435618516038215,0.0871636354460622,0.617236378222585,-0.127275734632039,0.214399437839682,6,0.0129311434667759,30.7087104105703,0.869127377636442
"Astro-4","ANO6",0.313894434880723,0.0905697877111298,0.000528707074219421,0.136380912879471,0.491407956881976,6,0,0,0.0222138310722037
"Astro-4","BTBD9",0.0138865931979159,0.0714865365929064,0.845976481716365,-0.126224443903685,0.153997630299517,6,0.0106823706888321,38.9663199675757,0.960050601108412
"Astro-4","C1orf21",0.126074670275908,0.0581526496867971,0.0301590453533191,0.0120975712842115,0.240051769267605,6,0,0,0.223209628346652
"Astro-4","DPYSL2",0.168460761602516,0.0530972095956855,0.00151035894949623,0.0643921431153977,0.272529380089634,6,2.90766947565178e-06,0.0147914676016541,0.041746088137267
"Astro-4","UBE3B",0.212945440680416,0.0720412570936809,0.00311776548967205,0.0717471713758105,0.354143709985021,5,0,0,0.0624092271485295
"Astro-4","ERBIN",0.187939866194272,0.0676404305041094,0.00546082020940072,0.0553670585074326,0.32051267388111,6,0,0,0.0869591836260838
"Astro-4","FBXL13",0.124559273746795,0.0843427188222462,0.13972306823446,-0.0407494175029955,0.289867964996586,6,0.000313659133652884,0.63393203222686,0.476681698124059
"Astro-4","SRP54",0.166445476674582,0.0758248984835318,0.0281543047351835,0.0178314065154545,0.315059546833711,5,0,0,0.216992673881313
"Astro-4","KCTD20",0.165260498936117,0.0769536594054897,0.0317508978328315,0.0144340980227955,0.316086899849439,5,0,0,0.227888835693726
"Astro-4","ARL13B",0.144113920619841,0.0760690465060212,0.0581567358630287,-0.00497867087026324,0.293206512109945,6,4.06901570772043e-07,0.000979146965566517,0.309862209809571
"Astro-4","GNA12",0.17598614562086,0.0811151408354161,0.0300383428589358,0.0170033909825506,0.33496890025917,6,2.89539342109802e-07,0.0006345348336416,0.222617949383321
"Astro-4","REV3L",0.156445337433551,0.0593888773863181,0.00843225926364062,0.0400452766741026,0.272845398193,6,0,0,0.110713942543281
"Astro-4","PNPLA8",0.126082683800188,0.0777106532005594,0.104704182409581,-0.0262273976879902,0.278392765288367,5,0.000253195900723704,0.735248560057623,0.417441054249
"Astro-4","STUB1",0.0780121967571645,0.217606164443068,0.71996783788095,-0.348488048365149,0.504512441879478,5,0.151311039624363,72.4305890371853,0.913242843914341
"Astro-4","MSH2",-0.0205797606597228,0.121460740211579,0.865454106006231,-0.258638437009994,0.217478915690549,6,0.0306331945573113,40.2850605271607,0.964767735772626
"Astro-4","ARID1B",0.12736242754184,0.0383557228544025,0.000898374788788191,0.0521865921462115,0.202538262937469,6,0,0,0.0299202627826896
"Astro-4","SCG3",-0.306747059722948,0.0910453473487282,0.000753954926769042,-0.485192661486395,-0.128301457959502,6,2.70690523867311e-06,0.00467724529099583,0.0263980885257212
"Astro-4","SRRT",-0.163740374324862,0.0860294130818222,0.0570005128469204,-0.332354925576353,0.0048741769266285,6,0,0,0.308095152414739
"Astro-4","EEF2K",0.202091487451663,0.175024082337288,0.248233944537631,-0.140949410356594,0.545132385259919,5,0.0704129181563368,51.5839292910577,0.614637578880301
"Astro-4","GGNBP2",0.159613289379521,0.0656777039949415,0.0150883800648276,0.0308873549621535,0.288339223796889,6,3.69936396749432e-06,0.0122412949758918,0.152716954585619
"Astro-4","NECTIN3",0.0930984481362341,0.0620877274439601,0.133752733397226,-0.0285912615358667,0.214788157808335,6,0.00069482706869094,2.60862531364667,0.466511768720082
"Astro-4","FAM13A",0.118200408501178,0.0740480481284494,0.11042933656687,-0.0269310989560711,0.263331915958428,6,0.00712538845913899,22.4283134201288,0.428384258755856
"Astro-4","CLIP1",0.202651908363388,0.0663555535259065,0.00225788851549878,0.0725974132783911,0.332706403448384,6,3.45791372063244e-06,0.0108651184227662,0.0518175927380434
"Astro-4","LPCAT1",-0.201371692396726,0.0871217262441178,0.0208116993380738,-0.372127138106155,-0.0306162466872975,5,8.72015257948276e-07,0.00181230475484085,0.18007123588599
"Astro-4","EPM2AIP1",0.104476183107254,0.0751704102096496,0.164572053623052,-0.0428551136067607,0.251807479821269,6,0.00293122575824457,7.91260231426331,0.509865318711917
"Astro-4","EPS15L1",0.103054980968016,0.0765243576941448,0.17807843661494,-0.0469300040525687,0.2530399659886,6,0.00798810719209961,23.5493030960909,0.524347396652723
"Astro-4","FAM107A",0.207924599886829,0.114598701453242,0.0696205745539137,-0.0166847276365834,0.432533927410242,6,0.0313401958999202,45.2108203725879,0.335894141551555
"Astro-4","MZF1",-0.287739613629849,0.126818633092081,0.0232740158811233,-0.536299567058927,-0.0391796602007709,6,0.0359178738360205,43.2610814905462,0.192149546078076
"Astro-4","HSD17B4",0.105246251636074,0.0587753689086623,0.0733491029291937,-0.0099513546029588,0.220443857875108,5,0.000276287149177681,1.4082989291317,0.343093976107596
"Astro-4","SIAH1",-0.102425554856885,0.165246086169448,0.535365438868218,-0.426301932335206,0.221450822621436,5,0.0690701566352428,57.4506354391351,0.825707723128377
"Astro-4","SPEN",0.105524912817431,0.0495938525038592,0.0333551521617829,0.00832274805527568,0.202727077579587,6,3.13210659483157e-07,0.00177478878806691,0.235382223653305
"Astro-4","C2orf72",-0.237199464337778,0.309241293716925,0.443059613048323,-0.843301262555523,0.368902333879967,6,0.447611692321747,88.5831093766724,0.774513785967693
"Astro-4","VPS51",-0.192282961146936,0.0820677893682771,0.0191305509963541,-0.353132872599579,-0.0314330496942939,6,1.29708084762033e-06,0.00271545476504905,0.173615592790175
"Astro-4","TAB1",-0.185215716815272,0.0711665295027708,0.00925285226255164,-0.32469955154541,-0.0457318820851343,6,0,0,0.118081960416021
"Astro-4","KMT2E",0.101564151920444,0.045128127045923,0.0244125843609352,0.0131146482206872,0.190013655620201,6,0,0,0.198106654563521
"Astro-4","GART",0.0481305119605525,0.136469594880526,0.724326073446005,-0.21934497899005,0.315606002911155,5,0.0324326643908137,37.2305442794092,0.915591069928739
"Astro-4","ATP13A3",0.0340302641214278,0.0978342348492423,0.727963388565094,-0.157721312638121,0.225781840880976,6,0.0150298371942535,28.0696478831732,0.916841668946321
"Astro-4","PCAT1",0.274533750736658,0.120587847300418,0.0228084091680021,0.0381859130546241,0.510881588418693,5,0,0,0.190572539115935
"Astro-4","PAPPA2",-0.299012677387252,0.265457982529062,0.259994962416842,-0.819300762552877,0.221275407778373,5,0.229627115791174,78.6976861989001,0.627803927816441
"Astro-4","KBTBD11",0.112205132439662,0.169553516434118,0.508119762316258,-0.220113653223329,0.444523918102653,6,0.0936849342880631,67.9910925888605,0.814883221025062
"Astro-4","KIF1A",-0.108220630487004,0.0574267524548815,0.059497573690165,-0.220774997047669,0.00433373607366103,6,0,0,0.31277742781105
"Astro-4","COL19A1",-0.225462723203147,0.180837732662984,0.212482526519446,-0.579898166268479,0.128972719862185,5,0.0762319466553639,51.1413665694354,0.56945275294864
"Astro-4","MIDN",0.0395077557021943,0.423073062159094,0.925599438354922,-0.789700208958705,0.868715720363093,5,0.725592624023685,87.4674664117035,0.98454218739914
"Astro-4","KLF7",0.219481773886886,0.0990507853335324,0.0267017137355856,0.0253458019927539,0.413617745781017,6,0.0140402612616311,24.8991178776869,0.210150951619263
"Astro-4","TEX2",0.24407740005389,0.0902451789480343,0.00683860231729498,0.0672000995373706,0.42095470057041,6,0,0,0.097781271877134
"Astro-4","EPS15",0.0833751806790343,0.0486957139465618,0.0868659491458551,-0.0120666648576916,0.17881702621576,6,0,0,0.378057222497737
"Astro-4","MTUS1",0.0582603298359422,0.0632298358245928,0.356838664708291,-0.0656678711286401,0.182188530800524,6,0.00395876425616555,16.242777948849,0.712961946232454
"Astro-4","CPEB2",0.114749983107061,0.120425350873026,0.340654767773715,-0.121279367429668,0.35077933364379,6,0.0396050568450682,56.8102797255828,0.698444572665178
"Astro-4","IGSF11",-0.170567573126285,0.116685380965147,0.14380334601917,-0.399266717340308,0.0581315710877379,6,0.0459308005234118,69.2204785657431,0.482762062665463
"Astro-4","TUBB4B",-0.27718666126202,0.159785162750345,0.0827858165247918,-0.590359825516568,0.0359865029925274,5,0.0528281419062215,44.4210128145649,0.368535748049923
"Astro-4","ATAD2",0.0919991253021863,0.11339532331357,0.417185817988023,-0.130251624407686,0.314249875012059,5,0.014882609387379,23.582404859345,0.760646879711414
"Astro-4","PUS7L",0.121312751653179,0.103181755683437,0.239707179505703,-0.0809197733479681,0.323545276654325,6,0.0191612123727224,33.506899912412,0.604469351089635
"Astro-4","DEF8",-0.172776711084811,0.0744888480674007,0.0203680661925327,-0.318772170546792,-0.0267812516228292,5,0,0,0.178071997979145
"Astro-4","C1S",0.2317268447401,0.0899311568135883,0.00997445252676258,0.0554650162974427,0.407988673182757,6,0,0,0.124101274945734
"Astro-4","CAMK1",-0.305987756029539,0.102293720969655,0.00277823136965008,-0.506479764974652,-0.105495747084425,5,0,0,0.0574434184050791
"Astro-4","PRCP",0.0668307022282999,0.0776585243734974,0.389474163328258,-0.0853772086362811,0.219038613092881,6,0.00428133991143479,11.2517431138178,0.737624091573837
"Astro-4","OFD1",0.0974547882534286,0.0693836285117678,0.160146501839444,-0.0385346247463428,0.2334442012532,6,0.00098984273456216,3.0355616804411,0.503001836139762
"Astro-4","CTDSP2",0.174705570341053,0.0828743174001682,0.0350241960434845,0.0122748929933818,0.337136247688723,6,1.23808985057245e-07,0.000257111770118302,0.241759279438395
"Astro-4","GYS1",0.248414999072583,0.0873893137529441,0.00447437601891634,0.077135091483142,0.419694906662025,6,1.12850464656415e-06,0.00207732753858425,0.0766114163489688
"Astro-4","HAGHL",-0.322768540984831,0.0929186180418776,0.000513393568100002,-0.504885685840145,-0.140651396129517,5,0,0,0.0220799658973402
"Astro-4","ARHGAP39",0.289339446000095,0.0949074086937406,0.00229872327952744,0.10332434309434,0.47535454890585,6,9.77470956532855e-08,0.000156391872554173,0.0521004755004314
"Astro-4","BANP",0.210956233606903,0.102774679308326,0.0401105122012552,0.00952156363993051,0.412390903573876,5,0,0,0.257442558922745
"Astro-4","FAAH2",-0.24857396169404,0.10606937721039,0.0191035806108286,-0.456466120888998,-0.0406818024990823,5,0,0,0.173615592790175
"Astro-4","AKAP10",0.183045602605592,0.0612130069162,0.00278698386622958,0.0630703136644387,0.303020891546745,5,0,0,0.0574434184050791
"Astro-4","SYBU",0.312291538410922,0.0861621676699652,0.000289563122722116,0.143416792947889,0.481166283873955,6,0,0,0.0152076324645019
"Astro-4","CEBPD",0.626761127985721,0.195348255951105,0.00133461975881265,0.243885581878843,1.0096366740926,5,0,0,0.0395094814011389
"Astro-4","SAT2",-0.249605542949818,0.0940671152678639,0.00796656536083984,-0.433973701004409,-0.0652373848952271,6,1.19649194188013e-06,0.00196753290821442,0.107973647644931
"Astro-4","FAM227A",-0.201807862890217,0.102695947250579,0.0494026004536055,-0.403088220859577,-0.000527504920856819,5,0,0,0.28675558307927
"Astro-4","MLLT6",-0.0257618543738506,0.110166879182018,0.81510615504178,-0.241684969859781,0.19016126111208,6,0.0264256499551345,42.2423569144406,0.949682128591767
"Astro-4","HSPA4L",0.373668352194825,0.108092718498008,0.000546378179709353,0.161810516947703,0.585526187441947,5,0,0,0.0226084667997916
"Astro-4","SFPQ",0.0348048743532052,0.0728402254301469,0.632774828079643,-0.107959344115661,0.177569092822072,6,0.0117929856089514,45.1602570950118,0.877657722440582
"Astro-4","WDR13",-0.0745604887831389,0.104431863381261,0.47525004529946,-0.279243179848817,0.13012220228254,5,0.0107728480190508,19.508352890519,0.793803877957948
"Astro-4","ZFAND3",-0.0121417493109076,0.0693597818557134,0.861036726284571,-0.148084423723661,0.123800925101845,6,0.011569135417647,47.828823582896,0.964767735772626
"Astro-4","COMT",0.24255144550244,0.0748757285416071,0.00119787011519958,0.0957977142446926,0.389305176760188,5,0,0,0.0369647828769497
"Astro-4","USP54",-0.036258835209567,0.107490359803944,0.735874372897103,-0.246936069110549,0.174418398691415,6,0.0256459498671543,41.8330482488142,0.917449400767856
"Astro-4","ST6GALNAC5",-0.290369843004795,0.0987746504786469,0.00328508669043875,-0.483964600528475,-0.0967750854811149,6,2.27402999570089e-06,0.00332720588550064,0.0636674066043894
"Astro-4","PRDX6",-0.336179049226677,0.0804680162223598,2.94345977592837e-05,-0.493893462929887,-0.178464635523467,5,2.99921531660681e-09,8.24153606980812e-06,0.00451602243633374
"Astro-4","SEC23A",0.104803287671513,0.0678933594064508,0.122674204025847,-0.0282652515545646,0.23787182689759,6,0,0,0.449997651033698
"Astro-4","MAPRE3",-0.149836861301155,0.0696344715482848,0.0314160458533149,-0.286317917618272,-0.0133558049840378,5,0,0,0.22645683596475
"Astro-4","DOCK6",0.214380428505619,0.109079080371292,0.0493717722927134,0.000589359511135701,0.428171497500102,5,0,0,0.28675558307927
"Astro-4","SLC1A3",0.151248622230685,0.0685543524125225,0.0273659058329016,0.0168845605186745,0.285612683942696,6,0,0,0.213227642880612
"Astro-4","BCL2L14",-0.173923020486171,0.17872823314647,0.330496439240355,-0.52422392047373,0.176377879501388,5,0.05319394746449,35.201974583835,0.690786031265701
"Astro-4","MCTS1",-0.240376203019299,0.0915013946310995,0.008613569214841,-0.419715641031441,-0.0610367650071579,5,0,0,0.112017416789194
"Astro-4","RAB28",0.0564657811039992,0.0947683161958777,0.551288974546578,-0.129276705515425,0.242208267723423,6,0.0243642993708995,54.9287128072492,0.83630663668692
"Astro-4","PRTG",0.289164316275578,0.154312303079602,0.0609455570885161,-0.0132822401318703,0.591610872683027,6,0.0513212557671774,39.4269602148986,0.316238750036901
"Astro-4","DHRS3",0.226919431638586,0.0827093174890997,0.0060773680355944,0.0648121481740619,0.38902671510311,6,1.77215535041275e-06,0.00369518611390085,0.0933999948617602
"Astro-4","PDE6D",-0.108348699530508,0.0960068528798188,0.259086984690835,-0.296518673443988,0.0798212743829728,5,0.00272749163448834,5.33116003566898,0.626719712303517
"Astro-4","RYBP",0.10575222984772,0.0871027613999466,0.224706176847946,-0.0649660454501605,0.276470505145601,6,0.00291318779895522,5.83987687882851,0.585519121691302
"Astro-4","PARP9",0.378298342877143,0.112675054992859,0.000786713351203075,0.157459293135069,0.599137392619218,6,0,0,0.0271963817991848
"Astro-4","CRIM1",0.260741877677609,0.0822009894946005,0.00151390857118545,0.0996308987746365,0.421852856580581,6,0,0,0.041746088137267
"Astro-4","NFRKB",-0.287329188813802,0.0969008155859333,0.00302497468034823,-0.477251297434789,-0.0974070801928155,5,0,0,0.0614216048478142
"Astro-4","GTF2A1",0.0336781891792776,0.0988013993533682,0.733203308098149,-0.159968995175483,0.227325373534038,6,0.0123913912071302,21.744974272543,0.917049798221225
"Astro-4","DPM1",0.161726942750661,0.0857558345523928,0.0593084089494493,-0.00635140443620405,0.329805289937527,6,2.38060970666611e-07,0.000460406252247746,0.312083361928605
"Astro-4","UBE2R2",0.0885525624509555,0.0532128527061876,0.0960884885393872,-0.0157427123678069,0.192847837269718,6,1.51603668245724e-06,0.00756403495451315,0.399114315134702
"Astro-4","TANC1",0.347158179407538,0.0881413762407393,8.19407868410936e-05,0.174404256427895,0.519912102387182,6,4.82719080645222e-07,0.000878252965662941,0.00799215317367953
"Astro-4","TSC22D1",0.16011755378227,0.0566085245699051,0.00467658182955257,0.0491668844073058,0.271068223157235,6,0.000927474005500019,4.25167079571963,0.07908201223844
"Astro-4","CEP350",0.125365122672934,0.0731338879186204,0.0864944811780008,-0.0179746636969506,0.268704909042819,6,0.0108515840346854,39.1545503024018,0.377005366949392
"Astro-4","MIR9-3HG",-0.466965640883618,0.115784640084129,5.50567530855413e-05,-0.693899365411443,-0.240031916355793,6,0,0,0.00639829756070695
"Astro-4","CECR2",0.160023973442441,0.0762875379599325,0.0359367475231042,0.0105031465717408,0.309544800313141,6,0.0102693791322904,32.4645734481961,0.245641301703438
"Astro-4","ZNF331",-0.158097535774706,0.604406850584706,0.793649357698763,-1.34271319493001,1.0265181233806,5,1.64734247802563,96.0552941113037,0.941067340022289
"Astro-4","TSNARE1",-0.251866166303803,0.102341819603183,0.0138539241575375,-0.452452446838336,-0.0512798857692697,6,5.03845876601528e-07,0.000676092731257852,0.144498654586077
"Astro-4","POM121",0.0642463479997042,0.083225435802657,0.440140676805801,-0.0988725087711538,0.227365204770562,6,0.00941688550285556,23.6449035441408,0.773752293760311
"Astro-4","MED12L",0.111633081967451,0.0459171183686378,0.0150494624804259,0.0216371836910578,0.201628980243843,6,1.46871935501292e-07,0.000998753325227076,0.152716954585619
"Astro-4","RPP38",-0.166472080067443,0.0897253438998311,0.0635460028115885,-0.342330522611582,0.00938636247669689,6,0,0,0.321025423522964
"Astro-4","COPE",-0.287844531695655,0.0840160559836721,0.000612392125664947,-0.452512975546754,-0.123176087844557,5,0,0,0.0244152247473134
"Astro-4","NDUFAF6",0.0895666853787114,0.0766499471252185,0.242598711452163,-0.0606644504036163,0.239797821161039,5,0.00564355734877459,18.8523330899467,0.608390340657353
"Astro-4","UQCRH",-0.173972540556721,0.0872915127762311,0.046260750130301,-0.345060761754152,-0.00288431935929037,5,0,0,0.277057255714588
"Astro-4","ARAP1",-0.292004592678437,0.0853672812595479,0.000624905051184886,-0.459321389405252,-0.124687795951622,5,6.07168313360711e-06,0.0142812798721316,0.0244781382983666
"Astro-4","CABIN1",0.133329343833999,0.0748413793549635,0.0748320555960257,-0.0133570642550294,0.280015751923026,6,0.00355388026649049,9.87879671294995,0.347857606523823
"Astro-4","STON2",0.0825977682733808,0.0516169355836602,0.109552727204214,-0.0185695664629171,0.183765103009679,6,0,0,0.426194441587906
"Astro-4","ZBTB7A",-0.141899366289497,0.0771481913648409,0.0658697432268071,-0.293107042836989,0.00930831025799556,5,0,0,0.32694034716424
"Astro-4","ATP9A",0.246960379300305,0.0693432225030628,0.000368853693614479,0.111050160622354,0.382870597978255,6,0,0,0.0175439194365822
"Astro-4","CSGALNACT1",0.0444659487783334,0.0579795450934606,0.443126250668078,-0.0691718714448654,0.158103769001532,6,0.00409188955914526,20.6445536236145,0.774513785967693
"Astro-4","YAP1",0.176990668744635,0.0589252338406801,0.00266763647477374,0.0614993326363008,0.292482004852968,6,0,0,0.0568787029647196
"Astro-4","AQR",-0.167067438455848,0.215168740444702,0.43748423756947,-0.588790420326311,0.254655543414615,6,0.207983138738195,89.288922266899,0.772015558799253
"Astro-4","CEP128",0.128565972385352,0.132281246313078,0.331093420255138,-0.130700506218352,0.387832450989056,6,0.0396122962434641,42.8592710933045,0.691561094238456
"Astro-4","LRRC1",0.147107286288352,0.0702792218528843,0.0363328041107439,0.00936254259519809,0.284852029981505,6,0,0,0.245641301703438
"Astro-4","POLK",0.0202225066004868,0.0757250648517609,0.789429362320208,-0.128195893235925,0.168640906436898,6,0.00882398838032527,27.6650402099069,0.940838572331001
"Astro-4","TRNAU1AP",0.103366526138712,0.087795256454563,0.239052288931411,-0.0687090145256895,0.275442066803113,6,3.8376026105295e-06,0.00710911058612263,0.603636461130245
"Astro-4","ZFX",-0.0240442659829937,0.115708824788584,0.835385320272133,-0.250829395262073,0.202740863296085,6,0.0273889889817258,38.7425802992457,0.956577488328383
"Astro-4","PNN",-0.187633179686174,0.127283366219984,0.140444581157316,-0.437103993308364,0.0618376339360162,6,0.0412843595111059,51.2622045354535,0.478410372720453
"Astro-4","C1GALT1",0.0841885907061976,0.11802017635469,0.475634981787098,-0.147126704398061,0.315503885810456,5,0.0265420171050571,41.0411312423654,0.793803877957948
"Astro-4","SYMPK",-0.158770817469188,0.0640761790909462,0.0132178682552237,-0.284357820754381,-0.0331838141839951,6,0.000170835230573676,0.586138919692144,0.141507878633973
"Astro-4","NRIP1",0.169615271554914,0.0756856194264669,0.0250228243279593,0.0212741833314337,0.317956359778394,5,6.87476676724774e-07,0.00166267908388662,0.200402736773187
"Astro-4","CHL1",0.157146775404261,0.0548690007407788,0.00418280903545752,0.0496055100846334,0.264688040723889,6,0,0,0.0741769576352888
"Astro-4","WWP1",0.0988991395600688,0.0655029211970449,0.131083441224532,-0.0294842268683046,0.227282505988442,6,0,0,0.461325873690974
"Astro-4","SWT1",0.0537764858748095,0.126974944223529,0.671915579356043,-0.195089831742289,0.302642803491908,6,0.0447519721071938,58.4969446513128,0.894553541056958
"Astro-4","MAP2K5",0.118596676733854,0.0471755107645508,0.0119388783483923,0.0261343746830524,0.211058978784655,6,8.15809736773178e-06,0.0519120015460302,0.134177270656211
"Astro-4","RARS2",0.208331745000143,0.0708989478604468,0.00329876896174335,0.0693723606518837,0.347291129348401,5,0,0,0.0636674066043894
"Astro-4","ITGB5",-0.0778721424514888,0.099436388039447,0.433547682273095,-0.272763881761554,0.117019596858577,6,0.0132435585120691,23.1995810385726,0.770902953731178
"Astro-4","PPP2R3C",0.117832203189841,0.0669622000000946,0.078461675665088,-0.0134112971359125,0.249075703515594,6,0,0,0.358026459885306
"Astro-4","NRDE2",-0.278397238279107,0.130663954404794,0.0331191961764709,-0.534493882990087,-0.0223005935681269,6,0.0449312521296824,54.0308327692999,0.234019468972683
"Astro-4","RAB12",0.148549229351493,0.0793881989134819,0.0613208003823437,-0.00704878131643377,0.304147240019419,5,2.63504183186058e-07,0.000720428418794424,0.316572978911495
"Astro-4","ACSS1",-0.189673558503509,0.0898048589793546,0.0346810091305128,-0.365687847739742,-0.0136592692672755,5,0.0115550993094179,29.9574017842765,0.240598935302297
"Astro-4","PMP22",0.217103742352773,0.0687245193908813,0.00158287893421774,0.0824061594918213,0.351801325213725,6,4.19043728523199e-06,0.0125624320413951,0.0425895799935828
"Astro-4","PPP6R3",0.0392745319347815,0.0673906962913165,0.560035596315681,-0.0928088056892758,0.171357869558839,6,0.0101607719430374,44.2923545811825,0.840823097052295
"Astro-4","CPD",0.145295828138088,0.0788084820674876,0.0652331091358563,-0.0091659583904585,0.299757614666634,6,0,0,0.325094198996393
"Astro-4","SNTA1",-0.219873026405999,0.084344466894588,0.00913804793815999,-0.385185143814622,-0.0545609089973752,6,0,0,0.117440041972306
"Astro-4","RAP1A",0.0921403250594784,0.067221816870999,0.170471368067052,-0.0396120149830266,0.223892665101983,6,0,0,0.515282021240862
"Astro-4","NFKB1",0.0517705984040324,0.0795514560988619,0.515187686270544,-0.104147390467456,0.207688587275521,6,0.00521073554744244,13.0366831831677,0.817037282951404
"Astro-4","SUSD6",0.303451596640121,0.11362745343216,0.00757195472685364,0.0807458802580852,0.526157313022157,6,0,0,0.104969585578869
"Astro-4","DOC2A",0.0684826684094899,0.182333908786503,0.707222233467548,-0.288885225972467,0.425850562791447,5,0.0845534762293451,56.7046929418975,0.909669924333439
"Astro-4","WDR6",-0.0775294815747676,0.0751032392227663,0.30192905867541,-0.224729125573686,0.0696701624241504,6,0.00207439678034957,5.49751135344281,0.671199234222666
"Astro-4","AACS",-0.0192086166262213,0.138719574240816,0.889868310152226,-0.291093986088951,0.252676752836508,5,0.0414810360833299,49.8668484078069,0.973135147503209
"Astro-4","PTS",-0.100626729972765,0.14216691105867,0.479065139926572,-0.379268755441067,0.178015295495537,5,0.0441754860199352,49.3626327681739,0.795800174314218
"Astro-4","LANCL2",-0.208506790991056,0.0737811530312777,0.00471307661618787,-0.353115193670199,-0.0638983883119137,5,0,0,0.0792104828084714
"Astro-4","METRN",-0.185744993035548,0.0866935989269406,0.0321495995502373,-0.355661324622512,-0.0158286614485839,6,1.01868363599299e-06,0.00198901464889719,0.229543938226661
"Astro-4","CCDC12",-0.156831544564186,0.103825641111775,0.13090873420474,-0.360326061815047,0.046662972686675,5,0.00579064748932504,9.84149426439321,0.46130548788793
"Astro-4","SNRK",-0.167694070560842,0.0720673479061112,0.0199701754961214,-0.308943476918138,-0.0264446642035463,5,0,0,0.177361135869618
"Astro-4","NHS",0.206307384593653,0.100490496869318,0.0400721967490075,0.00934962994125488,0.40326513924605,6,0,0,0.257442558922745
"Astro-4","PRKCA",0.0966793481762764,0.0535356309000591,0.0709358511762926,-0.00824856027746902,0.201607256630022,6,1.16503300263985e-06,0.00595546513333319,0.339944257126822
"Astro-4","UBE2B",0.0654566364532493,0.112663994342354,0.561247298657035,-0.155360734812189,0.286274007718688,6,0.0259550637648795,38.5092303779305,0.842179325622177
"Astro-4","ZSCAN18",0.0923806653587316,0.0921311320403211,0.316001547719097,-0.0881930352952019,0.272954366012665,6,0,0,0.680954521568955
"Astro-4","UBR3",0.0151583842754889,0.0552469843611445,0.783796551362807,-0.093123715326802,0.12344048387778,6,0.00498437264844545,29.7036648850558,0.93801419008406
"Astro-4","RANBP3",0.0143015235788756,0.133209266285001,0.914502333819499,-0.246783840746731,0.275386887904483,5,0.0337593748143796,41.3611462165109,0.97864650221828
"Astro-4","MSH3",0.0294289141457517,0.0752766494279176,0.695839025256609,-0.118110607609815,0.176968435901318,6,0.00956546591652732,31.1909250076859,0.905137593701261
"Astro-4","GRIK1",-0.259261054249913,0.101765357291977,0.0108455672047648,-0.458717489416039,-0.059804619083787,5,0,0,0.129059886868029
"Astro-4","BMPER",0.146579903998668,0.100729676253417,0.145619178762293,-0.0508466336324089,0.344006441629745,5,0,0,0.485414327898841
"Astro-4","PLEKHA8",0.108259142016386,0.0808039531086015,0.180318402135699,-0.0501136958849359,0.266631979917708,5,4.37285596283546e-06,0.0117827750818937,0.526965817263342
"Astro-4","MYH9",0.353894617366577,0.112867473063657,0.00171568395645629,0.132678435135765,0.575110799597389,5,0,0,0.0439956139444331
"Astro-4","SCAF8",0.0416055339640655,0.0632042959899982,0.510364224241176,-0.0822726098445403,0.165483677772671,6,0.0057431827937514,25.4336779332351,0.815080843381683
"Astro-4","ADNP",0.0582776239273751,0.0487520781604499,0.23193567443475,-0.0372746934385884,0.153829941293339,6,0,0,0.595433950709456
"Astro-4","WDR20",-0.0643704092659848,0.111348920630129,0.563199042850779,-0.282610283418446,0.153869464886477,6,0.0342057380652677,56.3663602827933,0.842792649876973
"Astro-4","NPEPL1",-0.228686523166128,0.0986251052521225,0.0204088375567456,-0.42198817743176,-0.035384868900496,5,0,0,0.178071997979145
"Astro-4","BBX",0.11570701648937,0.0530783986356978,0.0292628980483897,0.0116752668063425,0.219738766172398,6,0,0,0.220022163368879
"Astro-4","CACNA2D3",0.440935886728157,0.100569951207069,1.16321870034391e-05,0.243822404435351,0.638049369020962,6,5.80770006125559e-06,0.00834222054591232,0.00244365405433786
"Astro-4","IPO11",0.067161757103684,0.111814143497547,0.548069601995925,-0.151989937113702,0.28631345132107,6,0.0244019488699855,36.4729001430707,0.833620990177375
"Astro-4","NTM",-0.138915086366703,0.0379481507741648,0.000251571350371238,-0.213292095163962,-0.0645380775694448,6,1.01918311908128e-08,9.93592440637588e-05,0.0141658011930691
"Astro-4","FAM13B",0.0234802525882012,0.0646555417329982,0.716485989355494,-0.103242280609402,0.150202785785804,6,0.0058465938673877,24.6931025124723,0.911587811288076
"Astro-4","TANK",0.244735522589856,0.0720448294166364,0.000681316035384409,0.103530251660917,0.385940793518795,6,7.61202989033557e-07,0.00215149279855921,0.0253063688710021
"Astro-4","KIF21B",-0.385182536295006,0.115737744244593,0.000874520008272805,-0.612024346666317,-0.158340725923695,5,0,0,0.0293827236364396
"Astro-4","GCLC",0.253307026211653,0.0890161633561572,0.00443237236760373,0.0788385519916514,0.427775500431656,6,0.0102493962610021,22.2555330369704,0.0762710649204856
"Astro-4","KANK1",-0.0182448059737893,0.0792659794910272,0.817958148500087,-0.173603270975493,0.137113659027915,6,0.0145440916775494,43.2010609760807,0.950170175610513
"Astro-4","TBL1X",0.170071904520003,0.0518853508326804,0.00104604483018095,0.0683784855627246,0.271765323477282,6,0,0,0.0333403198674658
"Astro-4","CHMP4B",-0.10326548012663,0.0892065644719124,0.247027487335747,-0.278107133676128,0.0715761734228689,5,3.78672113108652e-05,0.0822093487726361,0.614524701153615
"Astro-4","SHISA6",0.0262988148595,0.143212248309751,0.854299619690263,-0.254392033972618,0.306989663691618,6,0.0547049719901863,51.7909852946423,0.963034489733971
"Astro-4","WNK2",-0.149834183387573,0.075469721669879,0.0471049974976385,-0.297752119783797,-0.00191624699134771,6,0.000617398101050776,1.5310028834775,0.279692932063718
"Astro-4","USPL1",0.217437438107513,0.0953148858305016,0.0225334374313152,0.0306236946891826,0.404251181525843,5,0,0,0.18964196494583
"Astro-4","EYA3",0.101745231802284,0.0646527749840937,0.115552672674309,-0.0249718786671117,0.22846234227168,6,0,0,0.438150975326075
"Astro-4","MICAL3",-0.179608479526672,0.0627560631405946,0.00420963640430649,-0.302608103093759,-0.056608855959585,6,0,0,0.0743676544267768
"Astro-4","CEP192",0.0314444111354783,0.0760482414784392,0.679255124340357,-0.117607403249868,0.180496225520824,6,0.00932290876264024,29.2397868593042,0.897675172791442
"Astro-4","PLCB1",0.205997977027082,0.0951846142285818,0.0304494587335559,0.0194395612567225,0.39255639279744,6,0,0,0.22444661754748
"Astro-4","DCAF5",0.16105813914564,0.0598441415444588,0.00711755822644766,0.0437657770327833,0.278350501258496,6,0,0,0.10045504659653
"Astro-4","AUH",0.19577935235468,0.0574474468845461,0.00065447351631857,0.0831844254571924,0.308374279252168,5,2.63103124448115e-08,0.000140498726993344,0.0246665745556883
"Astro-4","ADCY9",0.241749912964794,0.0753840908471096,0.00134169470037074,0.0939998098971637,0.389500016032424,6,1.47712240582483e-06,0.00369045479680478,0.0395094814011389
"Astro-4","AASS",0.116623805702877,0.0605559308286839,0.0541186381641459,-0.00206363777164251,0.235311249177396,5,0,0,0.299348119923852
"Astro-4","PLSCR1",0.534107367991132,0.170080054699698,0.00168758060966194,0.200756586291121,0.867458149691144,5,0,0,0.0439195085661367
"Astro-4","GIT1",-0.221489104594431,0.11596246797461,0.0561323353261819,-0.448771365383047,0.00579315619418497,5,0.0186470289878901,28.7218297830439,0.306594815551606
"Astro-4","FBXL3",0.131467448042965,0.0733930626137071,0.0732485425432503,-0.0123803113949936,0.275315207480924,6,4.27764311090839e-06,0.0110055535531116,0.343093976107596
"Astro-4","RAB2A",0.0840274363561301,0.0500288647867859,0.0930392343173747,-0.0140273368133945,0.182082209525655,6,0,0,0.391812103193139
"Astro-4","GBE1",0.197211703721968,0.0955332028851039,0.0389867885533366,0.00997006673940637,0.384453340704529,6,0,0,0.255024956980029
"Astro-4","TRIM33",0.0796528147212167,0.050783120467043,0.1167668306387,-0.0198802724167464,0.17918590185918,6,0,0,0.439848571688674
"Astro-4","NRCAM",0.159242584406554,0.0556564373173392,0.00422079327577825,0.050157971756758,0.26832719705635,6,0,0,0.0743676544267768
"Astro-4","CATSPER2",0.109466146481135,0.0814773434425538,0.179104821895272,-0.0502265122222709,0.269158805184542,6,0,0,0.525104958235091
"Astro-4","FBXO42",0.0704839744982701,0.088108605690706,0.423729933306286,-0.102205719383555,0.243173668380095,6,0.018293848262998,46.065957424431,0.763611324769951
"Astro-4","LIMK2",0.365568265441765,0.108112254822601,0.000721235787036844,0.15367213970205,0.57746439118148,6,0,0,0.0258355952486464
"Astro-4","SPARCL1",-0.206594363917359,0.055972828031472,0.000223395233194593,-0.316299090971898,-0.0968896368628196,6,6.23750469071527e-06,0.0291682372697438,0.0135410476250234
"Astro-4","MAGI3",0.095986371446361,0.0522754741034908,0.0663333265308739,-0.0064716750712373,0.198444417963959,6,0,0,0.32699695804299
"Astro-4","DDHD2",-0.108718969532815,0.0744572718359601,0.144248174234925,-0.254652540718406,0.037214601652775,6,0,0,0.48395794082995
"Astro-4","AGT",-0.0129788844143624,0.124590626614791,0.917032664910499,-0.25717202539063,0.231214256561905,6,0.0379608406826102,49.2934880291009,0.980043049107041
"Astro-4","THRA",-0.175430001017473,0.0857415292742675,0.040753120979089,-0.343480310374424,-0.0073796916605216,6,4.20282359081018e-06,0.00803557672906433,0.25907481176415
"Astro-4","SEL1L",0.202448411652016,0.0762190450196084,0.00790409239017492,0.0530618284775469,0.351834994826486,5,4.49263615702393e-07,0.00134772604686754,0.107603704872624
"Astro-4","SEC14L1",0.182389227890263,0.0743073857134154,0.0141071425426663,0.0367494281066424,0.328029027673883,6,0,0,0.146211029540879
"Astro-4","MTERF4",-0.134222192378583,0.0710694849383141,0.058944761857254,-0.273515823257491,0.00507143850032421,5,0,0,0.311671141591792
"Astro-4","ARHGAP6",-0.0100937567661374,0.163919106441183,0.950899159349729,-0.331369301768844,0.31118178823657,5,0.0480727916116871,37.859080077288,0.990368602966925
"Astro-4","AP1S2",0.20224035336406,0.0957707649795223,0.0347110877001483,0.0145331032323464,0.389947603495774,6,0.00571660713009957,9.81295551129031,0.240598935302297
"Astro-4","INO80",0.0998182459372193,0.0617723777064629,0.106115022670509,-0.021253389606853,0.220889881481291,6,0,0,0.420564662812881
"Astro-4","ALPK1",0.487517068373407,0.139159207716174,0.000459523960304209,0.214770033132577,0.760264103614236,5,0,0,0.0200793589694527
"Astro-4","SMURF2",0.148301715874694,0.0705048817478357,0.0354286535920583,0.0101146869146806,0.286488744834707,6,5.63857270979961e-07,0.00158832266979385,0.244018983552574
"Astro-4","DENND6A",0.0984560303971816,0.0676583837652335,0.145615740281251,-0.0341519650348656,0.231064025829229,6,8.72792064360188e-07,0.0026918692835246,0.485414327898841
"Astro-4","ITGA9",-0.018613004818971,0.344955168790353,0.95696882565105,-0.694712711928998,0.657486702291056,6,0.540339941875667,87.7340330400982,0.99221027443167
"Astro-4","TRAPPC8",0.0826270460432663,0.0675234059223824,0.221072941109848,-0.0497163976780817,0.214970489764614,6,0.00432444928993216,15.5377381220946,0.582489341216589
"Astro-4","MPC1",-0.000398744477638926,0.151030340356759,0.997893458413378,-0.296412772149713,0.295615283194435,5,0.0600729560046629,61.5212725865468,0.998807782637689
"Astro-4","ARHGEF17",0.111745988279228,0.0789963085300152,0.15719394100879,-0.0430839313512162,0.266575907909672,6,0.00513587923695109,13.1865507398605,0.498602384314757
"Astro-4","PHC2",0.207493798623667,0.0993640107636591,0.0367780992004136,0.0127439161674447,0.402243681079889,5,2.36454313016286e-08,4.19467156056886e-05,0.247635867347027
"Astro-4","MIR2052HG",-0.289370874188389,0.111451013785843,0.00942076470702197,-0.507810847249119,-0.0709309011276589,5,0,0,0.119665620534312
"Astro-4","CCNL1",0.12601710679676,0.0975924927662336,0.196614158949594,-0.0652606641865437,0.317294877780064,6,0.00789632001804852,13.1964498797334,0.548636709214997
"Astro-4","TPCN1",-0.186727760949709,0.0721579861255534,0.00966014421178942,-0.328154814952735,-0.0453007069466836,6,0,0,0.121575363329018
"Astro-4","RNGTT",0.0916340525574857,0.057964940478558,0.113911642996154,-0.0219751431464958,0.205243248261467,6,1.26065530886229e-06,0.00526860954095086,0.435215378802324
"Astro-4","PCED1B",0.21797336005368,0.101920457300602,0.0324630912432705,0.0182129344566484,0.417733785650713,6,0.00235362975437112,3.39310029712112,0.230736675873313
"Astro-4","PPP1R13B",0.0431791276438197,0.0759387660545045,0.569624538631557,-0.105658118853422,0.192016374141061,6,0.00704106694822725,20.882354492246,0.843676875377731
"Astro-4","TSTD2",0.140128628627489,0.0830433441066234,0.091523479435145,-0.0226333349772594,0.302890592232237,6,0,0,0.38980654056549
"Astro-4","SLC39A11",0.0779741281397457,0.0924810021127483,0.399151988159708,-0.103285305255414,0.259233561534905,6,0.0152175060525126,31.9416109828582,0.746692609636572
"Astro-4","RNF121",0.0864839748051373,0.0892722387180208,0.332661589658021,-0.0884863979014456,0.26145434751172,6,0,0,0.692189562937947
"Astro-4","SNX9",0.108223582995688,0.0581311357331308,0.0626433322302585,-0.00571134942165775,0.222158515413034,6,0,0,0.319632814712748
"Astro-4","MAP4K4",0.145495464513572,0.0547511098737226,0.00787465239898985,0.0381852610474804,0.252805667979664,6,4.79224228191845e-06,0.0223011230160901,0.107528378508206
"Astro-4","FRMPD2",0.128487622188673,0.230833547727702,0.577783969153619,-0.32393781778123,0.580913062158576,6,0.187823456889882,66.6879790089802,0.846615150658296
"Astro-4","RPL37",-0.0432049647056448,0.125862796904283,0.731395094218529,-0.28989151363152,0.20348158422023,5,0.0349141294479223,50.2316539848129,0.916970437066325
"Astro-4","PPM1H",-0.169857506891232,0.0800521181218908,0.0338514695807672,-0.326756775296285,-0.0129582384861801,6,3.90433715179438e-06,0.00864766559082236,0.237962325418469
"Astro-4","ST7L",0.0884440709333711,0.0640656658372073,0.167425933634288,-0.0371223267531333,0.214010468619875,6,0,0,0.513548502314195
"Astro-4","SLC25A12",0.181038745119254,0.05066857361815,0.000352916581622916,0.0817301656796633,0.280347324558844,5,0,0,0.0172109854359318
"Astro-4","NSRP1",0.0188902941081112,0.081777887234597,0.817318581483313,-0.141391419603477,0.179172007819699,6,0.0118257836710015,32.8329758994034,0.950170175610513
"Astro-4","PARP1",-0.239008089851793,0.0846972806952004,0.00477385961091899,-0.405011709602865,-0.0730044701007202,6,0,0,0.0797395143573075
"Astro-4","ABHD2",0.077608138593924,0.0809015002259354,0.337411809839512,-0.0809558881441684,0.236172165332016,6,0.00994344449813625,27.434954428148,0.695975568483163
"Astro-4","USP40",0.0910748760145555,0.0495462398092096,0.0660359782669192,-0.00603396958088004,0.188183721609991,6,0,0,0.32694034716424
"Astro-4","MAP7",0.1215589034416,0.0573727151062237,0.0341109175128551,0.0091104481381242,0.234007358745075,6,0.00277410499462967,13.5928383088063,0.238585019794705
"Astro-4","FAM149B1",0.0887665367450891,0.0796134852168034,0.264863874492798,-0.0672730269635576,0.244806100453736,6,5.28752201648363e-07,0.00115865619402175,0.632252746179672
"Astro-4","TMOD2",-0.149245786492256,0.0625965848730554,0.0171140616195839,-0.27193283839865,-0.0265587345858628,6,0,0,0.162005207220393
"Astro-4","HSF4",-0.0952494951117494,0.137283731479019,0.487798312368224,-0.364320664473893,0.173821674250395,6,0.0376173772876204,36.934567451354,0.802033227620482
"Astro-4","MED13",0.049162193954198,0.053976329534354,0.362395363224933,-0.0566294679508015,0.154953855859197,6,0.00248655275145885,13.7763650649811,0.716396479889463
"Astro-4","PPFIA1",0.130295331531981,0.0598857650751445,0.0295753607779187,0.0129213887980707,0.24766927426589,6,0,0,0.220985801051972
"Astro-4","MRPL33",-0.181250209576911,0.0807212325784097,0.024743455521508,-0.339460918218275,-0.0230395009355466,5,4.02927184309514e-06,0.0106604931761451,0.198748167733054
"Astro-4","RPL14",-0.156827407300681,0.0964080611174728,0.103799915669258,-0.345783734910263,0.0321289203089024,5,0,0,0.415961217450833
"Astro-4","GOLGA1",-0.228881555403448,0.0721874727466006,0.00152095780653902,-0.370366402121752,-0.0873967086851443,6,0,0,0.041746088137267
"Astro-4","PNPT1",-0.0620730644652801,0.09180567281049,0.498954688635066,-0.242008876750309,0.117862747819748,5,0.00792290906076862,18.2985070946965,0.808451649161889
"Astro-4","IZUMO4",-0.209839582275488,0.130367595192842,0.107485374031189,-0.465355373604556,0.0456762090535801,5,0.0215032568482294,25.7685024858314,0.421453778146702
"Astro-4","MAPK4",0.137384278867943,0.0831877974599945,0.098637424866496,-0.0256608081068588,0.300429365842745,6,0,0,0.40447268364925
"Astro-4","USP25",0.137894042948185,0.0616278108060689,0.0252517553370735,0.0171057533222415,0.258682332574128,6,0,0,0.201350492921307
"Astro-4","USF2",-0.136512426105347,0.0938958613940652,0.145982203647106,-0.320544932735079,0.0475200805243862,5,0,0,0.485414327898841
"Astro-4","DHX9",0.0612135737001342,0.0678907974792056,0.367244103848559,-0.0718499442408115,0.19427709164108,6,0.0020574252215672,6.66056056929128,0.720336522314133
"Astro-4","RAP1B",0.156748227224731,0.0803141148358273,0.0509750613389462,-0.000664545303704522,0.314160999753166,6,4.50197310941831e-06,0.00994089258413901,0.291570180932342
"Astro-4","GULP1",0.200324654879376,0.122245731109562,0.101274773460657,-0.0392725753591326,0.439921885117885,5,0,0,0.410095525298065
"Astro-4","FKTN",0.129693662575551,0.0820337900569837,0.113882941981663,-0.0310896114514574,0.290476936602559,6,0.00544071981867833,12.9734055037461,0.435215378802324
"Astro-4","ASPSCR1",-0.221722853940728,0.0817172464021177,0.00666181221599638,-0.381885713804664,-0.0615599940767923,5,4.69581368307124e-06,0.0121778861122545,0.0968024235758292
"Astro-4","ATP6V1H",0.0631282803321652,0.0621319240334188,0.309612176522364,-0.0586480530635144,0.184904613727845,6,0.00251621320093492,10.2635855191947,0.677143105918301
"Astro-4","GOSR1",0.0918963880328821,0.0751505231425297,0.221393540836895,-0.0553959307458199,0.239188706811584,6,5.36762740893433e-06,0.0138155221168167,0.582771816892108
"Astro-4","NREP",-0.267962875561292,0.0972413996188649,0.00585763525031359,-0.458552516620534,-0.0773732345020501,6,0.00733072288741647,12.1684961855709,0.0911521473994667
"Astro-4","ZNF83",-0.0293502634673301,0.106262303231612,0.782390009974875,-0.237620550715563,0.178920023780903,6,0.0211508693464079,34.6784610080648,0.938005579647189
"Astro-4","RNF217",0.250180820676706,0.0734135998349801,0.000654824846315416,0.106292809024709,0.394068832328703,6,0,0,0.0246665745556883
"Astro-4","ARNT2",-0.176018012975585,0.052032081215201,0.000717313420729136,-0.277999018198043,-0.0740370077531284,6,6.78843897405288e-06,0.0361050971248198,0.0258355952486464
"Astro-4","TCEAL4",-0.190259723319971,0.0906374110958449,0.0358054283639897,-0.367905784719778,-0.0126136619201637,6,0,0,0.245641301703438
"Astro-4","ID4",-0.361028107162348,0.0970308593926426,0.000198627644822257,-0.551205096960897,-0.170851117363798,6,0,0,0.0130008018151323
"Astro-4","ZNF680",-0.0737579181565206,0.113816847326389,0.516958804147663,-0.296834839750137,0.149319003437095,6,0.0379320397114261,59.6289089393693,0.817706026727802
"Astro-4","VIPAS39",0.187053258714843,0.0902355226488362,0.0381774157495416,0.0101948841969753,0.36391163323271,5,1.56862557595667e-06,0.00337589750807116,0.252451628116218
"Astro-4","UBE2K",0.105173480325837,0.0498611722312094,0.034916428959385,0.00744737852571807,0.202899582125956,6,1.4489368187398e-07,0.000823156678196879,0.241715506940635
"Astro-4","SERF2",-0.227119504046653,0.113931716306359,0.0462099616860619,-0.450421564703952,-0.00381744338935483,5,0,0,0.27705687237022
"Astro-4","OAF",-0.306157958973933,0.146394435966656,0.0364991757236871,-0.593085781005634,-0.0192301369422326,6,0.0438808116404213,38.0741132353819,0.24642583164744
"Astro-4","QTRT1",-0.250565041728529,0.0891621510079842,0.00495080224088694,-0.4253196464883,-0.0758104369687585,5,0,0,0.0816957155278685
"Astro-4","ACO1",0.197989751120883,0.0800629138876411,0.0134011468557608,0.041069323403775,0.354910178837992,6,0.00601317459767011,15.2651061643458,0.142130221604205
"Astro-4","SLC22A4",0.250649689137627,0.14358779346992,0.0808770468496271,-0.0307772146829922,0.532076592958247,5,0.015243900311034,14.0952023424778,0.365577807165435
"Astro-4","MT1M",0.431868663340337,0.147475726693583,0.00340705872517033,0.142821550427042,0.720915776253633,5,0,0,0.0650266833711257
"Astro-4","PAFAH1B2",0.0638815803596613,0.111534433693451,0.566812560325228,-0.154721892715574,0.282485053434897,6,0.0209077423095642,30.7089818517466,0.843676875377731
"Astro-4","PPARA",0.211849531245989,0.0713852021184277,0.00300041569137628,0.0719371060647581,0.351761956427219,6,0.00486710035430476,15.6728920945536,0.0611502630831988
"Astro-4","KDM7A",0.12350646498488,0.0865589632888421,0.153623774292309,-0.0461459856003756,0.293158915570135,6,4.29328281309072e-06,0.00805807117901573,0.496692130754745
"Astro-4","SH3RF3",0.128826075973163,0.0774733278063541,0.0963436207845601,-0.0230188562897567,0.280671008236082,6,4.6427702690535e-06,0.0111086102272192,0.399566330087523
"Astro-4","CLEC16A",0.121478755107481,0.0544565994756799,0.0256980638139235,0.0147457814146262,0.228211728800337,6,0,0,0.204015733359956
"Astro-4","METTL16",0.167029355572453,0.0634597956413515,0.00848713697068344,0.042650441649132,0.291408269495774,6,0,0,0.111167247323436
"Astro-4","CBLB",0.127323827018026,0.0655910127369529,0.0522366978559368,-0.00123219565590987,0.255879849691962,6,1.77394728796617e-06,0.00586114482902755,0.292933104403621
"Astro-4","RPS25",-0.24990185909454,0.112945152156549,0.026925592183463,-0.471270289549772,-0.0285334286393087,5,0,0,0.211608035260539
"Astro-4","AP3B2",0.136641636618581,0.0841514285604872,0.104427260829395,-0.0282921326075694,0.301575405844731,6,0,0,0.417355954607422
"Astro-4","FBXO2",-0.135408809494123,0.099438803484752,0.17328308570876,-0.330305282989993,0.059487664001747,5,0,0,0.517981418024798
"Astro-4","KDM3B",-0.154721114629622,0.0604075924351485,0.0104285497581925,-0.273117820195287,-0.0363244090639563,6,0,0,0.126019333582406
"Astro-4","BCL2L2-PABPN1",0.205546327260873,0.104758537347936,0.0497512861599336,0.000223366985823287,0.410869287535922,5,0.00565987923838979,9.6763212578856,0.28755716931805
"Astro-4","PCDH15",-0.191302007327445,0.150959122151171,0.205068138926197,-0.487176449881522,0.104572435226632,5,0.0214312325901624,18.3915179435496,0.561962556469853
"Astro-4","UBR1",0.0796829137092333,0.0483113001638875,0.099073108943872,-0.0150054946582902,0.174371322076757,6,0,0,0.404880119439448
"Astro-4","C2CD5",0.0205949187075914,0.0817547592988144,0.8011098991431,-0.139641465082826,0.180831302498009,6,0.00959223439942506,25.3180518764485,0.94432560769134
"Astro-4","PSMB7",-0.171187214937945,0.0743399312313185,0.0212922026592535,-0.316890802764513,-0.0254836271113762,6,0,0,0.182285283581258
"Astro-4","MFHAS1",0.123199113369582,0.0737025239887363,0.0946086483672368,-0.0212551792180409,0.267653405957204,6,2.94403347580936e-07,0.000778875155676129,0.395070670781229
"Astro-4","AMD1",0.191891699371874,0.0930832836326349,0.0392548411388684,0.0094518158891824,0.374331582854565,6,0,0,0.25600255573775
"Astro-4","LRRN2",-0.168966177293796,0.0882773752009435,0.0556154067074227,-0.341986653337374,0.00405429874978272,6,0,0,0.305667858769889
"Astro-4","ATP6V0A1",0.038351786342528,0.0709178126869709,0.588650951879363,-0.100644572386293,0.177348145071349,6,0.00647995505785438,22.2041045056059,0.852765048030872
"Astro-4","AMOTL1",0.314007638887041,0.104023617686907,0.00253929894270542,0.11012509467914,0.517890183094941,5,0,0,0.0552417117070075
"Astro-4","GBA2",-0.104164216415361,0.0935703054269182,0.265614501087427,-0.287558645074533,0.0792302122438119,6,0.00930320250753651,17.685258271183,0.63297836166646
"Astro-4","PRPF38B",-0.141075660757848,0.0726742283940483,0.0522332747061578,-0.283514531014421,0.00136320949872493,6,0,0,0.292933104403621
"Astro-4","EXOC6",-0.0502117373462517,0.110328299586767,0.649028637550228,-0.266451231011861,0.166027756319357,6,0.0301969716464306,49.2792724731984,0.883024838784661
"Astro-4","TRPC1",0.0168111872067444,0.0775620947382042,0.828407167182538,-0.135207725045619,0.168830099459108,6,0.0111052904225563,34.3767246490339,0.954590706150005
"Astro-4","CELF2",0.0212852352982902,0.052617696045924,0.685825834198772,-0.0818435539011964,0.124414024497777,6,0.00347864943198292,21.5331011369065,0.900909260796944
"Astro-4","SLC30A7",0.166927973149969,0.0800059765090053,0.0369384415215241,0.0101191406443608,0.323736805655577,5,0,0,0.247635867347027
"Astro-4","SEMA5A",-0.496160061559857,0.125664662991161,7.87126509974182e-05,-0.742458275151897,-0.249861847967817,6,2.123088832387e-07,0.000201172152597008,0.00796163888422034
"Astro-4","SEC24B",0.104965858666811,0.0582299323480218,0.0714494845656155,-0.00916271155751587,0.219094428891137,6,0,0,0.340538468322331
"Astro-4","ZNF148",0.0592541192173231,0.0539506114369892,0.272072195696761,-0.0464871361430903,0.164995374577737,6,0.00096778911322685,4.97057721007198,0.642480904840342
"Astro-4","PUM1",0.102072682597735,0.0472037981055001,0.0305886798178281,0.00955493837745432,0.194590426818015,6,1.55464532813379e-06,0.00985588275136751,0.225120292942512
"Astro-4","NFATC4",-0.393687283312242,0.115985736270925,0.00068810994206456,-0.621015149123615,-0.166359417500868,5,0,0,0.0253063688710021
"Astro-4","MFAP3L",0.0791627258328628,0.111834401096948,0.479034275104893,-0.140028672549761,0.298354124215487,6,0.0294482138287805,46.7761752624928,0.795800174314218
"Astro-4","RAB18",0.218753396885114,0.0693642390840615,0.00161219528410335,0.0828019864653275,0.3547048073049,5,0,0,0.0426032035097562
"Astro-4","PGBD5",-0.136758727140475,0.0811116475164698,0.0917851391513678,-0.295734634999463,0.022217180718514,5,0,0,0.390375165457929
"Astro-4","ELOVL6",0.108586308805415,0.0764975320617594,0.155760677555385,-0.0413460989418317,0.258518716552661,6,0,0,0.497647147105025
"Astro-4","ZNF326",-0.0381895496048309,0.0686199124946706,0.577843515498742,-0.172682106716675,0.0963030075070134,6,0.00423816893430296,14.6383369722669,0.846615150658296
"Astro-4","LDLRAD4",0.194526333114797,0.064792436467923,0.00267947959997465,0.0675354911670681,0.321517175062526,6,0.00518928943161281,21.0381228348451,0.0568787029647196
"Astro-4","APOO",-0.0124340561441506,0.105495368794349,0.906175793778057,-0.219201179516844,0.194333067228543,5,0.0142701776888873,25.9849761202583,0.976392362208728
"Astro-4","NAMPT",-0.285344333511272,0.503867147756612,0.571183968717444,-1.27290579610715,0.70221712908461,5,0.943008988597878,81.7237629908848,0.843676875377731
"Astro-4","PDZD8",0.159852338746542,0.0739620532580135,0.0306741007170939,0.0148893781382018,0.304815299354881,6,0,0,0.225120292942512
"Astro-4","LIFR",0.0777909592489477,0.052636476390457,0.139437034392588,-0.0253746387494409,0.180956557247336,6,0.00027857616333174,1.44872695065443,0.476300864197821
"Astro-4","TMEM248",0.0936112659556908,0.0859959582864247,0.276350500585769,-0.0749377151017104,0.262160247013092,6,0.00193876473729462,3.79664401734869,0.648100658737428
"Astro-4","SMARCA2",0.0751813778041203,0.0522426204858292,0.150127491744006,-0.0272122768060994,0.17757503241434,6,0.00207645829552526,12.1073965190017,0.491015784374706
"Astro-4","WNK1",0.0201879353548462,0.0545866133282827,0.711506865484954,-0.0867998608066019,0.127175731516294,6,0.00384891689249638,22.3558627425468,0.910591477911432
"Astro-4","TNIK",-0.213470280445823,0.138083569863004,0.122116668887534,-0.484109104234031,0.0571685433423844,6,0.081396119335375,82.7130930682187,0.449144703404365
"Astro-4","XPO7",0.0781150684156416,0.0621267389155828,0.208626848914607,-0.0436511023358237,0.199881239167107,6,1.87200185591991e-06,0.00657450130177356,0.564003875630052
"Astro-4","ANAPC5",-0.0241767751154502,0.0870241218297323,0.781152887690532,-0.194740919687951,0.146387369457051,6,0.0118772777505186,28.240754120007,0.937378177624084
"Astro-4","CTTNBP2NL",0.210469614151492,0.102905694820088,0.0408285494993826,0.00877815850004982,0.412161069802935,5,0,0,0.25907481176415
"Astro-4","ZNF26",-0.0659800934549114,0.104305245232156,0.527016208511515,-0.270414617508556,0.138454430598733,5,0.00875066197786116,15.6174706145596,0.82289143036691
"Astro-4","CEP57L1",-0.136861843394588,0.0811174745157327,0.091563857844292,-0.295849171962269,0.0221254851730942,5,1.56556969646462e-07,0.000411192163440395,0.38980654056549
"Astro-4","SUCO",0.111962596900764,0.0599777756826311,0.0619386412318471,-0.00559168331001553,0.229516877111543,6,0,0,0.318534970860709
"Astro-4","SNAP23",0.0801343871614407,0.105054037819487,0.445587410075109,-0.125767743395262,0.286036517718143,6,0.0165936472011841,26.6252054021273,0.775836287481749
"Astro-4","TEF",-0.244855468064932,0.102558229632768,0.0169644400788161,-0.445865904463347,-0.0438450316665178,5,0,0,0.160867659219607
"Astro-4","RAB9A",0.192256790198107,0.103876938804421,0.0641964581738047,-0.0113382686828302,0.395851849079044,5,0,0,0.322576867107011
"Astro-4","PLEKHA5",0.251591470539318,0.1098921401296,0.0220537954100883,0.0362068337012724,0.466976107377363,6,0.0251521079831897,38.6283286050607,0.18646722992245
"Astro-4","HSPA1A",0.671049391448029,0.353196145452981,0.0574417717887543,-0.0212023331181835,1.36330111601424,5,0.408939370457734,72.3658875577104,0.308806060541512
"Astro-4","VAV3",-0.104729439313377,0.0926312521702371,0.2582210072828,-0.28628335740989,0.0768244787831351,6,0.0101004901639137,19.9813089142677,0.626115952189816
"Astro-4","MADD",-0.248139958413804,0.0786931743322359,0.00161458497373115,-0.402375745934119,-0.0939041708934901,5,0,0,0.0426032035097562
"Astro-4","PTBP3",0.207295224404725,0.108974505909495,0.0571403129615765,-0.00629088241093256,0.420881331220382,5,0.0121037352998652,20.1648366534893,0.308095152414739
"Astro-4","BRD7",0.0151415749596199,0.120843575144496,0.900286871097921,-0.221707480086652,0.251990630005892,5,0.026026626322911,38.4733008686441,0.975281017440866
"Astro-4","EPB41L2",0.101244006511896,0.0790132307935664,0.200068966245499,-0.0536190801456453,0.256107093169437,6,0.0127952877169816,38.9704230874015,0.55402515434953
"Astro-4","GAPVD1",0.03988792122457,0.0633315752093836,0.528807931268373,-0.0842396852700115,0.164015527719151,6,0.00150167515168512,5.56108591686716,0.82289143036691
"Astro-4","TMEM132C",0.265210996826087,0.131646950970147,0.0439505210321695,0.00718771425008802,0.523234279402085,5,0,0,0.27078811134876
"Astro-4","ALDH7A1",0.0914658975374578,0.0674631904923013,0.175166095368042,-0.0407595261096177,0.223691321184533,5,0,0,0.521393576512396
"Astro-4","S100A13",-0.22517299860037,0.113666720264978,0.0475920374645373,-0.447955676560515,-0.00239032064022512,6,1.11109927703864e-06,0.00126076805284826,0.280116065335455
"Astro-4","STRAP",-0.0856815401727534,0.10044683681544,0.393657160081308,-0.282553722691988,0.111190642346481,6,0.00103040886397739,1.49669079346676,0.741777036095456
"Astro-4","P2RY1",0.0153979397114148,0.206869972365976,0.940665901196622,-0.390059755608694,0.420855635031524,5,0.119369546523971,69.3474909717436,0.988287010175912
"Astro-4","CACNG7",-0.252205039541037,0.0997045118617912,0.0114217088418878,-0.447622291886295,-0.0567877871957799,5,0,0,0.132453022705713
"Astro-4","RELL1",0.292294622955131,0.112994892390502,0.00968732065234124,0.0708287034327689,0.513760542477493,5,0,0,0.121637115869167
"Astro-4","SRP68",-0.202487574155324,0.110822280002431,0.067679056766812,-0.419695251644702,0.0147201033340541,5,0.0127413994751449,20.5467008024006,0.330646697728379
"Astro-4","STARD3",0.19530898323995,0.115949516103018,0.0920983641677854,-0.0319478923468129,0.422565858826713,6,0.022962696620546,31.1780119019419,0.390863453834067
"Astro-4","OPHN1",0.0411438095240734,0.0644891031413438,0.52347608530192,-0.0852525100282493,0.167540129076396,6,0.00771069813121353,33.9771677670923,0.821520086624871
"Astro-4","HDAC4",0.122410660785139,0.0868273444929245,0.158593744435807,-0.0477678072942455,0.292589128864523,6,0.0179698780564714,47.1215115292824,0.50048743676883
"Astro-4","MRPS9",-0.104052492204628,0.0933362685399616,0.264930533837735,-0.286988216994311,0.0788832325850557,5,0.00351560768223165,7.43374921524993,0.632252746179672
"Astro-4","MIR4300HG",-0.21153356221049,0.13992133498697,0.130583861950337,-0.485774339453715,0.0627072150327357,6,0.0196095146970594,16.5598838711804,0.461199877819225
"Astro-4","CNP",-0.189898769637444,0.0926137214583777,0.0403216283517145,-0.371418328170089,-0.00837921110479956,5,0,0,0.257535353596182
"Astro-4","NCEH1",0.198269000857492,0.0910508269922364,0.0294385139561364,0.0198126591901209,0.376725342524863,5,0,0,0.220264607162215
"Astro-4","PTPN12",0.170969860549111,0.0665120220569917,0.0101548706563402,0.0406086927784739,0.301331028319749,6,0,0,0.124403897900475
"Astro-4","MIPOL1",0.149389257654268,0.0685992528307584,0.029427656998984,0.0149371927396237,0.283841322568911,6,2.06743033612327e-06,0.00633329784596283,0.220264607162215
"Astro-4","CACHD1",0.0470774996790315,0.110516471324328,0.67012444224169,-0.169530803815104,0.263685803173167,6,0.0323673215207103,50.5776491463086,0.893390213210669
"Astro-4","ATAD1",0.0892870518291661,0.0766051563521386,0.243796898967149,-0.0608562956510854,0.239430399309418,5,0.00060409532058946,1.82352851181946,0.610274363959013
"Astro-4","VEZT",0.0475720323110558,0.0693122189557778,0.492496147886127,-0.0882774205308231,0.183421485152935,6,0.00788854375747475,29.7157252885327,0.803576263243265
"Astro-4","PTCH2",-0.260474026730378,0.110271174546145,0.0181706349577192,-0.476601557373752,-0.0443464960870032,5,0,0,0.169076674853598
"Astro-4","EPHB1",-0.176842969404115,0.0882349779061887,0.0450456957548158,-0.349780348276932,-0.00390559053129738,6,0.00780742192394208,16.4132402392751,0.273580805224433
"Astro-4","FAM171A1",-0.0940705121258142,0.05764565784975,0.102705806112997,-0.207053925376443,0.0189129011248143,6,0,0,0.41278816261162
"Astro-4","SUPT20H",0.148656212829952,0.0672857374164299,0.0271518875218518,0.0167785908205301,0.280533834839373,6,0,0,0.212469354791339
"Astro-4","LMBRD2",0.0778826229930443,0.0772417743838188,0.313312066771324,-0.073508472901209,0.229273718887298,6,0.000708413672434994,1.64030621316412,0.678552937630837
"Astro-4","ZNF44",0.13709190099077,0.0721832976265055,0.0575356682042874,-0.00438476264251689,0.278568564624056,6,0,0,0.308930917479346
"Astro-4","TAF1B",0.106588106890336,0.115683280167501,0.356852760689484,-0.120146955851422,0.333323169632095,6,0.0240605780600982,33.5144063459452,0.712961946232454
"Astro-4","HVCN1",0.151217483409628,0.10058845354135,0.132754368555314,-0.0459322627919984,0.348367229611254,5,2.24816978326276e-06,0.00383382106698948,0.464215339980234
"Astro-4","ZCCHC24",0.200901176172699,0.0854334269493302,0.0186952585773533,0.0334547362761782,0.36834761606922,6,7.30064552329761e-06,0.0142190388001342,0.172159438282753
"Astro-4","HPS5",0.0935018233240735,0.0954481263003416,0.327279265330984,-0.0935730666164264,0.280576713264573,6,0.00611971130208495,10.5424829341502,0.689128507030777
"Astro-4","NUP155",-0.301156827131788,0.102557337966015,0.00331967996571183,-0.502165515895479,-0.100148138368097,5,6.3407550645896e-06,0.0107666053073451,0.0637548816337477
"Astro-4","COL9A2",-0.112811282672005,0.153986879471444,0.463800470840228,-0.414620020527746,0.188997455183736,5,0.033252084201682,28.8527741468582,0.789183231068326
"Astro-4","SLC43A2",0.086365853859454,0.111841450052448,0.439985994829167,-0.13283936022208,0.305571067940988,6,0.011219187692993,14.4839746384933,0.773729395929463
"Astro-4","MAP4",0.0949231234362526,0.0513523687762534,0.0645349142731303,-0.0057256698860232,0.195571916758528,6,0,0,0.323000082351225
"Astro-4","IST1",-0.0126184680900101,0.0925361127668027,0.891534611341135,-0.19398591638228,0.16874898020226,6,0.0158131133220599,34.8891617993059,0.973135147503209
"Astro-4","TCTN3",0.20153720110405,0.098123703291802,0.0399844568799141,0.00921827662242375,0.393856125585676,5,0,0,0.257442558922745
"Astro-4","UBE4A",0.0425703230585878,0.0830008260427554,0.60802802121117,-0.120108306672287,0.205248952789462,6,0.00841560637028486,20.6713492133516,0.861938502947161
"Astro-4","FBXO28",0.0392771193587436,0.0820462130290995,0.63213821504987,-0.121530503246192,0.200084741963679,6,9.03635362373092e-07,0.00195557388145237,0.87739937778922
"Astro-4","UNC79",-0.00561116933496715,0.0825251132116723,0.945790827371644,-0.167357419049935,0.156135080380001,6,0.0102195638272985,26.3699425208362,0.98916607490031
"Astro-4","CLNS1A",-0.0222676353036432,0.0851398249151628,0.7936746082904,-0.189138625787408,0.144603355180122,6,0.00867752692651589,20.3007668302359,0.941067340022289
"Astro-4","SRSF5",-0.197805447479142,0.0907746518814832,0.0293255464907624,-0.37572049587601,-0.0198903990822735,6,0.0177373469969543,40.7458585986899,0.220022163368879
"Astro-4","CRYBG3",0.234293830538936,0.0793545119782169,0.00315216780093199,0.0787618450508788,0.389825816026994,6,0,0,0.0624092271485295
"Astro-4","MYO16",0.20449885454599,0.136986553797139,0.135479365312836,-0.0639898572626615,0.472987566354641,5,0.0134416102745308,13.7821745296364,0.469237979288973
"Astro-4","IRAK1BP1",0.0743908883441492,0.148837984420556,0.61720803899235,-0.217326200651674,0.366107977339972,6,0.0692521391857815,66.4669269449017,0.869127377636442
"Astro-4","SLC41A3",0.100115795600835,0.12828999204921,0.435163330398135,-0.151327968392546,0.351559559594217,5,0.023576867856081,29.9693618789836,0.771058067058848
"Astro-4","B2M",-0.0376265945756532,0.143162507741524,0.792685958298509,-0.318219953685478,0.242966764534171,5,0.0405363594280466,43.7245870340558,0.941067340022289
"Astro-4","OBSL1",-0.197029315052668,0.0852237118600156,0.0207827965801123,-0.364064720927118,-0.0299939091782186,6,2.00316539013998e-07,0.000387552566280127,0.18007123588599
"Astro-4","NWD1",-0.237894064931077,0.0928480921845208,0.0104015651018798,-0.419872981645992,-0.0559151482161612,6,0,0,0.125971948085294
"Astro-4","EPM2A",-0.263215451236262,0.0734411724051429,0.000338331680362471,-0.407157504132739,-0.119273398339785,6,9.88161449807429e-08,0.000269016700696234,0.0171108114642576
"Astro-4","CUL3",0.0382491203979843,0.0605503948916347,0.527589016319673,-0.0804274728392978,0.156925713635266,6,0.00286634485676473,12.4781926677386,0.82289143036691
"Astro-4","ORMDL1",-0.184129486528155,0.0906652648792598,0.0422680494069898,-0.361830140340288,-0.00642883271602154,6,0.00450793055341305,8.32819013616932,0.264418438428939
"Astro-4","CEP170",0.0774247733810761,0.0509762952767415,0.128803085551536,-0.0224869294266165,0.177336476188769,6,2.3966313630638e-06,0.0130867015080221,0.459518258185819
"Astro-4","PRELID2",0.230993225548586,0.105993044062206,0.0293075789744002,0.0232506765748954,0.438735774522277,5,0,0,0.220022163368879
"Astro-4","DNAJC9",0.111170274989481,0.0815885295417672,0.173017325772643,-0.0487403044639646,0.271080854442927,5,3.36399509457765e-06,0.0088374363827905,0.517976559762043
"Astro-4","NPC1",-0.20279934985715,0.269002298002668,0.45091258032907,-0.730034165700889,0.32443546598659,6,0.328366856496187,85.4339039998702,0.780134467455616
"Astro-4","AMER2",-0.145361868245006,0.0818249263175266,0.0756507700596233,-0.305735776865001,0.0150120403749902,6,7.94381279229479e-07,0.00169627209781795,0.349876804458647
"Astro-4","GPSM1",-0.19337520537063,0.0932247581483559,0.038052364282257,-0.376092373808864,-0.0106580369323953,5,6.33847180675103e-06,0.0128791213719448,0.252235453531174
"Astro-4","CNTN5",0.0072732631287078,0.160780815382784,0.963918296682314,-0.307851344426533,0.322397870683949,5,0.059576119949538,50.9137619556366,0.994460940404121
"Astro-4","TTYH3",-0.223628132591502,0.169341466252105,0.186643062416454,-0.555531307534832,0.108275042351829,6,0.0851627236668108,60.8507324311318,0.534825530666327
"Astro-4","PCBP4",-0.348919698514935,0.111844650105326,0.00181046614434657,-0.568131184584859,-0.129708212445012,5,0.0167496820681825,27.5291444373021,0.0445578914180116
"Astro-4","DDRGK1",-0.10890666868192,0.104504440889194,0.297353825867099,-0.313731609049235,0.0959182716853944,5,0,0,0.667738225551382
"Astro-4","PLEKHA7",-0.0641325965421197,0.097075696314501,0.508839850180865,-0.254397465092689,0.12613227200845,6,0.0198701358682863,39.4456441501568,0.814883221025062
"Astro-4","UBE2H",0.0370700594714178,0.11530968139731,0.747844674591214,-0.188932763136098,0.263072882078933,6,0.036649600754378,54.5681465866349,0.924519931072907
"Astro-4","NACA",-0.164820895756741,0.107098528404855,0.123812820552638,-0.374730154227497,0.0450883627140151,5,6.03505941302211e-05,0.0936862609950915,0.450734582251186
"Astro-4","ATP11C",0.148049044957802,0.0840300949846792,0.0780933931446088,-0.0166469148296493,0.312745004745253,5,0,0,0.356942354272681
"Astro-4","SSR1",0.23102596328472,0.0856653222925999,0.00700001705266856,0.0631250168672083,0.398926909702232,5,6.49194042873598e-07,0.00155781929937206,0.0995679508897804
"Astro-4","LDAH",-0.0982049049036853,0.0715051369992144,0.169629117186949,-0.238352398131748,0.0419425883243773,6,1.72407774807694e-06,0.00460238795066789,0.51441038695325
"Astro-4","PLEKHA6",-0.193192885309044,0.0921520323212499,0.0360415627696586,-0.373807549760865,-0.0125782208572238,6,0,0,0.245641301703438
"Astro-4","SEC11A",0.0243433533915728,0.112529123751188,0.828731024406165,-0.196209676372607,0.244896383155753,6,0.0244562217340276,36.9473274033353,0.954762466843803
"Astro-4","ANOS1",0.103783929925574,0.0807422892395053,0.198662095407442,-0.0544680490131722,0.26203590886432,6,0.000190346921124012,0.390071985732948,0.551928975135019
"Astro-4","GOLPH3L",0.253205889777394,0.110021000401127,0.0213672049862229,0.0375686914481184,0.46884308810667,5,2.48637670352676e-06,0.00361757664766442,0.182641116799295
"Astro-4","SMARCA5",0.134451082087994,0.0695101535217853,0.0530805100075028,-0.00178631537455548,0.270688479550543,6,0,0,0.296167197607149
"Astro-4","BTF3L4",0.141302407254137,0.0862813264556687,0.101485551085169,-0.0278058851373166,0.310410699645591,5,0.000873718064295781,2.08625887781089,0.410095525298065
"Astro-4","RAB10",0.08324624642819,0.0526165773747224,0.113619979277211,-0.019880350216031,0.186372843072411,6,0,0,0.435215378802324
"Astro-4","SOS1",0.0544398552646886,0.0558813655479813,0.329955210818275,-0.0550856086162722,0.163965319145649,6,0.0029338915659721,15.3545487482317,0.689990543667549
"Astro-4","BRAF",-0.0154944236079247,0.0669847800246151,0.817071958945784,-0.146782179968508,0.115793332752659,6,0.00987347545237421,42.6672218382646,0.950170175610513
"Astro-4","PTEN",0.0606455118127371,0.110998309048757,0.584815554891706,-0.156907176267673,0.278198199893147,6,0.037964159140924,64.9116673749723,0.850377160588007
"Astro-4","HNRNPA0",0.0458362990867107,0.150862114473735,0.761258102474925,-0.249848011913369,0.34152061008679,5,0.0454782746750395,42.9134126681011,0.930615880867959
"Astro-4","TMEM165",0.144727287919247,0.0720569281892072,0.0445887899408667,0.00349830383181146,0.285956272006682,6,0,0,0.272604818373709
"Astro-4","SPEG",-0.142156333671395,0.122769770559455,0.246900803969659,-0.382780662358173,0.0984679950153824,6,0.0169215147329876,18.7122349033129,0.614524701153615
"Astro-4","ARFRP1",-0.10445053642973,0.0911533069399718,0.251845783401082,-0.2831077351038,0.0742066622443395,5,0,0,0.6179612169527
"Astro-4","PRKAR2A",-0.0917049028207508,0.16708988711551,0.583118176727478,-0.419195063748014,0.235785258106512,6,0.100404985166053,76.6832703307714,0.849784279958774
"Astro-4","ARHGEF1",-0.207115613885623,0.0906985689942294,0.0223974095539929,-0.384881542563634,-0.0293496852076124,5,4.74060439441349e-08,9.79065485962698e-05,0.188788041641835
"Astro-4","PAN3",0.0382849950858283,0.0627359704381115,0.541692315853429,-0.0846752475080398,0.161245237679696,6,0.00560772942489365,25.1449042970521,0.830421490174241
"Astro-4","LMNTD1",0.0517304960459392,0.132077225967845,0.695303128011601,-0.207136110028995,0.310597102120873,6,0.0174391989915424,16.5154334230553,0.904987288171934
"Astro-4","USP15",0.0721933904804017,0.0686778781244212,0.293172058665943,-0.062412777178095,0.206799558138898,6,0.00357404329761983,12.0578424193972,0.663341252872154
"Astro-4","MDFIC",0.249116161693543,0.0919890898834164,0.00676685046581189,0.0688208585514293,0.429411464835657,6,0,0,0.097264571695433
"Astro-4","EXTL2",-0.222998506255524,0.0870964189968631,0.0104562682158459,-0.393704350671785,-0.0522926618392619,5,0,0,0.126075357604746
"Astro-4","MAPKAP1",0.0495243908933589,0.0626834560939813,0.429486211290393,-0.0733329254773422,0.17238170726406,6,0.00302787947611335,12.2516769890518,0.767940743979587
"Astro-4","EIF1AX",0.0985026950454294,0.094663696204872,0.298082553897673,-0.0870347401595607,0.284040130250419,5,0.00178545197549223,3.44530378379742,0.667738225551382
"Astro-4","YAF2",0.0697105027812299,0.0632548931049566,0.270436857157954,-0.054266809550416,0.193687815112876,6,0.00381076964364941,15.5666061949564,0.640450855425822
"Astro-4","PLSCR4",0.201110545100283,0.0670438389330208,0.00270256997995052,0.069707035406258,0.332514054794308,6,0,0,0.0569244090675188
"Astro-4","CCNT2",0.118066183317895,0.0633916925040092,0.0625345203409653,-0.00617925090900115,0.24231161754479,6,1.89994077005753e-06,0.0068014749183139,0.319632814712748
"Astro-4","CA5B",-0.0112214373709323,0.114889743251438,0.922193258910303,-0.236401196336804,0.213958321594939,5,0.0219644916783458,35.0181502582692,0.982466590063872
"Astro-4","BAIAP2",-0.0684709385886269,0.27526634792523,0.803558569120481,-0.60798306667795,0.471041189500696,6,0.325877172899993,83.539682737692,0.944743740332831
"Astro-4","GNAI2",-0.0148773701789828,0.107254273805307,0.889678358839599,-0.225091884025382,0.195337143667416,5,0.0181521404013913,33.6139400505474,0.973135147503209
"Astro-4","B4GALT5",0.193747077285187,0.0721703688124087,0.00726211559743837,0.052295753661893,0.335198400908481,6,8.10874973562088e-07,0.00219678343220236,0.102231122147444
"Astro-4","TAF1D",0.149461136458218,0.0773545023540606,0.0533399819883041,-0.00215090219775921,0.301073175114196,6,0.00431221044920078,11.4291682925508,0.296410090459221
"Astro-4","HEPH",-0.275142518604041,0.0740433012519466,0.000202427413308894,-0.420264722354306,-0.130020314853776,6,5.43568661078134e-06,0.0138895071642031,0.0130008018151323
"Astro-4","TCEANC2",-0.134448821818074,0.179211475558502,0.453119565331467,-0.485696859529018,0.216799215892871,5,0.0767543898447961,51.8514571912771,0.781433575353658
"Astro-4","SSBP4",-0.241093422158417,0.0853304743322838,0.00472204161945988,-0.408338078633413,-0.0738487656834214,6,0,0,0.0792104828084714
"Astro-4","SNX24",0.139837891613159,0.0693489557667513,0.0437541622383306,0.00391643594486496,0.275759347281452,6,1.47284894760807e-06,0.00433673581160367,0.270651454298711
"Astro-4","SFXN5",-0.136714894657581,0.0549371220266322,0.0128257848470412,-0.244389675244062,-0.0290401140711001,5,0,0,0.140389652975028
"Astro-4","BBS4",0.0828095873239564,0.0805753584258709,0.304077586425604,-0.0751152132321565,0.240734387880069,6,0,0,0.671882988759439
"Astro-4","AGTPBP1",0.0751319737944666,0.0585328079342816,0.199286366469401,-0.0395902216707255,0.189854169259659,6,0,0,0.553029982092764
"Astro-4","CNTRL",0.109254721544183,0.079772187949036,0.170816760607344,-0.0470958938038873,0.265605336892254,6,0.00484080082408145,12.0805588485607,0.516040457100283
"Astro-4","MAPK14",0.0835929718119297,0.0623109880334168,0.17974368742525,-0.0385343205746735,0.205720264198533,6,0,0,0.525824613522583
"Astro-4","MAPK8IP2",-0.214090505630764,0.116858351452979,0.0669437640503392,-0.443128665771327,0.0149476545097988,5,0.0129187278209844,18.6259280188186,0.32911506682534
"Astro-4","CCP110",0.0663314319036132,0.0833106273560186,0.425919212817789,-0.0969543972436206,0.229617261050847,6,0.00537738592818943,12.3780618182261,0.764499093135315
"Astro-4","AMBRA1",0.0579876893819407,0.0547482400251223,0.289522398342464,-0.0493168892842533,0.165292268048135,6,0,0,0.660500796341595
"Astro-4","ZNF431",0.0968664521241812,0.0762588676272113,0.204002010639624,-0.0525981819269604,0.246331086175323,6,0,0,0.560492445731202
"Astro-4","THSD1",-0.347235681289627,0.113471853370675,0.00221260086965851,-0.569636427155161,-0.124834935424094,5,2.58667233085682e-06,0.00345893844813079,0.0512085845342153
"Astro-4","EIF2AK2",0.0330919349676308,0.115739525482192,0.77494144766451,-0.19375336656522,0.259937236500482,6,0.0283466314925145,40.2353666334802,0.934636945659779
"Astro-4","LEMD2",0.116227544764735,0.123298016548621,0.345857177852129,-0.125432127035785,0.357887216565255,5,0.0233999317638623,32.5728793897737,0.702779726721848
"Astro-4","WDR44",0.1367907338052,0.0784721514420417,0.0813029592623296,-0.0170118568105744,0.290593324420975,5,0,0,0.366399969876934
"Astro-4","CTDSPL",0.147519554440378,0.080919595672834,0.0682975298380237,-0.0110799387219201,0.306119047602675,6,0.0117718598342148,32.8429695397358,0.332274828861781
"Astro-4","NFX1",0.0766952695958395,0.0812626053308738,0.345274233786973,-0.0825765101425658,0.235967049334245,6,0.00956322991292846,25.702998865074,0.701888825580209
"Astro-4","ARGLU1",-0.120769378654422,0.0694850710273772,0.0821998462756224,-0.256957615331289,0.0154188580224446,6,0.00832832605697439,31.4625527263065,0.367759614716846
"Astro-4","PPP1R12C",-0.103093679381135,0.0873239606300001,0.237766162885326,-0.274245497203329,0.0680581384410587,5,2.98723482286531e-06,0.00681886601204938,0.602601483022329
"Astro-4","SLC39A14",0.687684822072868,0.209864571272168,0.00104989656118713,0.276357820748479,1.09901182339726,6,0.0665553867963779,25.9933406727096,0.0333403198674658
"Astro-4","MSL2",-0.0932379442709378,0.0759638107299554,0.219672469484947,-0.242124277430068,0.0556483888881921,6,3.36860814910333e-06,0.00788684893449282,0.581041660206673
"Astro-4","C3orf70",0.0750635963528425,0.082603985688938,0.363499845998268,-0.0868372405769381,0.236964433282623,6,0,0,0.717058973167819
"Astro-4","COG5",0.0916734030232321,0.0494146451793668,0.0635695399270242,-0.00517752183715257,0.188524327883617,6,0,0,0.321025423522964
"Astro-4","PDE8A",-0.130441310347296,0.0503554087943555,0.00958608221369639,-0.229136098011024,-0.0317465226835678,6,0,0,0.12092189619217
"Astro-4","ZNF785",-0.0928954418333919,0.10734326782083,0.386816327334009,-0.303284380745055,0.117493497078271,5,0,0,0.734117713654745
"Astro-4","PPP2R2A",0.149009896122388,0.0632390298067545,0.0184581847438123,0.0250636752838937,0.272956116960881,6,0,0,0.170707624224777
"Astro-4","UBE2E1",0.109988782831154,0.0559700465438708,0.0493984380519957,0.000289507392136831,0.219688058270171,6,0,0,0.28675558307927
"Astro-4","ABCD4",0.231754541526705,0.0886764984050833,0.00896244818431675,0.0579517983776186,0.405557284675792,6,7.45699931707481e-08,0.000138314552130389,0.11572787702775
"Astro-4","MAN2A1",0.117264945908961,0.0632464781405143,0.0637256445090431,-0.00669587339544665,0.241225765213369,6,4.57043547986217e-06,0.0158136278783505,0.321393786064998
"Astro-4","PIAS2",0.0398508110970946,0.0642301123287621,0.534969372164464,-0.0860378957902412,0.16573951798443,6,0.0017949217006812,6.57498604495001,0.825707723128377
"Astro-4","MYO10",-0.0795106552857011,0.0646603563883573,0.218822125662857,-0.206242625034406,0.0472213144630036,6,3.05227590914415e-06,0.0104199416269318,0.579915793484
"Astro-4","PIP4K2B",-0.108700469431781,0.0786782054384353,0.167099783273304,-0.262906918459358,0.0455059795957952,5,0,0,0.513040481303422
"Astro-4","MPHOSPH6",0.0641144322450375,0.0984868091036565,0.51504963617243,-0.128916166550401,0.257145031040476,5,0.00505642156083003,9.83338013054177,0.817037282951404
"Astro-4","HSPB1",0.459675413229117,0.282741523002486,0.103996539727495,-0.0944877887897593,1.01383861524799,6,0.260430159406423,60.671346594639,0.416443621694705
"Astro-4","CHIC1",0.0212290682278611,0.0823936705970299,0.796673862036717,-0.140259558696374,0.182717695152097,6,0.0109851819391198,29.0601902493815,0.941664712063308
"Astro-4","ACVR1",0.222200103742317,0.0897204996795961,0.013264744390442,0.0463511556953708,0.398049051789263,6,0,0,0.141507878633973
"Astro-4","ERCC3",-0.146603605400665,0.153657896327862,0.340037616173669,-0.447767548143464,0.154560337342135,6,0.0628444110479268,53.7554425033303,0.69822761636864
"Astro-4","BRD1",-0.0857131492947394,0.0798276638801872,0.282944880972969,-0.242172495469875,0.0707461968803965,6,0.00489430742155779,12.1569796095139,0.652912944602601
"Astro-4","CCDC57",-0.144073876913639,0.0686570699057746,0.0358648357662518,-0.278639261213006,-0.00950849261427156,6,0,0,0.245641301703438
"Astro-4","CCDC24",0.0028388076838087,0.128868542795261,0.982425054278335,-0.249738894935061,0.255416510302678,5,0.0179092574664341,21.5582622099461,0.997792489645061
"Astro-4","TUBA1C",0.137613639548822,0.11107959444034,0.215392103464396,-0.0800983649715593,0.355325644069204,5,0,0,0.573329273451527
"Astro-4","COL28A1",-0.0574926470521207,0.109189819883259,0.598514089903624,-0.271500761501724,0.156515467397483,5,0.00550356547277607,8.57554463480011,0.857127414539485
"Astro-4","LARS2",0.107517543695003,0.0754037312966583,0.153899647381657,-0.0402710539463834,0.255306141336389,5,0,0,0.497102231814671
"Astro-4","RALGAPA1",0.0439219248366192,0.0597231992709681,0.462080792586661,-0.073133394775987,0.160977244449225,6,0.00625112935470591,32.1002720694829,0.787483709550184
"Astro-4","ZNRF2",0.0907299691346273,0.0955556585568581,0.342367056514767,-0.0965556801558212,0.278015618425076,6,0,0,0.699801258457271
"Astro-4","ABI1",0.133937526430921,0.048861383062852,0.00612201787213596,0.0381709753929153,0.229704077468926,6,0,0,0.093498036019961
"Astro-4","AIG1",0.126975370325859,0.0507426248278349,0.0123374893256596,0.0275216531822748,0.226429087469444,6,0,0,0.136411673475208
"Astro-4","ITGA7",-0.119970311779398,0.0931255916533449,0.197654212587342,-0.302493117458938,0.062552493900142,6,0.0144312082297307,29.9704731804853,0.550154531377273
"Astro-4","SLC24A3",0.0306318287215701,0.122291760437228,0.802214977228445,-0.209055617341397,0.270319274784538,6,0.0265436892949516,31.723879126785,0.944743740332831
"Astro-4","ACAP2",0.122339786529036,0.050691412362156,0.0158034957591967,0.022986443973742,0.221693129084331,6,0,0,0.155809916672802
"Astro-4","QRICH1",-0.0256892337557577,0.124804614621273,0.836919325408769,-0.270301783517854,0.218923316006339,5,0.0337897712922701,50.0473414656992,0.957433190893688
"Astro-4","PPP4R2",0.101953476289686,0.065038358025454,0.116976859459642,-0.0255193630538255,0.229426315633197,6,0,0,0.44003278675521
"Astro-4","B3GAT1",-0.0333188544932243,0.0970739312223293,0.731424127017016,-0.223580263526708,0.156942554540259,6,0.0125836945290785,23.1553219946314,0.916970437066325
"Astro-4","FAT3",0.0505883020568878,0.0742471324667347,0.495649896196968,-0.0949334035332868,0.196110007647062,6,0.00893413917291368,28.671087344891,0.804920399169068
"Astro-4","GAA",-0.0696385919616755,0.0937440951834563,0.457567391881664,-0.253373642284545,0.114096458361194,5,0,0,0.784160901119805
"Astro-4","POLR3B",-0.0116209780829967,0.143422749169272,0.935421239935362,-0.292724401018492,0.269482444852498,5,0.0427882190618692,45.8002065956876,0.987871386799487
"Astro-4","HDAC3",0.0283534057939391,0.0956917893814988,0.767001555719422,-0.159199055009991,0.215905866597869,6,0.00443635979272157,7.39687320318862,0.930620130263641
"Astro-4","GLRX3",0.0985692625244974,0.0936246820862327,0.292426803072635,-0.0849317424285309,0.282070267477526,6,0.00898448504367745,16.9766665877912,0.66275319434968
"Astro-4","PIGN",0.0507766199626022,0.0726426477479484,0.484557113619365,-0.0916003533650063,0.193153593290211,6,0.00225623818626535,6.46958318343895,0.799882485324202
"Astro-4","SMAD3",0.248536012098862,0.0887651920702658,0.00511142461174956,0.0745594325603604,0.422512591637363,6,0,0,0.0828445140337569
"Astro-4","RAP1GDS1",0.0624929173579656,0.0546277353100536,0.252632837004621,-0.0445754764067264,0.169561311122658,6,8.44233537233931e-10,3.88387518128657e-06,0.619058122799121
"Astro-4","MTCL1",0.0962448632751195,0.185255477037746,0.603394640329369,-0.26684919965765,0.459338926207889,5,0.0887865789716028,57.9983432356135,0.860282308921695
"Astro-4","SON",-0.128733574080253,0.0590477663768945,0.0292456088398744,-0.244465069546501,-0.0130020786140042,6,1.05520251123943e-06,0.00433330874026695,0.220022163368879
"Astro-4","THUMPD2",0.144382831372016,0.0826707829026864,0.0807276582716651,-0.0176489256909789,0.306414588435011,5,0,0,0.365314390621238
"Astro-4","ATM",-0.0409184392123761,0.0669461205491476,0.541057589061128,-0.172130424393382,0.09029354596863,6,0.00358288077262124,12.6884290464887,0.830421490174241
"Astro-4","BARD1",0.32605208727915,0.11587455238538,0.00489540645151562,0.0989421378791049,0.553162036679196,6,0,0,0.0810653354120552
"Astro-4","ADAMTS9",0.0109105680768651,0.184419425800712,0.952823309396116,-0.350544864542088,0.372366000695818,6,0.106258708692442,58.1940509316323,0.990940949638495
"Astro-4","SCAPER",0.0322237608857477,0.0482609847727967,0.504326415039413,-0.0623660311273697,0.126813552898865,6,0.00164639180189395,11.1635693871991,0.81257548051483
"Astro-4","GDI1",0.0176678042171206,0.0916596565182712,0.847151299084195,-0.161981821394003,0.197317429828244,6,0.0130508667658564,28.2948059009686,0.960204024047555
"Astro-4","KDM5A",0.0860976374972629,0.0554036023313327,0.120182524543965,-0.0224914276859286,0.194686702680454,6,0.000412225622135183,1.93100760460263,0.446859733872797
"Astro-4","RAB40B",0.156802639213575,0.0803341174828613,0.0509523321225118,-0.000649337782643172,0.314254616209792,5,5.40663770072117e-06,0.0145684382025687,0.291570180932342
"Astro-4","TENM4",0.141673528222196,0.0754102984521931,0.0602851045460782,-0.00612794080751919,0.289474997251911,6,0,0,0.314495932216503
"Astro-4","MT3",-0.125746901699309,0.0920993704670253,0.172146392457931,-0.30625835081349,0.0547645474148729,6,0,0,0.51785692132392
"Astro-4","PSMB1",-0.149413078706528,0.0926042371510187,0.106644967277416,-0.330914048338331,0.0320878909252745,6,0,0,0.420742715387093
"Astro-4","SNCA",-0.0992782926623723,0.0864301653446669,0.25069897903518,-0.268678303915761,0.0701217185910168,5,3.00381689470712e-06,0.00702957017457146,0.61680983040097
"Astro-4","TBC1D22B",-0.0378087065272033,0.0851902561961274,0.657176402263093,-0.204778540505353,0.129161127450947,6,0.00146969511698081,2.98679529155145,0.885878859734718
"Astro-4","EIF4B",0.0903852181894041,0.123102395753233,0.46280982889674,-0.150891043897529,0.331661480276337,5,0.031786847969017,47.0101158788267,0.787988555309849
"Astro-4","CYBRD1",0.0678973185882202,0.119534419354935,0.57002492253079,-0.166385838260361,0.302180475436801,6,0.0246868125230481,31.7743467224548,0.843676875377731
"Astro-4","PEX3",0.0613764586834925,0.0828255759019168,0.458673624243852,-0.100958687083053,0.223711604450038,5,0.00412641203711157,11.3187204867631,0.785352769786808
"Astro-4","SDC2",0.268855922800353,0.0985038205279471,0.0063450480645236,0.0757919822259798,0.461919863374727,6,0.0147445078166534,26.89263751612,0.0947984569933724
"Astro-4","GPATCH8",0.0288578193399907,0.0439901246999257,0.511819772324989,-0.0573612407472896,0.115076879427271,6,0,0,0.815230484219355
"Astro-4","TBC1D14",0.021795968424927,0.0984232710723447,0.824740996043307,-0.171110098117492,0.214702034967346,5,0.012813503766553,27.162656857469,0.953383136590168
"Astro-4","CMIP",0.110640276588088,0.0660936303707998,0.0941319691300776,-0.0189008585461821,0.240181411722359,6,3.83294867659866e-06,0.0126366583908183,0.394285901371537
"Astro-4","ZNF814",-0.262935389346521,0.200930910074297,0.190674603078057,-0.656752736473,0.130881957779958,6,0.150553475566501,75.9088146671633,0.539898746507178
"Astro-4","TMEM51",-0.0311751664987087,0.128214771882198,0.807890741171932,-0.282471501673835,0.220121168676418,5,0.0173588275810455,21.0464231334854,0.946365784478168
"Astro-4","MAP9",-0.057531343549888,0.106883218990064,0.590395094703596,-0.267018603322121,0.151955916222345,6,0.0220045299421854,36.8586162199054,0.85313791203194
"Astro-4","CPEB4",0.125885924055621,0.0496434450565521,0.0112190296525205,0.0285865596762865,0.223185288434957,6,0,0,0.131219792429478
"Astro-4","BRSK2",-0.106478842095885,0.076782347160035,0.165514344835378,-0.256969477178005,0.0440117929862351,5,2.82991823508968e-06,0.00803660351869013,0.511544420974302
"Astro-4","LIX1",0.150720439614985,0.103746630661679,0.146286427415782,-0.0526192199992846,0.354060099229255,6,0,0,0.485724295772036
"Astro-4","ZNF644",0.0152065188338917,0.0599788601717591,0.79985767146107,-0.10234988693652,0.132762924604303,6,0.0028328404548706,12.5900277676996,0.943574634383517
"Astro-4","LRSAM1",-0.0911131999010751,0.0755066791402382,0.227551320776327,-0.239103571608164,0.0568771718060134,6,0.00383470935201832,10.4765518678008,0.588766136466272
"Astro-4","KSR1",0.00553827525610759,0.252477932843207,0.98249926273117,-0.489309380007701,0.500385930519916,6,0.279697447458686,84.6726801911976,0.997792489645061
"Astro-4","STAM",0.0745403938039848,0.108288759867083,0.491233414148502,-0.137701675466003,0.286782463073973,6,0.013905901183262,20.0692124077338,0.802810887646315
"Astro-4","AFDN",0.0655041424389795,0.0485592753905947,0.177352312856491,-0.0296702884419483,0.160678573319907,6,3.54716465431001e-06,0.0211279128890796,0.523084801844935
"Astro-4","HEG1",-0.194758595549332,0.127285400078501,0.12599352424674,-0.444233395460965,0.0547162043623015,5,0.0190755287514859,23.7710963789557,0.454089194939874
"Astro-4","ACSS2",-0.167961730666376,0.166220372943233,0.312267196868277,-0.493747675131929,0.157824213799177,5,0.0690996368348067,57.1755087959843,0.678552937630837
"Astro-4","CHRDL1",-0.196589042779312,0.185891363917133,0.290261553709833,-0.560929421093921,0.167751335535297,5,0.0814348203730821,52.2257808311115,0.661009175857388
"Astro-4","KLF15",0.203634650780285,0.145672681604882,0.162145553864078,-0.0818785586966546,0.489147860257225,5,0.0294331626201099,28.5431024855641,0.506948491817741
"Astro-4","RBM12B",0.104827674984292,0.0757695452579782,0.166509548460554,-0.0436779048463234,0.253333254814907,5,0,0,0.512126924105942
"Astro-4","EML2",-0.195238595619767,0.0973424341840106,0.0448894986189695,-0.386026260787888,-0.00445093045164541,6,0,0,0.273340514444605
"Astro-4","HEATR1",0.137594607313039,0.0835601690681539,0.0996293795087721,-0.0261803146026201,0.301369529228699,5,0,0,0.406708274197992
"Astro-4","AGFG1",0.0595666757864535,0.0653696383324548,0.36217500411032,-0.0685554610275669,0.187688812600474,6,0.0032320962992471,12.0154828292728,0.716220084160235
"Astro-4","THADA",0.0845505899453007,0.0524085348425034,0.106679758069272,-0.0181682508285186,0.18726943071912,6,0,0,0.420742715387093
"Astro-4","EIF2AK3",0.168349106872656,0.0866184523676624,0.0519472130284531,-0.00141994016456082,0.338118153909872,5,0,0,0.292511007795269
"Astro-4","MED9",0.119817015548015,0.100113901064864,0.23138179720336,-0.0764026248909254,0.316036655986955,6,1.10898012888345e-06,0.0015939588599889,0.594698612493893
"Astro-4","ZRANB2",0.0597195822877207,0.0688063711812243,0.385428926476307,-0.0751384271343736,0.194577591709815,6,0.00747250326139293,28.5327536374534,0.734022179707965
"Astro-4","NEK7",0.120540624834772,0.0631569753143388,0.0563153027893679,-0.00324477215381717,0.244326021823361,6,0,0,0.306853008793281
"Astro-4","TUBGCP6",-0.190994824905013,0.0885494683370631,0.0310112772851313,-0.364548593695827,-0.0174410561141997,5,0,0,0.225856703499643
"Astro-4","STXBP5",0.122508932788086,0.0479692088244824,0.0106521483283844,0.0284910111252196,0.216526854450952,6,0,0,0.127035009104007
"Astro-4","ADNP2",0.125871229895666,0.0804534931860698,0.117695118559265,-0.0318147191794695,0.283557178970801,6,6.34976824474628e-06,0.0140375168557136,0.441765735958327
"Astro-4","MBNL2",0.131736468395609,0.0581199412525574,0.023412768468828,0.0178234767570124,0.245649460034205,6,0,0,0.192688526036087
"Astro-4","ANKRD6",0.0945852271293163,0.0688879044888089,0.169742715378483,-0.0404325846391843,0.229603038897817,6,3.45302617502192e-06,0.0103274506852296,0.51441038695325
"Astro-4","CHPT1",0.0798208357786245,0.054934296801471,0.146217170877824,-0.0278484074682925,0.187490079025541,5,0,0,0.485724295772036
"Astro-4","STRBP",-0.151410724639977,0.127226400284048,0.234011459113894,-0.400769887079388,0.0979484377994335,6,0.0513042979691783,67.6782119017388,0.59755520789158
"Astro-4","SLC30A9",0.115283385737961,0.0549515188155759,0.0359130242835893,0.00758038796365709,0.222986383512265,5,0,0,0.245641301703438
"Astro-4","CHM",0.103300546208392,0.0637543198421486,0.105169796268616,-0.0216556245410671,0.22825671695785,6,0,0,0.418458608358999
"Astro-4","ALDH6A1",0.0108564570911055,0.128479381346401,0.932659216161811,-0.240958503103827,0.262671417286038,5,0.0307789524730361,41.0104961104028,0.987295453105121
"Astro-4","ETNPPL",0.142535703406972,0.111800722690889,0.202341592989348,-0.0765896865127203,0.361661093326664,6,0,0,0.557867449061097
"Astro-4","SIPA1L1",0.02067894776508,0.0591700253138331,0.726726353115407,-0.0952921708143561,0.136650066344516,6,0.00548771045970711,27.9542494413763,0.916769243314442
"Astro-4","HADHA",-0.099679987902752,0.0958395965962722,0.298306901981224,-0.287522145524293,0.088162169718789,5,0.0198244604671271,48.9781714054216,0.667738225551382
"Astro-4","EIF3E",0.169218696899046,0.0582847532848203,0.00369241148733524,0.054982679612996,0.283454714185097,6,0,0,0.0680127806319029
"Astro-4","CHST10",-0.0839467659986227,0.0967732464039824,0.385690892669692,-0.273618843617449,0.105725311620203,5,0,0,0.734022179707965
"Astro-4","KCNQ3",0.214348966322508,0.119216004795734,0.0721788824521629,-0.0193101094578857,0.448008042102901,6,2.35951100375034e-07,0.000226639071530613,0.342375741079901
"Astro-4","ERO1A",0.0305170988886331,0.102519406747332,0.765953947434786,-0.17041724605255,0.231451443829816,5,0.00450679551199183,7.93281750707089,0.930620130263641
"Astro-4","PSME4",0.0613416539291117,0.0614620434871328,0.318259362701383,-0.0591217377219031,0.181805045580127,6,0,0,0.682298665243009
"Astro-4","ZNF891",-0.0647572200634137,0.108873367143669,0.551981212331136,-0.278145098540612,0.148630658413784,5,0.0132727575169117,22.5281339763849,0.836459106292814
"Astro-4","WBP2NL",0.135623432269039,0.0750745871244962,0.070837799174836,-0.0115200546491885,0.282766919187266,6,3.69880228341742e-06,0.00944046387350713,0.339944257126822
"Astro-4","EBF4",-0.109615016981447,0.176987774893474,0.535694599922001,-0.456504681476538,0.237274647513644,5,0.081860556702768,60.6687467181414,0.825707723128377
"Astro-4","CYB5R4",0.0508089594496124,0.0714524261662312,0.477029734867117,-0.0892352224442081,0.190853141343433,6,0.00360432120521443,11.0503823414167,0.794370857269571
"Astro-4","UBA3",0.0539500781840876,0.0766868494753197,0.481737061416802,-0.0963533848753834,0.204253541243558,6,0,0,0.797589520902871
"Astro-4","EHBP1",0.0964063472592286,0.0574587440209563,0.0933791260416638,-0.0162107216187518,0.209023416137209,6,0,0,0.392496927053011
"Astro-4","CAPZA1",0.0316863982167852,0.0740564089061896,0.668746924567111,-0.113461496063718,0.176834292497288,6,0.00438527790143051,12.6568421704995,0.893005356245568
"Astro-4","MROH1",0.0213936255568179,0.102833757229199,0.835197046385693,-0.180156835007348,0.222944086120984,6,0.0250584294066665,46.3400754407644,0.95656243811253
"Astro-4","RCL1",0.15199133795505,0.0730984004941684,0.0375925072666589,0.00872110565899459,0.295261570251105,6,2.50214547862801e-06,0.00647810728589946,0.250708516105606
"Astro-4","FRA10AC1",0.122998844086407,0.0783024612833567,0.116225142075725,-0.0304711599298144,0.276468848102628,6,0.0090423416592342,26.5416687687099,0.439034987941104
"Astro-4","CNOT6",0.094636231853374,0.0844551902615492,0.26247961752657,-0.0708928993667402,0.260165363073488,6,0.00439014445893665,9.59607701686827,0.630796994030026
"Astro-4","TAF15",-0.00284864214972201,0.0607906810294506,0.962624928564236,-0.121996187563107,0.116298903263663,6,0.00513511662699185,24.4000255525299,0.994460940404121
"Astro-4","ACSL3",0.0635778340583243,0.0561127697853006,0.257198792679918,-0.0464011737936523,0.173556841910301,6,1.09119938103554e-06,0.00498787550174271,0.625197955326086
"Astro-4","MTMR1",-0.0267389144921501,0.102804224061895,0.794790120747496,-0.228231491112051,0.174753662127751,6,0.0254859152521867,49.0212088711728,0.941067340022289
"Astro-4","FAM217B",0.0723589424533763,0.118709081516532,0.542160936279997,-0.160306581956856,0.305024466863609,5,0.0288611907808951,45.0865200940375,0.830421490174241
"Astro-4","CKB",-0.205109777918538,0.0720567248028022,0.00442021304746701,-0.346338363375945,-0.0638811924611322,6,0,0,0.0762710649204856
"Astro-4","LINC00106",-0.141272653647808,0.102580556150255,0.168454303631732,-0.342326849216396,0.0597815419207804,5,0,0,0.51441038695325
"Astro-4","HSPBAP1",0.174245459959161,0.091631161990019,0.0572239786535722,-0.00534831740283151,0.353839237321154,5,5.95371762891854e-06,0.0125144711041717,0.308241983634923
"Astro-4","UPF3A",-0.214390160354149,0.0582916126603606,0.000235170999532449,-0.328639621769215,-0.100140698939084,6,0,0,0.0135410476250234
"Astro-4","SERGEF",-0.0199477368400224,0.0912727527565641,0.826999950462282,-0.198839045012717,0.158943571332672,6,0.0139540160497439,30.5682093391287,0.95379785712093
"Astro-4","ACADVL",-0.0558139156340262,0.0878104567619034,0.52502536963405,-0.227919248353369,0.116291417085316,5,0.00789712663939685,20.3749548173985,0.822158419994605
"Astro-4","OSBP2",-0.120324827167406,0.0644010488965754,0.0617108629458266,-0.246548563571297,0.00589890923648421,6,3.72767625504005e-06,0.0127741049625568,0.317685893883228
"Astro-4","LONP2",0.139649175505282,0.0474740590420502,0.00326532869662405,0.0466017295829357,0.232696621427629,6,0,0,0.0636674066043894
"Astro-4","DYM",0.0878605636601725,0.0551990573107865,0.111451215534131,-0.0203276006495313,0.196048727969876,6,0.00231196361465783,11.9709102938803,0.431123611365031
"Astro-4","FARSB",0.106490115255243,0.0991696697511204,0.282904537354613,-0.0878788658156844,0.30085909632617,6,0.0140789563088197,24.7544768557076,0.652912944602601
"Astro-4","CDK14",0.107373639355833,0.0467749067425876,0.0217022335936467,0.0156965067601414,0.199050771951524,6,1.80726277657755e-06,0.0116024466302974,0.184638006056851
"Astro-4","SPOCK1",0.207710859480902,0.0726309397355911,0.00423891731368643,0.0653568334358444,0.35006488552596,6,0,0,0.0744468371940685
"Astro-4","PAXIP1",-0.0016711478054232,0.119682301728631,0.98885934105304,-0.236244148780397,0.23290185316955,6,0.0291382355560505,38.2438097072106,0.998058308461131
"Astro-4","INO80D",0.105968691671077,0.0680427191360501,0.119379169721525,-0.0273925872457552,0.23932997058791,6,0.0043165869969566,15.2047727791199,0.445084658716022
"Astro-4","OTUD5",0.0825662630916518,0.0860281945006006,0.337176936031899,-0.086045899784532,0.251178425967836,5,0,0,0.695753843825551
"Astro-4","PREP",0.115815875823868,0.0877181389064888,0.18672872335787,-0.0561085172237321,0.287740268871467,6,0,0,0.534825530666327
"Astro-4","TTYH2",-0.210815775409014,0.0761808267140815,0.00565214092790878,-0.360127452081101,-0.0615040987369279,5,0,0,0.0889682816952096
"Astro-4","TTC19",0.145615070406096,0.0619090935017817,0.0186688162700761,0.0242754768270809,0.266954663985111,5,0,0,0.172159438282753
"Astro-4","FAM174B",-0.102766858859388,0.120543798002133,0.393921584524426,-0.339028361503241,0.133494643784464,5,0.0186287661966876,26.1583542912586,0.741777036095456
"Astro-4","TMED10",0.0176739955758024,0.0937289261653238,0.850433761460807,-0.166031324017846,0.201379315169451,6,0.0117139302680147,22.9591807551182,0.961222586091727
"Astro-4","CALM1",-0.0113805876351,0.138106040534752,0.934324894117117,-0.282063453130643,0.259302277860443,6,0.0630253183527981,68.7224203682878,0.987592715100999
"Astro-4","GNL3",-0.0655503785343696,0.114399137674405,0.566646631463108,-0.289768568238642,0.158667811169903,5,0,0,0.843676875377731
"Astro-4","METTL9",-0.0454684225823212,0.110744472343084,0.681387437703967,-0.262523599861659,0.171586754697016,5,0.0219600320252202,38.9294028361813,0.898762706258046
"Astro-4","LYST",0.135851504876299,0.0579029507009277,0.0189662772243203,0.0223638069038828,0.249339202848716,6,0,0,0.173363165401866
"Astro-4","ARSJ",0.209105822792871,0.105642272155684,0.0477736409661537,0.0020507741227527,0.41616087146299,6,0,0,0.280882267983995
"Astro-4","FNBP1",0.0640493262473899,0.0574062053674271,0.264541448962791,-0.0484647687618771,0.176563421256657,6,0.00549958182932904,30.3569726910194,0.632252746179672
"Astro-4","DPP9",-0.155032897305098,0.0872085073245789,0.0754487421670258,-0.32595843080677,0.0158926361965743,5,7.35599750825642e-06,0.016636990477827,0.34934125603591
"Astro-4","KIF1C",-0.0657070354981796,0.102672369631317,0.522193375405768,-0.266941182182945,0.135527111186586,5,0.00248839537309833,4.27213041745986,0.821019060583278
"Astro-4","KANSL1L",0.0695507068295203,0.051347882282271,0.175576911665067,-0.0310892931261331,0.170190706785174,6,0,0,0.521518872477115
"Astro-4","NXN",-0.144784831575795,0.341931285806559,0.67197971053766,-0.814957836944122,0.525388173792532,6,0.572711354918667,88.4601238723748,0.894553541056958
"Astro-4","ABCC9",0.366315115414025,0.0994033904805492,0.000228579624073426,0.171488050130976,0.561142180697073,6,0,0,0.0135410476250234
"Astro-4","RHOA",-0.150818880739644,0.076965455090146,0.0500465511239784,-0.301668400770065,3.06392907768183e-05,6,0,0,0.288764404091473
"Astro-4","ZNF589",0.215233608611333,0.0964754277134451,0.0256832373719668,0.0261452448998836,0.404321972322783,5,0.00761576942062522,15.8129029128337,0.204015733359956
"Astro-4","WDR45B",-0.123406906604943,0.0869394571141321,0.155765537693906,-0.293805111384107,0.04699129817422,6,0.00361566827812353,7.24212949107347,0.497647147105025
"Astro-4","MAP4K3",0.0908102836249477,0.0491739002358851,0.0647881485537819,-0.00556878981675274,0.187189357066648,6,0.000722819689948374,4.30551691134728,0.323762916194654
"Astro-4","ELAVL1",0.0076802893154255,0.100291130552659,0.938957713239641,-0.188886714536591,0.204247293167442,6,0.0115070436651137,19.2791360577598,0.988251866623421
"Astro-4","CALD1",0.136556776730777,0.0719999109535696,0.0578775484032913,-0.0045604556283099,0.277674009089865,6,2.70963013351558e-07,0.000751784022170338,0.308930917479346
"Astro-4","SNX27",-0.0451029889586573,0.0729656231597949,0.5364828883698,-0.188112982461377,0.0979070045440624,5,0,0,0.826126173181801
"Astro-4","DROSHA",0.102242407828644,0.0597998385989349,0.087313245432019,-0.0149631221065768,0.219447937763864,6,0,0,0.379399321041916
"Astro-4","BRWD3",-0.189734674473046,0.0661899872194021,0.00415016841947766,-0.319464665560241,-0.0600046833858519,6,4.43826045452757e-07,0.0014262321820865,0.0738378498605439
"Astro-4","DDR2",0.183233633027994,0.0937117820281195,0.0505489480883104,-0.000438084674188016,0.366905350730176,6,0.00503365071029845,8.86882408765712,0.290324242332651
"Astro-4","HHIPL1",-0.141391085018395,0.0902177089337404,0.117063051255636,-0.318214545296244,0.0354323752594536,6,9.00105790001041e-08,0.000149182570937481,0.440053947665714
"Astro-4","SNAPC4",-0.0856602346261835,0.0958013769342753,0.371244803954671,-0.273427483086709,0.102107013834342,5,0,0,0.722794843915013
"Astro-4","CFL1",-0.240663358293243,0.0855332352269789,0.00489775918820546,-0.408305418819314,-0.073021297767172,6,0,0,0.0810653354120552
"Astro-4","VCP",-0.17041886137269,0.0805251866231136,0.0343157027396856,-0.328245327002359,-0.0125923957430207,5,0,0,0.239377226518726
"Astro-4","EIF4G2",-0.0857001303922619,0.115963481487447,0.459890672762304,-0.312984377629536,0.141584116845012,5,0.0280055575980047,46.2144911358296,0.785958339996153
"Astro-4","LCNL1",-0.324826871151603,0.1156720956142,0.00498239678137271,-0.551540012571708,-0.0981137297314974,5,0,0,0.0817232769365097
"Astro-4","ERGIC3",-0.150434509233512,0.089557924062407,0.0930068662441223,-0.325964814926003,0.0250957964589791,5,0,0,0.391812103193139
"Astro-4","SUMO1",-0.0799154250446183,0.0887008331583873,0.367612450662142,-0.253765863433754,0.0939350133445171,5,0,0,0.720336522314133
"Astro-4","GGA1",-0.189256551082887,0.0698806982581715,0.00676327793137907,-0.326220202883415,-0.0522928992823604,6,4.99226481951558e-06,0.0142747098334417,0.097264571695433
"Astro-4","ARFGAP1",-0.127019844518389,0.0839202292884676,0.13013280850893,-0.291500471498129,0.0374607824613514,6,0,0,0.461199877819225
"Astro-4","CRB2",-0.204994209071247,0.0855186715654819,0.0165267834965816,-0.372607725345301,-0.0373806927971925,6,0,0,0.158727023310407
"Astro-4","RING1",-0.205331634477899,0.0848449699123207,0.0155170830128052,-0.371624719775432,-0.0390385491803659,5,0,0,0.153805602080883
"Astro-4","TLN2",0.212972727638686,0.0595589714544742,0.000349119130514826,0.0962392886316677,0.329706166645705,6,0,0,0.0172109854359318
"Astro-4","RTCB",0.185486310570392,0.088495189558247,0.0360817967422704,0.0120389262311826,0.358933694909601,5,0,0,0.245641301703438
"Astro-4","RBMS3",0.0294697269088089,0.0975873644348446,0.762665008033855,-0.161797992729672,0.220737446547289,6,0.0149736383152269,27.86321253901,0.930620130263641
"Astro-4","NRP1",0.495443186716824,0.134684844006346,0.000234575632745898,0.231465743200991,0.759420630232658,6,0,0,0.0135410476250234
"Astro-4","SMC5",0.156106310303488,0.064471539213793,0.0154642027644526,0.0297444154165924,0.282468205190384,6,1.35015904972036e-06,0.00468360770914714,0.153805602080883
"Astro-4","MAN1C1",0.293601209533741,0.122127906274272,0.0162146946794173,0.0542349117288835,0.532967507338598,6,0,0,0.157029543154215
"Astro-4","AASDH",-0.124865621240423,0.0856232307644348,0.144753803610652,-0.292684069778677,0.0429528272978309,6,0.00728169004761134,16.3862934778145,0.484761051699191
"Astro-4","ATP6V0E2",-0.190471895581377,0.0861522312878402,0.0270444290221884,-0.359327166093309,-0.0216166250694456,5,4.96195228140788e-06,0.0105029922698174,0.212236596722979
"Astro-4","LIMCH1",-0.125188151660675,0.0556464971916796,0.0244677364849953,-0.234253282022176,-0.0161230212991733,6,9.76186359033229e-07,0.00403235945634278,0.198106654563521
"Astro-4","SH3GLB1",0.273184275014735,0.0763174562081601,0.000344149727750417,0.123604809455029,0.422763740574442,6,1.88366045948811e-06,0.00454624299441669,0.0172109854359318
"Astro-4","BRD9",-0.112331531178157,0.0810157597959506,0.165582302505047,-0.271119502558368,0.0464564402020541,5,0,0,0.511544420974302
"Astro-4","PARD3B",0.100660461149426,0.041831203732452,0.0161128784460766,0.0186728084038625,0.182648113894989,6,0,0,0.156877971608682
"Astro-4","VWA3A",-0.241322943027425,0.106624334769121,0.0236171525282477,-0.450302799050445,-0.032343087004406,6,3.81830165035766e-07,0.00048354372086936,0.19367073407661
"Astro-4","SMO",-0.0453528856068527,0.0980819623525468,0.643796062106972,-0.237589999350858,0.146884228137152,5,0.00660012888084914,13.1346494323683,0.880794449479828
"Astro-4","FBN1",0.0951516875506779,0.0703003091122428,0.175894954738728,-0.042634386411351,0.232937761512707,6,7.87045427585481e-07,0.00234080178639912,0.521573655735583
"Astro-4","SIK2",0.0597932485781432,0.142062468253792,0.673832445263958,-0.218644072754154,0.33823056991044,6,0.0722547009209974,72.675218710975,0.895504722475508
"Astro-4","CLCN7",-0.0595307797591719,0.157694428917763,0.705796726760627,-0.368606181000599,0.249544621482255,6,0.0699461158121228,58.0417954239742,0.909549656068508
"Astro-4","SLC25A42",-0.108534876557761,0.0957713696747211,0.257100638562848,-0.296243311870286,0.0791735587547638,5,1.5310370571044e-07,0.000295942353200324,0.625197955326086
"Astro-4","EMX2",0.17707523901154,0.0928478763519561,0.0565005921475324,-0.00490325467932232,0.359053732702402,6,7.07785068485207e-07,0.00117954911166818,0.307070879910271
"Astro-4","DDX31",0.0312921818613447,0.120501972894998,0.795109151746071,-0.204887345078873,0.267471708801563,5,0.0235467665117046,34.7071539973148,0.94124104612853
"Astro-4","PTPRF",0.15056491782385,0.062047153081219,0.0152401719510297,0.028954732441417,0.272175103206282,6,0,0,0.15301804999361
"Astro-4","OPA1",0.126529607046871,0.0511220118966463,0.0133217002329502,0.0263323049122162,0.226726909181526,5,0,0,0.141562503253646
"Astro-4","EXOSC10",0.106630028098399,0.0758237232181716,0.15963848100002,-0.0419817385829512,0.255241794779748,6,0,0,0.501983525171047
"Astro-4","ABI3BP",0.381445112240302,0.13692673322101,0.00534022787905313,0.113073646606398,0.649816577874206,5,5.68118497283184e-07,0.000557691859007401,0.0852874990508426
"Astro-4","RIN2",0.13081226129356,0.0797190790179043,0.100814985977806,-0.0254342624622355,0.287058785049355,6,0.0139192846674113,42.5294949915714,0.409102119918853
"Astro-4","RASA1",0.0796472050593857,0.0735314245339055,0.278731935267756,-0.0644717387589939,0.223766148877765,6,0.00729667698188819,23.4086145719481,0.648555319470209
"Astro-4","PPIL4",0.0597898442677339,0.0773212427059127,0.439365308329594,-0.0917570066757353,0.211336695211203,5,0.00184043155008669,5.49046906145021,0.773384890137365
"Astro-4","KANSL3",0.0510194131055069,0.0815972052153707,0.531800874014585,-0.108908170355743,0.210946996566757,5,0.00690637207090637,20.6578341934686,0.824840106059658
"Astro-4","HELZ",0.0815355130396463,0.0463698708052799,0.0786841220093944,-0.00934776370647768,0.17241878978577,6,0,0,0.358442597510686
"Astro-4","STAT5B",0.148481422824825,0.0642717551557423,0.0208763831609425,0.022511097496394,0.274451748153257,6,3.64876412977732e-06,0.0125555788816225,0.18007123588599
"Astro-4","LMAN1",0.139345391379627,0.0841069080298605,0.0975669719425556,-0.0255011192099223,0.304191901969176,5,0,0,0.403072663334167
"Astro-4","COPG2",-0.142997750047412,0.0952530868721727,0.133293481471021,-0.329690369733135,0.0436948696383115,6,0.0111218583026593,20.6403215705598,0.465207026066912
"Astro-4","PIK3C3",0.0702067462029904,0.0643101523865783,0.27496940980957,-0.0558388363149856,0.196252328720966,5,0.00472688661720084,23.1523531945027,0.646805734875053
"Astro-4","ZC3H7A",0.0538021340500906,0.0654888729128066,0.411335225146711,-0.0745536982471311,0.182157966347312,6,0,0,0.755141328394123
"Astro-4","P4HB",0.0758738968796173,0.0907912445296856,0.403325840819226,-0.102073672510136,0.25382146626937,6,0,0,0.749053295666307
"Astro-4","BOC",0.223692388428505,0.0920444290371352,0.0150877713690628,0.0432886225381677,0.404096154318843,6,0.0111697756525994,22.8084736161214,0.152716954585619
"Astro-4","B3GLCT",-0.200415654391135,0.0737203652030294,0.00655602614295757,-0.344904915116212,-0.0559263936660576,6,1.223294269635e-06,0.00323741990109891,0.0960027206242205
"Astro-4","ZNF566",0.0729348566810514,0.0961218535494501,0.447987180140187,-0.115460514403104,0.261330227765207,5,0,0,0.777514583066128
"Astro-4","ADAMTS10",-0.178120623057204,0.104456558254521,0.0881548098766967,-0.382851715185075,0.0266104690706678,5,0,0,0.38189899248593
"Astro-4","ZDHHC17",0.0671481412270498,0.0520287975128541,0.196843915306837,-0.0348264280570714,0.169122710511171,6,0,0,0.548831784280727
"Astro-4","SNX13",0.0988177191539128,0.0568405178527498,0.0821212669186638,-0.0125876487000828,0.210223087007908,6,4.5059531049898e-06,0.0192255955653942,0.367759614716846
"Astro-4","LRCH3",-0.0040289434360094,0.0633789707402956,0.949313345292981,-0.128249443464207,0.120191556592188,6,0.00599516325119716,26.490083317297,0.990333490365009
"Astro-4","EPB41",0.279064808435878,0.098783111349238,0.00472768535253784,0.085453467910562,0.472676148961195,5,3.70861719512888e-06,0.00668797648846821,0.0792104828084714
"Astro-4","RHBDD1",0.213625686228442,0.0585217515999327,0.00026186909440747,0.0989251607803746,0.328326211676509,6,1.11518034884427e-06,0.00463517028251491,0.014170308313054
"Astro-4","DDX6",0.0955737656788541,0.0632286910681883,0.130646617448956,-0.0283521916044043,0.219499722962113,6,3.16662358257174e-08,0.000110208877654018,0.461199877819225
"Astro-4","SKIL",-0.227694937580031,0.0907580167944054,0.012113742339535,-0.405577381805347,-0.0498124933547146,5,9.83158532654401e-11,2.10087915436058e-07,0.135349537778564
"Astro-4","PSMD14",0.121619947436546,0.0708615150263833,0.0861062984924971,-0.0172660699051091,0.260505964778201,6,0,0,0.376575396513285
"Astro-4","MBD4",0.224116648351561,0.0956875099476434,0.0191718548431901,0.0365725750838616,0.41166072161926,5,0,0,0.173615592790175
"Astro-4","GTF3C2",-0.00775861500070469,0.0965226888090965,0.935934033862275,-0.196939608757501,0.181422378756092,5,0.00371426700222997,7.40739390167723,0.987927518902378
"Astro-4","LAMB2",-0.144586192127234,0.107785760763867,0.179783474616009,-0.355842401270663,0.0666700170161953,5,0,0,0.525824613522583
"Astro-4","SMARCB1",-0.0867520291884462,0.0870849051818835,0.319163875813967,-0.257435306942023,0.083931248565131,5,5.85696151794148e-06,0.0135894506613178,0.682298665243009
"Astro-4","RACK1",-0.0880226635750237,0.0995205314973934,0.376443964790129,-0.283079321032199,0.107033993882151,5,0,0,0.726420368235513
"Astro-4","ITGB1BP1",0.118094888024146,0.0830496670728608,0.155032328187022,-0.0446794683667035,0.280869244414995,5,2.86645275946497e-06,0.00719635929311922,0.497647147105025
"Astro-4","TIMP2",0.14138101512082,0.0876787918088354,0.106855750763882,-0.030466259032483,0.313228289274123,5,9.12318665464099e-06,0.0207665402069104,0.420742715387093
"Astro-4","LHPP",-0.179433654732331,0.0818187980415144,0.0283029494897164,-0.339795552152056,-0.0190717573126065,5,0,0,0.216992673881313
"Astro-4","MED14",0.162537031578031,0.0670950433754691,0.0154145753324574,0.0310331630209584,0.294040900135103,6,0,0,0.153805602080883
"Astro-4","PRKAR1B",-0.167603597490468,0.082723870712732,0.042758547300918,-0.32973940474917,-0.00546779023176505,6,0,0,0.266475549238294
"Astro-4","CARD19",0.0978846169251618,0.0971401352748437,0.313615794780487,-0.0925065496668807,0.288275783517204,5,0,0,0.678941526393586
"Astro-4","RPS15",-0.15225729088139,0.113285386292007,0.17894344385605,-0.374292567988432,0.0697779862256525,5,7.3916779233599e-07,0.00104261279162806,0.525104958235091
"Astro-4","LRCH1",0.209584297502288,0.0922822060132691,0.0231394956831593,0.0287144973023747,0.390454097702201,5,0,0,0.192090098339938
"Astro-4","TAB2",0.230358677202883,0.0725309731470003,0.00149318776182948,0.0882005820711204,0.372516772334645,6,1.42336712435089e-06,0.00404684399530955,0.041746088137267
"Astro-4","GXYLT2",-0.158502463128563,0.118619111520371,0.18147397674661,-0.390991649586631,0.0739867233295042,5,0,0,0.528645792527992
"Astro-4","PTK7",-0.169080810317766,0.110412791498231,0.125682507067524,-0.38548590508683,0.0473242844512972,5,0,0,0.453999416879886
"Astro-4","POC1B",0.098448698564906,0.0764940887416083,0.19809061396904,-0.051476960398857,0.248374357528669,6,0.00299089125342414,7.79368233390598,0.550621340203001
"Astro-4","RNF24",0.133573966042633,0.0742180041675965,0.071899881580742,-0.0118906491302994,0.279038581215566,6,4.69411662599119e-06,0.0120898431604605,0.341493176690446
"Astro-4","FAM229B",-0.00851249064493714,0.121311518377267,0.944057949134594,-0.246278697574249,0.229253716284375,5,0.0157349511045855,21.3341157571711,0.98916607490031
"Astro-4","TMPRSS5",-0.247135224489839,0.0881264987571962,0.00504222626933608,-0.419859988137558,-0.0744104608421212,5,0,0,0.0822108653227274
"Astro-4","SYNRG",0.0929410570673539,0.051548411970919,0.071390437885243,-0.00809197385588062,0.193974087990588,6,5.89044288775885e-05,0.308433450354458,0.340538468322331
"Astro-4","HNRNPF",0.330909286170095,0.107904485234511,0.00216445346389448,0.119420381340119,0.54239819100007,5,0,0,0.0505224137597934
"Astro-4","NFASC",0.244588311689411,0.0858380494551308,0.00437995695879477,0.0763488262541868,0.412827797124636,6,5.21397648571042e-06,0.00994211813410072,0.0761889328310097
"Astro-4","NOL7",0.0185316650302735,0.127642606702916,0.884565593169889,-0.231643247000252,0.268706577060799,5,0.0175709461772362,21.6062308859028,0.970649380106448
"Astro-4","LRRFIP1",0.085763756944942,0.062128145429962,0.16745329231446,-0.0360051705240502,0.207532684413934,6,0,0,0.513548502314195
"Astro-4","EIF5B",0.0331486966083841,0.0945670679138367,0.725940168150159,-0.152199350626289,0.218496743843057,6,0.0155569560582193,32.3234942566165,0.91652415908326
"Astro-4","ELMOD2",-0.119396951190643,0.119711958610676,0.318585616208442,-0.354028078586317,0.115234176205031,5,0.024296668166255,36.1893003925405,0.682298665243009
"Astro-4","ZFYVE28",0.336488252928418,0.121864680231022,0.00575959129956879,0.0976378686881241,0.575338637168711,6,1.65314269636173e-07,0.000160197559794258,0.0898825362235563
"Astro-4","TMEM184C",0.119738107080869,0.101366130345038,0.237505909181025,-0.0789358576475988,0.318412071809337,5,0,0,0.602255002760797
"Astro-4","TMEM87B",0.233259311138843,0.101274371211183,0.0212652721146116,0.0347651910079839,0.431753431269701,6,0.000652539813810745,0.918601403512856,0.182285283581258
"Astro-4","ATE1",0.0440850004201755,0.054337533420766,0.417183271431242,-0.0624146080932673,0.150584608933618,6,0.000783517120276604,3.84982608703132,0.760646879711414
"Astro-4","PARVA",0.0184672628354026,0.114069043483328,0.871388160316409,-0.205103954142853,0.242038479813658,5,0.0184977628746552,29.281692668898,0.965675903401653
"Astro-4","DBI",-0.36166926966562,0.192312698757704,0.060022098688369,-0.738595233000421,0.0152566936691811,5,0.0702661581355212,40.0506418049411,0.314278722441585
"Astro-4","LRPPRC",0.115889567240596,0.0572634019085185,0.0429909239467052,0.00365536186765772,0.228123772613535,5,0,0,0.267140417061324
"Astro-4","PHF21A",0.099961804077973,0.0499279693123568,0.0452717878923746,0.00210478240453262,0.197818825751413,6,2.03930987805936e-07,0.00116693727171422,0.273673727378369
"Astro-4","IKZF2",0.243552518899206,0.0758793092484634,0.00132857126110968,0.0948318056004404,0.392273232197971,6,0,0,0.0395094814011389
"Astro-4","SIK3",-0.118395784251287,0.0896970255897572,0.186850985151451,-0.294198723927579,0.0574071554250047,6,0.0235138266903444,58.5688893432095,0.53489522059603
"Astro-4","ARHGEF11",0.063211392282218,0.0906416985735693,0.485567192025135,-0.114443072419513,0.240865856983949,6,0.0144119589594876,32.1062069283042,0.800373647112014
"Astro-4","CBX1",-0.129580590987318,0.12759194279243,0.309826573764319,-0.379656203577975,0.120495021603339,5,0.0225143431339098,28.6272708526749,0.677143105918301
"Astro-4","PLA2G6",-0.332322592760097,0.0995047625758528,0.000838490997043039,-0.527348343698977,-0.137296841821216,5,0,0,0.0284461976760812
"Astro-4","ATG2B",0.0175123407968297,0.0884592095082588,0.843067906922883,-0.155864523940241,0.1908892055339,6,0.0161498993004142,40.3169308983683,0.960050601108412
"Astro-4","SOX13",-0.0917029241402278,0.0952789324195133,0.335814566797593,-0.278446200167899,0.0950403518874439,5,0.00753505679787118,15.7782304256111,0.695306733831863
"Astro-4","CAT",-0.0329680321321505,0.0935403557124794,0.724502944110161,-0.216303760429676,0.150367696165375,5,0.00418332440737609,8.94995446033635,0.915602748896275
"Astro-4","ARSG",0.29265050158008,0.125605471392656,0.0198104632189926,0.046468301389298,0.538832701770861,5,0,0,0.176896342614441
"Astro-4","MATN2",0.292938915403429,0.121644595379632,0.0160334174244135,0.0545198895454023,0.531357941261456,6,4.98707814845074e-07,0.000479625045837192,0.156383082093119
"Astro-4","GTF2IRD1",-0.22652560868398,0.0771591636356976,0.00332664614895974,-0.37775479048718,-0.0752964268807803,6,1.70949717953696e-07,0.000413037946765205,0.0637548816337477
"Astro-4","ESRRA",-0.0685744540450971,0.158920203772119,0.666103086378983,-0.380052329854216,0.242903421764022,5,0.0543173864801075,48.0820894200276,0.892567099014846
"Astro-4","NUDT4",0.248856394066085,0.308825212982278,0.42034877134733,-0.356429900897093,0.854142689029262,5,0.348262351473883,82.012053287952,0.762515376696441
"Astro-4","TMX4",-0.140044572869358,0.0835428464128918,0.0936754625152922,-0.303785543004587,0.0236963972658709,6,5.6622422326828e-06,0.0110550936599688,0.39327853670909
"Astro-4","TMEM116",0.218988635147578,0.099092026088261,0.0271084840165444,0.0247718328594831,0.413205437435673,5,0,0,0.212434059825488
"Astro-4","FNBP4",0.0208700068124556,0.0603278838393916,0.729385580881689,-0.0973704727762679,0.139110486401179,6,0.00255758449248678,11.0258597174159,0.916841668946321
"Astro-4","YTHDF1",0.211673876026514,0.126362970455386,0.09390954559494,-0.0359929950455407,0.459340747098568,5,0,0,0.393656130498513
"Astro-4","HAGH",-0.0126798850673075,0.112035734764246,0.909890111562308,-0.232265890186711,0.206906120052096,5,0.0221715892272321,38.4851877674193,0.977156859880716
"Astro-4","RASSF8",0.0707714823899449,0.0637473396735877,0.266918354825843,-0.0541710074805283,0.195713972260418,6,0,0,0.634700937770465
"Astro-4","NF1",0.0559999515534223,0.0386665468508308,0.147539011208706,-0.0197850876807367,0.131784990787581,6,2.48854287875458e-06,0.0235105258649624,0.487512449620056
"Astro-4","PSMG4",0.235676825999586,0.0925653734065471,0.0108947029173628,0.0542520279072517,0.41710162409192,6,0,0,0.129362755075294
"Astro-4","MON2",0.0407919300548489,0.0449768839417368,0.364431531761464,-0.0473611426077932,0.128945002717491,6,0,0,0.717648678151221
"Astro-4","IPP",0.0587423786709411,0.0961917483449278,0.541411436713235,-0.129789983695058,0.24727474103694,5,1.00833560158184e-06,0.00187328486588217,0.830421490174241
"Astro-4","CAMLG",-0.067668506622682,0.162914100088902,0.677876110721743,-0.386974275370683,0.251637262125319,5,0.0713293078391742,61.5406631997437,0.897045829212316
"Astro-4","ASTN2",-0.0905002316844107,0.0475599320419274,0.057057884172416,-0.183715985593761,0.00271552222493948,6,1.75438830058458e-06,0.0109001808975911,0.308095152414739
"Astro-4","CACNB4",-0.101855756677766,0.0770392285235749,0.186125377771785,-0.252849869980723,0.0491383566251919,5,0,0,0.533937401990279
"Astro-4","ZNF430",0.0971101220918011,0.0852831634323304,0.254837187855659,-0.0700418067232097,0.264262050906812,5,0,0,0.621948489753176
"Astro-4","AFF4",0.0967060574791373,0.0568321957259348,0.0888290795889123,-0.0146829993060261,0.208095114264301,6,3.05155591153911e-06,0.0134272712697746,0.383788621647188
"Astro-4","ETFA",0.0613059901802682,0.0665429335725294,0.356893935015081,-0.0691157630475307,0.191727743408067,5,2.22993191138204e-06,0.00873663615483992,0.712961946232454
"Astro-4","SGK3",-0.129641536737164,0.160338550672054,0.418774746877025,-0.443899321387741,0.184616247913413,6,0.0978858531029691,71.1193383028125,0.76180948877117
"Astro-4","GALNT13",0.0503353407292154,0.16454600179608,0.759677459908603,-0.272168896591164,0.372839578049594,5,0.0581854374254774,46.8845560473289,0.93055803678421
"Astro-4","GLIDR",-0.314457715264634,0.114902557872696,0.00620524809775077,-0.539662590426646,-0.089252840102621,6,1.97107934322737e-06,0.00212273405927988,0.0944096521167541
"Astro-4","ACTR10",0.0517691686997683,0.0722978172469883,0.473957771403904,-0.0899319492651876,0.193470286664724,6,0,0,0.793610468242833
"Astro-4","ZNF155",0.110716531959709,0.156227855575225,0.478519203997738,-0.195484438349657,0.416917502269075,6,0.0650655335090231,50.9863506680337,0.795800174314218
"Astro-4","ATP6V1E1",-0.189121040058196,0.0785080933845097,0.0159990655750461,-0.342994075586743,-0.0352480045296501,6,0,0,0.156383082093119
"Astro-4","TXNIP",0.326691929536696,0.255842214157943,0.201627884858258,-0.174749595937855,0.828133455011247,6,0.20418067105574,58.6968775078314,0.556488886859931
"Astro-4","SPTAN1",-0.108410217494511,0.0837048250691819,0.195268846537429,-0.272468659962333,0.0556482249733108,6,0.0115908576247353,29.6772929001179,0.546672701069931
"Astro-4","ZNF518A",0.0743754681044216,0.0767068282378772,0.33224248417444,-0.0759671526101176,0.224718088818961,6,0.0107374319923114,33.6765729432311,0.692097477880131
"Astro-4","PNPLA6",0.250654293691938,0.242209367244652,0.300731389539358,-0.224067342825815,0.725375930209691,5,0.210225619858889,82.8715718154429,0.669626926075815
"Astro-4","ZNF335",-0.220867597259112,0.112106044215425,0.0488192664912023,-0.440591406370599,-0.00114378814762517,5,7.68189414298103e-07,0.00094138044046658,0.284853683324075
"Astro-4","MRAS",0.119135486185585,0.0652291523633026,0.0677878113243353,-0.00871130318856402,0.246982275559734,6,2.42753611871121e-07,0.000806685469806967,0.330882060280178
"Astro-4","PGD",0.0965918940985573,0.102152465267856,0.344370012095956,-0.103623258758419,0.296807046955534,5,0,0,0.701846644055265
"Astro-4","CDC73",0.122909347446602,0.0546721908438743,0.0245688868380808,0.0157538224367079,0.230064872456496,6,0,0,0.198106654563521
"Astro-4","FBXO22",0.00368644170674323,0.109433711641209,0.973127122591465,-0.210799691804568,0.218172575218055,6,0.0200238343429817,30.2719747562606,0.994460940404121
"Astro-4","SRRM1",-0.0125016947153088,0.069338971244689,0.856918434629807,-0.148403581079958,0.12340019164934,6,0.00500489601390131,17.0240328794419,0.963854303288347
"Astro-4","TRMT1L",0.111125434298312,0.127618555343197,0.383883921696631,-0.139002337933386,0.36125320653001,5,0.0273697133878767,36.0151885600815,0.732881503078294
"Astro-4","PKNOX1",-0.0698301382151604,0.0679014678585427,0.303759848066843,-0.202914569715308,0.0632542932849873,6,0,0,0.67180316458881
"Astro-4","SLC22A5",0.00657797074162828,0.0966343387565418,0.945729324116293,-0.182821852891037,0.195977794374293,5,0.00692746520572136,14.1382792998541,0.98916607490031
"Astro-4","ZNF736",0.105989832480967,0.0742619306533379,0.153509818290227,-0.0395608770219861,0.251540541983921,6,4.63018760429372e-06,0.0118527311122559,0.496692130754745
"Astro-4","PIR",0.173945146854904,0.11495882363862,0.13025215907032,-0.0513700071818839,0.399260300891692,6,0.0193583497381193,26.0567815577838,0.461199877819225
"Astro-4","LRRC75A",-0.167881955916047,0.106396666863157,0.114591489063075,-0.376415591042942,0.0406516792108474,5,5.14345626220804e-06,0.00789986228742256,0.43654415387847
"Astro-4","ZNF213-AS1",0.105251382630193,0.109127110282596,0.334803184879342,-0.108633823260626,0.319136588521012,5,0.00831571057053684,13.345133375112,0.694239978299525
"Astro-4","SP110",0.258890898245209,0.105046139298835,0.0137187478420346,0.0530042485045153,0.464777547985902,6,0,0,0.143823033998451
"Astro-4","POFUT2",-0.0868155871748394,0.0885602529186749,0.326938214993165,-0.2603904933572,0.0867593190075216,5,0,0,0.688675869761924
"Astro-4","APBA1",-0.0993069100160495,0.0633301757005422,0.116861991409187,-0.223431773523706,0.0248179534916068,6,0,0,0.439903650638856
"Astro-4","ATPAF1",0.240886567799199,0.139770073986166,0.0848073945391407,-0.0330577433301853,0.514830878928582,5,0.054947710302701,66.1123684890404,0.374468867399181
"Astro-4","ZNF714",-0.139483309343886,0.0896581373700362,0.119773754957441,-0.315210029510102,0.0362434108223293,6,6.43635217545868e-07,0.00115947010429167,0.445947000393691
"Astro-4","UHMK1",0.117115041769968,0.0831458781347125,0.158968574435192,-0.0458478848370247,0.280077968376961,5,0,0,0.500741841732997
"Astro-4","UBL3",-0.010755561711515,0.085386590532853,0.899761114612687,-0.178110203918576,0.156599080495546,6,0.0141921793609998,36.761177882016,0.975272418460036
"Astro-4","CHCHD3",0.043240279345841,0.0579836559225598,0.455829203176968,-0.0704055979543388,0.156886156646021,5,0.00209023380815088,11.7643410366452,0.782936826337294
"Astro-4","ARID1A",0.0636991027537784,0.0485747432235619,0.1897352798989,-0.0315056445226839,0.158903850030241,6,1.79021650843542e-07,0.00107694443786116,0.538355376004047
"Astro-4","C1D",0.115949754627041,0.132983897022825,0.3832584420915,-0.144693894061479,0.376593403315561,6,0.0449585922719419,48.8664374406094,0.732517026440826
"Astro-4","HMGN5",-0.328644246119992,0.225860841452922,0.145648766269592,-0.77132336088563,0.114034868645645,5,0.169078612350435,72.3486236738238,0.485414327898841
"Astro-4","UBTD2",0.0249246890912327,0.0953096965008317,0.793697213451129,-0.161878883427841,0.211728261610306,5,4.0658015552242e-06,0.00792456927154131,0.941067340022289
"Astro-4","TRIM27",0.193475491604176,0.0890171626985574,0.0297455027727297,0.0190050587090611,0.367945924499291,5,0,0,0.221953464678483
"Astro-4","SUN2",0.0115864724715805,0.118651387117893,0.922209118868084,-0.220965972995209,0.244138917938371,5,0.020729294307871,30.597026845815,0.982466590063872
"Astro-4","CDC42EP4",-0.315546521751339,0.0925784017716055,0.000653390883763362,-0.496996854969965,-0.134096188532713,6,6.0141981890594e-06,0.00995649837704674,0.0246665745556883
"Astro-4","MFN2",0.0385945136943019,0.0863167491504924,0.654783661477173,-0.130583205903241,0.207772233291845,5,0.000230704296055718,0.540684042176725,0.884674685854486
"Astro-4","MTMR12",0.0541401007200792,0.100800811531499,0.591198644643152,-0.143425859494069,0.251706060934227,6,0.0199648802200541,36.5553856683916,0.85313791203194
"Astro-4","ANXA7",0.164251974470398,0.070756410649177,0.020266757105923,0.0255719579226845,0.302931991018111,6,0,0,0.178003113625046
"Astro-4","MAP3K14",0.387291757300343,0.119437392331561,0.00118430213660326,0.153198769923103,0.621384744677584,6,0,0,0.0367537401711762
"Astro-4","PAM",0.246938258012954,0.118361171269171,0.0369504269292982,0.0149546251574006,0.478921890868507,6,0.0296460442466164,39.4157663478255,0.247635867347027
"Astro-4","EAPP",0.19452832246335,0.0969441816976749,0.0447921312094328,0.00452121782520065,0.3845354271015,5,2.22802255799548e-06,0.00422428808128977,0.273340514444605
"Astro-4","MAT2A",-0.151047768671471,0.122693036803267,0.218284334565757,-0.391521701959723,0.0894261646167807,6,0.0397381556441385,53.5888960925202,0.578771376406877
"Astro-4","APOLD1",0.102611605752141,0.216990903824496,0.636295680203501,-0.322682750716666,0.527905962220947,5,0.125438093024581,58.4001221554025,0.879918003205783
"Astro-4","KLC4",-0.139443544722315,0.0830006503470482,0.0929515677302288,-0.302121830095932,0.0232347406513013,5,2.81882863802429e-06,0.00719152941314593,0.391812103193139
"Astro-4","JADE1",0.152790090277368,0.0959066452576322,0.111134920836613,-0.0351834803056507,0.340763660860386,5,0,0,0.430204775059942
"Astro-4","FASTKD1",-0.0562135132195452,0.0794885490583092,0.479448363559303,-0.212008206557176,0.0995811801180861,5,0.00229603706330623,6.60897784035834,0.795825396509146
"Astro-4","CD2AP",0.00252195241231098,0.100817301820053,0.980042938896416,-0.195076328173498,0.20012023299812,6,0.0151698746457988,26.406051879518,0.996886522818974
"Astro-4","DNAJB1",0.509001236157943,0.341267200288244,0.135829343386349,-0.159870185511833,1.17787265782772,5,0.449016294589926,84.5815491497308,0.469854258123015
"Astro-4","SCGB2B2",-0.105340717746466,0.062965463977698,0.0943288702030441,-0.228750759412608,0.0180693239196767,6,2.43767456194884e-06,0.00885860000174012,0.394505581201399
"Astro-4","PPT1",-0.2121990453884,0.10390074088861,0.0411193374621404,-0.415840755497103,-0.00855733527969696,5,0,0,0.259834862910951
"Astro-4","GMPR",0.145594846141026,0.121987453087265,0.232664561294799,-0.0934961684757837,0.384685860757835,6,0,0,0.596404744944703
"Astro-4","SKAP2",0.240444551183195,0.104546941142849,0.0214554898732514,0.0355363118493825,0.445352790517008,5,0,0,0.18310919638703
"Astro-4","RB1CC1",0.0901347541027303,0.0551346197410977,0.102088403044505,-0.0179271148911323,0.198196623096593,6,0,0,0.411190556721363
"Astro-4","MACF1",0.141502882083491,0.0551428178037514,0.0102844347336789,0.0334249451820843,0.249580818984898,6,4.72188431393632e-08,0.000221312557953292,0.125387460971773
"Astro-4","HSD17B12",0.186493098610347,0.078670358562474,0.0177609816888025,0.0323020291770461,0.340684168043649,6,0,0,0.166398768412074
"Astro-4","ARMC8",0.0764028251564439,0.0586737849917455,0.192860709731116,-0.038595680264024,0.191401330576912,6,0,0,0.544114254417023
"Astro-4","PRR14L",0.00743328940097587,0.0945331241077196,0.937325663967225,-0.17784822919621,0.192714807998161,6,0.0145745880462014,29.6352138956532,0.988168649788257
"Astro-4","RRP36",-0.0413417668010253,0.0922777490683829,0.654142753934659,-0.22220283154948,0.13951929794743,5,0,0,0.884548954399112
"Astro-4","NBN",0.0476572964244223,0.0741014194307703,0.520135804814387,-0.0975788168631841,0.192893409712029,6,0,0,0.818962746006395
"Astro-4","GPHN",0.0994363483484824,0.0410852006400678,0.0155099526191588,0.0189108347963475,0.179961861900617,6,0,0,0.153805602080883
"Astro-4","SPOCK3",-0.279799575791386,0.102363801725033,0.00626872039997701,-0.480428940493049,-0.0791702110897234,5,0,0,0.0947984569933724
"Astro-4","ANKFY1",-0.0114100129984878,0.0752303543432117,0.87944905309437,-0.158858798055369,0.136038772058394,6,0.00883440119907973,28.167183781021,0.967916399284271
"Astro-4","CARD8",-0.10115369514257,0.0903020756069555,0.262641235308936,-0.278142511061416,0.0758351207762757,5,0,0,0.630844436630072
"Astro-4","FAM20B",0.0413709750734188,0.0891501380273197,0.642605064123094,-0.133360084676902,0.21610203482374,5,4.16118285947669e-07,0.000927220113742337,0.880794449479828
"Astro-4","ZNF362",0.130202350691515,0.0963034146908398,0.176374870063918,-0.0585488736907561,0.318953575073787,5,0,0,0.521573655735583
"Astro-4","PACSIN2",-0.0227320821918567,0.0911080345188911,0.802968713270646,-0.201300548551115,0.155836384167402,6,0.00830355804746598,16.4646146857885,0.944743740332831
"Astro-4","LAMC1",0.0297216556145018,0.0981081898230965,0.761929678957155,-0.162566863027186,0.22201017425619,6,0.0122382854627308,21.8018227889463,0.930620130263641
"Astro-4","TRAK1",-0.0620290081678498,0.0861252733571745,0.471390525328951,-0.230831442106579,0.106773425770879,6,0.0190090215504059,49.2251453244102,0.792470005954672
"Astro-4","WIF1",-0.309812068008996,0.146989455253971,0.0350555381389983,-0.597906106413941,-0.0217180296040509,5,0,0,0.241759279438395
"Astro-4","GMDS",0.193061215692547,0.0716634212974117,0.00706002867331919,0.0526034909406995,0.333518940444395,6,0,0,0.0999012347504389
"Astro-4","CEP57",0.112399649696858,0.0695714232466428,0.106180642625222,-0.0239578342197544,0.248757133613471,6,1.33015882148047e-06,0.00392710683827721,0.420564662812881
"Astro-4","WDR36",0.171025008014735,0.0951936947651865,0.0723991177127949,-0.0155512052803296,0.357601221309799,5,6.6715695919177e-07,0.00127090036664402,0.342375741079901
"Astro-4","BHLHE41",-0.146936364986838,0.0954190707138901,0.123583356255517,-0.333954307024343,0.0400815770506673,5,3.70135373453921e-06,0.00718196348824004,0.450734582251186
"Astro-4","SDHC",0.178876225018372,0.0857140845009161,0.0368977001302455,0.0108797064287537,0.34687274360799,5,5.06232580777104e-06,0.0119423840682813,0.247635867347027
"Astro-4","HIP1R",-0.199824340971863,0.0739327062673405,0.00687608397900017,-0.344729782535429,-0.0549188994082967,6,0,0,0.0980604978937309
"Astro-4","PFDN1",0.0681886369062047,0.0951559584877268,0.47362174195177,-0.118313614644128,0.254690888456538,5,0.00107186264473835,2.07112112737807,0.793291001085731
"Astro-4","KATNBL1",0.0482835820984447,0.0603773974314052,0.42388676981005,-0.0700539423473706,0.16662110654426,6,0.00333161485492663,14.9021377606175,0.763611324769951
"Astro-4","DHX32",0.11698483817125,0.0674038881009882,0.0826381299175414,-0.0151243549246545,0.249094031267155,6,2.22699491867095e-06,0.00680833196698971,0.368535748049923
"Astro-4","PGP",-0.309972374819534,0.125019297451201,0.0131605018059454,-0.555005695196388,-0.0649390544426801,5,0.0193880050121339,25.2041106681184,0.141507878633973
"Astro-4","NEMF",0.106396626173162,0.0501596573970633,0.0339083949979974,0.00808550419804983,0.204707748148274,6,0,0,0.238056109870259
"Astro-4","NELFCD",-0.12334162886568,0.0916707708873251,0.178468726547255,-0.30301303823986,0.0563297805085004,5,0,0,0.524648107858508
"Astro-4","PLEKHA3",0.13092264262503,0.0885045467778427,0.139066592639223,-0.0425430815275823,0.304388366777642,5,0,0,0.475928401626214
"Astro-4","PIK3R4",0.0461627322212433,0.0913852446753458,0.613457513410112,-0.132949056060815,0.225274520503302,6,0,0,0.86648692481149
"Astro-4","GTF3C3",0.0556226575239699,0.0992562550676591,0.575210395397679,-0.138916027648963,0.250161342696903,5,0.00480764502213037,9.13470810312675,0.844796767857521
"Astro-4","PLEKHM3",-0.0832556738129188,0.0711625071714116,0.242026188872835,-0.222731624918459,0.0562202772926212,6,0,0,0.607783037207346
"Astro-4","MYL6",-0.13938639677855,0.139902162644127,0.31909790389329,-0.413589596920304,0.134816803363202,5,0.0323506182008532,35.9923793128954,0.682298665243009
"Astro-4","CHST3",0.263122516631181,0.109777028998646,0.0165352757714429,0.0479634934640245,0.478281539798337,5,0,0,0.158727023310407
"Astro-4","NUP93",0.151639781222184,0.0857408473941677,0.0769635363267508,-0.0164091916743294,0.319688754118698,5,0,0,0.354214669099339
"Astro-4","PAK2",0.133204881478506,0.058099263815335,0.0218645890959565,0.0193324168721581,0.247077346084854,6,0,0,0.185729993222573
"Astro-4","TMEM181",0.106665867263449,0.0763975851753033,0.162656015144708,-0.0430706481859763,0.256402382712875,5,0,0,0.507192144577976
"Astro-4","GNA13",0.0463833233598841,0.0644596303017613,0.471788764514091,-0.0799552304883348,0.172721877208103,6,0.000266078184419268,0.909831978409166,0.792540372432973
"Astro-4","ATP10D",0.012808076464448,0.080183263488004,0.873089800663523,-0.144348232134925,0.169964385063821,6,0.00665929640669106,17.1269137413752,0.966122228913145
"Astro-4","ZNF496",-0.177041663385002,0.0863207577692713,0.0402694409605127,-0.34622723973098,-0.00785608703902393,5,0,0,0.257535353596182
"Astro-4","TRPM3",0.272082857383655,0.0869676205193523,0.00175669001215158,0.101629453344578,0.442536261422732,6,3.29973699134174e-06,0.00673688837164798,0.044177781990602
"Astro-4","CTTN",0.0922784124821817,0.0642071189098676,0.150661433217503,-0.0335652281322394,0.218122053096603,6,2.059297578157e-06,0.00704536993443061,0.49187851060012
"Astro-4","GABARAPL1",-0.160146005290805,0.108157724140775,0.138694266054898,-0.372131249256543,0.051839238674933,5,0,0,0.475249737259631
"Astro-4","COQ9",0.123613201699237,0.119078750424703,0.299233075842342,-0.109776860457215,0.357003263855688,5,0.0164971419529322,23.4078929670224,0.667738225551382
"Astro-4","NNT",0.0354113150597437,0.0643057230774774,0.58185903353377,-0.0906255861719182,0.161448216291406,5,0.00319392806675939,14.8993661348189,0.848877826274646
"Astro-4","ACTN2",0.229787752381551,0.106635497060872,0.0311704532936749,0.0207860186687144,0.438789486094387,6,0,0,0.226099622695952
"Astro-4","CADPS",0.181777220126444,0.0991049330691157,0.0666258807556386,-0.0124648793792753,0.376019319632163,6,0,0,0.328142976273488
"Astro-4","GABRB1",-0.00587652074957578,0.0754475563204724,0.937916496790347,-0.153751013859259,0.141997972360107,6,0.0109981216842772,35.9200683411623,0.988168649788257
"Astro-4","FBXO7",-0.0359628908925249,0.116851644209479,0.758260865138845,-0.264987905077393,0.193062123292343,6,0.0216329931636696,27.8127973171771,0.93055803678421
"Astro-4","ZFP14",-0.0996883823851423,0.0748678603583776,0.183016523869827,-0.246426692287136,0.0470499275168518,6,0,0,0.531438731194574
"Astro-4","RPL28",-0.136317618401023,0.0961907403539333,0.156436309191347,-0.324848005140976,0.0522127683389299,5,0,0,0.497647147105025
"Astro-4","GREB1",0.143359898312919,0.0818868220598045,0.0799962547210452,-0.017135323732738,0.303855120358576,6,0,0,0.362398150963861
"Astro-4","KIF7",0.0845965815449542,0.098520398855842,0.390522210467945,-0.108499851955017,0.277693015044926,5,0,0,0.738584596113544
"Astro-4","AGBL3",-0.140891908467886,0.10184702117042,0.16655206184733,-0.340508401894598,0.0587245849588264,6,0,0,0.512126924105942
"Astro-4","ZNF420",0.013801200886887,0.103315418231912,0.893732194750429,-0.188693297895353,0.216295699669127,6,1.76931429205843e-06,0.00238800586240118,0.974281966377217
"Astro-4","DNAJC16",0.102551413301585,0.080096350460703,0.200421846490879,-0.0544345488944909,0.259537375497661,6,0,0,0.55402515434953
"Astro-4","PKD2",0.0357650947247923,0.133277894850214,0.788430086374187,-0.225454779116944,0.296984968566528,6,0.0558817763131418,63.9216372683116,0.94007131833708
"Astro-4","MAN2A2",-0.0899571736183939,0.0891779183382115,0.313100202136544,-0.264742681777542,0.0848283345407546,5,0,0,0.678552937630837
"Astro-4","PLEKHG1",0.138879774455122,0.0655421883804817,0.034095783209855,0.0104194457614381,0.267340103148806,6,0,0,0.238585019794705
"Astro-4","INPP1",-0.215143524815957,0.0847191859195272,0.0111014221281664,-0.381190078017783,-0.0490969716141308,6,1.95075819439774e-06,0.00393136678177634,0.13042233131828
"Astro-4","TRA2A",0.00554674713688448,0.0566885678736814,0.922054614558756,-0.105560804230685,0.116654298504454,6,0.00311744709807778,15.9595226163882,0.982466590063872
"Astro-4","PXYLP1",-0.158561706001331,0.0941632890922957,0.0922007017900557,-0.343118361288064,0.0259949492854015,5,0,0,0.39099396985814
"Astro-4","UBR5",0.0889714508191393,0.0378864872623328,0.0188558325697289,0.0147153002842316,0.163227601354047,6,1.1066801888531e-06,0.0108510497916661,0.172802948818556
"Astro-4","FUBP3",0.109193790445963,0.0606117938312644,0.0716198365248921,-0.0096031425016827,0.227990723393608,6,0,0,0.340855084179023
"Astro-4","MARK2",0.0872745560951881,0.0685524341806999,0.202980218838336,-0.0470857459515363,0.221634858141912,6,1.588930315461e-06,0.00483080473638022,0.558809453273685
"Astro-4","LEKR1",-0.118269254572462,0.117234333827304,0.31305722816038,-0.348044326625524,0.111505817480599,6,4.24723213942683e-06,0.00462172208369318,0.678552937630837
"Astro-4","ACAT2",-0.605654332130416,0.369844904625469,0.101507242172637,-1.33053702506199,0.119228360801154,6,0.621380040567175,86.2595992438541,0.410095525298065
"Astro-4","SNX4",0.0277081614681892,0.0645680585236466,0.667827826456704,-0.0988429077898326,0.154259230726211,6,0,0,0.892855672940107
"Astro-4","SH3BGRL",-0.0916648613979128,0.0752639595947489,0.223257507263841,-0.239179511537499,0.0558497887416728,6,6.85328751672835e-07,0.00168154546917473,0.583460528552679
"Astro-4","DAPK1",-0.115162766356717,0.0612616464586087,0.0601283897750744,-0.235233387049216,0.00490785433578148,6,0,0,0.314278722441585
"Astro-4","MCPH1",-0.107618350695708,0.0617233752956392,0.0812360060068789,-0.22859394327941,0.013357241887994,6,7.39822630713304e-07,0.00272955567575575,0.366399969876934
"Astro-4","STK38",0.0310093429793033,0.0775051030050728,0.689087128422538,-0.120897867528706,0.182916553487313,6,0.00556808618391558,15.1426171193214,0.902174372725159
"Astro-4","LPIN3",-0.0796919631258251,0.217904907677745,0.714574773112194,-0.50677773422873,0.34739380797708,5,0.142784718764202,66.1859253667624,0.911209718517162
"Astro-4","BEX3",-0.128715315399518,0.121621125129897,0.289904907826711,-0.367088340413355,0.109657709614318,5,0.0188893895478358,26.0330120498734,0.660601003983936
"Astro-4","CCDC136",-0.0895883913953345,0.118477901630541,0.449552556962415,-0.321800811555074,0.142624028764405,5,0.0179933473793112,26.2466087741863,0.778521263832819
"Astro-4","SNAPC3",0.174679682001189,0.0751920408920271,0.0201730297145968,0.0273059899287531,0.322053374073625,5,6.69332458721668e-07,0.00203826563167161,0.178003113625046
"Astro-4","PLCD3",-0.0304778917344541,0.101588393538464,0.764166841431049,-0.229587484317126,0.168631700848218,6,1.52824701820124e-06,0.00209627675310625,0.930620130263641
"Astro-4","SRP14",-0.135453499778436,0.13154831070028,0.303157265715139,-0.39328345097807,0.122376451421198,5,0.0215853179772062,25.2005131398484,0.671720374826831
"Astro-4","DDX46",-0.0249773957187362,0.0789126818222529,0.751608292669493,-0.179643410013821,0.129688618576348,6,0.00779208352330406,21.4069134715774,0.927450204448989
"Astro-4","RREB1",0.156770757642957,0.0645920820392824,0.0152205047265655,0.0301726031595069,0.283368912126407,6,0,0,0.15301804999361
"Astro-4","TTC39B",0.219565026579104,0.0866485503264746,0.0112777645456965,0.0497369886266071,0.3893930645316,5,0,0,0.131341471105745
"Astro-4","CEP44",0.214927652212857,0.0835068311631383,0.0100596163164169,0.0512572706700387,0.378598033755675,5,1.14937191249163e-06,0.00275015880965666,0.124403897900475
"Astro-4","ARHGEF4",-0.175760235016047,0.0655157252811895,0.00730264743417151,-0.304168696988198,-0.0473517730438948,6,0,0,0.102495963848134
"Astro-4","ALG1",0.0300543669377342,0.111068487917155,0.786703999990424,-0.187635869197211,0.247744603072679,5,0.00834898970071774,13.019984009545,0.939715672621951
"Astro-4","ITGA6",0.116879001446597,0.0603290624020948,0.0527015771378695,-0.00136378808257781,0.235121790975773,6,0,0,0.294934440908855
"Astro-4","LUC7L3",-0.0985770297875062,0.0465268561732427,0.0341147748919195,-0.189767992200937,-0.00738606737407542,6,0,0,0.238585019794705
"Astro-4","SLC9B2",0.215628685752925,0.111602323402543,0.0533451334532066,-0.00310784870705028,0.4343652202129,5,2.42233442329195e-07,0.000350442987364575,0.296410090459221
"Astro-4","GNL1",-0.197512081616012,0.0860377461381882,0.0216962142525318,-0.366142965357861,-0.0288811978741627,5,2.12633754139628e-06,0.00486576068475901,0.184638006056851
"Astro-4","NPRL3",-0.00665388881624267,0.095884966918504,0.944675611053142,-0.194584970635325,0.18127719300284,6,0.0177558198499399,36.3774921465294,0.98916607490031
"Astro-4","GNAI3",0.164915749343328,0.0932293568718315,0.0769063749821285,-0.0178104324272938,0.347641931113949,5,0,0,0.354214669099339
"Astro-4","GFM1",0.0965204520853414,0.0792324738694334,0.223150605335015,-0.058772343104759,0.251813247275442,5,0,0,0.583460528552679
"Astro-4","RHOB",0.0877548168982043,0.197737842326213,0.657191713593021,-0.299804232441833,0.475313866238241,6,0.144493106036224,70.8885005908685,0.885878859734718
"Astro-4","GGT7",-0.0378468304902178,0.078296796691161,0.628828440546358,-0.191305732109748,0.115612071129313,6,0.00432893689531571,11.0385481053272,0.875295856846129
"Astro-4","SAMD4A",0.288893208870443,0.202129698013644,0.15293333237522,-0.107273719442257,0.685060137183142,6,0.125697507503837,58.3464314443243,0.495860596490177
"Astro-4","SENP1",0.142946255115042,0.0870982471539151,0.100754447910883,-0.0277631724231995,0.313655682653284,6,0,0,0.409102119918853
"Astro-4","RRAGB",0.102200006250896,0.0777349426001058,0.188602627528218,-0.0501576815855996,0.254557694087392,6,0,0,0.537468212273869
"Astro-4","SEC22C",0.00892468304659569,0.104780484311043,0.93212222527317,-0.196441292485713,0.214290658578904,5,0.0162373179864197,31.0242061474672,0.987295453105121
"Astro-4","SS18",0.0660808091712613,0.0673997856576396,0.326873634016889,-0.0660203432834316,0.198181961625954,6,0,0,0.688675869761924
"Astro-4","FLNA",0.291380915494226,0.119825032895883,0.0150273238451827,0.0565281665719682,0.526233664416484,5,0,0,0.152716954585619
"Astro-4","HP1BP3",-0.102900841487978,0.0510966046989924,0.0440253992456054,-0.203048346430283,-0.00275333654567227,6,0,0,0.27078811134876
"Astro-4","TMEM50A",0.141647208437803,0.104787249817611,0.176452117369812,-0.0637320272437153,0.347026444119321,5,2.2495136462014e-06,0.00359317634048713,0.521573655735583
"Astro-4","HSPA9",-0.0264089768263022,0.106529491809981,0.804209486154064,-0.23520294406522,0.182384990412616,5,0.0109425701725764,18.9041022071469,0.944743740332831
"Astro-4","WDR31",-0.184470586683739,0.0976235220438349,0.0588098601813949,-0.375809173933607,0.00686800056612946,5,2.20487038281668e-06,0.00395903703165979,0.311380926103373
"Astro-4","RER1",0.0671728614400863,0.124999519463056,0.591001731838904,-0.177821694792318,0.31216741767249,5,0.0258240843783441,35.1750627175606,0.85313791203194
"Astro-4","LRRC4C",-0.434925459719888,0.14947863018848,0.00361872715866738,-0.72789819134769,-0.141952728092085,6,0.075056509292602,67.2815494545296,0.0680127806319029
"Astro-4","RGL3",-0.106236369218984,0.0845494563006505,0.20893484287416,-0.271950258480702,0.0594775200427346,6,0,0,0.564003875630052
"Astro-4","ACTR2",0.0633132685177667,0.0882091552012877,0.472903426166608,-0.109573498783461,0.236200035818995,6,0.0119849201591288,27.4361578684783,0.792817223364646
"Astro-4","UFSP2",0.0963927333495681,0.092863768260569,0.29926934371433,-0.0856169079098208,0.278402374608957,5,0,0,0.667738225551382
"Astro-4","SLC9C2",-0.419938595146478,0.119652408863629,0.000448689583887722,-0.654453007182651,-0.185424183110305,5,2.75564555731839e-07,0.000354581274436493,0.0197640524773769
"Astro-4","SLC39A8",0.115758591474544,0.114149023270896,0.310534758098544,-0.107969383006836,0.339486565955924,5,0,0,0.677143105918301
"Astro-4","ITPKB",0.147435594284311,0.0668799043418218,0.0274904129966217,0.0163533904848568,0.278517798083766,6,1.16178167144893e-06,0.00376284927450594,0.213350375581006
"Astro-4","YTHDF2",0.0477786155896115,0.123620713244663,0.699131135013328,-0.194513530113081,0.290070761292304,5,0.0267657714716222,37.4529417556777,0.90661307204245
"Astro-4","EPS8",0.183287301599266,0.0610656045094432,0.00268669083941737,0.0636009160665905,0.302973687131941,6,0,0,0.0568787029647196
"Astro-4","MBIP",0.106069091308096,0.0950507322782694,0.264456028052136,-0.0802269206614709,0.292365103277663,5,0,0,0.632252746179672
"Astro-4","FAT1",-0.207116168164928,0.0809950617047308,0.010553502486867,-0.365863572031799,-0.0483687642980559,6,4.16144423200379e-06,0.00867047136574622,0.126644449159328
"Astro-4","SRSF4",0.0487815427371979,0.0578242628234502,0.398883349311406,-0.0645519298293428,0.162115015303739,6,0,0,0.746692609636572
"Astro-4","TNRC6C",0.0747656568479736,0.0593538171727931,0.207791873646071,-0.0415656871556759,0.191097000851623,6,0.00508125820620405,25.7396126939391,0.564003875630052
"Astro-4","DCAF17",-0.0927713728360384,0.0901621930062528,0.303508464771559,-0.269486023895443,0.0839432782233663,5,0,0,0.671720374826831
"Astro-4","TBC1D20",-0.0538996451759266,0.0901468451044126,0.549900394001229,-0.230584214900486,0.122784924548633,5,0,0,0.8352491524012
"Astro-4","RANBP10",-0.0738801508576991,0.0837294564553768,0.37757810694793,-0.237986869955352,0.0902265682399542,6,0,0,0.726684855584776
"Astro-4","UFL1",0.164976018828652,0.0697178020770351,0.0179649410248018,0.028331637676371,0.301620399980932,6,4.34304974179711e-07,0.0012716634701583,0.167734201499944
"Astro-4","FADS1",-0.308296905533864,0.243194518658017,0.204906259090303,-0.784949403341131,0.168355592273403,6,0.236798530243456,81.0278024402399,0.561868647958404
"Astro-4","MBNL1",0.165471545868353,0.0624918723741535,0.00809960978355647,0.0429897266885384,0.287953365048167,6,0.0026669802362187,10.7018343112592,0.108697957340996
"Astro-4","TAF1",0.13414906033908,0.0554460363227457,0.0155438836229673,0.0254768260609985,0.242821294617161,6,1.91699360226904e-06,0.00872707408812881,0.153805602080883
"Astro-4","CPT1A",0.152960621258623,0.0763471066566099,0.045124780922635,0.00332304188782956,0.302598200629417,5,0,0,0.273580805224433
"Astro-4","CTBP2",0.160487309250199,0.0538410197939979,0.00287531404590105,0.0549608495630546,0.266013768937343,6,0,0,0.058820094826635
"Astro-4","TRAF3IP2",-0.0734939076774347,0.367696061431998,0.841576944702683,-0.794164945341379,0.647177129986509,6,0.651395947549565,90.1056426148158,0.959381359412702
"Astro-4","SLC45A4",-0.117608261171617,0.102276807368469,0.250184414971949,-0.318067120067557,0.082850597724323,5,0,0,0.616729294681941
"Astro-4","WDR43",0.22240545171782,0.0854545854976652,0.00925155741042009,0.0549175418285978,0.389893361607043,6,3.4442007359388e-06,0.00671565006138148,0.118081960416021
"Astro-4","XIAP",0.106445611662403,0.069108889119986,0.12349715159847,-0.0290053220243416,0.241896545349147,6,2.11199167013134e-06,0.006375232465695,0.450734582251186
"Astro-4","TLE4",0.0264465085591427,0.0878722607375943,0.763440892154889,-0.145779957726655,0.198672974844941,6,0.0121670614459619,28.0234358253021,0.930620130263641
"Astro-4","RADIL",-0.0178758081690209,0.117188096794603,0.878761475607394,-0.247560257303236,0.211808640965194,5,0.00945878618849882,13.2257209481565,0.96750557947341
"Astro-4","HYDIN",-0.205860726429149,0.0885891592096111,0.0201378874283903,-0.379492287900672,-0.0322291649576263,6,1.25435920262903e-06,0.00235210313305427,0.178003113625046
"Astro-4","PKN1",-0.108562495144468,0.0905652984881659,0.230636578572919,-0.286067218430393,0.0689422281414565,6,5.57865223525574e-07,0.000965612988260803,0.593375879493774
"Astro-4","IQCE",-0.116676001763909,0.0766110635571887,0.12776735319752,-0.266830927153308,0.0334789236254902,6,4.04422738036108e-06,0.00958137845709121,0.457017212288707
"Astro-4","POLR2B",-0.0174192629893004,0.0886843671708218,0.844282506041165,-0.191237428635837,0.156398902657237,6,0.00366702982503032,7.08944492839842,0.960050601108412
"Astro-4","SPATA6",0.0418393267444177,0.0560563533305,0.455438050906439,-0.0680291068880141,0.15170776037685,6,0.00055918770482449,2.59988649825054,0.782511051919148
"Astro-4","TP53BP2",0.12271137894964,0.0622977533067392,0.048866331247649,0.000610026150670462,0.24481273174861,6,0,0,0.284853683324075
"Astro-4","VPS13B",0.101715619671586,0.042695214645414,0.0172018000205338,0.0180345366543673,0.185396702688804,6,2.88910275151222e-06,0.0223169261207035,0.162554034104075
"Astro-4","TNKS2",0.140071006740779,0.0611341713653058,0.0219514770513635,0.0202502326400797,0.259891780841478,6,0,0,0.186052330215714
"Astro-4","TMEM267",0.123540845686953,0.110771800453069,0.264733268307744,-0.0935678937037203,0.340649585077627,6,0.0123910733239498,16.5993870302115,0.632252746179672
"Astro-4","RAD21",-0.137557576955726,0.0745283687314884,0.0649346723833067,-0.283630495495965,0.00851534158451206,5,0.000430226395524207,1.34199239519392,0.324198519705321
"Astro-4","NKAIN2",0.0430920029194183,0.0675957186248049,0.523801788804071,-0.0893931710943027,0.175577176933139,6,0.00149406018353252,4.86476701750404,0.821520086624871
"Astro-4","MAPKBP1",-0.0653368056431062,0.10370942935945,0.528695434973573,-0.268603552044828,0.137929940758616,6,0.0235689528047034,43.8005315974428,0.82289143036691
"Astro-4","RCOR3",-0.019199500433656,0.0898313054804463,0.830758869606658,-0.195265623859546,0.156866622992234,6,0.0188231019692493,46.4206093359686,0.955880328717664
"Astro-4","COPB2",0.0562075664704437,0.0769274408985996,0.4649887398274,-0.094567447113645,0.206982580054532,5,0,0,0.789417493385599
"Astro-4","POLI",0.104654073688982,0.0832100931122783,0.208497056666851,-0.0584347119613083,0.267742859339272,6,0,0,0.564003875630052
"Astro-4","XPO1",0.0973138289838392,0.0587538422924523,0.0976616317354678,-0.0178415858627134,0.212469243830392,6,7.18434143261047e-07,0.00298566448175397,0.403072663334167
"Astro-4","DHX15",0.112597632055785,0.0655460639575891,0.0858258546476695,-0.0158702926294483,0.241065556741019,6,0,0,0.376148323646631
"Astro-4","ZCCHC2",0.170665610694252,0.0843143761801729,0.0429539076803938,0.00541247000215128,0.335918751386353,6,3.1859838873892e-07,0.000646102400624354,0.267140417061324
"Astro-4","PSMD5",0.111983573535504,0.0801722060964048,0.162477338943642,-0.0451510629745722,0.26911821004558,6,6.33809680787187e-06,0.0141497167562027,0.507192144577976
"Astro-4","PPP6R2",-0.128756088055616,0.0587031700414368,0.0282827972054329,-0.243812187115163,-0.0136999889960692,6,0.00356135199634628,17.1590700263861,0.216992673881313
"Astro-4","PHIP",0.0437333802629997,0.0441419623128614,0.321810644881977,-0.042783276077133,0.130250036603132,6,0,0,0.684474198732615
"Astro-4","AGFG2",-0.0487197901457226,0.133048060410937,0.714229355250216,-0.309489196764067,0.212049616472622,5,0.0369738337878683,46.5536493711597,0.911209718517162
"Astro-4","PDS5B",0.0969703007651305,0.0517755164021594,0.0610823656698885,-0.0045078466640647,0.198448448194326,6,0,0,0.316238750036901
"Astro-4","CYB5D2",-0.110959472835571,0.0797989029263322,0.164380528161096,-0.26736244857699,0.0454435029058476,6,0,0,0.509560978896655
"Astro-4","ANKRD12",0.108034559106459,0.0596081553667692,0.0699225004025079,-0.00879527859727661,0.224864396810194,6,0.00360659475498475,16.7648312194052,0.33678721093342
"Astro-4","AP4M1",-0.097616618628035,0.0985035927442083,0.321687770248525,-0.290680112754484,0.0954468754984141,5,0,0,0.684474198732615
"Astro-4","TMEM209",0.0730211807152469,0.135302714518412,0.589412577291737,-0.192167266751346,0.33820962818184,5,0.01743690026381,18.8098382708186,0.85313791203194
"Astro-4","WDR45",0.005514185062601,0.12322343116893,0.964306989994969,-0.235999302079953,0.247027672205155,6,0.0152860010700383,16.5241596740529,0.994460940404121
"Astro-4","PDE4DIP",-0.0769335531016348,0.0532560109146162,0.148570696383712,-0.181313416454554,0.0274463102512849,6,0,0,0.488263022652128
"Astro-4","CAPS2",-0.11895842975988,0.0638184886032209,0.0623200165847706,-0.244040368969973,0.00612350945021303,6,0,0,0.319616836231002
"Astro-4","NEIL1",-0.123166129764091,0.0968017468742159,0.203247223737017,-0.312894067278117,0.0665618077499353,6,8.01679412884366e-07,0.00124190655229588,0.559262637809363
"Astro-4","ZBTB43",0.130883449149713,0.0719781883958287,0.069006601552192,-0.01019120777855,0.271958106077976,6,1.83561604357343e-06,0.00494221734745059,0.334440157655788
"Astro-4","SNAP25",-0.0779314952558158,0.109642313004584,0.477220960375603,-0.292826479926467,0.136963489414836,5,0.0247728524653162,44.7852276501431,0.794447084904463
"Astro-4","LRIG2",0.0100488824755635,0.0787530179859402,0.898465557456442,-0.144304196450714,0.164401961401841,6,0.0026358650147348,6.35360969072573,0.975272418460036
"Astro-4","CTDSPL2",0.0957872110648243,0.060861565413123,0.115521233588147,-0.0234992651876254,0.215073687317274,6,0,0,0.438150975326075
"Astro-4","PFKFB2",-0.422277084257368,0.126237172904076,0.000822502837545747,-0.669697396659511,-0.174856771855224,6,0,0,0.0280781906167179
"Astro-4","ADAP2",-0.0141660136924715,0.14555247076419,0.922467651270042,-0.299443614251103,0.27111158686616,5,0.0289629151861816,28.2020301316411,0.982550372706118
"Astro-4","OGT",0.0677100166452508,0.0605321384604487,0.263319520423341,-0.0509307946444204,0.186350827934922,6,3.82300354473693e-07,0.00148583621116244,0.631088732142295
"Astro-4","UBAP1",-0.00243278512186504,0.188952986657942,0.989727454982133,-0.372773833742709,0.367908263498979,6,0.139248714038378,78.9234979259509,0.998058308461131
"Astro-4","PDCD10",0.0741509593560572,0.0800427709254426,0.354242451218738,-0.0827299888806001,0.231031907592714,5,3.70457964928355e-06,0.0099959076623015,0.711088669076349
"Astro-4","TXNDC15",-0.0664319492242989,0.118792592100089,0.57600724329231,-0.299261151370631,0.166397252922033,5,0.0132151023408409,18.4739427594469,0.845058168912865
"Astro-4","ZBTB20",0.0447431429681523,0.0387247557716985,0.247920741250266,-0.0311559836544864,0.120642269590791,6,1.79007523808116e-06,0.0170896211151453,0.614524701153615
"Astro-4","PER1",0.0518987680841662,0.110212848149905,0.63771514238615,-0.16411444492323,0.267911981091562,6,1.73031224203321e-06,0.00208888369581608,0.880658082917113
"Astro-4","ZBTB11",-0.117910458071644,0.097550809593118,0.226774991523673,-0.30910653153688,0.0732856153935914,5,0.00405987162964831,7.66810994418386,0.587871382867728
"Astro-4","DNAJC3",0.0523636613040478,0.0668958735791155,0.433765889604435,-0.078749841625363,0.183477164233459,6,0,0,0.770902953731178
"Astro-4","ACADSB",0.0758583468035621,0.0740841953413486,0.305859944094101,-0.0693440078891111,0.221060701496235,5,0,0,0.673903596063727
"Astro-4","RSRC2",-0.0657775187232341,0.0639057979754849,0.30334400962239,-0.191030581158477,0.0594755437120091,6,1.88414493267269e-06,0.00648269912315449,0.671720374826831
"Astro-4","SCLT1",-0.139159239358558,0.0710237817444671,0.0500738014890781,-0.278363293623547,4.4814906431101e-05,6,1.25842626696341e-06,0.00358090552361981,0.288764404091473
"Astro-4","NCK1",0.13770634445864,0.0749944388095654,0.0663250154403864,-0.00928005464890144,0.284692743566181,6,0,0,0.32699695804299
"Astro-4","CHIC2",-0.0446300608497349,0.0715870917898146,0.532997214750841,-0.184938182515735,0.0956780608162648,6,0,0,0.824840106059658
"Astro-4","ZMYM4",0.0607197036080201,0.0480979046822381,0.206798094231037,-0.033550457301007,0.154989864517047,6,0,0,0.562515533212113
"Astro-4","UBE2O",0.0359750858684365,0.0755067257699632,0.633754703769916,-0.112015377231234,0.183965548968107,6,1.70402420086675e-06,0.00422915536607018,0.878566321022183
"Astro-4","KCND3",0.44477196153188,0.120224089697507,0.000216003815403282,0.209137075650654,0.680406847413106,6,0,0,0.0135410476250234
"Astro-4","LRP5",-0.00685970957867485,0.110195851211132,0.950363616495112,-0.222839609198227,0.209120190040877,5,0.00824644845308737,12.8439626187356,0.990368602966925
"Astro-4","SOX9",0.0768014430068463,0.0708864373792409,0.278611659011673,-0.0621334212488197,0.215736307262512,6,0,0,0.648555319470209
"Astro-4","ANO10",0.0595514875376742,0.0564464743513492,0.29142162118498,-0.0510815692452342,0.170184544320583,6,0,0,0.662123500379519
"Astro-4","PIGF",0.00572619643189495,0.148412103025886,0.969222790367929,-0.28515618036869,0.29660857323248,6,0.0590763503102096,51.3018866567183,0.994460940404121
"Astro-4","OTUD4",0.238313036502787,0.0872365100687688,0.00629886239569604,0.0673326186310342,0.409293454374539,5,0,0,0.0947984569933724
"Astro-4","TM9SF3",0.0797901168463398,0.0602959522349413,0.185732967470284,-0.0383877779476925,0.197968011640372,6,0.00140971696440577,5.74014366534805,0.533937401990279
"Astro-4","RAD54L2",0.135713517340737,0.0777561093050633,0.0809197306596506,-0.0166856564751467,0.288112691156621,6,0,0,0.365577807165435
"Astro-4","SLC30A10",-0.353495729294032,0.16368004277519,0.0307978222793122,-0.674302718121379,-0.032688740466685,6,0.0736858243472982,57.9003360261272,0.225425612294163
"Astro-4","BCL2",0.241773270919906,0.0597232354120938,5.16068727945975e-05,0.124717880471995,0.358828661367817,5,4.49858451666375e-07,0.00228402764043793,0.0062639275378687
"Astro-4","ADAM12",0.280282915753894,0.154349810727436,0.0693866134549417,-0.0222371542924546,0.582802985800243,5,0,0,0.335495086387503
"Astro-4","RNF19A",0.185839738500905,0.0849901438019098,0.028771487990449,0.0192621176082817,0.352417359393528,6,1.39150920263068e-06,0.00292749669807768,0.217960981142625
"Astro-4","FEM1B",0.0766867912194179,0.089644789438229,0.392301109832537,-0.0990137674811876,0.252387349920023,5,0,0,0.740590642710433
"Astro-4","IQCJ-SCHIP1",0.0914644845758509,0.126345958574865,0.46911427605627,-0.156169043823075,0.339098012974776,5,0.0312737009397737,41.0096691028499,0.791762858437046
"Astro-4","LATS2",0.0629857109473053,0.101945433671141,0.536682467315192,-0.136823667436448,0.262795089331059,5,0.00324039497815709,5.68190242044541,0.82620057397846
"Astro-4","EMC2",0.0634190112276381,0.0610526606456998,0.298916753840188,-0.0562420047982795,0.183080027253556,6,0,0,0.667738225551382
"Astro-4","COX6C",-0.106901153480068,0.0953572648817297,0.262262599847477,-0.293797958312504,0.0799956513523683,5,8.6150951814621e-08,0.000160242570415683,0.630796994030026
"Astro-4","SLF2",0.0255517794551381,0.0624865859551198,0.682601134437422,-0.0969196785337631,0.148023237444039,6,0.00104121818213269,3.88807390204785,0.899051699131227
"Astro-4","NDRG1",0.434318993719019,0.150394390242886,0.0038786386000831,0.139551405366101,0.729086582071937,6,0.0301948156373946,22.830469805964,0.0703448725104431
"Astro-4","MOXD1",0.494350353378305,0.154359422365722,0.00136196476022077,0.191811444867083,0.796889261889528,6,0,0,0.0396051304730346
"Astro-4","KLHDC10",-0.0709922973347091,0.101750218054328,0.485357634369542,-0.27041906014029,0.128434465470872,6,0.0225842344426898,43.1972337025214,0.800373647112014
"Astro-4","KCNAB2",0.0410806410480007,0.124833764461848,0.742093126852015,-0.203589041351778,0.285750323447779,5,0.0182830528050147,23.6879042194146,0.921835946978782
"Astro-4","TERF2",0.0321024548638972,0.0879512892032423,0.715109417637862,-0.140278904368324,0.204483814096119,6,0.00587686073012963,12.0472506497312,0.911209718517162
"Astro-4","RBM10",-0.0954563493459436,0.0734263325702096,0.193591087666907,-0.239369316700415,0.0484566180085275,6,0,0,0.545064623452737
"Astro-4","UVSSA",-0.0550989051293919,0.079745946615641,0.489609230842182,-0.211398088409102,0.101200278150318,6,0,0,0.802810887646315
"Astro-4","POLD3",0.0439352933835767,0.0940687219145221,0.640460327208298,-0.1404360136406,0.228306600407754,5,0,0,0.880794449479828
"Astro-4","DBT",-0.0110255944812952,0.0844670619232111,0.896146100763405,-0.176577993730704,0.154526804768113,5,0.00459896647210064,12.1251621313769,0.974661489918303
"Astro-4","WDR7",-0.126939843780344,0.048163830698054,0.00839925196105498,-0.221339217306014,-0.0325404702546734,6,3.29705786088911e-07,0.00202378652354722,0.110713942543281
"Astro-4","NUP85",0.142305934864923,0.101613854742726,0.161376214785389,-0.0568535607611044,0.34146543049095,5,0,0,0.505376094828376
"Astro-4","GLI2",0.231653744358788,0.104325897197627,0.0263860873447482,0.0271787431966103,0.436128745520966,6,7.65228090407623e-06,0.0101495966155927,0.208197134724964
"Astro-4","WSB2",0.123550132752201,0.0927243531460877,0.182713889859163,-0.0581862599039043,0.305286525408306,5,0,0,0.531159183994114
"Astro-4","CLDN10",-0.263990007371167,0.192296698760797,0.169806284818145,-0.640884611288277,0.112904596545942,5,0.0991659624364323,64.2322636843749,0.51441038695325
"Astro-4","BCR",0.0285565596968689,0.19012501104111,0.880607726189733,-0.344081614503987,0.401194733897725,6,0.145191949773466,81.0718995770538,0.968323335694182
"Astro-4","HIVEP1",0.125262215857484,0.0568309982351829,0.0275160593346892,0.0138755061110662,0.236648925603902,6,0,0,0.213350375581006
"Astro-4","MDH1",0.00506867940762588,0.0878439008589235,0.95398681088578,-0.167102202537371,0.177239561352623,6,0.00788113579314221,16.9274164334151,0.990940949638495
"Astro-4","MBD1",-0.0932594620817963,0.0996484486716386,0.349332536957965,-0.288566832593496,0.102047908429903,5,0,0,0.706178467780067
"Astro-4","TTC21B",0.0454552990609064,0.0597093359871006,0.4464920864144,-0.0715728490146121,0.162483447136425,6,0,0,0.775927386571891
"Astro-4","CRBN",0.0863250165473518,0.131869099206826,0.512708210743409,-0.172133668571767,0.344783701666471,5,0.0431663806800681,58.3116509577673,0.815414294354568
"Astro-4","MOK",-0.187104535220178,0.0627022766090446,0.0028449280551423,-0.309998739122573,-0.064210331317782,6,0,0,0.0584172820946888
"Astro-4","FIG4",-0.0958762341166848,0.073995699588369,0.195078832683045,-0.240905140320733,0.0491526720873636,5,4.89882004426125e-06,0.0156956824888126,0.546420812366561
"Astro-4","ZFR",0.0721499409791081,0.0503325109627842,0.151724721056674,-0.0264999677594163,0.170799849717633,6,0,0,0.493873913236921
"Astro-4","TRIM13",0.00579986339666848,0.0826829848518024,0.944077620277639,-0.156255809047135,0.167855535840472,5,0.000903583820838498,2.35702543373716,0.98916607490031
"Astro-4","CDYL",0.16286184264549,0.0756070417322464,0.0312357382716322,0.0146747638726706,0.31104892141831,6,0,0,0.22627268228071
"Astro-4","RPAIN",0.094359817378205,0.0773977330650298,0.222785445807109,-0.0573369519142982,0.246056586670708,6,0,0,0.583460528552679
"Astro-4","FLVCR1",0.0752970059863765,0.0951682870577992,0.428828166569695,-0.111229409117279,0.261823421090032,5,4.89260389051452e-06,0.00929263778490376,0.767199294400156
"Astro-4","ROR1",-0.112136948420972,0.0762472012176622,0.141371593475513,-0.261578716729569,0.0373048198876244,6,0,0,0.479536157797109
"Astro-4","CCDC25",-0.0591541153252954,0.0902486530387635,0.512173534701331,-0.236038224934523,0.117729994283932,5,3.96999652589823e-07,0.000864652262210421,0.815230484219355
"Astro-4","PYROXD2",-0.205771018372002,0.152756542365517,0.177963459507299,-0.505168339811281,0.0936263030672777,5,0.045198350586466,42.1008230813004,0.524291486423336
"Astro-4","KLKB1",-0.259337557729675,0.110776924854476,0.019228086257354,-0.476456340762549,-0.0422187746968017,5,7.36407353818248e-08,0.000103835449684122,0.173615592790175
"Astro-4","SCMH1",0.118693359267142,0.0512606516499949,0.0205863093124442,0.0182243282090983,0.219162390325186,6,0,0,0.17933400552563
"Astro-4","PKN2",0.0766105339772035,0.0440342180569763,0.0818949347121838,-0.0096949475018534,0.16291601545626,6,0,0,0.367759614716846
"Astro-4","RTN3",0.0270163479289141,0.0560428332039166,0.629759017513637,-0.0828255867423479,0.136858282600176,6,0.00253365958939468,12.8743277018324,0.875815424261553
"Astro-4","FAM98B",0.195691633869616,0.121373397725461,0.106894335286097,-0.0421958543535423,0.433579122092775,5,0.0217198445688257,30.8667132966159,0.420742715387093
"Astro-4","DSTN",-0.0618703278941029,0.0868834853040186,0.476398592447117,-0.232158829941294,0.108418174153089,6,3.50942656269977e-06,0.00678915661243989,0.793803877957948
"Astro-4","HMGXB4",-0.0398064931374028,0.110763099939115,0.719307793665324,-0.256898179834079,0.177285193559273,5,0.0217342899537174,38.6326142363519,0.91262698466899
"Astro-4","MTSS1",-0.267669530913235,0.100505930183194,0.00773965024017777,-0.464657534304993,-0.0706815275214763,5,0.00187964544190155,3.28621856527014,0.106752448514775
"Astro-4","SLC30A5",0.0909261026672432,0.0889951194474197,0.306924032921975,-0.0835011262495396,0.265353331584026,6,0,0,0.674786036786509
"Astro-4","NMNAT3",-0.0778918004462609,0.093494666852036,0.404779928496278,-0.261137980222822,0.105354379330301,5,0.00211028722715527,4.37999435608426,0.750164234830629
"Astro-4","C6orf62",0.0641063321034737,0.078049267467071,0.411442803606904,-0.0888674211517191,0.217080085358667,6,0.00524464862882134,13.9235548104554,0.755141328394123
"Astro-4","SYNE1",-0.184853323697503,0.0737372640349017,0.0121788731648346,-0.329375705524431,-0.040330941870575,6,0,0,0.135480662375411
"Astro-4","CENPC",0.0821045479569095,0.0978455895788507,0.40139992771242,-0.109669283663726,0.273878379577545,6,0.0196209586386803,39.6694084604272,0.748156974278909
"Astro-4","GPCPD1",0.160254361674133,0.0974383748305665,0.100037057380667,-0.0307213437058919,0.351230067054157,6,5.45391883582912e-06,0.00802885715704014,0.40776299060687
"Astro-4","TYW1B",0.0608177045912904,0.0708726660806739,0.390822680545566,-0.078090168415164,0.199725577597745,5,4.17756823268958e-07,0.00142573694602157,0.738897016663165
"Astro-4","EXOSC1",-0.0755017083534456,0.102269135089767,0.460353517837716,-0.275945529859451,0.12494211315256,5,0,0,0.786025311529902
"Astro-4","TAF3",-0.0924348001899513,0.0614303845553864,0.132399127278505,-0.212836141474954,0.0279665410950516,6,0,0,0.463820998322052
"Astro-4","RIF1",0.00858400591280532,0.0738896616503864,0.907515196073626,-0.136237069751802,0.153405081577413,6,0.00928950045391026,31.6049357439977,0.976487619883254
"Astro-4","CIZ1",0.00806276587344614,0.123145939431031,0.947797197602613,-0.233298840253726,0.249424372000618,5,0.0298834116701906,43.8927960999489,0.989693676693763
"Astro-4","ATXN3",-0.115617581545108,0.0631701080215944,0.0672114017313349,-0.239428718166937,0.0081935550767219,6,0,0,0.329338393437794
"Astro-4","NTRK3",0.0856101611573705,0.0555176001252143,0.123064744419602,-0.0232023355961458,0.194422657910887,6,7.07339651809122e-07,0.00327530876703835,0.450522542908758
"Astro-4","SWAP70",0.0208552568633605,0.0881122684854853,0.81289761007595,-0.151841615964314,0.193552129691035,6,0,0,0.949014825458345
"Astro-4","GSTA4",-0.109723633277408,0.157641392125776,0.486408075447074,-0.418695084316686,0.19924781776187,5,0.0567850752709411,52.5768014775469,0.800952941842604
"Astro-4","TMLHE",0.0416854267424909,0.0951924100914223,0.661453670467297,-0.144888268638264,0.228259122123246,5,0.00920963652124296,20.2304535576395,0.889561091496422
"Astro-4","ZNF264",0.204397925885116,0.0871293020767529,0.0189804417631482,0.0336276318165695,0.375168219953663,5,1.79367043398481e-06,0.00415333442018567,0.173363165401866
"Astro-4","ZMIZ2",-0.0497040320083281,0.078955469076964,0.529008802748166,-0.204453907781643,0.105045843764987,6,0,0,0.822969547311445
"Astro-4","NUDT3",0.115259432750111,0.0837778138380904,0.168891263332138,-0.0489420650760474,0.279460930576269,5,0,0,0.51441038695325
"Astro-4","TRIM66",-0.0633476391576967,0.0755140040526319,0.401533296966904,-0.211352367429267,0.0846570891138736,6,4.9938772190631e-07,0.00123781486958661,0.748156974278909
"Astro-4","ARFGEF1",0.054969863466273,0.0492502461556542,0.264364874076345,-0.0415588452285414,0.151498572161087,6,0,0,0.632252746179672
"Astro-4","SUPT6H",-0.0665489366114928,0.0677620394490446,0.326051765571824,-0.199360093450603,0.0662622202276169,6,0,0,0.688582479864142
"Astro-4","HPS1",-0.06592537589095,0.0998368076745286,0.509041203945831,-0.261601923264478,0.129751171482578,5,0,0,0.814883221025062
"Astro-4","FTCDNL1",0.0558100971378656,0.0787646237967228,0.478592559263789,-0.0985657287595577,0.210185923035289,6,3.3925578135161e-06,0.00793030740545984,0.795800174314218
"Astro-4","PEBP1",-0.0784975073307671,0.0936219396099179,0.401776866250219,-0.26199313712899,0.104998122467456,6,0.0108184655152619,21.041181341726,0.748156974278909
"Astro-4","RBBP6",0.126423149676,0.0557805558066385,0.0234246029454342,0.0170952692573626,0.235751030094638,6,0,0,0.192688526036087
"Astro-4","HSDL2",0.117914991280743,0.0701238639291208,0.0926610926499548,-0.0195252564771207,0.255355239038608,5,0,0,0.391812103193139
"Astro-4","LINC00499",-0.408827956460504,0.141947479574066,0.00397504457220275,-0.687039904121907,-0.130616008799101,6,0,0,0.0714200442545113
"Astro-4","CDK10",-0.209554399920724,0.0914735317755513,0.0219706614773225,-0.388839227739484,-0.0302695721019629,5,0,0,0.186052330215714
"Astro-4","SLC35B4",-0.0275588782964923,0.0799686263632411,0.730379219224474,-0.184294505861585,0.129176749268601,5,0,0,0.916876877822127
"Astro-4","ITPK1",-0.0108574402900655,0.0780433659932385,0.889354846154598,-0.163819626869091,0.14210474628896,6,0.00279155036245338,7.01891534690029,0.973135147503209
"Astro-4","POT1-AS1",-0.170440602145859,0.0873664991522518,0.0510726212072259,-0.341675793939621,0.000794589647903993,5,0,0,0.291570180932342
"Astro-4","PSMD4",-0.0306796898724467,0.0996538608911077,0.758186937587144,-0.225997668139382,0.164638288394489,5,0,0,0.93055803678421
"Astro-4","DEPTOR",-0.0372256399985701,0.112305328217994,0.7402908909153,-0.257340038577788,0.182888758580648,5,5.93272468985618e-07,0.000824885858361591,0.920644090660148
"Astro-4","BID",-0.122496470980529,0.116301806990535,0.292220153099608,-0.350443824018906,0.105450882057849,5,0,0,0.662559765973457
"Astro-4","WIPF1",0.260455108036399,0.0932488752212555,0.00522026519556767,0.0776906710038689,0.443219545068929,6,0,0,0.0841094055993823
"Astro-4","PPP6R1",-0.14437749336214,0.105062878218715,0.169379346373072,-0.350296950782939,0.0615419640586579,5,0,0,0.51441038695325
"Astro-4","SLC16A2",0.137107433665882,0.0871758603649821,0.11577246779967,-0.0337541129707757,0.307968980302539,6,3.90289088795538e-07,0.000730543930475205,0.438218447069851
"Astro-4","DIS3L2",0.0688397777987463,0.0475631605641534,0.147803410547595,-0.0243823038978901,0.162061859495383,6,0,0,0.487795908405415
"Astro-4","UBE2J2",0.17239133948309,0.0894854991616241,0.0540454216375898,-0.00299701601228275,0.347779694978462,5,0,0,0.299348119923852
"Astro-4","TLK2",0.123833278228374,0.0597247882438629,0.0381352210886611,0.00677484428612121,0.240891712170626,6,6.54618871817618e-07,0.00258916836989877,0.252451628116218
"Astro-4","ABHD3",0.258548343644434,0.102302154436626,0.0114942922768833,0.0580398054077927,0.459056881881075,6,0,0,0.132875720288978
"Astro-4","PUM3",0.0508112507669533,0.0791668891859422,0.520987126162232,-0.104353000805567,0.205975502339474,6,0.00822036783517224,22.6712880208518,0.819626957381926
"Astro-4","GFOD1",-0.212800921124303,0.0723947744187736,0.00328793828979906,-0.354692071654001,-0.0709097705946057,6,5.91146785612062e-07,0.00153771077221197,0.0636674066043894
"Astro-4","ANO4",-0.466888315255185,0.130605561237561,0.00035050028400156,-0.722870511461446,-0.210906119048925,5,0.00898196216628212,9.92467287110507,0.0172109854359318
"Astro-4","FMR1",0.00333589402826681,0.0926107914914251,0.971265952539655,-0.178177921874675,0.184849709931208,6,0.012226335928792,25.1286019608475,0.994460940404121
"Astro-4","EPN2",-0.0714453824433758,0.0773062759620734,0.355389453209008,-0.222962899107954,0.0800721342212025,6,0.0115430587509718,36.3954277100522,0.712082609474543
"Astro-4","NEBL",0.0502307564509336,0.0426445273084975,0.238838646710446,-0.0333509812114562,0.133812494113323,6,0,0,0.603636461130245
"Astro-4","MCM9",-0.121876081823425,0.0787475136721773,0.121698962428861,-0.276218372492968,0.0324662088461185,6,0,0,0.448878117319867
"Astro-4","PCTP",0.203001853859908,0.123091380630035,0.0991074184713551,-0.0382528189822713,0.444256526702088,5,0.0124320717383356,16.002621679245,0.404880119439448
"Astro-4","NBPF15",0.119307924661829,0.103672662528115,0.249808870280586,-0.0838867600746512,0.322502609398309,6,0,0,0.61656396270789
"Astro-4","GORASP1",-0.250100003659574,0.0977702464541321,0.0105264595098886,-0.441726165469278,-0.0584738418498703,5,0,0,0.126642118596941
"Astro-4","MORC3",0.101921980937324,0.0602232402329382,0.090569197142979,-0.016113400951538,0.219957362826187,6,0,0,0.387080559307474
"Astro-4","PARP4",0.273805806503066,0.0896521150167565,0.00225742847838903,0.098090889932381,0.449520723073752,6,0.00450411752373281,8.65912596793643,0.0518175927380434
"Astro-4","CEP89",0.148736664300391,0.0768959313481996,0.0530812643022949,-0.00197659169974437,0.299449920300527,5,8.54808916312931e-06,0.0248835769552882,0.296167197607149
"Astro-4","XRCC6",-0.0641533427816267,0.0881888158933891,0.466947635473305,-0.237000245771903,0.108693560208649,5,0.00188881976234746,4.36018315653418,0.791333535512005
"Astro-4","TTC14",0.0155079625168478,0.0589916296250581,0.792639897984334,-0.100113506937592,0.131129431971288,6,0.00334841869449691,15.7903835334292,0.941067340022289
"Astro-4","SGSM2",-0.128590053106813,0.0617829209406413,0.0374045900484677,-0.249682353010155,-0.00749775320347035,6,2.33114299013834e-06,0.00818111502591639,0.250065937386451
"Astro-4","SRP9",0.0164055071846622,0.140493836134573,0.907042081051989,-0.258957351688972,0.291768366058297,6,0.0509776795190772,52.6483835730386,0.976392362208728
"Astro-4","HM13",0.0147412193947679,0.0979448175558565,0.880365927325926,-0.177227095487057,0.206709534276593,6,0.0132435960514377,24.051133774467,0.968296152850223
"Astro-4","TRAPPC10",0.116295249304583,0.0697803788267649,0.0955960506265851,-0.0204717800234379,0.253062278632603,6,0,0,0.398280418400006
"Astro-4","SMAD5",0.0857569138700036,0.0707506584736589,0.225473883385235,-0.0529118286208614,0.224425656360869,6,0,0,0.586111484759075
"Astro-4","SBF2",0.0703661919916592,0.0426016866555932,0.0985910015931066,-0.0131315795339641,0.153863963517283,6,0,0,0.40447268364925
"Astro-4","CLUAP1",-0.105268377759551,0.0778452335924653,0.176286477669143,-0.25784223196889,0.0473054764497885,6,8.00926868851758e-06,0.0179965614535586,0.521573655735583
"Astro-4","JAM3",0.0306269853445982,0.0819503605071823,0.708608134930628,-0.129992769769553,0.191246740458749,5,0,0,0.910261566244448
"Astro-4","NAF1",-0.00910539240946951,0.124799722061626,0.94183791812445,-0.253708352930865,0.235497568111926,5,0.0263353440003311,36.0038712348476,0.988427027441211
"Astro-4","DDR1",0.105944791421091,0.0741327000911952,0.152968710768726,-0.0393526308343604,0.251242213676543,5,0,0,0.495860596490177
"Astro-4","TIMP3",-0.125467551147488,0.123221325385692,0.308569047368861,-0.366976911030735,0.116041808735759,6,0.0323290494138313,40.0342127960568,0.676439323505661
"Astro-4","NUP153",0.0768746947470271,0.0627446588332219,0.220500242236439,-0.0461025767883408,0.199851966282395,6,0,0,0.582103587769662
"Astro-4","ID2",-0.267605833744689,0.118243869843197,0.0236252874375187,-0.499359560029997,-0.0358521074593804,6,0,0,0.19367073407661
"Astro-4","PCNX2",0.0286987877833022,0.098526531491017,0.770837339930423,-0.164409665460743,0.221807241027347,6,0.02178647906858,43.3117373322266,0.932723427270706
"Astro-4","SAMD12",-0.091673709991821,0.167253092974279,0.583613840870272,-0.419483748524337,0.236136328540694,6,0.0890481543055055,65.8318373410654,0.849826392650873
"Astro-4","BRCA1",0.139389931189781,0.09164822778177,0.128279069260079,-0.0402372945094111,0.319017156888974,5,1.12026829871464e-06,0.0022961992727561,0.458247401110889
"Astro-4","TMX3",0.0941417513259622,0.074528600035719,0.206530696920175,-0.0519316205622376,0.240215123214162,5,0,0,0.562515533212113
"Astro-4","ASTN1",-0.149262809689553,0.0548130207112647,0.00646672181729532,-0.25669435616748,-0.0418312632116265,6,3.12560989349774e-06,0.0145757211273304,0.0954456733025105
"Astro-4","ZC3H3",-0.102236261499225,0.0951873388371567,0.282798858931039,-0.288800017404263,0.0843274944058127,5,3.78701581164011e-06,0.0074316221868307,0.652912944602601
"Astro-4","TATDN1",0.0533830126880321,0.071298885084877,0.454025044206834,-0.0863602342161868,0.193126259592251,6,0,0,0.781804789236358
"Astro-4","USP45",0.0852854150447323,0.0839265381961665,0.309538315029372,-0.0792075771668793,0.249778407256344,6,0.00795309731907374,19.0666633729338,0.677143105918301
"Astro-4","BBS7",0.00911794243262726,0.108611682098525,0.933096246191824,-0.203757042780795,0.22199292764605,5,0.00720983430427421,11.6461664300014,0.987295453105121
"Astro-4","IQGAP1",0.054464409373031,0.0765370675696417,0.476707391540363,-0.0955454865457752,0.204474305291837,6,7.98366806055865e-06,0.0192519739307706,0.794076173404533
"Astro-4","CLASP2",-0.103964571358932,0.0476725510816692,0.0291977904522866,-0.19740105453015,-0.0105280881877142,6,0.000958530317573566,6.30287838822627,0.220022163368879
"Astro-4","MEIS2",0.0643492272170751,0.0438158195833848,0.141933172597242,-0.0215282011194639,0.150226655553614,6,0,0,0.480321554353244
"Astro-4","RABGAP1",0.070787437708428,0.0450960141742855,0.116483763765091,-0.0175991259194792,0.159174001336335,6,0,0,0.439200249661892
"Astro-4","C2CD3",0.0631232363926183,0.064572803589841,0.328296230118519,-0.0634371330242487,0.189683605809485,6,0,0,0.689786011716339
"Astro-4","MARK1",0.0641226794347734,0.0556094886490821,0.248873931573741,-0.0448699155161164,0.173115274385663,6,0,0,0.615070327042767
"Astro-4","TYW5",0.137355042435036,0.0967537203927036,0.155713745867507,-0.0522787649049216,0.326988849774994,5,1.71371223731031e-06,0.00327501938412068,0.497647147105025
"Astro-4","FRMPD4",-0.0785193835855719,0.130771356813482,0.54821797816132,-0.334826533149432,0.177787765978289,6,0.0342946569565522,39.0688856376442,0.833620990177375
"Astro-4","CHST9",0.174447028441341,0.158341735946209,0.270586794374862,-0.13589707126278,0.484791128145461,6,0.0227320921740435,14.7530836335785,0.640450855425822
"Astro-4","PRPSAP2",0.0917348358037162,0.0735103075326856,0.212061088857145,-0.052342719452811,0.235812391060243,6,0,0,0.568619375227161
"Astro-4","RASAL2",-0.0562425101302723,0.130388834016716,0.666217877557242,-0.311799928789206,0.199314908528662,6,0.0530256796184051,65.9841727155925,0.892567099014846
"Astro-4","FEZ2",0.143998377942329,0.0801123099519611,0.0722632063542515,-0.0130188642818244,0.301015620166482,6,0.00574080312294434,14.3552887589756,0.342375741079901
"Astro-4","RCOR1",0.0540144872498224,0.0686500094983071,0.431393326611781,-0.0805370589051921,0.188566033404837,6,0,0,0.770022990180898
"Astro-4","DCAKD",-0.0713246964039291,0.0776277963255055,0.358198324780651,-0.223472381401131,0.0808229885932724,5,0,0,0.713783017129484
"Astro-4","FRS2",-0.159034275707768,0.112132301715266,0.156110920776335,-0.378809548573269,0.0607409971577325,6,0.039547172978075,63.654067579655,0.497647147105025
"Astro-4","ULK4",0.232359390600322,0.231506100196288,0.315530072792788,-0.221384227985724,0.686103009186369,6,0.262885269786979,91.320241135704,0.680855176020301
"Astro-4","PRKRA",0.127254401547152,0.0827619030108547,0.124147335866746,-0.0349559476461206,0.289464750740424,6,0,0,0.450734582251186
"Astro-4","SCAP",-0.113268239437502,0.0759904308633584,0.136077250433646,-0.262206747099365,0.0356702682243617,6,1.86974081924365e-06,0.00466336534600236,0.46992624194708
"Astro-4","LAMA1",-0.0467624888096343,0.109759641621245,0.67007543909544,-0.261887433343298,0.16836245572403,6,0.0286377880476527,46.6480841313739,0.893390213210669
"Astro-4","KLHL2",0.0121487065735153,0.0990788314046221,0.902410731642685,-0.18204223460986,0.206339647756891,6,0.0158287150874082,29.0539900052044,0.975721957354426
"Astro-4","USP14",-0.0217904758299359,0.0728464730784319,0.764841796042644,-0.164566939464429,0.120985987804557,6,0.00409934708516134,12.2440241070626,0.930620130263641
"Astro-4","CDC37L1",0.153929421338146,0.124430718657354,0.216061358067072,-0.0899503058007037,0.397809148476995,5,0.0171134912535409,22.1241773094671,0.574550699981669
"Astro-4","CYP4V2",-0.15558238811446,0.112410780954113,0.166342473266374,-0.375903470258543,0.0647386940296238,5,0.0216252499202171,37.0817968943318,0.512126924105942
"Astro-4","ANKRD10",0.0363195940534653,0.0617683512204199,0.556534427738658,-0.0847441497229784,0.157383337829909,6,0.000790290669497998,3.08382956852257,0.838019334182569
"Astro-4","CCZ1B",-0.0913680130378878,0.118990185646149,0.442569319662042,-0.324584491418074,0.141848465342298,5,0.00840714016626014,11.3559062962754,0.774513785967693
"Astro-4","WARS2",0.101463542671349,0.0976901720442022,0.298978756364059,-0.0900056761788093,0.292932761521506,5,0,0,0.667738225551382
"Astro-4","IPO9",-0.056908226007983,0.0608241129247054,0.349469131894822,-0.176121296732003,0.0623048447160368,6,0,0,0.706178467780067
"Astro-4","ARID4A",-0.070469922651445,0.0575063886271881,0.220414108321656,-0.183180373241697,0.0422405279388073,6,0,0,0.582103587769662
"Astro-4","ZC3H4",0.135223724457747,0.139311122976198,0.331717653299993,-0.137821059221431,0.408268508136925,5,0.0398357363424117,45.2607946892712,0.692097477880131
"Astro-4","LSM6",0.196496264646865,0.108232937934621,0.0694480055971669,-0.0156363956459504,0.408628924939681,5,0,0,0.335495086387503
"Astro-4","IGDCC4",0.283720835611664,0.107635079224802,0.00839017524226879,0.072759956857937,0.494681714365392,6,0,0,0.110713942543281
"Astro-4","PHKA2",-0.1908596495314,0.0769483697152352,0.0131249836057288,-0.341675682842334,-0.0400436162204669,6,0,0,0.141507878633973
"Astro-4","ERCC8",0.1199826743417,0.0825138270080848,0.145920873143797,-0.0417414548207146,0.281706803504114,6,0,0,0.485414327898841
"Astro-4","ARHGAP31",0.0194382480829398,0.0633420711461205,0.758936716090779,-0.10470993006963,0.14358642623551,6,0.0011889045375027,4.48555144679393,0.93055803678421
"Astro-4","PIK3CA",0.00237643399800058,0.0771966055937501,0.975441659079672,-0.148926132694493,0.153679000690494,6,0.00539819517933814,14.7548367006535,0.994819457848186
"Astro-4","MVB12B",-0.168641375736204,0.0618765738709392,0.00642143181365364,-0.289917232009977,-0.047365519462431,6,7.23445696946566e-07,0.00268712336233304,0.0953094037124353
"Astro-4","DIAPH1",0.206177443251687,0.0837845424890913,0.0138625585871667,0.0419627575119024,0.370392128991472,6,5.03380863792682e-07,0.00102792614181911,0.144498654586077
"Astro-4","YWHAE",-0.0830760960329762,0.0862006943961206,0.335170251320614,-0.252026352491716,0.0858741604257638,6,0.0178072899622834,47.3508242293194,0.694239978299525
"Astro-4","KDM1B",-0.0748268825802206,0.0862120272209462,0.385427080333799,-0.243799350967462,0.0941455858070207,5,0.000923730792748388,2.18330046189138,0.734022179707965
"Astro-4","MOV10",0.130512895646098,0.0793177387784117,0.0998782865802264,-0.0249470156947445,0.285972806986941,6,0,0,0.40741986654309
"Astro-4","TNK2",-0.151656775572388,0.0815209078195767,0.062837142991432,-0.311434818885768,0.00812126774099203,6,0,0,0.319866239533273
"Astro-4","ZDHHC14",0.0991608896737038,0.0703610689134339,0.158742130045352,-0.0387442713103674,0.237066050657775,6,0,0,0.50048743676883
"Astro-4","FSTL3",0.0635522606459391,0.142890588864422,0.656491978189017,-0.216508147258048,0.343612668549926,5,0.0271007578724792,27.0515503234888,0.885716927708922
"Astro-4","SDHB",0.102904895967178,0.0796290641594123,0.196252157517426,-0.0531652019078991,0.258974993842255,5,0,0,0.548301424225158
"Astro-4","ZNF432",-0.188655888619701,0.14940626829182,0.206695585556756,-0.481486793536197,0.104175016296795,5,0.0466811176438429,45.3200276748629,0.562515533212113
"Astro-4","NACC2",0.101932960982069,0.0727995771950095,0.161457576981969,-0.0407515884098929,0.244617510374031,6,0.00216760755154862,5.87990467164041,0.505376094828376
"Astro-4","ZNF438",0.0601724231140794,0.0899370590317299,0.503463343929487,-0.116100973463564,0.236445819691723,6,0.0218219290638297,54.2490706013264,0.811903390771438
"Astro-4","U2SURP",-0.0200043636160424,0.0502192534620124,0.690379194696174,-0.118432291732075,0.0784235644999902,6,2.68777602262891e-06,0.0149509500233029,0.902174372725159
"Astro-4","GLYR1",0.0646521671670361,0.0631970680417512,0.306296125646552,-0.0592118101233234,0.188516144457396,6,2.62970987217736e-06,0.00924771142454413,0.674048927591243
"Astro-4","CMTM4",0.00160437740119013,0.0829938960177335,0.98457683883953,-0.16106066973023,0.16426942453261,6,0.0109858395525827,29.0121922556831,0.997792489645061
"Astro-4","MYO1D",-0.0443703796880434,0.117172655229314,0.704929065202776,-0.274024563910428,0.185283804534341,5,0.00979887690612203,13.5891668832826,0.909167072995883
"Astro-4","MYLK-AS1",0.0439431461155842,0.181027133022684,0.8082041657939,-0.310863514833419,0.398749807064587,5,0.0878063150081436,60.875056025561,0.946486096390712
"Astro-4","SOS2",0.0358343010203181,0.0600495897682835,0.550677548179295,-0.0818607322119224,0.153529334252559,6,0,0,0.835921777995894
"Astro-4","MED27",0.140367154145627,0.0652608494426561,0.0314870053564677,0.01245823963753,0.268276068653724,6,1.33248420443623e-07,0.00043763697546466,0.226590280971049
"Astro-4","PCDH9-AS2",-0.149883390955668,0.185237149936911,0.418432748729135,-0.512941533430859,0.213174751519523,6,0.0817379316945179,47.2885817585784,0.76180948877117
"Astro-4","EDA",0.184725476379869,0.0942982562614375,0.0501187577954443,-9.57096974770755e-05,0.369546662457215,6,0,0,0.288764404091473
"Astro-4","ZNF790",-0.049625381670081,0.107873164324522,0.645491427613469,-0.261052898644516,0.161802135304354,6,0.00723649487569637,9.79822111595928,0.88140559756032
"Astro-4","CUL5",0.0130537912959716,0.0620961785060601,0.833496817051094,-0.108652482153476,0.13476006474542,6,0.00271274815779456,11.0937139198245,0.955880328717664
"Astro-4","KCNN2",-0.540499061411665,0.185488751300716,0.00356923336659028,-0.904050333498376,-0.176947789324953,6,0.0622363044642947,32.0180003525258,0.0674572755997097
"Astro-4","HSPA4",0.0390292998732807,0.0851168099867393,0.646565900308956,-0.127796582179668,0.205855181926229,6,0,0,0.882003733138741
"Astro-4","PSMD2",-0.289310528455778,0.0963776536671646,0.00268351052958498,-0.478207258557895,-0.10041379835366,5,0,0,0.0568787029647196
"Astro-4","GDAP2",0.20229865169819,0.0829973816190834,0.0147928942503837,0.0396267729136594,0.36497053048272,5,0,0,0.151673469722546
"Astro-4","PLIN2",0.300213138243212,0.246145766424838,0.222595342853894,-0.18222369889648,0.782649975382904,5,0.200543794697854,74.6565729792708,0.583404876520139
"Astro-4","UBXN4",0.109942560303498,0.055483768785044,0.0475322562611814,0.00119637175826448,0.218688748848732,6,5.6778386964866e-06,0.0257913606162073,0.280116065335455
"Astro-4","EIF1",-0.076210870250068,0.136540126878468,0.576736967407968,-0.343824601376395,0.191402860876259,6,0.0417969661584048,42.5413227064948,0.845447481476736
"Astro-4","FNBP1L",0.150736621925046,0.0627238268370457,0.0162532021916985,0.02780018035191,0.273673063498183,6,0.00174945183120167,6.74789082940909,0.15710018349623
"Astro-4","PARP14",0.184065084518279,0.125149952003852,0.141357025462546,-0.0612243140761874,0.429354483112745,6,0.00573744404708883,5.609124383525,0.479536157797109
"Astro-4","GOLGB1",-0.0269431720440451,0.0625585577976506,0.666695804438701,-0.149555692252208,0.0956693481641173,6,0.000175560096697152,0.648774660248809,0.89259772391272
"Astro-4","ZNF76",-0.158192326917239,0.0841370698652643,0.0600843747696979,-0.323097953617887,0.00671329978340926,5,0,0,0.314278722441585
"Astro-4","SDAD1",0.122113968007713,0.0932705003756778,0.190451258276719,-0.0606928535486451,0.304920789564071,5,0,0,0.539546043935394
"Astro-4","ARPP19",-0.0842077056037294,0.0713936817619088,0.2382055026582,-0.224136750580785,0.0557213393733259,5,0,0,0.603188899174357
"Astro-4","POU3F3",-0.050372007428019,0.0890556973184774,0.571649655962848,-0.224917966790335,0.124173951934297,6,0.00517051695629157,10.1440849699932,0.843676875377731
"Astro-4","CDC5L",0.12671584535282,0.0774370371432837,0.101761631315908,-0.0250579585175064,0.278489649223147,5,0,0,0.410200760330251
"Astro-4","SMARCAD1",0.08845788726005,0.0608195985998282,0.14582695234184,-0.0307463355497959,0.207662110069896,6,0,0,0.485414327898841
"Astro-4","DENND1A",-0.0274815973686981,0.0545790677030846,0.614599428247696,-0.134454604376517,0.0794914096391209,6,0.00544198787152768,34.0029049224568,0.86742689330463
"Astro-4","TMCO1",-0.0782247782283178,0.080531354658393,0.33137001940577,-0.23606333298499,0.0796137765283543,6,4.77108240431386e-06,0.0102937866543991,0.69187425305593
"Astro-4","SESN1",0.18148088749989,0.066468687113156,0.00632725816026462,0.0512046546584424,0.311757120341337,6,3.17719809466292e-06,0.0102775723222199,0.0947984569933724
"Astro-4","OARD1",-0.0419340575398638,0.0921199888195667,0.648957249940551,-0.222485917882447,0.138617802802719,6,1.63745163097237e-06,0.00280145984540345,0.883024838784661
"Astro-4","AGAP4",0.0596423209138851,0.154462692161409,0.699402111103374,-0.243098992677574,0.362383634505344,6,0.053065524598176,42.3990929596431,0.90662458887787
"Astro-4","PTGES3",0.18898562321949,0.0969353204651119,0.0512231705264945,-0.00100411372197737,0.378975360160958,6,0,0,0.291706351112779
"Astro-4","ATF2",0.124368865984477,0.0576118889543832,0.0308706443776498,0.0114516385525645,0.237286093416389,6,2.87455543186332e-07,0.00119332950718104,0.225425612294163
"Astro-4","PKNOX2",0.172666779323193,0.0970412867904419,0.0751885347809731,-0.0175306477994959,0.362864206445881,5,0,0,0.348920796069392
"Astro-4","IL7",0.176387629391476,0.278473044307695,0.52646589327954,-0.369409508116834,0.722184766899785,5,0.229563861031549,67.2052291418348,0.82289143036691
"Astro-4","ZNF782",-0.0104384299956487,0.0786985743289192,0.894479592906035,-0.164684801314979,0.143807941323681,6,0,0,0.974556705351282
"Astro-4","IFT43",0.0900421133668685,0.0604518271208627,0.136359597442462,-0.028441290589664,0.208525517323401,6,2.48164103496402e-06,0.0092975979821631,0.47049660216723
"Astro-4","SPON1",-0.0706920764773374,0.0728755269200236,0.33202723590563,-0.213525484594963,0.0721413316402879,6,8.15472948885929e-05,0.217181864531478,0.692097477880131
"Astro-4","GAB1",0.157514540906459,0.0581547144904504,0.00675793680924915,0.043533394973967,0.271495686838952,6,2.59783641245776e-06,0.0111219349264005,0.097264571695433
"Astro-4","STRIP2",-0.299995285494207,0.101341799887555,0.00307406993187431,-0.49862156340228,-0.101369007586134,5,3.3776836970599e-06,0.00566466350385053,0.0619578227597694
"Astro-4","PLEKHH1",-0.123281821761722,0.0834572963984049,0.139626196789254,-0.28685511694968,0.0402914734262356,5,0,0,0.476648929289315
"Astro-4","RCBTB1",0.0434328254735801,0.101651650592835,0.669181787461206,-0.155800748657425,0.242666399604585,5,0,0,0.893005356245568
"Astro-4","XPR1",-0.0113404243081015,0.071425973156799,0.87384873365602,-0.151332759256152,0.128651910639949,6,0.0086086128978855,31.1926717432027,0.966370565496954
"Astro-4","FGF13",-0.0349137438259952,0.120648895425616,0.772288274111686,-0.271381233634742,0.201553745982752,5,0,0,0.933445132373983
"Astro-4","ZMYND8",0.0820598353337618,0.0864760361538876,0.342655448646442,-0.0874300810536414,0.251549751721165,6,0.0125365070244369,30.4518250816032,0.699919244766966
"Astro-4","SORBS3",0.228168316328291,0.225098201280815,0.310755039561122,-0.213016051166853,0.669352683823435,5,0.169844431861716,77.4948070424264,0.677143105918301
"Astro-4","LINC01266",-0.125976360892669,0.101483265393363,0.214476083299984,-0.324879906097182,0.0729271843118431,6,2.74422641766684e-07,0.00038335944737916,0.571726875053447
"Astro-4","AKT3",0.113487903899931,0.04307450168057,0.00842144730896814,0.0290634319540043,0.197912375845859,6,0,0,0.110713942543281
"Astro-4","MBTPS2",0.204398573024769,0.0876054517919213,0.0196391282495293,0.032695042663243,0.376102103386294,5,0,0,0.176221941038399
"Astro-4","PCM1",0.0141755854412897,0.0396455316974826,0.720673955158518,-0.0635282288337173,0.0918793997162967,6,0,0,0.913404076970536
"Astro-4","LMCD1-AS1",0.134096578532257,0.0667339697717009,0.0444926030265845,0.00330040123433853,0.264892755830175,6,0.00487554078843848,18.306522318091,0.272442374138122
"Astro-4","PGM3",0.208483478252793,0.0968958815233107,0.0314270014026511,0.0185710402168443,0.398395916288742,5,0,0,0.22645683596475
"Astro-4","ITPR2",-0.0246721813423864,0.0762686398850399,0.746323792161039,-0.17415596866692,0.124811605982147,6,0.0118243326985927,39.053409669664,0.923867492375805
"Astro-4","EVA1C",0.146501722689579,0.0996599076399092,0.141557247004597,-0.0488281069872312,0.341831552366389,5,0,0,0.479643724031706
"Astro-4","EML1",-0.0566952615534321,0.126905753163692,0.655054914252979,-0.305425967185198,0.192035444078334,5,0.0287836643328658,38.8591174115017,0.884745287252664
"Astro-4","TMEM178B",-0.233834795363713,0.0747233503250478,0.00175199247697892,-0.380289870804976,-0.0873797199224501,6,0.00839389737812986,26.1813001423877,0.044177781990602
"Astro-4","TPD52L2",-0.048716731778942,0.0746362643560284,0.513935516472624,-0.195001121857368,0.0975676582994842,6,0,0,0.815784885490692
"Astro-4","PI4KB",0.0486575512824237,0.150832476880166,0.747003244304723,-0.246968671101671,0.344283773666518,6,0.065796250114231,58.6385414359937,0.923867492375805
"Astro-4","MYO9B",-0.0194421694471063,0.0734244184521335,0.791170006063007,-0.163351385199086,0.124467046304874,6,0.00148998393861771,4.00935192454934,0.941067340022289
"Astro-4","FLOT1",0.0931504507497831,0.0874915460766035,0.28702101472809,-0.0783298285120863,0.264630730011653,5,3.01549564715647e-06,0.00701152138451454,0.657871918776679
"Astro-4","HDGF",0.00838531733243561,0.101927646875157,0.934434117839978,-0.191389199571788,0.208159834236659,5,0,0,0.987592715100999
"Astro-4","KMT2C",0.0384665021957454,0.034578880140729,0.265954323932844,-0.0293068575058108,0.106239861897302,6,0,0,0.633511782521236
"Astro-4","TRO",-0.0152410583601702,0.106754595988739,0.886474015616815,-0.224476221682222,0.193994104961882,5,1.75783082587902e-06,0.00265250799211197,0.971687953702397
"Astro-4","PHF3",0.0358058864387657,0.0555698441333046,0.519354830220056,-0.0731090066890157,0.144720779566547,6,0,0,0.818822871362835
"Astro-4","INPP5F",0.133422919413744,0.0686366287076362,0.0519072004599169,-0.00110240087347116,0.267948239700959,6,0,0,0.292511007795269
"Astro-4","TFG",0.118644293614341,0.0655894344624218,0.0704675695105035,-0.00990863569835634,0.247197222927038,6,0,0,0.338517031368839
"Astro-4","RAB7A",0.0851305572989107,0.0912031495928927,0.35060477984734,-0.0936243311797778,0.263885445777599,6,0.012243214172576,25.64675307326,0.707535528048062
"Astro-4","UBE2N",0.0820480298647823,0.0810076633576886,0.311135245979718,-0.0767240727880325,0.240820132517597,5,1.3034876412324e-06,0.00339236211357043,0.677143105918301
"Astro-4","UTP23",0.101645505706214,0.084179778483884,0.227246854556069,-0.0633438283487582,0.266634839761187,5,3.06942234446212e-06,0.00734719144050031,0.588257023500118
"Astro-4","CACNA1C",0.20572006628692,0.0678240943271446,0.00242022192327949,0.0727872841216691,0.338652848452171,6,0,0,0.0537367973372055
"Astro-4","PRKCE",0.18983123260877,0.0571989163015626,0.000904081587393636,0.0777234167029868,0.301939048514554,6,1.75343564203638e-06,0.00767029557418786,0.0299278401839033
"Astro-4","UBAP2L",0.0541074172522016,0.0764254656124971,0.478959984399485,-0.0956837428499971,0.2038985773544,6,1.08093296407932e-06,0.00257975964041985,0.795800174314218
"Astro-4","MXD1",-0.152492457564766,0.251227376261606,0.543857674172242,-0.644889066968006,0.339904151838474,6,0.258987655243705,74.5718590189751,0.830458657067035
"Astro-4","RBSN",0.0588652261527132,0.0805038237310312,0.464650701817217,-0.0989193689778689,0.216649821283295,6,8.89915717611665e-07,0.00191690840988892,0.789400352511863
"Astro-4","MLLT10",0.0164035992489856,0.0439187805838472,0.708777451709564,-0.0696756289402718,0.102482827438243,6,0.00056513914987159,4.30834208724399,0.910261566244448
"Astro-4","DYNC1LI1",0.0620409382216374,0.0944869077164426,0.511432467744573,-0.12314999791315,0.247231874356425,6,0.00737609749075632,13.2801857670105,0.815080843381683
"Astro-4","SPRED1",0.182820455904893,0.0780736733785923,0.019199211070118,0.029798867942108,0.335842043867677,6,2.02240012272251e-06,0.00442571762124839,0.173615592790175
"Astro-4","JUND",-0.357762783136294,0.109953967914275,0.00113892242906908,-0.573268600205545,-0.142256966067042,6,0,0,0.0356232556495059
"Astro-4","ANKS6",-0.140309677282993,0.0843380859880248,0.0961809224877215,-0.305609288344564,0.0249899337785776,5,3.99532070280939e-07,0.000963293667866262,0.399194679808461
"Astro-4","SMOC1",0.210468611659026,0.13006683523873,0.105628681352378,-0.0444577009919901,0.465394924310042,5,0,0,0.419597174126877
"Astro-4","ENOSF1",-0.0437260099939479,0.146727293032004,0.765696522770746,-0.33130621988573,0.243854199897834,6,0.058491275473973,54.7846634800969,0.930620130263641
"Astro-4","ZEB2",-0.0581154647515025,0.0579632944555553,0.316041690255822,-0.171721434309681,0.055490504806676,6,0.00122816332844431,5.42354919868175,0.680954521568955
"Astro-4","CNOT1",-0.0133416530084764,0.0696720924355546,0.848140094981144,-0.149896444909709,0.123213138892756,6,0.00354743289002849,11.5739601500176,0.960204024047555
"Astro-4","TNS2",0.292770816667929,0.107647526937808,0.00653377945209902,0.0817855408450203,0.503756092490837,5,6.59981691384634e-06,0.0100362027772038,0.0959341488370022
"Astro-4","POU6F1",-0.0275457800578131,0.0937630677694775,0.768925480770248,-0.211318015965977,0.156226455850351,5,0.0105155146858024,24.2787217710095,0.931648397508229
"Astro-4","LRRN3",-0.167501968487311,0.0996257450330767,0.0927023129405228,-0.362764840685112,0.0277609037104891,5,4.26789918718126e-06,0.00746479247460757,0.391812103193139
"Astro-4","YIPF6",-0.0267551422495655,0.101032949708141,0.791151205709422,-0.224776084929368,0.171265800430237,5,0,0,0.941067340022289
"Astro-4","ZFYVE27",-0.0620868674021674,0.10222561078153,0.543617736751594,-0.262445382831575,0.138271648027241,5,0,0,0.830458657067035
"Astro-4","KMT2B",-0.0592987587953072,0.0973523217018413,0.54244822008973,-0.250105803142273,0.131508285551659,5,0.00535528462740761,10.5504544661481,0.830426806972892
"Astro-4","UQCC1",0.106195239738783,0.0601327952937503,0.0773938310437775,-0.0116628733266875,0.224053352804253,5,0,0,0.355231180807658
"Astro-4","SLC6A8",0.18237467280975,0.089009337532732,0.0404681133448833,0.00791957695782611,0.356829768661674,5,0,0,0.257919294153737
"Astro-4","YTHDF3",-0.0368171820173423,0.0899901066491263,0.682448096591573,-0.213194550014548,0.139560185979864,6,0.00818870650258621,16.4757618138642,0.899051699131227
"Astro-4","BTBD2",0.074412939732247,0.079519724858274,0.349386654836303,-0.0814428570505044,0.230268736514998,6,2.3444178298705e-06,0.00524597945355152,0.706178467780067
"Astro-4","RCHY1",0.0866704275249532,0.131179097588669,0.508802778924441,-0.170435879273304,0.34377673432321,5,0.0350069470854347,45.6580531016793,0.814883221025062
"Astro-4","TNR",-0.0790653733222243,0.12994030880445,0.542872768112446,-0.33374369871896,0.175612952074511,6,0.0288327517757209,30.484324688164,0.830458657067035
"Astro-4","XXYLT1",0.0530816518143385,0.0841384222372163,0.528115850103851,-0.111826625486629,0.217989929115306,5,0,0,0.82289143036691
"Astro-4","PTGR1",0.00484041658096797,0.153822159156926,0.974896618325545,-0.296645475390795,0.306326308552731,6,0.0547030956336197,45.4842673171325,0.994819457848186
"Astro-4","PSTK",-0.0822591639790557,0.0982944836969872,0.402668736725831,-0.27491281190411,0.110394483945999,5,0,0,0.748524698362401
"Astro-4","SLC6A1",-0.204246349862948,0.145924365680599,0.161611354669126,-0.490252851063775,0.0817601513378798,6,0.0667485971758023,66.7472524681476,0.505567708592649
"Astro-4","REST",0.0620723850611801,0.11010126282044,0.572906985858278,-0.153722124719261,0.277866894841621,6,0.0124433609766658,16.9415720470427,0.843676875377731
"Astro-4","VPS26B",-0.0769873231854418,0.0913167837507757,0.399183892372536,-0.255964930520995,0.101990284150111,5,1.12342049070793e-08,2.41259025537592e-05,0.746692609636572
"Astro-4","SYNE2",0.372876912711231,0.145900426327529,0.0105976124936149,0.0869173317802354,0.658836493642228,5,0.0283368641159086,27.2718054852487,0.126661180394146
"Astro-4","CRTC3",0.0184308266832823,0.0661279848463935,0.78046395189089,-0.111177641985859,0.148039295352424,6,0.00215973928782565,7.56161395272554,0.937378177624084
"Astro-4","CARNMT1",-0.112296075028738,0.0888856595909263,0.206453818490621,-0.286508766569041,0.0619166165115648,5,6.23537364338067e-07,0.00132762708326101,0.562515533212113
"Astro-4","C19orf18",-0.21286962870482,0.109475693678585,0.0518416318252774,-0.427438045497386,0.0016987880877459,6,0,0,0.292511007795269
"Astro-4","PSPC1",0.0271293035217978,0.0506336948917047,0.592099924654616,-0.0721109148701332,0.126369521913729,6,0,0,0.853235075531662
"Astro-4","ZC3H13",-0.0219915846920497,0.0599131706942504,0.713576052815064,-0.139419241452381,0.0954360720682817,6,0.000892820831758132,3.63616986444605,0.911209718517162
"Astro-4","RASL12",0.203746424694847,0.119749765288575,0.0888613606910804,-0.030958802427885,0.438451651817579,6,7.05025447315031e-06,0.00710269609647469,0.383788621647188
"Astro-4","TRAK2",0.133899537600478,0.0619621884819527,0.0306962765633518,0.0124558797725685,0.255343195428388,6,5.97900028365977e-07,0.00211673501987018,0.225120292942512
"Astro-4","ALG6",-0.0270917664777368,0.0992023180776578,0.784779342249998,-0.221524737092833,0.167341204137359,5,3.28054938776308e-06,0.00594763488996619,0.938984614976887
"Astro-4","TMEM230",0.0863897117497425,0.114007828053106,0.448599189357292,-0.13706152518998,0.309840948689465,6,0.0239743818708692,34.2456976171123,0.777856753101437
"Astro-4","HMG20A",0.0687527738842779,0.070955075886618,0.332564137647246,-0.0703166193737998,0.207822167142356,5,0,0,0.692189562937947
"Astro-4","HERC1",0.0109314183237372,0.0402961283036925,0.786177889317384,-0.0680475418679053,0.0899103785153796,6,8.3651042842415e-05,0.730671399689272,0.939715672621951
"Astro-4","KLHL21",-0.181413631295251,0.0934340237816055,0.0521827801043908,-0.364540952837857,0.00171369024735477,5,5.74904245287755e-06,0.0115606635942834,0.292933104403621
"Astro-4","INSR",0.126315627229486,0.0554165574067495,0.0226442347213279,0.0177011705650601,0.234930083893911,6,1.46679006110651e-06,0.00679585668834858,0.190281246227527
"Astro-4","LINGO1",-0.0743344371357415,0.142567199348013,0.602088642951992,-0.35376101323459,0.205092138963107,5,0.0398311814923406,40.716165644062,0.860216627727905
"Astro-4","STK4",-0.164565253717847,0.0817790306273136,0.0441866343949803,-0.32484920843798,-0.00428129899771429,5,0,0,0.270872499512214
"Astro-4","DENND5B",-0.0224966795596506,0.0586551990752639,0.701318602560461,-0.137458757253195,0.0924653981338938,6,0.00494295876861632,25.4300638153395,0.906866052837415
"Astro-4","POMT2",-0.136100183562121,0.148380164971184,0.35901702801808,-0.426919962925753,0.154719595801511,5,0.0537926912181627,57.9121492986809,0.71437195156093
"Astro-4","UEVLD",0.0931812955427363,0.0859545010111385,0.278330670280067,-0.0752864307482068,0.261649021833679,5,8.82812691822997e-07,0.00207903199367961,0.648555319470209
"Astro-4","MRO",-0.0286290412682433,0.198041546341072,0.885057661486971,-0.416783339539365,0.359525257002878,6,0.109310904094964,53.9085694897521,0.970719868883903
"Astro-4","CUBN",-0.0959518207579202,0.100115764893651,0.337856706513793,-0.292175114234156,0.100271472718316,5,0,0,0.696104613722496
"Astro-4","CC2D2B",-0.318459891119322,0.0942565772961607,0.000728429452268683,-0.503199387925813,-0.133720394312831,6,6.54505698567293e-07,0.00107494409354848,0.0258355952486464
"Astro-4","MROH8",-0.00357499255263966,0.0921770362869642,0.969062615422744,-0.184238663876731,0.177088678771452,5,0,0,0.994460940404121
"Astro-4","ARNT",0.0606553769583791,0.0723470563450551,0.401809155443864,-0.0811422478654188,0.202453001782177,6,0,0,0.748156974278909
"Astro-4","MAPK10",0.0416977723272442,0.0414263253805575,0.314149859498033,-0.039496333430486,0.122891878084974,6,1.08320014588483e-06,0.00901826343861019,0.679289997061859
"Astro-4","PRDX1",-0.200203048103303,0.101907343523431,0.0494652339520225,-0.399937771169379,-0.000468325037226575,5,1.09340629485212e-06,0.00189978373802979,0.286814339539222
"Astro-4","ATXN1",0.0652520043359944,0.0403783471246157,0.106091125241597,-0.0138881017835088,0.144392110455498,6,7.30538059587517e-06,0.0625480704893498,0.420564662812881
"Astro-4","ZNF382",0.0833283339902586,0.100398621829291,0.406552987020758,-0.113449348892608,0.280106016873125,6,0.00322705454570617,4.85621063596385,0.751934119725974
"Astro-4","UHRF2",0.141495218979233,0.0792894582461906,0.0743359423524797,-0.013909263536993,0.296899701495459,6,0,0,0.346140594313081
"Astro-4","RBM23",-0.205176669656622,0.0854541956824622,0.0163497373899187,-0.372663815522086,-0.0376895237911577,5,0,0,0.157499586637982
"Astro-4","A2ML1",-0.143174559611367,0.214877329104152,0.505214026538304,-0.564326385749667,0.277977266526932,6,0.142768747798222,62.1267566920574,0.813060064929787
"Astro-4","CD99",0.298461056347234,0.102988636758414,0.00375550740657295,0.0966070374838639,0.500315075210604,6,0,0,0.0686690951168953
"Astro-4","MYRIP",0.27019114394619,0.0877529539880724,0.00207698281650303,0.0981985145925678,0.442183773299812,6,5.81176669463772e-06,0.0108729261701232,0.0486887559817147
"Astro-4","VPS54",0.0661796506451296,0.0566788196481519,0.242957749184833,-0.0449087945514893,0.177268095841748,6,0,0,0.608993834367953
"Astro-4","RAVER2",-0.189056799204783,0.0697914347648762,0.00675102353601355,-0.325845497773317,-0.0522681006362486,6,2.95825235000465e-06,0.00868964246735707,0.097264571695433
"Astro-4","TMED5",0.121436694340498,0.0961539351517334,0.206610580793231,-0.067021555528699,0.309894944209696,5,0,0,0.562515533212113
"Astro-4","CAPN2",-0.000105039806999634,0.0729425102935075,0.99885101827492,-0.143069732924217,0.142859653310217,6,0.00646064661509307,20.8222425774534,0.999399938050488
"Astro-4","NUDT5",-0.115622284934446,0.0775758768583875,0.136108259751058,-0.267668209646,0.0364236397771076,5,1.608410988733e-06,0.00471238352860313,0.46992624194708
"Astro-4","C6orf89",0.0344382372294117,0.0632387726024126,0.586046041667448,-0.0895074794978354,0.158383953956659,6,0,0,0.850962227680389
"Astro-4","RPL35",-0.182315425550138,0.149071098146383,0.22132596541865,-0.474489409052885,0.109858557952609,5,0.0415580892667928,40.9371344609192,0.582771816892108
"Astro-4","ACADM",-0.0248287912867425,0.0842085410635653,0.76810934931338,-0.189874498961993,0.140216916388508,5,0.00468521540438516,12.6013681230519,0.930934161804006
"Astro-4","CLIP3",-0.161548529507262,0.0986462885201648,0.101493805775864,-0.354891702215332,0.0317946432008077,5,0,0,0.410095525298065
"Astro-4","UBE2E2",0.0264013357102696,0.0566550261425701,0.641214318907773,-0.0846404750723431,0.137443146492882,6,0,0,0.880794449479828
"Astro-4","HIRA",-0.110865097141726,0.0931002896241166,0.233726742978297,-0.293338311755243,0.0716081174717905,5,0,0,0.59751351244154
"Astro-4","NMD3",0.0739720018698705,0.0644968352262149,0.251419225742498,-0.052439472290325,0.200383476030066,6,0,0,0.6174693394809
"Astro-4","CREBZF",-0.0731073965596744,0.0653978117131422,0.263615042278794,-0.201284752185165,0.0550699590658161,6,0.00150171648600161,5.30180253327558,0.631519895143321
"Astro-4","SUCLA2",-0.126362963026019,0.079729007723965,0.112987749220889,-0.282628946688106,0.0299030206360685,5,2.24703266254257e-06,0.00609348849208269,0.433538589793599
"Astro-4","CBR1",-0.161499916348741,0.122143509267924,0.18609674133349,-0.400896795459205,0.0778969627617236,6,1.95697250290024e-08,1.97576641693725e-05,0.533937401990279
"Astro-4","DOCK7",0.0502296875236797,0.04343595125694,0.247514254362886,-0.03490321257416,0.135362587621519,6,0,0,0.614524701153615
"Astro-4","MITF",0.0503101373882048,0.091310387483368,0.581647834603726,-0.128654933493593,0.229275208270003,6,0.00904553059559583,18.0804872148463,0.848877826274646
"Astro-4","CCNI",0.0714645492900134,0.095558701909463,0.454544490188592,-0.115827064861933,0.25875616344196,6,0.0176300660124375,36.6339750755081,0.782206050853841
"Astro-4","IFI16",0.489561370534827,0.154352906899628,0.00151548609518209,0.187035232102492,0.792087508967162,5,0,0,0.041746088137267
"Astro-4","LTA4H",0.0616602290385991,0.131535841084125,0.639233106505288,-0.19614528216247,0.319465740239668,5,0.0330926945300804,41.9231291980093,0.880658082917113
"Astro-4","GLG1",0.0765153795032997,0.0512700414301694,0.135594470021126,-0.0239720551857087,0.177002814192308,6,2.83217146915062e-06,0.0150199890091903,0.469339033748662
"Astro-4","WDR25",0.144398370231684,0.166628788536408,0.386168245975242,-0.182188054087217,0.470984794550585,5,0.0777551602179012,63.4049141623039,0.734065697151213
"Astro-4","L3MBTL4",0.224188438810437,0.104813463984872,0.0324415108558549,0.0187578243052011,0.429619053315673,6,0.00830233672983656,12.0900784549972,0.230736675873313
"Astro-4","CREBRF",0.0698380773287102,0.0701013358794047,0.319131314050749,-0.0675580162630685,0.207234170920489,6,5.03159293500736e-07,0.00134355649979927,0.682298665243009
"Astro-4","GPBP1L1",0.0553442151401418,0.0590193316853207,0.348383032368847,-0.0603315493547104,0.171019979634994,6,0,0,0.705974459296623
"Astro-4","RRP1B",0.111152889033754,0.0909321339064715,0.221567005055628,-0.0670708184603032,0.289376596527812,5,0,0,0.582947486326512
"Astro-4","EEF1A1",-0.196338147374292,0.0865412287847855,0.0232851259747868,-0.365955838970312,-0.026720455778271,5,0,0,0.192149546078076
"Astro-4","PSMC6",0.00687501255414874,0.125816506235241,0.956422746599286,-0.239720808327582,0.25347083343588,6,0.0392241357267969,49.6008701387581,0.992020706784144
"Astro-4","EFHC2",-0.145052416456587,0.0953636017036618,0.12824831640396,-0.331961641231787,0.0418568083186124,5,0,0,0.458247401110889
"Astro-4","MEGF10",-0.0896503133571511,0.0636672780364333,0.159099511889367,-0.214435885302258,0.0351352585879562,6,2.01218418783787e-07,0.000719323154940691,0.500865437429235
"Astro-4","NDUFS1",0.000357738050525473,0.0687772691605741,0.995849902391182,-0.134443232459217,0.135158708560268,5,0.00489788369264695,20.5750494319883,0.998372512258354
"Astro-4","IRF2BP2",0.0827196869809412,0.119814423193144,0.489943677861199,-0.152112267306061,0.317551641267944,6,0.0265117393767722,34.2665156676819,0.802810887646315
"Astro-4","CDH20",0.0526579790763848,0.0638049696454961,0.409203625838413,-0.072397463463459,0.177713421616229,6,0.00406976376056332,16.4772856781013,0.753652801939768
"Astro-4","JMJD1C",0.0269334323908903,0.0464027446386688,0.561626316351221,-0.0640142758847095,0.11788114066649,6,0.00140179470354893,10.2059436003108,0.842292413634531
"Astro-4","KLHDC2",-0.109519717336208,0.0783706905999187,0.162276007865462,-0.263123448355581,0.0440840136831643,6,0,0,0.50706610695718
"Astro-4","E2F3",0.0750474441053034,0.0732058638241001,0.305289498209719,-0.0684334124470764,0.218528300657683,6,2.32994914946429e-06,0.00626399654144405,0.67340648097758
"Astro-4","EFHC1",-0.0978822552128495,0.0775682940392941,0.206990223659523,-0.249913317872079,0.0541488074463799,6,3.13143910681467e-06,0.00757393585602148,0.562757890307773
"Astro-4","TPT1",-0.11483494714815,0.0907002937465134,0.205480024716726,-0.292604256278519,0.0629343619822202,6,1.67988675147739e-07,0.000291861550235017,0.561962556469853
"Astro-4","BRD8",-0.0903579469507516,0.140264337002042,0.519447317699052,-0.365270995790142,0.184555101888639,6,0.0571808868360402,61.1468839585095,0.818822871362835
"Astro-4","CFAP46",0.0208626742418708,0.101190350958894,0.836656117176101,-0.177466769220529,0.219192117704271,5,0.00283044634984133,4.99196838832296,0.95743048648981
"Astro-4","CCNYL1",-0.136642386700487,0.0980376203717488,0.163385552498316,-0.328792591759125,0.0555078183581506,5,0,0,0.508207225367768
"Astro-4","EIF2B1",0.0639240260566761,0.1042849197747,0.539893013793955,-0.140470660832386,0.268318712945738,6,0,0,0.829506509519713
"Astro-4","ITCH",0.0460674361150616,0.0527344088071473,0.382350004650905,-0.057290105892959,0.149424978123082,6,5.9903760492906e-06,0.0306016992788241,0.731934917100152
"Astro-4","ATF7IP2",0.0894855076244057,0.0805287371260274,0.266471717452171,-0.0683479168631016,0.247318932111913,6,0,0,0.634191076568086
"Astro-4","ENTPD2",-0.188509614921876,0.12248312834195,0.123788191383166,-0.428572135185895,0.0515529053421442,5,0,0,0.450734582251186
"Astro-4","PHF20L1",0.09179577873246,0.0692276059398825,0.184839825342759,-0.0438878356456409,0.227479393110561,6,0.00565958539414866,20.0784640523243,0.533612645889085
"Astro-4","IMPA1",0.0684426434337872,0.0852371563152257,0.421993674689438,-0.0986191130886659,0.23550439995624,5,0,0,0.762615517900298
"Astro-4","NRBP2",-0.158545241559699,0.154356299406663,0.304355423750056,-0.46107802918364,0.143987546064243,6,0.0777065620607264,66.6300050967667,0.672215658925518
"Astro-4","FZD3",0.0801715571790783,0.0594220646537192,0.177276476787989,-0.0362935494292219,0.196636663787378,6,5.0787025844868e-07,0.0019066910351349,0.523084801844935
"Astro-4","SOX5",0.0336172058092356,0.0491876568628606,0.494323796667571,-0.0627888301258856,0.130023241744357,6,0,0,0.804920399169068
"Astro-4","ZNF131",0.0575498334076223,0.0543418284054967,0.289584383626845,-0.0489581931212068,0.164057859936451,6,4.58924006278782e-06,0.0219759649370082,0.660500796341595
"Astro-4","ENOX1",0.160082581956487,0.0725289446396687,0.0273032717289943,0.0179284626260373,0.302236701286938,6,0,0,0.213227642880612
"Astro-4","ADAM17",0.159800321177055,0.0673415613064533,0.0176451178820649,0.0278132863537104,0.2917873560004,6,0,0,0.165882330244128
"Astro-4","BRI3",-0.0317187512710054,0.106224583578239,0.765244614487916,-0.239915109357118,0.176477606815107,5,0.0189645302019878,36.3661829641626,0.930620130263641
"Astro-4","MAP3K3",0.0415109043034689,0.0971040090621635,0.669023131131956,-0.148809456212823,0.23183126481976,5,0.0149968536484811,33.982922041189,0.893005356245568
"Astro-4","PHLDB1",0.0139386971715405,0.0717169821262559,0.845896360423104,-0.126624004875824,0.154501399218905,6,0,0,0.960050601108412
"Astro-4","H6PD",0.0884232359392397,0.0895827331473644,0.323614848774159,-0.0871556946662569,0.264002166544736,6,0,0,0.68620468701853
"Astro-4","PCLO",0.219385734230058,0.0726387522551383,0.00252582849321292,0.0770163959280592,0.361755072532057,6,1.60696010037921e-06,0.00427401736302282,0.0552417117070075
"Astro-4","SEC22B",0.0471614298251698,0.095806865783001,0.622538931912777,-0.140616576581175,0.234939436231515,6,0,0,0.871873755412201
"Astro-4","MARCKS",-0.177350798631139,0.0751025261846647,0.0182036669002281,-0.324549045101058,-0.0301525521612195,6,3.08741082332634e-06,0.00751529061779754,0.169095967022187
"Astro-4","SPATS2",0.000457612537895776,0.0683456349558724,0.994657753183996,-0.133497370476136,0.134412595551927,6,0.0016238306735943,5.12635778152309,0.998372512258354
"Astro-4","NFIC",0.0695198999122517,0.0641434971885711,0.27844534312174,-0.0561990444197939,0.195238844244297,6,3.16649187280137e-07,0.00109145979362656,0.648555319470209
"Astro-4","CACNA1B",0.063508876877727,0.136373120059255,0.641430699277538,-0.20377752689777,0.330795280653224,5,0.0364011670777928,43.7523747812115,0.880794449479828
"Astro-4","UBE2Q2",0.130422502134607,0.0914189190524316,0.153681746791563,-0.0487552867137416,0.309600290982955,5,0,0,0.496692130754745
"Astro-4","CBX5",-0.0756806515454959,0.0676472716150394,0.263245127183085,-0.208266867563372,0.05690556447238,6,3.11656470246356e-06,0.00961663122273171,0.631088732142295
"Astro-4","TDRP",0.00515890014877901,0.0775087834705005,0.946932858182111,-0.146755523938915,0.157073324236473,6,6.73821217129384e-06,0.0160246570964417,0.989693676693763
"Astro-4","CSNK1G3",0.090651915505604,0.0637239808280046,0.154860426598859,-0.0342447918688058,0.215548622880014,6,5.44622700994194e-07,0.00188832239298001,0.497647147105025
"Astro-4","IFT52",0.0745264217736039,0.0883944532787341,0.399165824005938,-0.0987235230858234,0.247776366633031,6,0,0,0.746692609636572
"Astro-4","LARP4",0.0654975591685876,0.0683073243172389,0.33762634102863,-0.0683823363734976,0.199377454710673,6,1.4547004978232e-06,0.00445517761311927,0.696104613722496
"Astro-4","ZNF138",0.0223700619860366,0.0785581523972085,0.775829555345516,-0.131601087404501,0.176341211376574,6,0,0,0.934636945659779
"Astro-4","RNF34",0.122717112370734,0.0899064778899794,0.172271333951952,-0.053496346270472,0.298930571011941,5,0,0,0.51785692132392
"Astro-4","SMG7",0.0680274809992775,0.0565307434428372,0.228832622578266,-0.0427707401679573,0.178825702166512,6,0,0,0.591231140740427
"Astro-4","SERPINI1",-0.0967554133336729,0.073654193963716,0.188965927598049,-0.241114980812884,0.0476041541455378,5,0,0,0.537468212273869
"Astro-4","ATP11A",0.207273551673701,0.105887764502336,0.0502906500468467,-0.000262653154336157,0.414809756501738,6,2.93054901689053e-06,0.00369130648341853,0.289144769006186
"Astro-4","ZNF540",-0.0501406381234705,0.0991785819848528,0.613166175251053,-0.244527086851535,0.144245810604594,5,0,0,0.866343493020674
"Astro-4","KHNYN",0.10170203455465,0.139564579381791,0.46617938174088,-0.171839514551142,0.375243583660442,5,0.0336487150137132,36.6236251048338,0.790294387136777
"Astro-4","CHD6",0.0999011719484712,0.0411227480416774,0.0151263039968546,0.0193020668414684,0.180500277055474,6,0,0,0.152716954585619
"Astro-4","SHROOM3",-0.181244152626442,0.0660048238981812,0.00603409558289872,-0.310611230272785,-0.0518770749800978,6,2.16192899972935e-06,0.00712069331049928,0.0931023448412226
"Astro-4","PIN1",-0.182228657092189,0.139307185983672,0.190837136487508,-0.455265724407809,0.0908084102234316,5,0.0307924445030373,33.5277238891152,0.54007898419418
"Astro-4","CWF19L1",0.00568143159069191,0.0889996065673747,0.949100341301179,-0.168754591919597,0.180117455100981,6,0,0,0.990333490365009
"Astro-4","TTN",0.294071962981848,0.140652139077419,0.0365482465160556,0.0183988360415884,0.569745089922107,6,0,0,0.246452496877402
"Astro-4","SNX8",-0.233306998984039,0.100003148377898,0.019648327003366,-0.429309568145334,-0.0373044298227443,5,0,0,0.176221941038399
"Astro-4","ANKRD28",0.123197338912695,0.0599570693315455,0.0399022702389099,0.00568364240429466,0.240711035421095,6,0,0,0.257442558922745
"Astro-4","ERBB4",0.0522617228396338,0.0489382115629647,0.285560029664822,-0.0436554092915786,0.148178854970846,6,0,0,0.655435116470986
"Astro-4","PAG1",0.0823086230976003,0.077389313494289,0.28752546580694,-0.0693716441394857,0.233988890334686,6,0,0,0.658751717381504
"Astro-4","LRP1",-0.077373581067618,0.0549621729948788,0.159201973784948,-0.185097460649641,0.0303502985144044,6,0,0,0.500899297703565
"Astro-4","PTPRS",-0.0659647692422165,0.0747860852761793,0.377751918646403,-0.212542802928269,0.0806132644438361,6,0.00947188231066274,30.77707512446,0.726763289766344
"Astro-4","NSUN6",0.112273842366131,0.0569484369503703,0.0486667151771727,0.000656956967555092,0.223890727764707,6,4.04922933446357e-06,0.0177699100517143,0.284853683324075
"Astro-4","ABL2",0.15482366095943,0.0752070537412488,0.0395294876503171,0.00742054424321367,0.302226777675646,6,0.00727049476661212,22.0740886899856,0.256730156416209
"Astro-4","SP4",0.104197364895778,0.0990303833783506,0.292718937116789,-0.0898986199009833,0.298293349692539,6,0.00496808241593706,7.78530648314395,0.662865188446063
"Astro-4","DCLRE1C",-0.0939338367061437,0.0957579319013799,0.326616917862488,-0.281615934466887,0.0937482610545999,5,0,0,0.688675869761924
"Astro-4","NCOA3",0.0599214743336133,0.0674694248291082,0.374471990396022,-0.0723161683890714,0.192159117056298,6,6.04510413599063e-08,0.000189975503974731,0.72530709629187
"Astro-4","TECR",-0.0387537446059885,0.0856203451598793,0.650820174191675,-0.20656653746324,0.129059048251263,6,0.000270050534889205,0.528699093188819,0.883296308593225
"Astro-4","ORC4",0.0595186728907407,0.0608935591297817,0.328360531516833,-0.0598305098940917,0.178867855675573,6,0,0,0.689786011716339
"Astro-4","C19orf25",-0.05008236076399,0.101913709677469,0.623129938082638,-0.2498295612627,0.14966483973472,5,0,0,0.871984313264864
"Astro-4","EFCAB6",-0.000318003302959272,0.0764703731539248,0.996681993510038,-0.15019718056899,0.149561173963072,6,0,0,0.998372512258354
"Astro-4","ANKIB1",0.0384715397303941,0.0478581108199761,0.421473986262267,-0.0553286338448856,0.132271713305674,6,0,0,0.762615517900298
"Astro-4","SEC16A",0.0404429602193215,0.0844522881685012,0.632020221895224,-0.125080483002939,0.205966403441582,5,0,0,0.87739937778922
"Astro-4","TXNL4B",0.225487451078604,0.119071204985164,0.0582622646419681,-0.00788782228810445,0.458862724445313,5,0,0,0.309862209809571
"Astro-4","CTNNBL1",-0.026493300727774,0.108481735704467,0.807061214666599,-0.239113595688922,0.186126994233373,6,0.0213412114664609,33.7266544337294,0.946365784478168
"Astro-4","ZDHHC21",0.0754018905834053,0.0646293579086794,0.24333892684488,-0.0512693232615552,0.202073104428366,6,0.00480916680929348,19.3839497823373,0.609407252832064
"Astro-4","ATP1B3",-0.386753548801149,0.369397587092328,0.295106726075189,-1.11075951547811,0.337252417875811,6,0.629189872299452,89.4255794909701,0.664646740528594
"Astro-4","MAPKAPK2",-0.155127470060165,0.248198596756737,0.531962207291924,-0.64158778071675,0.33133284059642,5,0.208478207334964,77.5027533920877,0.824840106059658
"Astro-4","SHANK2",-0.453282828539736,0.169339312442849,0.00743350719674617,-0.785181782094496,-0.121383874984977,6,0.0862370251503567,57.2590568528553,0.103312509691164
"Astro-4","SERP2",0.0371837643263968,0.0963248571317927,0.69947845094275,-0.151609486467883,0.225977015120677,5,0,0,0.90662458887787
"Astro-4","ZFP64",-0.0114326689779611,0.101912800661303,0.910679978774013,-0.211178087837725,0.188312749881803,5,0.00597326287313734,10.8676662076415,0.977620684760939
"Astro-4","DNAH12",0.0289131993472368,0.107974945680302,0.788871030500843,-0.182713805418823,0.240540204113297,5,0,0,0.940378343211612
"Astro-4","USP33",0.0244750538897712,0.0519939728604619,0.637834505283419,-0.0774312603298872,0.12638136810943,6,0.000999518869306721,5.46036102113954,0.880658082917113
"Astro-4","EZH1",0.0250443921482085,0.0971119538856705,0.796490289860957,-0.16529153993602,0.215380324232437,6,0.020694010755178,44.1342565494988,0.941651507190595
"Astro-4","DTX3",-0.0976909176969075,0.0890405399367504,0.272575387737202,-0.272207169136939,0.0768253337431236,5,2.68634836754106e-06,0.00592428899764047,0.643390997329559
"Astro-4","ANAPC1",0.0511435859790769,0.0839679755703607,0.542468481742819,-0.113430621993569,0.215717793951723,6,0,0,0.830426806972892
"Astro-4","STOX1",0.0969271722115343,0.0666272328376639,0.145733475236743,-0.0336598045398514,0.22751414896292,6,1.44616484650615e-06,0.00470359225943337,0.485414327898841
"Astro-4","DYNLL1",-0.115718948880009,0.0748076517581833,0.121890609595193,-0.262339252094062,0.0309013543340451,6,0,0,0.448878117319867
"Astro-4","ATP11B",0.0542544012796056,0.0663154220551692,0.413284983237997,-0.0757214375680992,0.18423024012731,6,0,0,0.757250110179785
"Astro-4","CGGBP1",0.114448025647262,0.152765306775627,0.453751431676684,-0.18496647372018,0.413862525014704,6,0.0654831473803226,58.0714135558419,0.781580044092731
"Astro-4","KPNB1",-0.00741093936337069,0.0619692556511545,0.904807480475034,-0.128868448588389,0.114046569861647,6,0.00168575468210807,6.58846632380499,0.975920607047999
"Astro-4","RAPGEF5",0.0475653880702681,0.110270061142468,0.666211281053977,-0.168559960341998,0.263690736482534,5,0.00641295152408634,9.91996687301224,0.892567099014846
"Astro-4","PHACTR2",0.0778201681040991,0.07189909422401,0.279095903103375,-0.0630994670960123,0.218739803304211,6,1.04962830012699e-07,0.000289844435053314,0.648966293210146
"Astro-4","DAZAP1",-0.0973002510949406,0.0921302078030117,0.290914901280567,-0.277872140277035,0.0832716380871533,5,0.00732089666584361,16.8738050830202,0.66152256069711
"Astro-4","KLHDC1",0.0557213193769768,0.0643078501364053,0.386228239208561,-0.0703197508135767,0.18176238956753,6,0,0,0.734065697151213
"Astro-4","VSIG10",-0.105502573545358,0.0815011930653583,0.195495822522323,-0.265241976650506,0.0542368295597898,6,0,0,0.547027757488181
"Astro-4","TECPR1",-0.0538050589149969,0.0818686916257387,0.511044827778173,-0.214264745962861,0.106654628132867,6,0,0,0.815080843381683
"Astro-4","STXBP6",-0.0468865839906184,0.160508083637527,0.770199817013345,-0.361476647147715,0.267703479166478,6,0.0728160444925343,53.652130050693,0.932365115365002
"Astro-4","GOPC",0.070430894150618,0.073642809298347,0.338877650617077,-0.0739063597944935,0.214768148095729,5,0,0,0.696884469052338
"Astro-4","ZNF75D",-0.17456879164946,0.256399765593771,0.495968848888387,-0.677103097857763,0.327965514558842,6,0.272937163155621,83.197303886137,0.804920399169068
"Astro-4","XPC",-0.0150883480795759,0.0796681167938844,0.849787127647543,-0.17123498771172,0.141058291552568,6,0,0,0.960781885988591
"Astro-4","NAPA",-0.0916748002109117,0.10527908407048,0.383874913212107,-0.298018013314416,0.114668412892593,5,0,0,0.732881503078294
"Astro-4","SRGAP3",-0.0249168855599626,0.059389006958819,0.674811419884157,-0.141317200276846,0.0914834291569213,6,1.96452981505945e-06,0.00790708856583855,0.895807997801919
"Astro-4","CCDC66",0.0508613200839393,0.061037959134439,0.404690440550449,-0.0687708815093888,0.170493521677267,6,0,0,0.750164234830629
"Astro-4","SERTAD2",-0.117053539553459,0.0902207634207953,0.194489319275136,-0.293882986515927,0.059775907409008,5,0,0,0.545889343206986
"Astro-4","IFFO2",-0.212224225571547,0.454075153968276,0.640230265933015,-1.10219517362385,0.677746722480754,5,0.857552491651373,90.2892646310556,0.880794449479828
"Astro-4","PTPN11",0.121590792602924,0.0836393482276077,0.146015331515525,-0.0423393176135908,0.285520902819439,6,0.0101533957764664,25.644480316653,0.485414327898841
"Astro-4","TMEM219",-0.0994931520247777,0.0968096372152112,0.304081792056634,-0.28923655432298,0.0902502502734247,6,0,0,0.671882988759439
"Astro-4","PDCD7",0.00396315818841985,0.128387104264944,0.975374157490908,-0.247670942250258,0.255597258627098,5,0.0331669763592077,45.0281599630796,0.994819457848186
"Astro-4","KRR1",0.00664259710305794,0.116851893154151,0.954667636049618,-0.222382905004401,0.235668099210516,5,0.018661934463011,28.2801661889554,0.991141347291963
"Astro-4","SETD2",0.0312255871865945,0.0453733089634498,0.491331340667925,-0.0577044642411755,0.120155638614365,6,0,0,0.802810887646315
"Astro-4","DPY30",-0.0267457608558346,0.101987031622129,0.793131263791886,-0.226636669725356,0.173145148013687,5,0,0,0.941067340022289
"Astro-4","SEZ6L",-0.28961833263149,0.134161487475113,0.0308711750267363,-0.552570016195034,-0.0266666490679464,6,4.91788861956188e-06,0.00389022824169644,0.225425612294163
"Astro-4","EED",-0.0221835514221584,0.109317738767398,0.839191871237108,-0.236442382277617,0.1920752794333,5,0.0142210947680396,23.8760075949135,0.95812416402531
"Astro-4","CYP46A1",-0.123716578648367,0.0688396831407771,0.0723087156081603,-0.258639878311439,0.011206721014705,6,7.24791960609883e-06,0.0208546998561207,0.342375741079901
"Astro-4","ZNF429",-0.0455063726437445,0.0843763671818941,0.58966189865161,-0.210881013466584,0.119868268179095,6,0,0,0.85313791203194
"Astro-4","PFKL",-0.111513010605827,0.0768213400794198,0.146615925010054,-0.262080070405593,0.0390540491939395,5,0,0,0.48616341285748
"Astro-4","AKIRIN1",0.128614009086672,0.0830913391009706,0.121655285454287,-0.0342420229784352,0.291470041151779,5,4.4790472693443e-06,0.0114868344140374,0.448878117319867
"Astro-4","ZC3H8",0.127790823413918,0.0783734308067761,0.102987931527574,-0.0258182783122051,0.281399925140041,5,0,0,0.413313800149601
"Astro-4","NAT8L",-0.148004495138647,0.0873044715476642,0.090024552670624,-0.31911811506137,0.0231091247840771,5,0,0,0.38656769393628
"Astro-4","TDG",-0.0972553521739624,0.107115132710988,0.363903813175468,-0.307197154486727,0.112686450138802,5,0,0,0.717058973167819
"Astro-4","CCNL2",-0.098044470511365,0.0538768211315312,0.0687910754867476,-0.203641099530673,0.00755215850794271,6,0,0,0.333691700096461
"Astro-4","MTMR14",0.160537643987827,0.165006966829275,0.330595878016943,-0.162870068195748,0.483945356171402,5,0.0708931156958979,60.1776688405565,0.690786031265701
"Astro-4","ABHD12",-0.0936404176796503,0.071405318037918,0.189725100877633,-0.233592269338598,0.0463114339792973,5,0,0,0.538355376004047
"Astro-4","PLEKHH2",0.144026171293256,0.0963353233531617,0.134901268611826,-0.0447875929179614,0.332839935504473,6,4.35880534696587e-06,0.00682652590413409,0.467883722545297
"Astro-4","MAPK8",-0.0163858796406299,0.0970240597254315,0.865887330544165,-0.206549542336339,0.173777783055079,6,0.0280276038465927,60.9912925799525,0.964767735772626
"Astro-4","RNLS",0.094875996031694,0.163820412747072,0.562490419616062,-0.226206112885054,0.415958104948442,6,0.0785370176147892,57.290926963282,0.842292413634531
"Astro-4","ANKRD23",0.00284403341891147,0.0930965761781718,0.975628991549276,-0.179621902974295,0.185309969812118,6,0,0,0.994819457848186
"Astro-4","EPB41L4A",0.0629898148229343,0.104897494180839,0.548180240778326,-0.142605495840009,0.268585125485878,6,0,0,0.833620990177375
"Astro-4","DNAH6",0.0471102142946052,0.099393537935246,0.635516571529051,-0.147697540354492,0.241917968943703,6,1.43834834420563e-07,0.000209834862080935,0.879450598857785
"Astro-4","CNOT2",0.111757443453705,0.0509453629065629,0.0282589595911037,0.0119063669775193,0.211608519929891,6,0,0,0.216992673881313
"Astro-4","DLEU2",0.167832461948873,0.0846791882236529,0.0474814732194871,0.0018643027904251,0.333800621107321,6,0.0153530886432881,40.8165815103451,0.280116065335455
"Astro-4","FBXO38",0.033139500285898,0.0764795719733057,0.664788273471012,-0.11675770633482,0.183036706906616,5,8.24794704669344e-08,0.000242231787977736,0.891957083093553
"Astro-4","SPG11",0.0616521374170173,0.0517872622476666,0.233854468069725,-0.0398490314463401,0.163153306280375,6,0,0,0.59751351244154
"Astro-4","PTCH1",-0.134764144910181,0.100340487097092,0.179249802608961,-0.331427885811687,0.0618995959913246,6,0.00542959787686528,8.0634563158166,0.525248080391708
"Astro-4","OSGEP",-0.104490472644561,0.0869173361877303,0.229292952169539,-0.274845321204672,0.0658643759155503,5,0,0,0.591311664187924
"Astro-4","CCDC91",0.0782424177215672,0.0508926960376344,0.124195449704876,-0.0215054335883405,0.177990269031475,6,0,0,0.450734582251186
"Astro-4","NRDC",0.0647146565083643,0.0479751259423614,0.177362331200443,-0.0293148624924371,0.158744175509166,5,0,0,0.523084801844935
"Astro-4","MYBPC1",0.0575752367742965,0.156046413068933,0.712155857489117,-0.248270112757473,0.363420586306066,6,0.0456260545536187,34.9860269074811,0.910966836182659
"Astro-4","VPS52",-0.123463551609171,0.0903618612729044,0.171837388972558,-0.300569545280068,0.0536424420617265,5,0,0,0.517692122762333
"Astro-4","C2orf76",0.216562834466972,0.0843650513395494,0.0102590510715392,0.051210372287583,0.381915296646362,6,5.35516941729306e-06,0.0107186049685759,0.125357800789143
"Astro-4","LYRM2",0.0811228616941414,0.0805758728950111,0.314036425230919,-0.0768029472029574,0.23904867059124,5,1.35256742562145e-06,0.00357485936878032,0.679289997061859
"Astro-4","CAPN1",0.077179433596699,0.133743664476228,0.563892284762153,-0.184953331937118,0.339312199130516,5,0.0301466261421221,36.0526745711583,0.842859171753876
"Astro-4","TBCK",0.064905347142191,0.0471079918866659,0.168265335013238,-0.0274246203396792,0.157235314624061,6,2.43601941789734e-06,0.0153364877148673,0.51441038695325
"Astro-4","NR3C1",-0.046148250232022,0.0550844487051132,0.402158344284672,-0.154111785802288,0.0618152853382439,6,7.04100055800105e-06,0.030462451674648,0.748156974278909
"Astro-4","BTRC",0.0804131762859306,0.0532528175908543,0.13103661199167,-0.0239604282674249,0.184786780839286,6,0.0013686482041969,7.28167012032354,0.461325873690974
"Astro-4","EID1",-0.152462658499798,0.0951721158643071,0.109162745413782,-0.338996577926313,0.0340712609267168,5,3.51315750406429e-06,0.00686872991432857,0.424979982501836
"Astro-4","PCBD2",0.102505545798653,0.0834063803210671,0.219075832052651,-0.0609679557114889,0.265979047308795,5,3.57460991684411e-06,0.00884324918145101,0.580306592954208
"Astro-4","ADPGK",-0.076396220824849,0.0964693665976251,0.428406115363156,-0.265472704967585,0.112680263317887,5,5.77278267936426e-07,0.00110075194078055,0.766695348005753
"Astro-4","EIF3L",-0.00390050383157404,0.0955724690623682,0.967445770843552,-0.191219101107384,0.183418093444236,6,0,0,0.994460940404121
"Astro-4","GABRB2",-0.190243534728152,0.207301609544887,0.358768754092159,-0.596547223373316,0.216060153917012,5,0.122234638933903,67.6862944415698,0.714262704681083
"Astro-4","CASP7",0.299050004240057,0.103793433217071,0.00396159755802691,0.0956186133028353,0.502481395177279,5,0,0,0.0714133526796799
"Astro-4","INTS9",0.0873955462604684,0.0695638311144203,0.208994170041154,-0.0489470573504222,0.223738149871359,6,0,0,0.564003875630052
"Astro-4","FAM204A",-0.0552253215702295,0.0705968511249159,0.434059885010673,-0.193592607197001,0.0831419640565417,6,0.00242295209524682,7.28498221893237,0.770902953731178
"Astro-4","AGPAT3",-0.112287790684699,0.0570039128473021,0.0488583135725491,-0.224013406843271,-0.000562174526126877,6,2.5939940151858e-06,0.010864748626174,0.284853683324075
"Astro-4","RPL10",-0.216002565403803,0.118958182342539,0.0694032530010984,-0.449156318461529,0.0171511876539221,6,0.014116473872826,16.4939265221505,0.335495086387503
"Astro-4","STMN1",-0.120990666914913,0.0961598017177734,0.208310394605983,-0.309460415042262,0.0674790812124352,5,1.47733638891724e-06,0.00289206253710575,0.564003875630052
"Astro-4","GPC1",-0.159574926330477,0.0870901036229099,0.066907199668618,-0.330268392841241,0.0111185401802881,6,0,0,0.32911506682534
"Astro-4","DCTN5",0.0993911533146252,0.08464619305803,0.240316849504324,-0.0665123365075379,0.265294643136788,6,0,0,0.604889692162495
"Astro-4","CCT3",0.179815653134014,0.086788635558524,0.038276617562813,0.00971305317193474,0.349918253096093,5,0,0,0.252749174305629
"Astro-4","INTS2",0.0863528943335496,0.0886407686292081,0.329962522896309,-0.0873798197416461,0.260085608408745,6,4.63964412713447e-07,0.000844941275595272,0.689990543667549
"Astro-4","USP39",0.153151143032422,0.0995980618090018,0.124123940200528,-0.0420574710432159,0.34835975710806,5,0,0,0.450734582251186
"Astro-4","PRKACB",-0.0185698818319733,0.0503584685057091,0.712311166597589,-0.117270666419758,0.0801309027558112,6,1.96350199293384e-06,0.0109968724182233,0.910966836182659
"Astro-4","TRA2B",-0.0329889349513139,0.0978800337914814,0.736090995205297,-0.224830275988181,0.158852406085553,6,0.0174987432566544,33.5981746567797,0.917510044685379
"Astro-4","FAM199X",0.0106344665861578,0.0845153578184589,0.899867438885074,-0.155012590878537,0.176281524050853,5,0,0,0.975272418460036
"Astro-4","MANBA",-0.0187267371834845,0.103808877492487,0.856841460537995,-0.222188398344289,0.18473492397732,6,0.0208458514473729,36.6134892441244,0.963854303288347
"Astro-4","CSNK2A1",0.0496124093827847,0.0567035621395662,0.381604684550938,-0.0615245302058941,0.160749348971463,6,0,0,0.731598731841778
"Astro-4","PRMT9",-0.13907900271752,0.104787373672753,0.184426120627176,-0.344458481150658,0.066300475715617,6,1.16338547856587e-07,0.000149362322757246,0.533191522319403
"Astro-4","FAM168B",-0.0505927208989579,0.120206676636996,0.673841891134078,-0.286193477808723,0.185008036010807,6,0.0348389068027385,49.6351796421038,0.895504722475508
"Astro-4","KNOP1",-0.0234552418838709,0.217105571106102,0.913967046287119,-0.448974342094831,0.402063858327089,6,0.170512645347672,69.8581513638674,0.97864650221828
"Astro-4","RPRD1A",0.116883839524674,0.0534274009233636,0.0286904872791027,0.012168057927299,0.221599621122048,6,0,0,0.217960981142625
"Astro-4","WWC2",-0.100210452458789,0.0718296022591275,0.162981596306138,-0.240993885910516,0.0405729809929379,5,0,0,0.507528779375214
"Astro-4","RPS11",-0.0529261133961367,0.0992786907752873,0.593959873538207,-0.247508771747989,0.141656544955715,5,9.89309387112879e-07,0.00177891868195877,0.854638785370307
"Astro-4","CREB5",-0.119364203926243,0.108495041991779,0.271253186420771,-0.332010578731291,0.0932821708788058,5,0.00181052558276566,2.77612552443221,0.641656519805218
"Astro-4","PICALM",-0.0179716146732807,0.0491872462066707,0.714834161935831,-0.11437684573706,0.0784336163904983,6,0.0017450083695843,11.3792377455775,0.911209718517162
"Astro-4","DPH7",-0.15451970158141,0.090156252836159,0.0865452597050203,-0.331222710121369,0.0221833069585488,5,2.48184458133712e-06,0.00534617843381469,0.377005366949392
"Astro-4","KALRN",0.0958396269572996,0.0597641281053021,0.108795345322174,-0.0212959116965306,0.21297516561113,6,0.0036477700579179,16.8732355369552,0.424154301320283
"Astro-4","LNPEP",-0.0438177846395289,0.0588824423634717,0.456781468152475,-0.159225250993689,0.0715896817146311,6,0,0,0.783340778351278
"Astro-4","HLF",-0.1051911653722,0.104142242516997,0.312460785870986,-0.30930620997475,0.098923879230351,5,0,0,0.678552937630837
"Astro-4","SLC12A6",-0.0335487513173259,0.0725001557621852,0.643550453948728,-0.175646445484753,0.108548942850101,6,1.94719452133989e-07,0.000527511964012269,0.880794449479828
"Astro-4","RNF14",0.109570996426818,0.091094944486034,0.229045238705006,-0.0689718139394844,0.28811380679312,5,0,0,0.591231140740427
"Astro-4","LTBP1",0.278108175491862,0.0829203479312868,0.00079675526136881,0.115587279961009,0.440629071022714,6,0,0,0.0273702970918015
"Astro-4","MBD2",0.0384569196501533,0.075669091528688,0.611295601036355,-0.10985177448894,0.186765613789247,6,0,0,0.864999112140044
"Astro-4","POT1",0.0496919223429691,0.0673318832777381,0.460505491925245,-0.0822761438926523,0.181659988578591,6,0,0,0.786025311529902
"Astro-4","LRRFIP2",0.0725787362658325,0.0482369952225052,0.132419729441403,-0.0219640370927084,0.167121509624373,6,0,0,0.463820998322052
"Astro-4","NME9",0.0740940124062169,0.0973749515911257,0.446708138443205,-0.116757385708721,0.264945410521155,5,0,0,0.776055932626204
"Astro-4","TRAPPC9",-0.0650391147574509,0.046586662663055,0.162687776876715,-0.156347295736955,0.0262690662220537,6,0,0,0.507192144577976
"Astro-4","STIM2",-0.0899286778004993,0.0556127986469247,0.105867481674392,-0.19892776022795,0.019070404626951,6,3.04055779285246e-06,0.0138809898246163,0.420238506472041
"Astro-4","MTHFD1L",0.13080324356987,0.071572189281484,0.0676139907495574,-0.00947566971652231,0.271082156856262,5,0,0,0.33062454563481
"Astro-4","PRPF6",0.0197606039304045,0.101365432725445,0.845436625623879,-0.178911993488785,0.218433201349594,6,0.0180373595246309,32.8638884960385,0.960050601108412
"Astro-4","HDAC6",-0.0648653439493181,0.0827752378969628,0.433255940684181,-0.2271018290391,0.097371141140464,6,0,0,0.770902953731178
"Astro-4","ADAM10",0.0637170357823195,0.0527285857753265,0.226894805257161,-0.0396290932930514,0.16706316485769,6,2.2464725379691e-06,0.0111416638780116,0.587902953659684
"Astro-4","SFI1",-0.0946691407822075,0.0837810395432325,0.258493495457348,-0.258876960874269,0.0695386793098543,6,0,0,0.626115952189816
"Astro-4","KLHL22",-0.109845419873975,0.070323650594859,0.118288398738585,-0.247677242301277,0.0279864025533273,6,0,0,0.442225348330014
"Astro-4","THOC2",-0.039886410073782,0.0728432982070138,0.583990915017525,-0.18265665107464,0.102883830927076,6,0.010823296935872,40.2061481087129,0.850148821382122
"Astro-4","SBNO1",-0.0917918982000492,0.0577861356594875,0.112178710349641,-0.20505064289839,0.0214668464982919,6,0.000494058465566835,2.10026420757261,0.432082191272082
"Astro-4","METTL24",-0.1290740596795,0.0985296905490914,0.190195268870623,-0.322188704563596,0.0640405852045952,6,1.31548040993866e-06,0.00197590095961495,0.53910044554818
"Astro-4","SLC9A6",-0.0280623932642139,0.0940783817804254,0.765483841530478,-0.212452633277657,0.156327846749229,5,0.00323624731409763,6.65481446112063,0.930620130263641
"Astro-4","TYW1",0.0120101203912332,0.0631138453942625,0.849079570785271,-0.111690743507351,0.135710984289817,6,1.78408278113722e-06,0.00626506734261691,0.960379502097567
"Astro-4","NIPBL",0.0682324493190176,0.0420981007846387,0.105061315323646,-0.0142783120364117,0.150743210674447,6,0,0,0.418458608358999
"Astro-4","EP400",0.00568178957932305,0.0624513492592734,0.927508917663209,-0.116720605754785,0.128084184913431,6,0.00312615997810325,12.7173585796147,0.985075334159789
"Astro-4","HOOK2",-0.111226663789397,0.0799205290441859,0.164008472916882,-0.267868022341388,0.0454146947625949,6,0,0,0.508985385836369
"Astro-4","DDX50",0.0798068552806982,0.0761844091611435,0.294846725610623,-0.0695118428586065,0.229125553420003,6,0,0,0.664646740528594
"Astro-4","DIAPH3",0.265944130491109,0.372881490923996,0.475713625102728,-0.464890162221522,0.99677842320374,5,0.542344315630972,86.8616307241377,0.793803877957948
"Astro-4","OTUB1",-0.0482614369945781,0.165158617534117,0.770124041640374,-0.371966379097873,0.275443505108717,5,0.0585967360875907,48.2309737078504,0.932365115365002
"Astro-4","EMC3",0.054779879711508,0.0849350029683467,0.518951580111119,-0.111689667133254,0.22124942655627,6,0.00578793834227529,12.8487833136156,0.818822871362835
"Astro-4","RAPGEF1",0.0951044617538303,0.0695593037086536,0.171549193379667,-0.0412292683048142,0.231438191812475,6,5.05084368621924e-07,0.00148872354390381,0.517680494055105
"Astro-4","ACBD6",-0.0026213559686614,0.0632967040730277,0.96696602495953,-0.126680616291885,0.121437904354563,6,0.00364752285990656,14.6286841679687,0.994460940404121
"Astro-4","LRRK2",0.0285977922223305,0.0886889422611954,0.747111445225912,-0.145229340436565,0.202424924881226,5,0,0,0.923867492375805
"Astro-4","EFCAB7",0.051670737533777,0.0970818428514067,0.594560513433622,-0.138606178007757,0.241947653075311,6,1.66388809304894e-06,0.00254802289771701,0.85482746100933
"Astro-4","MRPS27",0.0474716911916968,0.0765271997563668,0.535044217357212,-0.102518864168485,0.197462246551878,5,0,0,0.825707723128377
"Astro-4","TMEM245",0.0730174970973142,0.0555796639173528,0.18893208325896,-0.0359166424535376,0.181951636648166,6,0,0,0.537468212273869
"Astro-4","GFPT1",0.00809948793182847,0.109455930637166,0.941012209466596,-0.206430194011331,0.222629169874988,5,0.0130014812891935,21.7103913364238,0.988287010175912
"Astro-4","LAMA2",0.261274849223275,0.127250469700144,0.040049996329405,0.0118685115951879,0.510681186851362,5,0,0,0.257442558922745
"Astro-4","NUDCD3",0.0803641913222199,0.0525280490106474,0.126034276735417,-0.0225888929168038,0.183317275561244,6,0,0,0.454089194939874
"Astro-4","NBAS",0.06700952670256,0.0462937876212093,0.147761355082528,-0.0237246297429565,0.157743683148076,6,0,0,0.487795908405415
"Astro-4","PTCD3",0.109636733095987,0.0579236688522149,0.0583871985768484,-0.00389157170677834,0.223165037898753,5,0,0,0.310224590103839
"Astro-4","THUMPD3-AS1",0.135471181681028,0.0953377639732797,0.15532828900618,-0.0513874020731806,0.322329765435237,6,0.0116029950959392,21.8138217880247,0.497647147105025
"Astro-4","SF1",-0.0912286964532698,0.0542457091191774,0.092613840742841,-0.197548332642693,0.015090939736154,6,0.000638997090957781,3.19163222066863,0.391812103193139
"Astro-4","MVP",0.219573553506554,0.108000936273269,0.0420453672152191,0.00789560811434153,0.431251498898766,5,3.99798476144613e-07,0.000579931816801543,0.263853607490213
"Astro-4","LINC01551",-0.127992093221984,0.0873706441185823,0.142939343772322,-0.299235409000472,0.0432512225565033,6,2.49899137514682e-06,0.00477006584331685,0.481044174790154
"Astro-4","CERK",-0.163490954378541,0.0957430860268844,0.0877104707164952,-0.351143954759954,0.0241620460028729,6,6.73114962500067e-06,0.0106916684225167,0.380822409422493
"Astro-4","PDXK",0.185930254053122,0.0714937228481579,0.00930469375357077,0.0458051321500443,0.3260553759562,6,0,0,0.118466753571104
"Astro-4","SETBP1",-0.0844492266244357,0.136348240163828,0.535676421423607,-0.351686866700957,0.182788413452085,6,0.049888167657266,54.42385375343,0.825707723128377
"Astro-4","APPBP2",0.0551978179687017,0.0513444034330749,0.282352194569731,-0.0454353635678199,0.155830999505223,6,0,0,0.652912944602601
"Astro-4","UBE2I",0.0593280461648188,0.0827132142940667,0.473204986368722,-0.102786874897096,0.221442967226733,6,8.34036784257504e-07,0.00172379157974142,0.793079360400725
"Astro-4","CRTC1",-0.0857689401086707,0.0778569941673202,0.270626249418308,-0.238365844621163,0.0668279644038219,6,0,0,0.640450855425822
"Astro-4","HOOK3",0.114337814330974,0.0492080380085806,0.0201491041467223,0.0178918320842776,0.210783796577669,6,0,0,0.178003113625046
"Astro-4","ADCYAP1R1",-0.14157638161973,0.0738817752784228,0.0553325418137713,-0.28638200027932,0.00322923703986078,6,0,0,0.304971083135034
"Astro-4","SGPP1",0.0466938825454161,0.115428379452008,0.685825313416525,-0.179541583974343,0.272929349065175,6,0.0181549628463806,23.7187378262185,0.900909260796944
"Astro-4","XPNPEP3",0.000695060721268683,0.0894464269635068,0.993799946448918,-0.174616714672997,0.176006836115534,5,0.0106472460620562,27.6115871554552,0.998372512258354
"Astro-4","AP2A1",-0.0353933068504512,0.0957105476165447,0.711535047185279,-0.222982533119485,0.152195919418582,5,0.00470500683935942,9.37268271315244,0.910591477911432
"Astro-4","AK5",-0.0512738514034736,0.210043391639698,0.807145041396528,-0.462951334207924,0.360403631400976,5,0.130360284068759,69.7642698476728,0.946365784478168
"Astro-4","PPM1A",0.00169440129826988,0.066064109704197,0.979538232839463,-0.127788874392659,0.131177676989199,6,0,0,0.996876807857117
"Astro-4","ABCA1",0.0658733593506959,0.110652325554045,0.551630695399864,-0.151001213540833,0.282747932242225,6,0.022240518739213,32.9275584322038,0.836459106292814
"Astro-4","FBXW2",0.0407437342376642,0.0805782592533185,0.613108147788806,-0.117186751835771,0.1986742203111,5,0,0,0.866343493020674
"Astro-4","TCF12",0.0307122429997728,0.0401084700425433,0.443837206674494,-0.0478989137586159,0.109323399758161,6,0,0,0.774739225288555
"Astro-4","AHDC1",0.111735942695519,0.0738794119101442,0.130429656779123,-0.0330650438473631,0.256536929238401,6,0,0,0.461199877819225
"Astro-4","TMF1",-0.0017399254337038,0.0725495413509611,0.980866501061678,-0.143934413576487,0.140454562709079,5,2.79891001289361e-06,0.00901503228107738,0.997239001061545
"Astro-4","ATF6",0.121670170914823,0.0699708232868634,0.0820576185852994,-0.0154701226960455,0.258810464525692,6,0.00349469033988424,11.2443253698394,0.367759614716846
"Astro-4","ZNF251",-0.00749059319016211,0.07168529276815,0.916778323502727,-0.147991185236946,0.133009998856622,6,0,0,0.980043049107041
"Astro-4","HERC6",0.16794664902963,0.122878017782046,0.171695723087128,-0.0728898403148527,0.408783138374114,5,0.00814749521146706,10.3176284240775,0.517692122762333
"Astro-4","UNC13B",0.0407583015848674,0.0612653522207633,0.505874676270843,-0.0793195822679897,0.160836185437725,6,0,0,0.813390486250028
"Astro-4","FSTL5",-0.341949884971647,0.109568037908959,0.0018030486193068,-0.556699293129926,-0.127200476813368,5,1.54255148502278e-06,0.00232262345519665,0.0445578914180116
"Astro-4","MTRR",0.0808550729841437,0.0900866330311664,0.369438438712785,-0.0957114832454188,0.257421629213706,5,4.41408512997815e-06,0.00963893585719148,0.721699839860241
"Astro-4","FBXO25",0.0726445275210844,0.0820867575507809,0.376171434069965,-0.0882425608861175,0.233531615928286,5,0,0,0.726420368235513
"Astro-4","KPNA6",0.00583705322362458,0.109698235561973,0.957564514630558,-0.209167537645434,0.220841644092683,6,0.0247682904578049,38.9026023297065,0.992639472179182
"Astro-4","PTK2",0.0239646952745563,0.033199330790058,0.470391180520167,-0.041104797384789,0.0890341879339016,6,0,0,0.792177703348532
"Astro-4","STXBP4",-0.0630607604572601,0.0769223471593011,0.412331463368806,-0.213825790495777,0.0877042695812571,6,2.7753677286209e-06,0.00685713745357723,0.75626408761599
"Astro-4","LMBR1",0.101371999021609,0.0551294311307577,0.0659446054433449,-0.00667970048285761,0.209423698526075,6,0,0,0.32694034716424
"Astro-4","LYPD6",0.0475408459002314,0.104953304928473,0.650569332916739,-0.158163851818025,0.253245543618488,6,0.011726688586704,17.4708403150936,0.883296308593225
"Astro-4","HACE1",0.142696500188691,0.0618249977569106,0.020995173633552,0.0215217312408766,0.263871269136505,6,0,0,0.180307607525883
"Astro-4","DYNC1H1",-0.0158081798647173,0.0506017127287301,0.754733474768276,-0.11498571436907,0.0833693546396357,6,0,0,0.929295365009992
"Astro-4","HMBOX1",0.12333500108624,0.0572956983379105,0.0313497429902881,0.0110374958748636,0.235632506297616,6,0,0,0.22645683596475
"Astro-4","STIP1",0.274550064645171,0.11418301968306,0.0161957727716759,0.0507554584203442,0.498344670869997,5,1.0491774679429e-06,0.00146699830889962,0.157029543154215
"Astro-4","ATG5",0.0629014734352819,0.0711274614703662,0.376508041864396,-0.0765057893583961,0.20230873622896,6,0,0,0.726420368235513
"Astro-4","VKORC1L1",-0.0752725102369822,0.0783129475207472,0.336463780469013,-0.228763066900822,0.0782180464268575,6,0,0,0.695508352055867
"Astro-4","DCAF7",0.0548687071736074,0.0767799712516557,0.474842239839326,-0.0956172712136585,0.205354685560873,6,0,0,0.793803877957948
"Astro-4","CDC42BPA",0.0567671069887958,0.0445455862919044,0.202535912026392,-0.030540637813558,0.14407485179115,6,0,0,0.557867449061097
"Astro-4","EXOC4",0.056448388084021,0.048055766539339,0.240137419954203,-0.0377391835825485,0.15063595975059,6,0.00216906700851319,15.3905176458251,0.604889692162495
"Astro-4","PPTC7",-0.00203279333035731,0.118414645541707,0.986303596598932,-0.234121233834179,0.230055647173464,5,0.0154088675086155,21.9141115122645,0.997792489645061
"Astro-4","REEP3",0.141522351650124,0.069967655044289,0.0431058919502045,0.004388267680595,0.278656435619652,5,0,0,0.267550433900019
"Astro-4","VWA3B",0.0850071783820565,0.130024328175458,0.513254182349141,-0.169835821955858,0.339850178719971,6,4.32250793717686e-07,0.000375280083860108,0.815414294354568
"Astro-4","XPO5",0.00421008049319333,0.0871330708582941,0.96146294863184,-0.16656760025144,0.174987761237826,5,0.00117382194291311,2.79838913248955,0.994460940404121
"Astro-4","TMEM59L",-0.136549507447842,0.0856042981620777,0.110684413062733,-0.304330848767342,0.031231833871659,5,3.46996736204957e-06,0.00823882605429718,0.42876472634656
"Astro-4","XPA",-0.0389091727018889,0.0756210997369908,0.606882893999416,-0.187123804657702,0.109305459253924,6,0,0,0.861797795473453
"Astro-4","HNRNPDL",-0.0281013916481345,0.0598623593004466,0.638759869759792,-0.145429459906606,0.0892266766103372,6,9.39804534441748e-07,0.00366935084561574,0.880658082917113
"Astro-4","NLGN2",-0.142575167690612,0.0795405130735733,0.073055327723099,-0.298471708626653,0.0133213732454295,6,4.48786287713302e-06,0.00991960059440687,0.342807731979009
"Astro-4","EIF2AK1",0.192740374286004,0.0777817791981021,0.0132134830908523,0.0402908884042769,0.345189860167731,6,4.34453287828761e-06,0.0100100302287559,0.141507878633973
"Astro-4","RHOT1",0.0864437820930821,0.0590388516575725,0.143143495083861,-0.0292702408443629,0.202157805030527,5,0.00116555155634384,6.08501240518714,0.481067523817211
"Astro-4","EIF3F",-0.120962250256327,0.0937957975053997,0.197177762218561,-0.304798635268123,0.0628741347554677,5,0,0,0.549482110835602
"Astro-4","APC2",-0.220599289106337,0.0829595214399825,0.00783451470183265,-0.383196963303381,-0.0580016149092926,6,0.00378455780933296,8.42779158621054,0.107248419301779
"Astro-4","NME3",-0.0461686463774293,0.0913299719794047,0.613197353353703,-0.225172102166115,0.132834809411256,5,0,0,0.866343493020674
"Astro-4","RBM41",-0.0129379745823364,0.0923351872880798,0.888565451389488,-0.193911616172733,0.168035667008061,5,0.0074807494495155,17.0419387072274,0.973135147503209
"Astro-4","NHLRC3",-0.0162221374567253,0.0891497568230288,0.855610176024931,-0.190952450060366,0.158508175146915,6,0,0,0.963774547628
"Astro-4","RALBP1",-0.0155588017557116,0.0873502604850751,0.858628974984031,-0.186762166346651,0.155644562835228,5,5.19266326990394e-06,0.0117840132581644,0.963854303288347
"Astro-4","INPPL1",-0.210053202598525,0.086433496710565,0.0150892796738084,-0.379459743209093,-0.0406466619879563,6,0,0,0.152716954585619
"Astro-4","PIP5K1A",0.0205939415046078,0.0606936603155098,0.734376512662636,-0.0983634468036992,0.139551329812915,6,3.94536810475026e-07,0.00151160373359444,0.9173121134897
"Astro-4","DHX36",0.186613756815965,0.0664905353784522,0.00500640502437815,0.0562947021614123,0.316932811470517,6,6.59830078601619e-07,0.00209402444989108,0.0818712103088426
"Astro-4","SDCBP",0.116006958028,0.0882962614266676,0.188900823906018,-0.0570505343378012,0.289064450393802,5,0,0,0.537468212273869
"Astro-4","VPS13D",0.0874633167793659,0.0436040732133578,0.0448720424272436,0.00200090370193691,0.172925729856795,5,5.07978757740241e-06,0.0458066241549766,0.273340514444605
"Astro-4","PRMT7",-0.0678755391238177,0.0749073067866223,0.364868593825071,-0.21469116260449,0.0789400843568547,6,0.000239590320765511,0.602414823404912,0.717912282335119
"Astro-4","ADCY8",0.0192860312122408,0.067763439897996,0.775944321979414,-0.113527870456376,0.152099932880857,6,0,0,0.934636945659779
"Astro-4","NDFIP1",0.0553827446629522,0.0546536112989223,0.31089731427517,-0.0517363651079868,0.162501854433891,6,0.000585959918669122,2.81354690964723,0.677143105918301
"Astro-4","RAD23A",0.0533753183592913,0.0947119879054902,0.57305770920018,-0.132256766839663,0.239007403558245,5,0,0,0.843676875377731
"Astro-4","OAZ2",-0.01506190246334,0.090121056739695,0.867268021131847,-0.191695927921833,0.161572122995153,5,0,0,0.964767735772626
"Astro-4","ZNF519",0.010685889392056,0.0982645091582523,0.913403817591245,-0.181909009516625,0.203280788300737,5,1.92122188378942e-06,0.00347456018199633,0.978237578761448
"Astro-4","HMGCS1",-1.25811624415176,0.645597138089925,0.0513236549651008,-2.52346338333014,0.00723089502662488,6,2.21227300768409,92.91847242718,0.291706351112779
"Astro-4","GNAS",-0.0494075121300589,0.0569444834683036,0.385589513591054,-0.16101664884617,0.0622016245860526,6,3.44823033419672e-06,0.0151673054085091,0.734022179707965
"Astro-4","AGO1",-0.220290335593625,0.0835401308491143,0.00836575594819445,-0.384025983321653,-0.0565546878655976,6,0,0,0.110713942543281
"Astro-4","EIF4A2",-0.0285125102653103,0.290670592302892,0.921859101941468,-0.598216402543904,0.541191382013283,6,0.411227713954195,90.8237078667323,0.982466590063872
"Astro-4","GMCL1",0.0970013110532126,0.0806839394444386,0.229271267759978,-0.0611363043886977,0.255138926495123,6,3.46333556542997e-07,0.000741645682117552,0.591311664187924
"Astro-4","SCRG1",-0.0506372310038814,0.11187369836803,0.650816229696905,-0.269905650622517,0.168631188614754,6,0.00333881811942735,3.99064515837973,0.883296308593225
"Astro-4","ARL6",-0.0416699287509935,0.0991824776297239,0.674387583035191,-0.236064012802702,0.152724155300715,6,0.00533783183236991,8.33603204169726,0.895794012290422
"Astro-4","PGM1",0.0205746431704771,0.0974394860496697,0.832767857394131,-0.170403240158968,0.211552526499923,5,0.0068479105783957,13.6651075414782,0.955880328717664
"Astro-4","HGS",-0.0414288002192525,0.116247383070248,0.721552411899048,-0.26926948433397,0.186411883895465,5,0.0194466715945637,30.0100810397515,0.913496507518516
"Astro-4","TULP3",-0.00296900372327605,0.0647086528764823,0.963403792127612,-0.129795632849285,0.123857625402733,6,4.46088506447318e-06,0.015316189510819,0.994460940404121
"Astro-4","FANK1",0.175683032688581,0.0884120032608903,0.046911891450209,0.00239869049619768,0.348967374880963,6,0,0,0.279458675523594
"Astro-4","PRIMPOL",-0.0707971345048671,0.0820453504141631,0.38819109936427,-0.231603066415595,0.0900087974058609,5,4.68367645367809e-07,0.00120177006233889,0.735704297268439
"Astro-4","DYRK1A",0.0338221476996595,0.0483902891517683,0.484586441585094,-0.0610210762392856,0.128665371638605,6,0,0,0.799882485324202
"Astro-4","LINC00662",0.0963780183424284,0.118814497556365,0.417271616006277,-0.136494117709269,0.329250154394126,6,0.0352040111694174,49.2534644557386,0.760646879711414
"Astro-4","ZNF846",-0.16897186355065,0.126712664703728,0.182366416307788,-0.417324122755057,0.0793803956537559,6,0.0376254112665888,45.688874730038,0.530779829621973
"Astro-4","RORA-AS1",0.0782822042958537,0.150525254113231,0.603021568465152,-0.21674187252982,0.373306281121527,6,0.0425509881121623,34.3004475148993,0.860282308921695
"Astro-4","PHGDH",-0.174769650310246,0.112408480493584,0.12000018432991,-0.395086223634543,0.0455469230140511,5,0,0,0.446485699461833
"Astro-4","MED15",-0.000342044372639013,0.0776449361912754,0.996485140503239,-0.152523322889449,0.151839234144171,6,0.00138637834322361,3.37011994705504,0.998372512258354
"Astro-4","COPS4",-0.0459932767592165,0.110624035947889,0.677584125968149,-0.262812403041544,0.170825849523111,5,0.0173738010097719,29.4154031082747,0.897045829212316
"Astro-4","ZNF224",0.0110310510366223,0.334661960882562,0.973705073101655,-0.644894339288751,0.666956441361996,5,0.458715296322794,89.9314507842897,0.994460940404121
"Astro-4","ABCC8",0.0158748646187413,0.129685617160149,0.902574024745751,-0.238304274328,0.270054003565483,5,0.0224360674611269,27.3500893073488,0.975721957354426
"Astro-4","SCAMP1",-0.0370076046751705,0.0687311964459245,0.590273525695159,-0.17171827432353,0.097703064973189,5,2.699424075193e-06,0.00974546756752034,0.85313791203194
"Astro-4","KCMF1",0.0782165770222251,0.0729725550295531,0.283781600247017,-0.0648070026955662,0.221240156740016,6,0,0,0.65373897112999
"Astro-4","TRMT13",0.0411304618308399,0.0837277737410177,0.623256455325161,-0.122972959207273,0.205233882868953,6,1.91214578563321e-06,0.00385641319413715,0.871984313264864
"Astro-4","FBXO16",0.0341077633952289,0.104451106081576,0.744013663708985,-0.170612642670034,0.238828169460491,6,0,0,0.922699449411771
"Astro-4","PDE5A",-0.133841379963397,0.179194602152104,0.455120787530599,-0.485056346405504,0.21737358647871,5,0.0699888095399693,49.5724412311735,0.782458212619493
"Astro-4","RASA3",0.14493464474755,0.0847664168820588,0.087300625888103,-0.0212044794397936,0.311073768934893,6,0.00034610037076312,0.700186981220784,0.379399321041916
"Astro-4","DGCR2",-0.0833988810955613,0.0736532452964099,0.257500846888347,-0.227756589221019,0.0609588270298963,6,0,0,0.625653748089035
"Astro-4","CCDC126",-0.272509535387176,0.126111278466604,0.0307057155331694,-0.519683099226022,-0.0253359715483294,5,0.0214437856537911,27.7207872517764,0.225120292942512
"Astro-4","BTAF1",0.034476102763746,0.0752857273392695,0.646997869266792,-0.113081211371125,0.182033416898617,6,0.00382389496249315,10.4187951465537,0.882372624702926
"Astro-4","ZNF81",-0.145406583774618,0.0862636913064987,0.0918717393247532,-0.314480311908837,0.0236671443596003,6,0.00975192688974977,22.6778952035938,0.390375165457929
"Astro-4","ZFAND4",-0.0346986029519663,0.0957721392754501,0.717125073752435,-0.222408546654202,0.15301134075027,5,0.00371577551367295,7.34109446133513,0.911727425328447
"Astro-4","LMBR1L",0.182543241342942,0.0954804250013755,0.0558967925485711,-0.00459495288833164,0.369681435574216,5,2.3405502095022e-06,0.00444493181324928,0.305920121142581
"Astro-4","GSR",0.0768781352820748,0.0917290517034738,0.401974438547853,-0.102907502392746,0.256663772956896,5,3.69315144151612e-07,0.000775327006593459,0.748156974278909
"Astro-4","CABLES1",-0.0680543998502252,0.183031447524038,0.710028307670253,-0.426789445035573,0.290680645335123,6,0.0499273440004218,25.3270231770826,0.910563300354376
"Astro-4","SPG21",0.00680353171412107,0.0917477350379981,0.940887239148817,-0.173018724623479,0.186625788051721,5,0.00048718959546497,1.02759674138586,0.988287010175912
"Astro-4","ZIC1",0.227517025067843,0.079703869247026,0.00431006643424759,0.0713003119151829,0.383733738220504,6,0,0,0.0754537912303217
"Astro-4","CEMIP",-0.778036684900152,0.452860968546543,0.0857879395318181,-1.6656278732553,0.109554503454998,5,0.82988033098319,89.4820350473294,0.376148323646631
"Astro-4","ADCY6",-0.143192364435909,0.0919889640837567,0.119559433069296,-0.323487421015221,0.0371026921434029,5,0,0,0.445452676278645
"Astro-4","CCNDBP1",-0.00878543540703866,0.106560529653817,0.934292460935559,-0.217640235702032,0.200069364887954,6,0,0,0.987592715100999
"Astro-4","GXYLT1",0.00724834505542642,0.090291762833066,0.936017010311206,-0.169720258198015,0.184216948308868,5,0,0,0.987927518902378
"Astro-4","GSTCD",0.061216908645957,0.083168343500728,0.461694054527432,-0.101790049269326,0.22422386656124,6,0,0,0.787070201569549
"Astro-4","CEP104",-0.066064973468691,0.081209520197472,0.415924186020579,-0.225232708257514,0.0931027613201322,6,0,0,0.759791941151974
"Astro-4","TACC1",0.107719867177889,0.0625963908408875,0.0852755297530397,-0.0149668044324434,0.230406538788221,6,0.00174879442352372,6.7287983034091,0.37568555247688
"Astro-4","PTPN20",0.0141211159314238,0.116367000590186,0.903413951667046,-0.213954014214292,0.24219624607714,6,0,0,0.975721957354426
"Astro-4","LINC01285",-0.177568309128746,0.0951420274450077,0.0619924339115587,-0.364043256337083,0.00890663807959011,5,1.15034440000026e-06,0.00225647884220967,0.318534970860709
"Astro-4","CALCOCO1",-0.0482870550175174,0.131699832930036,0.713884008355306,-0.30641398433033,0.209839874295295,5,0.037351587300573,49.967007710369,0.911209718517162
"Astro-4","WASL",0.0542761812616967,0.0611394137800417,0.374678177080451,-0.0655548677830769,0.17410723030647,6,0,0,0.725449203549601
"Astro-4","PRR16",0.00113799897820018,0.222569503954147,0.995920430056431,-0.435090212828872,0.437366210785273,5,0.127926982069742,55.2494726445424,0.998372512258354
"Astro-4","ZBED5",-0.0577737894927416,0.073758002421442,0.43345775931507,-0.202336817810386,0.0867892388249027,5,0,0,0.770902953731178
"Astro-4","IKBKB",0.127327561407389,0.0771386374764429,0.0988135870874823,-0.0238613898629308,0.278516512677709,6,0,0,0.404880119439448
"Astro-4","ZSWIM8",0.00106889363903122,0.078213281971555,0.989096133508241,-0.152226322137893,0.154364109415955,6,0.00311843472726152,7.70851511772099,0.998058308461131
"Astro-4","PLEKHA2",0.182973732613516,0.119713728882392,0.12640647847698,-0.051660864450965,0.417608329677996,6,0.0285463484139945,36.9494791767434,0.454830161687261
"Astro-4","FAM161A",-0.0136933535629346,0.113361839476957,0.903854736959008,-0.235878476158982,0.208491769033113,5,8.34573584277945e-07,0.0011772466416143,0.975721957354426
"Astro-4","LINC01550",0.00841278578806697,0.122437793188165,0.945219905442108,-0.231560879207301,0.248386450783435,5,0.00950421916316675,11.9491232929939,0.98916607490031
"Astro-4","KCNB1",-0.160291810998779,0.0845277383248086,0.0579174770228579,-0.32596313381003,0.00537951181247173,5,0,0,0.308930917479346
"Astro-4","TACC2",0.150897972112404,0.0848281436674835,0.0752615952640707,-0.0153621343512525,0.317158078576061,6,1.85312836738793e-06,0.00367965166795986,0.34896335596974
"Astro-4","GKAP1",0.0339809029785668,0.0640360555816868,0.595659499492017,-0.0915274596735443,0.159489265630678,6,0,0,0.855500266796654
"Astro-4","RASGEF1B",0.196910563376288,0.15880409440609,0.214990565725834,-0.114339742257147,0.508160869009724,6,6.10204070913921e-06,0.0037956302712608,0.572539478300586
"Astro-4","FGD4",0.0068641373392706,0.0615590959005479,0.911216025190518,-0.11378947354665,0.127517748225192,6,0.000914698256467992,3.54471579019131,0.977811773986367
"Astro-4","NAB1",-0.0643108570267535,0.0918266769140944,0.483708455322895,-0.244287836598374,0.115666122544867,5,1.0690499894e-06,0.00224956848148059,0.79966386201768
"Astro-4","PLBD2",-0.047960698217102,0.0866700068709098,0.580009156807469,-0.217830790223924,0.12190939378972,6,0.00108878030018179,2.12566344894018,0.84819545233799
"Astro-4","EFCAB13",0.0212606055911915,0.121975552581541,0.861627980475734,-0.217807084463,0.260328295645383,5,0,0,0.964767735772626
"Astro-4","DDAH1",0.0413100389042297,0.0537347957607636,0.442026104708009,-0.0640082255034825,0.146628303311942,6,2.73664935281839e-06,0.0135332808954417,0.774513785967693
"Astro-4","TIAL1",-0.0745097426679522,0.0683998272997139,0.276009942382039,-0.208570940724151,0.0595514553882466,5,2.51564917151519e-06,0.00904650199093737,0.647982245007228
"Astro-4","PPP1R12B",0.0920210354613958,0.0523450131342023,0.078752377563925,-0.0105733050519167,0.194615375974708,6,4.36988378981036e-06,0.0227908658683892,0.358454571878465
"Astro-4","SCOC",-0.0658050538915005,0.0912556227346764,0.470843781988044,-0.244662787838241,0.11305268005524,5,0,0,0.792177703348532
"Astro-4","TBC1D2B",0.0963809800818155,0.0794303102537591,0.224975763886617,-0.0592995672963949,0.252061527460026,6,0,0,0.585709066896427
"Astro-4","DYNC1I1",-0.0314023751719185,0.118715355060061,0.791380622154452,-0.264080195501523,0.201275445157686,6,0.0188880615345213,23.0667181690781,0.941067340022289
"Astro-4","THRAP3",0.0215749143891006,0.0578992042777375,0.709424691445907,-0.0919054407287924,0.135055269506994,6,0,0,0.910563300354376
"Astro-4","TASP1",-0.035136594404801,0.0817954834155727,0.667511055823049,-0.195452795997367,0.125179607187765,6,0.0102528183540156,27.3878958634245,0.892811535300033
"Astro-4","ZNF800",0.155482679477147,0.0838173982330412,0.0635938316096387,-0.00879640233746487,0.319761761291759,6,0.000794804913301497,1.64121293407351,0.321025423522964
"Astro-4","POU6F2",0.127187410017147,0.272755672281565,0.640997000234434,-0.40740388423373,0.661778704268024,6,0.308170625721388,77.8791189222247,0.880794449479828
"Astro-4","ZBTB1",0.0390758620355341,0.128798686511786,0.761594863276171,-0.213364924783632,0.2915166488547,6,0.0495130846758959,62.8039271565346,0.930620130263641
"Astro-4","IAH1",0.00447865823538789,0.10263218660567,0.965193000710345,-0.19667673116632,0.205634047637096,5,9.94332544626878e-07,0.00166092157042849,0.994460940404121
"Astro-4","RPL13",-0.0654757197101135,0.0845100447595617,0.438476472156914,-0.231112363770722,0.100160924350495,6,0.000134043591896341,0.26474801503209,0.772816550797375
"Astro-4","MRRF",0.217602439139868,0.0807149636047506,0.00701909868716845,0.0594040174610951,0.37580086081864,5,0,0,0.0995800442319846
"Astro-4","RPL7L1",0.161026052240427,0.105070414565504,0.12538585765574,-0.0449081761486534,0.366960280629507,5,0,0,0.453272830256634
"Astro-4","HIKESHI",0.0810498260712933,0.0983039710053876,0.409665904240053,-0.111622416636536,0.273722068779123,5,0,0,0.753652801939768
"Astro-4","POLA1",0.160448654860794,0.0658327349623185,0.0148007981256164,0.0314188653308789,0.289478444390709,6,0,0,0.151673469722546
"Astro-4","WDR17",-0.108632584180057,0.0624564443380822,0.0819761229192322,-0.231044965685129,0.0137797973250142,6,0,0,0.367759614716846
"Astro-4","MORF4L2",0.154368712417547,0.0807747544050547,0.0559916050678249,-0.00394689707642884,0.312684321911522,5,3.32077062305943e-07,0.000865370907584303,0.306132279159619
"Astro-4","ATXN7L1",0.0880819602936518,0.0642191964956636,0.170193278761523,-0.0377853519539497,0.213949272541253,6,2.24302323549893e-06,0.00774813868538771,0.515105435867743
"Astro-4","PHACTR3",0.131882375525694,0.0531339755420728,0.0130620723644484,0.0277416971077993,0.236023053943589,6,7.37144146811952e-07,0.00371859290160822,0.141507878633973
"Astro-4","IP6K1",-0.0354276710710327,0.0919337160929674,0.699969954466858,-0.215614443578179,0.144759101436114,6,0.00975200249577514,19.3268725593097,0.90662458887787
"Astro-4","SLC37A3",0.0931195375413376,0.098855340152203,0.346203997105737,-0.100633368836437,0.286872443919112,5,0,0,0.703222845738764
"Astro-4","RIMS1",-0.0781749645733958,0.158581117902865,0.622037211942568,-0.388988244291112,0.23263831514432,6,0.0627156914649663,46.9461580857419,0.871552211630741
"Astro-4","RIC8B",0.0675369667351213,0.0665882189247809,0.310464437944928,-0.0629735441521177,0.19804747762236,6,0,0,0.677143105918301
"Astro-4","CNOT9",0.0837172514863436,0.0881643520898291,0.342336394171251,-0.0890817033300301,0.256516206302717,6,0,0,0.699801258457271
"Astro-4","PHF2",0.0151138353804884,0.0875511632415666,0.862943364078935,-0.156483291377569,0.186710962138546,5,1.70847115656918e-06,0.00390114790762613,0.964767735772626
"Astro-4","BCL2L1",0.0426252644308393,0.073536791487008,0.562153756507818,-0.101504198422328,0.186754727284007,5,9.87061167436047e-07,0.0031454152344144,0.842292413634531
"Astro-4","INPP5B",0.116932345576217,0.0644130728693349,0.0694699638784814,-0.00931495738123334,0.243179648533667,6,2.15935305208168e-07,0.000743774196085543,0.335495086387503
"Astro-4","ZBTB37",0.0128036138272353,0.0766358999341396,0.86731441606845,-0.137399989966494,0.163007217620964,5,0.00236726129336721,7.4103066531427,0.964767735772626
"Astro-4","STXBP3",0.0214618365429122,0.066450451681574,0.746714153616438,-0.108778655509392,0.151702328595216,6,0,0,0.923867492375805
"Astro-4","LPXN",-0.0932577716034889,0.0914497233924352,0.307837102014051,-0.272495935848812,0.0859803926418342,5,0,0,0.6760781066348
"Astro-4","GLB1",0.0742275962545414,0.0863110249894895,0.389788309551626,-0.0949389041935946,0.243394096702677,6,0.0115352100610723,28.1595223982949,0.737707465963611
"Astro-4","GRIP1",0.143438034585368,0.0926250330573286,0.121480740782362,-0.0381036942738274,0.324979763444564,6,0,0,0.448878117319867
"Astro-4","N4BP2L1",0.153928569254265,0.0735400769893739,0.0363380028883885,0.00979266693478892,0.29806447157374,5,5.12319590470291e-06,0.0168461104316368,0.245641301703438
"Astro-4","LRIG3",0.128695600223863,0.0949551129468338,0.175312149193061,-0.0574130012998642,0.31480420174759,5,0,0,0.521518872477115
"Astro-4","GYG2",0.299177377315601,0.126021857588071,0.0175959880155521,0.0521790751781451,0.546175679453057,6,0,0,0.165705666449906
"Astro-4","CD99L2",0.0807498019555154,0.117593763514027,0.492281634896981,-0.149729739338498,0.311229343249529,5,0.016087402819858,22.427933423946,0.803576263243265
"Astro-4","EFL1",0.155142032428553,0.102783754816715,0.131196014354903,-0.0463104252080027,0.356594490065109,6,0,0,0.461424745915312
"Astro-4","LRRC49",-0.202177170494643,0.0635113355618463,0.00145594503134669,-0.3266571008059,-0.0776972401833867,6,0,0,0.0416354542472022
"Astro-4","KLHDC4",-0.0943854903997416,0.105561015769603,0.371251227934333,-0.301281279479628,0.112510298680145,6,0.0078199999903594,11.0988734841406,0.722794843915013
"Astro-4","VAMP4",0.15416127598098,0.0946949767662738,0.103529691580773,-0.0314374679977734,0.339760019959734,5,0,0,0.415182948174878
"Astro-4","KLC1",-0.0978280753827902,0.0509316537028952,0.0547605048807957,-0.197652282313531,0.00199613154795052,6,0,0,0.30212310874637
"Astro-4","XPO4",0.0867029052314869,0.06061173683379,0.152583901847726,-0.0320939160031612,0.205499726466135,6,0,0,0.495489460102424
"Astro-4","PLIN5",0.216941523280445,0.114033093874993,0.0571131928908396,-0.00655923376021567,0.440442280321106,6,0.0020008178280916,2.29799784082936,0.308095152414739
"Astro-4","GEMIN5",0.0902803964990238,0.0980931653543399,0.357388014910246,-0.101978674725015,0.282539467723062,5,0.0053212365250234,10.4048663071167,0.712961946232454
"Astro-4","TGS1",0.0766842049100893,0.0951082568018783,0.420079482533623,-0.109724553053979,0.263092962874157,5,0,0,0.762515376696441
"Astro-4","JAKMIP3",-0.0859060165496765,0.092657354944579,0.353855662829577,-0.267511095143796,0.0956990620444425,5,1.38130628343658e-06,0.00280028473889238,0.710629443393038
"Astro-4","ZFHX2",-0.0305334929572154,0.0749607953393274,0.683768451289734,-0.177453952074775,0.116386966160344,6,0,0,0.899156346844844
"Astro-4","ETNK1",-0.0865414249513069,0.0967494572820921,0.371059761755853,-0.276166876748004,0.10308402684539,6,0.0176929159999248,36.2663276652158,0.722794843915013
"Astro-4","TRIP4",0.0570239392477327,0.079313698376629,0.472161194723116,-0.0984280530511331,0.212475931546598,6,0,0,0.792540372432973
"Astro-4","TANC2",0.0319951212929692,0.0523060059307386,0.540742113600268,-0.0705227665064169,0.134513009092355,6,1.52905877343359e-07,0.000782836252579576,0.830343948407272
"Astro-4","NUAK1",0.072208467447241,0.0927468426460654,0.436242217589341,-0.109572003818851,0.253988938713333,5,0,0,0.771058067058848
"Astro-4","VPS28",-0.0397741413103778,0.0958793428094281,0.67826243517273,-0.227694200078226,0.148145917457471,5,0.000993700451013088,1.93385041251553,0.897045829212316
"Astro-4","GK",0.00677445123013162,0.185034457386877,0.970794506000648,-0.355886421147059,0.369435323607322,5,0.0932589427321207,61.8409252745995,0.994460940404121
"Astro-4","FNIP2",-0.0529562832558243,0.108271232049917,0.624765515933121,-0.26516399863544,0.159251432123792,5,0.0207476968566656,38.3848127894302,0.872308089986377
"Astro-4","UBTD1",-0.0418398855707853,0.0910660779969008,0.645914392274161,-0.220326118658026,0.136646347516456,6,0,0,0.881555324987873
"Astro-4","ZDHHC5",-0.0436547082819701,0.0948389398230462,0.64529829588339,-0.229535614667102,0.142226198103162,5,0,0,0.88140559756032
"Astro-4","PHTF2",0.0195531279491315,0.0848237196143217,0.817691716872297,-0.146698307529663,0.185804563427926,6,0.0110117552866362,27.7317629818252,0.950170175610513
"Astro-4","LCA5",-0.0779333164854496,0.101295715281589,0.441677020435487,-0.276469270225588,0.120602637254688,6,5.38768361408174e-07,0.000739412036827063,0.774513785967693
"Astro-4","MTPN",-0.132470649287326,0.073408665788379,0.0711429064842796,-0.276348990385686,0.0114076918110343,6,0,0,0.339967239910005
"Astro-4","ZFPM2",0.0776612447828838,0.0754216016143505,0.303153211502363,-0.0701623780375712,0.225484867603339,6,0,0,0.671720374826831
"Astro-4","EXPH5",-0.0241398396085929,0.110754615439162,0.827461940384255,-0.241214896990935,0.192935217773749,5,0,0,0.953903992903926
"Astro-4","TSGA10",-0.036964423295811,0.0781777154521455,0.636337625899459,-0.190189929975637,0.116261083384015,6,1.143693946664e-06,0.00260949207633547,0.879918003205783
"Astro-4","NR2F1-AS1",0.0776017076817915,0.0506364801784092,0.125392758425078,-0.0216439697717668,0.17684738513535,6,4.64904300115143e-06,0.0256827353228266,0.453272830256634
"Astro-4","CEP70",0.00656592414513594,0.129680219732407,0.959619038128421,-0.247602636037621,0.260734484327893,6,0.0467713606163175,60.2788074486146,0.99363776042795
"Astro-4","FGF14",0.0565557717428055,0.108660696136667,0.602728726621214,-0.156415279220113,0.269526822705724,6,0.0219213565366073,34.4354923928172,0.860231069977808
"Astro-4","SZRD1",-0.038985402901726,0.141277557264739,0.782587225641201,-0.315884326964409,0.237913521160957,5,0.0367146086827222,39.5210270493725,0.938005579647189
"Astro-4","YWHAG",0.0376795324710902,0.248517875280768,0.879489031425821,-0.449406552593631,0.524765617535812,5,0.227920769227631,85.4689440179043,0.967916399284271
"Astro-4","FOXO1",-0.0661629140304159,0.131841110462018,0.61578129464624,-0.324566742217739,0.192240914156907,6,0.0617704044780103,69.5611648666803,0.868197581661787
"Astro-4","DISP3",-0.266511254689167,0.115355409796491,0.0208688406461823,-0.492603703312148,-0.0404188060661864,6,0,0,0.18007123588599
"Astro-4","LETM1",-0.0123446502971714,0.102318939242255,0.903969268042027,-0.212886086148333,0.18819678555399,5,9.07960791920865e-08,0.000153883503370124,0.975721957354426
"Astro-4","TBC1D12",-0.0795655648739474,0.0689373529071549,0.248429645300765,-0.214680293761499,0.0555491640136038,6,0,0,0.614637578880301
"Astro-4","RNF214",-0.0751188994973024,0.188028674870995,0.689519166663634,-0.443648330305244,0.29341053131064,5,0.114703009874712,75.071074433711,0.902174372725159
"Astro-4","POLR1C",0.0829598006106958,0.167995249599351,0.6214316824159,-0.24630483817785,0.412224439399241,5,0.0708387998387185,56.8456861026708,0.871552211630741
"Astro-4","FSTL4",0.214902676921778,0.129840901034646,0.0978995264159527,-0.0395808128263565,0.469386166669913,5,0.0203410068282889,24.30092859876,0.403072663334167
"Astro-4","ZNF577",-0.0332080527415421,0.0752425083032913,0.658961830021818,-0.180680659122449,0.114264553639365,6,0,0,0.887607772029389
"Astro-4","MAP4K2",-0.0398923573723222,0.108795953652473,0.713864192189388,-0.253128508194859,0.173343793450214,5,2.53539064561501e-06,0.00384882518588987,0.911209718517162
"Astro-4","TBC1D19",0.0148318240795282,0.086952202034675,0.86455838903488,-0.155591360284885,0.185255008443942,6,0.0156441510685239,39.0502432304814,0.964767735772626
"Astro-4","TCF20",-0.0727569039748387,0.0667601271978597,0.275789920088064,-0.203604348885957,0.0580905409362792,6,0,0,0.647898728396131
"Astro-4","ZSCAN5A",-0.113989242518721,0.0659267421346589,0.0838039226137922,-0.243203282720711,0.0152247976832702,6,2.99582812470863e-07,0.000990037167093532,0.372446725237212
"Astro-4","RBCK1",0.0938616040141264,0.103908466844625,0.366361151556078,-0.109795248690113,0.297518456718365,5,0.0106379827995574,19.5393648200982,0.719807413596871
"Astro-4","PTPRA",-0.0910748776251995,0.0443229108412469,0.039897976477179,-0.177946186564023,-0.00420356868637575,6,0,0,0.257442558922745
"Astro-4","RGS9",-0.288646976090439,0.114367072811295,0.0116072713502355,-0.512802319817847,-0.0644916323630297,6,3.18833630292789e-06,0.00378172258375245,0.132957757949752
"Astro-4","ARPC2",0.0944566323604592,0.0717492502412551,0.18801214816418,-0.0461693140301525,0.235082578751071,6,2.88788068489369e-06,0.00813189666217739,0.536812521313514
"Astro-4","NPLOC4",0.0394117960377537,0.0736327203179401,0.592478099296974,-0.10490568386912,0.183729275944627,6,0,0,0.853235075531662
"Astro-4","TRAPPC12",-0.0334902144533432,0.0537062963093774,0.532902932447229,-0.138752620962759,0.0717721920560729,6,0,0,0.824840106059658
"Astro-4","EIF4E",0.142937297088939,0.0832210075009555,0.0858764114953038,-0.0201728803700715,0.306047474547949,5,0,0,0.376148323646631
"Astro-4","ADAMTSL3",0.38466243510709,0.197527366537802,0.051488228445207,-0.00248408926804355,0.771808959482224,5,0.0345979560226902,17.3854529483728,0.292033960298776
"Astro-4","LIPE-AS1",-0.12922285126091,0.0663491069380674,0.051460442344757,-0.259264711265919,0.000819008744098709,6,0,0,0.292033960298776
"Astro-4","PDIA6",0.0334275679630293,0.0962193208345036,0.728283214694579,-0.155158835489502,0.222013971415561,5,0.000340658650172796,0.656008834735075,0.916841668946321
"Astro-4","NID1",0.168826206545772,0.111528328215376,0.130088803987071,-0.0497653000123272,0.387417713103872,5,7.34713905394712e-06,0.0107518113759849,0.461199877819225
"Astro-4","MLLT3",0.0379810304115367,0.060696501689486,0.531476830090711,-0.0809819268874303,0.156943987710504,6,0,0,0.824840106059658
"Astro-4","ABCA2",-0.209323647812398,0.0868474818978531,0.0159418419150272,-0.379541584480185,-0.039105711144612,5,0,0,0.156383082093119
"Astro-4","CNRIP1",0.107196169374707,0.0956277963787203,0.26229939289386,-0.0802308674485143,0.294623206197929,5,0,0,0.630796994030026
"Astro-4","NBPF1",-0.0119577494086112,0.0919518148108048,0.896531894018702,-0.192179994750885,0.168264495933663,5,0,0,0.974740334580011
"Astro-4","PIGK",-0.0446132343839031,0.0945042842145517,0.636872316547087,-0.229838227829162,0.140611759061355,5,0,0,0.880211688507132
"Astro-4","TMEM38A",-0.0561506315008718,0.11687998079561,0.630933939091671,-0.285231184374,0.172929921372257,6,0.0136443230294436,16.4811855721895,0.876662725850599
"Astro-4","TBCD",-0.0329787906575598,0.0561154700930151,0.55673691906145,-0.142963091015404,0.0770055097002844,6,2.73891040834266e-06,0.0117977755680259,0.838019334182569
"Astro-4","MIR181A2HG",-0.229174646251376,0.113851972207893,0.0441232916697906,-0.452320411347701,-0.00602888115505093,5,0,0,0.27078811134876
"Astro-4","OAT",-0.219765732218783,0.113714947662024,0.0532852491907087,-0.442642934140207,0.00311146970264053,5,0.0214839060017643,35.2598172655638,0.296410090459221
"Astro-4","EPHA4",0.084217864071692,0.0903099890924685,0.351056456112411,-0.0927864619937514,0.261222190137135,6,0,0,0.707814825871536
"Astro-4","PHKB",0.0342919639741892,0.056138290488003,0.541300195035533,-0.0757370635359442,0.144320991484322,6,0,0,0.830421490174241
"Astro-4","IMMP1L",-0.0791072784590885,0.122207661119741,0.517425838227234,-0.318629892888657,0.16041533597048,5,0.0310261672887755,46.2096246508181,0.817706026727802
"Astro-4","ZFP82",-0.0726287638403854,0.0946997473133752,0.44311882460408,-0.258236857919645,0.112979330238874,5,0,0,0.774513785967693
"Astro-4","FBLN1",-0.132642712559245,0.108241979736947,0.220414142364461,-0.344793094458977,0.0795076693404858,5,0,0,0.582103587769662
"Astro-4","TMEM192",-0.0504569787439847,0.0942527183933784,0.59241676309809,-0.235188912240002,0.134274954752033,6,0.00716337272264165,12.8531110676074,0.853235075531662
"Astro-4","CCDC146",0.00757374429746534,0.078513959262145,0.92315233010319,-0.146310788139984,0.161458276734915,6,0,0,0.982820619384855
"Astro-4","STXBP5-AS1",0.161068636028781,0.0853730414103968,0.059208067301825,-0.00625945038624312,0.328396722443806,5,0,0,0.312083361928605
"Astro-4","HECTD2",0.0166971283378601,0.0786346203385485,0.831843249143322,-0.137423895463676,0.170818152139396,6,0.00126630497911155,2.87015599811164,0.955880328717664
"Astro-4","CADM3",0.0556166994115125,0.111865088854135,0.619064553511667,-0.163634845869966,0.274868244692991,5,0.0108211391175913,16.3456727340784,0.870355364551023
"Astro-4","AP4S1",0.0474309314993837,0.0807798171265424,0.557094141782663,-0.110894600746371,0.205756463745139,5,0.00231176705456134,6.49330003403363,0.838019334182569
"Astro-4","TRIB2",-0.0605445153557422,0.0975554518923425,0.534852033007008,-0.251749687560263,0.130660656848779,5,0,0,0.825707723128377
"Astro-4","SEC24A",0.128832413530934,0.0864331779852024,0.13608138182783,-0.0405735023894027,0.298238329451271,5,1.64134540652118e-06,0.00389778516136481,0.46992624194708
"Astro-4","CARM1",0.289967468221555,0.0968176976224134,0.00274459118030725,0.100208267815536,0.479726668627575,6,1.76200417158144e-06,0.00271158867301696,0.0574000931031882
"Astro-4","ZNF329",0.110615220618886,0.123052774261541,0.368692586827521,-0.130563785131471,0.351794226369243,5,0.0131806227159939,17.0005673391905,0.721274680964155
"Astro-4","MPPE1",-0.116319324866862,0.085577918051125,0.174076489078079,-0.284048962118987,0.0514103123852632,5,0,0,0.519566001827579
"Astro-4","SMU1",0.0985696584894871,0.0858785659925863,0.251059597601731,-0.0697492378999283,0.266888554878903,6,0,0,0.617141099055201
"Astro-4","USP3-AS1",0.0260276454784336,0.1074350660287,0.808575631033844,-0.184541214614501,0.236596505571368,6,0,0,0.946585322007947
"Astro-4","PLCE1",0.0743278792030211,0.0732342597590222,0.310137686647739,-0.0692086323591134,0.217864390765156,6,3.30999043277499e-06,0.0082320075246236,0.677143105918301
"Astro-4","PPIL2",0.0307631528020655,0.0808129069400535,0.703447181681612,-0.127627234286426,0.189153539890557,5,0,0,0.908328252091008
"Astro-4","MAN1A2",0.0320909528434123,0.0574472774152748,0.576424001967062,-0.0805036419004076,0.144685547587232,6,0,0,0.84528880377079
"Astro-4","IL3RA",0.051031672128814,0.0985739528260725,0.604668046002818,-0.142169725224038,0.244233069481666,6,0,0,0.860638452347623
"Astro-4","DDX18",-0.0920432672370808,0.186708899330925,0.622028558123093,-0.457985985518808,0.273899451044647,5,0.104112383947627,66.4011041577259,0.871552211630741
"Astro-4","TTYH1",-0.191022521389748,0.0912596298591178,0.0363333931457271,-0.369888109156075,-0.0121569336234209,6,0.0107869239571712,22.1901530518229,0.245641301703438
"Astro-4","PPM1K",-0.0227646749572909,0.0922934652917129,0.805174981525464,-0.203656542937446,0.158127193022864,5,0.0131819983846687,32.7944528112572,0.945370969280328
"Astro-4","GYG1",-0.019766445895472,0.119626274658055,0.868759028372859,-0.254229635829956,0.214696744039012,5,0.0129371820985194,17.6442703740159,0.964767735772626
"Astro-4","HEATR4",-0.038423693967532,0.0925846598676553,0.678133520927034,-0.219886292829027,0.143038904893963,5,0.0047222263963219,10.425577234948,0.897045829212316
"Astro-4","CSF1",0.175929580338065,0.118601288350949,0.137976162074563,-0.0565246733498442,0.408383834025975,5,0,0,0.473680576524993
"Astro-4","POLR3E",-0.0270125137502218,0.100587163457967,0.788277286370491,-0.224159731434881,0.170134703934437,5,0,0,0.94007131833708
"Astro-4","RIN3",0.136153135611016,0.0960203335466246,0.156202007120528,-0.0520432599238917,0.324349531145923,6,2.40275826946964e-06,0.00375838384478053,0.497647147105025
"Astro-4","MAML2",0.0890256150781483,0.0505648354508505,0.0783022237734157,-0.0100796412897128,0.188130871446009,6,0,0,0.357597613921736
"Astro-4","VPS26A",0.165688130716426,0.0884905436825661,0.0611537273120101,-0.00775014787377212,0.339126409306624,5,0,0,0.316308388805113
"Astro-4","CYFIP1",-0.0814464090757611,0.0667520641029054,0.222414387566904,-0.212278050611165,0.0493852324596424,5,4.28968197219624e-07,0.00164740704287159,0.583404876520139
"Astro-4","USO1",0.103693977005753,0.0569777990650516,0.0687740197723898,-0.00798045708010785,0.215368411091614,6,0,0,0.333691700096461
"Astro-4","IL17RB",0.168867788242002,0.120272739386121,0.160306811846969,-0.0668624492767673,0.404598025760772,6,0.0185075331933497,21.83822990838,0.503215980636864
"Astro-4","AP5M1",0.0650634315478897,0.0953020020077354,0.494791424230169,-0.121725060041836,0.251851923137615,5,0,0,0.804920399169068
"Astro-4","SOAT1",0.288291766195925,0.11054320474512,0.00910847768879084,0.0716310661598528,0.504952466231997,5,0,0,0.117336097019282
"Astro-4","ALG5",0.0679488284275996,0.0878412770954944,0.439202280017089,-0.104216911035573,0.240114567890772,6,4.6175115304833e-06,0.00849088766763788,0.773347148115197
"Astro-4","LINC00836",0.109301078466075,0.157157903587128,0.486750954317813,-0.198722752450514,0.417324909382664,5,1.295235724172e-06,0.000933787966220161,0.801085413685111
"Astro-4","ZCCHC17",-0.0571000866118086,0.0951605193911797,0.548479798059854,-0.243611277368646,0.129411104145029,6,0.00943046294634708,17.1251360958169,0.83368068215796
"Astro-4","ARRDC4",0.0319474877034519,0.293762564657869,0.913398598919672,-0.54381655903209,0.607711534438994,6,0.335508993943685,72.3575045210733,0.978237578761448
"Astro-4","MTMR9",0.0721013269712005,0.0875200829651708,0.410038385974847,-0.0994348835644918,0.243637537506893,5,0,0,0.753830247120368
"Astro-4","VCL",-0.0192524656827989,0.0908042356940762,0.832090128518356,-0.197225497286875,0.158720565921277,6,0.0080057505589088,15.8336496968414,0.955880328717664
"Astro-4","GEMIN8",0.183851780599608,0.0834246183372984,0.0275379009125978,0.0203425332345036,0.347361027964713,6,2.25390833217254e-06,0.00458493271816343,0.213350375581006
"Astro-4","SHISA9",0.0449297878363635,0.11171196269653,0.687541872108266,-0.174021635691118,0.263881211363845,5,0,0,0.902078718581636
"Astro-4","ZNF630",-0.158362927127767,0.110836207515494,0.153061326562145,-0.375597902041143,0.0588720477856081,5,3.97545286433573e-07,0.000578503148156617,0.495860596490177
"Astro-4","SMARCC1",-0.357793487989799,0.208096778884526,0.0855486571081373,-0.765655679902266,0.0500687039226673,6,0.189578635817139,89.2542930470834,0.37568555247688
"Astro-4","GOT1",-0.0674345245768865,0.0769082691510729,0.380585713698523,-0.218171962226302,0.0833029130725293,6,0,0,0.730671060886232
"Astro-4","STK35",0.0794866025545249,0.101438383667817,0.433277835126671,-0.119328976084352,0.278302181193402,5,1.22869668689542e-06,0.00208581310633134,0.770902953731178
"Astro-4","CCK",-0.362172482734941,0.119922722199461,0.00252733894955439,-0.597216699173886,-0.127128266295996,5,0,0,0.0552417117070075
"Astro-4","NR2F1",-0.088832738597592,0.109947432850433,0.41911564736808,-0.304325747177076,0.126660269981892,6,0.0196687573355215,29.7566292985648,0.76180948877117
"Astro-4","SETD4",-0.0649642732408939,0.0893727727868696,0.467292668853263,-0.24013168910164,0.110203142619852,6,0,0,0.791427829333899
"Astro-4","ARL15",0.0885580214869494,0.073532033901174,0.228455818560618,-0.0555621166693298,0.232678159643229,6,0,0,0.590609874656067
"Astro-4","SLC25A26",0.0868427764429986,0.0677866178347645,0.200151599730347,-0.0460165531469202,0.219702106032917,5,0,0,0.55402515434953
"Astro-4","SPCS2",-0.0137916438889228,0.0864670174359931,0.873273549687648,-0.183263883914066,0.155680596136221,6,0,0,0.966122228913145
"Astro-4","SCARA3",0.110197782509664,0.0918655293751915,0.230312096196171,-0.0698553464864178,0.290250911505746,6,2.4339620015358e-06,0.0039417358313257,0.593150969402573
"Astro-4","TMEFF2",-0.357256293729719,0.120989226868717,0.00314911778234046,-0.59439082090975,-0.120121766549687,5,0.00720753750965294,9.26274805349747,0.0624092271485295
"Astro-4","ANKDD1A",-0.160213009400026,0.0653397981020652,0.0142065722664292,-0.288276660437192,-0.0321493583628595,6,1.12670369056995e-06,0.00379260157914567,0.146962685074311
"Astro-4","ZC3H12B",0.0724162664085613,0.287560354578994,0.801172622856403,-0.491191671947835,0.636024204764958,6,0.359892554353479,84.5711871435997,0.94432560769134
"Astro-4","CBFA2T2",0.039103932182066,0.0442579400515499,0.376941263692296,-0.0476400363489045,0.125847900713036,6,0,0,0.726684855584776
"Astro-4","STK40",0.14764046532193,0.128451069562884,0.250394911336411,-0.104119004796971,0.399399935440831,5,1.5852311852891e-06,0.00169901478093855,0.616734686865318
"Astro-4","IPO7",0.0191777247205874,0.0751428309146281,0.798555534085486,-0.128099517568467,0.166454967009641,6,0,0,0.943072503172956
"Astro-4","UBE2G1",0.0137842847689225,0.0622185134686381,0.824667048409686,-0.108161760801228,0.135730330339074,6,0,0,0.953383136590168
"Astro-4","TOX4",-0.0488102319318029,0.0921765894039404,0.596438120827839,-0.229473027381263,0.131852563517657,6,4.60128236505633e-07,0.00077906299884116,0.855500266796654
"Astro-4","ATL1",0.0526426644851092,0.0643322307155028,0.413189454815052,-0.0734461907623978,0.178731519732616,6,3.88184771327858e-06,0.0130583228996993,0.757250110179785
"Astro-4","SYTL2",0.0971292500697051,0.0957408557471474,0.310343472672222,-0.0905193790437484,0.284777879183159,5,0,0,0.677143105918301
"Astro-4","TGFBR1",-0.037668944109298,0.105911457149002,0.722091843224616,-0.245251585671498,0.169913697452902,5,0,0,0.913496507518516
"Astro-4","PID1",0.0185015413534989,0.119878485999733,0.877344975659468,-0.216455973727166,0.253459056434164,6,0.00908558049481629,9.74129006332468,0.967477325539334
"Astro-4","TMEM132B",-0.115336776151367,0.0640446785729123,0.0717218072731539,-0.240862039555719,0.0101884872529856,6,0,0,0.340943874087003
"Astro-4","ANAPC7",-0.127919630624396,0.0902569141353868,0.156400071985877,-0.304819931685478,0.048980670436686,5,0,0,0.497647147105025
"Astro-4","SETDB2",0.149353622532334,0.0881784506187204,0.0903098414805379,-0.0234729648929013,0.32218020995757,6,0,0,0.387062522528462
"Astro-4","PSAT1",0.0413433234640378,0.105666493636536,0.69560330551352,-0.165759198436203,0.248445845364278,6,0.0217488166757075,37.9927462911716,0.90504651136609
"Astro-4","MDM2",0.109212280064289,0.0793923109719372,0.168944659671276,-0.0463937900901126,0.26481835021869,6,1.4405461660418e-06,0.00313659671156643,0.51441038695325
"Astro-4","LRRIQ1",-0.141164018855838,0.130125021993708,0.277995283422072,-0.396204375450988,0.113876337739311,5,0.00435388837153507,4.81335373311367,0.648555319470209
"Astro-4","STK17B",0.0422932352774803,0.130163112638379,0.74523791732701,-0.212821777609373,0.297408248164334,5,0,0,0.923432283221445
"Astro-4","ILK",-0.06950378099406,0.0987599913217983,0.481579412922654,-0.263069807098273,0.124062245110153,5,0.0057922889632384,11.2662628687507,0.797589520902871
"Astro-4","PAQR6",-0.318365814290347,0.124531774899679,0.0105730261473185,-0.562443608024566,-0.0742880205561275,6,0,0,0.126644449159328
"Astro-4","DRAIC",-0.0439713969303516,0.090775283235618,0.628103193028272,-0.221887682758585,0.133944888897882,6,5.57137958364672e-07,0.000972711107199115,0.874732187741057
"Astro-4","PRKD3",0.142554068921547,0.0840656557567307,0.0899338364740334,-0.0222115886983875,0.307319726541481,6,0,0,0.386481994351826
"Astro-4","PLD2",0.116552522080789,0.170391404036755,0.493957371067549,-0.217408493106463,0.450513537268041,5,0.0665896454066045,52.5854075196682,0.804920399169068
"Astro-4","PTPN2",0.142373724938857,0.106965366829059,0.183180331148294,-0.0672745416392134,0.352021991516927,6,0.023621280790684,39.3155264455517,0.531631758093508
"Astro-4","HADHB",0.0629011684449305,0.0648891520562981,0.332363911475574,-0.064279232572757,0.190081569462618,5,0,0,0.692097477880131
"Astro-4","ITFG2",-0.0801872749231897,0.0849128263799653,0.344991741585157,-0.246613356453424,0.0862388066070449,5,6.27360640841874e-07,0.00156287681987868,0.701888825580209
"Astro-4","RPL37A",0.0500964335448944,0.0852962302442193,0.55698683068271,-0.117081105750812,0.2172739728406,6,0.00359383025971186,7.50867243132168,0.838019334182569
"Astro-4","COL21A1",0.184833252598972,0.146189312128647,0.206107385929897,-0.101692534097861,0.471359039295806,6,3.40633904994386e-06,0.00238429501930624,0.562515533212113
"Astro-4","STIM1",0.0166182109557978,0.0556985063754566,0.765428351941333,-0.0925488555327717,0.125785277444367,6,0,0,0.930620130263641
"Astro-4","WHAMM",-0.0014644613292104,0.0867885047789474,0.986537207430275,-0.17156680496803,0.168637882309609,6,0,0,0.997792489645061
"Astro-4","SLC9A8",0.104101552063202,0.0874502503685835,0.23388573592091,-0.0672977890982318,0.275500893224637,6,0.00964517843237001,21.6617909509205,0.59751351244154
"Astro-4","TUBGCP5",0.00225807977678616,0.0827451296112464,0.978228768283162,-0.159919394157355,0.164435553710928,5,0.00230888337237013,6.09634101464672,0.996286692590459
"Astro-4","TANGO6",-0.0485030307111691,0.0984221890034131,0.622149775384156,-0.241406976437453,0.144400915015115,6,0.0169349967417861,32.4578972175703,0.871552211630741
"Astro-4","PAAF1",-0.143004864950875,0.069902377685749,0.0407780505789101,-0.28001100764866,-0.00599872225309095,6,5.02254767280235e-07,0.00148206620767125,0.25907481176415
"Astro-4","RPS20",-0.0384363012373392,0.12451488029652,0.757558556041634,-0.282480982157834,0.205608379683156,5,0.0214991088054799,28.9152749148356,0.93055803678421
"Astro-4","SH3BGRL2",-0.187344636849985,0.0796869037261157,0.0187225753094023,-0.343528098192682,-0.0311611755072875,6,0,0,0.172159438282753
"Astro-4","GMPS",-0.0359897347944944,0.0638227570761835,0.572821314774247,-0.161080040057863,0.0891005704688742,6,6.44188380421599e-06,0.0216017334747478,0.843676875377731
"Astro-4","OLA1",0.00976758231227462,0.0727049758613115,0.893129419274666,-0.13273155187275,0.152266716497299,6,0.00680709893606906,22.029711288145,0.974281966377217
"Astro-4","DENND2A",-0.308321448519612,0.162580729194607,0.0579044463646809,-0.626973822321302,0.0103309252820771,6,0.0867415552133488,66.2339538464136,0.308930917479346
"Astro-4","FBRSL1",0.0240174005318044,0.0802083962288602,0.764606263691543,-0.13318816733448,0.181222968398089,6,0,0,0.930620130263641
"Astro-4","ZNF793",-0.0204701014055512,0.0855132176382714,0.81081141415887,-0.188072928178698,0.147132725367596,5,0.00377855075106361,9.40211364724234,0.947438607666643
"Astro-4","SEC23B",-0.0908422581658671,0.100053589481179,0.363912023731452,-0.286943690072934,0.105259173741199,5,1.48374201150921e-06,0.0025453598991378,0.717058973167819
"Astro-4","DUSP18",-0.0430563108416749,0.114376260310728,0.706586489908484,-0.26722966173708,0.18111704005373,5,2.41927749018017e-06,0.00271319531221592,0.909549656068508
"Astro-4","KBTBD2",0.121049802492286,0.0966128786609294,0.210228815434747,-0.0683079601258744,0.310407565110445,5,0,0,0.565928925532079
"Astro-4","VPS4B",0.16963741607732,0.0794833857436242,0.0328223217232575,0.0138528426505117,0.325421989504127,6,0,0,0.232793638867751
"Astro-4","ERAP1",0.0590077580142253,0.113702916502145,0.60378561504222,-0.163845863267144,0.281861379295595,5,9.13893241952444e-08,0.000122303390063309,0.86061509116926
"Astro-4","STAMBP",0.116789657687495,0.0805297334504004,0.146983929745126,-0.0410457195599005,0.27462503493489,5,0,0,0.486561348041139
"Astro-4","FAM120C",0.00857617296842406,0.14054676689243,0.951343228607707,-0.266890428284285,0.284042774221133,5,0.0467275054633134,53.438983406696,0.990514051592699
"Astro-4","TUBA1A",-0.170057378842621,0.118471385939114,0.151164608711423,-0.402257028481829,0.0621422707965865,5,0.00909122692690363,12.4954998012256,0.492931995690624
"Astro-4","MAP3K10",0.0954374563609596,0.133814574637733,0.475717837034457,-0.166834290535543,0.357709203257462,5,0.0287918851281953,34.0466696174946,0.793803877957948
"Astro-4","NUP160",0.0581938188134716,0.0864266935079749,0.500736390265982,-0.111199387765041,0.227587025391984,6,0.0104550499146242,24.7111559885302,0.810600441702961
"Astro-4","PPP2R5E",0.0147185693703271,0.0511916074184891,0.773714812402869,-0.085615137480625,0.115052276221279,6,3.26552441022195e-06,0.0172209545544261,0.934135788095595
"Astro-4","TET2",-0.0372489378814079,0.116818066765528,0.749830541144241,-0.266208141485438,0.191710265722622,6,0.040057798134745,62.42967738786,0.926181459911769
"Astro-4","CEBPZOS",0.0915840257361904,0.102415746715218,0.371194704471181,-0.109147149275413,0.292315200747793,6,0.0146362011410221,24.517710167623,0.722794843915013
"Astro-4","NUP133",0.0484247855429501,0.0776902368881965,0.533083500104575,-0.1038452807083,0.200694851794201,6,1.08025053374899e-06,0.00256240974716036,0.824840106059658
"Astro-4","NASP",-0.162005654485707,0.0642575817091984,0.0116958255815251,-0.287948200369376,-0.0360631086020388,6,0,0,0.133088748596437
"Astro-4","CTBP1",0.0338103447436399,0.0791176233448096,0.669129681077204,-0.121257347554592,0.188878037041872,5,0,0,0.893005356245568
"Astro-4","ZNF528",-0.0638975304897958,0.0835050722117565,0.44415638658277,-0.227564464551255,0.0997694035716634,5,0.00155697461140302,3.93720761435914,0.774739225288555
"Astro-4","MBOAT7",0.177372475214986,0.0979695409541165,0.0702204647216218,-0.0146442966370038,0.369389247066976,5,0,0,0.337924386175769
"Astro-4","RPLP2",-0.0870890673638942,0.151616840823595,0.56569557333455,-0.384252614827883,0.210074480100094,5,0.0415078261266213,38.6160843275742,0.843676875377731
"Astro-4","POLR2A",-0.1188965301486,0.157044085524903,0.448995855296945,-0.426697281762438,0.188904221465239,5,0.0614418580493535,58.8383044021453,0.778050558893373
"Astro-4","DNAJC11",0.0249507200380414,0.0842855591128473,0.767210197418347,-0.140245940239961,0.190147380316044,5,0.00365662921935071,9.21057544173943,0.930620130263641
"Astro-4","ZNF350-AS1",-0.158226847135107,0.109743530418069,0.149362338563737,-0.373320214290799,0.0568665200205848,6,0.00697817239478458,9.03487494482049,0.489956276818433
"Astro-4","SPSB3",-0.0924385150741934,0.101735947565829,0.363554906273422,-0.291837308236273,0.106960278087887,5,8.10267433089386e-07,0.00140547663839767,0.717058973167819
"Astro-4","EDEM3",0.172129582713633,0.0765973959025926,0.0246273193790976,0.0220014454349955,0.32225771999227,6,1.9329173081638e-06,0.00472102073572817,0.198106654563521
"Astro-4","NTNG2",-0.109755062018886,0.0729896572196252,0.132656813590316,-0.252812161413275,0.0333020373755037,6,1.4641415679742e-06,0.0038461545297702,0.464171374651061
"Astro-4","NOVA1",-0.0807033783283861,0.0532217669418034,0.129428253588302,-0.185016124727905,0.023609368071133,6,2.07585938482722e-06,0.0104527349727529,0.460845580899158
"Astro-4","GPC6",-0.0637526271830186,0.0935623771386053,0.495623673540203,-0.247131516682639,0.119626262316602,6,0.00843226691741438,15.6860326842103,0.804920399169068
"Astro-4","GTF2IRD2B",0.0855703663857571,0.0957141464271562,0.371311161355634,-0.102025913422462,0.273166646193976,6,0,0,0.722794843915013
"Astro-4","FBXL7",0.0212428474298933,0.0624325624484546,0.73366624038793,-0.101122726431626,0.143608421291412,6,0.00707328287586146,33.2061264526565,0.917055727657729
"Astro-4","ELMO2",0.0679167664910831,0.0695451492719621,0.328774527842929,-0.0683892213814246,0.204222754363591,6,0,0,0.689791311407215
"Astro-4","PATJ",0.0977953490520737,0.0645436737947706,0.129726570002979,-0.0287079270155784,0.224298625119726,6,0,0,0.461199877819225
"Astro-4","RBM19",-0.134462562365326,0.176567320195012,0.446336336971433,-0.480528150794301,0.211603026063648,5,0.0859242733832157,67.7491357257532,0.775927386571891
"Astro-4","MORF4L1",-0.127186881587009,0.0640320363326612,0.0469999397787373,-0.252687366655785,-0.00168639651823244,6,3.97385875449296e-07,0.00134842541970665,0.279644521864339
"Astro-4","DEAF1",0.0214069081857014,0.12152598176684,0.860175412233194,-0.216779639263176,0.259593455634579,6,0.0316603650281227,41.5300387679467,0.964540772247527
"Astro-4","CNTLN",0.185556184850896,0.0721623696678443,0.0101296907100619,0.0441205392628554,0.326991830438936,6,0,0,0.124403897900475
"Astro-4","RAD52",-0.0563257860574937,0.070968487661305,0.427385711315691,-0.195421465910927,0.0827698937959393,5,4.72745337606039e-06,0.0159261774800469,0.765621762940736
"Astro-4","ALG13",0.0178808421199005,0.07328292841885,0.807232853429783,-0.125751058262672,0.161512742502473,6,0.00353661073535764,10.3037283512683,0.946365784478168
"Astro-4","USP6NL",0.0378407276511862,0.0818345736588801,0.643790812599707,-0.122552089410409,0.198233544712781,6,2.39921125016561e-07,0.000522964898031877,0.880794449479828
"Astro-4","LATS1",0.0533387488034851,0.0666896156077409,0.423823257453356,-0.0773704959305074,0.184047993537478,6,1.9971607382698e-06,0.00647385470643422,0.763611324769951
"Astro-4","RNF220",-0.322032549053641,0.143978163359492,0.0253075025545822,-0.604224563798471,-0.0398405343088119,6,0.0634041681129635,58.1172726139282,0.201500843954997
"Astro-4","RUBCN",-0.206354016888989,0.0775819456973132,0.00781824037787787,-0.358411836306266,-0.0542961974717134,6,5.07872164051815e-07,0.0012413803842227,0.107248419301779
"Astro-4","ERICH1",0.0603067583749811,0.128668520520167,0.639285071440549,-0.191878907788599,0.312492424538562,6,0.0347877080297779,40.7217833304126,0.880658082917113
"Astro-4","RAD23B",-0.00252190139824891,0.0636455019524274,0.968392742548261,-0.12726479300298,0.122220990206482,6,0.000944597729843676,3.30526941361135,0.994460940404121
"Astro-4","CAMKK1",0.116520030855599,0.115196766251741,0.311783402756833,-0.109261482133293,0.342301543844492,5,0,0,0.677930312841489
"Astro-4","TMEM106B",0.0732871940342545,0.07058367009088,0.299129291849461,-0.0650542572405273,0.211628645309036,6,0,0,0.667738225551382
"Astro-4","SECISBP2L",0.0483268302280474,0.0552107545774288,0.381402253044385,-0.059884260302993,0.156537920759088,6,4.51512538865412e-06,0.0207707103670718,0.731598731841778
"Astro-4","CDC37",-0.00926540424548731,0.0835856333239365,0.911735895042334,-0.173090235185374,0.154559426694399,6,0,0,0.977985361100006
"Astro-4","DENND6B",-0.127239200885089,0.101350258817756,0.209318961909063,-0.325882057991703,0.0714036562215253,5,3.92865715050071e-06,0.00663383737681795,0.564592676517186
"Astro-4","UBN1",-0.128574143010213,0.0768478960482279,0.0943077956287576,-0.279193251552418,0.0220449655319914,6,0,0,0.394505581201399
"Astro-4","ARHGEF6",0.103728961321719,0.0706466474913526,0.142028558932451,-0.0347359233898289,0.242193846033267,6,1.01074495607879e-07,0.000284978283400355,0.480346742346159
"Astro-4","NPAT",0.138415055223152,0.0814296941711768,0.0891665618583453,-0.0211842126244653,0.29801432307077,5,0,0,0.383788621647188
"Astro-4","GTF2H3",0.0223915062734203,0.0775923433664697,0.772903711510651,-0.129686692200926,0.174469704747766,6,0,0,0.933569233142675
"Astro-4","TRAF3IP1",-0.0143694990291822,0.0730849982967002,0.844129986969614,-0.157613463500886,0.128874465442521,6,0,0,0.960050601108412
"Astro-4","USP20",0.0183627427442545,0.0880806282108937,0.83485691512055,-0.15427211628476,0.190997601773269,6,2.78332731842208e-06,0.00510253344802825,0.956424863745147
"Astro-4","FBXO36",0.0657098880355261,0.101538859558746,0.5175411450747,-0.133302619730887,0.26472239580194,5,1.75074105344034e-06,0.0030776447587751,0.817706026727802
"Astro-4","AP1M1",-0.0781686024800066,0.117159697806437,0.504646287618714,-0.307797390620219,0.151460185660206,5,0.0219235880760898,33.9857179956487,0.81285108315347
"Astro-4","GATAD1",0.0248298487193236,0.0689371246649499,0.718711714861935,-0.110284432821726,0.159944130260373,6,0,0,0.912294535574225
"Astro-4","LRRC58",0.0283488878922908,0.081595420847055,0.728266541892308,-0.131575198271326,0.188272974055907,6,0,0,0.916841668946321
"Astro-4","SRP19",0.102539928592426,0.0940216375280118,0.275449254012768,-0.081739094729957,0.286818951914808,6,0,0,0.647508524694095
"Astro-4","CALCOCO2",0.0938569484051332,0.101687491826316,0.356010313699635,-0.105446873252657,0.293160770062923,6,0.0180401249116383,32.6389295890436,0.712961946232454
"Astro-4","DKK3",0.153937016977375,0.0612211972667658,0.0119221643881852,0.0339456752440916,0.273928358710658,6,8.80457018044827e-06,0.0335903324629989,0.134177270656211
"Astro-4","ZNF69",-0.0830295118991629,0.103953513064244,0.424454115331076,-0.286774653571494,0.120715629773169,6,0,0,0.764122119205461
"Astro-4","IKZF4",0.0359911686970755,0.103709025865752,0.728561352664828,-0.167274786871532,0.239257124265683,5,0,0,0.916841668946321
"Astro-4","WTAP",0.219317528582213,0.0916517956148355,0.0167138345329186,0.0396833100587099,0.398951747105717,6,0,0,0.159599587795107
"Astro-4","PSMF1",0.223838704327391,0.0709627349584154,0.00160876232812534,0.0847542995644353,0.362923109090347,6,2.86456786312646e-06,0.00798252569384491,0.0426032035097562
"Astro-4","NCKAP5L",-0.0988626723947809,0.0941400493687316,0.293641831202406,-0.283373778660317,0.0856484338707556,5,0,0,0.663729887347973
"Astro-4","KRAS",-0.048261064903996,0.0850323511300938,0.570332946197149,-0.214921410639744,0.118399280831752,5,0,0,0.843676875377731
"Astro-4","SLC9A9",0.151749942203439,0.0547646051708004,0.00558931357272158,0.0444132884411142,0.259086595965764,6,0,0,0.0882336148387435
"Astro-4","KDM2A",0.000273953178148317,0.0488269653789595,0.995523337100552,-0.0954251404389964,0.0959730467952931,6,5.05909336512745e-06,0.0296783598097902,0.998372512258354
"Astro-4","HDAC2",0.0379531379998202,0.101887420614067,0.709520072645315,-0.161742536881435,0.237648812881075,5,0.00555786942364385,10.0802163196231,0.910563300354376
"Astro-4","ZMYM1",-0.0277928433604524,0.0910726579745552,0.760235004597427,-0.206291972966915,0.15070628624601,5,1.89942007718162e-06,0.00408430088699852,0.930583523904531
"Astro-4","NCKAP1",0.0320081444910118,0.0422583469951105,0.448786552567444,-0.0508166936656012,0.114832982647625,6,0,0,0.777934671572002
"Astro-4","AP2A2",-0.0499620390458017,0.0593444551598905,0.399844475125914,-0.166275033841339,0.0663509557497359,6,0,0,0.747160630563715
"Astro-4","LHFPL2",0.0447464788926652,0.0953787712084664,0.638965956027183,-0.142192477565615,0.231685435350945,6,0.0128498194670913,24.8959293144751,0.880658082917113
"Astro-4","DPY19L4",0.0243872763098804,0.0814745294811731,0.764692898065372,-0.135299867130566,0.184074419750326,5,0,0,0.930620130263641
"Astro-4","URI1",0.0106169608517761,0.0593895280231648,0.858119691558965,-0.105784375132459,0.127018296836011,6,0,0,0.963854303288347
"Astro-4","PPP1R42",-0.209464983202187,0.162705225095815,0.197958594752166,-0.528361364486467,0.109431398082094,6,0.0575817843100816,40.3638165200056,0.550534544061267
"Astro-4","B9D1",-0.00869709690107182,0.0997593647552091,0.930527835088632,-0.204221858941876,0.186827665139732,6,0,0,0.986901560243516
"Astro-4","MAGED2",0.0928280835458598,0.13029737227256,0.476196992073909,-0.162550073388566,0.348206240480285,5,0.0232468962959062,28.2455897690391,0.793803877957948
"Astro-4","KAT6A",0.0638734023852739,0.0507704695676828,0.208362184304623,-0.0356348894455713,0.163381694216119,6,3.59139176599652e-06,0.0199108625691933,0.564003875630052
"Astro-4","NDST1",-0.00693639990722259,0.0721789533332966,0.923441123889248,-0.148404548882281,0.134531749067836,6,0,0,0.982820619384855
"Astro-4","VCPIP1",0.0560575573006907,0.097792370174026,0.566488718516063,-0.135611966203209,0.247727080804591,5,8.56093956237468e-08,0.000157639115568835,0.843676875377731
"Astro-4","ARMC2",-0.0337391787624426,0.0818010345825972,0.680006557267941,-0.194066260442449,0.126587902917563,6,0.00885997429917673,22.7085996340978,0.898338751178492
"Astro-4","TMEM254",0.0888209097701537,0.102182208634366,0.384715622919064,-0.111452539013961,0.289094358554269,5,1.995619554708e-06,0.00332918904892763,0.733611715516011
"Astro-4","BBOF1",-0.0428215985287637,0.0886822239978317,0.629191142662506,-0.216635563633427,0.1309923665759,6,0,0,0.875577585024868
"Astro-4","TYRO3",0.0161725409274048,0.0937130744165885,0.862985444495692,-0.167501709809631,0.19984679166444,5,0.000942898599931874,1.89761558566955,0.964767735772626
"Astro-4","DDB2",0.245465894353383,0.121815159272962,0.0438974687142149,0.00671256940736736,0.4842192192994,5,0.0126243936061727,16.6228397215854,0.27078811134876
"Astro-4","ZNF621",-0.0383558778953803,0.0789696975063266,0.627177227366365,-0.193133640877803,0.116421885087042,6,2.84826967730848e-07,0.000653191215309232,0.87401927045102
"Astro-4","PEX1",0.00160168262690446,0.0778060187064358,0.983576237326817,-0.150895311818159,0.154098677071968,6,6.12998839258275e-07,0.00144975774913726,0.997792489645061
"Astro-4","SYP",-0.116006205696947,0.0863263788738311,0.179010005443392,-0.285202799205415,0.0531903878115216,5,2.28213297473749e-06,0.00542606948481989,0.525104958235091
"Astro-4","DOCK10",-0.246266016534029,0.102942151500979,0.0167442552211569,-0.448028925967013,-0.0445031071010451,5,0,0,0.159611033190155
"Astro-4","YBX1",-0.191282712398806,0.0970803880112254,0.0487978353770035,-0.381556776505982,-0.00100864829163058,5,1.49353775304547e-06,0.00278439246849887,0.284853683324075
"Astro-4","PPIP5K1",0.0195630765934891,0.127798788219089,0.87833742083471,-0.230917945583787,0.270044098770765,5,0.0188535552451393,23.332713935621,0.96750557947341
"Astro-4","LAMA4",0.145062004116502,0.119819410742759,0.226021142550428,-0.0897797255881164,0.379903733821121,6,7.9540969372169e-07,0.000816723455512963,0.58703161227315
"Astro-4","NDEL1",-0.539279612371475,0.307335790696997,0.0793120279255269,-1.14164669329773,0.0630874685547799,6,0.419527381433337,85.7198938048404,0.35980257186813
"Astro-4","PLPP4",0.157110155426473,0.113443050342957,0.16607529678047,-0.0652341375420856,0.379454448395032,6,0,0,0.512126924105942
"Astro-4","MPZL1",0.0834576065062968,0.085613822093776,0.329652217578345,-0.0843424013763236,0.251257614388917,6,0,0,0.689990543667549
"Astro-4","TFB1M",-0.00977285786846743,0.0945088821499218,0.917640142385217,-0.195006863101455,0.17546114736452,5,3.62387369993217e-07,0.000714210879100945,0.980084172410648
"Astro-4","DHRS7B",-0.0646007566862715,0.0730492258558741,0.376509714843416,-0.207774608462317,0.0785730950897738,5,0,0,0.726420368235513
"Astro-4","MAMDC2-AS1",0.115284080515633,0.100717165858271,0.25236167381542,-0.0821179371915255,0.312686098222792,6,3.70224207858319e-06,0.00536031660949115,0.618949017682902
"Astro-4","SMIM8",-0.115345558199863,0.0848208115339641,0.173870016620463,-0.281591293945892,0.0509001775461666,5,0,0,0.519233477736998
"Astro-4","PPP4R1",0.0772005005909047,0.0652284992185994,0.236595430448281,-0.0506450086431492,0.205046009824959,6,0,0,0.601071154558794
"Astro-4","DNAJB14",0.0726916967503363,0.0607504671996583,0.231477343493595,-0.0463770310049758,0.191760424505648,6,0,0,0.594698612493893
"Astro-4","CTCF",-0.158304000847727,0.0837247323138269,0.0586553905017601,-0.322401460798085,0.00579345910263046,6,0,0,0.311346688941316
"Astro-4","NSMCE1",-0.0669058948991311,0.101539876299103,0.509951951170727,-0.265920395440025,0.132108605641763,5,0,0,0.814908589027067
"Astro-4","HAVCR2",-0.0825506145186738,0.117272839462641,0.48148303439649,-0.312401156230198,0.147299927192851,5,0,0,0.797589520902871
"Astro-4","SCARB1",-0.217725118964272,0.139366379633966,0.118229118739246,-0.490878203702582,0.0554279657740384,6,0.0474878383881946,47.4648709479449,0.442225348330014
"Astro-4","TVP23A",0.0767280351706217,0.0929378685281014,0.409040005023767,-0.105426839944376,0.258882910285619,5,0,0,0.753652801939768
"Astro-4","KIN",0.0235083242929312,0.085418848376179,0.783153078615675,-0.143909542125267,0.19092619071113,5,0,0,0.93801419008406
"Astro-4","EVC2",-0.0211846245825347,0.0995045638571401,0.83140415546814,-0.216209986039895,0.173840736874826,5,0,0,0.955880328717664
"Astro-4","POU3F2",-0.143110385070055,0.110792184892213,0.196460682726851,-0.360259077227295,0.0740383070871845,5,2.07877904680828e-06,0.00293977931227763,0.548603399311892
"Astro-4","SMC3",-0.0157365302984984,0.0773385473253524,0.838763082936005,-0.167317297672836,0.135844237075839,5,0,0,0.958077714511081
"Astro-4","ARHGAP1",0.032242646990268,0.084039880753918,0.701231289356775,-0.132472492552452,0.196957786532988,6,1.51317684345111e-06,0.00309606346481035,0.906866052837415
"Astro-4","SLC8B1",0.0174248971017912,0.0892035899692921,0.845127944498021,-0.1574109265297,0.192260720733282,5,0,0,0.960050601108412
"Astro-4","CCZ1",0.0293082976155682,0.103300261953987,0.776625357553654,-0.1731564954078,0.231773090638936,5,0,0,0.934963126065254
"Astro-4","FAM118A",0.104679151344541,0.110206511044205,0.34219079601916,-0.111321641163916,0.320679943852998,5,0,0,0.699801258457271
"Astro-4","ABCF1",0.157694856941725,0.0953055628405394,0.0980008233079043,-0.0291006137520514,0.344490327635501,5,0,0,0.403072663334167
"Astro-4","IPO8",0.00841475285218517,0.0850943668538958,0.921227746371027,-0.158367141468689,0.17519664717306,5,0.00502713847259162,13.2326672010862,0.9821873805736
"Astro-4","PURB",0.0982478920233744,0.108426680130206,0.364870834083173,-0.114264495995075,0.310760280041824,6,0.0160036849469719,23.5132686061733,0.717912282335119
"Astro-4","SACM1L",0.162761214515833,0.0754920350017353,0.0310832648124619,0.0147995447927942,0.310722884238871,6,7.27921850075311e-06,0.0181578229151168,0.226067633030182
"Astro-4","UBA6",0.0522822243629873,0.0621808756558548,0.400455084188847,-0.0695900524496515,0.174154501175626,6,2.31512665808288e-06,0.0084875295652535,0.747789972594695
"Astro-4","DHX8",-0.0215066645509851,0.0770871887460105,0.780251406320651,-0.172594778162607,0.129581449060637,5,2.02661505611504e-07,0.000597910779552284,0.937378177624084
"Astro-4","CDK11B",-0.0179392426137369,0.0995091833762781,0.856934909521364,-0.212973658162234,0.17709517293476,5,0,0,0.963854303288347
"Astro-4","KIAA0586",0.206994235192778,0.0819548177015634,0.0115464218490672,0.0463657441381677,0.367622726247387,6,0,0,0.132898377605019
"Astro-4","HACL1",0.0256411378031388,0.134273087945713,0.848554895822007,-0.237529278663438,0.288811554269716,6,0.0569046680986779,65.3206734700809,0.960348672435808
"Astro-4","SLC38A9",-0.01041342367356,0.0838635171104621,0.901179818102459,-0.174782896826924,0.153956049479804,6,3.44411322899665e-06,0.00700992120947265,0.975474468187799
"Astro-4","ARHGEF9",-0.126197594919817,0.0578755891982097,0.0292205817354869,-0.239631665332344,-0.0127635245072909,6,0,0,0.220022163368879
"Astro-4","SRBD1",0.0691412846797007,0.073245853583086,0.345189191048298,-0.0744179503600419,0.212700519719443,6,0,0,0.701888825580209
"Astro-4","SNX2",0.0296657199897417,0.0737393746957721,0.687459566835913,-0.114860798656476,0.174192238635959,6,0,0,0.902078718581636
"Astro-4","HECTD4",0.0210671211336565,0.0424716767615371,0.619874984142146,-0.0621758356819828,0.104310077949296,6,5.05668557387009e-06,0.0391486924547209,0.870643157609501
"Astro-4","ACAA1",0.10256950737289,0.097655371107362,0.293570457578508,-0.0888315028944324,0.293970517640213,5,0.00408915611641532,8.00375480072539,0.663729887347973
"Astro-4","LSM14A",-0.00746381070160806,0.0547736486523498,0.891610644803263,-0.114818189362065,0.0998905679588484,6,0.00200795904307235,10.4080490011745,0.973135147503209
"Astro-4","CLPTM1",-0.104734773243561,0.110075034269426,0.34135809460598,-0.32047787600865,0.111008329521527,6,0.0206652577711639,30.5554376567665,0.699099329860466
"Astro-4","ANXA4",-0.0158799185454675,0.0780615455775665,0.838800371803733,-0.16887773645503,0.137117899364095,6,0.00410539931358996,10.5293466458105,0.958077714511081
"Astro-4","ARVCF",-0.140148630586019,0.0994394699414353,0.158720961017966,-0.335046410312986,0.0547491491409471,5,0,0,0.50048743676883
"Astro-4","TGOLN2",0.575846204143962,0.32633532237781,0.0776336468679296,-0.0637592745998138,1.21545168288774,6,0.5258912153887,92.4315230514243,0.356032728121437
"Astro-4","THAP4",0.0708348066687591,0.0990662214683558,0.474593709905682,-0.123331419493687,0.265001032831205,5,8.01791315639299e-07,0.00145362575198734,0.793803877957948
"Astro-4","GAS2",-0.0513894305993184,0.111055214602563,0.643552417564695,-0.269053651515708,0.166274790317072,6,0.00538037627422471,6.71999929575126,0.880794449479828
"Astro-4","LCAT",-0.573070277323099,0.236675444866329,0.0154636662636241,-1.0369456252861,-0.109194929360099,5,0.177003347084213,68.5983457784095,0.153805602080883
"Astro-4","RC3H2",0.117073458250899,0.0725838407512539,0.106757309881009,-0.0251882554811498,0.259335171982947,6,0,0,0.420742715387093
"Astro-4","FRMD6",-0.168633545871672,0.095614261156648,0.0777848382140935,-0.356034054147109,0.0187669624037651,6,0.00356158154533726,6.02324147236444,0.356128069007023
"Astro-4","NARS2",0.00511426421993377,0.0879160353275739,0.953611509430248,-0.167197998685662,0.17742652712553,5,2.77612796096376e-06,0.00642305562125108,0.990940949638495
"Astro-4","ANKRD13C",0.12920642100752,0.0587565346372578,0.0278769525586969,0.014045729262115,0.244367112752926,6,0,0,0.215366216231404
"Astro-4","STX6",0.102195089900484,0.0815920089031882,0.210382824476828,-0.0577223089760366,0.262112488777004,5,0,0,0.566064525759819
"Astro-4","NF2",0.0474681274738359,0.0882874377471569,0.590815680865791,-0.125572070797914,0.220508325745585,5,0.00308692403649534,7.26133414006512,0.85313791203194
"Astro-4","COPB1",0.118333126180215,0.102534238076755,0.248465722110528,-0.0826302876324804,0.319296539992911,6,0.0155050956536472,26.013399868428,0.614637578880301
"Astro-4","SLC17A5",-0.0282263662843187,0.095066631822055,0.766534156214037,-0.214553540787076,0.158100808218439,5,0,0,0.930620130263641
"Astro-4","TRAPPC6B",0.0485437701613203,0.0701605683505388,0.489003058491977,-0.0889684169405965,0.186055957263237,5,0,0,0.802810887646315
"Astro-4","APIP",0.149587915073865,0.10945849461465,0.17174516941068,-0.0649467921728206,0.364122622320551,6,7.20536894830006e-06,0.00875602141174709,0.517692122762333
"Astro-4","ZNF439",-0.0144469271875186,0.0858014233990612,0.866287242776455,-0.182614626871951,0.153720772496914,6,0,0,0.964767735772626
"Astro-4","ANKRD46",0.161486326618554,0.207393403312874,0.436187470754602,-0.244997274505869,0.567969927742976,6,0.158439161123448,75.4181462456283,0.771058067058848
"Astro-4","HSF2",-0.0982514760751736,0.0982666397492991,0.317385191363258,-0.290850550865572,0.0943475987152247,5,0,0,0.682298665243009
"Astro-4","HERPUD2",-0.11076882606086,0.0665449388445675,0.0959982230767761,-0.241194509549633,0.019656857427913,6,0,0,0.399042842043646
"Astro-4","COG4",-0.134755753073685,0.0779983279789916,0.0840465269858016,-0.287629666766851,0.0181181606194814,6,6.61159522319936e-06,0.01528294817241,0.372918058811087
"Astro-4","RGS6",0.112774468122938,0.102842592120658,0.272827847550333,-0.0887933085102943,0.314342244756171,6,0,0,0.643708727136033
"Astro-4","SLCO1A2",-0.334310648460429,0.126868269886139,0.00841123609479924,-0.58296788821817,-0.0856534087026881,5,0,0,0.110713942543281
"Astro-4","ANGEL2",0.0917728561791195,0.0742817958771404,0.216656006292941,-0.0538167884470316,0.237362500805271,5,0,0,0.575291738634926
"Astro-4","RSPRY1",0.018763681632742,0.0757233154761269,0.804294835691627,-0.129651289490431,0.167178652755915,6,5.20068172272483e-08,0.000127307736295708,0.944743740332831
"Astro-4","LINS1",-0.0115535105795499,0.107268593597656,0.914228618245542,-0.221796090703219,0.198689069544119,5,0.00539550914661401,8.82190340398652,0.97864650221828
"Astro-4","USP42",0.0462471957446686,0.098806489132391,0.639742910204483,-0.147409964393666,0.239904355883003,6,0.0167031532026562,31.30764480151,0.880794449479828
"Astro-4","ACTN4",0.145385436683175,0.0747896915608753,0.0519046806251449,-0.00119966519099951,0.29197053855735,6,1.48611058748455e-06,0.00373169261641223,0.292511007795269
"Astro-4","SCRN3",-0.00361663050209131,0.0950152252988816,0.969636897967101,-0.189843050070858,0.182609789066676,6,4.72573534091749e-06,0.00742133754928253,0.994460940404121
"Astro-4","SERPINB9",-0.0755111704554197,0.127303655006064,0.55307547514947,-0.325021749367618,0.173999408456779,5,0,0,0.837742164522021
"Astro-4","KIZ",0.0120232273263022,0.394099055966559,0.975661805360641,-0.760396728709387,0.784443183361992,6,0.823637215399936,95.5660164442129,0.994819457848186
"Astro-4","PTPRJ",-0.0394999242099337,0.0998649691052118,0.692449325742661,-0.235231666973354,0.156231818553487,6,0.0117531885386096,19.3385833494016,0.903527258340838
"Astro-4","AR",-0.034343272424691,0.123635212850495,0.781181971387406,-0.276663836832605,0.207977291983223,6,0,0,0.937378177624084
"Astro-4","R3HCC1L",0.0737690688870478,0.0707876521138877,0.297357089225176,-0.0649721798063227,0.212510317580418,6,0,0,0.667738225551382
"Astro-4","RNF168",-0.278194063218823,0.331983774299238,0.402044812131644,-0.928870304297002,0.372482177859357,6,0.529294041874473,91.2110601629953,0.748156974278909
"Astro-4","TUBE1",0.0678161894058076,0.0807004345344689,0.400715097157078,-0.0903537558184837,0.225986134630099,5,0,0,0.748019774665741
"Astro-4","MEF2A",0.0449115235720128,0.0452510487255987,0.320955212584666,-0.0437789021928278,0.133601949336853,6,0,0,0.68405222869937
"Astro-4","CCT4",0.129797139874582,0.0938025856492795,0.166442162706504,-0.0540525496547393,0.313646829403904,5,1.00197153647196e-07,0.000200615618458446,0.512126924105942
"Astro-4","CNIH1",0.113859581379113,0.0980791544254229,0.245684679578638,-0.0783720289288581,0.306091191687084,6,0,0,0.61359383624075
"Astro-4","C15orf40",-0.0483129818016634,0.0895825100282026,0.589671134561227,-0.223891475101639,0.127265511498312,6,0,0,0.85313791203194
"Astro-4","ZNF789",0.0985492289023857,0.0828370252100623,0.234173723439479,-0.0638083570957729,0.260906814900544,6,0,0,0.59758293089285
"Astro-4","CRYAB",-0.0396718642265447,0.237504558362087,0.867341547951145,-0.505172244780327,0.425828516327238,6,0.180229951354151,59.7650300300215,0.964767735772626
"Astro-4","ATF7IP",-0.0281589852758609,0.0949501046806786,0.766797770917122,-0.214257770778299,0.157939800226577,6,0.020944396926768,46.040505159235,0.930620130263641
"Astro-4","TMEM123",0.0274221090321499,0.0810746054050957,0.735187590574326,-0.131481197622634,0.186325415686934,6,1.30628412277626e-06,0.00284644186980239,0.9173121134897
"Astro-4","EMX2OS",0.0930677323795692,0.135052875526669,0.490747313358652,-0.171631039661272,0.357766504420411,6,0.0598720567239569,67.6649935977232,0.802810887646315
"Astro-4","CLHC1",-0.055929533339013,0.0808075364298644,0.488854036994683,-0.214309394420956,0.102450327742929,6,1.24721859752145e-06,0.00275603290436594,0.802810887646315
"Astro-4","MAN2C1",-0.153608362897395,0.101534690061471,0.130313743675417,-0.352612698599314,0.0453959728045251,6,0.0165886629296852,29.0726386759985,0.461199877819225
"Astro-4","ATL3",0.0586360533394793,0.103689982714332,0.571737868101387,-0.144592578338193,0.261864685017151,5,1.21988536025645e-06,0.0020018529745876,0.843676875377731
"Astro-4","WDR73",0.0494027233442167,0.0838845895665481,0.555903657571062,-0.115008051064142,0.213813497752575,6,7.87148851689482e-06,0.0158887640710221,0.838019334182569
"Astro-4","ZNF487",-0.0604952911097322,0.0942938205636988,0.521157895091071,-0.245307783379264,0.1243172011598,5,2.58148639565789e-06,0.00513634970567876,0.819626957381926
"Astro-4","SETD7",-0.0367430251446011,0.0929977580636578,0.692772176277466,-0.21901528159234,0.145529231303137,5,3.33193372943734e-06,0.00676700672668284,0.903730983240391
"Astro-4","SUGT1",0.0671320679490507,0.0729087944362107,0.357171686207384,-0.0757665433021566,0.210030679200258,5,2.16544087574794e-06,0.00703828944357779,0.712961946232454
"Astro-4","NUP205",0.0718611309798789,0.077912407001591,0.356355261330345,-0.0808443806920657,0.224566642651824,5,0,0,0.712961946232454
"Astro-4","STAT1",0.063955246786138,0.153364742259574,0.676668157251558,-0.236634124540895,0.364544618113171,5,0.0422581621076438,38.907634271055,0.897045829212316
"Astro-4","DDX3X",-0.16400558968397,0.0789151476156292,0.0376861242273716,-0.318676436845265,-0.00933474252267533,6,1.64714295790207e-06,0.00370494839161904,0.250731253999207
"Astro-4","RNF138",0.00910946693806961,0.186348221965919,0.961011652288195,-0.356126336698207,0.374345270574347,5,0.0999761503511731,67.1311998401628,0.994460940404121
"Astro-4","ACLY",-0.0325580138036757,0.105600589418813,0.75784432428155,-0.239531365810751,0.1744153382034,5,0,0,0.93055803678421
"Astro-4","RGCC",-0.175843125441508,0.17861739072044,0.324885402722511,-0.525926778266089,0.174240527383074,5,0.0591592065788455,38.7854813116168,0.687267261684878
"Astro-4","ZC3HC1",-0.0050323423874542,0.0953381536844184,0.957903898864294,-0.191891689961459,0.18182700518655,5,0,0,0.992802864439615
"Astro-4","CYB5R3",0.11492515081853,0.110894932520906,0.300042304565542,-0.102424922990445,0.332275224627505,5,0.0111979010764614,17.8971320187267,0.66863772645328
"Astro-4","POGLUT1",-0.0445870873111188,0.098342727711236,0.650271757466781,-0.23733529176657,0.148161117144333,5,2.3067035072252e-07,0.000425956649489199,0.883296308593225
"Astro-4","API5",0.104180267348803,0.0783186930593998,0.183449264171352,-0.0493215503638682,0.257682085061473,5,0,0,0.531847070543483
"Astro-4","ENDOV",-0.121556491091706,0.272435420784119,0.655463901233728,-0.655520103941594,0.412407121758182,5,0.280820545014303,82.9451389613773,0.884860066371384
"Astro-4","MEF2D",-0.078096899936883,0.100669264458321,0.437880666634948,-0.27540503262533,0.119211232751564,5,6.20973266077409e-07,0.00109944776062849,0.772015558799253
"Astro-4","C1orf54",0.0328813380583269,0.106395570520986,0.757285015635947,-0.175650148277398,0.241412824394052,6,3.58175660906019e-07,0.000457070586910406,0.93055803678421
"Astro-4","ATIC",0.0243411874774122,0.0896878441852285,0.786084203201361,-0.151443756976676,0.2001261319315,5,1.54167809318129e-07,0.000334334743708452,0.939715672621951
"Astro-4","CEP97",-0.146536376977618,0.0895033911975956,0.101585361722497,-0.321959800219104,0.0288870462638691,6,2.26868638232378e-06,0.00392153018180896,0.410095525298065
"Astro-4","CHFR",-0.118875037210105,0.0609949490038077,0.051303488662593,-0.238422940496426,0.00067286607621489,6,1.11208325423848e-07,0.000409263530678396,0.291706351112779
"Astro-4","VEZF1",0.116854048435595,0.0942236118804587,0.214909571980959,-0.0678208373433848,0.301528934214574,5,0,0,0.572539478300586
"Astro-4","GLE1",0.116565761129481,0.0955718734072947,0.222591529100651,-0.0707516686838376,0.3038831909428,5,0,0,0.583404876520139
"Astro-4","RRAS2",-0.0398343912714173,0.0927477511482793,0.667565417459783,-0.221616643169128,0.141947860626293,5,0,0,0.892811535300033
"Astro-4","SEMA6A-AS1",0.069984120197709,0.118370861724872,0.554367933882947,-0.16201850560201,0.301986745997428,5,0,0,0.838019334182569
"Astro-4","VPS35",-0.0504487894245743,0.0883650165886904,0.568058213926387,-0.223641039431692,0.122743460582543,5,0,0,0.843676875377731
"Astro-4","KLHL3",0.0889559235273498,0.0774202242996932,0.250555523645943,-0.0627849277750615,0.240696774829761,6,0,0,0.616734686865318
"Astro-4","ZNF274",0.0764132939680066,0.10060531529401,0.447532372445991,-0.12076950066155,0.273596088597564,5,3.70148783042445e-06,0.00648681610128399,0.776993584965035
"Astro-4","TRMT10B",0.0488302627932394,0.0862232463977796,0.571173792674251,-0.120164194776532,0.21782472036301,6,0,0,0.843676875377731
"Astro-4","DAG1",-0.135313230382288,0.116279942822594,0.244551672581523,-0.363217730438949,0.0925912696743733,6,0.0245823784249018,34.270059672073,0.611603129871922
"Astro-4","HOMER2",-0.128470494651465,0.0728723355173254,0.0779084351762408,-0.271297647734742,0.0143566584318119,5,0,0,0.356395203461162
"Astro-4","CAAP1",-0.0305398587105878,0.0802773333977964,0.703626685592855,-0.187880540945183,0.126800823524008,5,0.0011622555570544,3.1772459089854,0.908345298205666
"Astro-4","ALMS1",0.0188352352428967,0.0638555885688772,0.768019760637141,-0.10631941856371,0.143989889049504,6,0.00456065384387417,18.8427447070865,0.930934161804006
"Astro-4","SYCP2",0.0720668142187737,0.0840527654702235,0.391224036080713,-0.0926735789038562,0.236807207341404,6,0.00037051760071945,0.742385226398101,0.739399891028669
"Astro-4","SEC11C",0.0514561120503654,0.0912867876256061,0.572975095522852,-0.127462703960179,0.23037492806091,6,0.000972233375552888,1.69340617205561,0.843676875377731
"Astro-4","NBPF12",-0.105893352300942,0.0799578706312984,0.185382072869002,-0.2626078990188,0.0508211944169156,6,0,0,0.533937401990279
"Astro-4","YARS2",0.000927898401879765,0.123888820000652,0.994024086378421,-0.241889726886564,0.243745523690323,5,0.0187404608243447,24.7829251353597,0.998372512258354
"Astro-4","CCNK",-0.0520688593180454,0.0919934484543745,0.571389587000037,-0.232372705102261,0.12823498646617,5,2.40649104301511e-06,0.00508688166690629,0.843676875377731
"Astro-4","SLAIN1",0.0170831515430929,0.072780299855207,0.814424361864449,-0.125563614957138,0.159729918043324,6,0,0,0.949616228269735
"Astro-4","RBBP4",-0.0377399554426722,0.0654550073954075,0.564224170189706,-0.166029412545474,0.0905495016601293,6,0,0,0.842859171753876
"Astro-4","ACOX3",0.0479358423016196,0.0877983185019646,0.585081905801855,-0.124145699865408,0.220017384468647,5,0,0,0.850377160588007
"Astro-4","CFAP36",-0.110765054063167,0.098734136265549,0.261925519546528,-0.304280405188313,0.0827502970619789,6,0.0150709788575812,27.5703291834915,0.630796994030026
"Astro-4","SCCPDH",-0.0342038712471121,0.0821179866023782,0.677028756278948,-0.195152167470716,0.126744424976492,5,0,0,0.897045829212316
"Astro-4","PLEKHM1",0.00869592152768494,0.0978995710473681,0.929221052984514,-0.183183711827077,0.200575554882447,6,1.50674286495097e-07,0.000225749118659046,0.985898483178208
"Astro-4","ACVR1C",-0.0123162529189151,0.107979863208418,0.909189718759746,-0.223952895862976,0.199320390025146,5,0,0,0.976980964758161
"Astro-4","MED28",0.0386893024601952,0.0852921796549896,0.650110256524733,-0.128480297826504,0.205858902746895,6,0,0,0.883296308593225
"Astro-4","CDC40",-0.0130204873436386,0.0730695068802919,0.858571270401393,-0.156234089197112,0.130193114509835,6,0,0,0.963854303288347
"Astro-4","GIT2",-0.000237955952454606,0.0665577541225281,0.997147425139967,-0.130688756924482,0.130212845019573,6,2.02704023604255e-05,0.0637958509408603,0.998426991038405
"Astro-4","SPOPL",-0.0165284487400298,0.085800479796693,0.847242337330674,-0.184694298997805,0.151637401517745,5,2.04412320529036e-06,0.00478334352562212,0.960204024047555
"Astro-4","ATP6V1B2",0.0450327178250817,0.085239368565456,0.59728494903738,-0.122033374628148,0.212098810278311,5,0,0,0.856489995180406
"Astro-4","CRY1",0.0809746738787421,0.104228334708401,0.43721957912331,-0.12330910831831,0.285258456075794,5,0,0,0.772015558799253
"Astro-4","SMAD4",0.0507942896242128,0.0707624464317597,0.472871850082356,-0.087897556839981,0.189486136088407,5,0,0,0.792817223364646
"Astro-4","NECAB3",-0.192466620384099,0.105180119812412,0.067268421172803,-0.398615867106034,0.0136826263378372,5,0,0,0.329338393437794
"Astro-4","HNRNPH3",-0.118571731758148,0.0634019523064758,0.0614617412723128,-0.242837274828367,0.00569381131207038,6,7.57450896589758e-06,0.0253414562646809,0.316908212020476
"Astro-4","EIF4ENIF1",0.0553058363735185,0.0846269790642074,0.513417954791706,-0.110559994712753,0.22117166745979,6,0,0,0.815437298363564
"Astro-4","CERS5",0.0434282691247449,0.0758543690598924,0.566968617535967,-0.105243562302653,0.192100100552143,6,5.03410471082973e-06,0.0124744432687408,0.843676875377731
"Astro-4","BAG4",-0.091375242885193,0.0877645941661533,0.297810507049178,-0.263390686568628,0.0806402007982415,5,0,0,0.667738225551382
"Astro-4","NLGN1",-0.354171298656201,0.0917544942228614,0.000113392330356824,-0.534006802752698,-0.174335794559704,6,0.00277566682596052,5.02549454989101,0.0087463302717125
"Astro-4","DCDC1",-0.0693132102734428,0.111398243237818,0.533803146008342,-0.287649754960599,0.149023334413713,6,0.00344649329295847,4.24343580551548,0.825023424871977
"Astro-4","ALKBH3",0.106859794011025,0.0948171379232793,0.259738558899036,-0.078978381435769,0.29269796945782,5,8.81580374533433e-07,0.00173838983434585,0.62755193831754
"Astro-4","ZNF383",0.0356143916580322,0.112511567731781,0.751592803970892,-0.184904228940398,0.256133012256462,5,0.00998619723601117,15.1617264737092,0.927450204448989
"Astro-4","ZMPSTE24",0.0719789165198921,0.106763188751015,0.500189083777388,-0.137273088306749,0.281230921346533,5,0.00489391727131742,8.04567490623946,0.81021138066195
"Astro-4","MVD",-0.231309555401878,0.205257929788365,0.259775710826795,-0.633607705328325,0.170988594524569,5,0.122609572368554,66.0921311903796,0.62755193831754
"Astro-4","CALU",-0.0447922901562379,0.0984396420785345,0.64909277329191,-0.237730443281179,0.148145862968703,5,0,0,0.883024838784661
"Astro-4","DSCAML1",-0.336105485601206,0.123239170011374,0.00638623400438653,-0.577649820308107,-0.0945611508943046,6,4.54751180354458e-06,0.00453106123089005,0.0950452592151478
"Astro-4","GCN1",0.00703897596557409,0.0825025298379254,0.932008339677056,-0.154663011150201,0.168740963081349,5,0,0,0.987295453105121
"Astro-4","NUP210",-0.0690370013324289,0.0917391597679491,0.451728913456995,-0.248842450449575,0.110768447784717,5,0,0,0.781052018139317
"Astro-4","RBM33",0.0294419452129321,0.0769920998972757,0.702163089330576,-0.121459797679838,0.180343688105702,6,0.014172324622677,49.2814336443799,0.907426400139546
"Astro-4","NTPCR",0.0116635651079225,0.0927078839907735,0.89988244345542,-0.170040548596911,0.193367678812756,5,0,0,0.975272418460036
"Astro-4","PTPDC1",0.181164298534762,0.0875198998083661,0.0384543711316615,0.00962844697981047,0.352700150089713,5,0,0,0.252850861341342
"Astro-4","LRFN5",0.0995548471442798,0.089329487457962,0.265078503982323,-0.0755277310307482,0.274637425319308,6,0,0,0.632252746179672
"Astro-4","SNX32",-0.0455421899209947,0.0813300993323622,0.575501794386622,-0.20494625547149,0.1138618756295,6,0,0,0.844844392502818
"Astro-4","LRRC27",-0.089971843126959,0.0922348120665024,0.329329589389658,-0.270748752898124,0.090805066644206,5,0,0,0.689990543667549
"Astro-4","RPS3",-0.186620782170086,0.0923636495891903,0.0433315185335024,-0.367650208845577,-0.00559135549459519,5,0,0,0.268340991190465
"Astro-4","ZC4H2",-0.076463021343662,0.096413850238858,0.42773650173449,-0.265430695422662,0.112504652735338,5,0,0,0.765998941794684
"Astro-4","ZNF235",0.0647716979720786,0.0777876138128942,0.40502879729317,-0.0876892235445045,0.217232619488662,6,0,0,0.750164234830629
"Astro-4","ZFYVE26",-0.00772288946893623,0.090005857214086,0.93162198911169,-0.184131128006199,0.168685349068327,5,0,0,0.987295453105121
"Astro-4","ZNF568",0.075655467245906,0.082226073099191,0.357525223495183,-0.0855046746186662,0.236815609110478,5,0,0,0.712961946232454
"Astro-4","FEM1C",0.0539536975780112,0.166307994059247,0.745619815389764,-0.272003981119213,0.379911376275236,5,0.0619906361511344,48.5587407135437,0.923695947302992
"Astro-4","ATG14",-0.112320452387282,0.0750944081046836,0.134725788105957,-0.259502787712815,0.0348618829382502,6,0,0,0.467883722545297
"Astro-4","ZMAT1",0.0747359517262391,0.0689968240250125,0.278728716082259,-0.0604953384104334,0.209967241862912,6,0,0,0.648555319470209
"Astro-4","TPR",0.140377957809348,0.0603919390151317,0.0201014636223544,0.0220119323831507,0.258743983235545,6,0,0,0.178003113625046
"Astro-4","MED4",0.213958749090833,0.176197419671539,0.224628370976846,-0.131381847634273,0.55929934581594,6,0.107166084167274,71.5646942569779,0.585519121691302
"Astro-4","BSDC1",-0.0571231656147631,0.0864794025986233,0.508906905536969,-0.226619680112604,0.112373348883078,5,0.0050657100363858,12.8944047577409,0.814883221025062
"Astro-4","CPQ",-0.107517810817381,0.0538525091775616,0.0458769488060594,-0.213066789282515,-0.00196883235224785,6,0,0,0.276273312435167
"Astro-4","TBC1D16",0.0169242923230323,0.099541520567495,0.864992488106934,-0.178173502955611,0.212022087601676,5,0.00364849284053236,6.74642531878106,0.964767735772626
"Astro-4","ENKUR",0.0469126676696987,0.111844327359777,0.674890133825503,-0.172298185830572,0.266123521169969,5,0,0,0.895807997801919
"Astro-4","IGFBP5",-0.222656357846136,0.270031312839793,0.409622829824123,-0.751908005710199,0.306595290017926,6,0.250197639475326,64.0525196642803,0.753652801939768
"Astro-4","SERPINI2",-0.0413114842551461,0.17277689694384,0.811025671301569,-0.379947979625662,0.29732501111537,6,0.0707607031004911,43.5877409738046,0.947438607666643
"Astro-4","PHC1",-0.169392633528017,0.0743733685112044,0.0227505412558147,-0.315161757218903,-0.0236235098371311,6,0,0,0.190572539115935
"Astro-4","ODF2L",-0.0655742803801922,0.0746462489438038,0.37969023677903,-0.211878239891059,0.0807296791306743,6,2.14155452185797e-08,5.48155744494814e-05,0.729721348799106
"Astro-4","FOXK1",-0.019006295308136,0.0992802827286271,0.848180268732922,-0.213592073831199,0.175579483214927,6,0.0167460946375138,31.3026866938916,0.960204024047555
"Astro-4","EFS",-0.13968567953736,0.100122087139373,0.162969558168093,-0.335921364387512,0.0565500053127913,5,0,0,0.507528779375214
"Astro-4","COLQ",-0.0626027612293893,0.103461733717397,0.545124972961018,-0.265384033093561,0.140178510634782,5,0,0,0.830999889007279
"Astro-4","CTR9",0.0841183228175294,0.0941166163350664,0.371446586152094,-0.100346855545975,0.268583501181034,5,0,0,0.722794843915013
"Astro-4","PHF10",0.101689405932939,0.085314174696068,0.233284641258313,-0.0655233038421127,0.268902115707991,5,0,0,0.597094990887023
"Astro-4","PTCHD1",0.314809034377253,0.0967706780265415,0.00114135293640856,0.12514199068571,0.504476078068796,5,0,0,0.0356232556495059
"Astro-4","PLP1",-0.295096626051566,0.100801038290624,0.00341681767255824,-0.492663030705432,-0.0975302213977002,6,5.29423444975286e-06,0.00705420651117319,0.0650266833711257
"Astro-4","CELF1",0.0487471931969214,0.0471290177799522,0.300979574094177,-0.0436239842785327,0.141118370672375,6,1.71827119557575e-06,0.0109358985398,0.669906452201465
"Astro-4","FAM110B",0.190044794497653,0.0959167402916183,0.0475518485565812,0.00205143801159946,0.378038150983707,5,0,0,0.280116065335455
"Astro-4","DCP2",0.0814201988516629,0.103411947972078,0.431083789579337,-0.12126349474474,0.284103892448066,5,0.00789705582555384,14.1459858364509,0.769722019837312
"Astro-4","NSD1",-0.105734692747883,0.045580917523116,0.0203563537030691,-0.195071649475481,-0.0163977360202847,6,0,0,0.178071997979145
"Astro-4","PPP2R2C",-0.0741454030246284,0.0816148873798303,0.363625257244564,-0.234107642891388,0.0858168368421316,6,0,0,0.717058973167819
"Astro-4","PCYT1B",-0.171235718634571,0.0954087977361772,0.072692239057776,-0.358233526005745,0.0157620887366027,6,0,0,0.342807731979009
"Astro-4","RPS6KA5",0.0256253221350819,0.074718214085177,0.7316289206765,-0.120819686461018,0.172070330731182,6,0.00907037686272244,29.3883988268645,0.916970437066325
"Astro-4","PPP1R3F",0.056268497684823,0.097621422313283,0.564348237298299,-0.135065974168786,0.247602969538433,5,0,0,0.842859171753876
"Astro-4","ATP6AP2",-0.00740905020929229,0.100010074275647,0.940944311277042,-0.203425193880737,0.188607093462152,5,0,0,0.988287010175912
"Astro-4","PITPNB",0.0873091328330198,0.0612798622459024,0.154226417269542,-0.0327971901465246,0.207415455812564,6,0,0,0.497392006897121
"Astro-4","NSL1",0.0127372161144421,0.0757327500460698,0.866436665509994,-0.135696246426029,0.161170678654913,6,0,0,0.964767735772626
"Astro-4","PPP2R2D",0.0819460857885649,0.0650666263236377,0.207879361318912,-0.0455821584012909,0.209474329978421,6,4.17640635456588e-09,1.35090184559992e-05,0.564003875630052
"Astro-4","KLHL32",-0.0947218188762795,0.0700149420820946,0.176093951338524,-0.231948583736843,0.0425049459842837,6,0,0,0.521573655735583
"Astro-4","TAF4",0.0405288646218078,0.0956283979157527,0.671699859523167,-0.146899351192333,0.227957080435948,6,0.00974252908687712,17.5680207672216,0.894553541056958
"Astro-4","NOL3",0.0534566858077154,0.290796251080644,0.85414787011666,-0.516493493149613,0.623406864765044,6,0.361033764837065,83.1581271221806,0.963034489733971
"Astro-4","SMARCD2",-0.0983734171576456,0.113180010983525,0.384750544185529,-0.320202162455202,0.123455328139911,5,0.0166990634570478,26.6145670172412,0.733611715516011
"Astro-4","HNMT",-0.0580133024778626,0.122051124622235,0.634559128233951,-0.297229111010052,0.181202506054327,5,2.71259033318279e-06,0.00323817293462659,0.878660248083969
"Astro-4","LSS",-0.415090359734281,0.206198588902863,0.0441082011407198,-0.819232167646873,-0.0109485518216894,6,0.177033779672503,82.9039328319597,0.27078811134876
"Astro-4","NELFA",-0.102464526933121,0.0721187738209266,0.155382277322121,-0.243814726231327,0.038885672365085,6,0,0,0.497647147105025
"Astro-4","DDI2",0.0647640384895045,0.0843889856722001,0.442816042663717,-0.100635334119874,0.230163411098883,6,0.00350648085670001,7.54182490496052,0.774513785967693
"Astro-4","ZNF737",-0.122658300493344,0.122823510704669,0.317961896513617,-0.363387957929266,0.118071356942578,5,0.0217581515650794,30.2726953203743,0.682298665243009
"Astro-4","TXNDC16",-0.239139293958863,0.12596387790595,0.0576335162189753,-0.486023958007526,0.00774537008979967,6,0.038301920759373,49.3800307029987,0.308930917479346
"Astro-4","RBBP7",0.0419329783070065,0.140067748997611,0.764652867755705,-0.232594765123907,0.31646072173792,5,0.0430299939354092,49.3880061230157,0.930620130263641
"Astro-4","MPRIP",0.0668556383007444,0.0535073697791061,0.2114946884139,-0.0380168793737704,0.171728155975259,6,8.46483228901027e-07,0.00417879757505007,0.567937063970857
"Astro-4","ELP3",0.0918534122342615,0.0684737765125826,0.179777877375423,-0.0423527236158451,0.226059548084368,5,0,0,0.525824613522583
"Astro-4","PRKAR1A",-0.167641142020652,0.0753305978033092,0.0260540149866829,-0.31528640064901,-0.0199958833922934,5,7.93327058464196e-06,0.0239345792724959,0.20594360326666
"Astro-4","B3GALT5",-0.0568733958032368,0.113535873768736,0.616421190680859,-0.279399619343246,0.165652827736772,5,4.90582964282513e-06,0.00716625313767163,0.868802502451277
"Astro-4","NBPF11",-0.031233520404232,0.0956978965992957,0.744139706089135,-0.21879795113509,0.156330910326626,6,1.21544789228931e-07,0.00019528970856278,0.922699449411771
"Astro-4","NBR1",-0.0623056868606,0.0784894728656499,0.427306358716407,-0.216142226842808,0.0915308531216077,5,0.000745781799894039,2.11371165945889,0.765621762940736
"Astro-4","DNAJC6",-0.13993823958246,0.0689198170463806,0.0423108229928401,-0.275018598814455,-0.00485788035046414,6,0,0,0.264418438428939
"Astro-4","TM9SF2",0.0967950090632832,0.0703294050790557,0.168725917790379,-0.0410480919457942,0.234638110072361,6,0,0,0.51441038695325
"Astro-4","ZNF780B",0.142728979691917,0.061296477335632,0.0198854548453436,0.0225900917349023,0.262867867648931,6,0,0,0.176896342614441
"Astro-4","ERRFI1",0.209085850066307,0.109318192028113,0.0557947373111642,-0.005173869163828,0.423345569296443,5,0.00657498167899325,10.4201880342792,0.305667858769889
"Astro-4","ADAM9",0.0764897607067928,0.0900756626498914,0.395785405262472,-0.100055293970574,0.25303481538416,5,1.34517871317166e-06,0.00292342504587646,0.742879685066536
"Astro-4","RNF145",-0.00661675966946805,0.0841668412796561,0.937339012671285,-0.171580737270093,0.158347217931157,6,0.00509050305018844,11.2272391134783,0.988168649788257
"Astro-4","SUN1",0.0304556966939723,0.0647947536275082,0.63833117335706,-0.0965396868030897,0.157451080191034,6,0.00410187951345594,15.962195694388,0.880658082917113
"Astro-4","THAP6",-0.00172376632063017,0.0804623478916653,0.982908013854835,-0.159427070299827,0.155979537658566,6,1.54170348060077e-06,0.00340931701510588,0.997792489645061
"Astro-4","ZFAS1",-0.0146080841396675,0.0941105280724191,0.876645804480749,-0.199061329727655,0.16984516144832,5,0,0,0.967321087691687
"Astro-4","YY1",0.000481851371221261,0.067634454981199,0.994315641080875,-0.132079244505924,0.133042947248367,6,7.3080403902453e-08,0.000224024831811893,0.998372512258354
"Astro-4","RAD17",-0.0426007414773474,0.102726021122803,0.678359675618889,-0.243940043153142,0.158738560198447,6,0,0,0.897045829212316
"Astro-4","MED24",-0.0575193842674294,0.0931991459485624,0.537124955095673,-0.240186353716504,0.125147585181645,5,0,0,0.826415916826076
"Astro-4","TCP11L1",0.0202574156285957,0.105704347345583,0.84802246983695,-0.18691929817806,0.227434129435251,6,0.0167743705313775,26.5250183575824,0.960204024047555
"Astro-4","ZNF549",0.128790486141981,0.0970069023787077,0.184296238197202,-0.0613395487720792,0.318920521056041,5,0,0,0.533170578937032
"Astro-4","SFMBT1",-0.00318592568915705,0.0739770831991159,0.965648613769792,-0.148178344440747,0.141806493062433,5,0,0,0.994460940404121
"Astro-4","ABTB2",-0.0581937283336754,0.140686511232673,0.679136942303721,-0.333934223460305,0.217546766792954,6,0.024075912883578,20.5147825331447,0.897675172791442
"Astro-4","C5",0.0658640148982277,0.0951567565471351,0.488834781453218,-0.120639800819803,0.252367830616258,5,0,0,0.802810887646315
"Astro-4","B3GAT2",0.00647049400797417,0.103035645141841,0.949926882695091,-0.195475659593883,0.208416647609831,6,0,0,0.990333490365009
"Astro-4","PYGB",-0.0690351098020566,0.0889545360687854,0.437706574024859,-0.243382796758345,0.105312577154232,6,0.00973924841793889,21.1231584759823,0.772015558799253
"Astro-4","NTRK2",-0.0797942556643612,0.0874512593255511,0.361535765414275,-0.251195574345114,0.0916070630163915,6,0.0164853187727176,40.7802676765277,0.716076384543473
"Astro-4","RUSC2",0.0429793550005773,0.0676921659484482,0.525478231722969,-0.0896948522938898,0.175653562295044,5,7.22162680542933e-07,0.00275813596709636,0.822396017670733
"Astro-4","DPF2",-0.129500883836266,0.0983039235677242,0.187720616380112,-0.322173033567984,0.0631712658954514,5,0,0,0.536260463738584
"Astro-4","N4BP1",0.0819547426898239,0.0673701189948167,0.223800201997051,-0.0500882641741946,0.213997749553842,6,2.21546469290613e-06,0.0066185227000822,0.584040469807879
"Astro-4","STARD3NL",0.00785507893588717,0.0963182961743259,0.935001905435572,-0.180925312618054,0.196635470489828,5,3.53923890715942e-08,6.60595429783007e-05,0.987870429919354
"Astro-4","CAPRIN1",0.0307237561391527,0.0737324761247621,0.676903476495855,-0.11378924155634,0.175236753834646,6,0.00225698680072021,6.17741929313662,0.897045829212316
"Astro-4","FRYL",-0.00882904671691796,0.0474640275429454,0.852432574807169,-0.101856831262308,0.0841987378284721,6,0,0,0.962534145004807
"Astro-4","CEP78",-0.0518486643122012,0.0793909131541428,0.513704325584715,-0.207451994794068,0.103754666169666,5,0,0,0.815654949518521
"Astro-4","SLC11A2",0.150570788163781,0.0730474175236938,0.039276847621427,0.00740048065368118,0.293741095673881,6,0,0,0.25600255573775
"Astro-4","PDZRN4",0.149404515478168,0.125676301742618,0.234516724527335,-0.0969165096475509,0.395725540603887,5,0,0,0.598006699051496
"Astro-4","ACIN1",0.0121395448502846,0.0576677778166982,0.833270988171941,-0.100887222738902,0.125166312439471,6,0.000754124420035555,3.2558839752963,0.955880328717664
"Astro-4","SENP2",-0.0352108768010613,0.0680041663994533,0.604615062437578,-0.168496593742659,0.098074840140536,6,0,0,0.860638452347623
"Astro-4","CDK5RAP2",-0.00124070110100076,0.0535549215600541,0.981517147616923,-0.106206418553574,0.103725016351573,6,1.70672930046009e-06,0.00832286727743976,0.99755604605261
"Astro-4","NOL8",0.0677351449086608,0.092591569141844,0.464444710034419,-0.113740995881404,0.249211285698725,5,0,0,0.789308384811566
"Astro-4","FBXO27",0.0942447682873675,0.101637851767642,0.353791282108457,-0.104961760643231,0.293451297217966,6,0,0,0.710629443393038
"Astro-4","UBAP2",0.0558120559899442,0.0528235847876722,0.290705794874923,-0.0477202677281911,0.15934437970808,6,1.37790975369136e-06,0.00691029204808402,0.661322387174855
"Astro-4","PAQR3",0.0025800684605737,0.0979117549004424,0.978977411053194,-0.189323444807407,0.194483581728554,5,0,0,0.996677468624892
"Astro-4","MIATNB",-0.0696361186946257,0.0894170055873748,0.436109696073463,-0.244890229251297,0.105617991862046,6,0.00829836451099319,17.0923903243376,0.771058067058848
"Astro-4","GSPT1",0.138746316094506,0.0633069907112452,0.0284053024212997,0.0146668943308534,0.262825737858158,6,0,0,0.216992673881313
"Astro-4","JUNB",0.00936283222232762,0.238121520001425,0.968635615968757,-0.4573467709244,0.476072435369055,6,0.158111655267323,51.5359376342769,0.994460940404121
"Astro-4","PFKFB4",0.0362680003473965,0.0937211817456119,0.69877277244912,-0.147422140462536,0.219958141157329,5,3.9930272674219e-07,0.000792048754601082,0.906488398585236
"Astro-4","ZNF821",0.00807594644136634,0.139769604350563,0.953923534701778,-0.265867444219149,0.282019337101882,6,0.0418494879201967,40.7025532281132,0.990940949638495
"Astro-4","UBE2J1",0.0317698020595883,0.0893223851905038,0.722083443630395,-0.143298855927013,0.20683846004619,5,5.4221541733989e-06,0.0114871002991059,0.913496507518516
"Astro-4","UNC45A",-0.0250738425099486,0.10381866542468,0.809155413485006,-0.228554687665334,0.178407002645437,5,0.00757800995731701,13.4249687560836,0.946585322007947
"Astro-4","ZNF33A",-0.069606531830824,0.0661433631454897,0.292635091501204,-0.199245141412338,0.0600320777506898,6,0,0,0.662865188446063
"Astro-4","ZDBF2",-0.00684616756687516,0.0892912195668213,0.938884201915087,-0.181853742053503,0.168161406919753,5,4.91832299816319e-07,0.00102544239970281,0.988251866623421
"Astro-4","POLR2F",-0.212947335828863,0.0889607490700967,0.0166783675284349,-0.387307200043957,-0.0385874716137679,5,0,0,0.159599587795107
"Astro-4","NUP107",0.176539797559212,0.0930284556337693,0.0577360414524267,-0.00579262502035752,0.358872220138783,6,3.46756110577347e-06,0.00585164647087086,0.308930917479346
"Astro-4","GLS",-0.0453265069992361,0.0655375879924814,0.489181745495966,-0.173777819098124,0.083124805099652,5,0,0,0.802810887646315
"Astro-4","NBPF14",0.0191856331917606,0.090115946351196,0.831405410623745,-0.157438376089327,0.195809642472848,6,2.7404036707648e-06,0.00482887553414228,0.955880328717664
"Astro-4","ANKRD42",-0.0987744944986835,0.155134460938726,0.52431866423086,-0.402832450699622,0.205283461702255,5,0.0524565513990918,49.129593140079,0.821520086624871
"Astro-4","KLHL20",0.0558399835202872,0.0789156309173951,0.479199336016013,-0.0988318108950627,0.210511777935637,5,9.77816480158452e-07,0.00278219930308132,0.795800174314218
"Astro-4","SRSF7",-0.185462162766607,0.176029125740477,0.292071616167519,-0.530472909448014,0.159548583914801,5,0.0792167603856478,57.2059806358576,0.662559765973457
"Astro-4","KDM5C",0.0434018676820193,0.100679119586872,0.666402165833494,-0.153925580703451,0.24072931606749,6,0.00743114200583569,11.6895025755381,0.892567099014846
"Astro-4","DHX34",-0.0480597708761275,0.104446508844733,0.645417422879989,-0.252771166522749,0.156651624770494,5,2.8548100887837e-06,0.00457448980027411,0.88140559756032
"Astro-4","SMIM13",-0.15031081189193,0.100469168915298,0.134630481049226,-0.347226764522585,0.0466051407387248,5,0,0,0.467883722545297
"Astro-4","BACH2",0.121729730936274,0.0719476863849746,0.0906612243919765,-0.0192851431492589,0.262744605021807,6,0,0,0.387168411126955
"Astro-4","APBB3",-0.000923441047955084,0.0975051747182173,0.992443597554199,-0.192030071801946,0.190183189706036,5,0,0,0.998372512258354
"Astro-4","TTF2",0.157968987773342,0.106300285583215,0.137262292464252,-0.0503757435160829,0.366313719062766,5,0,0,0.472715410743847
"Astro-4","DUBR",0.203176057500519,0.135904621675212,0.134917038265991,-0.0631921063154392,0.469544221316477,6,0.0454250741935229,49.6961574276377,0.467883722545297
"Astro-4","RGS7",-0.219479452399963,0.0580941548547016,0.00015809577015002,-0.333341903627471,-0.105617001172455,6,0,0,0.0116691769805325
"Astro-4","FLOT2",0.373890542893325,0.151594866134707,0.013648646005764,0.0767700650281277,0.671011020758521,6,0.0520829594514776,42.6295627268627,0.143823033998451
"Astro-4","ZNF675",0.0055785961660379,0.0961475847616392,0.953731759036493,-0.182867207167287,0.194024399499363,5,0,0,0.990940949638495
"Astro-4","CRIP2",-0.0457085763518473,0.0990095947194111,0.644326559250965,-0.2397638161258,0.148346663422106,5,0,0,0.880794449479828
"Astro-4","ZNF445",0.00659507623066662,0.0811655649289565,0.935239471459718,-0.152486507814935,0.165676660276269,5,0,0,0.987870429919354
"Astro-4","TRIM26",0.0744478392884327,0.103191353375393,0.470630086039024,-0.127803496843282,0.276699175420148,5,3.16032914949221e-06,0.00524541165876387,0.792177703348532
"Astro-4","VDAC2",0.0269335095303459,0.167183972552664,0.872013832069153,-0.300741055465208,0.3546080745259,5,0.0723599477928558,58.6890740084453,0.965917572654981
"Astro-4","HCFC2",0.0524421958625703,0.0975637236827203,0.590910291973761,-0.138779188753179,0.24366358047832,5,1.70818552263385e-06,0.00319177821228329,0.85313791203194
"Astro-4","ZDHHC2",0.178709220244079,0.0782043598055114,0.0223036385227234,0.0254314915912648,0.331986948896893,6,0,0,0.188288212691059
"Astro-4","SEC22A",0.186122564400122,0.0818119053205223,0.0229055780251864,0.025774176465297,0.346470952334946,6,0,0,0.191008041486364
"Astro-4","DCUN1D2",-0.110906557934067,0.0781319457077376,0.155759781267287,-0.264042357563271,0.0422292416951379,5,0,0,0.497647147105025
"Astro-4","VTI1A",0.0850360204383501,0.0471043736021309,0.0710327475409221,-0.00728685533614562,0.177358896212846,6,0,0,0.339944257126822
"Astro-4","DPY19L2",0.112582691054999,0.144123253431756,0.434710965448319,-0.169893695005981,0.395059077115979,5,0.029860312692412,29.5010277367791,0.771058067058848
"Astro-4","NLK",0.0607046858747326,0.0578773423629673,0.294246879856797,-0.0527328206775777,0.174142192427043,6,0,0,0.664122503213976
"Astro-4","UBXN2A",0.0834251874877261,0.0731112163152454,0.253839816028672,-0.0598701633560721,0.226720538331524,6,0.00600837793020034,18.9421436902499,0.620613726157603
"Astro-4","SDCBP2-AS1",0.0427119063530015,0.0827141852330951,0.605589408260509,-0.11940491771444,0.204828730420443,6,0,0,0.860638452347623
"Astro-4","EFTUD2",0.0522954332410951,0.0857862860576071,0.542125936838933,-0.115842597799265,0.220433464281456,5,0,0,0.830421490174241
"Astro-4","RAB34",-0.154943012451966,0.104828275340228,0.139390361542118,-0.360402656680261,0.05051663177633,5,0,0,0.476300864197821
"Astro-4","PTTG1IP",0.155208824244396,0.0752415641684903,0.039130969990014,0.00773806833369514,0.302679580155096,6,0.00230738065945039,6.26300536676465,0.255661911585474
"Astro-4","MTHFD1",-0.0350946853065071,0.09013264206689,0.697004607197029,-0.211751417589051,0.141562046976037,5,0,0,0.905575443508604
"Astro-4","RALGPS1",-0.0600479633193897,0.0510862141443196,0.239825117391088,-0.160175103148757,0.0400791765099774,6,0,0,0.604487674753172
"Astro-4","RNF41",0.0338667777255714,0.131257853119724,0.796393668234899,-0.223393887077136,0.291127442528279,5,0.0226587724659117,26.9291137795409,0.941651507190595
"Astro-4","DERA",0.0771612950620358,0.0889903556761214,0.385901025705685,-0.0972565970345717,0.251579187158643,6,6.68496930221262e-06,0.0118297754423627,0.734065697151213
"Astro-4","UGDH-AS1",-0.0488036275187529,0.0765570807461867,0.523812065875421,-0.198852748542803,0.101245493505298,6,1.27328462759902e-06,0.00298170066927658,0.821520086624871
"Astro-4","YIPF4",-0.0265466810983504,0.0704304727878114,0.706232769884883,-0.164587871176589,0.111494508979888,6,0,0,0.909549656068508
"Astro-4","GRAMD1A",0.0655944119576079,0.108379496810561,0.545026864870592,-0.146825498453666,0.278014322368882,5,0.014137539033699,24.4516721767731,0.830999889007279
"Astro-4","WWC3",0.143407670255049,0.0774607478605669,0.0641178907576707,-0.00841260576720021,0.295227946277298,6,0,0,0.322576867107011
"Astro-4","TPM4",0.142317799978441,0.114391246136094,0.213451017145001,-0.0818849225949603,0.366520522551842,5,5.42565716582401e-08,6.92145094183718e-05,0.570386230746574
"Astro-4","MRPL1",4.99707522052819e-05,0.0842689003778249,0.999526861165141,-0.165114039005125,0.165213980509536,5,0.00322984018953513,8.26164114904436,0.999708045423321
"Astro-4","DNAH9",0.0282695699017231,0.105277326971173,0.788295411846299,-0.178070199350423,0.234609339153869,5,0.00331170829617511,5.45445799462286,0.94007131833708
"Astro-4","ICE1",0.0821856677007986,0.0602836750525258,0.172783103789686,-0.0359681642578676,0.200339499659465,6,0,0,0.517976559762043
"Astro-4","NSMF",-0.214616887127593,0.108273369261949,0.0474595322418822,-0.426828791365819,-0.00240498288936819,6,0.0203273185251007,31.156938674159,0.280116065335455
"Astro-4","OGDH",-0.0843750345467485,0.0594798967055347,0.156031099907057,-0.200953489893759,0.0322034208002622,5,9.32829855520355e-07,0.00459051563172615,0.497647147105025
"Astro-4","AZIN2",-0.168400240699969,0.216134206470534,0.435893338762616,-0.592015501209359,0.255215019809421,5,0.141200234096316,69.3946070058944,0.771058067058848
"Astro-4","ATP13A5",-0.28044963392218,0.226896806798944,0.216450076541574,-0.725159203455254,0.164259935610893,5,0.182409373342436,79.0505093123515,0.575269313568062
"Astro-4","PGGT1B",0.0256301321492663,0.0911862678487725,0.778653280093317,-0.15309166871895,0.204351933017483,5,0,0,0.936451190547503
"Astro-4","AATF",-0.0104506556079748,0.0841233499673226,0.90113305820485,-0.175329391802786,0.154428080586836,6,5.8793575649504e-06,0.0120788153879746,0.975474468187799
"Astro-4","PLTP",-0.163843230899734,0.105937226212183,0.121958097052853,-0.371476378897686,0.0437899170982184,5,0,0,0.448878117319867
"Astro-4","RHBDD3",0.0557589096986045,0.0890826308317833,0.531365137292281,-0.118839838379768,0.230357657776977,5,6.75416884928745e-07,0.00141292503214055,0.824840106059658
"Astro-4","TSG101",0.132487730626925,0.0798569503180409,0.097103049940177,-0.0240290159116399,0.289004477165489,5,6.11406145097253e-06,0.0162667300151706,0.401800650585793
"Astro-4","KCTD1",0.1141273000849,0.0668804795734139,0.087926815745345,-0.0169560311477585,0.245210631317558,6,0,0,0.38145851278878
"Astro-4","ECD",0.10303166671621,0.0962132089242991,0.284228692135868,-0.0855427576124442,0.291606091044864,5,0.00740344035036538,15.5137109002781,0.654217073934307
"Astro-4","MSANTD2",-0.0143998370014229,0.0855028780384057,0.866258006260485,-0.181982398531219,0.153182724528373,6,0,0,0.964767735772626
"Astro-4","FAM76B",-0.0440220074013159,0.0893210295182197,0.622117486809392,-0.219088008319066,0.131043993516434,5,0.00392805143831699,9.04926447888563,0.871552211630741
"Astro-4","HACD2",0.0811867642204824,0.0851534227057946,0.340378573237666,-0.0857108774431903,0.248084405884155,6,3.80885242104562e-06,0.00745163993679097,0.698306694487853
"Astro-4","MCMBP",0.180461745792566,0.14515692902809,0.213787412980966,-0.104040607208928,0.46496409879406,5,0.0388138243807426,40.6033558925433,0.570726710509304
"Astro-4","DBF4B",-0.0621033945612562,0.103525717874994,0.548583721285305,-0.265010073069899,0.140803283947387,5,0,0,0.83368068215796
"Astro-4","BACE1",-0.0138004874007781,0.128513457178047,0.914483123081333,-0.265682234998481,0.238081260196925,5,0.035457484680146,49.1420638553462,0.97864650221828
"Astro-4","TRRAP",-0.0519549481163417,0.0498068756082007,0.2968889995402,-0.149574630490881,0.0456647342581981,6,0,0,0.66760301172852
"Astro-4","COG3",-0.0809669407596336,0.07389306628489,0.273196409432134,-0.225794689385249,0.0638608078659817,5,0,0,0.644299994956095
"Astro-4","RASSF8-AS1",-0.117685976581067,0.203375463309414,0.562816185323899,-0.516294560006666,0.280922606844532,6,0.160906819897403,80.8603957390431,0.84245053555471
"Astro-4","SPAG9",-0.0761310144295615,0.0474480128998893,0.108600738551238,-0.169127410851336,0.0168653819922134,6,5.21577809310828e-06,0.0319476766024121,0.424044731557794
"Astro-4","SLC25A37",0.154569917443521,0.0778603521748042,0.0471200156620825,0.00196643135730018,0.307173403529742,5,0,0,0.279692932063718
"Astro-4","NUP188",0.0799755906317703,0.141228337926845,0.571199568140304,-0.196826865301297,0.356778046564838,5,0.0457214936999336,50.9067282102694,0.843676875377731
"Astro-4","VPS37A",0.14381205457069,0.130820783110796,0.271634673559013,-0.112591968755796,0.400216077897176,5,0.0354020730657433,45.8259050957669,0.642236594491196
"Astro-4","IQCH-AS1",-0.0239333372583866,0.0806658533218418,0.766697652867172,-0.182035504551387,0.134168830034614,5,3.7986673771755e-06,0.010267010606587,0.930620130263641
"Astro-4","STARD4",-0.118667963013431,0.138747582501672,0.392396433541559,-0.390608227658709,0.153272301631846,5,0.0206808462938222,21.4211667779387,0.740590642710433
"Astro-4","EVC",0.14763402612798,0.107338423065469,0.169005277867656,-0.0627454172376629,0.358013469493623,5,0.0136332256501366,24.0394465589551,0.51441038695325
"Astro-4","TUBB2A",0.0473944282553028,0.157256819485773,0.763122959210061,-0.260823274260128,0.355612130770734,5,0.0433593214639555,37.0661896701242,0.930620130263641
"Astro-4","DDX60",0.128605194780769,0.114538687948112,0.261518158196718,-0.0958865084340023,0.353096897995541,5,0,0,0.630484033869383
"Astro-4","GINS3",-0.422245053371705,0.16940978814628,0.0126865977960348,-0.754282136766974,-0.0902079699764357,5,0.0461858460933135,33.2579610844635,0.139144974220768
"Astro-4","DMD",-0.08526394909591,0.0601838965802663,0.156563742303808,-0.203222218842515,0.0326943206506952,6,1.18460091937439e-07,0.000469007381945802,0.497759697592199
"Astro-4","SFSWAP",0.0504052972743293,0.0502120511800591,0.315451594853056,-0.0480085146284684,0.148819109177127,6,0,0,0.680855176020301
"Astro-4","HIPK1",0.115673999919091,0.0903473856816095,0.200430923653364,-0.0614036221142133,0.292751621952396,6,0.00727603338936885,13.9463930305681,0.55402515434953
"Astro-4","PHACTR1",0.112671937309391,0.0568546989893106,0.0475069570911577,0.00123877493847625,0.224105099680306,6,0,0,0.280116065335455
"Astro-4","WDR26",0.0444931151697398,0.0577574393381601,0.441095674415463,-0.068709385772311,0.157695616111791,6,0,0,0.774513785967693
"Astro-4","RALGPS2",0.139238906674199,0.0753384059076946,0.0645763621251441,-0.00842165555754182,0.28689946890594,6,6.12161211607738e-06,0.0151273242269687,0.323000082351225
"Astro-4","EIF2D",0.0651146980904806,0.0933831664041575,0.485624340161337,-0.117912944823979,0.24814234100494,5,0,0,0.800373647112014
"Astro-4","ATP2B4",0.164059834277914,0.0617816183387337,0.00791956963727478,0.0429700874273969,0.285149581128432,6,0.000828903257178793,3.24409652282736,0.107603704872624
"Astro-4","SUDS3",-0.114913948028983,0.0667983067881295,0.085375690881466,-0.245836223561974,0.016008327504008,5,0,0,0.37568555247688
"Astro-4","GPR107",0.0644976414513504,0.0594374770641162,0.277862204634298,-0.051997672926243,0.180992955828944,6,2.45939948453029e-07,0.000967530366876966,0.648555319470209
"Astro-4","UACA",0.000524135263011061,0.072820162564829,0.994257142410483,-0.142200760712406,0.143249031238428,6,0,0,0.998372512258354
"Astro-4","LIN54",0.0214327123385789,0.0911411328008973,0.814084861259889,-0.157200625461362,0.20006605013852,6,0.000171667428710246,0.297274021396019,0.949616228269735
"Astro-4","RAB11FIP4",0.00958179175360316,0.0874995160864378,0.912800530894244,-0.161914108440498,0.181077691947704,5,0,0,0.978237578761448
"Astro-4","IFNGR2",0.0779983627082349,0.173999146381593,0.653959322036144,-0.263033697540401,0.419030422956871,6,0.0864589540127136,58.5444068047602,0.884548954399112
"Astro-4","PPIL6",0.0859965825897358,0.0996072486808803,0.387941394755611,-0.109230037423914,0.281223202603386,6,0,0,0.735486254132296
"Astro-4","FBXO33",-0.128359909481348,0.12966150203449,0.322192883019972,-0.382491783650316,0.125771964687619,5,0.0315876212047938,40.6835866517975,0.684753901577855
"Astro-4","SLC25A36",0.0658973104021764,0.0634774088588509,0.299213144715088,-0.0585161247930952,0.190310745597448,5,2.13876636847918e-06,0.00913832611293696,0.667738225551382
"Astro-4","P2RX7",-0.166523313464146,0.0935877889854804,0.0751861079550051,-0.349952009268422,0.0169053823401298,6,8.95490197285681e-06,0.0147173782030263,0.348920796069392
"Astro-4","PIGB",0.0121698441422102,0.0967703073325833,0.899921821501022,-0.177496473002525,0.201836161286946,6,0,0,0.975272418460036
"Astro-4","RRN3",0.211103998246873,0.099669187026099,0.0341711081036896,0.0157559813073319,0.406452015186414,5,0.00133214921710346,2.37923552868118,0.238673391895592
"Astro-4","ARID5B",0.223635756838258,0.0929799294318462,0.0161634122308075,0.0413984438667633,0.405873069809752,6,0,0,0.157029543154215
"Astro-4","CEBPZ",-0.00270158023803535,0.0819270296627694,0.973694169261099,-0.163275607737408,0.157872447261337,6,0,0,0.994460940404121
"Astro-4","IPO9-AS1",-0.492452279046801,0.353680654555775,0.163812141813019,-1.18565362400467,0.200749065911071,6,0.567051888259915,85.2807958976716,0.508790976765305
"Astro-4","CDHR3",0.155090491432754,0.0626579467219874,0.013316430981511,0.0322831725124287,0.277897810353079,6,1.7368667510943e-06,0.0059607293797145,0.141562503253646
"Astro-4","ATP6V0E1",-0.0665411911092878,0.0899480485200966,0.45943738426511,-0.242836126688338,0.109753744469763,6,0.00627486978302298,12.2553850278626,0.785429418734281
"Astro-4","SSPN",0.0494900393047845,0.0877024143398467,0.572553341724251,-0.122403534158524,0.221383612768093,6,1.16088250717241e-06,0.00215485045964347,0.843676875377731
"Astro-4","CCDC3",-0.0977791403439629,0.0955677880192159,0.3062420836217,-0.285088562943784,0.0895302822558587,5,3.56823572314244e-06,0.00685193726031824,0.674048927591243
"Astro-4","ZNF827",0.0950672687003945,0.05617054168436,0.0905553371767049,-0.0150249699930569,0.205159507393846,6,0,0,0.387080559307474
"Astro-4","SYNPO2",0.0292878131069338,0.132732968863965,0.825363302696231,-0.230864025427513,0.289439651641381,5,0,0,0.953502318423345
"Astro-4","MAPKAPK5",-0.0163011659172965,0.0780943639660597,0.83465372777527,-0.169363306686336,0.136760974851743,6,0,0,0.956424863745147
"Astro-4","CADM4",-0.0596139619219423,0.0858720538151808,0.487545239731949,-0.227920094678182,0.108692170834297,5,0,0,0.801858506298074
"Astro-4","SUSD4",0.163571551979689,0.108007374979867,0.129912255431982,-0.0481190130455639,0.375262117004941,6,1.13258002705534e-06,0.00140632483164419,0.461199877819225
"Astro-4","CNNM4",0.0809827212493719,0.100215061307936,0.419039162398847,-0.115435189622657,0.277400632121401,5,0,0,0.76180948877117
"Astro-4","CD9",-0.179762996737681,0.138095114593457,0.193007602850178,-0.450424447781788,0.0908984543064266,6,0.0218821220953612,19.2238804388873,0.544124070474936
"Astro-4","MRPL19",-0.139993891059964,0.0823210959089126,0.0890212391506106,-0.3013402742093,0.021352492089372,5,0,0,0.383788621647188
"Astro-4","AREL1",0.0259288999404687,0.0846046432168008,0.759245783960107,-0.139893153689322,0.191750953570259,5,0,0,0.93055803678421
"Astro-4","USP36",-0.381857675834146,0.376716941678512,0.310751630227355,-1.12020931389011,0.356493962221814,6,0.706943217852718,91.4013861517614,0.677143105918301
"Astro-4","CDADC1",0.0877952954643002,0.0985028650609368,0.372769926599572,-0.105266772429145,0.280857363357745,5,0,0,0.723807088192983
"Astro-4","ABR",-0.0825674329739526,0.060880148863314,0.175026267744148,-0.201890332119485,0.0367554661715799,6,0,0,0.521261436433225
"Astro-4","MTMR3",0.053073570770397,0.046774676612787,0.256515865654841,-0.0386031107791735,0.144750252319967,6,0,0,0.624649869909382
"Astro-4","CLTA",-0.0568963959438672,0.075283789205683,0.44979374504539,-0.204449911406711,0.0906571195189768,6,0,0,0.778692055606314
"Astro-4","PSMC2",-0.01054019350873,0.0874468491068317,0.904061280152468,-0.181932868319629,0.160852481302169,5,4.20861523402651e-06,0.0096657440045708,0.975721957354426
"Astro-4","PRIM2",0.0853800575590974,0.144494817829399,0.554596377456523,-0.197824581339201,0.368584696457395,6,0.05444546145229,50.1689253751059,0.838019334182569
"Astro-4","PPM1L",0.0551170109717591,0.0587863110454194,0.3484590563411,-0.0601020414612321,0.17033606340475,6,3.14400812135439e-06,0.0129812566781853,0.705974459296623
"Astro-4","WAPL",0.131147712475981,0.0588697611589215,0.0258965084133433,0.0157651008260197,0.246530324125942,6,0,0,0.20529278512871
"Astro-4","ZNF569",0.0176200176659624,0.0858003825034294,0.837290404179109,-0.15054564190052,0.185785677232445,5,0,0,0.957433190893688
"Astro-4","EPHX1",0.306438361350468,0.178582091057907,0.086170761439195,-0.0435761054068818,0.656452828107818,6,0.108678028375242,69.5019034803491,0.376575396513285
"Astro-4","GOLT1B",0.0389275687012462,0.0912582906430105,0.669696386938639,-0.139935394249743,0.217790531652235,6,0,0,0.893255595960646
"Astro-4","ZNF573",0.0229800805535177,0.0903471650983585,0.79922278867938,-0.154097109144559,0.200057270251594,5,0,0,0.94345253334056
"Astro-4","DCP1A",0.0770385569918664,0.0696865588352969,0.26894258300804,-0.059544588531847,0.21362170251558,6,3.00008296639633e-06,0.00890416753646877,0.638402602516261
"Astro-4","TTF1",0.0786833916702173,0.0963794824520344,0.414276248124481,-0.11021692278438,0.267583706124815,5,0,0,0.758033717485782
"Astro-4","GEM",-0.0424243297310475,0.286573277145301,0.882311140597095,-0.604097631867452,0.519248972405358,6,0.317335922912183,71.4077765240809,0.969264571589166
"Astro-4","ZRANB1",-0.0229497906334714,0.0784258370791322,0.769804610663205,-0.176661606765976,0.130762025499034,6,0.00237087906293777,5.87199019491647,0.932365115365002
"Astro-4","NUP54",0.0655957521265402,0.0751046916567948,0.382450064702276,-0.0816067385907634,0.212798242843844,5,0,0,0.731934917100152
"Astro-4","PEAK1",0.0937773439611205,0.047897245555821,0.0502433972814032,-9.9532286959747e-05,0.187654220209201,6,0,0,0.289144769006186
"Astro-4","EPB41L1",0.0159062082375856,0.0647706507514938,0.8060093830017,-0.111041934490564,0.142854350965736,6,9.54273975570645e-08,0.000318093976399007,0.946147270568512
"Astro-4","ZMYM5",0.119132180542842,0.0780928167735991,0.127129363758646,-0.0339269277846975,0.272191288870382,6,0,0,0.45592947133928
"Astro-4","SPATA6L",0.0418609046099124,0.100767265132874,0.67783325273281,-0.15563930587112,0.239361115090945,5,0,0,0.897045829212316
"Astro-4","ZNF529-AS1",-0.00160712757094855,0.091548923261197,0.985993975989007,-0.181039719986316,0.177825464844419,5,5.41634136903946e-07,0.0011037894881158,0.997792489645061
"Astro-4","KAZN",0.103175862487809,0.0844770260112252,0.221954216217348,-0.0623960660152454,0.268747790990864,6,5.58933902015783e-07,0.0011192067607913,0.583123582962557
"Astro-4","EIF2S1",0.0731538918772735,0.0955801899016854,0.444053232838986,-0.114179837965529,0.260487621720076,5,0,0,0.774739225288555
"Astro-4","ZFP30",-0.0445063095601469,0.086556079147216,0.607118841778714,-0.214153107331689,0.125140488211395,6,0,0,0.861797795473453
"Astro-4","NRG3",0.0795937981398471,0.0376426649321627,0.0344762496680298,0.00581553059069929,0.153372065688995,6,0,0,0.23988442762647
"Astro-4","CYP2J2",-0.0680506128603356,0.12090788080069,0.573550479169368,-0.30502570467675,0.168924478956079,5,0.012802240343523,17.0499497607329,0.843738742489771
"Astro-4","BRMS1L",-0.0483721194221624,0.0987325384956892,0.624182811026755,-0.241884338975928,0.145140100131603,5,0,0,0.87215377774148
"Astro-4","PCMTD1",0.120016869358286,0.0561039036033635,0.0324203417354561,0.0100552389035862,0.229978499812985,6,0,0,0.230736675873313
"Astro-4","MFSD8",0.0674433524388304,0.1318105070346,0.608882674311413,-0.190900494132948,0.325787199010609,5,0.0299056516162018,37.2347390753573,0.862926094210933
"Astro-4","DHX38",0.0137538766904861,0.101421944254238,0.89212923459166,-0.18502948128985,0.212537234670822,5,7.85189276984571e-06,0.0134875512826185,0.973393903184109
"Astro-4","ADARB1",0.0849332805380719,0.0972161457390631,0.382306675651538,-0.105606863826289,0.275473424902433,6,0.0102437894898159,18.0711356781492,0.731934917100152
"Astro-4","PON2",-0.0354122781413188,0.10379947908374,0.7329827870826,-0.238855518759468,0.168030962476831,6,0.0280955596957129,54.5467422149189,0.917049798221225
"Astro-4","PPP1CC",-0.0267718875196999,0.0879384647314922,0.76079355232108,-0.19912811124917,0.14558433620977,6,0,0,0.930583523904531
"Astro-4","RAB2B",-0.083039139141709,0.109005144337476,0.446184746016268,-0.296685296172753,0.130607017889335,5,0.0110705651197542,18.3680695962429,0.775927386571891
"Astro-4","STX2",-0.125219037962584,0.0870850942857873,0.150464447168434,-0.295902686353002,0.0454646104278336,6,0,0,0.49169697336429
"Astro-4","KLF3",-0.118813344590216,0.118680231470899,0.316768017942432,-0.351422323950055,0.113795634769622,5,0,0,0.68225036041071
"Astro-4","SGPL1",0.0118529149304999,0.134790295878085,0.929927570257695,-0.252331210456044,0.276037040317044,6,0.0420203050024016,44.8164322660977,0.986456474800452
"Astro-4","TAF7",0.0728989912934542,0.0915276277064366,0.425759022306915,-0.106491862601552,0.25228984518846,5,0,0,0.764462781012613
"Astro-4","MSL1",-0.215660100954904,0.0750103505065783,0.00403936355244183,-0.362677686415524,-0.0686425154942849,6,0,0,0.0723377171260239
"Astro-4","GPS1",-0.225254260279493,0.096731601190794,0.0198774959127215,-0.414844714780341,-0.0356638057786449,5,0,0,0.176896342614441
"Astro-4","GALNT8",0.0996074116601749,0.1693427878757,0.556398121471461,-0.232298353617803,0.431513176938153,5,0.0692032309571144,53.554802026323,0.838019334182569
"Astro-4","SZT2",-0.0105322372935663,0.0767762880024751,0.890887838580419,-0.161010996645092,0.139946522057959,6,0,0,0.973135147503209
"Astro-4","RABL3",-0.107510192848666,0.0899463724274523,0.23198159046315,-0.283801843346499,0.068781457649167,5,0,0,0.595433950709456
"Astro-4","PPP2R3A",0.0155007933806685,0.0673863338704564,0.818069438236499,-0.116573994055617,0.147575580816955,6,0,0,0.950170175610513
"Astro-4","CHMP5",0.0170189499918824,0.102734777906336,0.868425241251859,-0.184337514664257,0.218375414648022,5,1.64646448665325e-07,0.000278859943202876,0.964767735772626
"Astro-4","GPR135",0.0285965080888926,0.102014270792571,0.779233002753278,-0.171347788573664,0.228540804751449,5,1.93934905117819e-06,0.00331746033352508,0.936451190547503
"Astro-4","RALA",-0.0325999098745361,0.0766846418936776,0.670751718783234,-0.182899046153496,0.117699226404423,5,0,0,0.894008269398249
"Astro-4","ABCD3",0.0342852069263742,0.0629489264259336,0.585993449045284,-0.0890924217339173,0.157662835586666,5,0,0,0.850962227680389
"Astro-4","MPPED2",-0.137912482989126,0.0675222116024961,0.041104357791214,-0.270253585886511,-0.00557138009174091,6,3.66608672741247e-06,0.0117475354496401,0.259834862910951
"Astro-4","EFEMP1",0.265891824120063,0.166284293742881,0.109816275332848,-0.0600194028106629,0.591803051050789,6,0.0821205103790043,58.376385559272,0.426915655422074
"Astro-4","KHDRBS1",0.0659817391801671,0.0649789456457622,0.309899663743789,-0.0613746540389126,0.193338132399247,6,0,0,0.677143105918301
"Astro-4","DEK",0.021893119957182,0.0754417013880001,0.771663862723135,-0.125969897695724,0.169756137610088,6,0,0,0.933213717771643
"Astro-4","TTLL11",0.0228791729066307,0.142370207866265,0.872328137583427,-0.25616130698273,0.301919652795991,6,0.0473111295048729,44.6736592357448,0.966069806869562
"Astro-4","KLHL18",0.0557435960458792,0.0899787044637059,0.535573930652582,-0.120611424078558,0.232098616170316,5,2.12632282242353e-06,0.00458327388231112,0.825707723128377
"Astro-4","ATG10",-0.0229469815589822,0.0590479196546336,0.697560038444254,-0.138678777444079,0.0927848143261144,6,0,0,0.905606504073661
"Astro-4","CRKL",0.0606634084990485,0.166177818333523,0.715073203200246,-0.265039130464096,0.386365947462193,6,0.0761902970567658,55.0061616323175,0.911209718517162
"Astro-4","MMS22L",0.0463796404517234,0.101364822940969,0.647274597713909,-0.152291761811855,0.245051042715301,5,8.33730134806073e-07,0.00147046000363723,0.882495429686998
"Astro-4","FAM118B",-0.0836240297255992,0.0900461083091184,0.353054891834859,-0.260111158959464,0.0928630995082657,5,0,0,0.710009506333578
"Astro-4","ZNF146",-0.0703416214802435,0.0876538122403394,0.422267501301468,-0.242139936578945,0.101456693618458,6,0,0,0.762615517900298
"Astro-4","MAPK9",0.00604552481500019,0.0629034800089473,0.923434833519694,-0.117243030504772,0.129334080134772,6,6.15640033830456e-08,0.00021588405549822,0.982820619384855
"Astro-4","CAND1",-0.0111531056230638,0.0686648901931282,0.870968767302534,-0.145733817403993,0.123427606157865,6,0,0,0.965675903401653
"Astro-4","JOSD1",-0.0194431244089128,0.122843840989413,0.874240007659304,-0.260212628470727,0.221326379652902,5,0.0147117925559186,19.2232413257729,0.966423582642202
"Astro-4","FSD1L",0.0191004526148829,0.0707438394556996,0.7871644299463,-0.119554924846372,0.157755830076138,6,0,0,0.939779697566489
"Astro-4","TAF1C",-0.155733293959057,0.106845191341248,0.144961818312931,-0.365146020909194,0.0536794329910803,5,0,0,0.484863105710489
"Astro-4","MITD1",0.0357694810390955,0.0932380758639844,0.701248265215379,-0.146973789642127,0.218512751720318,5,0,0,0.906866052837415
"Astro-4","CLIP4",0.0909509405269959,0.0518067741429849,0.0791601365661268,-0.0105884709484555,0.192490352002447,6,0,0,0.359571347753547
"Astro-4","TNRC18",-0.0861830846761054,0.0595960543291916,0.148143365432449,-0.202989204782013,0.0306230354298025,6,2.3170447735876e-06,0.00924405285555144,0.487987769118619
"Astro-4","RPL11",-0.194534206283366,0.10425892604395,0.0620587451128996,-0.398877946396333,0.00980953382960142,5,0,0,0.318576001697987
"Astro-4","PTPN21",0.0393930047433819,0.0831677545484834,0.635744387433788,-0.123612798846713,0.202398808333477,6,3.6607558895686e-06,0.007654030191762,0.8795430203048
"Astro-4","PHF11",0.100693423966957,0.0907386826168266,0.267124960154785,-0.0771511259666335,0.278537973900548,5,0,0,0.634915810428824
"Astro-4","MBTPS1",-0.046346763392831,0.0650719635387466,0.476317045830641,-0.173885468332078,0.0811919415464159,6,0,0,0.793803877957948
"Astro-4","SH3GL1",-0.00255400242964461,0.0899761657344281,0.977354830894959,-0.178904046736131,0.173796041876841,5,4.34752012354918e-07,0.000897130294672976,0.99576796984672
"Astro-4","ELAVL3",-0.0460295964845007,0.102326544947907,0.652832694832631,-0.246585939244818,0.154526746275817,5,0.0124030338958215,23.6148532640903,0.884548954399112
"Astro-4","DLGAP4",-0.0872769848830122,0.0760008445256702,0.250816422627301,-0.236235902947954,0.0616819331819295,6,0,0,0.616820936690823
"Astro-4","EIF3H",0.111529526331248,0.0719950751660024,0.121351155050557,-0.0295782280583709,0.252637280720866,6,4.86121208062556e-06,0.01322872095015,0.448878117319867
"Astro-4","AP4E1",0.0582704355048407,0.0870700813214163,0.503344926398398,-0.112383788016109,0.22892465902579,6,0,0,0.811903390771438
"Astro-4","DNAJA1",-0.0945219323698232,0.145675230361033,0.516432854379133,-0.380040137317023,0.190996272577377,5,0.0313932410197808,30.5649204275327,0.817391405023086
"Astro-4","RPS7",-0.159530683897934,0.117490999447908,0.174523359840855,-0.389808811323449,0.0707474435275807,5,8.33798347180176e-06,0.0108176360105964,0.520047240289553
"Astro-4","TSEN15",0.405508657573298,0.212820568016719,0.0567278832769154,-0.0116119909088281,0.822629306055423,6,0.183215688298285,79.455265741705,0.307693841567539
"Astro-4","ZFYVE1",0.0730743146331157,0.087660809988698,0.404504731684462,-0.0987377158003413,0.244886345066573,5,0,0,0.750164234830629
"Astro-4","WDR12",-0.0490758340566894,0.0942091301262152,0.602419440965765,-0.233722336118919,0.13557066800554,6,0.000128120273995599,0.207921480799694,0.860231069977808
"Astro-4","BBOX1",0.207990209909174,0.210160635865451,0.322334202014984,-0.203917067355147,0.619897487173495,6,0.177519360758035,79.0923690410224,0.684787791289709
"Astro-4","STX17",0.0306334484422901,0.0681810349279019,0.653218331499982,-0.102998924445065,0.164265821329645,5,0,0,0.884548954399112
"Astro-4","ZNF398",0.0724088055526263,0.109550489393734,0.508636127385124,-0.14230620814783,0.287123819253082,6,0.0161836273387291,23.3576795541096,0.814883221025062
"Astro-4","TBC1D1",0.0987219057525486,0.0630826365185752,0.117591906104274,-0.02491778987369,0.222361601378787,6,0,0,0.441737958144115
"Astro-4","BLMH",-0.0547928669884925,0.095221634248468,0.565004197920228,-0.241423840664535,0.13183810668755,5,0,0,0.843013368939574
"Astro-4","SIRT1",0.00385991145369515,0.0773751038976851,0.960213470460487,-0.147792505485812,0.155512328393203,5,0,0,0.9938764403364
"Astro-4","DNM1L",0.100337366267756,0.0520008020813476,0.0536644826505686,-0.00158233297888087,0.202257065514393,5,2.81382343181816e-06,0.0177869497359797,0.297881508371347
"Astro-4","SEMA6D",-0.15396118130398,0.0766651475075491,0.0446189504991022,-0.304222109288226,-0.00370025331973278,6,0,0,0.272604818373709
"Astro-4","CLTCL1",-0.0662055526045892,0.0864761551183007,0.443918417407707,-0.235695702157958,0.103284596948779,6,0,0,0.774739225288555
"Astro-4","TSPAN5",0.0579490297520136,0.0500843620261446,0.24726075341506,-0.0402145160078953,0.156112575511923,6,0.000955805811720267,5.41979121882454,0.614524701153615
"Astro-4","ASB7",-0.0198386534594555,0.0969800868580012,0.837912631538529,-0.209916130918704,0.170238823999793,5,0,0,0.957864963052208
"Astro-4","DHTKD1",0.0191270073513641,0.0905338718377949,0.832677312922356,-0.158316120831679,0.196570135534407,5,0,0,0.955880328717664
"Astro-4","TMEM8B",-0.0305658642693524,0.159490176096436,0.848018476162803,-0.343160865306319,0.282029136767614,5,0.0661231829433427,60.8257193336002,0.960204024047555
"Astro-4","DZANK1",0.00159917889273364,0.0898519924804298,0.985800061267761,-0.174507490308072,0.17770584809354,5,0,0,0.997792489645061
"Astro-4","SAR1A",0.0328414934666675,0.0994726135339964,0.741281990526609,-0.162121246508037,0.227804233441372,5,0,0,0.921424002167841
"Astro-4","HPRT1",0.123496018597557,0.139007044680625,0.374317269538544,-0.148952782573818,0.395944819768931,5,0.0392289298077009,43.6710971726057,0.725264606675958
"Astro-4","TWSG1",0.0383064646597771,0.101516397108108,0.705918992660086,-0.16066201751238,0.237274946831934,5,0,0,0.909549656068508
"Astro-4","ZNF318",-0.121149514880651,0.0791342022867392,0.125784849239241,-0.276249701307967,0.0339506715466649,6,0,0,0.453999416879886
"Astro-4","FAN1",-0.0588940823903995,0.0680108018942531,0.386516545766098,-0.192192804662824,0.074404639882025,6,0,0,0.734065697151213
"Astro-4","LRRC23",-0.0393085569310417,0.126430983291973,0.755869643898325,-0.287108730713294,0.208491616851211,6,0.0258176999878239,28.8672431837097,0.92985585472357
"Astro-4","SYNJ1",-0.0168976194212829,0.102479914751938,0.869032819480286,-0.217754561473816,0.183959322631251,5,0.0175356098289436,35.5713534582848,0.964767735772626
"Astro-4","P2RY14",-0.0028451382970754,0.171368294576288,0.986753747876005,-0.338720823758651,0.3330305471645,5,0.0452144294832684,32.4176265735981,0.997792489645061
"Astro-4","FBXW8",-0.00918237839932806,0.0708100234658855,0.896822572587894,-0.1479674741369,0.129602717338244,6,0,0,0.974740334580011
"Astro-4","MTMR4",-0.156187647922492,0.077514209860788,0.0439093600191844,-0.308112707539716,-0.00426258830526827,5,0,0,0.27078811134876
"Astro-4","HDHD3",0.0566434693461485,0.10688171983729,0.596136854942965,-0.15284085214064,0.266127790832937,5,2.92586311239823e-06,0.00460268885032482,0.855500266796654
"Astro-4","HS3ST3A1",-0.46630004248501,0.463497031310576,0.314392707947032,-1.37473753079497,0.442137445824952,6,1.07589430314275,88.4911972341623,0.679546090544792
"Astro-4","LRRC41",0.0463106602316041,0.0790906621087642,0.558185410258292,-0.108704189015,0.201325509478209,6,0,0,0.839198654233634
"Astro-4","LGR4",0.0888559114326223,0.0748756138268895,0.235340597153892,-0.0578975949884105,0.235609417853655,6,1.0400831548776e-06,0.00270969196701795,0.599305685613613
"Astro-4","RAB14",-0.0292353060189288,0.0956457056176065,0.759861624038417,-0.216697444305358,0.1582268322675,5,0.013199991818623,30.1914845433935,0.930574930604896
"Astro-4","PPP2R2B",0.0537471634448886,0.0470271884621943,0.253081969012649,-0.0384244322351898,0.145918759124967,6,6.35844304260697e-06,0.0422443930260048,0.619602740809991
"Astro-4","BTBD3",-0.115470481764946,0.0728645139645939,0.113028002904812,-0.258282304886566,0.0273413413566738,6,0,0,0.433538589793599
"Astro-4","PPM1G",-0.07965658668048,0.0991481105175245,0.421737778294662,-0.273983312430025,0.114670139069065,5,0.00667136943561739,12.947401721956,0.762615517900298
"Astro-4","BBIP1",-0.1331253447945,0.0924229157549433,0.14975616987003,-0.314270931020368,0.0480202414313684,5,0,0,0.490388609010853
"Astro-4","TXNL4A",-0.0813070471081187,0.0953495031486739,0.393810997442937,-0.268188639223308,0.105574545007071,6,0.00648659622349695,11.3588558441657,0.741777036095456
"Astro-4","SMC1A",0.172837090144114,0.105564708505663,0.101575728617633,-0.0340659365654546,0.379740116853683,6,0.0143116002012436,22.139965170556,0.410095525298065
"Astro-4","G3BP2",0.035584744596132,0.0692398160675297,0.607297640933233,-0.100122801192404,0.171292290384668,6,0,0,0.861797795473453
"Astro-4","MCFD2",-0.12507514127264,0.251250249538174,0.618617252770027,-0.617516581474163,0.367366298928884,5,0.227492643397143,81.4958002656499,0.870058524180563
"Astro-4","RMDN2",-0.0205092261164134,0.0907798060381406,0.821261480226232,-0.198434376474701,0.157415924241874,6,0,0,0.951784496679248
"Astro-4","VEGFA",0.130597447827254,0.239130222453967,0.584972959251134,-0.338089175797573,0.599284071452081,6,0.211760951994475,69.2902509610373,0.850377160588007
"Astro-4","GLMN",-0.128708523844141,0.0899604170310985,0.152509344309774,-0.305027701259298,0.0476106535710154,5,0.00514841831945036,11.9283500620389,0.495489460102424
"Astro-4","CCDC6",0.0644427408821669,0.0572515830237389,0.260332212506589,-0.0477682999022661,0.1766537816666,6,0,0,0.628340496999996
"Astro-4","SLC37A1",0.0841724716896573,0.0971975476909941,0.386493573017639,-0.106331221170305,0.27467616454962,6,0,0,0.734065697151213
"Astro-4","FREM1",-0.162187193378101,0.118521437048873,0.171180413892643,-0.394484941389824,0.0701105546336214,5,0,0,0.516853189984309
"Astro-4","CHTOP",-0.0943033676350311,0.0801150459690405,0.239155859005099,-0.251325972354121,0.0627192370840592,5,0,0,0.603636461130245
"Astro-4","ANKRD36B",-0.0121210140364128,0.077491146202706,0.875703509886093,-0.164000869714444,0.139758841641619,6,4.80417146591643e-07,0.00113047585852275,0.966671901980162
"Astro-4","TMEM59",0.0057548010205101,0.0714930798521723,0.935843955896689,-0.134369060633594,0.145878662674614,6,0,0,0.987927518902378
"Astro-4","VPS50",0.0057243478929513,0.0629492174619068,0.927543471912083,-0.117653851187366,0.129102546973269,6,7.51507961121381e-07,0.00263752584311051,0.985075334159789
"Astro-4","BIN3",0.0816762854729424,0.141840797958019,0.564729622966623,-0.196326570063197,0.359679141009082,5,0.037872227692069,40.7717825401324,0.843004427615113
"Astro-4","MORC2",0.114528245356713,0.0917450212832108,0.211909502256292,-0.0652886921192413,0.294345182832666,5,0,0,0.568619375227161
"Astro-4","NUCB2",0.0347439624150162,0.0807357443158791,0.666947052940009,-0.123495188709141,0.192983113539174,5,0.00146310546321133,3.98196437952995,0.892640236010372
"Astro-4","SLC35D1",0.012882617175663,0.0770797356866078,0.867264893498736,-0.138190888707955,0.163956123059281,6,6.72476841264231e-07,0.00159104206917881,0.964767735772626
"Astro-4","LIMA1",-0.0269738217792393,0.0933104781965666,0.772523202873997,-0.20985899842472,0.155911354866241,6,0,0,0.933522507543755
"Astro-4","KIF13B",-0.0245391275327289,0.0661375956120446,0.710614112494048,-0.154166432956411,0.105088177890953,6,0,0,0.910563300354376
"Astro-4","NVL",0.0759254340151237,0.0723591843885529,0.294046794504643,-0.0658959613371329,0.21774682936738,6,0,0,0.663945263160131
"Astro-4","ANK3",-0.158343596263489,0.0920279555436392,0.0853228495053125,-0.338715074699875,0.0220278821728967,6,7.63914952864093e-06,0.0130425351317299,0.37568555247688
"Astro-4","USP31",-0.0262358149032265,0.0917410669229308,0.774895906142305,-0.20604500197545,0.153573372168997,5,0,0,0.934636945659779
"Astro-4","RAB11B",-0.0749414329123159,0.0875749145208873,0.392141132309884,-0.246585111322429,0.0967022454977969,5,5.30070255457556e-06,0.0117828896370806,0.740590642710433
"Astro-4","CCDC148",0.0721484768715447,0.104984397717653,0.491937506812536,-0.133617161593684,0.277914115336774,5,0,0,0.803517542526935
"Astro-4","KLHL7",-0.141010622162422,0.107854748931422,0.191072732276005,-0.352402045629618,0.0703808013047745,6,0.0232750862509575,37.1871394624532,0.54046569844202
"Astro-4","MAP1LC3B",0.0491942965433028,0.0991855763998311,0.619906854621631,-0.145205860986212,0.243594454072818,5,0,0,0.870643157609501
"Astro-4","TMEM220",-0.054430463298407,0.101655570346844,0.592345604625863,-0.253671720006099,0.144810793409285,5,0,0,0.853235075531662
"Astro-4","TRDMT1",-0.06550511340044,0.0837533663518319,0.434144541500752,-0.229658695034019,0.0986484682331394,6,1.79438987255328e-06,0.00364939617512747,0.770902953731178
"Astro-4","NR1D2",-0.0658022641658364,0.0696510262837978,0.344790504302437,-0.202315767168333,0.07071123883666,6,0.00188534476898814,5.81132318043646,0.701888825580209
"Astro-4","GALC",0.0181296071293966,0.0849493684335755,0.831002017786628,-0.148368095509835,0.184627309768628,6,0,0,0.955880328717664
"Astro-4","FAM193A",0.082495013491742,0.0826784208077901,0.318385236294812,-0.0795517135901736,0.244541740573658,6,0.0156304125719256,45.5409547876672,0.682298665243009
"Astro-4","ID3",-0.345031309617102,0.192739173451177,0.0734304024294726,-0.722793147991428,0.0327305287572243,6,0.0449106839943064,20.2647979255612,0.343093976107596
"Astro-4","ZNF565",0.106262396365028,0.0889559242879812,0.23226246810615,-0.068088011450887,0.280612804180943,6,0,0,0.595874871205163
"Astro-4","OSBPL2",-0.0136951444732639,0.11223314522934,0.902879960526258,-0.233668066994424,0.206277778047896,6,0.0189805825773294,26.9684433828109,0.975721957354426
"Astro-4","SH3PXD2A",0.14761788963756,0.0933867902192203,0.113943242710971,-0.0354168558239091,0.330652635099029,5,0,0,0.435215378802324
"Astro-4","RAB6B",-0.00932086869921312,0.0779403485882162,0.904808120485365,-0.162081144874614,0.143439407476188,6,0.00154400368902216,3.63101091833823,0.975920607047999
"Astro-4","TMOD3",-0.000234341851172892,0.0730972020405994,0.997442071385821,-0.143502225221395,0.14303354151905,6,0,0,0.998538965159339
"Astro-4","NAV1",-0.0144431874208843,0.0777185528631731,0.852570522433771,-0.166768751963276,0.137882377121507,6,0.00595272892659502,16.2049249771487,0.962534145004807
"Astro-4","IGBP1",-0.0799556455538296,0.0915134945315705,0.382279833191569,-0.259318798935111,0.0994075078274516,6,2.29533325052623e-07,0.000391251881325317,0.731934917100152
"Astro-4","CREB3L2",-0.0697093099672063,0.0819538859335674,0.39499610124746,-0.230335974790102,0.0909173548556895,6,0,0,0.742418687203589
"Astro-4","ERO1B",-0.0319705839307661,0.0785490605575289,0.683997550556632,-0.185923913642978,0.121982745781446,6,0,0,0.899156346844844
"Astro-4","UPF3B",-0.0969686049274224,0.0744000485737097,0.192458501498012,-0.242790020579924,0.0488528107250791,6,4.88460908077345e-06,0.0125080665743197,0.543260121541157
"Astro-4","SHOC2",0.053408250675909,0.0698111174885047,0.444248124057809,-0.0834190253220546,0.190235526673873,6,0,0,0.774739225288555
"Astro-4","FBXL18",-0.0735459816177726,0.0912619259932208,0.420313177197437,-0.252416069724245,0.1053241064887,5,3.61169609733459e-06,0.00750367608844747,0.762515376696441
"Astro-4","RABEPK",0.014654037432264,0.0864498712513298,0.865396237358945,-0.154784596688467,0.184092671552995,6,0,0,0.964767735772626
"Astro-4","PARP11",0.0010690674817588,0.0723695779046874,0.988213812484884,-0.140772698787794,0.142910833751312,6,0,0,0.998058308461131
"Astro-4","LEMD3",-0.110731920416135,0.0775173674271829,0.153154075982803,-0.262663168749772,0.0411993279175013,5,0,0,0.495866960888009
"Astro-4","CNOT7",0.15701578781682,0.11749861567034,0.181444597240977,-0.0732772671303597,0.387308842764,6,0.0138933987869907,16.6379922235921,0.528645792527992
"Astro-4","ABCB10",0.0576400480455987,0.0837500228798638,0.491302167503236,-0.10650698050334,0.221787076594537,5,0,0,0.802810887646315
"Astro-4","CKMT2",-0.157074934453027,0.0995529304279557,0.114610823262857,-0.352195092647242,0.0380452237411878,5,0,0,0.43654415387847
"Astro-4","SLC30A6",0.121691795181596,0.0848752137231943,0.151637034260176,-0.0446605668960049,0.288044157259196,6,0,0,0.493873913236921
"Astro-4","HNRNPU",0.00259015354480667,0.0508009376413147,0.959336410732029,-0.0969778546130352,0.102158161702649,6,2.33556980847957e-06,0.0126565472306679,0.993533461399003
"Astro-4","HNRNPD",0.00090495458644243,0.0506440520650503,0.985743422173155,-0.0983555634922274,0.100165472665112,6,0.000475152990339602,2.61007920913887,0.997792489645061
"Astro-4","ZNF529",-0.0252294517065515,0.0758327245354512,0.739361702717021,-0.173858860645583,0.12339995723248,6,1.37893091598951e-06,0.00329667525454481,0.920016558756365
"Astro-4","SRPK1",0.0751791768600066,0.0806651421045826,0.351341238106646,-0.0829215964727809,0.233279950192794,5,0,0,0.707866411854852
"Astro-4","COTL1",-0.0923057463868482,0.143242512103446,0.519314855390477,-0.373055911164644,0.188444418390948,5,0.0464501574623814,50.0309230192808,0.818822871362835
"Astro-4","MLH3",0.052408601851054,0.0650832017066493,0.420672293304991,-0.0751521294925344,0.179969333194642,6,0,0,0.762599424504434
"Astro-4","CACNB1",-0.130058467458923,0.0905418786130069,0.150875634746606,-0.307517288633014,0.0474003537151682,5,6.77475577318794e-06,0.0137391323358958,0.49228358242889
"Astro-4","EXD2",0.0388978956737532,0.0866932453492418,0.653659432076886,-0.131017742913655,0.208813534261162,5,0,0,0.884548954399112
"Astro-4","UFM1",0.127573211346704,0.100366563290762,0.203702741197336,-0.06914163795525,0.324288060648658,5,0.00556786132731051,10.4513804142976,0.560233822970718
"Astro-4","CDH26",-0.0423475060163374,0.110540440315742,0.701649219242094,-0.259002787870391,0.174307775837716,5,3.0947467452023e-06,0.00451218722317769,0.907078824970489
"Astro-4","ENAH",0.0724685324520413,0.0908415145128217,0.42501740779327,-0.105577564294162,0.250514629198245,6,0.0159479982845431,35.9615113598807,0.764122119205461
"Astro-4","UBE2E3",0.0916007438663985,0.0551899966323592,0.0969678669112212,-0.0165696618399124,0.199771149572709,6,1.39892121748713e-07,0.000649342820505667,0.401545480719553
"Astro-4","CEP83",-0.0454505738594793,0.0728292740855609,0.532581535659164,-0.188193328087375,0.0972921803684165,6,0,0,0.824840106059658
"Astro-4","GGCX",-0.0575847141650494,0.102551422634154,0.574442838674743,-0.258581809091337,0.143412380761238,5,0,0,0.844123428797806
"Astro-4","RAD9A",-0.13880716169377,0.0666568531609375,0.037304674216426,-0.269452193211982,-0.00816213017555717,6,1.06491173859714e-08,3.49080758583917e-05,0.249703591384949
"Astro-4","PCID2",0.0601956981718788,0.0879545844125679,0.493725626237774,-0.112192119551942,0.2325835158957,5,0,0,0.804920399169068
"Astro-4","LRP12",0.0863397554300182,0.0708648904269934,0.22308287010773,-0.052552877575266,0.225232388435302,6,7.28749741815487e-07,0.00199917634807992,0.583460528552679
"Astro-4","C3orf38",0.129462010148343,0.107954751116836,0.230440563359989,-0.0821254140006398,0.341049434297327,5,0.00965736988140659,15.9724819896341,0.593150969402573
"Astro-4","COPS7B",-0.17335830939314,0.119042853401871,0.145318521627,-0.406678014677688,0.0599613958914087,5,0.0152116097026547,21.4388063787792,0.485414327898841
"Astro-4","TANGO2",0.0754222878673226,0.0934870102497206,0.419800407768324,-0.107808885244457,0.258653460979102,5,1.54056922317382e-06,0.00305586289632148,0.762515376696441
"Astro-4","LETMD1",-0.0812727976394559,0.119611216047874,0.49683711958097,-0.315706473240329,0.153160877961417,5,0.0325561738822604,50.8577252131854,0.805963078873324
"Astro-4","TLE3",-0.019692070602761,0.0986122398161718,0.841721508833065,-0.212968509077284,0.173584367871762,6,7.89881186814798e-06,0.0116400059996032,0.959381359412702
"Astro-4","AMPH",-0.150087073735843,0.179304329476719,0.402563257546402,-0.501517101782316,0.20134295431063,5,0.0800941518543189,58.4066552303504,0.748524698362401
"Astro-4","CHP1",0.00802128733010138,0.0954658066766285,0.93303844609451,-0.179088255511154,0.195130830171357,5,1.39792308484032e-06,0.00261974216684817,0.987295453105121
"Astro-4","SRFBP1",-0.00307499475273503,0.0833077029584307,0.970555738055498,-0.16635509218602,0.16020510268055,5,3.21590258128752e-06,0.00802246167892911,0.994460940404121
"Astro-4","PPFIBP1",0.120887193037296,0.117818713756652,0.304870809811984,-0.110033242630575,0.351807628705168,5,0.013105019514983,18.4690499307413,0.673081795955156
"Astro-4","SLF1",-0.227928817444913,0.110954969883295,0.0399518757444115,-0.445396562321898,-0.0104610725679276,5,0.0100434864946661,15.8659491983739,0.257442558922745
"Astro-4","CLK4",-0.140256975539298,0.0742320261214322,0.0588328663014794,-0.285749073236742,0.00523512215814528,6,4.8318086748152e-06,0.0124110292237421,0.311380926103373
"Astro-4","SEC61A2",0.000924737866436165,0.0964864611620377,0.9923530953253,-0.18818525100688,0.190034726739753,6,0.0163269927363379,32.6785792899617,0.998372512258354
"Astro-4","PYGO1",0.0028022449781148,0.084175769603098,0.973443009798389,-0.162179231814899,0.167783721771128,6,0,0,0.994460940404121
"Astro-4","FAM81A",0.0820748489505446,0.100951413516699,0.416210392414901,-0.115786285730595,0.279935983631685,5,0.00385202931892308,6.91851462758649,0.759967062726827
"Astro-4","SHC2",-0.121199840115259,0.0842013590524376,0.150035866098649,-0.286231471307362,0.0438317910768442,5,0,0,0.49101012620181
"Astro-4","TGFB2",0.225126497487578,0.0851275578781569,0.00817927657407363,0.0582795499545413,0.391973445020614,6,0,0,0.10949806041076
"Astro-4","DYNC1I2",0.0351248599129641,0.0674693731619607,0.602642307351104,-0.0971126815439723,0.1673624013699,6,0,0,0.860231069977808
"Astro-4","RMDN1",0.0437259310981693,0.0706584347950251,0.536024889011851,-0.0947620563040516,0.18221391850039,5,0,0,0.825886584988076
"Astro-4","PFKP",-0.020564625206626,0.137716943071073,0.881296944730674,-0.290484873686883,0.249355623273631,6,0.0421497523250914,42.6907354443706,0.968540022559143
"Astro-4","YPEL1",0.022410838672764,0.0955324920814976,0.814528017107966,-0.164829405160329,0.209651082505857,5,0,0,0.949616228269735
"Astro-4","HNRNPA2B1",-0.0265237182117469,0.0453867619333686,0.558955753730966,-0.115480136976043,0.0624327005525491,6,0,0,0.840125571513081
"Astro-4","SUPT7L",0.109118332251148,0.0872294613093425,0.210958418702664,-0.0618482703059935,0.280084934808289,6,0,0,0.566775643361511
"Astro-4","NAE1",-0.0190653427067069,0.0730734377047926,0.794164529482447,-0.162286648834632,0.124155963421218,6,6.83992070386829e-06,0.0181705333577347,0.941067340022289
"Astro-4","SNX1",0.0571492112723625,0.0641658908775359,0.373118132583969,-0.068613623883535,0.18291204642826,6,1.32146273264396e-06,0.00449616755507639,0.723968468978202
"Astro-4","CCDC138",0.00177356001589468,0.101868196768334,0.986109259692122,-0.197884436820079,0.201431556851868,5,0.00542312762254942,9.82252698378889,0.997792489645061
"Astro-4","ARFGEF3",-0.0660935958381015,0.0832559026774399,0.427276484199348,-0.229272166586256,0.0970849749100525,6,7.75785335137539e-07,0.00144745315774297,0.765621762940736
"Astro-4","MSMO1",-0.776353318583596,0.422502570041557,0.0661344247689491,-1.60444313924066,0.0517365020734671,6,0.807871845655031,85.4760789500093,0.32694034716424
"Astro-4","ICA1L",-0.023398818199582,0.0897443983627852,0.794302781370768,-0.199294606804856,0.152496970405692,6,0.0196521078268283,48.134057367693,0.941067340022289
"Astro-4","ADI1",-0.154619877603108,0.107158660431103,0.149046943498461,-0.364646992679627,0.0554072374734102,5,0,0,0.489239426315262
"Astro-4","IDH2",-0.0211110836315804,0.172253205878201,0.902456768935432,-0.358721163374417,0.316498996111256,5,0.0902291009128496,69.3939005741977,0.975721957354426
"Astro-4","PIGC",-0.0733091566261385,0.091976641958214,0.425427207760211,-0.253580062283174,0.106961749030897,5,7.67364801974415e-07,0.00154396899626375,0.764122119205461
"Astro-4","TRIOBP",0.01775435708165,0.0963527499733624,0.853806240499901,-0.171093562677533,0.206602276840833,5,3.31318962181343e-07,0.000633852240629506,0.963034489733971
"Astro-4","TOR1AIP1",0.2203697965245,0.320904612916953,0.492262764383797,-0.408591687265494,0.849331280314495,5,0.444732921945428,92.7197217339073,0.803576263243265
"Astro-4","AIMP1",0.00296663946235077,0.086147846213301,0.97252899317826,-0.165880036461414,0.171813315386116,6,0,0,0.994460940404121
"Astro-4","PSMD7",-0.0185194680024051,0.102806618062328,0.85704354789651,-0.220016736776933,0.182977800772123,5,0,0,0.963854303288347
"Astro-4","METTL6",0.00143870266375683,0.0753911194045794,0.984774745575601,-0.146325176123378,0.149202581450891,5,0,0,0.997792489645061
"Astro-4","PRPF39",-0.023012715772441,0.0863054707444448,0.789744346772866,-0.192168330100328,0.146142898555446,5,2.85142410929672e-07,0.000674720969424102,0.941008643558768
"Astro-4","CNBP",-0.106411951428172,0.078157912188004,0.173355919470767,-0.259598644423504,0.0467747415671605,6,0,0,0.517981418024798
"Astro-4","ELF1",0.0950097755444774,0.0713441748486271,0.182955389255243,-0.0448222376655601,0.234841788754515,6,5.17172692113558e-07,0.00144923943875039,0.531438731194574
"Astro-4","PEX6",-0.0455412371232983,0.0847588661349359,0.591057974413378,-0.211665562118224,0.120583087871628,5,0,0,0.85313791203194
"Astro-4","ST8SIA1",0.156298402093349,0.0819217556507625,0.0564043245749641,-0.00426528853243593,0.316862092719134,6,0,0,0.306853008793281
"Astro-4","CDC42SE1",-0.00335854036238437,0.0911855179625095,0.97061899957269,-0.182078871480533,0.175361790755764,5,0,0,0.994460940404121
"Astro-4","TIPIN",0.0225338277192385,0.0932749151216452,0.809101685065383,-0.160281646580217,0.205349302018694,6,0,0,0.946585322007947
"Astro-4","GPD2",0.163644356689155,0.0724480080401804,0.0238968626757657,0.0216488701787335,0.305639843199577,5,0.00261263954350529,9.29532703900928,0.195104131442499
"Astro-4","AMMECR1",0.0355545984020076,0.129346424720332,0.783409305292647,-0.217959735578864,0.28906893238288,5,0.0182999866434664,21.9281734130053,0.93801419008406
"Astro-4","N4BP2",0.116583898454259,0.0856184491016102,0.173302698851195,-0.0512251781970731,0.284392975105591,5,0,0,0.517981418024798
"Astro-4","TM7SF3",-0.0554557970226264,0.0720875500848948,0.441724748727212,-0.196744798922747,0.0858332048774947,6,0,0,0.774513785967693
"Astro-4","ZNF587",0.00654261971758748,0.0918326639089914,0.943202753893606,-0.173446094148407,0.186531333583582,5,0,0,0.98916607490031
"Astro-4","MFF",-0.0715269791725074,0.0633630904838872,0.258964082750302,-0.195716354470079,0.0526623961250642,5,0,0,0.626719712303517
"Astro-4","TMEM67",0.0911508316501174,0.0908332817435708,0.315621623156976,-0.086879129164861,0.269180792465096,6,2.15019631248554e-06,0.00382173609063644,0.680855176020301
"Astro-4","TMEM144",-0.203861072954243,0.0822671474412413,0.0132107275153328,-0.365101719049923,-0.0426204268585638,6,0,0,0.141507878633973
"Astro-4","BRAP",-0.0578905226197941,0.106471792317652,0.58663623787454,-0.266571400931821,0.150790355692233,6,0.015999070471121,24.8176175124749,0.851292502190599
"Astro-4","ABCC1",0.0755403662516237,0.104017729257508,0.46770031322963,-0.12833063684673,0.279411369349977,5,0.00561500784242085,9.78952926308923,0.791626622516344
"Astro-4","PLAGL1",-0.0979498410813266,0.112336056572377,0.383243345108536,-0.31812446612844,0.122224783965787,5,0.00572135257084687,8.38562602368803,0.732517026440826
"Astro-4","PDPR",-0.122100410997097,0.0912792201160479,0.18100783387258,-0.301004394961455,0.0568035729672607,5,0,0,0.527850928249885
"Astro-4","AFG3L2",0.0243915184665907,0.07301960417458,0.738348859380391,-0.118724275880957,0.167507312814138,5,0,0,0.91927546613533
"Astro-4","NOL9",0.0603166291987206,0.160198578514411,0.706536565095749,-0.253666815064037,0.374300073461479,5,0.0575667589914798,52.4440865247138,0.909549656068508
"Astro-4","IREB2",0.0180637069377865,0.0686763544990526,0.792530089115486,-0.116539474469862,0.152666888345435,6,1.50949048075173e-06,0.00451798305511642,0.941067340022289
"Astro-4","FBXO3",0.0245118714318908,0.0780714426774808,0.75354595866422,-0.128505344437055,0.177529087300836,6,0,0,0.928670583534289
"Astro-4","MALT1",0.0665156381362258,0.0735806247325414,0.366004385156713,-0.0776997362995126,0.210731012571964,6,3.3969337255519e-06,0.00887257030089508,0.719624172687532
"Astro-4","CRLF1",-0.249677601826543,0.12798690426242,0.0510801454430591,-0.500527324673663,0.00117212102057554,6,0,0,0.291570180932342
"Astro-4","PIN4",0.166104264774888,0.1621998718642,0.305801508415635,-0.151801642375956,0.484010171925731,5,0.0644464836419992,54.9631343757297,0.673903596063727
"Astro-4","RAPH1",-0.018011749614604,0.0883889021327766,0.838526668013733,-0.191250814427882,0.155227315198674,6,0.00400570867479074,7.75747565694045,0.958077714511081
"Astro-4","ARHGAP44",-0.172746890688325,0.0788102445401944,0.0283842395058373,-0.3272121315999,-0.0182816497767496,6,0,0,0.216992673881313
"Astro-4","GOLPH3",0.0665911872363798,0.0733285524442543,0.363814376783912,-0.0771301345928151,0.210312509065575,5,4.8538513706269e-06,0.0159075558516272,0.717058973167819
"Astro-4","SECISBP2",-0.0733119466531527,0.168094433233211,0.662738434919445,-0.40277098179192,0.256147088485614,6,0.103239907555999,76.0271420163802,0.889842018566866
"Astro-4","DZIP1",0.034429238749814,0.0669732691138533,0.607200020653487,-0.0968359566402473,0.165694434139875,6,0.0068607717539245,27.6498474451354,0.861797795473453
"Astro-4","APH1B",-0.0330517854624955,0.0915396717215309,0.718050743332898,-0.212466245193316,0.146362674268325,6,0,0,0.91187936760853
"Astro-4","BIRC2",-0.11772285281688,0.147101828092824,0.423547793304602,-0.406037137938816,0.170591432305057,6,0.0558352141067576,51.8256682108097,0.763611324769951
"Astro-4","HBS1L",0.0265016209387293,0.068971519149569,0.700800526344904,-0.108680072553441,0.161683314430899,6,0,0,0.906866052837415
"Astro-4","FIGN",0.126892570174244,0.0613059993712106,0.0384689186740836,0.00673501937043633,0.247050120978052,6,0,0,0.252850861341342
"Astro-4","SCN8A",0.0649328186230162,0.0705649176663601,0.357475796387801,-0.0733718785750838,0.203237515821116,5,1.04170049145545e-08,3.61231592572362e-05,0.712961946232454
"Astro-4","WBP4",-0.118747806274349,0.0810105150359528,0.142694057571135,-0.277525498113857,0.0400298855651589,6,7.78887274174324e-07,0.00167967888157184,0.480829490548636
"Astro-4","FAM120A",0.0789942589832304,0.0538481103729457,0.142380697710601,-0.026546097983281,0.184534615949742,6,0,0,0.480644852222067
"Astro-4","PPHLN1",0.120593500459436,0.0538833219031831,0.0252178771538347,0.0149841301618186,0.226202870757053,6,4.00365387463788e-07,0.00194286920913397,0.201350492921307
"Astro-4","TPST2",0.0202977809041815,0.0987008846289975,0.83706476122228,-0.173152398210897,0.213747960019259,5,5.70013879726149e-06,0.0104966428095557,0.957433190893688
"Astro-4","WHRN",0.0701040406706705,0.094715152759769,0.459205008831224,-0.115534247528686,0.255742328870027,5,2.99340278904271e-06,0.00592264476711292,0.785429418734281
"Astro-4","PDPK1",-0.0149083646006843,0.078456879631158,0.849293574846895,-0.168681023017148,0.13886429381578,6,0,0,0.960422672011126
"Astro-4","ATG12",0.0205874239197793,0.0936168467586651,0.825940057179692,-0.16289822407341,0.204073071912968,5,4.90881439502273e-07,0.000969106261099109,0.953612973046104
"Astro-4","NAIP",0.00853389419044604,0.129849062474328,0.947599438204805,-0.245965591685529,0.263033380066421,5,0,0,0.989693676693763
"Astro-4","NEK4",0.0306097309035439,0.0763777641236892,0.688591257645277,-0.119087935998582,0.18030739780567,5,4.87863164738755e-06,0.0146703898170859,0.902174372725159
"Astro-4","ORC5",0.272679380526576,0.235178880849998,0.246270680313247,-0.188262755863857,0.733621516917008,5,0.204313727971064,83.359385901277,0.614214820032399
"Astro-4","VTA1",0.0313457152257724,0.104402850556633,0.763995532520235,-0.173280111748546,0.235971542200091,5,0.0126765367182717,23.4230165681793,0.930620130263641
"Astro-4","DENND4C",0.02500697955239,0.0512547593636824,0.625623680981456,-0.0754505028366946,0.125464461941475,6,0.000680022472634989,3.79665309704843,0.873165335486417
"Astro-4","PSMD13",0.14592312081455,0.0883422304115218,0.0985766568765374,-0.0272244691059723,0.319070710735071,5,2.85475441622367e-06,0.00634484692797648,0.40447268364925
"Astro-4","OTULIN",-0.0395184542912686,0.0874247304678447,0.651248578662951,-0.210867777366366,0.131830868783829,6,0,0,0.883317540764102
"Astro-4","FER",0.0468784458361382,0.0529094751531225,0.375610898544818,-0.0568222199048987,0.150579111577175,6,0.00305675832383516,18.285851982965,0.725926893144657
"Astro-4","SREK1IP1",-0.00709806621607512,0.0969640368093195,0.941644514886365,-0.197144086157957,0.182947953725807,5,4.524526632518e-07,0.000857627299916252,0.988427027441211
"Astro-4","SYTL4",0.222992463532218,0.112796081437557,0.0480470313464009,0.00191620631736053,0.444068720747076,6,0,0,0.282185898079615
"Astro-4","KLHL8",0.0681531940197273,0.167028789989188,0.683249730050374,-0.259217218740385,0.39552360677984,6,0.0912646626263003,65.2940622948327,0.899156346844844
"Astro-4","ATN1",0.0342375748811464,0.0649882329166113,0.598313527214834,-0.0931370210543122,0.161612170816605,6,0.000320320041095137,1.07996743776498,0.857064905755946
"Astro-4","NXPE3",-0.0328791820445442,0.0974360710661056,0.735782495204394,-0.223850372129196,0.158092008040108,5,2.4259552210106e-06,0.00443741378103314,0.917449400767856
"Astro-4","TTI1",-0.0757738382224335,0.083087842628655,0.361783126638833,-0.238623017327729,0.0870753408828621,5,0.000999189311758761,2.52547084939009,0.716076384543473
"Astro-4","HPCAL1",0.0491390894796497,0.0913344492272877,0.590568312183075,-0.129873141553636,0.228151320512936,5,0,0,0.85313791203194
"Astro-4","KDSR",0.169629469490277,0.0911173129633543,0.0626510105995854,-0.00895718228596173,0.348216121266516,6,2.73904380721693e-06,0.00471551064514985,0.319632814712748
"Astro-4","CWF19L2",-0.109048078404228,0.0604871446199923,0.0714148146321571,-0.227600703387078,0.00950454657862287,6,4.03177174360862e-07,0.00154543509901558,0.340538468322331
"Astro-4","PRKAA1",-0.0667889113027008,0.0916558209900043,0.466189768464792,-0.24643101941656,0.112853196811158,5,0,0,0.790294387136777
"Astro-4","CRK",0.0526857568156722,0.0874896116105302,0.54704472275078,-0.118790730962364,0.224162244593709,5,0,0,0.832764290876466
"Astro-4","WDR35",0.0807853699888879,0.0748208231569629,0.280267892255111,-0.0658607486923998,0.227431488670176,6,0,0,0.650031094478732
"Astro-4","ERMARD",-0.085639693309724,0.0828753960100989,0.301437862345823,-0.248072484694012,0.0767930980745643,6,4.95633808509355e-06,0.0103936872445115,0.670653199239465
"Astro-4","PRPF8",-0.0415953265423922,0.0855822532249119,0.626947685243676,-0.209333460579006,0.126142807494222,6,0.00577232040033893,12.5483026225497,0.874014358550525
"Astro-4","HDAC1",-0.206453124346861,0.136635534557672,0.130794358953566,-0.474253851088275,0.0613476023945539,5,0.0392021947667349,46.5209312466304,0.461199992643238
"Astro-4","CCDC88A",-0.029783622667196,0.0517647221296905,0.565044295805159,-0.131240613711113,0.0716733683767209,6,0.0018659703718147,10.9615245178636,0.843013368939574
"Astro-4","C1orf198",-0.0839610010622129,0.084200710307264,0.318690191777674,-0.248991360737141,0.081069358612715,6,2.47264299520037e-07,0.00051195537818092,0.682298665243009
"Astro-4","KSR2",0.14854616128387,0.119340854164255,0.213234034468456,-0.0853576147623178,0.382449937330058,5,0,0,0.570386230746574
"Astro-4","FAM131A",-0.092531438808363,0.0953697373233574,0.331927373877341,-0.279452689177189,0.0943898115604628,5,3.17072450329147e-06,0.00617442176062842,0.692097477880131
"Astro-4","RAB5B",-0.0157921164675759,0.0888886442724247,0.858988587742847,-0.190010657876121,0.158426424940969,5,0,0,0.963854303288347
"Astro-4","COPS2",0.0734587355016654,0.0930709162387501,0.429950114148637,-0.108956908334429,0.25587437933776,5,0.00785819873841899,17.5438248232367,0.768200040392495
"Astro-4","CUL9",-0.0293133710199816,0.0791996576196683,0.711293139660926,-0.184541847542435,0.125915105502472,5,3.35982332948997e-06,0.0093272027116514,0.910591477911432
"Astro-4","ZNF226",-0.0903306264343458,0.0919560941409738,0.325940531891413,-0.270561259109629,0.0899000062409375,5,4.63485798128485e-07,0.000948084942755538,0.688582479864142
"Astro-4","ATP6V1A",0.00768754048273609,0.0638744435242025,0.904202782371878,-0.117504068357238,0.132879149322711,6,0,0,0.975721957354426
"Astro-4","UTP20",0.11245377765251,0.104125880339155,0.280151473867773,-0.091629197670761,0.316536752975781,5,0.0148067475161875,28.2741862658889,0.650031094478732
"Astro-4","SRP72",0.0727003659478735,0.0805478748374498,0.366752371120243,-0.0851705677647681,0.230571299660515,6,0,0,0.720316954713689
"Astro-4","ZNF254",0.0478763047801649,0.057800291531545,0.407497455906443,-0.0654101849175788,0.161162794477909,6,0,0,0.752705818113287
"Astro-4","ARHGEF40",-0.0158426620031324,0.0806062898169373,0.844184597401425,-0.173828086971727,0.142142762965462,6,0,0,0.960050601108412
"Astro-4","MIAT",-0.369702937747088,0.149924557084818,0.0136659374557051,-0.663549670031451,-0.0758562054627246,5,0.0367807367653904,35.1647432554618,0.143823033998451
"Astro-4","NIPAL3",0.0321586720498547,0.0981581532967102,0.743198244081695,-0.160227773200659,0.224545117300368,5,0,0,0.922448371558098
"Astro-4","PRPF40A",0.0356552382393865,0.056472767801878,0.527798316263097,-0.0750293527595875,0.146339829238361,6,0,0,0.82289143036691
"Astro-4","TNKS1BP1",0.0792889399381081,0.103615297265047,0.444138011533621,-0.123793310948796,0.282371190825012,5,0,0,0.774739225288555
"Astro-4","PIGZ",0.0296233476688938,0.115755706438192,0.79801829932114,-0.197253667954954,0.256500363292742,6,0.011727779475151,14.2335739848515,0.94280212847019
"Astro-4","YLPM1",-0.0202744012620293,0.0719231118749155,0.778027908159864,-0.161241110192909,0.12069230766885,6,0.00997191841860836,37.0090117239529,0.936142591380521
"Astro-4","ARL6IP6",0.0537468633619799,0.0861875005679544,0.532887734430353,-0.115177533668736,0.222671260392696,5,0,0,0.824840106059658
"Astro-4","RECK",0.119178804226316,0.0946885892649499,0.208160551641995,-0.0664074204798917,0.304765028932524,6,0.0160162831654389,33.045435863684,0.564003875630052
"Astro-4","SMIM12",0.181756584158387,0.0907918154777849,0.0452949559776723,0.00380789573092227,0.359705272585851,6,0,0,0.273673727378369
"Astro-4","HES1",-0.0834945077085267,0.325598991390192,0.797616078690542,-0.721656804235871,0.554667788818817,5,0.394934968067449,78.3224345969581,0.942574431373376
"Astro-4","GALNT15",0.293807449689197,0.120800928482085,0.0150089851331105,0.0570419805653114,0.530572918813083,6,0,0,0.152716954585619
"Astro-4","TMEM50B",0.03527112210142,0.072515720157065,0.626688714666829,-0.106857077719413,0.177399321922253,5,0,0,0.873876374651576
"Astro-4","CDK13",0.0674493074608052,0.0429723284609896,0.116508519719934,-0.0167749086545599,0.15167352357617,6,0.000299988357785306,2.35555307037088,0.439200249661892
"Astro-4","ANAPC4",0.00703981088521573,0.0771015334088707,0.927249674472883,-0.144076417748983,0.158156039519414,5,0,0,0.985075334159789
"Astro-4","PDSS2",0.0578794817081685,0.0613283393291941,0.345290236970711,-0.0623218546087033,0.17808081802504,5,0,0,0.701888825580209
"Astro-4","HDDC2",0.0693516953825195,0.119709869828783,0.562365532057913,-0.165275338075873,0.303978728840912,5,0.00638362331871869,7.95012578588863,0.842292413634531
"Astro-4","ZNF562",-0.106387585971535,0.0838548839094574,0.204544275386128,-0.270740138361859,0.0579649664187885,6,6.59548974866714e-07,0.00134082443342829,0.561699764785838
"Astro-4","ATAT1",-0.0164204718091861,0.0961403572464247,0.864383492655302,-0.204852109472993,0.172011165854621,5,8.8368528944173e-08,0.000169886504252815,0.964767735772626
"Astro-4","RASGRF2",-0.142811444282828,0.112653173480277,0.204901882028125,-0.363607607048313,0.0779847184826564,5,7.50400677483864e-07,0.00101170529063922,0.561868647958404
"Astro-4","GSAP",-0.0913701438348332,0.101885192713025,0.369828251354669,-0.291061452110286,0.108321164440619,6,0.0156215474298494,26.9347828090896,0.72220304215202
"Astro-4","PRPF40B",-0.0384781976966018,0.0678474337626619,0.57062703770229,-0.171456724314886,0.0945003289216824,6,0.00159813499463587,5.14958155956156,0.843676875377731
"Astro-4","LEPR",0.110858487138391,0.105898819637935,0.295176136657644,-0.0966993853572638,0.318416359634046,5,0,0,0.664646740528594
"Astro-4","FDPS",-0.629746846168694,0.27273691306747,0.0209441277644897,-1.16430137303557,-0.095192319301821,5,0.277595935901173,84.8519165313456,0.18015248165298
"Astro-4","RGR",0.0151606955938596,0.319445491450875,0.962147077386919,-0.610940962673552,0.641262353861271,6,0.391809445317657,68.4490437025677,0.994460940404121
"Astro-4","AGL",-0.050518402962381,0.0618506633418403,0.414053995877686,-0.1717434755323,0.0707066696075378,6,1.52612516479701e-06,0.00556159958441526,0.758033717485782
"Astro-4","PPP1R7",-0.104877147359151,0.0942044837710742,0.265582816884493,-0.289514542732645,0.079760248014342,5,0.00433102735343887,9.13312291553515,0.63297836166646
"Astro-4","HERC2",-0.0300990151197202,0.0589978887673952,0.609931629089807,-0.145732752267715,0.0855347220282747,6,0.00363392108399769,17.3345479957259,0.863516474361982
"Astro-4","ATF4",-0.0975570596528918,0.108360687874721,0.367960953197879,-0.309940105227331,0.114825985921547,5,5.12911138766777e-06,0.00777657388967244,0.720617686040449
"Astro-4","GALNT18",0.182011056042979,0.0807637797777858,0.0242199385133857,0.0237169564231944,0.340305155662763,6,0.00106626345200194,2.45784819895233,0.197446722627034
"Astro-4","DESI2",-0.0307688774355657,0.0884127368409491,0.72782960798441,-0.204054657418443,0.142516902547312,6,0,0,0.916841668946321
"Astro-4","ALAD",0.0684123219647923,0.199329766708906,0.73143915100089,-0.322266841831435,0.45909148576102,6,0.138852462344788,71.4369980578692,0.916970437066325
"Astro-4","PPIE",0.125062857788098,0.0785992481492222,0.1115767838243,-0.0289888377963038,0.2791145533725,5,4.53615737327796e-06,0.0128684691148414,0.431303887649203
"Astro-4","LUC7L",-0.0223736517958533,0.0555497225718983,0.687118889083268,-0.131249107387966,0.0865018037962591,6,0,0,0.90195707093795
"Astro-4","OSBP",-0.00114764940016744,0.0918006415054994,0.990025473993042,-0.181073600508619,0.178778301708284,5,6.0437032832707e-06,0.0117528005918565,0.998058308461131
"Astro-4","GARNL3",0.029077288126771,0.0638083716757434,0.648607827970374,-0.0959848222698317,0.154139398523374,6,0,0,0.883024838784661
"Astro-4","KITLG",0.122671618350323,0.148091188245065,0.407471233837895,-0.167581777037746,0.412925013738392,5,0.0359267998471483,34.474821209682,0.752705818113287
"Astro-4","ZBTB25",0.0795288808604626,0.0863785752659518,0.357206310710074,-0.0897700156966851,0.24882777741761,6,2.45349715204285e-07,0.000478989783718923,0.712961946232454
"Astro-4","ORC3",0.13320929697172,0.0643066721806448,0.0383149608797256,0.00717053553203267,0.259248058411408,5,4.81677854780158e-06,0.0202629638444378,0.252749174305629
"Astro-4","PCDH17",0.0111868471856342,0.112440796274127,0.920748433946275,-0.20919306390466,0.231566758275928,6,0.00933901327724477,11.5241359559937,0.982140432182931
"Astro-4","ZFHX4",0.0972608595183581,0.0560088195890343,0.0824705934303817,-0.0125144096927505,0.207036128729467,6,4.78728563316081e-06,0.0219642604039311,0.368535748049923
"Astro-4","UGGT1",-0.0111316479618131,0.0672017279653086,0.868436123899611,-0.142844614472676,0.12058131854905,6,0,0,0.964767735772626
"Astro-4","ILKAP",-0.00734339705248367,0.0594317021491815,0.90166345278806,-0.123827392804791,0.109140598699824,6,0,0,0.975635633532928
"Astro-4","TUB",-0.0721762441050129,0.0998255438704219,0.469665262053465,-0.267830714828163,0.123478226618137,6,0.00886936198420911,14.3676386963585,0.791762858437046
"Astro-4","ROCK1",0.0528215613673764,0.0521078386483661,0.310727340875338,-0.0493079256956455,0.154951048430398,6,0,0,0.677143105918301
"Astro-4","PHF12",-0.145757374279311,0.0943239121161556,0.12227721969284,-0.330628844907897,0.0391140963492753,6,0.0127069786186149,25.4406495227591,0.449144703404365
"Astro-4","PPA1",0.169831971994429,0.112996814624113,0.132844156872445,-0.0516377150365817,0.39130165902544,5,0.0110117925894913,16.8319638861441,0.464232108021302
"Astro-4","PDZD2",0.049703054874427,0.0843114559402995,0.55551436600644,-0.115544362252696,0.21495047200155,6,0.0047926086978926,10.6511914952267,0.838019334182569
"Astro-4","KDM5B",0.06924679633106,0.0640642038731365,0.279742998845624,-0.056316735958519,0.194810328620639,6,0,0,0.649686579487571
"Astro-4","TNPO3",0.0775140137022749,0.0623995533977599,0.214155163161398,-0.0447868636087184,0.199814891013268,6,7.12612489300948e-08,0.000257854045479774,0.57136673323134
"Astro-4","PNCK",-0.0463660408834205,0.0921449867771773,0.614833708535465,-0.226966896322607,0.134234814555766,5,0.000983795276776689,2.05598333177434,0.867533380527179
"Astro-4","LMLN",0.026880948765209,0.0859118870538803,0.754364426053132,-0.141503255704269,0.195265153234687,6,0,0,0.92905039348415
"Astro-4","ACBD5",0.0500099698216216,0.0874407032047937,0.567369333441682,-0.12137065924263,0.221390598885873,5,0,0,0.843676875377731
"Astro-4","CD47",0.125604137239323,0.0611476092002287,0.0399646955736579,0.00575702546614507,0.245451249012502,6,3.47248484552354e-06,0.013058453257103,0.257442558922745
"Astro-4","EP300",0.0216146720006182,0.0505454794149369,0.668921836976755,-0.0774526472339689,0.120681991235205,6,0,0,0.893005356245568
"Astro-4","RHPN2",-0.0136583811033879,0.112834412835851,0.903653008476011,-0.23480976647838,0.207493004271604,5,0,0,0.975721957354426
"Astro-4","ERLIN2",0.139339875604169,0.083036037301154,0.0933343924410589,-0.0234077669250175,0.302087518133355,5,0,0,0.392496927053011
"Astro-4","TBC1D31",0.0117193460052739,0.096074956811356,0.902913845612215,-0.176584109161225,0.200022801171773,5,2.4707841689978e-06,0.00475386197232243,0.975721957354426
"Astro-4","NME7",-0.0330889881365032,0.0744140988775751,0.656565335189479,-0.178937941878553,0.112759965605546,6,0.0061835931830987,18.7576368922204,0.885716927708922
"Astro-4","UNKL",0.012462794466564,0.108052676519671,0.908175643612842,-0.199316559945148,0.224242148878276,6,0.0108648065257986,15.2290595629189,0.97665984749229
"Astro-4","FKBP15",0.0111213550137256,0.0812706431006046,0.891154540213921,-0.148166178463868,0.170408888491319,5,0,0,0.973135147503209
"Astro-4","GNG12-AS1",-0.033012317128903,0.0962567273525824,0.731627693418861,-0.221672036009656,0.15564740175185,6,5.67711762598591e-06,0.00838278606630153,0.916970437066325
"Astro-4","CDC14B",0.133860707229934,0.0610936777695295,0.0284465109375122,0.0141192991185611,0.253602115341307,6,0.00235983796495006,9.88444503419321,0.217003970308229
"Astro-4","CCNC",-0.00685312567765931,0.0814215660690087,0.932922515439767,-0.166436462737765,0.152730211382446,6,0,0,0.987295453105121
"Astro-4","ANKRD13D",-0.111401764033343,0.0880795943857482,0.205948351893662,-0.284034596802306,0.0612310687356195,5,0,0,0.56244494902159
"Astro-4","NAPG",-0.00663814208095507,0.0747135376464006,0.929202777157901,-0.153073985025478,0.139797700863568,6,0,0,0.985898483178208
"Astro-4","TRAP1",0.084356364766967,0.0740619426138333,0.25470421221712,-0.0608023753812186,0.229515104915152,5,0,0,0.621901835999064
"Astro-4","RAB27A",0.173786316636671,0.0821802521146917,0.0344557968006354,0.0127159822514532,0.334856651021888,6,0,0,0.23988442762647
"Astro-4","ENSA",-0.0597726391982096,0.0756609171417624,0.429523795836258,-0.208065311833333,0.0885200334369139,6,0.00867302513909034,27.0584537669943,0.767940743979587
"Astro-4","CAMK2A",-0.117230752535925,0.0903353580000361,0.194380707881373,-0.294284800746528,0.0598232956746784,5,4.25997369729731e-06,0.00821337161985612,0.545889343206986
"Astro-4","MYOM1",0.0260259350948375,0.083021180836576,0.753911847060419,-0.136692589298838,0.188744459488513,6,3.70482776434142e-06,0.00788532948783145,0.928761088545194
"Astro-4","TMEM63B",0.0101197073592066,0.0865559734610913,0.906927267453712,-0.159526883271337,0.17976629798975,5,0,0,0.976392362208728
"Astro-4","ERP44",0.11769371421222,0.0655339070339377,0.0725070957783008,-0.0107503833404945,0.246137811764934,6,0,0,0.342589755312352
"Astro-4","GRIN2C",-0.158424304474415,0.0986372575747983,0.108245247199364,-0.351749776854821,0.0349011679059899,6,1.96093335144954e-06,0.00290879345850145,0.423518975419075
"Astro-4","KLHL28",-0.0696687837500354,0.141813080866123,0.623234141260693,-0.347617314784302,0.208279747284231,5,0.0423893313824936,48.0631139766302,0.871984313264864
"Astro-4","SLC36A4",0.110217602024388,0.0984976111649644,0.263145444259347,-0.0828341684221726,0.303269372470949,6,0.0166786855394199,31.6407785584173,0.631088732142295
"Astro-4","DENND1B",0.0122265270907103,0.0927173876420669,0.89508809741221,-0.16949621342838,0.1939492676098,6,0.0132366775293626,27.21343317637,0.974556705351282
"Astro-4","CLOCK",0.0460838109389931,0.073358154048311,0.529870978758803,-0.0976955289680376,0.189863150846024,6,0.00450695355297116,13.4841043865658,0.823841527463872
"Astro-4","OLMALINC",-0.0126419804821072,0.0827817418801137,0.878623347796505,-0.174891213144621,0.149607252180407,6,0,0,0.96750557947341
"Astro-4","BCCIP",0.0353692235406812,0.0908115533418277,0.696921593434594,-0.142618150389439,0.213356597470802,5,0,0,0.905575443508604
"Astro-4","ZNF84",-0.0996733051289969,0.0718857636647467,0.165578601362438,-0.240566812913058,0.0412202026550647,6,0,0,0.511544420974302
"Astro-4","TRMT61B",-0.0457656683184696,0.0940481515337148,0.626527973052092,-0.230096658137116,0.138565321500177,5,0.00403702316840757,8.49945373994199,0.873875329114026
"Astro-4","PACRG",-0.134440516957926,0.114309465656784,0.239550882866034,-0.358482952737241,0.0896019188213895,6,0.0249031127549973,35.2127205208969,0.604354236588582
"Astro-4","SAP130",-0.0396014420173918,0.0678653808096696,0.559537000389272,-0.17261514420144,0.0934122601666563,6,0,0,0.840515753738875
"Astro-4","USP10",0.0395041865301121,0.0671455450954261,0.556306335460616,-0.0920986635792331,0.171107036639457,6,2.56018414105118e-06,0.0080069135922883,0.838019334182569
"Astro-4","MLLT1",0.0363440129575522,0.101106688743003,0.719249497297081,-0.161821455574835,0.234509481489939,5,0,0,0.91262698466899
"Astro-4","DNMBP",-0.0213552221894515,0.0940486840369842,0.8203727217342,-0.205687255695328,0.162976811316425,5,0,0,0.951684798653525
"Astro-4","CDR2",0.0881745093134634,0.0691433292522654,0.20222343677275,-0.0473439257921716,0.223692944419098,6,0,0,0.557850712955938
"Astro-4","CLCN5",-0.0459157525854352,0.0899610632656117,0.609774169685186,-0.222236196596964,0.130404691426093,5,0,0,0.863516474361982
"Astro-4","BAZ1A",0.123309305229406,0.0756168736060233,0.102951209303232,-0.0248970436619167,0.27151565412073,6,0,0,0.413313800149601
"Astro-4","CFAP43",0.0363767578203274,0.10680958558351,0.733422965971206,-0.172966183127001,0.245719698767656,6,3.93365563805003e-06,0.00500605424772805,0.917055727657729
"Astro-4","RSBN1",0.00149506203444301,0.0946492501868843,0.987397287263583,-0.184014059495571,0.187004183564457,5,1.59360215981573e-06,0.00314494364981308,0.998058308461131
"Astro-4","PHTF1",-0.105673028101104,0.0746511997238093,0.156905249450108,-0.251986690962477,0.0406406347602682,6,0,0,0.498265390986331
"Astro-4","BRD2",0.0212330460597748,0.161839916975673,0.895618811820719,-0.295967362473496,0.338433454593046,5,0.0740682290567023,68.8828861874859,0.974661489918303
"Astro-4","RPE",0.0414137290713622,0.0889472162175692,0.641502606001959,-0.13291961124017,0.215747069382895,6,0,0,0.880794449479828
"Astro-4","SFXN4",-0.00751541375338315,0.144661525943144,0.958567170649287,-0.291046794550551,0.276015967043785,5,0.0523330844547021,57.0444559088584,0.993185165320839
"Astro-4","CORO2B",0.126256512862546,0.0873332727175432,0.148265218423101,-0.0449135563158532,0.297426582040945,6,4.91558636378575e-06,0.00903763866146309,0.487987769118619
"Astro-4","METTL14",0.145936800185134,0.102563157841145,0.154766042666751,-0.0550832953242071,0.346956895694475,6,0.0132288145595167,21.4900413527644,0.497647147105025
"Astro-4","DNAJC17",-0.0181712040685113,0.084669959631712,0.830069701985429,-0.184121275519127,0.147778867382105,6,0,0,0.955880328717664
"Astro-4","TUBG2",0.165167960597043,0.0987610729032986,0.0944455872968826,-0.028400185367957,0.358736106562043,5,0.00142519368796571,2.63179795871473,0.394691505597225
"Astro-4","RAI1",0.045839468000775,0.104589510595424,0.661183479544826,-0.159152205926927,0.250831141928477,5,0.0121404708903995,22.2406168356203,0.889532018389337
"Astro-4","DPH6",-0.145848672765722,0.168427109021609,0.386520129074861,-0.475959740468276,0.184262394936832,6,0.112483959718419,81.1902425917225,0.734065697151213
"Astro-4","TM2D1",0.053270748911152,0.0719621760329604,0.459142006976663,-0.0877725243625818,0.194314022184886,6,0,0,0.785429418734281
"Astro-4","SLC6A11",0.126145600332818,0.0955007341662027,0.18653931710072,-0.0610323991300731,0.313323599795709,6,1.21630259645709e-06,0.00187952675080053,0.534825530666327
"Astro-4","SYAP1",-0.1846515801876,0.124628198800828,0.138441544818123,-0.428918361295321,0.0596152009201206,5,5.34838249652858e-07,0.000607108314849762,0.474681555427864
"Astro-4","GOLGA4",0.0936470249906406,0.0523411881044618,0.0735882367625017,-0.00893981860214069,0.196233868583422,6,0,0,0.343537563416055
"Astro-4","SKP1",-0.193468472790956,0.0825777037538174,0.019136268058364,-0.355317798074456,-0.0316191475074557,6,7.00216624907779e-07,0.00145964726049828,0.173615592790175
"Astro-4","C1orf52",0.0759299613060325,0.0749922974641008,0.311297389044462,-0.0710522408415194,0.222912163453584,6,0,0,0.677143105918301
"Astro-4","MCCC2",-0.0145969534929707,0.0819237246177572,0.858583684338368,-0.175164503223152,0.145970596237211,5,0,0,0.963854303288347
"Astro-4","AEBP2",0.126644614154532,0.0629046453174842,0.0440852650369335,0.00335377487199701,0.249935453437067,6,0,0,0.27078811134876
"Astro-4","EIF2AK4",0.0792878266414277,0.0643563463035471,0.217944394227266,-0.0468482942901121,0.205423947572967,6,0,0,0.578150695128375
"Astro-4","FGF1",0.016468516168112,0.100434878808249,0.869753121770366,-0.1803802290877,0.213317261423924,6,0.00901135214207569,14.4145159165568,0.964978986615832
"Astro-4","FARP2",-0.0273429541465988,0.134567364309303,0.838985300860111,-0.291090141687313,0.236404233394116,5,0.0472396978966406,64.5902072409005,0.958088587350602
"Astro-4","TBC1D4",0.0102878890527543,0.114954134760842,0.928688051697635,-0.21501807495246,0.235593853057968,5,4.36784640209907e-06,0.00581168148102634,0.985898483178208
"Astro-4","PLRG1",-0.0136204339106816,0.0840507978261568,0.871266459983566,-0.178356970521806,0.151116102700443,5,1.87623836587063e-06,0.00435749244308175,0.965675903401653
"Astro-4","TUBGCP2",-0.0433399790791506,0.0769468712618663,0.573267722949262,-0.194153075475449,0.107473117317147,5,2.92704328833084e-06,0.00842718661688265,0.843738742489771
"Astro-4","MYO19",0.0541468903365959,0.0814471892930694,0.506172148122684,-0.105486667319836,0.213780447993028,5,0,0,0.813629273998263
"Astro-4","LINC01376",-0.00886978246657275,0.093775859548315,0.924644525742433,-0.192667089800557,0.174927524867411,6,0.0075852593273901,13.9943087069542,0.983909682369992
"Astro-4","TMEM62",0.0215948813401687,0.224129665014893,0.923242643621213,-0.417691189956049,0.460880952636386,5,0.17362451848458,80.0814500765394,0.982820619384855
"Astro-4","MFAP3",0.0106124612659695,0.0882362334040753,0.904266669375339,-0.162327378337488,0.183552300869427,6,4.84462514381231e-06,0.00877433324568872,0.975721957354426
"Astro-4","DNAJC8",0.0369274772488637,0.0881614745726948,0.67531710872696,-0.135865837737562,0.209720792235289,5,0,0,0.896156960123094
"Astro-4","ACYP2",0.00613936669435313,0.0460039170426652,0.893835029937062,-0.0840266538570391,0.0963053872457454,6,2.34146983492232e-06,0.0157484418534173,0.974281966377217
"Astro-4","TAPBP",0.103631557277595,0.115673411886784,0.370307339802284,-0.123084163989369,0.330347278544559,6,0.0275785751803935,38.9955636281945,0.722794843915013
"Astro-4","RPS6KA3",0.100266241749063,0.112113051671418,0.37114451235688,-0.119471301723794,0.32000378522192,6,0.0225602377464406,32.3604350234152,0.722794843915013
"Astro-4","TMC1",0.0150606635533769,0.116214125519823,0.896887581275913,-0.212714836960294,0.242836164067048,6,0.00829336896235207,9.78979934898145,0.974740334580011
"Astro-4","PCMT1",-0.110413536236055,0.0728688156711318,0.129712359411024,-0.253233790547561,0.0324067180754515,5,1.11435814820709e-06,0.00366157385264071,0.461199877819225
"Astro-4","RNH1",0.000655574047124854,0.101258491874945,0.994834322072043,-0.197807423156608,0.199118571250858,5,0,0,0.998372512258354
"Astro-4","VWCE",-0.671552700107894,0.237267365820859,0.0046495263674278,-1.13658819182347,-0.206517208392321,6,0.172154627426625,56.6670968495557,0.07886867397171
"Astro-4","CD38",0.0853184150182739,0.317954685847824,0.788441360179818,-0.537861317959209,0.708498147995757,6,0.467387536605804,85.1496406749546,0.94007131833708
"Astro-4","SPARC",-0.407478731323309,0.227121841523931,0.0727976057390752,-0.852629360812627,0.0376718981660081,5,0.109923871003646,45.1872305450898,0.342807731979009
"Astro-4","UBE4B",-0.0475994987696658,0.0596779510487937,0.425099100516618,-0.164566133496446,0.0693671359571141,6,0.00336046209793238,15.4456411295526,0.764122119205461
"Astro-4","ZNF791",0.110081322963498,0.0788303876105798,0.162584264473766,-0.0444233976405712,0.264586043567567,6,3.43251928787981e-06,0.00762947481167419,0.507192144577976
"Astro-4","MEGF8",-0.121853646563994,0.0927815338549205,0.189068598399354,-0.303702111350022,0.0599948182220334,5,0.000352543453242954,0.709860799683873,0.537468212273869
"Astro-4","ARL8B",0.132249238493994,0.0623109154152127,0.0338034194364007,0.0101220884364553,0.254376388551532,6,1.26003941971208e-06,0.00447992579007658,0.237930769280439
"Astro-4","RPS12",-0.141425656481636,0.204994189855236,0.490256569947372,-0.543206885637865,0.260355572674592,5,0.10107265287621,56.0372119634159,0.802810887646315
"Astro-4","LNPK",-0.00157263153373498,0.0736346776015335,0.98296070441907,-0.145893947645959,0.142748684578489,6,0,0,0.997792489645061
"Astro-4","DZIP3",0.117137572452088,0.0571392198147882,0.0403607218378491,0.00514675951038535,0.22912838539379,6,2.1682755025611e-06,0.00939503216229833,0.257535353596182
"Astro-4","ANKMY1",-0.0118741570884577,0.0856293461841928,0.889711519388101,-0.179704591629188,0.155956277452273,6,0,0,0.973135147503209
"Astro-4","HDAC5",0.0778427233600246,0.0916385265362727,0.395628652811027,-0.101765488247388,0.257450934967437,5,0,0,0.74284073621651
"Astro-4","SAE1",-0.125141113265133,0.128360082920051,0.329598780355492,-0.376722252841008,0.126440026310742,5,0.0296297853469089,39.2131121862335,0.689990543667549
"Astro-4","MRPS31",0.145654004424887,0.0736951689353768,0.0481050805390212,0.00121412747695337,0.29009388137282,5,0,0,0.282223361873398
"Astro-4","CDON",-0.429322188547623,0.153768549784017,0.00523829375736201,-0.730703008079249,-0.127941369015996,5,0.029629295721929,25.4295060984217,0.0841516485373863
"Astro-4","CDC42SE2",-0.0829984752951184,0.0679475915751666,0.221894024694244,-0.216173307618682,0.0501763570284453,6,0.00553471306159262,20.4121581008227,0.583123582962557
"Astro-4","CSNK1D",-0.0571977138156156,0.0652760472824671,0.380897659079494,-0.185136415542385,0.0707409879111536,6,4.0889696076988e-06,0.013341592686223,0.731013005584046
"Astro-4","SF3B3",-0.0118660759448622,0.0776228965449204,0.878502178572891,-0.164004157548585,0.14027200565886,6,0,0,0.96750557947341
"Astro-4","ABHD8",-0.0446076355135469,0.0965853024102092,0.644191018663143,-0.233911349673467,0.144696078646373,5,0,0,0.880794449479828
"Astro-4","TSHZ2",0.215137014274421,0.112321579669303,0.0554457537828923,-0.00500923656405855,0.435283265112901,6,0.000588900175198778,0.681317453591895,0.305287003187659
"Astro-4","TMEM120B",-0.151996172004843,0.0981169729903262,0.121349919791187,-0.344301905337972,0.0403095613282852,5,0.00710685530876577,14.2114552017075,0.448878117319867
"Astro-4","NPTN",-0.0376561360805677,0.0677623091854154,0.578409691988403,-0.170467821593249,0.0951555494321141,6,0.00327259472438984,11.2462284136882,0.847173747425882
"Astro-4","RMND5A",-0.0310627911800582,0.092892779201676,0.738082240635702,-0.213129292839174,0.151003710479058,5,0,0,0.919153032000047
"Astro-4","CDC123",-0.107997991508363,0.0805189860021128,0.179831632746281,-0.265812304144189,0.049816321127463,5,1.55360706063911e-07,0.00041308823681343,0.525824613522583
"Astro-4","COG6",-0.00243692080990371,0.0716352779059843,0.972862441691397,-0.142839485528151,0.137965643908343,6,0.00159918669645686,4.49802225869821,0.994460940404121
"Astro-4","VPS37B",-0.388237488976919,0.258063564457864,0.132471760780374,-0.894032781036363,0.117557803082526,5,0.20787908673543,74.3759709229167,0.463820998322052
"Astro-4","WDR82",-0.0178848467399813,0.0731591271356794,0.806870698016312,-0.1612741010663,0.125504407586337,5,0,0,0.946365784478168
"Astro-4","EFCAB14",-0.0743272023932778,0.107905040427525,0.490936242160597,-0.285817195381565,0.137162790595009,5,0.0166348511449986,30.0257681205952,0.802810887646315
"Astro-4","TTLL9",-0.089351033713461,0.0890278347533914,0.315556837602578,-0.263842383451692,0.0851403160247695,6,2.2095055970601e-06,0.00400028483519993,0.680855176020301
"Astro-4","CCDC125",-0.0875148321671989,0.109248537923734,0.423095860339557,-0.301638031861375,0.126608367526977,6,0.0193528512392551,29.2102159713012,0.763193391405105
"Astro-4","NIPA1",-0.0183603953296842,0.088093673213419,0.834901821738715,-0.191020822093826,0.154300031434458,5,0,0,0.956424863745147
"Astro-4","TXLNG",0.0821208740768839,0.0894064321648456,0.358350918930784,-0.0931125129524369,0.257354261106205,6,9.5733325291156e-07,0.00169616488363023,0.713826666374888
"Astro-4","TTC33",-0.0490016187117087,0.0949136723767826,0.60566189452611,-0.235028998210637,0.137025760787219,5,2.34990457549198e-06,0.00452161237717946,0.860638452347623
"Astro-4","RAI14",-0.0291730046712143,0.08204719338706,0.722167323226832,-0.189982548742445,0.131636539400016,6,0,0,0.913496507518516
"Astro-4","CFAP54",0.0194820438188224,0.101159331161657,0.847281871629211,-0.178786601958185,0.21775068959583,6,0,0,0.960204024047555
"Astro-4","LMNA",0.0441114715529608,0.103213820554294,0.669102932621551,-0.158183899440235,0.246406842546157,5,0,0,0.893005356245568
"Astro-4","FAM91A1",0.0318431987092418,0.0820248154750692,0.697857520257422,-0.128922485460437,0.192608882878921,5,0,0,0.905606504073661
"Astro-4","AHNAK",0.125501294758604,0.106579922247331,0.238983136578109,-0.0833915143212434,0.334394103838452,6,0.0244066514041329,40.0911039150762,0.603636461130245
"Astro-4","RNASEH2B",0.1136326084243,0.0875793017071387,0.194465233988984,-0.0580196687128596,0.285284885561459,5,0,0,0.545889343206986
"Astro-4","ZNFX1",0.106880672386959,0.119740863269761,0.372071518353812,-0.127807107099507,0.341568451873425,6,0.0175509868816165,20.7790393071283,0.723107754806085
"Astro-4","MLXIP",0.14296417760196,0.0905175756678345,0.114242517626618,-0.0344470106748749,0.320375365878795,5,3.03590790653008e-06,0.00651126275230803,0.435749044187563
"Astro-4","PKD1",0.0908772391447993,0.0703047369144529,0.196142862862796,-0.0469175131500919,0.228671991439691,6,0,0,0.548301424225158
"Astro-4","MIOS",0.0475685689291947,0.138028625093769,0.730373835526982,-0.222962565090175,0.318099702948564,5,0.0428683289376791,51.3075837933596,0.916876877822127
"Astro-4","HMGN2",-0.0392630590155707,0.086147380591655,0.648558156049496,-0.208108822337679,0.129582704306538,5,0,0,0.883024838784661
"Astro-4","PNMA2",0.0149776972781032,0.0859571105535942,0.861672002259448,-0.153495143622069,0.183450538178276,5,0,0,0.964767735772626
"Astro-4","SAMD8",0.0428697346671508,0.0747620368020984,0.566363181039829,-0.10366116487582,0.189400634210122,6,0,0,0.843676875377731
"Astro-4","RPN1",0.150469624579374,0.0935825391246132,0.107861154918544,-0.0329487816866784,0.333888030845426,5,0,0,0.422320880405079
"Astro-4","CSNK2A2",-0.103378065138384,0.174674512149785,0.553962711994677,-0.445733817969066,0.238977687692298,5,0.0858217272340523,67.2884978385778,0.837934364571721
"Astro-4","KIAA0513",0.0439500533418627,0.10503350672608,0.675626609945919,-0.161911837011199,0.249811943694924,5,0,0,0.896349901269033
"Astro-4","USP12",0.054051640189274,0.0822843161412508,0.511252463274364,-0.107222655940085,0.215325936318633,5,6.83114675622695e-07,0.00175820608705438,0.815080843381683
"Astro-4","NT5DC1",-0.103369713854239,0.0731304953189883,0.157509730783602,-0.246702850851031,0.039963423142553,6,0,0,0.499024448689113
"Astro-4","ADIPOR2",-0.15893540849749,0.109732674353681,0.147508773338948,-0.374007498157966,0.0561366811629861,6,0.0252728674901444,39.4919581570899,0.487512449620056
"Astro-4","SLC10A7",0.0127039524688369,0.0675418964915669,0.850806133026361,-0.119675732102166,0.14508363703984,6,5.96191385708435e-08,0.000182132133376184,0.961337008396769
"Astro-4","SLC25A17",0.000993869437507841,0.079171961189342,0.989984178225832,-0.154180323079005,0.156168061954021,6,0,0,0.998058308461131
"Astro-4","DICER1-AS1",0.028849830885931,0.0909683309482217,0.751136253526374,-0.149444821506304,0.207144483278166,6,0,0,0.927374822956839
"Astro-4","EXOG",-0.0791527753913517,0.076279125046742,0.299422399371763,-0.228657113255193,0.0703515624724898,5,0,0,0.667738225551382
"Astro-4","GOLM1",-0.116439250160318,0.0764133062967629,0.127556540850767,-0.266206578441601,0.0333280781209648,6,0,0,0.456562140319064
"Astro-4","METAP2",0.112532313659807,0.070768052416651,0.111799421184847,-0.0261705203328717,0.251235147652486,5,5.6997592006925e-06,0.0192404614545836,0.431547890490436
"Astro-4","BEND7",-0.0604348028126942,0.0847618443927562,0.475848620658845,-0.226564965085685,0.105695359460296,6,0,0,0.793803877957948
"Astro-4","ZMIZ1",0.108165212329166,0.0608493169306241,0.0754710146690541,-0.0110972573387207,0.227427681997053,6,2.15298878797946e-07,0.000826165890057619,0.34934125603591
"Astro-4","PIGG",-0.0134389987772804,0.0857198234834679,0.875419662088841,-0.181446765566008,0.154568768011447,5,0,0,0.966553910315191
"Astro-4","KAT8",-0.0253454388144638,0.0899505478558406,0.77811925391204,-0.201645273001558,0.15095439537263,5,5.7827799235823e-07,0.00124544508895494,0.936142591380521
"Astro-4","TENM1",0.079411184522835,0.13305757079428,0.550628742188881,-0.181376862104342,0.340199231150012,5,1.58794105217568e-06,0.00162989983065593,0.835921777995894
"Astro-4","M6PR",-0.158230976705044,0.115091848008826,0.169186172278105,-0.383806853716501,0.0673449003064141,5,0.0215165374606959,34.4598750826676,0.51441038695325
"Astro-4","SLC4A7",0.0204452901186697,0.105055240285495,0.845694623622176,-0.185459197228101,0.226349777465441,5,0,0,0.960050601108412
"Astro-4","MED6",0.0661500239886419,0.084893584818516,0.435855369865755,-0.100238344774146,0.23253839275143,5,0,0,0.771058067058848
"Astro-4","ZBTB41",0.116520871988575,0.0821808195502391,0.156231730810084,-0.0445505745498788,0.277592318527029,6,8.78747435252559e-07,0.00185814779337757,0.497647147105025
"Astro-4","RRBP1",0.145726231232146,0.0891574555762706,0.10215774175593,-0.0290191706505743,0.320471633114866,5,7.06805286938792e-06,0.0155168845309798,0.411190556721363
"Astro-4","SNX3",0.0354217623513268,0.0892925698652606,0.691593656811221,-0.139588458671611,0.210431983374264,6,0.00155709450183263,2.84913427631112,0.903272250957171
"Astro-4","TMEM168",0.0238194182796863,0.0684334683294062,0.727790017562233,-0.110307714983112,0.157946551542485,6,0,0,0.916841668946321
"Astro-4","MB21D2",-0.197524866977119,0.119118194203892,0.0972718921855707,-0.430992237520194,0.0359425035659562,5,0.00933817166216463,12.4448115757712,0.402194606447833
"Astro-4","IFT122",-0.000336970798200213,0.0715876711874603,0.996244286201711,-0.140646228062718,0.139972286466318,6,2.79827237049612e-06,0.00768710047774676,0.998372512258354
"Astro-4","GNS",0.0703030673757735,0.0895140828348079,0.432227549077428,-0.105141311089585,0.245747445841132,5,0,0,0.770902953731178
"Astro-4","NCS1",-0.0418359859877835,0.0697630849795331,0.548715132251532,-0.178569119998076,0.0948971480225087,5,0,0,0.83368068215796
"Astro-4","FOXK2",0.0335421202614422,0.06782252923523,0.620912719247402,-0.0993875943800235,0.166471834902908,6,3.56420149640687e-06,0.0110332624174594,0.871552211630741
"Astro-4","EIF4G3",-0.0434112218434591,0.0504642916547537,0.389658729662711,-0.142319415992102,0.0554969723051834,6,0.00304834397334792,20.4130231809123,0.737707465963611
"Astro-4","SLC41A2",-0.0217281660541165,0.0827665448325221,0.792917841987191,-0.18394761305068,0.140491280942447,6,0,0,0.941067340022289
"Astro-4","ERGIC1",0.0547277446240076,0.0756171090010289,0.46922035143208,-0.0934790656330485,0.202934554881064,6,0,0,0.791762858437046
"Astro-4","ZBTB18",-0.106847984566609,0.133336334676015,0.422933771638177,-0.368182398362177,0.154486429228959,5,0.0369994491088478,46.7597431474316,0.763153042843648
"Astro-4","PCYT1A",0.0282757412110428,0.0813694631256981,0.728217077566032,-0.131205475956685,0.187756958378771,6,3.71038390702296e-07,0.000777391357039799,0.916841668946321
"Astro-4","SLTM",-0.0122928057166773,0.0621704465513368,0.843258288365375,-0.13414464186007,0.109559030426715,6,0.0051089629317559,23.0557636242122,0.960050601108412
"Astro-4","KMT2D",-0.0865245310258415,0.0986482587001544,0.380431535649826,-0.279871565215734,0.106822503164051,6,0.00664512734424719,10.4032140143293,0.73063187331904
"Astro-4","ASH2L",-0.094154105460894,0.0932403025712648,0.312590873856843,-0.27690174040819,0.0885935294864024,6,0.00678925705316589,12.4858789877141,0.678552937630837
"Astro-4","SRSF10",0.0318163180339788,0.110771498192522,0.7739402216878,-0.185291828936907,0.248924465004865,5,0.0201463520985557,34.8435137866823,0.934201434443926
"Astro-4","FAM177A1",0.0371856582243481,0.107333646698385,0.72900514011222,-0.173184423633833,0.247555740082529,6,0.0205051890385335,33.3771230175113,0.916841668946321
"Astro-4","CDIP1",-0.0937118554181387,0.102205807544737,0.359198374414704,-0.294031557216655,0.106607846380378,6,0.0121825073425616,19.4553108769233,0.714402812225896
"Astro-4","CEP290",0.141906618276358,0.0637507807134159,0.0260169339153988,0.0169573840917516,0.266855852460963,6,2.89969271145136e-06,0.0101169159839284,0.20594360326666
"Astro-4","CCDC59",0.0496662198847462,0.101450031322134,0.624442897436868,-0.149172187737096,0.248504627506588,5,0,0,0.87215377774148
"Astro-4","GNAL",0.0639066481003173,0.0982314872407143,0.515322856054117,-0.128623529039289,0.256436825239923,5,0,0,0.817037282951404
"Astro-4","JAM2",-0.00690571832029438,0.0832106049500285,0.933858820064952,-0.169995507154141,0.156184070513552,6,0,0,0.987557962283595
"Astro-4","LINC00467",0.170994780285271,0.136571280069673,0.210549753513281,-0.0966800099738202,0.438669570544362,5,0.0182825950018034,19.4072348205725,0.566234423809697
"Astro-4","GRB2",-0.121660985209871,0.077316820491007,0.115594206416125,-0.273199168771393,0.0298771983516514,6,0,0,0.438150975326075
"Astro-4","CCDC191",-0.0235462921689284,0.0741284102100077,0.750756555495831,-0.168835306411755,0.121742722073898,6,0.000560908874206724,1.47605328333396,0.927115601654585
"Astro-4","ARL10",-0.0275344393914005,0.0903245373452545,0.760488795560933,-0.204567279508342,0.149498400725541,5,1.28044875758038e-06,0.00275946373130386,0.930583523904531
"Astro-4","RPS8",-0.156819442805473,0.101676793059211,0.122992766482094,-0.356102295265058,0.0424634096541126,5,0,0,0.450522542908758
"Astro-4","ABLIM2",-0.0772539545714083,0.103050307339513,0.453452131585957,-0.279228845552637,0.12472093640982,5,0,0,0.781433575353658
"Astro-4","TAF11",-0.0777326849073189,0.0855110059637189,0.363330493128521,-0.245331176877998,0.08986580706336,6,0,0,0.717058973167819
"Astro-4","CEP68",0.0649728811414714,0.0928884389014841,0.484256977698371,-0.117085113685587,0.24703087596853,5,0,0,0.79982207807333
"Astro-4","EPHX2",-0.0224709067420214,0.103494099166747,0.828112810487339,-0.225315613721263,0.18037380023722,5,0,0,0.954452874210138
"Astro-4","FLYWCH1",-0.240339596912321,0.157373357718598,0.126712858026942,-0.548785710166912,0.0681065163422692,6,0.0791246719633142,64.5124786477851,0.455033287668084
"Astro-4","AAMDC",-0.0197553953499569,0.0764292827120746,0.796036943160188,-0.169554036829853,0.130043246129939,6,0,0,0.941529142494098
"Astro-4","ZNF345",-0.0176039239999211,0.075883791701228,0.816549433159071,-0.166333422744667,0.131125574744825,6,0,0,0.950170175610513
"Astro-4","DPYD",0.00415798250523746,0.0801696624141933,0.958636431997705,-0.152971668479316,0.161287633489791,6,0.00572122920542774,14.4080783996625,0.993185165320839
"Astro-4","STK25",-0.0004184423245409,0.0864416468689076,0.996137656112305,-0.169840956951929,0.169004072302848,5,0,0,0.998372512258354
"Astro-4","CPEB3",-0.0302215259300296,0.075256674084442,0.687993632977374,-0.177721896731805,0.117278844871745,6,0.00522870141939256,14.9964223863793,0.902174372725159
"Astro-4","CARF",-0.0769709519986504,0.0810629528962772,0.342355847691127,-0.235851420155821,0.0819095161585197,6,6.29773933110061e-06,0.0134683404579541,0.699801258457271
"Astro-4","WDTC1",0.00314999911060509,0.0802558951835975,0.968691514891584,-0.154148664996268,0.160448663217478,6,0,0,0.994460940404121
"Astro-4","KIF3B",-0.0389862558175857,0.079924405910069,0.625699216970677,-0.195635212887081,0.11766270125191,5,0,0,0.873165335486417
"Astro-4","NCBP3",0.0469599213876029,0.0668551569210561,0.482421733187252,-0.0840737783584408,0.177993621133647,6,0,0,0.79799742782216
"Astro-4","RSPH3",0.0680973743928112,0.0905804526097654,0.452178047723486,-0.109437050425666,0.245631799211289,6,4.14701535257343e-06,0.00726267435883816,0.781086811089715
"Astro-4","LRRC37B",0.0249269064095684,0.0724492988569117,0.730801157174409,-0.117071110055158,0.166924922874294,6,0,0,0.916970437066325
"Astro-4","YPEL2",0.0315993095225636,0.0959537839285059,0.741915329901992,-0.156466651157646,0.219665270202773,5,0,0,0.921824734286779
"Astro-4","ZNF25",0.13528174193144,0.171714196298022,0.430795650960344,-0.201271898446924,0.471835382309803,6,0.102241892922596,72.891572915469,0.769459073101832
"Astro-4","C1orf159",-0.0137372248669621,0.0820727383383995,0.867072116101405,-0.174596836122805,0.147122386388881,5,0,0,0.964767735772626
"Astro-4","TERF2IP",-0.0439191034288111,0.0639996504744805,0.492561942390782,-0.169356113381945,0.0815179065243224,6,0,0,0.803576263243265
"Astro-4","GIGYF1",-0.13476344071844,0.103863114920513,0.194455731932281,-0.338331405284789,0.0688045238479104,6,0.017990292778686,30.170624915136,0.545889343206986
"Astro-4","SEC23IP",0.0575199213223743,0.0772554222804374,0.456548526770213,-0.0938979239577162,0.208937766602465,5,0,0,0.783187202644127
"Astro-4","CPEB1",0.0966774010071415,0.106605252739098,0.364474081507046,-0.112265054924281,0.305619856938564,5,0.0124014206462504,21.3766732066199,0.717648678151221
"Astro-4","UTP6",0.0601615709645472,0.124149585693512,0.627967647320513,-0.183167145690305,0.303490287619399,6,0.0332754925445968,41.9853444430949,0.874732187741057
"Astro-4","PLXNC1",0.0365740913500062,0.128598478742926,0.776099783380201,-0.215474295452768,0.28862247815278,5,0.0253762817153856,32.1689858533862,0.934636945659779
"Astro-4","SMYD3",-0.0589522780371876,0.0431743495249968,0.172112658480438,-0.143572448162125,0.0256678920877501,6,4.61429934646373e-08,0.000352058008430139,0.51785692132392
"Astro-4","PPP2R1B",-0.000290648788889581,0.070863161276535,0.996727445870525,-0.139179892721552,0.138598595143772,6,0.000582599219024708,1.71414898508499,0.998372512258354
"Astro-4","CHORDC1",0.052617670541347,0.109353688336386,0.630395964509439,-0.161711620174588,0.266946961257282,5,0,0,0.8763610990457
"Astro-4","HMGB1",0.152984587484054,0.0603363604105383,0.0112277653380796,0.0347274941211703,0.271241680846937,6,0,0,0.131219792429478
"Astro-4","SMG9",-0.0175833225437113,0.126819920227844,0.88972834694021,-0.266145798712528,0.230979153625105,5,0.0260254131592769,34.1783512135214,0.973135147503209
"Astro-4","SLC26A11",0.0499114135750172,0.0732054508086006,0.49536596668817,-0.0935686334818586,0.193391460631893,6,0,0,0.804920399169068
"Astro-4","GTF2E2",0.10730430868963,0.0773182730813304,0.165190039428157,-0.0442367218966103,0.258845339275871,5,0,0,0.51148979328605
"Astro-4","KCTD6",-0.0131330166914151,0.087186756832956,0.880266911592871,-0.18401592001286,0.15774988663003,6,0,0,0.968296152850223
"Astro-4","GRM1",-0.087854053973605,0.108585013757741,0.418468649258979,-0.300676770199564,0.124968662252354,5,0,0,0.76180948877117
"Astro-4","ZNF141",-0.0686019346375607,0.0737342191868343,0.352166706259249,-0.213118348671938,0.0759144793968168,6,1.41425442147622e-06,0.00364543203214142,0.709006468701813
"Astro-4","DPP7",-0.0468619247493668,0.102152735275576,0.646418221559728,-0.247077606811749,0.153353757313016,6,0.0168094900174121,28.8201264779758,0.882003733138741
"Astro-4","AKAP8",0.0437052603660264,0.0820491520570726,0.594260867522947,-0.117108122627886,0.204518643359939,6,0,0,0.854758975900245
"Astro-4","OSTM1",-0.0909015828487479,0.0723394973675207,0.208899664347275,-0.232684392348819,0.0508812266513227,6,0,0,0.564003875630052
"Astro-4","SNX19",0.0139961082648415,0.107026396486204,0.895955286609822,-0.195771774243223,0.223763990772905,5,0.0161912031638682,29.4422717945821,0.974661489918303
"Astro-4","SLC9B1",0.00775106004664088,0.103649142557472,0.940388394936647,-0.195397526394461,0.210899646487743,6,0,0,0.988287010175912
"Astro-4","DPP10-AS3",-0.141861902741059,0.224883266312462,0.528155198604137,-0.582625005439214,0.298901199957097,5,0.0936691358488955,39.4336763068335,0.82289143036691
"Astro-4","PLCB4",0.208195949042509,0.154733870080842,0.178460636874203,-0.0950768635044412,0.511468761589458,6,0.0285614960424168,19.8925945059063,0.524648107858508
"Astro-4","PSMA3",-0.00571668909077311,0.0845040845610661,0.946064367498942,-0.17134165137699,0.159908273195444,6,1.88245170709814e-06,0.00371478177510065,0.98916607490031
"Astro-4","FBXW5",0.0433028842326109,0.095139363928661,0.648999795884481,-0.143166842579614,0.229772611044836,5,0.000493547547438547,0.949641899761157,0.883024838784661
"Astro-4","MAF",-0.0633067429044533,0.294526708848868,0.829810995387894,-0.64056848473335,0.513954998924443,5,0.314452444673359,81.9313809948896,0.955805073135529
"Astro-4","TRMU",0.077494751705438,0.0844542736220858,0.358831355116238,-0.0880325829343412,0.243022086345217,5,0,0,0.714262704681083
"Astro-4","USP46",-0.11891845322996,0.0843912878327726,0.158796178674548,-0.284322337991148,0.0464854315312275,5,9.25104979977309e-07,0.00221457047853947,0.50048743676883
"Astro-4","NR2C2",-0.00825516495049756,0.0575958367608706,0.886030199147992,-0.121140930661252,0.104630600760257,6,0,0,0.971490146430513
"Astro-4","PCDH9",0.0177332003605504,0.0511470283970176,0.728808989004861,-0.0825131332138515,0.117979533934952,6,0.00207155665869257,12.723775093382,0.916841668946321
"Astro-4","USH1C",-0.404517620286395,0.16034350637986,0.0116418355525107,-0.718785117945789,-0.0902501226270013,6,1.81922908123398e-06,0.00106730297539702,0.132957757949752
"Astro-4","NAV2",0.10121362946279,0.0550834981672496,0.0661422708928021,-0.00674804308749714,0.209175302013077,6,0,0,0.32694034716424
"Astro-4","ANKZF1",-0.0311968356286718,0.0967081590522826,0.747007721353856,-0.220741344382317,0.158347673124973,5,0,0,0.923867492375805
"Astro-4","RAB3GAP1",0.0779515320616483,0.0496253999839228,0.116229328554163,-0.019312464625235,0.175215528748532,6,0,0,0.439034987941104
"Astro-4","ZNF302",0.0187144828817032,0.0783005092311618,0.811099035051121,-0.13475169518252,0.172180660945926,6,0,0,0.947438607666643
"Astro-4","BEND6",0.127120950092099,0.2043972781755,0.533987412170435,-0.273490353669896,0.527732253854095,5,0.13380361969101,72.03118281663,0.82507475113859
"Astro-4","DGCR8",0.00336214549108254,0.0886886363468906,0.969759805943368,-0.170464387586793,0.177188678568958,5,6.86220520255193e-07,0.0015223687873349,0.994460940404121
"Astro-4","AVEN",-0.0205769970387333,0.0891683157260354,0.817496757672212,-0.195343684423859,0.154189690346393,5,3.92610266013561e-06,0.00867014349759787,0.950170175610513
"Astro-4","SH3GL2",-0.177028856566862,0.176199609134976,0.315038295829653,-0.52237374456145,0.168316031427726,6,0.0726076773451409,44.1800181965454,0.680672140752202
"Astro-4","ABHD17C",-0.0604959350893699,0.0879108830638932,0.491357890406743,-0.232798099743713,0.111806229564973,5,0,0,0.802810887646315
"Astro-4","STARD9",0.00375437716982282,0.0844968815916142,0.964559943891211,-0.161856467555687,0.169365221895332,5,0,0,0.994460940404121
"Astro-4","RABGAP1L",0.0311476827797076,0.040631427260992,0.44332478197227,-0.0484884512922958,0.110783816851711,6,0,0,0.77461291079096
"Astro-4","PPARD",-0.00427168635679081,0.0933276118007194,0.963492873683808,-0.187190444249336,0.178647071535754,6,0,0,0.994460940404121
"Astro-4","FAM124A",0.0898513214292043,0.0922175274490507,0.32988723472565,-0.090891711114269,0.270594353972678,6,3.05345409447056e-06,0.0051634936005954,0.689990543667549
"Astro-4","DNER",0.143540238133081,0.0902874907973777,0.111876933894994,-0.0334199920842707,0.320500468350433,6,0,0,0.431547890490436
"Astro-4","ZSWIM7",-0.0489682732295801,0.102467050581628,0.632726453994072,-0.249800001971615,0.151863455512455,6,0.0130723902825176,21.3418019149352,0.877657722440582
"Astro-4","SPATA7",-0.0232287969269886,0.0719757488105405,0.746899061799829,-0.16429867235595,0.117841078501972,6,0,0,0.923867492375805
"Astro-4","TTC8",-0.101107911531734,0.0763616727425363,0.185481052485214,-0.250774039906339,0.0485582168428706,6,0.000794502579334776,1.96939279058727,0.533937401990279
"Astro-4","TRIM23",0.00718889885691477,0.0854620180849009,0.932962568596163,-0.160313578635602,0.174691376349431,5,0,0,0.987295453105121
"Astro-4","NPHP1",-0.0330154286613458,0.0726888297659487,0.649683277296742,-0.175482917080968,0.109452059758277,6,0,0,0.883296308593225
"Astro-4","LRRC28",-0.144288772628739,0.0755656947363048,0.0562043101841643,-0.292394812778644,0.00381726752116626,6,0,0,0.30668126096494
"Astro-4","RPL4",-0.104942336473782,0.0969828553462288,0.27922097511584,-0.295025240070249,0.0851405671226838,5,0,0,0.648980836630944
"Astro-4","NSFL1C",0.0717441267833904,0.15894969545468,0.651727422570556,-0.239791551661392,0.383279805228173,5,0.0684460506610083,63.5029546891408,0.88374756258202
"Astro-4","USF3",0.0167983458837255,0.118897523599669,0.887645401880744,-0.216236518222628,0.249833209990079,6,0.0337733912326444,46.9118087483424,0.972463017192644
"Astro-4","SUMF2",-0.0341729602888264,0.0824281891516546,0.678450443148311,-0.195729242336925,0.127383321759272,5,0,0,0.897045829212316
"Astro-4","IFT140",-0.118053869476229,0.0878006901682065,0.178765257455649,-0.290140060023673,0.0540323210712162,6,0.00210268170009801,4.00812138110774,0.524978806523397
"Astro-4","LCMT1",0.00591485255291369,0.0773399180493604,0.93903829875056,-0.145668601391112,0.157498306496939,6,0,0,0.988251866623421
"Astro-4","MCM3AP",0.0182031581373713,0.0718569922613601,0.800017233949115,-0.122633958732268,0.15904027500701,6,0,0,0.943574634383517
"Astro-4","ETFDH",-0.114961032116157,0.162581599076589,0.479505928215232,-0.433615110855201,0.203693046622887,5,0.0885430672708487,79.4902538033658,0.795825396509146
"Astro-4","CBL",-0.0216749101975039,0.0766249173503612,0.777276293923885,-0.17185698852257,0.128507168127562,5,0,0,0.935540572369383
"Astro-4","SPESP1",0.00167186939930945,0.0917147095276539,0.98545615078024,-0.178085658127445,0.181429396926064,6,0.00031554412198431,0.550092234256082,0.997792489645061
"Astro-4","HEATR5B",0.0476705010234954,0.0626745610154688,0.446893828007092,-0.0751693813136816,0.170510383360672,6,0,0,0.776131665683541
"Astro-4","SLC25A27",0.000967881713927655,0.0668364794108247,0.988445967048406,-0.130029210784742,0.131964974212597,5,3.4450713285283e-06,0.0131908251409268,0.998058308461131
"Astro-4","FYTTD1",-0.147568879679559,0.146495902223937,0.313778964136944,-0.434695571921176,0.139557812562058,6,0.0513658469879521,46.7756240264421,0.679025634752769
"Astro-4","KYAT3",-0.0820836680907543,0.164015948044552,0.61675015561511,-0.403549019148269,0.23938168296676,5,0.0619514548412194,50.7453568501302,0.868890727358713
"Astro-4","CDYL2",0.0106976144380622,0.0843832470686054,0.899119155786486,-0.15469051071495,0.176085739591074,6,1.83619136530591e-06,0.00363237608314215,0.975272418460036
"Astro-4","NT5C3A",-0.0512670227098038,0.0812908235785322,0.528261636348501,-0.210594109197326,0.108060063777719,5,0,0,0.82289143036691
"Astro-4","TOB1",-0.286654287221793,0.252147754567695,0.255600810703762,-0.780854804957119,0.207546230513533,6,0.215877682128995,66.5704884323754,0.622977076333756
"Astro-4","NPHP4",0.166874981749616,0.106025385349371,0.115507020138814,-0.0409309549821314,0.374680918481363,5,0.017434629667264,32.5704673855278,0.438150975326075
"Astro-4","CCDC82",0.0544172130367142,0.0925868735353232,0.556705343453636,-0.127049724533684,0.235884150607112,6,0.0136338314918052,28.4218551381959,0.838019334182569
"Astro-4","MAEA",0.0734717663063977,0.0893024264038604,0.410661672068707,-0.101557773177207,0.248501305790003,5,0,0,0.754647896992971
"Astro-4","SLMAP",0.0202256201008184,0.0496874693572009,0.683966303347998,-0.0771600303222328,0.11761127052387,6,0,0,0.899156346844844
"Astro-4","LINC01322",0.0113614228646989,0.113918017832178,0.920556041730588,-0.211913789276561,0.234636635005959,5,2.52569591168176e-06,0.00346476567607678,0.982140432182931
"Astro-4","APTX",0.102072707772338,0.0705806615859419,0.148125265358996,-0.0362628469411175,0.240408262485794,6,0,0,0.487987769118619
"Astro-4","CNOT4",0.0114159487489694,0.0491517293131799,0.81633658242465,-0.0849196704827248,0.107751567980664,6,0,0,0.950170175610513
"Astro-4","MNAT1",0.0798939142050138,0.0548082587286655,0.144923677331141,-0.0275282989585237,0.187316127368551,6,0,0,0.484863105710489
"Astro-4","FAM117B",-0.140040454235991,0.0932649421878178,0.133217575633922,-0.322836381944325,0.0427554734723418,5,0.00276655364386169,5.8148750522235,0.465207026066912
"Astro-4","CRLF3",-0.107274981261713,0.137819582781084,0.436349411438832,-0.377396399876974,0.162846437353548,6,0.0565245800740099,60.0777691177391,0.771058067058848
"Astro-4","SPTLC1",-0.0729001517826239,0.130518530982605,0.576473964490332,-0.328711771823605,0.182911468258357,6,0.0424814837440103,50.9548016854146,0.84528880377079
"Astro-4","MIGA1",0.0110101048828996,0.061992367075639,0.859033824314843,-0.110492701901739,0.132512911667539,5,0,0,0.963854303288347
"Astro-4","BICC1",-0.120912303078033,0.117927263053921,0.305215734877023,-0.352045491459099,0.110220885303033,6,0.0275049317872766,36.2395738337077,0.67340648097758
"Astro-4","NKAIN4",-0.023198475969568,0.110390651917678,0.833551447396967,-0.239560177958114,0.193163226018978,5,0,0,0.955880328717664
"Astro-4","TMEM150C",0.068094819631418,0.0706542551911693,0.335158637861903,-0.0703849758977759,0.206574615160612,6,0,0,0.694239978299525
"Astro-4","PCNP",0.0795974671322905,0.0699350219117883,0.255052349096063,-0.0574726570728341,0.216667591337415,5,0,0,0.622195592122686
"Astro-4","ZC2HC1A",0.12648915791069,0.0683133744001067,0.0640830435153909,-0.00740259557591919,0.2603809113973,6,0,0,0.322576867107011
"Astro-4","GANAB",0.183341676515404,0.121790637445831,0.132225381153086,-0.0553635865326003,0.422046939563408,5,0.0292891966429119,44.8140173288005,0.463820998322052
"Astro-4","MAP3K2",-0.0177622702087671,0.049722972051058,0.720923649912116,-0.115217504633132,0.0796929642155982,6,0,0,0.913404076970536
"Astro-4","RPL31",-0.0756272935747967,0.100530125147242,0.45187975594665,-0.272662718224695,0.121408131075101,5,0,0,0.781065578158419
"Astro-4","LAPTM4A",-0.00879702689123237,0.08850509226517,0.920824085171877,-0.18226382017936,0.164669766396895,5,0,0,0.982140432182931
"Astro-4","CSNK1G2",0.0649425377350728,0.0864781150035892,0.45267023945334,-0.104551453122875,0.23443652859302,5,0,0,0.781433575353658
"Astro-4","LARP4B",0.0696054751386777,0.056869583542548,0.220971432558798,-0.0418568604205082,0.181067810697864,6,0,0,0.582489341216589
"Astro-4","LRPAP1",-0.0548496550262949,0.083433885051995,0.510922064364754,-0.21837706481846,0.10867775476587,6,0,0,0.815080843381683
"Astro-4","ATL2",-0.225963028651602,0.111543188440686,0.0427863523767821,-0.444583660716111,-0.00734239658709324,6,0.0303434754072738,47.339403329493,0.266475549238294
"Astro-4","ESCO1",0.0728861931911682,0.0787174800231928,0.354486869485393,-0.0813972326080409,0.227169618990377,6,0,0,0.711317884323738
"Astro-4","CPB2-AS1",-0.103804575474602,0.100649902812528,0.302379987590225,-0.301074760034614,0.0934656090854095,5,0,0,0.671720374826831
"Astro-4","SLC44A5",-0.176632519627486,0.139839887047163,0.206551295492197,-0.450713661842074,0.097448622587102,5,0.0167181118289907,16.7237583858087,0.562515533212113
"Astro-4","ANAPC16",0.0973373833673717,0.0876401162597387,0.266719581012887,-0.0744340881026193,0.269108854837363,6,0.00469098516613326,9.51498773754015,0.634504508489716
"Astro-4","SLC38A2",-0.273859684448964,0.106356551918622,0.0100263078435871,-0.482314695729329,-0.0654046731686,6,0,0,0.124403897900475
"Astro-4","AGPAT5",0.118159073125487,0.0743504030510448,0.112010958526611,-0.0275650390905979,0.263883185341572,5,0,0,0.431759954461786
"Astro-4","SCFD2",0.0560230312577569,0.0675740718661614,0.407069860086614,-0.0764197158886408,0.188465778404155,6,8.24645925835098e-09,2.58081712151774e-05,0.752424898745545
"Astro-4","RNF4",0.0265879622377228,0.0901973963939797,0.768165556069325,-0.15019568619376,0.203371610669206,5,0,0,0.930934161804006
"Astro-4","USP28",0.0265300887941244,0.0812178493948152,0.743930029703396,-0.132653970921512,0.18571414850976,5,0,0,0.922699449411771
"Astro-4","TTC27",0.0843644306114749,0.0863908998532393,0.328795437906792,-0.0849586216928808,0.253687482915831,5,0,0,0.689791311407215
"Astro-4","IQCK",-0.131109445465419,0.061165103932856,0.0320702891370001,-0.250990846284466,-0.011228044646372,6,1.9134597850727e-06,0.00729430371109479,0.229277381238605
"Astro-4","DDB1",-0.196056100945589,0.159681678747982,0.219524558162113,-0.509026440282529,0.116914238391351,6,0.0890622974626857,71.5389519159764,0.58093175226815
"Astro-4","PLEKHB2",-0.0193119427489654,0.0866237829199481,0.823581875517622,-0.18909143747668,0.150467551978749,5,1.84541314510568e-06,0.00422633231512558,0.952721597015641
"Astro-4","PEX2",0.066574378649616,0.0784306633931961,0.395975336272276,-0.0871468968846324,0.220295654183864,6,0,0,0.742980861119606
"Astro-4","KDM1A",0.0182570956209867,0.0664913486558331,0.783640076417644,-0.112063553027942,0.148577744269915,6,0,0,0.93801419008406
"Astro-4","RTTN",0.0877750221982748,0.0833072358477032,0.292052242553606,-0.0755041597148076,0.251054204111357,5,0,0,0.662559765973457
"Astro-4","ZNF197",-0.0646792110799895,0.0698740969071108,0.354626015677913,-0.201629924470188,0.0722715023102093,6,0,0,0.711335768502667
"Astro-4","MOB3B",0.0110728705110032,0.0883077128134181,0.90021510567367,-0.162007066160402,0.184152807182409,5,0,0,0.975281017440866
"Astro-4","DLC1",-0.309743892615868,0.20585160807617,0.132402500164304,-0.713205630604816,0.0937178453730798,6,0.167018966691643,77.7235819693188,0.463820998322052
"Astro-4","NRBP1",-0.0591277381495011,0.0898956866049231,0.510707007400207,-0.23532004626065,0.117064569961648,5,0,0,0.815080843381683
"Astro-4","CYP7B1",0.0643040280887245,0.0676549679797309,0.341873410297024,-0.0682972725267587,0.196905328704208,6,3.17413445336565e-06,0.00977060427818637,0.699801258457271
"Astro-4","SEC31B",0.0239465387119372,0.0853810067939025,0.779119384884546,-0.143397159567881,0.191290236991756,6,0,0,0.936451190547503
"Astro-4","MGMT",0.0481728104308497,0.074852180213383,0.519852638355779,-0.0985347669516826,0.194880387813382,6,0.0023001436927228,6.27396367770015,0.818962746006395
"Astro-4","PPA2",0.114064296022562,0.0591510802129466,0.0538109540649774,-0.00186969084145334,0.229998282886577,5,3.74448209260265e-06,0.0185561993388057,0.298391300612088
"Astro-4","HS6ST1",0.0766262785539142,0.0798245720472913,0.337088699059414,-0.0798270077400994,0.233079564847928,6,0,0,0.695753843825551
"Astro-4","DHX57",-0.0238208886674518,0.0814342901830366,0.769891604148499,-0.183429164532787,0.135787387197884,6,2.12142770928147e-06,0.00454657576243598,0.932365115365002
"Astro-4","MAML1",-0.0763990277081913,0.0938172556759749,0.415450910569614,-0.260277469961488,0.107479414545105,5,0,0,0.759181289237615
"Astro-4","WFS1",-0.0337147598202795,0.0785983998347554,0.667959832329507,-0.187764792738879,0.12033527309832,6,1.97842297321123e-06,0.0045573731777767,0.892855672940107
"Astro-4","ZNF133",-0.186565657698761,0.0897085780260548,0.0375543595066332,-0.36239123973413,-0.0107400756633928,5,0.00260059624104403,5.89490961865142,0.250708516105606
"Astro-4","ATG13",-0.0237028651962619,0.135049825649063,0.860677341349692,-0.28839565958684,0.240989929194316,5,0.0441789608636142,55.4116326001027,0.964742022684678
"Astro-4","CHD8",0.0606269626491114,0.0616119071101691,0.32510876116064,-0.0601301563056473,0.18138408160387,6,1.71375608464631e-06,0.0062302299179877,0.687473501145728
"Astro-4","GNG12",0.145568698394448,0.0750703403041354,0.0524894846060415,-0.00156646490882267,0.292703861697719,6,0,0,0.294048784531486
"Astro-4","SMARCAL1",0.0178244693719966,0.0772286820621259,0.817469280347736,-0.133540966043265,0.169189904787258,6,2.47474600753473e-06,0.00585800335466986,0.950170175610513
"Astro-4","EDRF1",-0.014085228722607,0.0829549014839952,0.865172295702976,-0.176673847972306,0.148503390527092,5,0.00583308087301397,16.3974527647467,0.964767735772626
"Astro-4","CCNY",0.0603199988071687,0.0497487950376995,0.225324235244036,-0.0371858477409873,0.157825845355325,6,0,0,0.586092941872522
"Astro-4","FHIT",-0.127292851999942,0.0484131750075517,0.0085560370935918,-0.222180931391978,-0.0324047726079062,5,1.30143618298522e-06,0.00974984507442389,0.111534784260617
"Astro-4","ACTR3B",-0.305521639212857,0.188808580494354,0.105629094548601,-0.675579656953923,0.0645363785282082,6,0.131725434701242,75.9947719716025,0.419597174126877
"Astro-4","SNX7",0.0588637503694443,0.077657623619738,0.448456597390861,-0.0933423950502093,0.211069895789098,5,0,0,0.7778564417113
"Astro-4","VPS29",0.0178165696920843,0.0853637526263488,0.834671881475095,-0.149493311040746,0.185126450424914,5,0,0,0.956424863745147
"Astro-4","LZTS3",-0.0601349225089607,0.166833996878523,0.718512396617143,-0.387123547787734,0.266853702769813,5,0.0699931486350689,58.0026895456959,0.912253535639897
"Astro-4","ME1",-0.0196474081173861,0.0854439153775962,0.818134444506818,-0.187114404955563,0.14781958872079,6,0.0011504639787154,2.25519181598899,0.950170175610513
"Astro-4","STYXL1",0.0458159774959216,0.084918606815145,0.589522489509305,-0.12062143347908,0.212253388470923,5,0,0,0.85313791203194
"Astro-4","LRCH2",0.0443896667497899,0.0814525287719138,0.585770079627371,-0.115254356092874,0.204033689592453,5,0,0,0.850962227680389
"Astro-4","REEP5",-0.0444211891899862,0.0735198209662937,0.545706039128849,-0.188517390433754,0.0996750120537822,6,0,0,0.831535371198288
"Astro-4","ZNF706",0.0852391082210265,0.0675763471285418,0.207173806505205,-0.0472080983576921,0.217686314799745,6,1.9010793275616e-06,0.00582399407172787,0.562976781657428
"Astro-4","RPS29",0.112791413428343,0.0833185383868978,0.17582020265498,-0.0505099210544944,0.276092747911181,5,0,0,0.521573655735583
"Astro-4","NEAT1",0.0882445971328868,0.0901188134796737,0.327479770945994,-0.0883850316167564,0.26487422588253,6,1.35780382965518e-06,0.00253008298676921,0.689204994862737
"Astro-4","PABPC1",0.0361195197115397,0.0759625794712413,0.634437076289774,-0.112764400224855,0.185003439647934,6,1.27041003639128e-06,0.00300828516446649,0.878660248083969
"Astro-4","CFAP69",-0.0033708442774681,0.0885307948367223,0.969627575381204,-0.176888013680148,0.170146325125212,6,0,0,0.994460940404121
"Astro-4","MOB1B",-0.00325493244482272,0.0688969678514551,0.962319175062593,-0.138290508077689,0.131780643188043,6,0,0,0.994460940404121
"Astro-4","LARP7",0.0378963616844258,0.0732691752938224,0.605001841101754,-0.105708583068418,0.18150130643727,6,3.68948133468886e-06,0.0095737865781586,0.860638452347623
"Astro-4","TGFBR3",0.195875982592593,0.0761352604588038,0.0100897920633954,0.0466536141397613,0.345098351045425,6,4.42769589071831e-06,0.0108090109127333,0.124403897900475
"Astro-4","ANKS3",0.0506281385338628,0.0741127130732665,0.494528785058149,-0.0946301098862903,0.195886386954016,6,2.52160047291302e-07,0.00064819860662002,0.804920399169068
"Astro-4","CTPS2",0.00134591968564112,0.080812578183506,0.986711983245766,-0.157043823051858,0.15973566242314,6,0,0,0.997792489645061
"Astro-4","MAP3K1",-0.153112410412444,0.0945021465428185,0.105189247395992,-0.338333214098094,0.0321083932732071,6,0,0,0.418458608358999
"Astro-4","WDR47",-0.0967858445291595,0.0690613930207757,0.161080608365315,-0.232143687572046,0.0385719985137266,6,8.04637607682434e-06,0.0230771742711421,0.505064456309616
"Astro-4","ADAR",0.0703157067639762,0.107447168864969,0.512840470254036,-0.140276874452156,0.280908287980109,6,0.0272076404096049,46.189882899172,0.815414294354568
"Astro-4","CHCHD6",-0.013829014624082,0.0773743662965196,0.8581507862394,-0.16547998589187,0.137821956643706,5,7.84968766442755e-07,0.00227061760780533,0.963854303288347
"Astro-4","CC2D2A",-0.134745043636087,0.18881760234783,0.475458825223441,-0.504820743885039,0.235330656612865,6,0.145984047950715,81.1245504507517,0.793803877957948
"Astro-4","SPPL2B",0.0261734513672245,0.067412922651695,0.697826818256462,-0.105953449122682,0.158300351857131,6,4.31326947351353e-07,0.00133516419043649,0.905606504073661
"Astro-4","SIMC1",0.0266753689175495,0.0737008153226085,0.717395896242536,-0.117775574746001,0.1711263125811,6,0,0,0.911727425328447
"Astro-4","NDUFAF5",0.0951111924350831,0.0763025201753429,0.212580403380131,-0.0544389990382298,0.244661383908396,5,1.58937871550705e-06,0.00471315603008933,0.56945275294864
"Astro-4","HGSNAT",-0.064829468749073,0.0606024847431951,0.284732145743061,-0.183608156219373,0.0539492187212274,6,0,0,0.655099823103875
"Astro-4","INTS8",0.0322110147860684,0.0710203722169088,0.650155535892776,-0.106986356927702,0.171408386499839,6,0,0,0.883296308593225
"Astro-4","ZCCHC8",0.047384171223245,0.0744478941283677,0.524467327363772,-0.0985310199932067,0.193299362439697,6,0,0,0.821520086624871
"Astro-4","CTNNA3",-0.108030469883846,0.09276368322986,0.244190179885685,-0.289843948087653,0.0737830083199621,5,0,0,0.610978819301699
"Astro-4","USP7",0.0824998671694593,0.0651301103645646,0.205265016493174,-0.0451528034542062,0.210152537793125,5,0,0,0.561962556469853
"Astro-4","GIPC1",-0.368240383325017,0.214860793785567,0.0865552416980112,-0.789359800834416,0.0528790341843823,5,0.154137417974265,76.7405316887262,0.377005366949392
"Astro-4","ATP6V1D",-0.148161450772498,0.0804003338775082,0.0653587336548518,-0.30574320951741,0.00942030797241378,6,0,0,0.325126961040802
"Astro-4","DLD",-0.0648674195660432,0.0844333199353039,0.442327969658606,-0.230353685734387,0.1006188466023,5,0,0,0.774513785967693
"Astro-4","SETDB1",-0.087656030887761,0.0818352789478684,0.284112032510756,-0.248050230290372,0.0727381685148499,6,0,0,0.654217073934307
"Astro-4","UBE2Z",0.00504938359679996,0.0813815540416032,0.95052635939363,-0.154455531330642,0.164554298524242,6,0,0,0.990368602966925
"Astro-4","GIGYF2",0.0499039843278195,0.0432266087911383,0.248306002270239,-0.0348186120766139,0.134626580732253,6,0,0,0.614637578880301
"Astro-4","SKA2",-0.0812719858610832,0.0845778788401273,0.336595898457572,-0.247041582276525,0.0844976105543585,6,0,0,0.695508352055867
"Astro-4","ACOX1",0.00210508783187714,0.205105610212949,0.991811108477367,-0.399894521212614,0.404104696876368,6,0.164877111309699,79.0348345865712,0.998372512258354
"Astro-4","SS18L1",-0.124267196087186,0.0911432035909226,0.172747660568069,-0.302904592560996,0.054370200386624,6,0,0,0.517976559762043
"Astro-4","NFXL1",-0.0132002975792815,0.0858157894643794,0.877750626950262,-0.181396154234337,0.154995559075774,5,0,0,0.96750557947341
"Astro-4","NBPF26",-0.22722123957424,0.145291762532101,0.117841940185149,-0.511987861387505,0.0575453822390241,6,0,0,0.441765735958327
"Astro-4","GAS2L1",0.0384217339530198,0.0978174827898518,0.694474554226321,-0.153297009373456,0.230140477279496,6,0,0,0.904987288171934
"Astro-4","ERMP1",-0.103311944369662,0.0895882315057633,0.248833819406376,-0.278901651559595,0.07227776282027,5,0,0,0.615070327042767
"Astro-4","ERCC6",-0.0137749010848514,0.0810195714845247,0.864994858880703,-0.172570343237388,0.145020541067685,6,0,0,0.964767735772626
"Astro-4","CDK12",0.0445702984576356,0.0666509424917089,0.503679082914648,-0.0860631483617642,0.175203745277035,6,0,0,0.812011555749647
"Astro-4","LRRC37A3",0.0353058112730965,0.0720065708227531,0.623911903472045,-0.105824474189732,0.176436096735925,6,0,0,0.87215377774148
"Astro-4","CDK5RAP1",-0.0197677769305637,0.0813155153209769,0.807928167891194,-0.179143258343993,0.139607704482866,5,0,0,0.946365784478168
"Astro-4","WDSUB1",0.0122095056843959,0.0726684216330398,0.866570170508611,-0.130217983529733,0.154636994898525,6,0,0,0.964767735772626
"Astro-4","NUMA1",-0.0340662672735534,0.0972331070412246,0.726071042906127,-0.224639655179282,0.156507120632175,6,0.0215109442167397,46.1074848731727,0.91652415908326
"Astro-4","IMMT",-0.11036821708306,0.122454672331284,0.367429611181867,-0.35037496459103,0.129638530424909,5,0.0348922654595755,53.7935251602817,0.720336522314133
"Astro-4","XRN2",0.0654091088152305,0.0698766981807405,0.349239889140485,-0.0715467029775965,0.202364920608057,6,0,0,0.706178467780067
"Astro-4","SCAF4",-0.0681203420131075,0.0765866928598341,0.373759122687628,-0.218227501713413,0.0819868176871982,6,0,0,0.724697312076616
"Astro-4","RNF146",0.0303569314768546,0.0827257006357413,0.71364968126251,-0.131782462365041,0.19249632531875,5,0,0,0.911209718517162
"Astro-4","PTPRT",-0.0228425598525628,0.114500650894175,0.841873829305214,-0.24725971181154,0.201574592106414,5,5.83411157498016e-07,0.000775603844988582,0.959381359412702
"Astro-4","YY1AP1",0.117091067190255,0.0850455409440429,0.168572758426148,-0.0495951301057952,0.283777264486306,6,0,0,0.51441038695325
"Astro-4","COG2",-0.0173411489977551,0.08841142911564,0.844499426508935,-0.190624365886125,0.155942067890615,6,0,0,0.960050601108412
"Astro-4","NCALD",-0.253935002079151,0.105434893588009,0.0160202821179734,-0.460583596225462,-0.0472864079328411,5,0,0,0.156383082093119
"Astro-4","LSAMP",-0.00885565401195979,0.0400427118029356,0.82497158932216,-0.0873379269890305,0.0696266189651109,6,0,0,0.953447909622861
"Astro-4","NAA15",-0.0106538566289981,0.0590654739996589,0.856859219426695,-0.126420058398116,0.10511234514012,6,1.9883961959393e-06,0.00797839782216704,0.963854303288347
"Astro-4","NSUN2",-0.0213526105876107,0.089739536937452,0.811927758953624,-0.197238870974318,0.154533649799097,5,0,0,0.948203852769873
"Astro-4","CYP27A1",0.0895817552042731,0.0711582299953051,0.20806310602598,-0.0498858127901426,0.229049323198689,5,4.41383254968252e-07,0.00150924188649758,0.564003875630052
"Astro-4","C11orf65",-0.128457760326923,0.100324312570246,0.200395697822774,-0.325089799738344,0.0681742790844983,6,0.00891168733556137,14.3540464967989,0.55402515434953
"Astro-4","CENPP",-0.241548969475909,0.116283889262932,0.0377798712046971,-0.469461204413499,-0.0136367345383192,6,0.0242104623295474,32.2778978162167,0.251038511581576
"Astro-4","RLF",0.0536645790100592,0.0605827988722909,0.375722322760883,-0.0650755248622648,0.172404682882383,6,3.68871714523638e-06,0.014404458458195,0.725926893144657
"Astro-4","GLDC",-0.0284029045654025,0.085611959730624,0.740068013629598,-0.196199262283319,0.139393453152514,5,0,0,0.920576517978789
"Astro-4","PCF11",0.100934082961608,0.0714843017210241,0.157957173984464,-0.0391725738715939,0.24104073979481,6,0,0,0.499862157765437
"Astro-4","INTS6L",0.00595933405735028,0.0869053031608365,0.945329724524068,-0.164371930203424,0.176290598318125,6,0,0,0.98916607490031
"Astro-4","CCDC186",0.0467573141184105,0.0831115810401583,0.573717629001649,-0.116138391418482,0.209653019655303,5,0,0,0.843738742489771
"Astro-4","COMMD1",-0.0154619016401187,0.0684109307697597,0.821189695621022,-0.149544862097711,0.118621058817473,6,0.00550431931719077,19.8466807801154,0.951784496679248
"Astro-4","PPIG",-0.0638515643123888,0.0615453979862061,0.299516413877863,-0.184478327779537,0.0567751991547591,6,0,0,0.667738225551382
"Astro-4","HLCS",-0.000388581316815217,0.0598145191323803,0.994816628855556,-0.117622884568863,0.116845721935232,6,0,0,0.998372512258354
"Astro-4","NDUFV3",-0.0193059778006378,0.0746924906983748,0.79604203222954,-0.165700569485045,0.12708861388377,5,0,0,0.941529142494098
"Astro-4","RNF111",0.0342902827738162,0.0642233539209542,0.593395271987777,-0.0915851778776233,0.160165743425256,6,0.000213306825699858,0.739521932615602,0.854276482761528
"Astro-4","MMP28",-0.0196442063542997,0.133949136121455,0.883404953309051,-0.282179688912604,0.242891276204004,6,0.043164158771316,46.2345700089756,0.969880975874178
"Astro-4","POM121C",0.0269596912707168,0.0687762125457389,0.695064488354898,-0.107839208312003,0.161758590853437,6,8.91415479363638e-08,0.000268690216304348,0.904987288171934
"Astro-4","KIAA0753",-0.0557646654806914,0.0709355536954801,0.431790515673344,-0.19479579594724,0.0832664649858568,5,0.000317111554188219,1.11170597278126,0.770480168770925
"Astro-4","AMY2B",-0.108112086275911,0.0921893049983761,0.240908784954758,-0.288799803832507,0.0725756312806842,5,5.51012616611462e-07,0.00115291658270908,0.605821263086044
"Astro-4","CCSAP",0.0111417860845714,0.0937508765644888,0.905398467786876,-0.172606555500887,0.19489012767003,5,0,0,0.975979165394102
"Astro-4","PITPNM2",-0.00232248005925388,0.0727176970734628,0.974521250457042,-0.144846547361935,0.140201587243427,6,0.000784150240841173,2.15392394456804,0.994819457848186
"Astro-4","KIF6",-0.109930368580089,0.102017775821739,0.281229749388738,-0.309881534973578,0.0900207978133994,6,3.00042622594167e-06,0.00432276635011564,0.650880038627665
"Astro-4","NDUFA10",-0.0540337773812358,0.0559248910401451,0.333951737817104,-0.163644549659247,0.0555769948967753,5,0,0,0.694080818857314
"Astro-4","PPP4R3A",0.0591587730632078,0.0632511695717396,0.349634088679019,-0.0648112412774375,0.183128787403853,6,0,0,0.706241340234763
"Astro-4","C9orf72",-0.00133583464492856,0.108767962700481,0.990201020423081,-0.214517124209668,0.211845454919811,5,0.00976472449601063,16.0595777838633,0.998058308461131
"Astro-4","UBE2V2",0.00468376470802431,0.0800711361171137,0.953354309279048,-0.152252778282723,0.161620307698772,5,0,0,0.990940949638495
"Astro-4","SARM1",-0.0143904653706261,0.0843663320486224,0.864560955581472,-0.179745437693673,0.150964506952421,6,0,0,0.964767735772626
"Astro-4","TRAPPC13",0.0469446930361186,0.0857759744376968,0.584176630094051,-0.121173127600595,0.215062513672833,6,2.12786600026863e-06,0.00418647685212096,0.850192580222144
"Astro-4","ZNF24",-0.107556070020462,0.081616443575395,0.187562728181851,-0.267521359974482,0.0524092199335576,6,0,0,0.536260463738584
"Astro-4","GINM1",-0.0159990015581072,0.0834325660781559,0.847930461235296,-0.179523826209051,0.147525823092837,6,0,0,0.960204024047555
"Astro-4","ALS2",0.021126986974937,0.0704687001610322,0.764324620377851,-0.116989127378038,0.159243101327912,6,0,0,0.930620130263641
"Astro-4","MLH1",0.0393131653621493,0.0783146396263677,0.615674560495952,-0.114180707767765,0.192807038492063,5,5.67228078687989e-08,0.000160385410481983,0.868197581661787
"Astro-4","SMC6",-0.135616210120935,0.0840007070133286,0.106426580275891,-0.30025457054296,0.0290221503010901,5,0.0059549953938291,16.4337562044168,0.420742715387093
"Astro-4","CYLD",0.229609968310636,0.221653747954504,0.300251216667417,-0.204823394718511,0.664043331339783,5,0.185209290348649,85.0200625147191,0.668830401891285
"Astro-4","ANP32A",0.00516499056012907,0.0822768242411511,0.949945064751111,-0.156094621714859,0.166424602835117,6,3.05051278882681e-07,0.000647799316494283,0.990333490365009
"Astro-4","PPP2R5A",-0.00123008773567138,0.060413144490911,0.983755187568926,-0.119637675130671,0.117177499659329,6,0,0,0.997792489645061
"Astro-4","SPEF2",0.0214967241604885,0.0891977204372548,0.809554477570934,-0.153327595399603,0.19632104372058,6,1.76939128219487e-06,0.00320580873321652,0.946849369698596
"Astro-4","PCCB",-0.0891479372517963,0.074696745833137,0.232687387674325,-0.235550868847087,0.0572549943434944,5,0,0,0.596404744944703
"Astro-4","BMS1",0.0150623427053577,0.0863687660353048,0.861554481665327,-0.154217328113006,0.184342013523721,5,0,0,0.964767735772626
"Astro-4","RGS22",-0.13926904040018,0.115090080379054,0.226245409950878,-0.364841452920946,0.0863033721205851,6,6.34181737553955e-07,0.000717590971420143,0.587169106546942
"Astro-4","DCAF10",0.0343676952582929,0.0604548558693298,0.569705502672273,-0.0841216449361533,0.152857035452739,6,0,0,0.843676875377731
"Astro-4","GPLD1",-0.0808929771112495,0.084482510976074,0.33830913694398,-0.246475655947864,0.0846897017253654,6,0,0,0.696511310210335
"Astro-4","NEDD4",0.145381755470167,0.0871469113401142,0.0952685667219632,-0.0254230521203618,0.316186563060696,6,0.00230073785687801,4.51477988264063,0.397219016362873
"Astro-4","CEPT1",0.0828597631004931,0.0888813275610735,0.351206495302588,-0.0913444378173182,0.257063964018304,6,3.04986329135725e-08,5.35799535165331e-05,0.707856043299903
"Astro-4","EFNB2",-0.143473078621716,0.084676875169108,0.0901969664137604,-0.309436704276562,0.0224905470331294,6,0,0,0.387003794620549
"Astro-4","PACS1",0.0406744653839828,0.0533558904887418,0.445866770419729,-0.0639011583370142,0.14525008910498,6,0,0,0.775927386571891
"Astro-4","MAP3K4",0.0456689278685386,0.0595053459256588,0.442798527305548,-0.0709594070333497,0.162297262770427,6,0,0,0.774513785967693
"Astro-4","ST6GAL2",-0.34113957672885,0.248456747909034,0.169741759189174,-0.828105854346503,0.145826700888803,5,0.202779342003924,72.0349770439938,0.51441038695325
"Astro-4","GTF2F2",-0.0167190152355839,0.100143177108166,0.867408512304357,-0.212996035665006,0.179558005193838,6,0.0160170675463141,29.0723563913896,0.964767735772626
"Astro-4","AGPAT4",-0.0874648890891004,0.0919079412142941,0.341270668435589,-0.267601143762341,0.0926713655841404,5,3.79183309893256e-06,0.00789312990095388,0.699099329860466
"Astro-4","PISD",0.008752064661354,0.098342376993742,0.929085198316354,-0.183995452400441,0.201499581723149,5,0.00974873816372596,20.0461069818493,0.985898483178208
"Astro-4","G2E3",-0.0479323924436772,0.148434334500476,0.746755945869995,-0.338858342133781,0.242993557246427,5,0.0553627730130498,59.113795871208,0.923867492375805
"Astro-4","ANKRD29",0.0985798891071026,0.151933346420117,0.516444111815209,-0.199203997926973,0.396363776141179,6,0.0596944037155036,51.288766550846,0.817391405023086
"Astro-4","MTIF3",-0.119687045154339,0.0800188676064204,0.134722646852,-0.276521143746602,0.037147053437924,5,1.32354267778306e-06,0.00367570597136698,0.467883722545297
"Astro-4","TRIQK",-0.102987128135577,0.112610843025535,0.360433133468253,-0.323700324734319,0.117726068463166,5,0.0188101491544097,31.1391988724005,0.715105621141882
"Astro-4","TMEM175",-0.117601146763627,0.0918844783223794,0.200587186924805,-0.297691415013742,0.0624891214864879,5,0.00439226272885785,9.62084370242589,0.554176638838283
"Astro-4","LENG8",-0.127034321892658,0.0622100321797274,0.0411492413800755,-0.248963744442002,-0.00510489934331462,6,0,0,0.259834862910951
"Astro-4","PHKG1",-0.134630568852614,0.0927630558226818,0.146685702011924,-0.316442817360949,0.0471816796557204,6,0,0,0.48616341285748
"Astro-4","PCMTD2",0.00264415356643268,0.0836962797041862,0.974797226064475,-0.161397540293763,0.166685847426628,5,5.0610341997254e-06,0.0122091721049555,0.994819457848186
"Astro-4","TMEM161B",0.0789674476231559,0.0697955216086552,0.257881982702311,-0.0578292610119955,0.215764156258307,6,0,0,0.625744731017336
"Astro-4","WBP1L",-0.00201471497372625,0.0807520172798006,0.980095318113858,-0.160285760521092,0.156256330573639,5,0,0,0.996886522818974
"Astro-4","ADORA2B",-0.109381107708484,0.116539429112206,0.347948495226698,-0.337794191547267,0.119031976130298,5,0.00865651015831963,11.4386852800409,0.705974459296623
"Astro-4","HNRNPR",-0.0347969869012489,0.0603447039436964,0.564184723081473,-0.153070433288626,0.0834764594861283,6,0,0,0.842859171753876
"Astro-4","RLIM",-0.0452059124711497,0.0923252576175469,0.624390403810182,-0.226160092264924,0.135748267322625,5,0,0,0.87215377774148
"Astro-4","TBRG1",0.014072464172769,0.0842189681394572,0.867296274640243,-0.150993680195693,0.179138608541231,6,0,0,0.964767735772626
"Astro-4","NSF",-0.107131900262887,0.0794462013650079,0.17750288886962,-0.262843593646819,0.0485797931210455,6,0,0,0.523216826230903
"Astro-4","PCGF3",0.0490251507669752,0.0721996115712276,0.497123693285285,-0.0924834876104123,0.190533789144363,6,1.12487414296214e-07,0.000306657263482191,0.805963078873324
"Astro-4","RPGRIP1L",-0.0676298996474372,0.0885221355346743,0.444874054685309,-0.241130097129972,0.105870297835098,6,1.72726933601544e-06,0.00317618747810543,0.775335700922514
"Astro-4","AASDHPPT",-0.0209559424467327,0.0866889449934579,0.808983806279609,-0.190863152491684,0.148951267598219,6,0,0,0.946585322007947
"Astro-4","ZNF770",-0.0519237836534764,0.0854730919003538,0.543527833546852,-0.219447965425452,0.115600398118499,5,8.03198279366812e-06,0.0192702528428683,0.830458657067035
"Astro-4","HS3ST5",0.0201176863853852,0.111694376381489,0.857063314578602,-0.198799268597995,0.239034641368765,6,0,0,0.963854303288347
"Astro-4","CC2D1A",0.0239815565431775,0.0809022142092005,0.766904424658307,-0.1345838695764,0.182546982662755,6,0,0,0.930620130263641
"Astro-4","ESD",0.0789113151283331,0.0800662973635354,0.324341869711956,-0.0780157440796706,0.235838374336337,6,1.88235032845401e-07,0.000422857359178086,0.686607151585599
"Astro-4","HNRNPUL1",-0.016805294715452,0.074005842342749,0.82036103081664,-0.161854080352789,0.128243490921885,6,7.66613245869806e-07,0.00197239988135813,0.951684798653525
"Astro-4","DCBLD2",-0.117475483942987,0.0812679415891642,0.148308256451283,-0.276757722555454,0.0418067546694799,6,0.00496550479404504,11.9029994421827,0.487987769118619
"Astro-4","ZNF592",-0.0446856681550895,0.0716893566747937,0.533071889793615,-0.185194225312531,0.0958228890023524,6,1.00956463157541e-07,0.000277781566492534,0.824840106059658
"Astro-4","KIF27",0.0607988769561851,0.0730256326084382,0.405087855855684,-0.0823287329046074,0.203926486816978,6,0,0,0.750164234830629
"Astro-4","POR",0.206636711885468,0.0942513690697348,0.0283506287261082,0.021907423015195,0.39136600075574,5,0.00394214011120712,8.12659873303249,0.216992673881313
"Astro-4","PSMD11",0.0230073520650286,0.0660765500141802,0.727695700346036,-0.106500306185424,0.152515010315481,6,0,0,0.916841668946321
"Astro-4","SFXN1",0.0736065801575045,0.0634764236787768,0.246216069373453,-0.0508049241203035,0.198018084435312,5,0,0,0.614214820032399
"Astro-4","RBM26",0.0328889557442473,0.0444521585454513,0.459377006342332,-0.0542356740399016,0.120013585528396,6,0,0,0.785429418734281
"Astro-4","SSBP3",0.0116610633654091,0.0655633202747697,0.858833270010604,-0.116840683080004,0.140162809810822,6,4.20242719702961e-06,0.0137471286190592,0.963854303288347
"Astro-4","CRY2",-0.138036918277147,0.202723150678361,0.495926262135894,-0.535366992439221,0.259293155884927,6,0.16216804020707,76.9414321386263,0.804920399169068
"Astro-4","SLC18B1",0.0388886058053135,0.0616338255389991,0.528065328993712,-0.0819114724805497,0.159688684091177,6,1.45687891623799e-06,0.00537631598825271,0.82289143036691
"Astro-4","APMAP",-0.0927893336056289,0.0905307754500626,0.305387743204223,-0.270226392980235,0.0846477257689768,5,3.54092849314894e-07,0.000748679313820044,0.67340648097758
"Astro-4","PSIP1",-0.0407901788581899,0.0640293074241036,0.524089136647231,-0.166285315364476,0.0847049576480964,6,0,0,0.821520086624871
"Astro-4","MTDH",0.0493382601548236,0.0500027173930727,0.323784052791577,-0.0486652650647334,0.147341785374381,6,0,0,0.68620468701853
"Astro-4","COL6A1",-0.0409402647449727,0.0920765634590639,0.6565851044111,-0.221407012944955,0.139526483455009,5,2.31572621515524e-06,0.00485712934151939,0.885716927708922
"Astro-4","CD109",0.0675928954813356,0.0999364325703131,0.498812805947162,-0.128278913099894,0.263464704062565,6,7.38182599609051e-07,0.00110087475872298,0.808451649161889
"Astro-4","KIAA1549",-0.176274706827468,0.12833540759528,0.169582378068817,-0.427807483655485,0.0752580700005494,5,7.84637089840017e-06,0.00846177337647912,0.51441038695325
"Astro-4","AMFR",-0.0332376334235619,0.0717442314163544,0.643164020329129,-0.173853743098124,0.107378476251,6,9.61398564700906e-07,0.00267322524218215,0.880794449479828
"Astro-4","SLC48A1",0.0475031254536324,0.072842254931408,0.514312833818352,-0.0952650707646125,0.190271321671877,5,0,0,0.81614662937706
"Astro-4","GTF2H1",-0.0107411534027039,0.0741451027335932,0.884816150016365,-0.156062884390569,0.134580577585161,6,0,0,0.970649891823536
"Astro-4","PLCL1",-0.0735646137063247,0.124349938081342,0.554122835011545,-0.31728601382554,0.170156786412891,6,0.035892118375341,44.6658820649635,0.837934364571721
"Astro-4","TXNL1",-0.0515734579718696,0.0747081030130442,0.489984891701853,-0.197998649230745,0.0948517332870054,6,0,0,0.802810887646315
"Astro-4","INPP5A",-0.0338598410477202,0.0832673800501834,0.684272470436043,-0.197060907033089,0.129341224937648,6,0,0,0.899301307392124
"Astro-4","GPR137C",-0.087341405002215,0.169043083276464,0.605378631503684,-0.418659760059689,0.243976950055259,6,0.0809425342625706,57.9907233266483,0.860638452347623
"Astro-4","MKRN3",-0.0915391675165917,0.0903914017250573,0.311204561527924,-0.268703059409796,0.0856247243766122,5,2.69581211273815e-06,0.00588948926394798,0.677143105918301
"Astro-4","SLC41A1",0.0141077517359203,0.088563891703845,0.873436756933927,-0.159474286334322,0.187689789806162,6,9.54712972580329e-06,0.0177898040593973,0.966122228913145
"Astro-4","BRF1",-0.0432294842743282,0.0826072287904898,0.600756055265026,-0.205136677566348,0.118677709017692,6,5.44610309022072e-07,0.00113897054274538,0.858537303468752
"Astro-4","ST3GAL2",-0.105885115894998,0.0936908014241104,0.258410970687609,-0.289515712368948,0.0777454805789528,6,0.00206806637709239,3.53688794776498,0.626115952189816
"Astro-4","USP8",0.0808438715797304,0.0598085747436335,0.176467981654954,-0.0363787808844632,0.198066524043924,6,0,0,0.521573655735583
"Astro-4","TRIM24",-0.0235459280515169,0.072832293823246,0.746475878387044,-0.166294600856518,0.119202744753484,6,7.92619402754829e-07,0.00213467988377917,0.923867492375805
"Astro-4","CROCC",-0.123345386723831,0.0899625589024342,0.170351676867936,-0.299668762129665,0.0529779886820031,6,0,0,0.51520534831266
"Astro-4","SH3YL1",0.18852816069512,0.306714993668138,0.538773417614781,-0.412622180412862,0.789678501803101,6,0.484101407435899,94.2462201317216,0.828485474947053
"Astro-4","NFYC",-0.0120736685849386,0.0660843999576925,0.855032837351536,-0.141596712441956,0.117449375272079,6,0,0,0.963521633508168
"Astro-4","DNAJC27-AS1",0.00287988461908669,0.0842730549480734,0.972738993283572,-0.162292267946302,0.168052037184476,5,0,0,0.994460940404121
"Astro-4","NUP88",0.0409660611760903,0.0881366029110444,0.642073321466983,-0.131778506249265,0.213710628601445,6,0.00447809610846865,8.94856565520199,0.880794449479828
"Astro-4","TIAM2",0.0616632541686108,0.0673735581364876,0.360063477777413,-0.0703864932892203,0.193713001626442,6,0,0,0.714631800734095
"Astro-4","EXOC5",0.102380205844941,0.0635900971269602,0.10739734315375,-0.022254094297305,0.227014505987187,5,6.70876346610907e-07,0.00289328505487532,0.421453778146702
"Astro-4","NHLRC2",0.075618301065634,0.0655933939630344,0.248978486468612,-0.0529423887256603,0.204178990856928,5,6.12389053249048e-06,0.0247200223373062,0.615070327042767
"Astro-4","SLIRP",-0.00363547094706359,0.0827181378930247,0.964944174869033,-0.16576004208561,0.158489100191483,5,1.85795003633117e-06,0.00476855726176658,0.994460940404121
"Astro-4","XPNPEP1",0.0692285357396149,0.0725128839924645,0.339726043802316,-0.0728941053007465,0.211351176779976,6,0,0,0.69785018851006
"Astro-4","DTWD1",0.13431589445457,0.192688243437201,0.48576320764854,-0.24334612292663,0.511977911835769,5,0.122215214969891,76.6598601907036,0.800373647112014
"Astro-4","NCBP1",-0.0734415634982098,0.0687789285230552,0.285614519058487,-0.208245786298653,0.0613626593022331,6,0,0,0.655435116470986
"Astro-4","TPK1",-0.0435984110822569,0.0746884761189945,0.559397413137309,-0.189985134335666,0.102788312171152,6,0,0,0.840515753738875
"Astro-4","GDPD1",-0.0603053751888691,0.0831363938226146,0.468219692934154,-0.223249712885732,0.102638962507994,6,0.00435986336603412,9.88444209957534,0.791762858437046
"Astro-4","ULK1",0.00116360302948613,0.0918544423406576,0.989892747290525,-0.178867795778214,0.181195001837186,6,0.00256710810946462,4.50453807069592,0.998058308461131
"Astro-4","VAPB",0.0241512327765109,0.0784957589670945,0.758329158566492,-0.129697627738131,0.178000093291153,6,0,0,0.93055803678421
"Astro-4","BDNF-AS",-0.0294541743955847,0.0729185310449336,0.68626225706264,-0.17237186904922,0.113463520258051,6,0,0,0.901265796604025
"Astro-4","TMTC3",0.0838953916017319,0.08972220741494,0.3497588475531,-0.0919569035449831,0.259747686748447,5,0,0,0.706241340234763
"Astro-4","LMBRD1",0.0530842458995923,0.0566634671795655,0.348844104838114,-0.0579741090115235,0.164142600810708,6,0.000802962183365889,3.68332018552088,0.705974459296623
"Astro-4","CIAO1",-0.00218002034507336,0.0765002833323751,0.977265846504891,-0.152117820483638,0.147757779793492,5,0,0,0.99576796984672
"Astro-4","NIFK-AS1",0.076051926489266,0.0829617303629971,0.35929412764272,-0.0865500771173315,0.238653930095863,6,1.02378786971971e-06,0.00214746520083189,0.714402812225896
"Astro-4","PDCD6IP",-0.057776857955585,0.0690541227068449,0.402767134472189,-0.19312045144501,0.0775667355338404,6,0.00541565667459014,19.136323579537,0.748524698362401
"Astro-4","XKR6",-0.0845674043153257,0.113280687700517,0.455347462613934,-0.306593472352269,0.137458663721618,6,0.0313776228610445,47.0955290532299,0.782511051919148
"Astro-4","ANKRD27",-0.0798658650735418,0.082720190465527,0.334297333868688,-0.241994459180268,0.0822627290331846,6,7.88222597912787e-06,0.016502075950617,0.694239978299525
"Astro-4","MAST2",0.00255443868713681,0.0735657279725466,0.972300448130781,-0.141631738635525,0.146740616009799,6,0,0,0.994460940404121
"Astro-4","NSMAF",-0.00603626581194555,0.0609160516359439,0.921065583335601,-0.125429533098778,0.113357001474887,6,5.5830349440398e-06,0.0209691876440478,0.9821873805736
"Astro-4","SOCS7",-0.117861096319318,0.0800559509033223,0.140957687190038,-0.274767876837936,0.0390456841993008,5,0,0,0.479098249802108
"Astro-4","TBC1D8",-0.116536302190266,0.0769787442514484,0.130057197461249,-0.267411868498225,0.0343392641176923,5,0,0,0.461199877819225
"Astro-4","ZNF471",-0.090936224807855,0.0783909354258046,0.246034577006986,-0.244579634956837,0.062707185341127,6,1.13512549607485e-06,0.00260962322546246,0.614186864539378
"Astro-4","PSMD12",0.020049225134662,0.0909638378411103,0.825552837094937,-0.158236620929456,0.19833507119878,5,0,0,0.953514399706607
"Astro-4","TMEM131",0.0435651889241775,0.0453363406581536,0.336585822656581,-0.0452924059566425,0.132422783804998,6,0,0,0.695508352055867
"Astro-4","SYT14",-0.131848658093966,0.0894915129184952,0.140667714864344,-0.307248800336218,0.0435514841482857,6,0.0133342523801441,30.0429204387596,0.478410372720453
"Astro-4","SLC39A9",0.095611540505621,0.0705829450348761,0.175545561168914,-0.0427284896855065,0.233951570696748,5,7.76533189398907e-07,0.00265054490275911,0.521518872477115
"Astro-4","MED23",0.0573836092155764,0.0767826034461648,0.454851292480552,-0.0931075281781277,0.207874746609281,6,0,0,0.782241108163972
"Astro-4","RPL5",-0.0085351464389831,0.111193799156432,0.938815113119477,-0.22647098808977,0.209400695211804,6,0.0194362512545077,27.9153707075738,0.988251866623421
"Astro-4","TSC22D4",-0.134334998283087,0.0690834129135303,0.0518311713759333,-0.269735999522715,0.00106600295654202,6,0,0,0.292511007795269
"Astro-4","ACVR2A",-0.0913927830325398,0.0888758836480982,0.303799673477547,-0.265586314076985,0.0828007480119049,5,0.00124163483620613,2.80861588854663,0.67180316458881
"Astro-4","LAMP1",-0.0915110016235144,0.0772645611378962,0.23626062157402,-0.242946758735084,0.0599247554880553,6,0,0,0.6007707239466
"Astro-4","PPME1",0.0166260003415908,0.0712128108887669,0.815397057933805,-0.122948544238254,0.156200544921436,6,0,0,0.94981845392076
"Astro-4","RSU1",0.0426936362046321,0.0845596781311104,0.613633603560037,-0.123040287476644,0.208427559885908,6,0.00251185842647464,5.30858147443425,0.866511567384934
"Astro-4","GOLGA3",0.0536513030185371,0.0753058636905274,0.47618911872344,-0.0939454776395791,0.201248083676653,6,2.37200031054249e-06,0.00579122018192507,0.793803877957948
"Astro-4","RNF144A",0.0347278676764576,0.0782061068090844,0.657002312245212,-0.11855328504044,0.188009020393356,6,4.82348587876685e-08,0.0001127703949377,0.885878859734718
"Astro-4","MDN1",-0.019829837326375,0.0590304845940228,0.736927145817679,-0.135527461120606,0.0958677864678562,6,0.00311285407256955,14.5149413963908,0.918214223804404
"Astro-4","WNK3",0.0360377394517648,0.129749695979808,0.781205687393781,-0.21826699167368,0.29034247057721,6,0.0373647939177376,43.1999911394825,0.937378177624084
"Astro-4","IQCB1",-0.0576977397421576,0.0808493266109846,0.475446555291452,-0.216159508074003,0.100764028589688,6,0.0092297009863465,24.7897018432299,0.793803877957948
"Astro-4","IVD",0.124211686592691,0.0702511430279114,0.0770426632900063,-0.0134780236147876,0.261901396800169,5,3.02118994615469e-06,0.0102479780252318,0.354214669099339
"Astro-4","CYP20A1",-0.0310380360049452,0.0667311516255442,0.64184506541524,-0.161828689837893,0.0997526178280028,6,0,0,0.880794449479828
"Astro-4","CCM2",0.170828712062861,0.0721428802996026,0.0178883076402197,0.0294312649346559,0.312226159191066,5,2.12522784664997e-07,0.000695976834289803,0.167304685498082
"Astro-4","HNF4G",0.0454447178171781,0.09490094499917,0.63203484558085,-0.140557716480012,0.231447152114368,6,7.38507662457456e-10,1.20915337123768e-06,0.87739937778922
"Astro-4","OPTN",0.0443229043821526,0.11126013915402,0.690356125315376,-0.17374296127464,0.262388770038946,5,0.0207550313146588,35.9110890967185,0.902174372725159
"Astro-4","RANBP2",-0.0484909526459494,0.0738442743017254,0.511396324326742,-0.193223070741828,0.096241165449929,6,0.00228385392040242,6.06254399775615,0.815080843381683
"Astro-4","ARHGEF10L",-0.0433994043480865,0.0645202389281932,0.501171309342896,-0.169856748921264,0.0830579402250913,6,8.03987638279681e-07,0.00274150376254034,0.810600441702961
"Astro-4","WDR11",-0.0234576347242825,0.060217587071392,0.696870882473327,-0.141481936620116,0.0945666671715506,6,0,0,0.905575443508604
"Astro-4","SCPEP1",-0.0426902192632097,0.0795679195450992,0.591595404606786,-0.198640475896385,0.113260037369965,5,0,0,0.853235075531662
"Astro-4","PHF8",0.0449322432456772,0.0709734335629346,0.526677888178724,-0.094173130396821,0.184037616888175,6,0,0,0.82289143036691
"Astro-4","TF",-0.187432617524942,0.0878404858384189,0.0328604715428481,-0.359596806152744,-0.0152684288971407,6,0,0,0.232793638867751
"Astro-4","TBK1",0.136640104503835,0.0812497998010549,0.0926214975765732,-0.0226065768573218,0.295886785864993,6,0,0,0.391812103193139
"Astro-4","RAB8B",0.0686117429985003,0.0737875821383759,0.352446229410593,-0.0760092604990074,0.213232746496008,5,0,0,0.70930777635986
"Astro-4","MGAT4A",-0.0769130711263955,0.0773329996478399,0.319945509394857,-0.22848296525261,0.0746568229998194,5,7.71194190656689e-06,0.0227121395534475,0.682900497192148
"Astro-4","ERLEC1",0.0456631895700029,0.0808330450387808,0.572136714241195,-0.112766667466712,0.204093046606717,6,0,0,0.843676875377731
"Astro-4","SLC44A2",-0.0441826027717072,0.0709099204812006,0.533231492950687,-0.183163493061459,0.094798287518045,6,0,0,0.824840106059658
"Astro-4","MAP2K2",0.0500939307953212,0.0814037668522913,0.538306385696303,-0.109454520441065,0.209642382031707,6,0,0,0.828000416410365
"Astro-4","DDX42",0.0165856532998103,0.0705100607649931,0.814034936826604,-0.121611526347307,0.154782832946927,6,0,0,0.949616228269735
"Astro-4","FAM66D",0.275786802687785,0.279844590688733,0.324378604126018,-0.272698516330485,0.824272121706055,6,0.360541013075323,86.8181926522758,0.686607151585599
"Astro-4","FKBP3",0.0283872020033005,0.0792746675922847,0.720278451790384,-0.126988291363962,0.183762695370563,5,0,0,0.913242843914341
"Astro-4","TTL",-0.03702810814987,0.0847298277755071,0.662101304550957,-0.203095519006145,0.129039302706405,6,0,0,0.889842018566866
"Astro-4","XYLT1",-0.0710910714409571,0.117859440316981,0.546385484536676,-0.302091329700287,0.159909186818373,5,6.23332250237051e-06,0.00831495191921595,0.832224628148167
"Astro-4","RNF130",-0.031055771894798,0.0461173429474015,0.500687978171559,-0.121444103134387,0.0593325593447913,6,0,0,0.810600441702961
"Astro-4","SMG5",-0.0104780745590064,0.082212808161191,0.898583742472386,-0.171612217622841,0.150656068504829,5,5.06155857515548e-07,0.00128923927220878,0.975272418460036
"Astro-4","CKMT2-AS1",-0.070224005098331,0.0705241741482301,0.319374670780234,-0.208448846468293,0.0680008362716307,6,0,0,0.682482179891094
"Astro-4","MGST3",0.116069401942602,0.0714774855925076,0.104405774221989,-0.024023895524194,0.256162699409397,5,0,0,0.417355954607422
"Astro-4","ICE2",0.00714908341897793,0.068967857589992,0.917440605862983,-0.128025433548294,0.14232360038625,6,0,0,0.980062700806496
"Astro-4","ZNF397",0.0117728700320835,0.0745774816716233,0.874566391453736,-0.134396308101994,0.157942048166161,6,0.000231399626712339,0.603780837026324,0.966509394748965
"Astro-4","SUMF1",-0.105391994826567,0.0567576587227619,0.0633286460615087,-0.216634961769996,0.005850972116862,6,0,0,0.321025423522964
"Astro-4","MEF2C",0.0169776294591936,0.0593202545437493,0.774722715241212,-0.0992879330003034,0.133243191918691,6,1.71532190122842e-06,0.00686635243890922,0.934636945659779
"Astro-4","RIOK3",0.0348304225034756,0.0749565553383608,0.642164355913307,-0.112081726364895,0.181742571371846,6,0,0,0.880794449479828
"Astro-4","SRSF2",-0.0655794315430006,0.0842388503815022,0.436277898721238,-0.230684544389803,0.099525681303802,6,0,0,0.771058067058848
"Astro-4","KIAA0930",-0.0276573453895141,0.0724384401794987,0.702606145596688,-0.169634079237591,0.114319388458563,6,0,0,0.907671420825239
"Astro-4","ING5",-0.10660588616195,0.0800098695404546,0.18272576102617,-0.263422348868989,0.0502105765450893,6,7.45513550611324e-06,0.0167082722024611,0.531159183994114
"Astro-4","BLZF1",0.0516920157474413,0.0832456577624727,0.534627585108713,-0.111466475336352,0.214850506831235,6,0,0,0.825707723128377
"Astro-4","QSER1",0.101426268580687,0.0654947804144765,0.121474043727157,-0.0269411422070461,0.22979367936842,6,0,0,0.448878117319867
"Astro-4","HMGXB3",-0.0186420244613496,0.0852694809560832,0.826942321155195,-0.185767136115697,0.148483087192997,6,0,0,0.95379785712093
"Astro-4","ZC3H6",0.0105513701888777,0.0638202789485855,0.868684697636669,-0.11453407803365,0.135636818411405,6,0,0,0.964767735772626
"Astro-4","ZNF43",0.0107782428323898,0.0989300142567628,0.913243609323606,-0.183121022100899,0.204677507765679,6,0.0112842288611608,19.3735855644205,0.978237578761448
"Astro-4","CDKL1",0.241746845379347,0.132615638162556,0.0683164834880592,-0.0181750292060583,0.501668719964752,5,0.0252808738894355,29.9628777420339,0.332274828861781
"Astro-4","SAFB",0.0453161755997766,0.0628542571138647,0.470926584176617,-0.0778759046184187,0.168508255817972,6,0,0,0.792177703348532
"Astro-4","ARSB",-0.0938033080998007,0.0959929946743748,0.328475543111351,-0.281946120429721,0.0943395042301191,6,0.0126278875291776,23.7129631442845,0.689786011716339
"Astro-4","CERS6",0.000447190281471663,0.073273388240919,0.99513051034069,-0.14316601169595,0.144060392258894,6,0,0,0.998372512258354
"Astro-4","UXS1",-0.0443684011708354,0.0789161378584116,0.573964667737398,-0.19904118917232,0.110304386830649,5,0,0,0.843874835849708
"Astro-4","MAN1B1",0.040121048128569,0.0917560740090561,0.661924482412013,-0.139717552291973,0.219959648549111,5,5.92441249383637e-06,0.012224416895169,0.889842018566866
"Astro-4","FAM181B",-0.035233776185861,0.0968246542804759,0.715938203054039,-0.225006611391136,0.154539059019414,6,0,0,0.911315419501552
"Astro-4","HBP1",-0.000973211616064038,0.0707414476553104,0.989023605607316,-0.139623901234698,0.13767747800257,6,6.14222005003105e-07,0.00173574333018431,0.998058308461131
"Astro-4","UBE2L3",-0.0657016606734246,0.0750916853678813,0.381599730948619,-0.212878659532885,0.0814753381860361,5,0,0,0.731598731841778
"Astro-4","TTC12",-0.114399803429526,0.0827133120858599,0.166637832645341,-0.276514916159833,0.0477153093007806,5,0,0,0.512126924105942
"Astro-4","USP37",0.0266046084945511,0.0783010127127556,0.734027112065461,-0.126862556375463,0.180071773364565,6,0.00649417487214489,17.6190443552015,0.917240010547139
"Astro-4","HACD3",0.0520441337845984,0.0648646517876672,0.422350701714459,-0.0750882475889609,0.179176515158158,6,0.0031205285115344,11.7390139878705,0.762615517900298
"Astro-4","ZYG11B",0.00143813669606474,0.0658805089439342,0.982583984883067,-0.127685288117215,0.130561561509345,6,0,0,0.997792489645061
"Astro-4","FXR1",0.0688672758969703,0.0633678636544842,0.27713161381138,-0.0553314546430634,0.193066006437004,6,1.44078376666161e-06,0.00500416118670521,0.648555319470209
"Astro-4","PCNX1",0.0695268941477851,0.0452234466662356,0.124193399020519,-0.0191094325748045,0.158163220870375,6,0,0,0.450734582251186
"Astro-4","FNDC3A",0.0668884577085253,0.0529250281591159,0.206289562872241,-0.03684269136411,0.170619606781161,6,4.96296315242632e-07,0.00249276276601872,0.562515533212113
"Astro-4","LUZP1",-0.0178430658433755,0.0586481025634339,0.76094547978335,-0.132791234629317,0.0971051029425661,6,0,0,0.930583523904531
"Astro-4","GLO1",0.0160568774479621,0.0907102351326519,0.859498294369462,-0.161731916441195,0.19384567133712,5,0,0,0.964177384236188
"Astro-4","SORCS3",0.268939537330329,0.172124261189578,0.118176565290712,-0.0684178154668097,0.606296890127468,5,0.0484486228794505,34.3580151423492,0.442225348330014
"Astro-4","C2CD2",0.202529432422235,0.0985588984544063,0.0398879273808205,0.00935754109565839,0.395701323748812,6,0.0135208476832979,24.1520165863293,0.257442558922745
"Astro-4","SYNM",0.0461536413218727,0.105764230530646,0.662559357255955,-0.161140441370785,0.25344772401453,6,1.10239717971247e-06,0.00144766835313334,0.889842018566866
"Astro-4","HK1",0.144506504684618,0.0695332863216596,0.0376877260222169,0.00822376776745345,0.280789241601782,6,4.74208894402751e-06,0.0135176616226152,0.250731253999207
"Astro-4","XAF1",0.0721791651255023,0.126589059497498,0.568552323880683,-0.175930832326391,0.320289162577395,5,4.17689051484084e-06,0.00443393114169943,0.843676875377731
"Astro-4","PTK2B",0.0653161706463344,0.105477793631351,0.535757629214019,-0.141416506039861,0.27204884733253,5,0.0185558308487346,36.061131530972,0.825707723128377
"Astro-4","BTBD8",-0.0332407337527059,0.0633435100801157,0.599743528277906,-0.157391732164083,0.0909102646586708,6,0.000723261632347709,2.59376384689465,0.857539044883227
"Astro-4","MASP1",0.158679319277205,0.141601874596399,0.262457387291378,-0.118855255075094,0.436213893629505,5,0.0231190939699632,23.3360010512614,0.630796994030026
"Astro-4","RIPK2",-0.291103635026954,0.184204709903356,0.114032051322217,-0.652138232220181,0.0699309621662732,5,0.0777303236914977,48.3665920611217,0.435250219651955
"Astro-4","ACSBG1",-0.261315026057895,0.0842722723448121,0.00192971038003683,-0.426485644749078,-0.0961444073667126,6,0,0,0.0462284127007068
"Astro-4","NDFIP2",-0.0306128554033727,0.0814364225503187,0.70698298610682,-0.190225310631783,0.128999599825037,5,0,0,0.909668096611414
"Astro-4","ZFP90",0.118683583661077,0.0785303527157256,0.13070988847751,-0.0352330793549725,0.272600246677126,6,0,0,0.461199877819225
"Astro-4","STAT2",0.0706406129414206,0.0786693328418389,0.369215693206639,-0.0835484461163776,0.224829671999219,6,0,0,0.721605926539591
"Astro-4","ENTPD6",0.0559395112938761,0.0847440875096304,0.509190119618919,-0.11015584812771,0.222034870715462,5,7.17309012450356e-06,0.0172655906386849,0.814883221025062
"Astro-4","COX7A2L",-0.0369830028121984,0.0897177053484359,0.680181689276341,-0.212826474070709,0.138860468446313,5,0,0,0.898338751178492
"Astro-4","RALGAPB",0.0328350985316239,0.0731284260792913,0.653427363383737,-0.110493982829887,0.176164179893134,6,0.00650217855341812,20.866998643437,0.884548954399112
"Astro-4","ZFYVE21",0.0581856332005679,0.103044462539383,0.572301434978041,-0.143777802182909,0.260149068584045,5,0.00193330273382964,3.28225231712717,0.843676875377731
"Astro-4","PPWD1",0.0146642028255419,0.0822289677881885,0.858460849723257,-0.146501612525212,0.175830018176296,6,0,0,0.963854303288347
"Astro-4","DOK6",-0.0270804303897329,0.142115593697557,0.848876490391813,-0.305621875678473,0.251461014899007,5,0.0285686471939302,29.3585145610085,0.960348672435808
"Astro-4","TNC",-0.176207743543885,0.241659149286699,0.465904914099583,-0.649850972680403,0.297435485592633,6,0.188638838752689,60.5506321987257,0.790294387136777
"Astro-4","RYR2",-0.0276127718221392,0.0996267528332118,0.78165554895931,-0.222877619271908,0.16765207562763,5,3.86423862417987e-07,0.000687689904835068,0.937703962606381
"Astro-4","UNC5D",-0.285883114539026,0.0894799635578127,0.00139859914721592,-0.461260620450296,-0.110505608627757,6,0,0,0.0404187753549914
"Astro-4","SLC12A2",-0.0408719955366006,0.077409320701098,0.597500463839236,-0.192591476178464,0.110847485105262,5,0,0,0.856574155771629
"Astro-4","CUL2",-0.0310318873229559,0.0770302624867433,0.687056225621091,-0.18200842751664,0.119944652870728,5,0,0,0.90195707093795
"Astro-4","RAB22A",-0.0296804959779516,0.080542631760178,0.712495482272486,-0.187541153447972,0.128180161492069,6,0,0,0.910966836182659
"Astro-4","RNF8",0.113001100477348,0.0886659018382635,0.202500618864779,-0.060780873782412,0.286783074737109,6,0,0,0.557867449061097
"Astro-4","RTF1",-0.0805082452555573,0.0775647370345071,0.299293775195149,-0.232532336313511,0.0715158458023968,6,0.00393726986232601,10.2157872007291,0.667738225551382
"Astro-4","GRM8",-0.1569661603181,0.147068247451793,0.285835713402755,-0.44521462859304,0.131282307956839,5,0.0309268494804227,29.5190461523694,0.655435116470986
"Astro-4","MAP3K13",0.0622303287096429,0.0593998270988091,0.294799117155672,-0.0541911930919291,0.178651850511215,6,2.74886609259594e-06,0.0109209232362514,0.664646740528594
"Astro-4","ANKRD24",-0.0395345172218114,0.0918104659390217,0.666751869931142,-0.219479723866135,0.140410689422512,5,0,0,0.89259772391272
"Astro-4","UIMC1",0.00457763656738821,0.0657344147480342,0.944481507457966,-0.124259448883577,0.133414722018354,6,0,0,0.98916607490031
"Astro-4","PGK1",0.172342580459946,0.150782175204377,0.253042572208078,-0.123185052451242,0.467870213371134,5,0.0490609322371527,48.2047238159085,0.619602740809991
"Astro-4","CHSY1",0.119275030141758,0.0942384626550995,0.205630359605703,-0.0654289626206596,0.303979022904176,6,0,0,0.561962556469853
"Astro-4","KCTD13",0.00758224884329941,0.0823944576661128,0.926679151852485,-0.153907920707992,0.169072418394591,6,1.15672135356325e-08,2.45728495061207e-05,0.984923434017955
"Astro-4","CPSF6",0.00785009650623835,0.0593515512504305,0.894775175410075,-0.108476806371189,0.124176999383665,6,0,0,0.974556705351282
"Astro-4","ENDOD1",0.0406034172384946,0.119069938245299,0.733099988692289,-0.192769373363699,0.273976207840688,6,0.0188742577863344,22.8022863077055,0.917049798221225
"Astro-4","NDRG4",-0.123584392379246,0.0689276441029636,0.0729795902682632,-0.258680092360249,0.0115113076017572,6,0,0,0.342807731979009
"Astro-4","CDKAL1",0.0517828632428114,0.0439296607873152,0.238490707165316,-0.0343176897533879,0.137883416239011,6,2.12135776447329e-06,0.0155102470331984,0.603631252334085
"Astro-4","PARG",0.103246494630615,0.0702138262323288,0.141437706007166,-0.034370076001503,0.240863065262733,6,0,0,0.479536157797109
"Astro-4","SLC20A1",-0.130753916632905,0.0904525083566903,0.148302549632623,-0.308037575323327,0.0465297420575159,6,0,0,0.487987769118619
"Astro-4","NARF",-0.0691754965099294,0.107239238907225,0.518889796282881,-0.279360542497577,0.141009549477718,6,0.0098841070246552,13.9440834759493,0.818822871362835
"Astro-4","SIRT5",0.00856465350702898,0.0811522074942568,0.915948803010648,-0.150490750447636,0.167620057461694,5,0,0,0.979754911411989
"Astro-4","UBXN2B",-0.0138348903863524,0.0881075339457559,0.875226890777064,-0.186522483686674,0.158852702913969,6,0.00346198973557907,6.67842601876316,0.966536449135528
"Astro-4","YWHAZ",-0.0891667424215825,0.0751578994626251,0.235467467768252,-0.23647351852201,0.0581400336788449,6,3.2473230318763e-06,0.00812172127539822,0.599305685613613
"Astro-4","CCDC30",-0.00313762552824206,0.082569710536342,0.969687908680921,-0.16497128439337,0.158696033336886,6,0.00413602289777284,9.30365732232926,0.994460940404121
"Astro-4","FBXL4",-0.033982924745859,0.0706741796228398,0.6306306994222,-0.17250177144354,0.104535921951822,5,0.0015282873359023,5.47138056311538,0.876464346118081
"Astro-4","ZNF117",0.026374122786423,0.0883806781943543,0.765386418635907,-0.146848823403736,0.199597068976582,6,0,0,0.930620130263641
"Astro-4","DTWD2",-0.188043823354777,0.0800162966553784,0.0187699280295159,-0.344872882975592,-0.0312147637339627,6,0,0,0.172304784701203
"Astro-4","UBR4",-0.0533629102279074,0.0524648876777049,0.309097945684444,-0.156192200529148,0.0494663800733335,6,0,0,0.676941852176596
"Astro-4","TTPA",-0.0264969284583151,0.0943090517587113,0.778742240659203,-0.211339273321513,0.158345416404883,5,8.67167563855911e-08,0.000173172105242235,0.936451190547503
"Astro-4","AP1B1",0.0328024654242989,0.0748486619269799,0.661204685950331,-0.113898216243596,0.179503147092194,6,1.73489610029228e-06,0.00433971890679834,0.889532018389337
"Astro-4","SCARB2",0.0779783107061888,0.0789881473023542,0.323537083117201,-0.0768356132119699,0.232792234624348,6,0.00992914335938311,29.1173526982614,0.68620468701853
"Astro-4","PLEKHM2",0.0150783883217226,0.0750517245393441,0.840771591043262,-0.132020288753013,0.162177065396458,5,0,0,0.959326181382556
"Astro-4","GLRB",-0.0116458253575549,0.0993856032617907,0.90671884766372,-0.206438028332451,0.183146377617341,5,0,0,0.976392362208728
"Astro-4","TSPAN3",0.0453447194985299,0.0690785089107015,0.511552019610474,-0.0900466700721743,0.180736109069234,6,0,0,0.815080843381683
"Astro-4","TARBP1",0.00362175702304288,0.0666714335464537,0.956678246622754,-0.127051851525662,0.134295365571748,6,4.76038661089347e-06,0.0147373737953734,0.992097319736753
"Astro-4","ZBTB4",0.0275001864878962,0.0716882541954939,0.70126902344286,-0.113006209849824,0.168006582825617,6,0.00264539845009337,7.87226073697305,0.906866052837415
"Astro-4","MFSD11",-0.084427215205848,0.0772430628206156,0.274390687441963,-0.235820836389819,0.0669664059781234,6,0,0,0.646369499750412
"Astro-4","CNIH3",0.00096393679454471,0.0662838155683637,0.988397119706393,-0.128949954477343,0.130877828066433,6,0,0,0.998058308461131
"Astro-4","TBC1D9B",3.17587430763601e-05,0.0867936735019343,0.999708045423321,-0.170080715406643,0.170144232892796,6,0,0,0.999708045423321
"Astro-4","NDRG3",0.00579646153566841,0.0987793327348504,0.953206261507077,-0.187807473041537,0.199400396112874,6,0.0116591560234826,20.275245856052,0.990940949638495
"Astro-4","ACP6",-0.00837565524234703,0.0727935582731081,0.908397255115943,-0.151048407764157,0.134297097279463,5,3.75963553236038e-07,0.00124471061837339,0.976705867606945
"Astro-4","SLITRK2",-0.0708802422677438,0.0882878845007747,0.422072476348057,-0.243921316160494,0.102160831625007,6,0,0,0.762615517900298
"Astro-4","KIF3C",0.00376262729207749,0.0842409393448698,0.964374277519386,-0.161346579847691,0.168871834431846,5,3.80353011786512e-06,0.00878165738243418,0.994460940404121
"Astro-4","PRRC2A",-0.041022238549845,0.0851176134342576,0.629843095294651,-0.207849695330993,0.125805218231302,6,0,0,0.875815424261553
"Astro-4","PANK2",0.0149374700152516,0.0667682565156553,0.822974300728043,-0.115925908065965,0.145800848096468,5,7.48448084232643e-07,0.00288266345771691,0.95255046208446
"Astro-4","ST6GAL1",0.229298989168909,0.110782120518417,0.0384692540781133,0.0121700228218364,0.446427955515981,6,8.79875855953176e-08,0.000105120264029944,0.252850861341342
"Astro-4","PTPN1",0.0418973122783642,0.0743393029429744,0.573029306585026,-0.103805044125678,0.187599668682406,6,0,0,0.843676875377731
"Astro-4","IPO5",0.0148858432985783,0.0774282424426975,0.84754371444793,-0.136870723275344,0.166642409872501,5,0,0,0.960204024047555
"Astro-4","KATNAL1",-0.0307646158713354,0.0754447434872407,0.683437549675602,-0.17863359592919,0.117104364186519,6,2.79381253128617e-06,0.00693443754408171,0.899156346844844
"Astro-4","ELMOD3",0.0169011075072816,0.0677727257647543,0.803067480135219,-0.115930994125747,0.14973320914031,6,6.11970742813302e-06,0.0186278152597666,0.944743740332831
"Astro-4","ZNF718",0.0372451819512616,0.0679224570658499,0.583452585708124,-0.0958803876392723,0.170370751541795,6,0,0,0.849818139503406
"Astro-4","RAP2C-AS1",-0.000890436145830039,0.0949908838309657,0.992520810210057,-0.187069147314151,0.185288275022491,6,0,0,0.998372512258354
"Astro-4","BCL7C",-0.0734977887350304,0.0828827127734236,0.375203486077408,-0.235944920711919,0.0889493432418578,5,0.00151071765998531,3.91671038980393,0.725767956525292
"Astro-4","WIPI2",-0.0189331808882867,0.0808427627788593,0.814831579405323,-0.177382084345566,0.139515722568993,5,0,0,0.949633819369613
"Astro-4","TET3",0.00884762447184119,0.0804722325613682,0.912451960550122,-0.148875053103972,0.166570302047654,6,1.61896558827566e-06,0.0035351042855549,0.978237578761448
"Astro-4","UROS",0.0424679414642502,0.0838580605931223,0.61255729748303,-0.121890837111647,0.206826720040147,5,0,0,0.866343493020674
"Astro-4","HMGCR",-0.814553305319743,0.512097736012721,0.111694942837764,-1.81824642446918,0.189139813829691,5,1.14472567383922,93.5012372690331,0.43145528838746
"Astro-4","GUK1",-0.1248356619698,0.094415017614534,0.1861011179464,-0.309885696094001,0.0602143721544013,5,0.00119267616584206,2.42816189383537,0.533937401990279
"Astro-4","ZNF423",-0.0249231494662411,0.0681823462622815,0.7147108208691,-0.158558092521752,0.10871179358927,6,0,0,0.911209718517162
"Astro-4","PLXDC2",0.0388663059713076,0.0600195184777516,0.517268857925215,-0.0787697886145218,0.156502400557137,6,0,0,0.817706026727802
"Astro-4","RAB31",0.0478788457395177,0.0731914515426476,0.513009382127538,-0.0955737632602802,0.191331454739316,6,5.5564955947646e-06,0.0151127792620163,0.815414294354568
"Astro-4","AAGAB",-0.00325862011375197,0.0745972414501181,0.965157209829816,-0.149466526702022,0.142949286474518,5,0,0,0.994460940404121
"Astro-4","ZNF804B",0.0428520822093238,0.218135729658303,0.844260410754675,-0.384686091662316,0.470390256080963,5,0.129200019050967,58.3067901721104,0.960050601108412
"Astro-4","GRK3",-0.102255923458,0.113491010754557,0.367585870587561,-0.32469421710598,0.12018237018998,6,0.0261624221211425,37.4501232061517,0.720336522314133
"Astro-4","RAB4A",0.0121269652492358,0.0760064176713161,0.873234103841059,-0.136842875980453,0.161096806478924,6,0,0,0.966122228913145
"Astro-4","RPRD1B",0.056003892793259,0.071856667984254,0.435753910982008,-0.0848325885049311,0.196840374091449,6,0,0,0.771058067058848
"Astro-4","PIGL",0.0203879516629589,0.0689285893109932,0.767395288668517,-0.11470960089174,0.155485504217658,6,0,0,0.930620130263641
"Astro-4","ZNF704",-0.114584646282383,0.0715270770792222,0.109160961753781,-0.254775141277079,0.0256058487123131,6,1.07867787256165e-06,0.00306805819190503,0.424979982501836
"Astro-4","BTBD1",0.109054985477016,0.0934196548317871,0.243062350589919,-0.0740441734414502,0.292154144395482,5,0.0111554662520467,26.2637794452152,0.608993834367953
"Astro-4","IQCH",-0.0833779035214136,0.0780724946660295,0.28554085447894,-0.236397181250027,0.0696413742071997,6,0,0,0.655435116470986
"Astro-4","KMT2A",-0.0554339934887362,0.0524587564711527,0.290641340794337,-0.158251266845953,0.0473832798684805,6,0,0,0.661322387174855
"Astro-4","SPTLC2",0.00315006316468352,0.0789441517248022,0.968170917054072,-0.151577631005994,0.157877757335361,5,5.80032130138215e-06,0.0159854236598247,0.994460940404121
"Astro-4","ZSWIM6",-0.110233892787107,0.0774940260369629,0.154886239874711,-0.262119392836563,0.0416516072623498,6,0.0115035400222214,34.9664251508785,0.497647147105025
"Astro-4","GOLGA2",0.0709099905519361,0.0970726104202502,0.465094378197521,-0.119348829757042,0.261168810860914,6,0.0124018259450021,22.7423159389646,0.789417493385599
"Astro-4","KCTD15",-0.116457684954826,0.136736288068184,0.394383103775395,-0.384455884948161,0.151540515038508,6,0.0416914860748916,43.1127415892957,0.741777036095456
"Astro-4","BLCAP",-0.0239992452534378,0.0734102501363905,0.743728741152525,-0.16788069161684,0.119882201109964,5,0,0,0.922699449411771
"Astro-4","PTOV1",-0.0440035807548819,0.0812010473051179,0.587881175985424,-0.203154708979846,0.115147547470082,5,0,0,0.852496738501385
"Astro-4","ARL3",-0.0251160113413086,0.0639787820511362,0.694638707196576,-0.150512119936273,0.100280097253656,6,2.94550016428307e-06,0.0100043989321244,0.904987288171934
"Astro-4","TTC13",-0.0555400138422803,0.0752262322713391,0.460328236984379,-0.20298071978675,0.0919006921021892,6,0,0,0.786025311529902
"Astro-4","SALL3",0.0441694151760507,0.087662110512862,0.614359887879941,-0.127645164237929,0.21598399459003,5,3.40561807755259e-06,0.00736131212433346,0.867312925200371
"Astro-4","CLK1",-0.0679270662304881,0.0626784321105399,0.278480503776082,-0.190774535774585,0.054920403313609,6,0,0,0.648555319470209
"Astro-4","DCP1B",0.131822229266694,0.144563073704101,0.361838979378029,-0.151516188687753,0.415160647221142,6,0.0582139569540063,55.5314756519608,0.716076384543473
"Astro-4","ZNF483",0.127865140086551,0.0655576227383396,0.0511256411964987,-0.000625439392658966,0.25635571956576,6,0,0,0.291570180932342
"Astro-4","CLCN3",-0.0377904189843832,0.0645310180645444,0.558133361453322,-0.164268890276594,0.0886880523078275,6,0,0,0.839198654233634
"Astro-4","SERINC1",0.0255033232442681,0.066466252081081,0.70119833320315,-0.104768137022011,0.155774783510547,5,6.01040212116893e-06,0.0237549737906462,0.906866052837415
"Astro-4","NUS1",0.110506940671621,0.102521944809011,0.28108475726339,-0.0904323787790432,0.311446260122285,6,0.0134247682649252,21.8650711726647,0.650880038627665
"Astro-4","PEX14",-0.0284927351225649,0.0663196157307881,0.667466581083374,-0.158476793423446,0.101491323178316,6,0,0,0.892811535300033
"Astro-4","RALY",0.00194607255529385,0.0814941811730407,0.980948410532159,-0.157779587493448,0.161671732604036,6,0,0,0.997239001061545
"Astro-4","LINGO2",0.0141780372897623,0.124960388884836,0.909665673361725,-0.230739824418635,0.25909589899816,5,0.0142443808165204,18.0258071621911,0.977109248382051
"Astro-4","AMN1",-0.0422424635397413,0.0779657131703138,0.587950634602469,-0.195052453382536,0.110567526303054,6,0,0,0.852496738501385
"Astro-4","ABCC5",0.0128570122655785,0.0661232987194312,0.845831395000442,-0.11674227176349,0.142456296294647,6,3.48312440752124e-06,0.0112850609742742,0.960050601108412
"Astro-4","TOLLIP",-0.0477589013791002,0.110261559283867,0.664911683988533,-0.263867586454707,0.168349783696506,5,0.012445228374581,20.3554809820085,0.891957083093553
"Astro-4","SOX6",-0.112181605464223,0.0492427976660823,0.0227186992894527,-0.208695715387738,-0.0156674955407087,6,9.8412578103323e-09,5.87267817371687e-05,0.190572539115935
"Astro-4","YWHAQ",-0.142436045507417,0.099977210876231,0.154248239890545,-0.338387778099596,0.0535156870847624,6,0.0165812393645774,30.0918107449365,0.497392006897121
"Astro-4","GK5",0.0151447170480149,0.0752755382712764,0.840549683243278,-0.132392626880553,0.162682060976583,5,2.68019616108438e-06,0.00823423501764059,0.959273374399244
"Astro-4","SUPT5H",-0.0734328721481387,0.0676485229765949,0.27769764328148,-0.206021540789595,0.0591557964933176,6,0,0,0.648555319470209
"Astro-4","ZNF507",0.0997588872926561,0.0716357175341516,0.163745061408132,-0.0406445390809655,0.240162313666278,6,0,0,0.508790976765305
"Astro-4","MMS19",0.0347844631237969,0.0659241389957016,0.597746587625708,-0.0944244750195907,0.163993401267185,6,0,0,0.856702141593182
"Astro-4","EIF2S2",0.00743401842408582,0.0950785428196053,0.937678362520178,-0.17891650120489,0.193784538053062,5,0,0,0.988168649788257
"Astro-4","NAP1L4",-0.0156306332604661,0.0566268055969962,0.782525890896432,-0.12661713279013,0.0953558662691976,6,0.00113511706789469,5.16351495688204,0.938005579647189
"Astro-4","JPX",-0.0207166644772848,0.0446566024136688,0.642711906245232,-0.10824199688,0.0668086679254305,6,0,0,0.880794449479828
"Astro-4","FOS",-0.244365217814465,0.340915994538301,0.473503606755055,-0.91254828886319,0.42381785323426,5,0.342179243351979,63.6260276434999,0.793291001085731
"Astro-4","DSTYK",0.0584891014434064,0.0719753546660554,0.416432066783543,-0.082580001476559,0.199558204363372,5,0,0,0.759967062726827
"Astro-4","NISCH",0.0287175883738615,0.0651043767408155,0.659140072077188,-0.098884645274064,0.156319822021787,6,0,0,0.887628962940237
"Astro-4","RPGR",-0.073630400076213,0.09024207623975,0.414545352275729,-0.250501619396241,0.103240819243815,6,3.60311675488261e-07,0.000636382019683779,0.758033717485782
"Astro-4","EXTL3",0.0685968908731935,0.0862933877266166,0.426656324306181,-0.100535041174926,0.237728822921313,5,0,0,0.765252331542447
"Astro-4","C9orf85",0.0280526849535849,0.0755550420040936,0.71042299029749,-0.12003247622485,0.176137846132019,6,0,0,0.910563300354376
"Astro-4","PHKA1",-0.039215321189726,0.0844787322051688,0.642501970604438,-0.204790593771461,0.126359951392009,6,0,0,0.880794449479828
"Astro-4","EXOC3",-0.0792340269529699,0.0818480658023805,0.333013255889528,-0.2396532881299,0.0811852342239604,6,2.72661950088537e-07,0.000582727187637986,0.692657427139604
"Astro-4","RPS14",-0.151601433909883,0.0958342681702488,0.113669529883852,-0.339433148008324,0.0362302801885582,6,0,0,0.435215378802324
"Astro-4","AP3S1",0.082392229176471,0.0747164084323274,0.270143248031029,-0.0640492404050755,0.228833698758018,5,0,0,0.640139878848364
"Astro-4","HEATR5A",-0.0651433103862963,0.0754472577716554,0.387901931532873,-0.213017218351051,0.0827305975784579,6,4.71176892561921e-06,0.0106709378474947,0.735486254132296
"Astro-4","ASAH1",-0.0191593142871016,0.0758186700881838,0.800500696601581,-0.167761177015666,0.129442548441463,6,2.27291279548401e-06,0.00493606633792276,0.94394102004271
"Astro-4","PDXDC1",0.000872108515892952,0.0797098232169413,0.991270485750008,-0.155356274203367,0.157100491235153,6,0.00495658825934039,12.410904353967,0.998372512258354
"Astro-4","SEMA3B",-0.508995301629228,0.209673035292683,0.0152004868551399,-0.919946899332082,-0.0980437039263744,6,0.161829495153275,73.6943260260984,0.15301804999361
"Astro-4","TTC1",-0.00916970207364593,0.0786427735141718,0.907177494393674,-0.163306705805763,0.144967301658471,5,1.9854173587055e-06,0.00548271299529617,0.976392362208728
"Astro-4","WASF3",-0.154645482222874,0.0571533678075047,0.00681404306290045,-0.266664024720754,-0.0426269397249943,6,0,0,0.0976858351957015
"Astro-4","PTAR1",-0.0207862637606349,0.0859527265157783,0.808909044075394,-0.189250512104581,0.147677984583311,6,0.011577414114091,28.0416919638734,0.946585322007947
"Astro-4","PPP1R1B",-0.135255406471462,0.173632438112293,0.435994177014815,-0.475568731719435,0.205057918776512,5,0.0654307671890415,48.9769490901862,0.771058067058848
"Astro-4","ZNF273",-0.193060333788803,0.0920535053058702,0.0359703742005274,-0.373481888838975,-0.0126387787386306,6,8.05265116077586e-06,0.0139019030336683,0.245641301703438
"Astro-4","ARFGAP2",0.0694517069930108,0.0732571550876233,0.343102186183029,-0.074129678588596,0.213033092574618,5,0,0,0.700405112321174
"Astro-4","PARP8",0.229126995771929,0.117859103791761,0.0518863475965242,-0.00187260291009164,0.460126594453949,5,0.0161659678492057,23.4041746428712,0.292511007795269
"Astro-4","PIK3C2A",-0.131648139724755,0.0579666510615853,0.0231408430442474,-0.245260688109862,-0.0180355913396471,6,5.27873393889116e-06,0.0220815626905018,0.192090098339938
"Astro-4","RIC1",-0.00893259667308719,0.056845289186452,0.875135512883826,-0.120347316169297,0.102482122823123,6,1.54470696059841e-06,0.00673915201638651,0.966536449135528
"Astro-4","ZBTB7C",0.139305163251442,0.0786000404550728,0.0763398921446685,-0.0147480852238916,0.293358411726776,6,0.00114415070308568,2.70091968862081,0.352467025269805
"Astro-4","LCLAT1",-0.053696911144081,0.0852273191880613,0.528666180342489,-0.220739387251581,0.113345564963419,6,4.34177013414878e-06,0.00854643445208375,0.82289143036691
"Astro-4","AHCYL2",-0.183719468408687,0.093540135121127,0.0495218566576917,-0.367054764355106,-0.000384172462267462,6,0.0229134039540331,48.4466409997487,0.286838155953671
"Astro-4","ZER1",-0.0246087042680486,0.0739927691071095,0.739449412841531,-0.169631866834371,0.120414458298274,6,0,0,0.920016558756365
"Astro-4","ANKLE2",0.0429324631656998,0.0831651579470006,0.605692825123446,-0.120068251179006,0.205933177510406,5,9.20243199339857e-07,0.0022691326578309,0.860638452347623
"Astro-4","CASP8AP2",0.00739262147385854,0.0793776056129371,0.925798432285332,-0.148184626706522,0.16296986965424,6,0,0,0.984562117823693
"Astro-4","IFT81",0.0132514657456055,0.0835735417651156,0.874015121485711,-0.150549666174475,0.177052597665686,6,0,0,0.966370565496954
"Astro-4","VIM",0.207619485393764,0.401614937478868,0.6051829915198,-0.579531327718123,0.994770298505651,6,0.761503571314378,87.9859784852664,0.860638452347623
"Astro-4","TMEM65",0.0322235307064158,0.0916819800791131,0.72523524200683,-0.147469848279965,0.211916909692796,5,2.71484993331459e-06,0.00556386839891152,0.916316190571664
"Astro-4","FAXDC2",-0.222765910002828,0.156366936028161,0.154262552120784,-0.529239472990902,0.083707652985247,6,0.0663370656188882,55.2336012999644,0.497392006897121
"Astro-4","TRAPPC11",0.0587312008603307,0.0710587756462892,0.408511558563287,-0.0805414401919081,0.198003841912569,5,2.13727467248389e-06,0.00741902311539776,0.753652801939768
"Astro-4","TOB2",-0.0688236394253658,0.0848629343575489,0.417367026454615,-0.235151934388548,0.0975046555378167,6,2.78729406511625e-07,0.000557264353901766,0.760646879711414
"Astro-4","LARP1B",0.0232313203339301,0.0756876680490664,0.758891581348494,-0.125113783116063,0.171576423783923,6,0.00841893204033165,25.8349181415448,0.93055803678421
"Astro-4","RAB21",0.0650310336996489,0.0838258513274689,0.437874563887291,-0.0992646158755992,0.229326683274897,6,0,0,0.772015558799253
"Astro-4","SPAST",0.0870879323278531,0.093937604713514,0.353883574886317,-0.0970263897045943,0.271202254360301,6,0.0157114986773014,32.6549658092147,0.710629443393038
"Astro-4","S100PBP",-0.0169890685236303,0.068046957576307,0.8028450079921,-0.150358654630717,0.116380517583456,6,0,0,0.944743740332831
"Astro-4","BRINP3",-0.0865127494588558,0.0698971524085538,0.215821779323961,-0.223508650801528,0.0504831518838167,6,0,0,0.574193160578409
"Astro-4","PCSK1N",-0.0479525384410293,0.103768648302399,0.644002381485165,-0.251335351838135,0.155430274956077,5,5.57944108888929e-06,0.00954534458847021,0.880794449479828
"Astro-4","CCPG1",0.0925892453297014,0.0827105593319132,0.262953831317489,-0.0695204721020118,0.254698962761415,5,0,0,0.631042981834852
"Astro-4","EIF2B3",-0.055761287793331,0.0757402831102599,0.461598617729681,-0.204209514868308,0.0926869392816457,6,0,0,0.787070201569549
"Astro-4","RNF11",-0.0900253706498403,0.0789499315334013,0.254167859437727,-0.24476439303721,0.0647136517375293,5,6.61016664645913e-06,0.0179095041962413,0.620869789020065
"Astro-4","AGK",-0.0409007606665758,0.0742169969268633,0.581567215920209,-0.186363401683948,0.104561880350796,5,4.10295594331403e-06,0.0129446273146446,0.848877826274646
"Astro-4","CMC1",-0.0106413258796326,0.0781669839904158,0.891713916743603,-0.163845799280967,0.142563147521701,5,6.5348363020803e-07,0.00186125024166135,0.973135147503209
"Astro-4","ESF1",0.0766420257337321,0.0836757812386981,0.359698173241294,-0.0873594918723685,0.240643543339833,6,0,0,0.714468486987335
"Astro-4","MAPK1",0.0139868715615086,0.0471469152816048,0.766721763367298,-0.0784193843725978,0.106393127495615,6,0,0,0.930620130263641
"Astro-4","VAV2",0.143148865208721,0.0928957522084754,0.12332592702108,-0.0389234634366476,0.32522119385409,6,0,0,0.450657716133738
"Astro-4","EFHD1",0.0630572038494461,0.0791021748061268,0.425357275400187,-0.0919802098693542,0.218094617568246,5,0,0,0.764122119205461
"Astro-4","NQO2",0.0370579125058185,0.0886828965807391,0.67604224594965,-0.13675737083712,0.210873195848757,6,0,0,0.896683522918161
"Astro-4","HDAC7",0.184154810353449,0.10699694665751,0.0852286683662884,-0.0255553515510238,0.393864972257922,6,0,0,0.37568555247688
"Astro-4","SF3B2",0.131968258999365,0.0818561144933511,0.10691887384791,-0.0284667773219901,0.29240329532072,5,0.00118613763267533,3.12262997148708,0.420742715387093
"Astro-4","COL4A5",0.0558333056616349,0.0578470800649693,0.334450672342417,-0.0575448878765098,0.16921149919978,6,0,0,0.694239978299525
"Astro-4","RPN2",0.18697557905386,0.104445280384892,0.0734253992594575,-0.0177334088557162,0.391684566963435,5,0.01805827001101,35.6824744088918,0.343093976107596
"Astro-4","SNRNP200",0.0680741035391457,0.0815491878368637,0.403852136882201,-0.0917593675895989,0.22790757466789,6,0,0,0.749775789140238
"Astro-4","HSD17B14",-0.0960443910709574,0.0888598094397301,0.279762510976706,-0.270206417245921,0.0781176351040059,6,1.87322367782919e-06,0.00332014667941394,0.649686579487571
"Astro-4","ARFGEF2",0.0279131181294783,0.0548755436686711,0.610988979332335,-0.079640971093172,0.135467207352129,6,2.10655967755212e-06,0.00971073680949453,0.864789273157091
"Astro-4","HEPN1",-0.111479669662625,0.114201788892966,0.328983223400914,-0.335311062862884,0.112351723537634,5,0.00284493130192319,3.97379093849655,0.689791311407215
"Astro-4","ATP8B2",0.0417646210596431,0.0778535414895924,0.591646795737145,-0.110825516328853,0.194354758448139,5,0,0,0.853235075531662
"Astro-4","CCDC149",-0.0812804268165624,0.0756361036724378,0.282542779285531,-0.229524465945478,0.0669636123123534,5,6.74104151016996e-06,0.0196997251823432,0.652912944602601
"Astro-4","DCUN1D5",0.0664416721005036,0.0702390933708519,0.344181338718598,-0.0712244212131122,0.204107765414119,6,0,0,0.701723953744302
"Astro-4","SUPT16H",0.0250896783733526,0.0819944854841308,0.759610534742167,-0.135616560106436,0.185795916853141,5,0,0,0.93055803678421
"Astro-4","TCTN1",-0.0253095453780724,0.0676034468097363,0.708119783368208,-0.157809866355925,0.10719077559978,6,0.00121386518841253,3.89807713610518,0.910058883942859
"Astro-4","SYT9",-0.0458188284764692,0.0680944657753983,0.501029015630688,-0.179281528942745,0.0876438719898068,5,0,0,0.810600441702961
"Astro-4","KLHL42",-0.0705888901499448,0.07994045243734,0.377226331857217,-0.227269297834968,0.0860915175350788,5,8.01444800992636e-07,0.00222362643618858,0.726684855584776
"Astro-4","FHL1",-0.0600368551977003,0.085971427110963,0.484967725591485,-0.228537756034698,0.108464045639298,5,3.73279090894159e-06,0.00868231534576943,0.800028304796342
"Astro-4","MAPK6",0.00318707872778226,0.0582274519972109,0.956349596908363,-0.110936630098286,0.117310787553851,6,0,0,0.992020706784144
"Astro-4","ETV1",-0.0357911321668845,0.0951018701233077,0.706660281594934,-0.222187372470973,0.150605108137204,5,0,0,0.909549656068508
"Astro-4","LIPA",0.00515302351227999,0.0784149779731058,0.947604900175815,-0.148537509163509,0.158843556188069,5,0,0,0.989693676693763
"Astro-4","LINC01572",-0.0541520969788435,0.102131516341753,0.595959919156196,-0.254326190695143,0.146021996737456,6,0,0,0.855500266796654
"Astro-4","RYK",0.0744214031263662,0.0631992024747154,0.238968591509256,-0.0494467575757307,0.198289563828463,6,2.06268143865994e-07,0.00071902199284213,0.603636461130245
"Astro-4","LGI4",0.0299648218215615,0.0745545153776871,0.687744176635669,-0.116159343203543,0.176088986846666,6,0,0,0.90212744783478
"Astro-4","NSMCE2",0.059523136192557,0.0469546070237744,0.204914380580948,-0.0325062024822722,0.151552474867386,6,0,0,0.561868647958404
"Astro-4","EEF1D",-0.0802087268716642,0.0707631936979319,0.257012367188891,-0.218902037950642,0.058484584207314,6,0,0,0.625197955326086
"Astro-4","CNTFR",0.0167302012286589,0.0937878762288442,0.858421876831564,-0.167090658366376,0.200551060823694,6,2.98672790205699e-06,0.00476575391654082,0.963854303288347
"Astro-4","CLASRP",-0.000901458502144769,0.0707352233533982,0.989831934954712,-0.139539948713202,0.137737031708912,5,0,0,0.998058308461131
"Astro-4","PIGU",0.027792420254195,0.0747968182695539,0.710211371319506,-0.118806649712318,0.174391490220708,6,0,0,0.910563300354376
"Astro-4","DNAJC10",-0.0135108555591326,0.0675931875907001,0.841570623131986,-0.145991068837165,0.118969357718899,5,3.77472318296747e-06,0.0143073616519651,0.959381359412702
"Astro-4","SLC25A43",-0.0405680173204176,0.0746144889838532,0.586646828679131,-0.186809728453631,0.105673693812795,5,0,0,0.851292502190599
"Astro-4","SKI",0.0353533296217837,0.0779959568141896,0.65035338824642,-0.117515936673769,0.188222595917337,6,2.38068777872012e-06,0.005524645954823,0.883296308593225
"Astro-4","POLR3A",0.0958053353563067,0.0877087387059831,0.274695849540854,-0.0761006336368543,0.267711304349468,5,0,0,0.646682197703827
"Astro-4","COMMD10",-0.0989048569450246,0.0497638149636298,0.0468686294538661,-0.196440142007055,-0.00136957188299473,6,0,0,0.279458675523594
"Astro-4","SERBP1",-0.0342382932107279,0.0822518267690484,0.677218444328492,-0.19544891134069,0.126972324919234,5,0,0,0.897045829212316
"Astro-4","EAF2",-0.120424051303678,0.138403987603122,0.384250725728613,-0.391690882322525,0.15084277971517,6,0.0384315947528023,36.4396627946276,0.733325459094927
"Astro-4","NAA50",-0.0418331107256106,0.0753343735723872,0.578690086350415,-0.189485769725375,0.105819548274154,6,1.38944224252922e-06,0.00351616861984235,0.847173747425882
"Astro-4","PDE1C",-0.101546798429928,0.110344900624757,0.357433118015367,-0.317818829532102,0.114725232672247,5,0,0,0.712961946232454
"Astro-4","DNASE1",0.10504882591753,0.072689626100146,0.148410299284074,-0.0374202232884388,0.247517875123499,6,0,0,0.488029533226737
"Astro-4","RNF180",-0.0206245670962928,0.0661401657637797,0.755168813172586,-0.15025690992481,0.109007775732224,6,0,0,0.929412360871713
"Astro-4","IDH1",-0.0605689608416576,0.0857947515529061,0.480203604008359,-0.228723583947915,0.1075856622646,6,0,0,0.796741216614113
"Astro-4","EEFSEC",-0.0777983623019297,0.0764495663422316,0.308847667782662,-0.227636758966409,0.0720400343625497,6,0,0,0.676665046702328
"Astro-4","HNRNPK",0.0517638337580906,0.0692498266011415,0.454765389491573,-0.0839633323157905,0.187490999831972,6,0,0,0.782241108163972
"Astro-4","SLC25A16",-0.0135053636900164,0.0792221810393197,0.864636967131782,-0.168777985303795,0.141767257923762,5,0,0,0.964767735772626
"Astro-4","IP6K2",-0.161912062418367,0.0927978452427189,0.0810227248820033,-0.343792496937017,0.0199683721002842,5,0.0086137413484235,19.8707183885055,0.365740597773142
"Astro-4","TTC23",0.0341804928957877,0.0738067294819117,0.643286897538552,-0.11047803870545,0.178839024497025,6,0,0,0.880794449479828
"Astro-4","GPR158",0.0769717780785107,0.12996268479994,0.553676093058496,-0.177750403463503,0.331693959620524,5,8.99090518631838e-06,0.00954896072157742,0.837934364571721
"Astro-4","CPNE1",-0.0919136714344186,0.0743773560456491,0.216542238867802,-0.237690610549203,0.0538632676803661,5,0,0,0.575269313568062
"Astro-4","TOR1AIP2",-0.0121698291196266,0.0735565227620221,0.868590845582898,-0.156337964561191,0.131998306321937,6,0,0,0.964767735772626
"Astro-4","DECR1",-0.0879843015227952,0.118630699207937,0.458290003692267,-0.320496199431157,0.144527596385566,5,0.0305843739936896,48.6868066032359,0.784941988136457
"Astro-4","SLC35E3",0.0874468879115866,0.0803777460171849,0.27661762541199,-0.0700905994406036,0.244984375263777,6,0,0,0.648170514800639
"Astro-4","LMO4",0.0403423925205294,0.11937378305303,0.735400725070549,-0.193625922961707,0.274310708002766,6,0.0310192158363443,42.2188360917373,0.9173121134897
"Astro-4","SMAP2",-0.0733062282075789,0.0880164912010648,0.404918478896548,-0.245815381007252,0.0992029245920946,5,0,0,0.750164234830629
"Astro-4","TTC39C",-0.0670816787920372,0.0802660931320237,0.403300527406276,-0.224400330510541,0.0902369729264669,6,0,0,0.749053295666307
"Astro-4","MFN1",0.0238466070407913,0.0636031889617236,0.707714124313793,-0.100813352626082,0.148506566707665,5,0,0,0.909751599670967
"Astro-4","TFRC",-0.823941407135043,0.502615919993243,0.101149499957052,-1.80905050837826,0.161167694108177,6,1.24081930320414,90.5202714522183,0.410095525298065
"Astro-4","ZNF75A",0.0030175476408314,0.0773218006074868,0.968869792923658,-0.14853039676963,0.154565492051293,6,0,0,0.994460940404121
"Astro-4","SLC22A15",0.125163902995627,0.0853887782597092,0.142699488132431,-0.0421950270772793,0.292522833068534,6,0,0,0.480829490548636
"Astro-4","NOL4",0.0396146704164935,0.0610043159388095,0.516096095809196,-0.0799515917250759,0.159180932558063,6,1.76457016219593e-06,0.00649949935309218,0.817314257845702
"Astro-4","RAB40C",-0.0286043851407067,0.0784166812377129,0.715279937114562,-0.182298256153782,0.125089485872368,6,0,0,0.911209718517162
"Astro-4","SCAMP5",-0.00943070202580062,0.0809113073424248,0.907211870781636,-0.168013950359004,0.149152546307403,5,0,0,0.976392362208728
"Astro-4","XRRA1",-0.0690793577669301,0.0832508285321,0.406666676981056,-0.232247983372965,0.0940892678391054,6,0,0,0.751934119725974
"Astro-4","SMARCA4",-0.0371667206730524,0.0656405316673209,0.571246940119653,-0.165819798667062,0.0914863573209574,6,0,0,0.843676875377731
"Astro-4","ZNF710",0.00461677341874352,0.0799160701547254,0.953931615047475,-0.152015845870495,0.161249392707982,6,0.00557598222785968,14.1549060569994,0.990940949638495
"Astro-4","MTURN",0.182390489825838,0.077910333564147,0.0192305810395562,0.0296890420166074,0.335091937635068,6,0,0,0.173615592790175
"Astro-4","SLC22A17",-0.0193572427919655,0.0860796606635948,0.822075803441428,-0.18807027749404,0.149355791910109,5,0,0,0.952058466178307
"Astro-4","RNF10",-0.0664989303911705,0.0787759209995706,0.398583911863002,-0.220896898399301,0.0878990376169603,5,3.26590910243874e-06,0.00917807977660604,0.746593047529394
"Astro-4","ATF6B",0.0704179360635327,0.0797694131485845,0.377361289448748,-0.0859272407755887,0.226763112902654,6,0,0,0.726684855584776
"Astro-4","PAXBP1",0.0551902841233972,0.105962346099921,0.602472609020291,-0.152492097949816,0.26287266619661,6,0.0283208431899631,49.3100248879957,0.860231069977808
"Astro-4","SERPINB6",0.0393769651835454,0.0759969771762969,0.60436159031767,-0.109574373015909,0.188328303383,6,6.96052310748798e-06,0.0168017255495298,0.860638452347623
"Astro-4","TAF2",-0.198838633360871,0.133994503864982,0.137827156974427,-0.461463035062549,0.0637857683408066,5,0.049031293822344,62.7960637790166,0.473680576524993
"Astro-4","PARP6",-0.0590000094506646,0.070043031972195,0.399597971673258,-0.196281829484154,0.0782818105828251,6,0.00411771933292464,13.5134963089076,0.747104378886949
"Astro-4","ZBTB44",0.0154814071836054,0.0746354609725491,0.835676425148874,-0.130801408292136,0.161764222659346,6,0,0,0.956710256584185
"Astro-4","GDI2",0.128131282058887,0.0679010752923814,0.0591564571848054,-0.00495238002572271,0.261214944143497,5,0,0,0.312083361928605
"Astro-4","C10orf90",-0.0390724147735237,0.0987845528460283,0.692450586491166,-0.232686580580633,0.154541751033586,5,0,0,0.903527258340838
"Astro-4","TMEM260",0.015258237601654,0.0691524581393193,0.825367806939871,-0.120278089793826,0.150794564997134,6,8.34573830849199e-06,0.0252475569910153,0.953502318423345
"Astro-4","SAP30BP",0.117218441318884,0.0795340825168819,0.140531687873695,-0.0386654959576412,0.273102378595409,6,0,0,0.478410372720453
"Astro-4","TTC7A",-0.00308869700747274,0.0696631849314301,0.964635316921373,-0.139626030521429,0.133448636506484,6,0,0,0.994460940404121
"Astro-4","METTL25",-0.0327422717631826,0.071206260049588,0.645643316704291,-0.172303976934168,0.106819433407803,6,2.22292300911054e-06,0.00593448740250753,0.88140559756032
"Astro-4","DHX29",0.0406786035963407,0.0787024568847903,0.605249885146828,-0.113575377392665,0.194932584585346,6,0,0,0.860638452347623
"Astro-4","ZNRF1",0.0120635107960062,0.0816455897442034,0.882536446281902,-0.147958904599165,0.172085926191178,6,0,0,0.969317126400914
"Astro-4","KDM2B",-0.0437977607409436,0.0804388462067923,0.58610763466379,-0.201455002264213,0.113859480782326,6,0.00174939841584068,4.04607571963919,0.850962227680389
"Astro-4","RBL2",0.0395280402046773,0.060158684345882,0.511140466312499,-0.0783808144705649,0.15743689487992,6,0,0,0.815080843381683
"Astro-4","UQCRC2",0.0570850294866614,0.0581063332153234,0.325891234747436,-0.0568012908890559,0.170971349862379,5,0,0,0.688582479864142
"Astro-4","TTLL4",-0.183349232391601,0.102286967383503,0.073053154272207,-0.383828004551091,0.0171295397678889,5,0.00941011476978273,17.0960402379965,0.342807731979009
"Astro-4","HS2ST1",-0.0341515247273077,0.0893353622085226,0.702250346647722,-0.209245617201853,0.140942567747237,6,0.0173847620917173,43.2165228272753,0.907426400139546
"Astro-4","MTHFD2L",0.0853983505590377,0.0719980453341292,0.235574754121646,-0.0557152252531375,0.226511926371213,5,9.48332206742755e-07,0.00318899905479739,0.599305685613613
"Astro-4","FADS2",-0.317258868345134,0.232854891825651,0.173048164626597,-0.77364606994738,0.139128333257112,6,0.241383122412245,86.7076650089532,0.517976559762043
"Astro-4","PTDSS2",0.031215733071144,0.0828712170403995,0.706413194108874,-0.131208867683041,0.193640333825329,6,0,0,0.909549656068508
"Astro-4","MSRB3",0.0682212278635764,0.109254677797,0.532349258100753,-0.145914005761072,0.282356461488224,5,0.0220240101688863,40.1949874669856,0.824840106059658
"Astro-4","CEP126",0.0414560581739829,0.074706155561884,0.578948297853219,-0.104965316150756,0.187877432498722,6,1.57630603090161e-06,0.00409824748940881,0.84732465243148
"Astro-4","SMIM14",0.0700639941044825,0.0726994911131429,0.335172248768921,-0.0724243901716673,0.212552378380632,6,0,0,0.694239978299525
"Astro-4","PRPSAP1",-0.0113497778991663,0.0815343343637532,0.889290184197305,-0.171154136755569,0.148454580957236,6,0,0,0.973135147503209
"Astro-4","PER2",-0.0455561279374916,0.0880922808471462,0.605057752540774,-0.218213825713886,0.127101569838902,6,3.60539918663188e-06,0.00671917818788927,0.860638452347623
"Astro-4","RHOJ",-0.0504589284122103,0.0835281841726154,0.545780722399462,-0.214171161084565,0.113253304260144,6,0,0,0.831535371198288
"Astro-4","SYNDIG1",-0.244114009813308,0.12758978164451,0.055713187058736,-0.494185386631876,0.00595736700526067,5,0.0146224426517692,17.54694193915,0.305667858769889
"Astro-4","LPGAT1",-0.150564602735883,0.0683873396517478,0.0276904376803295,-0.284601325451817,-0.0165278800199496,6,0.000985077544700472,3.05232985916552,0.214228286982946
"Astro-4","FADS3",0.0722922950321209,0.171896174182931,0.674077937125538,-0.264618015446647,0.409202605510889,5,0.0787870495010994,61.8797757984237,0.895600509019627
"Astro-4","FRY",0.136261877354537,0.0717858688496902,0.0576735176845947,-0.00443584018977125,0.276959594898846,6,0,0,0.308930917479346
"Astro-4","SLC24A2",-0.225452663268726,0.10380359330892,0.0298620153185284,-0.428903967620053,-0.0220013589173985,5,0,0,0.222518864488134
"Astro-4","JDP2",-0.293413144731391,0.25006817524053,0.240662450036354,-0.783537761882481,0.196711472419699,6,0.219979108942608,71.1682316116542,0.605480562919653
"Astro-4","WDR48",0.0693979631831204,0.0710855209901859,0.328935549845148,-0.06992709777991,0.208723024146151,5,0,0,0.689791311407215
"Astro-4","DNAJC21",-0.110004482308485,0.114841808830253,0.338124104941023,-0.335090291535215,0.115081326918244,6,0.026497357509014,38.5393404825472,0.696392858668124
"Astro-4","CNOT10",-0.0425443824592177,0.0699102371006756,0.542817940071862,-0.179565929327198,0.0944771644087624,6,2.48342782838109e-06,0.00719583151256963,0.830458657067035
"Astro-4","NEK9",-0.0823792093372449,0.0594133849492837,0.16558117847058,-0.198827304037455,0.0340688853629653,6,3.45804006723173e-06,0.0132495723665844,0.511544420974302
"Astro-4","SPRY2",0.123082003508434,0.0972434534798694,0.205616956258678,-0.0675116630444058,0.313675670061275,6,0,0,0.561962556469853
"Astro-4","RIC3",-0.0424576542026501,0.0661067711147421,0.520705172916535,-0.172024544721777,0.0871092363164771,6,0,0,0.819622955178707
"Astro-4","PLXNB2",0.175844201032636,0.101975911265387,0.0846410716726323,-0.024024912338174,0.375713314403447,5,0.0111471499229631,21.4307149269512,0.374284561586504
"Astro-4","GRAMD1C",-0.00880357508190898,0.0712656288041717,0.901685953510476,-0.148481640873686,0.130874490709868,6,0.00627805979998263,21.1399565986043,0.975635633532928
"Astro-4","VPS39",-0.0255187323304342,0.0659658529547905,0.698869030838965,-0.154809428331289,0.10377196367042,6,0,0,0.906488398585236
"Astro-4","LRP6",-0.169653625753754,0.0656333846406282,0.00974163275123764,-0.29829269583285,-0.0410145556746586,6,3.1932543092798e-07,0.00105197541323779,0.122038527723073
"Astro-4","SNTB2",0.144161720207367,0.113457070528007,0.20386105356177,-0.078210051818947,0.366533492233681,6,0.0130403176737063,16.7287077680614,0.56038705312249
"Astro-4","SNX6",0.0869838364815138,0.10641379888874,0.413693448130257,-0.121583376798504,0.295551049761532,6,0.0226580439885501,38.1073849125146,0.75774433725267
"Astro-4","FAM3C",-0.029506013682633,0.0816930654112118,0.717963864421524,-0.189621479675283,0.130609452310017,5,0,0,0.91187936760853
"Astro-4","LYPLAL1",0.0666691533937745,0.0645339872520589,0.301563693281626,-0.0598151373990278,0.193153444186577,5,0,0,0.670659972599447
"Astro-4","RABEP1",-0.0588534726367422,0.0496057019485772,0.235454283293848,-0.156078861883782,0.0383719166102975,6,0,0,0.599305685613613
"Astro-4","RGS11",-0.152717172833186,0.0987162796891247,0.12185570235441,-0.346197525711653,0.0407631800452816,6,0,0,0.448878117319867
"Astro-4","STK38L",0.063568314523917,0.0786787586897268,0.419120745836208,-0.0906392188562653,0.217775847904099,6,0,0,0.76180948877117
"Astro-4","PCNT",0.00419064501193147,0.104561284309103,0.968030652498851,-0.200745706411163,0.209126996435026,6,0.018505108457876,31.3362090853269,0.994460940404121
"Astro-4","COL23A1",0.0219944388921302,0.116716262984425,0.850528882933232,-0.206765232967449,0.25075411075171,6,0,0,0.961222586091727
"Astro-4","ASXL2",-0.0664648974906564,0.0602353567246379,0.269844814031113,-0.184524027266869,0.0515942322855564,6,0,0,0.639765263669168
"Astro-4","CCDC102B",-0.0501667061835029,0.0846871628348701,0.553598332580354,-0.216150495292727,0.115817082925721,6,0,0,0.837934364571721
"Astro-4","MAP2K1",-0.0267520879932458,0.0763381914433883,0.72600721228067,-0.176372193867211,0.122868017880719,6,7.37572532886944e-07,0.00177313429324412,0.91652415908326
"Astro-4","TPD52",-0.0238667682290842,0.0967269573094587,0.805106577100869,-0.213448120889767,0.165714584431598,5,0,0,0.945370969280328
"Astro-4","SMOX",-0.113988645721533,0.077807456757279,0.142918387589689,-0.266488458694457,0.0385111672513919,6,0,0,0.481044174790154
"Astro-4","NAA25",0.0167521540260209,0.0588268428182217,0.775819914737316,-0.0985463392218923,0.132050647273934,6,1.36976253184772e-06,0.00563751853778486,0.934636945659779
"Astro-4","ROCK2",0.035649646662553,0.0728302857554675,0.624495317602879,-0.107095090401924,0.17839438372703,6,0.00582180370609169,18.0876305731915,0.87215377774148
"Astro-4","ZNF862",-0.184209439766411,0.0962899426774115,0.0557390397001825,-0.372934259487563,0.00451537995474238,6,0.0154318981735309,30.1325999910708,0.305667858769889
"Astro-4","KBTBD12",0.0766527970655016,0.0899844499334531,0.394300167761336,-0.0997134839727142,0.253019078103717,6,4.3245575883332e-06,0.00760257070044232,0.741777036095456
"Astro-4","MLEC",0.0746912763519274,0.080417269117566,0.352994569905597,-0.0829236748535671,0.232306227557422,5,5.87876124825499e-07,0.00151733161650721,0.710009506333578
"Astro-4","LRRC3B",0.066816470821038,0.124845316736784,0.59251567951146,-0.177875853621555,0.311508795263631,6,0,0,0.853235075531662
"Astro-4","GCFC2",0.011067147658662,0.0663254638999519,0.867479249199194,-0.118928372843155,0.141062668160479,6,0,0,0.964767735772626
"Astro-4","SYNGR1",0.0617583170755174,0.0841056115791714,0.46276905861478,-0.103085652517374,0.226602286668408,6,0,0,0.787988555309849
"Astro-4","INVS",-0.0157098301229521,0.056012485910263,0.779116826414926,-0.125492285191625,0.0940726249457206,6,0.00167433752529282,8.25810385519287,0.936451190547503
"Astro-4","RARB",-0.0284873523376226,0.095863254962581,0.766339361460761,-0.216375879505062,0.159401174829817,5,0,0,0.930620130263641
"Astro-4","MTA1",-0.0298981609196676,0.0820155568813444,0.715452899938416,-0.190645698579099,0.130849376739764,6,1.04274096031689e-06,0.00219861633392849,0.911209718517162
"Astro-4","KCTD8",0.0565185684865385,0.100281616966074,0.573027410702123,-0.140029789078407,0.253066926051484,6,0,0,0.843676875377731
"Astro-4","NME5",0.00659308551233972,0.102336727313954,0.948631498597887,-0.193983214318707,0.207169385343386,6,0.0165863939651521,28.5023706003237,0.99020004045287
"Astro-4","EIF3J",0.0572532833454377,0.0823574799760986,0.486942425233882,-0.104164411265194,0.21867097795607,6,0,0,0.801108291152851
"Astro-4","CFLAR",0.1179770942118,0.0717702724267312,0.100214295757671,-0.022690054905221,0.258644243328822,6,0,0,0.408180822839971
"Astro-4","PPP1R10",-0.0348297918752742,0.0854839831830497,0.683683154607539,-0.202375320169079,0.132715736418531,6,1.56891569272814e-06,0.00309798638327154,0.899156346844844
"Astro-4","RHBDL3",-0.167236879930319,0.108405998649935,0.122905942450258,-0.379708732992289,0.0452349731316513,6,3.63349736519692e-06,0.00445929584276829,0.450522542908758
"Astro-4","TTLL5",0.00872330673217253,0.0638285193773881,0.89129334028836,-0.116378292434025,0.13382490589837,6,6.48516912609741e-07,0.00228540424518129,0.973135147503209
"Astro-4","ITM2B",-0.0535900272310708,0.0741691385657016,0.469963719839224,-0.198958867584207,0.0917788131220651,6,0.00584049626549626,17.6147118292943,0.792021548214082
"Astro-4","CSRP1",0.1386356931771,0.192663468172485,0.471787098948118,-0.238977765577551,0.51624915193175,6,0.14010552265915,78.0578167435407,0.792540372432973
"Astro-4","SPPL3",0.030401982702622,0.0496842857137889,0.54060168066523,-0.0669774278940022,0.127781393299246,6,5.51588036423467e-06,0.0316648500706505,0.830343948407272
"Astro-4","PPP2R1A",0.047971891314758,0.0727870208773845,0.509849500560662,-0.0946880481468806,0.190631830776396,5,1.23189539309608e-06,0.00372921653472765,0.814908589027067
"Astro-4","CARS2",-0.0382450286136319,0.060322796663778,0.526076759388874,-0.15647553752137,0.0799854802941059,5,2.04042044790062e-06,0.00919920638716054,0.822861185504591
"Astro-4","MTMR2",-0.00680098851202705,0.0735472470754365,0.926323820024972,-0.150950943941951,0.137348966917897,5,0,0,0.984923434017955
"Astro-4","PDK4",-0.00344052942488879,0.144388567933167,0.980989592219641,-0.286436922353212,0.279555863503434,5,0,0,0.997239001061545
"Astro-4","TMEM170B",-0.0117219281038792,0.0768384039516728,0.878750801193259,-0.162322432478698,0.13887857627094,6,0,0,0.96750557947341
"Astro-4","NUMB",0.0980867743762911,0.0568929220430676,0.0846971289126546,-0.0134213038033663,0.209594852555949,6,3.64570728722919e-06,0.0162107777905446,0.374284561586504
"Astro-4","GALNT2",0.0994849061994127,0.0669323850670686,0.137186742940305,-0.0317001579314082,0.230669970330234,6,1.97168577613146e-06,0.00564464238415828,0.472715410743847
"Astro-4","PMP2",-0.0495137367430344,0.105915290206894,0.640153412424262,-0.257103890960654,0.158076417474585,6,8.31910897536592e-06,0.0106563794191192,0.880794449479828
"Astro-4","KIAA0319L",-0.0871069825267461,0.0488447556933174,0.0745303879140722,-0.182840944519306,0.00862697946581377,6,0,0,0.346750407825096
"Astro-4","RBX1",-0.0357723203921319,0.0819151558698369,0.6623291787346,-0.196323075684997,0.124778434900733,5,0,0,0.889842018566866
"Astro-4","EFNA5",0.051018175618014,0.053099728547113,0.33665315124926,-0.0530553799231808,0.155091731159209,6,0,0,0.695508352055867
"Astro-4","XRCC4",-0.00434936863404683,0.0730080690630949,0.952495080092704,-0.147442554578526,0.138743817310432,6,0,0,0.990940949638495
"Astro-4","DNMT3A",-0.121563857903608,0.0670137416897462,0.0696755881321699,-0.252908378084781,0.00978066227756501,6,0,0,0.335894141551555
"Astro-4","APBA2",0.184417338942056,0.0815009975975908,0.0236503807449833,0.0246783189466925,0.34415635893742,6,0,0,0.19367073407661
"Astro-4","IL33",0.0860637250947478,0.0981096470864935,0.380367263000074,-0.106227649730714,0.27835509992021,5,0,0,0.73063187331904
"Astro-4","SHPRH",0.0736067000964175,0.0477523482482036,0.123213196496548,-0.0199861826472758,0.167199582840111,6,0,0,0.450657716133738
"Astro-4","ROBO3",0.0667839360848221,0.0970474164603816,0.491353418680348,-0.123425504970185,0.25699337713983,6,8.97585056873459e-08,0.000137486751304406,0.802810887646315
"Astro-4","SSX2IP",-0.0269283270856103,0.0862953374539186,0.755003695622983,-0.196064080529021,0.142207426357801,5,2.56000432297953e-06,0.00585790815478639,0.929412360871713
"Astro-4","MAVS",0.0577714257203925,0.0736242878419079,0.432641852814499,-0.0865295268371571,0.202072378277942,5,0,0,0.770902953731178
"Astro-4","TAMM41",0.00357655610851215,0.0699170077039051,0.959202561509916,-0.133458260897951,0.140611373114976,5,0,0,0.993533461399003
"Astro-4","GPR137B",-0.0144462481009569,0.0743594737260704,0.845959913891188,-0.160188138513407,0.131295642311494,6,6.28316872646733e-06,0.0162839656205288,0.960050601108412
"Astro-4","UBP1",-0.0207547891569319,0.0701486311096833,0.767330302285775,-0.158243579696697,0.116734001382833,6,0,0,0.930620130263641
"Astro-4","COG7",0.00179807265709922,0.0695320349914675,0.979369300331927,-0.134482211697956,0.138078357012154,6,9.01833951509954e-07,0.00261478928877489,0.996876807857117
"Astro-4","ZBTB8OS",0.00785332315233017,0.0608516408683461,0.897312638261051,-0.111413701349794,0.127120347654454,6,0,0,0.974959544496093
"Astro-4","LRIG1",-0.0528178074267856,0.0797281010191793,0.507667384391788,-0.209082013980148,0.103446399126577,6,0.00846906862752846,22.8736595505373,0.814594375307857
"Astro-4","GPALPP1",0.02794011053568,0.0625833470403314,0.655274815896938,-0.0947209956953409,0.150601216766701,5,0,0,0.884823496768622
"Astro-4","DENR",-0.0126751720651914,0.0738915272133459,0.86380110180513,-0.157499904166011,0.132149560035628,6,0,0,0.964767735772626
"Astro-4","RASA2",0.0690891331764741,0.0589939187194041,0.241549353000993,-0.0465368228204411,0.184715089173389,6,0,0,0.606873305469837
"Astro-4","SIRT2",-0.166809615895017,0.0821143562604003,0.0422113330760179,-0.327750796779093,-0.00586843501094131,6,0,0,0.264401721629827
"Astro-4","FANCL",0.0321462556880525,0.0861834347524927,0.709149872973539,-0.136770172490791,0.201062683866896,6,0,0,0.910525765439931
"Astro-4","PIEZO1",-0.0671675651604253,0.0960257841544651,0.484255688102301,-0.255374643690394,0.121039513369543,6,0,0,0.79982207807333
"Astro-4","PRMT3",0.0621045473237222,0.0773864800582371,0.422249613780611,-0.0895701664807497,0.213779261128194,6,0.00633036458624982,17.4749093431987,0.762615517900298
"Astro-4","CEP295",-0.0286974105038966,0.0746079950218959,0.70050225427171,-0.174926393705556,0.117531572697763,6,0,0,0.906866052837415
"Astro-4","NGLY1",-0.0342033147728562,0.0763428078956432,0.654136777629179,-0.183832468726977,0.115425839181264,6,5.16956726697675e-07,0.00120945358227004,0.884548954399112
"Astro-4","CEP162",-0.0686671836807661,0.0887119148131006,0.438903050106427,-0.242539341714028,0.105204974352496,6,0.0056085915147318,11.1057938565592,0.773069480709869
"Astro-4","ROBO2",-0.170698579171983,0.0934954621598788,0.0678891543124093,-0.353946317723273,0.0125491593793067,6,0,0,0.331080857905696
"Astro-4","TBCA",0.0335426874268035,0.0630826514098706,0.594915764873394,-0.0900970373858378,0.157182412239445,6,0,0,0.85506786795157
"Astro-4","SRSF3",-0.265961318105588,0.144743221719365,0.066140550983712,-0.54965281968184,0.0177301834706627,6,0.0501795750129716,46.4498209702102,0.32694034716424
"Astro-4","HSPH1",-0.113274427785692,0.473929843995597,0.81109708285227,-1.04215985321575,0.815610997644365,5,0.982113691850317,91.5165369539883,0.947438607666643
"Astro-4","IFT74",-0.0906456387913744,0.0719732737391394,0.207873360648341,-0.23171066316953,0.0504193855867813,6,0,0,0.564003875630052
"Astro-4","VDAC3",-0.01321932149338,0.0819784834954535,0.871893706068168,-0.17389419665168,0.14745555366492,5,0,0,0.965917572654981
"Astro-4","STAM2",-0.00778195722319892,0.0727101785964121,0.914767505989704,-0.150291288581642,0.134727374135244,5,1.10298371099679e-06,0.0036416645698206,0.978738514733744
"Astro-4","EGLN3",-0.0243806302973495,0.0725961502370345,0.736992156198921,-0.166666470178196,0.117905209583497,6,9.10952370188112e-08,0.000244721838466562,0.918214223804404
"Astro-4","SLC13A3",0.0153981615685075,0.0680390928183859,0.820957641156594,-0.117956009896307,0.148752333033322,6,0,0,0.951784496679248
"Astro-4","RSBN1L",-0.0052243386350298,0.0625441796531397,0.933429827871631,-0.127808678197786,0.117360000927727,6,0,0,0.987295453105121
"Astro-4","CYTH3",-0.0723261610678896,0.0819032426328764,0.377199345048589,-0.232853566845373,0.0882012447095936,6,0,0,0.726684855584776
"Astro-4","DNAH7",-0.00739198962057548,0.112580361144497,0.947648779933119,-0.228045442830301,0.21326146358915,6,0.0234548686979413,33.6071313830055,0.989693676693763
"Astro-4","ADAM23",0.152651523604602,0.0722575881986914,0.0346348494637187,0.0110292531254403,0.294273794083764,6,0,0,0.240598935302297
"Astro-4","JAK2",0.0573433092386234,0.0711828314383767,0.420486326365742,-0.0821724766981804,0.196859095175427,6,0,0,0.762515376696441
"Astro-4","SLC35G2",-0.00538378933491895,0.0721064088298338,0.940481649582485,-0.146709753695914,0.135942175026076,6,0,0,0.988287010175912
"Astro-4","PDLIM3",-0.0276883253434071,0.189410910455949,0.883778299842836,-0.398926888116009,0.343550237429194,5,0.0897680116304266,60.0631042319669,0.970095874948064
"Astro-4","ZNF334",-0.0177740963485872,0.0757151614424432,0.81440316502031,-0.166173085859412,0.130624893162237,6,1.45409692589748e-06,0.00362440861583448,0.949616228269735
"Astro-4","ZDHHC20",-0.0660889311531503,0.0860758215204485,0.442606598603928,-0.234794441272927,0.102616578966627,6,0.0125315754917718,30.8703492122645,0.774513785967693
"Astro-4","NINL",0.0550822786654709,0.0855398825090283,0.519616413906013,-0.112572810294012,0.222737367624954,6,0.0120909563354622,30.7250548613409,0.818853102352754
"Astro-4","WDR49",0.102272461739091,0.101339491082243,0.312875663761769,-0.0963492909937242,0.300894214471905,6,4.78649714872631e-09,7.15838494123688e-06,0.678552937630837
"Astro-4","SQSTM1",-0.219731592314632,0.110083097547529,0.0459282577461298,-0.435490498814398,-0.00397268581486679,6,2.87943150624953e-06,0.0035064997529654,0.276277691420001
"Astro-4","RPRD2",-0.051610675013286,0.0436756066734193,0.237331932502026,-0.137213291096125,0.0339919410695531,6,0,0,0.602255002760797
"Astro-4","UBA2",-0.00228931926904081,0.0651229344230069,0.971957093655694,-0.129927925305698,0.125349286767617,6,5.21602722033927e-06,0.0169948681619647,0.994460940404121
"Astro-4","FAM222B",-0.0179814019041743,0.0632488011716287,0.776183300167111,-0.141946774265901,0.105983970457553,6,2.9045069297392e-06,0.0103818248043156,0.934636945659779
"Astro-4","SEC63",0.0992274398778386,0.056505745279298,0.0790782825219899,-0.0115217857891796,0.209976665544857,6,0,0,0.359571347753547
"Astro-4","MYH14",-0.00566121812850087,0.0764702975339688,0.940985244724859,-0.155540247182142,0.14421781092514,6,0,0,0.988287010175912
"Astro-4","HNRNPH1",-0.0834820757098633,0.0563439728860545,0.138433313941265,-0.193914233312431,0.0269500818927047,6,0,0,0.474681555427864
"Astro-4","PHLPP2",0.0154103280361335,0.0730908303919646,0.833013647498368,-0.127845067132243,0.15866572320451,6,0.00127266277350078,3.5205671861714,0.955880328717664
"Astro-4","NUP58",0.037365918883727,0.0636028320129077,0.556875814168983,-0.0872933411763234,0.162025178943777,6,2.05513073105491e-06,0.00703718735340096,0.838019334182569
"Astro-4","ZNF277",-0.0628108260070655,0.065054296978501,0.334287492508595,-0.1903149051245,0.0646932531103692,6,0,0,0.694239978299525
"Astro-4","CALR",0.00256917327098945,0.0959311553818332,0.978634066711605,-0.185452436272719,0.190590782814698,5,0,0,0.996513660025874
"Astro-4","LTN1",-0.0143121611669127,0.0676183563193649,0.832371605606188,-0.146841704246664,0.118217381912839,6,0,0,0.955880328717664
"Astro-4","ZNF717",0.0220499970265866,0.0587277647123907,0.707317497005513,-0.0930543067022415,0.137154300755415,6,5.54584084772341e-07,0.00228679070195626,0.909669924333439
"Astro-4","KIRREL3",-0.0882663058978632,0.211591723962246,0.67656586629546,-0.502978464290606,0.326445852494879,5,0.134466127487461,68.0110563171021,0.897045829212316
"Astro-4","TERF1",0.0501596761846772,0.0702571958501153,0.475262047977814,-0.0875418973363258,0.18786124970568,6,0,0,0.793803877957948
"Astro-4","ADGRG1",-0.0409320014675017,0.0692948126627885,0.554725745491786,-0.176747338602017,0.0948833356670137,6,3.3923379282639e-06,0.010006201299053,0.838019334182569
"Astro-4","RNF170",0.0129132627264234,0.0692081487959014,0.851985345470591,-0.122732216350232,0.148558741803079,6,0,0,0.96245789675107
"Astro-4","ORC2",-0.00194418440430846,0.13036899786139,0.988101640352046,-0.257462724913213,0.253574356104596,6,0.0489848167794843,60.1725186654062,0.998058308461131
"Astro-4","PKIG",0.0882086485031274,0.0813345212983646,0.278135756369362,-0.0712040839414732,0.247621380947728,6,5.12584990415426e-06,0.0100905928800716,0.648555319470209
"Astro-4","RAB6A",-0.0565761347932856,0.0492039851190233,0.250214594839835,-0.153014173522416,0.0398619039358449,6,5.33767870713481e-06,0.0292896683979948,0.616729294681941
"Astro-4","ANKRD44",-0.046432897022387,0.0602820365826795,0.441145132589952,-0.164583517639165,0.0717177235943909,6,0,0,0.774513785967693
"Astro-4","RB1",0.0876555408311483,0.0620395088466877,0.157685514088115,-0.0339396621269136,0.20925074378921,6,0.00446245724905943,19.6338993191938,0.499291755332919
"Astro-4","DPP8",-0.0303105229289495,0.0539554923206628,0.574273416253881,-0.136061344645576,0.0754402987876771,6,0,0,0.844101560704709
"Astro-4","USP4",-0.0539556420351562,0.0654147755252919,0.409471820810826,-0.1821662461215,0.0742549620511881,6,0,0,0.753652801939768
"Astro-4","ARL5A",0.017337465264328,0.0788601455298668,0.825987362775745,-0.137225579789798,0.171900510318454,6,0,0,0.953612973046104
"Astro-4","CFAP221",-0.0392222306990982,0.0834681431643782,0.63842175440071,-0.202816785157713,0.124372323759516,5,0,0,0.880658082917113
"Astro-4","NRG2",-0.0163773987128466,0.112875702803426,0.884637974033302,-0.237609710937208,0.204854913511515,6,0.0404054443726083,66.3239202719743,0.970649380106448
"Astro-4","SLC20A2",0.00452765051603948,0.0775930430129747,0.953468850920767,-0.147551919240258,0.156607220272337,6,0,0,0.990940949638495
"Astro-4","ADCY1",0.348875588784534,0.560316431877859,0.533520925012767,-0.749324437642061,1.44707561521113,5,1.38386243369988,93.5335015937972,0.825023424871977
"Astro-4","TAOK3",-0.0892878084259113,0.0480912368147528,0.0633632934337542,-0.183544900554814,0.00496928370299091,6,0,0,0.321025423522964
"Astro-4","CLMN",0.0277640569450372,0.105559695406729,0.79253701956154,-0.179129144271171,0.234657258161245,5,3.56387389189412e-06,0.00554090437170633,0.941067340022289
"Astro-4","STAU2",0.0272555149100847,0.0573523724164508,0.634623705362735,-0.0851530694540872,0.139664099274257,6,0,0,0.878660248083969
"Astro-4","APPL1",0.0253610208268731,0.0683349046044482,0.710541931532478,-0.108572931084826,0.159294972738572,5,0,0,0.910563300354376
"Astro-4","DYNC2LI1",-0.0721599192569504,0.0773376213185125,0.350793808097798,-0.223738871691232,0.0794190331773312,6,0.00769143450344898,22.3619471471161,0.707546447500064
"Astro-4","ZNF337-AS1",-0.0831028653600138,0.0846706556657546,0.326354286356806,-0.249054301012285,0.0828485702922575,5,4.34843904881573e-06,0.0108713265942991,0.688675869761924
"Astro-4","CNOT6L",0.105334298519696,0.0667754157144965,0.114694018936968,-0.0255431113334066,0.236211708372799,6,0,0,0.436556607270885
"Astro-4","FBXW7",0.000472029547717831,0.0585490518828991,0.99356742771526,-0.114282003471731,0.115226062567167,6,1.91035168276013e-06,0.00774905658527417,0.998372512258354
"Astro-4","TCEA1",-0.0453107003768681,0.0687314823802487,0.509740189304064,-0.180021930446205,0.0894005296924686,6,2.28858733211747e-08,6.74110637430158e-05,0.814908589027067
"Astro-4","ZC3H15",0.0824436862139604,0.126006694791322,0.512931296056266,-0.164524897387961,0.329412269815882,6,0.0376934396183871,48.7521231223874,0.815414294354568
"Astro-4","LMO2",-0.294634271801626,0.26423066470311,0.264822721526282,-0.8125168582308,0.223248314627549,6,0.24319592058653,64.0683322332618,0.632252746179672
"Astro-4","RASSF4",-0.0336665563074457,0.127667650978101,0.792007493502015,-0.283890554215353,0.216557441600462,6,0.0495539092944503,63.3470059650868,0.941067340022289
"Astro-4","NOL10",0.0833408878314401,0.0725328705788868,0.250552458640558,-0.0588209261984829,0.225502701861363,5,0,0,0.616734686865318
"Astro-4","ERI3",-0.112530672181257,0.0537206519333823,0.0361943203993993,-0.217821215196698,-0.00724012916581568,6,0,0,0.245641301703438
"Astro-4","HFM1",0.0435364575274805,0.0755575037161845,0.564478002613635,-0.104553528517992,0.191626443572953,6,1.64895540430316e-09,4.09115902086494e-06,0.842859171753876
"Astro-4","KPNA5",0.0483935353434971,0.058631864900274,0.409156208352205,-0.0665228082074581,0.163309878894452,6,0,0,0.753652801939768
"Astro-4","AXL",0.0426121797765111,0.087756816863939,0.627271244995972,-0.129388020674687,0.214612380227709,6,0,0,0.87401927045102
"Astro-4","AGPS",0.0274472522782278,0.0688779831689267,0.69026833514638,-0.107551114060624,0.16244561861708,6,0,0,0.902174372725159
"Astro-4","CTNNBIP1",0.0836114729662941,0.089182371276379,0.348484129255943,-0.0911827627912881,0.258405708723876,6,0,0,0.705974459296623
"Astro-4","SIN3B",-0.0441048486070808,0.065753051199994,0.502370216180701,-0.172978460832687,0.0847687636185256,6,0,0,0.810671257527498
"Astro-4","CDKL5",-0.00724472713291419,0.0615929300405194,0.906366612647322,-0.127964651714627,0.113475197448799,6,0.000339726740350839,1.26508054033828,0.976392362208728
"Astro-4","DDX1",-0.0605045837281345,0.0784909576910413,0.440797138164748,-0.214344033914633,0.0933348664583637,6,2.9278538042601e-06,0.00674883728672265,0.774513785967693
"Astro-4","RASGRF1",-0.414123618863052,0.172365634728105,0.0162795137053947,-0.751954055102524,-0.0762931826235806,5,0.0518740058323736,35.8813800241429,0.15710018349623
"Astro-4","RNPS1",-0.148657418240533,0.0797853912275596,0.0624318813764553,-0.305033911538988,0.00771907505792216,6,6.73413790084525e-07,0.00150109639172251,0.319632814712748
"Astro-4","ZCCHC14",-0.0475923656262838,0.0744626362697731,0.522729097379292,-0.193536450908945,0.0983517196563774,6,0.00477228447361631,13.9242376064425,0.821293167096926
"Astro-4","SUGCT",-0.0960132422520065,0.0704732973441115,0.173069795233564,-0.234138366918247,0.0421118824142342,5,4.12811577286633e-06,0.0138669361658392,0.517976559762043
"Astro-4","HOPX",0.155942341627526,0.114804034317419,0.174357399048749,-0.069069430914516,0.380954114169567,6,0,0,0.520047240289553
"Astro-4","SLC23A2",0.0621155756282358,0.0536376042179667,0.246839463091429,-0.0430121968559927,0.167243348112464,6,0,0,0.614524701153615
"Astro-4","ZC3H14",-0.0144269680251502,0.0575609403672335,0.802093877882601,-0.127244338061186,0.0983904020108853,6,0,0,0.944743740332831
"Astro-4","SH3D19",0.0194241378890254,0.0871525519504261,0.823632679168098,-0.151391725094566,0.190240000872617,6,0,0,0.952721597015641
"Astro-4","ARF1",-0.0063779346743955,0.0911865237725513,0.944238367607139,-0.185100237144002,0.17234436779521,5,2.46072316750167e-07,0.000508789122050343,0.98916607490031
"Astro-4","CERS4",-0.0687858386336923,0.0769483886852549,0.371363757180209,-0.219601909125181,0.0820302318577968,6,9.28097627180955e-07,0.00226453527919592,0.722794843915013
"Astro-4","MDGA2",-0.08986399371164,0.110585861971425,0.416437462237531,-0.30660830037495,0.12688031295167,5,6.2314355203823e-06,0.00910690772986697,0.759967062726827
"Astro-4","GON4L",0.0236046245242514,0.0592225989763722,0.690206670009749,-0.0924695365402969,0.1396787855888,6,0,0,0.902174372725159
"Astro-4","PACRGL",-0.00408223442441483,0.0664608390981308,0.951022212113057,-0.134343085439063,0.126178616590233,6,0,0,0.990368602966925
"Astro-4","KPNA1",0.094405343976549,0.058144416470497,0.104453604897171,-0.0195556182077225,0.208366306160821,6,0,0,0.417355954607422
"Astro-4","HABP4",-0.0769737985583673,0.070963226321076,0.278054629242063,-0.216059166374441,0.0621115692577065,6,3.86414419329899e-07,0.00108632798255469,0.648555319470209
"Astro-4","SP3",0.00445806303271222,0.071210633710749,0.950081927776025,-0.13511221435663,0.144028340422054,6,0,0,0.990333490365009
"Astro-4","ADAM22",-0.138424613048308,0.0725491728835157,0.0563898067763341,-0.280618379008169,0.0037691529115525,6,0,0,0.306853008793281
"Astro-4","TM9SF4",0.0246854371488285,0.0680696933557004,0.716866762362519,-0.10872871026703,0.158099584564687,6,0,0,0.911727425328447
"Astro-4","TRMT11",-0.0464469073122522,0.0658692394826524,0.480724327167621,-0.175548244387295,0.0826544297627901,5,0,0,0.797012720479454
"Astro-4","AFTPH",0.00982959949008401,0.0696167788265152,0.887715233197093,-0.126616779729576,0.146275978709744,6,5.08733460639867e-07,0.0014899678339145,0.972463017192644
"Astro-4","GPT2",0.0375027791134128,0.0838898965076255,0.65484067281393,-0.126918396708326,0.201923954935151,5,0.0102998635199076,30.8856470512757,0.884674685854486
"Astro-4","STK24",0.0634144438578741,0.0910930182151079,0.486334626906689,-0.115124591086789,0.241953478802537,6,5.38560416548378e-07,0.000870372824284537,0.800952941842604
"Astro-4","CDC42",-0.058514770952804,0.0766367968320354,0.445145219588365,-0.208720132634107,0.0916905907284986,6,2.65914360449292e-06,0.0063777649082792,0.775560825962248
"Astro-4","SSH1",0.018288461949288,0.066398544559141,0.782982302388215,-0.111850294012506,0.148427217911082,5,0,0,0.93801419008406
"Astro-4","MEAF6",0.0526338102784105,0.0811569026946053,0.516633257755614,-0.106430796099838,0.211698416656659,5,0,0,0.817453897410534
"Astro-4","XRN1",0.0894176150160539,0.05083482651746,0.0785803313774422,-0.0102168141185094,0.189052044150617,6,0,0,0.358268589301828
"Astro-4","ABCB9",-0.0456410053347098,0.0971418028829254,0.638470064579537,-0.236035440378533,0.144753429709113,5,0,0,0.880658082917113
"Astro-4","GATAD2A",0.121264653195136,0.0854869229524458,0.156039880010657,-0.0462866369408084,0.28881594333108,6,1.97551762213228e-07,0.000389440154364077,0.497647147105025
"Astro-4","SYN3",-0.0376034481230333,0.10399708181677,0.717664595339097,-0.241433982981169,0.166227086735102,5,0,0,0.911812984355001
"Astro-4","F3",0.11588898541358,0.10917772425644,0.288475916740403,-0.0980954220430868,0.329873392870247,6,0,0,0.659927216839045
"Astro-4","INTS1",-0.0101331778648382,0.137055016144686,0.941062017562233,-0.278756073408978,0.258489717679302,5,0.0485138583098378,58.3100472300263,0.988287010175912
"Astro-4","TXNRD1",0.116938953010489,0.079117208422505,0.139395197071098,-0.0381279260549696,0.272005832075948,5,0,0,0.476300864197821
"Astro-4","CAMSAP1",-0.0364798725896344,0.10514105966345,0.728620436927318,-0.242552562826373,0.169592817647104,6,0.0230701478344419,40.5963897715288,0.916841668946321
"Astro-4","GRIA4",-0.11910843401027,0.100638223902052,0.236598861644344,-0.316355728326371,0.0781388603058298,6,0.00514130641463752,7.74798855041138,0.601071154558794
"Astro-4","AP2M1",-0.0716775291353677,0.0921481693641206,0.436656963861738,-0.252284622330341,0.108929564059606,5,0.00242660630516524,5.35051251657226,0.77135198467426
"Astro-4","PNISR",-0.0548115161404078,0.0522003908518274,0.293708373804477,-0.157122402188903,0.047499369908088,6,0,0,0.663729887347973
"Astro-4","MSANTD4",-0.0438551009625377,0.0729021278216766,0.547466176111821,-0.186740645889359,0.0990304439642839,5,0,0,0.833173656707374
"Astro-4","SEMA4D",-0.053983409673876,0.114298863300283,0.636712317350715,-0.278005065216297,0.170038245868545,6,0.0274544537165618,39.8076996658334,0.880211688507132
"Astro-4","APBB1",-0.0471733568236353,0.0755855279962206,0.532558188483419,-0.195318269448672,0.100971555801401,5,5.5720241895246e-07,0.00170205881382453,0.824840106059658
"Astro-4","TPM1",0.190341479779542,0.0933856502201188,0.0415268874469008,0.00730896867525371,0.373373990883829,5,0.00653180446150595,14.3048368029334,0.261614601193739
"Astro-4","USP16",-0.0376581280332232,0.0780599710815297,0.629503642189318,-0.19065285998726,0.115336603920813,6,0,0,0.875789325939392
"Astro-4","IBTK",0.134475074743179,0.0650737947473916,0.0387811794927306,0.00693278070093933,0.262017368785418,6,0.00253582054515467,9.18849871965035,0.254289078498553
"Astro-4","LTBP3",-0.0299602864563528,0.0708652716697086,0.672457151482628,-0.168853666683628,0.108933093770923,6,0,0,0.894837670746747
"Astro-4","TSHZ1",0.0822365706757075,0.130994300182926,0.530143223575711,-0.174507539862857,0.338980681214272,6,0.0437682745016975,52.0844908148369,0.824030246775906
"Astro-4","ARHGAP32",-0.0456210089434735,0.0442679020255908,0.302744236290009,-0.132384502584779,0.0411424846978321,6,0.00106848628887867,8.41304977171814,0.671720374826831
"Astro-4","PDIA3",-0.188363129274197,0.469389207288233,0.688203591574316,-1.10834907029094,0.731622811742546,5,0.986913812430704,96.2340173425616,0.902174372725159
"Astro-4","DIXDC1",0.0635098834582471,0.0867699308443362,0.4642087056345,-0.106556055937683,0.233575822854177,6,0.0113841646904922,26.5758202100716,0.789308384811566
"Astro-4","PTPRE",-0.0118396190975393,0.0922972535008419,0.897929729102749,-0.192738911831153,0.169059673636074,6,0,0,0.975242032284593
"Astro-4","RBMS2",-0.022798863434709,0.0754857029453018,0.762630036052257,-0.17074812255519,0.125150395685772,6,1.14880828359153e-06,0.00288683793240929,0.930620130263641
"Astro-4","TCAIM",-0.0258879735614593,0.0750147799864196,0.730015455556124,-0.172914240643038,0.121138293520119,5,1.43550440127221e-06,0.00440268328601335,0.916841668946321
"Astro-4","MAX",0.0483253008074237,0.0666971706729674,0.468729377305573,-0.0823987515823135,0.179049353197161,6,0,0,0.791762858437046
"Astro-4","SH3GL3",-0.167102632229812,0.109466762006651,0.126881707649543,-0.381653543267066,0.0474482788074416,5,0,0,0.455340267530751
"Astro-4","TMBIM6",-0.0177786068297988,0.100800710514444,0.860000267283006,-0.215344369054157,0.179787155394559,6,0.0207674484350857,39.3688794357215,0.964540772247527
"Astro-4","UBE2D2",0.0671239869232126,0.0596630499918555,0.260567332095108,-0.0498134422686368,0.184061416115062,6,0,0,0.628630197837226
"Astro-4","ACSL4",0.0473820473020407,0.0678161098246703,0.484749383825576,-0.0855350855259261,0.180299180130007,6,0,0,0.799909708294652
"Astro-4","PER3",-0.12365366725442,0.0646343359371557,0.0557318473955752,-0.250334637855908,0.00302730334706852,6,1.67365143206336e-07,0.000578968111510576,0.305667858769889
"Astro-4","SDCCAG8",0.0578474296914137,0.0465760111386383,0.214236373060744,-0.0334398746838538,0.149134734066681,6,1.8879683104451e-07,0.00121851738359519,0.57136673323134
"Astro-4","SSBP1",0.10221885859094,0.103737657884616,0.324447648890961,-0.101103214703445,0.305540931885326,5,0.0224635827215098,47.0496780962396,0.686607151585599
"Astro-4","NFE2L1",-0.0354480845142364,0.131149346970467,0.786938756238155,-0.292496081172299,0.221599912143826,6,0.0382355597905616,42.9450574955207,0.939715672621951
"Astro-4","GPC4",-0.134686761394784,0.0941146903637479,0.152403907833443,-0.319148164923869,0.0497746421343006,6,3.40164433939753e-06,0.00564339019229422,0.495489460102424
"Astro-4","STX7",0.0535925049020774,0.0623833206129833,0.390294242119925,-0.068676556735385,0.17586156653954,6,0,0,0.738409127280579
"Astro-4","NRXN2",-0.0655714016146638,0.079450895351346,0.409197164931731,-0.221292295042763,0.0901494918134352,6,0,0,0.753652801939768
"Astro-4","BAZ2A",-0.00352664892031574,0.0705066700977639,0.960107521104979,-0.14171718298178,0.134663885141149,6,0,0,0.9938764403364
"Astro-4","CSDE1",-0.0552151798706028,0.0564659608087658,0.32814904228813,-0.165886429408234,0.0554560696670283,6,0,0,0.689786011716339
"Astro-4","OXSR1",-0.0523450575668155,0.113267558906785,0.643983535982138,-0.274345393640883,0.169655278507252,6,0.0263708054117974,39.1247893001316,0.880794449479828
"Astro-4","FGD6",-0.146956552581755,0.0650595086743609,0.0238956999901674,-0.274470846435373,-0.0194422587281361,6,4.04783922453176e-06,0.0137341649473741,0.195104131442499
"Astro-4","EIF3A",-0.0109270033865678,0.0630070343455364,0.862317270197659,-0.134418521476497,0.112564514703362,6,2.76860186105408e-06,0.00969995028625453,0.964767735772626
"Astro-4","EIF3B",0.0961929048313046,0.076535338418834,0.208810489668828,-0.0538136020141947,0.246199411676804,5,0,0,0.564003875630052
"Astro-4","GRIK5",-0.0185768389043754,0.070948203515076,0.793447393050028,-0.157632762561742,0.120479084752992,5,4.97096366692421e-06,0.0161694409521733,0.941067340022289
"Astro-4","BACH1",0.010877640975803,0.0864081680791732,0.899821593892816,-0.15847925642946,0.180234538381066,5,0,0,0.975272418460036
"Astro-4","BTBD10",0.095642287331285,0.0782694262858482,0.22172188803488,-0.0577629692795902,0.24904754394216,5,0.00346262448338279,10.5655956882106,0.583074122506746
"Astro-4","OCIAD1",-0.0149867411095984,0.053859734434573,0.780816607246689,-0.120549880818253,0.0905763985990564,5,4.6143420342015e-07,0.00276140769699708,0.937378177624084
"Astro-4","TCAF1",0.0249765932453551,0.0732196080778082,0.733014062401155,-0.118531201549287,0.168484388039997,6,0,0,0.917049798221225
"Astro-4","COL27A1",-0.000621392993280829,0.0963196674675781,0.994852593978126,-0.189404472232608,0.188161686246047,6,0,0,0.998372512258354
"Astro-4","ZFP36L2",0.0707704608008551,0.111046145282749,0.523925038337877,-0.146875984575336,0.288416906177046,6,0.00650115129751262,8.24458821452322,0.821520086624871
"Astro-4","EML5",0.0264185845382801,0.0753141591509675,0.725754560328435,-0.121194454923534,0.174031624000094,6,0,0,0.91652415908326
"Astro-4","TAPT1-AS1",-0.0341284831526959,0.0614381092271736,0.57855701213243,-0.154544964516194,0.0862879982108024,6,2.92118023700841e-07,0.00110779643039749,0.847173747425882
"Astro-4","RBM17",0.0869841350975761,0.0710733233717726,0.22100325340092,-0.0523170189726671,0.226285289167819,6,5.02412955818698e-06,0.0140096050645843,0.582489341216589
"Astro-4","ARHGAP17",0.0731858839858922,0.0675758683720263,0.278800419281591,-0.0592603842472986,0.205632152219083,6,0,0,0.648555319470209
"Astro-4","ARMC9",-0.0239857439959215,0.0765283997600554,0.753959477592345,-0.173978651320114,0.126007163328271,6,0,0,0.928761088545194
"Astro-4","PPP5C",0.0129383809629852,0.0737343969123512,0.860708142904144,-0.131578381407005,0.157455143332975,6,0.00213629923329969,5.81006821133547,0.964742022684678
"Astro-4","CSTF3",0.106825296533593,0.0688492751683355,0.120762271213067,-0.0281168031580322,0.241767396225219,6,0,0,0.447796011789392
"Astro-4","MGRN1",0.0216682055951731,0.0712564916675218,0.761061259846492,-0.117991951737848,0.161328362928194,6,6.44183015426189e-06,0.0176929459481147,0.930583523904531
"Astro-4","CSRNP3",0.151065547550083,0.0650634651120032,0.0202427184778412,0.0235434992211783,0.278587595878987,6,1.66350496787391e-06,0.00546764483317697,0.178003113625046
"Astro-4","TUBGCP3",0.0290529124481787,0.0730157062144383,0.690704274139712,-0.114055242037878,0.172161066934235,6,0.00240240001875944,6.80841213742985,0.90232641601318
"Astro-4","TKT",-0.0288704647591646,0.0835594407557647,0.729712411553178,-0.192643959208772,0.134903029690442,6,0,0,0.916841668946321
"Astro-4","NMT2",-0.127698055637105,0.0739725764790821,0.084295407648667,-0.27268164137974,0.0172855301055308,6,0.0011765404329487,3.14423352505073,0.373113060435186
"Astro-4","MYO18A",0.0376933757788178,0.0668008969081352,0.572574126405347,-0.0932339762961003,0.168620727853736,5,0,0,0.843676875377731
"Astro-4","EML4",-0.00976803552143297,0.0802748394063901,0.903150548438371,-0.167103829622694,0.147567758579828,6,4.5189130052156e-06,0.00953997687631639,0.975721957354426
"Astro-4","PRKDC",0.0702240038696613,0.0547202994586339,0.19937775395775,-0.0370258122925077,0.17747382003183,6,0,0,0.553029982092764
"Astro-4","TMEM47",-0.0307835759810223,0.116788934584596,0.792101271073514,-0.259685681559635,0.198118529597591,5,0.0210507829302727,32.4162426955599,0.941067340022289
"Astro-4","EIF4G1",0.0456792029572354,0.0777889033067598,0.557055934561791,-0.106784245920883,0.198142651835353,5,0,0,0.838019334182569
"Astro-4","DNAJC5",0.0539276766903208,0.0705481452352552,0.444623213201471,-0.0843441471468803,0.192199500527522,6,0,0,0.775145863551368
"Astro-4","NEK6",0.103937643667302,0.0882785301740724,0.239042658598479,-0.0690850960820129,0.276960383416616,6,3.28374330021781e-07,0.000609087021956849,0.603636461130245
"Astro-4","ABCA3",0.250874029881335,0.125496988986855,0.0456035700588294,0.00490445129887856,0.496843608463791,6,0.0335596936243934,41.1780832751156,0.274930132076519
"Astro-4","C14orf132",-0.103507273400626,0.0883691482946505,0.241475983395805,-0.27670762140262,0.0696930746013683,5,7.54834793772825e-07,0.00164214469013935,0.606873305469837
"Astro-4","THBS4",0.0169162919306235,0.0707662193767736,0.811070897050935,-0.121782949369913,0.15561553323116,6,0,0,0.947438607666643
"Astro-4","FREM2",-0.216901860351103,0.136699299375575,0.112578812782437,-0.484827563839088,0.0510238431368827,6,1.22347694549687e-07,9.67026808127366e-05,0.43303202494202
"Astro-4","UBXN7",0.0108150356129404,0.078535496230102,0.890470497151434,-0.143111708506041,0.164741779731922,6,0.00695249508969469,18.9159181634533,0.973135147503209
"Astro-4","CCDC14",-0.0597957087913855,0.169314321756765,0.723965558459043,-0.391645681501472,0.272054263918701,6,0.0999513459837986,66.9821997159073,0.915347194514651
"Astro-4","WDR19",-0.0602746113607503,0.0674399768207834,0.371454618613959,-0.192454537047702,0.0719053143262011,6,0,0,0.722794843915013
"Astro-4","TNPO2",-0.0181280894926576,0.0727906811380499,0.803326670873484,-0.160795202933374,0.124539023948059,5,1.11466637170492e-06,0.00366344948738386,0.944743740332831
"Astro-4","ITGB1",0.0887225721881534,0.0814561379408178,0.276062739679938,-0.0709285244955761,0.248373668871883,5,0,0,0.647982245007228
"Astro-4","EPG5",0.0287728104399252,0.0653829297099678,0.659889238705417,-0.0993753769953256,0.156920997875176,6,0,0,0.888199857518233
"Astro-4","PSMG2",0.0982505670701733,0.0748196752978591,0.189127408273595,-0.0483933018486116,0.244894435988958,6,0.0046021634405012,13.2055962867896,0.537468212273869
"Astro-4","PRPF3",-0.0236437234380225,0.153130373627002,0.877292326337845,-0.323773740686108,0.276486293810063,6,0.0789292667708234,71.0815948149297,0.967477325539334
"Astro-4","TPI1",-0.161699414575887,0.118619560669703,0.172826846381594,-0.394189481350469,0.0707906521986948,5,0.001477759856651,1.90632362344518,0.517976559762043
"Astro-4","RFX7",0.04209058247386,0.0631710979219026,0.505222603510014,-0.0817224943169221,0.165903659264642,6,0.00573358904877936,25.3087844117059,0.813060064929787
"Astro-4","ST3GAL1",0.198763476121923,0.105620144736837,0.0598535472843437,-0.00824820360418518,0.405775155848032,6,1.29829713393514e-06,0.00167044705113556,0.314044260583175
"Astro-4","AKAP11",-0.0568497942924586,0.0535626583487342,0.288521822374888,-0.161830675572201,0.048131086987284,6,3.92749691451384e-06,0.018254708268377,0.659927216839045
"Astro-4","RAB11A",0.0917096355402392,0.115378791652942,0.426696713174721,-0.134428640679277,0.317847911759756,6,0.022281745731479,29.8072773547286,0.765252331542447
"Astro-4","GANC",0.0426421921847609,0.0684172527363567,0.533109307016002,-0.0914531590996727,0.176737543469195,6,0,0,0.824840106059658
"Astro-4","NKAIN3",-0.0756788401102657,0.0597984572624684,0.205668830169029,-0.192881662675761,0.0415239824552299,6,2.38637592107166e-06,0.00959788344442432,0.561962556469853
"Astro-4","MTCH2",-0.0244669422349916,0.0746740848232439,0.743176531667127,-0.170825459067039,0.121891574597056,5,0,0,0.922448371558098
"Astro-4","STPG2",0.134348160435071,0.316909485818859,0.671615202754231,-0.486783018128999,0.755479338999141,6,0.512272069792457,91.7432139304725,0.894553541056958
"Astro-4","GABPB2",-0.133094961521702,0.0826759135461104,0.107432872571903,-0.295136774461025,0.0289468514176215,6,0,0,0.421453778146702
"Astro-4","HTRA1",-0.0987031199958643,0.0728727481210862,0.175590114698904,-0.241531081767652,0.0441248417759235,6,0,0,0.521518872477115
"Astro-4","UBE3D",-0.00453028899414345,0.0787272307427572,0.954111763850027,-0.158832825852522,0.149772247864235,6,1.49411100500375e-06,0.00347213962638208,0.990940949638495
"Astro-4","RAMP1",0.0171043192512759,0.0614518777612475,0.780753826423846,-0.103339147943127,0.137547786445679,6,0,0,0.937378177624084
"Astro-4","BNIP3L",-0.033515066618764,0.300276460000481,0.911129445082182,-0.622046113624888,0.55501598038736,5,0.386021095851918,92.0606523766476,0.977811773986367
"Astro-4","RAB1A",0.0860692232355201,0.057484875280763,0.13432824805986,-0.0265990619705521,0.198737508441592,6,3.83322982715004e-06,0.0154032296235252,0.467623257426995
"Astro-4","SUFU",0.0197862271743407,0.0734864141445914,0.787737199518471,-0.124244497902053,0.163816952250735,6,1.65132809405091e-06,0.00436686028741268,0.94007131833708
"Astro-4","WWP2",0.0160084830910695,0.0703665494858233,0.82003394073194,-0.1219074196175,0.153924385799639,6,0,0,0.951684798653525
"Astro-4","MAMLD1",0.0889265955415481,0.0753395221196005,0.23786319981621,-0.0587361544253275,0.236589345508424,6,2.73854419028606e-06,0.00688723294073107,0.602601483022329
"Astro-4","PPP4R4",0.0844637998077635,0.0726858851060506,0.245219810390543,-0.057997917184512,0.226925516800039,6,0,0,0.612712993757157
"Astro-4","SDK1",0.0615218390542329,0.093275120511106,0.509527280078434,-0.121294037801168,0.244337715909634,6,0,0,0.814908589027067
"Astro-4","ZFP36L1",-0.0775433189394683,0.131070819945664,0.554109163915478,-0.334437405457105,0.179350767578168,6,0.0405648566186729,44.0373513158015,0.837934364571721
"Astro-4","NAA35",0.0476335646663815,0.0562571043325212,0.39715567493768,-0.0626283336998722,0.157895463032635,6,4.47421301589904e-06,0.0200959157028153,0.744683932890357
"Astro-4","SLC38A6",0.0149742137626637,0.0707838300328762,0.832459283247491,-0.123759543789578,0.153707971314906,6,4.49321153118072e-07,0.00129929047573097,0.955880328717664
"Astro-4","CNKSR2",0.12059510459324,0.0668092466827713,0.0710643432046624,-0.0103486127392437,0.251538821925724,6,3.82739789707465e-06,0.0125072733301865,0.339944257126822
"Astro-4","SARAF",0.00631425052110338,0.0730393817817487,0.931108745318927,-0.136840307224195,0.149468808266402,6,1.02302846583318e-06,0.0026875137730464,0.987295453105121
"Astro-4","MKNK1",0.00816578608248162,0.143599282453923,0.95465266365018,-0.273283635733002,0.289615207897965,6,0.0667703122854454,67.9398909366378,0.991141347291963
"Astro-4","MBTD1",0.00421179401751138,0.0613029647637962,0.94522477808313,-0.115939809065057,0.12436339710008,6,0,0,0.98916607490031
"Astro-4","PWWP2A",-0.102434668228959,0.0651496170394712,0.115881258632222,-0.230125571232899,0.0252562347749819,6,0,0,0.438326478288916
"Astro-4","TLK1",-0.00785097308405115,0.0499962748732548,0.875220289901353,-0.105841871196795,0.0901399250286932,6,0,0,0.966536449135528
"Astro-4","SLC25A13",-0.0516250176702331,0.0808384440200954,0.523070404310337,-0.210065456515877,0.106815421175411,5,0.011626022470077,39.3804575064807,0.821452141559246
"Astro-4","LRRC8B",0.0385423380248867,0.0825485367378966,0.640567731022053,-0.123249820957872,0.200334497007645,5,4.94368815507199e-07,0.00127028418320022,0.880794449479828
"Astro-4","THOC1",-0.0350200692652141,0.0576433473873423,0.543499165702399,-0.147998954092736,0.0779588155623078,6,0,0,0.830458657067035
"Astro-4","ANGPTL4",0.258709923447238,0.155733408897466,0.0966660861276418,-0.0465219491814456,0.563941796075921,6,1.19457368776812e-06,0.000705311908887374,0.400599516258862
"Astro-4","TUBB2B",0.285987375842769,0.250367508626277,0.253341671473262,-0.204723923963755,0.776698675649294,6,0.236197207918449,70.1511314576136,0.619960667377668
"Astro-4","IGF2R",0.0526863817203447,0.061998436834871,0.395435302181722,-0.068828321573784,0.174201085014473,6,0,0,0.742733019434857
"Astro-4","TSEN2",0.0077018274621819,0.0694472145735968,0.911694145581783,-0.128412211928693,0.143815866853057,5,0,0,0.977985361100006
"Astro-4","TMEM87A",0.086090564626028,0.0624763080095351,0.168212123364819,-0.0363607489596922,0.208541878211748,6,0,0,0.51441038695325
"Astro-4","FAM167A",-0.140501117972572,0.0893108912020855,0.115679710578677,-0.315547248155835,0.0345450122106904,5,3.08424169081406e-06,0.0066827485193908,0.438170998044893
"Astro-4","PKP4",0.0157738009175313,0.0737404437212185,0.830617425853226,-0.12875481298006,0.160302414815122,5,0,0,0.955880328717664
"Astro-4","DIAPH2",0.188426066456486,0.118019471374712,0.110362121626408,-0.0428878469124055,0.419739979825378,6,0.0239732501622608,30.9257751320639,0.428384258755856
"Astro-4","SCD5",0.0526052091742953,0.0466803746677117,0.259774844950488,-0.0388866439592555,0.144097062307846,6,3.74770558909914e-07,0.00229266886301843,0.62755193831754
"Astro-4","CEP164",-0.0269134394008968,0.0578177670153583,0.641582490689559,-0.140234180417527,0.0864073016157332,6,0,0,0.880794449479828
"Astro-4","UVRAG",-0.0732639744445047,0.0551150199219711,0.183751536603702,-0.181287428498776,0.0347594796097662,6,6.94026492336955e-06,0.0321752129721517,0.532440792004999
"Astro-4","HDLBP",0.0667305700873902,0.0831947844927193,0.422494882467285,-0.0963282112199109,0.229789351394691,6,0.0114955728017444,30.6924029450859,0.762615517900298
"Astro-4","SGK1",-0.191057766445209,0.0850125204293388,0.024614003314726,-0.357679244721689,-0.0244362881687295,6,2.72726848276475e-06,0.0053305444037382,0.198106654563521
"Astro-4","MRPS25",-0.0120108754823157,0.0611700485497077,0.84433448280419,-0.131901967572309,0.107880216607678,5,0,0,0.960050601108412
"Astro-4","DNAJC13",-0.0455634974090955,0.0630899562664259,0.470172195713367,-0.169217539477497,0.0780905446593063,6,0,0,0.792128480254908
"Astro-4","SH3BP2",-0.0416958620418341,0.0989693794378391,0.673535569263744,-0.235672281312278,0.15228055722861,5,0,0,0.895504722475508
"Astro-4","NEGR1",-0.0460537891353709,0.0778050249563502,0.553908990979551,-0.198548835866057,0.106441257595316,6,0.00643615222948693,17.7075200858475,0.837934364571721
"Astro-4","SIPA1L3",0.081201075698046,0.06666468513857,0.223204083741952,-0.0494593062142538,0.211861457610346,6,0,0,0.583460528552679
"Astro-4","SPOCK2",-0.0869212264307659,0.0862030312534843,0.31329537555428,-0.255876063045776,0.082033610184244,6,0.00752620243876227,16.6819254895262,0.678552937630837
"Astro-4","NALCN",-0.0674954271817554,0.0758743462060192,0.37369763478123,-0.216206413096076,0.0812155587325655,6,0.00969501862314208,30.5538234967462,0.724697312076616
"Astro-4","EIF2S3",0.0226459752016607,0.088929657022331,0.798993107051181,-0.151652949719608,0.196944900122929,6,0.0120292934322015,27.1824878107969,0.943385289821347
"Astro-4","KAT2B",-0.0427246233727844,0.0560051101962841,0.445540876417696,-0.152492622307698,0.0670433755621294,6,0.00229818951781294,11.5194873503887,0.775836287481749
"Astro-4","HSPA12A",0.00725373028140724,0.0639327681621508,0.909666885394129,-0.118052192748357,0.132559653311172,6,6.46167174081059e-08,0.000221880294976897,0.977109248382051
"Astro-4","MAU2",0.0647347759130653,0.0677041780027995,0.339000738607115,-0.0679629745753106,0.197432526401441,6,3.18954630885119e-06,0.00969040483198873,0.696884469052338
"Astro-4","ATP6V1C1",-0.0418112279536896,0.0646633476083552,0.517891785176273,-0.16854906038586,0.0849266044784807,6,0,0,0.818023403884558
"Astro-4","GABRB3",-0.00137495661405337,0.076279388024877,0.985618693622079,-0.150879809905568,0.148129896677461,6,0,0,0.997792489645061
"Astro-4","DGKZ",-0.1022632654811,0.0964242977571093,0.288892208836164,-0.2912514163196,0.086724885357401,5,0,0,0.660491052454214
"Astro-4","FAM219A",-0.0167934717702936,0.0755182834607376,0.824021008132721,-0.164806587527626,0.131219643987039,6,0,0,0.952954212665873
"Astro-4","BCL9",0.029846079478661,0.0706097065076355,0.672520805275613,-0.108546402235248,0.16823856119257,6,0,0,0.894837670746747
"Astro-4","SPAG1",0.0905892327048465,0.0833998278197954,0.277388715498023,-0.0728714261387942,0.254049891548487,6,1.93009945948359e-06,0.00400559699294589,0.648555319470209
"Astro-4","NCOA7",0.0651824154986444,0.0690247126754656,0.344998756311602,-0.0701035353884936,0.200468366385782,6,0,0,0.701888825580209
"Astro-4","INSIG1",-1.12682756693473,0.447288232502166,0.0117607596246432,-2.00349639334755,-0.250158740521904,6,1.00662634760283,88.9715581919677,0.133549415945532
"Astro-4","BORCS5",-0.13090808788426,0.0687489301788949,0.0568910065479851,-0.265653515010553,0.00383733924203225,6,0,0,0.307966974990183
"Astro-4","ENO2",0.0289343918094905,0.0855008569360942,0.735053826761748,-0.138644208432566,0.196512992051547,6,0.00805466453356207,18.3374223176815,0.9173121134897
"Astro-4","ZNF236",-0.0420581731566268,0.0579776705371528,0.468194286544849,-0.155692319316975,0.0715759730037218,6,0,0,0.791762858437046
"Astro-4","MT1E",0.0828135920994128,0.115166759218392,0.472094417294865,-0.142909108184833,0.308536292383658,6,0,0,0.792540372432973
"Astro-4","SLK",0.0640220878897906,0.0643605390313762,0.319862089887396,-0.0621222506372912,0.190166426416872,6,9.23327817147735e-07,0.00311530386789867,0.682900497192148
"Astro-4","CALN1",-0.283181944764248,0.277156528082495,0.306903916165842,-0.826398757886102,0.260034868357606,6,0.302133794498853,74.9918895756444,0.674786036786509
"Astro-4","ST13",0.0144667219000896,0.0859990865308732,0.866410613901355,-0.154088390403766,0.183021834203945,6,0,0,0.964767735772626
"Astro-4","ATRN",-0.0192794803987217,0.052900110612851,0.715521509102913,-0.122961791978095,0.0844028311806514,6,0,0,0.911209718517162
"Astro-4","NECAB1",0.00119686469535949,0.140579183635795,0.993207043172995,-0.274333272206842,0.276727001597561,5,0.039842478027363,43.6462160658581,0.998372512258354
"Astro-4","MALRD1",0.0731764630672173,0.0978423591578157,0.454519474776494,-0.118591037044534,0.264943963178969,6,4.33541107370417e-06,0.00660824715924857,0.782206050853841
"Astro-4","UBQLN1",0.0124875016631625,0.0724825868063409,0.863215220349879,-0.129575757983564,0.154550761309889,6,0,0,0.964767735772626
"Astro-4","EIF3K",0.0136358661719676,0.0838731016959217,0.870851225893589,-0.150752392423704,0.178024124767639,6,0,0,0.965675903401653
"Astro-4","AEBP1",0.0210057768317258,0.152065128900171,0.890132372345665,-0.277036399117051,0.319047952780502,6,0.0452023704569979,35.0420298331406,0.973135147503209
"Astro-4","BSG",-0.00601657470141667,0.080579274494231,0.94048003963499,-0.163949050610476,0.151915901207643,6,0,0,0.988287010175912
"Astro-4","ST7",-0.0458256308790371,0.0611196882802319,0.453394006723193,-0.165618018654606,0.0739667568965323,6,0,0,0.781433575353658
"Astro-4","GGA2",0.0706566236582793,0.0676586910146153,0.296342151497865,-0.0619519739714904,0.203265221288049,6,6.63716766872727e-06,0.0196497641190489,0.666647788913237
"Astro-4","ITSN1",0.107832748850342,0.0537936559295034,0.0450098321640388,0.00239912063177615,0.213266377068908,6,0,0,0.273580805224433
"Astro-4","FSTL1",0.162571199167714,0.0945580276959698,0.0855644136362576,-0.0227591295655279,0.347901527900956,6,0.0140901271200346,28.7901411941929,0.37568555247688
"Astro-4","CCDC50",0.0140385372284233,0.076514127499096,0.854424228716739,-0.135926396978311,0.164003471435157,5,0,0,0.963034489733971
"Astro-4","KPNA4",-0.0346278732987653,0.0697512392663814,0.619578264724754,-0.171337790137909,0.102082043540378,6,0,0,0.870629401061643
"Astro-4","MEIS1",0.0815415140030662,0.149275660318898,0.584895553118931,-0.211033403990408,0.37411643199654,6,0.061703878052596,57.0921528397654,0.850377160588007
"Astro-4","TTC7B",0.00576038622090077,0.0553172838987339,0.917063351150876,-0.102659497943195,0.114180270384997,6,0,0,0.980043049107041
"Astro-4","MRPS5",0.0624619548391635,0.0984208141049541,0.525662111221772,-0.130439296135658,0.255363205813985,5,0.0214701759060667,51.9551173312684,0.822448138497083
"Astro-4","SPG7",0.0125931048147256,0.0645270694272538,0.845267668683093,-0.113877627290607,0.139063836920059,5,0,0,0.960050601108412
"Astro-4","ANKRD36",0.0802504686361746,0.0544641682314125,0.140628549380928,-0.0264973395453244,0.186998276817674,6,2.69919323407001e-07,0.00126213660619739,0.478410372720453
"Astro-4","MAP1A",0.00588241835651068,0.0840044364002914,0.944173688419425,-0.158763251529646,0.170528088242667,5,0,0,0.98916607490031
"Astro-4","KIAA0825",-0.0326869440974329,0.0694301367406615,0.637791426208951,-0.168767511550821,0.103393623355955,6,0,0,0.880658082917113
"Astro-4","FTX",-0.076645699531539,0.053901464697979,0.155038009912496,-0.182290629053535,0.0289992299904569,6,0.00667134357730734,46.4541162902738,0.497647147105025
"Astro-4","NRXN1",-0.180838686896609,0.0624076164563884,0.00375907349687874,-0.303155367512119,-0.0585220062810984,6,0,0,0.0686690951168953
"Astro-4","CFAP44",-0.0420554663554542,0.0824195713145152,0.609868847027316,-0.203594857753135,0.119483925042226,6,0,0,0.863516474361982
"Astro-4","UNK",-0.038034418133829,0.0679331825552304,0.575561413089671,-0.171181009297265,0.0951121730296073,6,0,0,0.844844392502818
"Astro-4","PLEKHA1",0.00317392571856373,0.0699013075786054,0.963783847456746,-0.133830119607759,0.140177971044887,6,0,0,0.994460940404121
"Astro-4","DCTN4",0.0273101217944026,0.0626091865195125,0.66269169010965,-0.0954016288851925,0.150021872473998,6,3.97877357949738e-07,0.00138957211283259,0.889842018566866
"Astro-4","ATAD2B",0.0206211033856022,0.0471047322609453,0.661552023738277,-0.0717024753472526,0.112944682118457,6,0,0,0.889561091496422
"Astro-4","SUZ12",0.0648735973315382,0.0585339285997979,0.267728998731429,-0.0498507945977048,0.179597989260781,6,0,0,0.635798170030898
"Astro-4","FIRRE",-0.0704801694024354,0.0969611992739576,0.467293070231018,-0.260520627877204,0.119560289072333,6,4.68957172456764e-06,0.00719076742979685,0.791427829333899
"Astro-4","ACTG1",0.0647765091368571,0.187072639166683,0.729144365868794,-0.301879126122698,0.431432144396412,6,0.129815056172009,72.2025550858017,0.916841668946321
"Astro-4","ME2",-0.000242487813888461,0.0635849958060752,0.99695719388736,-0.124866789550926,0.124381813923149,5,1.24202887489851e-07,0.000526477787558369,0.99841954400674
"Astro-4","NCK2",0.0385857528627258,0.0810622515403314,0.634073313341165,-0.12029334066205,0.197464846387502,5,0,0,0.878566321022183
"Astro-4","MMP16",0.0522360694401501,0.106323137235083,0.623217524860928,-0.156153450263922,0.260625589144222,6,0,0,0.871984313264864
"Astro-4","B3GALNT2",-0.168133979538951,0.0979860098673733,0.0861807480120114,-0.360183029867789,0.0239150707898868,6,0.0141055408139145,25.9863134991345,0.376575396513285
"Astro-4","DNAJB2",-0.106237704356437,0.0822854714752953,0.196673503596295,-0.267514264898914,0.0550388561860393,6,2.84548073164446e-06,0.00603244215740486,0.548636709214997
"Astro-4","GPSM2",-0.0470655525434843,0.0701722654314196,0.50240245454606,-0.184600665502652,0.0904695604156832,6,0,0,0.810671257527498
"Astro-4","LIN52",-0.0233505672631177,0.0684351092298437,0.732947435503696,-0.157480916631676,0.110779782105441,6,1.3424346593417e-08,4.10389292823301e-05,0.917049798221225
"Astro-4","DPP6",-0.211217150055905,0.0906783699150475,0.0198431649473635,-0.388943489266199,-0.0334908108456118,6,1.82187844111336e-06,0.00325948444009558,0.176896342614441
"Astro-4","LMF1",0.0250552057714161,0.0836332230439734,0.764494213882948,-0.138862899305777,0.188973310848609,5,0,0,0.930620130263641
"Astro-4","SNTB1",-0.0149885730124897,0.0730181172369255,0.837359639857039,-0.158101453015787,0.128124306990808,6,4.58287404931964e-06,0.0122733431761484,0.957433190893688
"Astro-4","MSRA",0.0856569587637841,0.0660640168353357,0.194777426973276,-0.0438261349075216,0.21514005243509,5,0.00313362486521392,13.5677454636118,0.546130920911515
"Astro-4","SLC1A4",-0.0500279933201437,0.0859391623817487,0.560477326657941,-0.218465656449911,0.118409669809623,6,0,0,0.841255058589083
"Astro-4","TMED8",-0.0581733132898505,0.0766893667520181,0.448117156260009,-0.208481710120989,0.0921350835412883,6,0.00350778553907073,9.28255408923507,0.777514583066128
"Astro-4","MACROD2",-0.0386777881940202,0.0637144282311839,0.543818308341742,-0.163555772822703,0.0862001964346622,6,0,0,0.830458657067035
"Astro-4","GRK4",-0.115063541978838,0.081378203695383,0.157380802305651,-0.274561890348353,0.0444348063906767,6,0.00915713137830756,24.0976003920785,0.498905364012459
"Astro-4","MDM4",-0.0192651998179113,0.0495378962931078,0.697351437067229,-0.116357692422283,0.0778272927864603,6,4.49734369645039e-06,0.0257946854918758,0.905595232824823
"Astro-4","GBF1",0.044480445731056,0.0784929638839245,0.570931152911612,-0.109362936521239,0.198323827983351,6,0.0108324678476426,32.4872677684946,0.843676875377731
"Astro-4","PTPN14",-0.00373728322767234,0.0771504401606481,0.961364384025538,-0.154949367333955,0.147474800878611,6,0,0,0.994460940404121
"Astro-4","SLAIN2",-0.0260879215861284,0.0635338966084304,0.681355432881214,-0.150612070736143,0.0984362275638867,6,0,0,0.898762706258046
"Astro-4","HNRNPL",-0.055796474446075,0.0831422630906047,0.502159112534883,-0.218752315696814,0.107159366804664,5,0,0,0.810671257527498
"Astro-4","USP32",0.101635058335662,0.0599154071327521,0.0898273327968248,-0.0157969817635863,0.219067098434911,6,0,0,0.386328261209651
"Astro-4","RBMX",-0.0857993466524324,0.0537410564572225,0.110369941397204,-0.191129881799722,0.0195311884948574,6,7.41167245392322e-10,3.65180547021132e-06,0.428384258755856
"Astro-4","ZNF652",0.0457795796539551,0.061439680074805,0.456202669874446,-0.074639980514326,0.166199139822236,6,0,0,0.783076116797788
"Astro-4","CSPP1",-0.00232103887619061,0.0655434179409678,0.971751029231298,-0.130783777464144,0.126141699711763,6,0.00553494964683538,22.2247387081686,0.994460940404121
"Astro-4","SERP1",0.0204892358518178,0.0682996556495106,0.764184535976944,-0.11337562937771,0.154354101081346,6,0,0,0.930620130263641
"Astro-4","TOP2B",-0.0557528146620184,0.0558058085104915,0.317770282523221,-0.165130189470721,0.0536245601466837,6,0,0,0.682298665243009
"Astro-4","HECW2",-0.167713592569898,0.110547675414004,0.129237523892319,-0.384383054955969,0.0489558698161741,5,0.00129586860683364,1.90645812999544,0.460466637638517
"Astro-4","GPR155",0.0456951349238528,0.0830601638132912,0.582219914718893,-0.117099794700195,0.208490064547901,6,0,0,0.8489282365709
"Astro-4","PPP3CB",-0.00785209856684238,0.052831236623283,0.881848708151854,-0.111399419607191,0.0956952224735058,6,0,0,0.968951447178722
"Astro-4","FAM168A",-0.10804937793771,0.0690882877110738,0.117833559101323,-0.243459933604956,0.0273611777295359,6,0.00951667611403219,37.9670305986729,0.441765735958327
"Astro-4","HIP1",-0.0521122299247012,0.0774441894666023,0.501010626036892,-0.203900052091138,0.0996755922417355,6,1.82481570569002e-06,0.00435025588730761,0.810600441702961
"Astro-4","ILF3",-0.00049249556348275,0.0664872620436966,0.994089830129748,-0.130805134599805,0.12982014347284,6,0,0,0.998372512258354
"Astro-4","WDR41",0.0390196617839613,0.0587439891599212,0.506541569888931,-0.0761164412776957,0.154155764845618,6,0,0,0.8137441337451
"Astro-4","ITM2C",0.127326935300876,0.146042390956385,0.383290674032933,-0.158910891189758,0.413564761791509,6,0.0560222996898967,52.1376639800541,0.732517026440826
"Astro-4","GTF2I",0.0177624287128494,0.0396572693205529,0.65422650067974,-0.0599643908806394,0.0954892483063383,6,0,0,0.884548954399112
"Astro-4","CYSTM1",-0.0711317703699817,0.0683427639170623,0.297964157389672,-0.205081126251347,0.0628175855113839,6,0,0,0.667738225551382
"Astro-4","MARK4",0.00867745800581838,0.0728432116594893,0.905176211338079,-0.134092613365009,0.151447529376645,6,1.70104760511883e-06,0.00460758687283405,0.975932188379113
"Astro-4","GLI3",-0.0440663526729365,0.0703639833791178,0.5311425127744,-0.181977225904782,0.0938445205589094,6,0,0,0.824840106059658
"Astro-4","TRIM8",-0.0214535740373953,0.0787972057073968,0.785419701984304,-0.175893259306287,0.132986111231496,6,0,0,0.939544987349599
"Astro-4","JMY",-0.0307042066711356,0.0739158217241193,0.677853321781502,-0.175576555138093,0.114168141795822,6,0,0,0.897045829212316
"Astro-4","GFPT2",-0.242781269633601,0.212219100724507,0.252618520170383,-0.658723063885112,0.173160524617911,6,0.168169565212158,69.205469507386,0.619058122799121
"Astro-4","PAPSS1",-0.0885325530777902,0.0764276475711404,0.246707424453795,-0.238327989740345,0.0612628835847651,6,0.000482461916216201,1.17919604432375,0.614524701153615
"Astro-4","MBP",-0.141113276498175,0.102700209942217,0.16943204555514,-0.342401989189623,0.0601754361932725,5,1.05483042104714e-06,0.00169184702592321,0.51441038695325
"Astro-4","USP22",0.00670543201679206,0.0615911803649822,0.913305598996991,-0.114011063263884,0.127421927297468,6,1.02917847867672e-06,0.00373710753924725,0.978237578761448
"Astro-4","HMGN1",0.0552681089618186,0.0978355935872327,0.572136345745012,-0.136486130875255,0.247022348798893,6,0.0127500148696443,23.0678896975064,0.843676875377731
"Astro-4","RPL36",0.348593717904725,0.46793032009074,0.45629028576123,-0.568532856747424,1.26572029255687,5,0.985327528881778,94.7039770088515,0.783076116797788
"Astro-4","KIAA1755",0.1480119674469,0.079510488660375,0.0626679354095222,-0.00782572672061585,0.303849661614415,6,0,0,0.319632814712748
"Astro-4","UPP2",-0.0399274433116344,0.103551560641247,0.699807514741953,-0.242884772711394,0.163029886088125,6,0.0170527779727142,27.9564363062973,0.90662458887787
"Astro-4","ANGPT1",0.168866155131209,0.15668301247601,0.281142379932496,-0.138226906311009,0.475959216573428,6,0.0527695867524724,38.8236672897423,0.650880038627665
"Astro-4","GALK2",0.071305472298456,0.0613383639255999,0.245034911662531,-0.0489155118663306,0.191526456463243,6,0,0,0.612531207094161
"Astro-4","MICU2",-0.0208361287946981,0.0585118788928183,0.721765053671467,-0.135517304092391,0.0938450465029952,5,0.000763549027001769,3.97895413055113,0.913496507518516
"Astro-4","DNAJB6",0.105765778389536,0.0821117572719221,0.197721227589452,-0.0551703085707265,0.266701865349798,6,5.21978147364039e-07,0.00113807606863144,0.550154531377273
"Astro-4","NR2C1",0.0573257549431346,0.0590913827032909,0.331986489047979,-0.0584912269519887,0.173142736838258,6,0,0,0.692097477880131
"Astro-4","GRIPAP1",-0.104963725273575,0.0761036292496756,0.167826618578465,-0.254124097695728,0.0441966471485779,6,0,0,0.514404596338706
"Astro-4","PCBP2",-0.0200204950877684,0.0940190471207703,0.831373105296909,-0.204294441305252,0.164253451129716,6,0.0182762773632091,39.6156641852334,0.955880328717664
"Astro-4","LYN",0.0435899433802555,0.114458214401232,0.703324070281285,-0.180744034580923,0.267923921341434,6,3.52110099878297e-08,3.52879567405395e-05,0.908328252091008
"Astro-4","CDK19",-0.0435359788979244,0.0560605133010281,0.437401283609595,-0.153412565922768,0.0663406081269193,6,1.06656030509741e-06,0.00480398315999986,0.772015558799253
"Astro-4","ANKAR",0.0223168840678329,0.0592084861411709,0.706232788393908,-0.0937296163480009,0.138363384483667,6,0,0,0.909549656068508
"Astro-4","EXOC2",0.0328975800281714,0.059662176200086,0.581361154050666,-0.0840381365632799,0.149833296619623,6,0,0,0.848877826274646
"Astro-4","PTPRK",0.137407204810143,0.0739719085721685,0.0632316264131374,-0.00757507185899686,0.282389481479283,6,1.69717097769252e-06,0.00451842477420162,0.321025423522964
"Astro-4","STT3B",0.0301918875819378,0.067138531774056,0.652930102825482,-0.10139721667011,0.161780991833986,6,0,0,0.884548954399112
"Astro-4","RAPGEF4",-0.062171886697332,0.107369018926241,0.562556339241811,-0.272611296848163,0.148267523453499,5,0,0,0.842292413634531
"Astro-4","ZRANB3",0.0584332763509014,0.0649249369494205,0.368113422088047,-0.0688172617684966,0.185683814470299,6,0,0,0.720657889406778
"Astro-4","JUN",-0.262191099741771,0.180217471546965,0.14570816318533,-0.615410853358694,0.0910286538751527,6,0.0744731975708105,41.128291223149,0.485414327898841
"Astro-4","RFC1",0.0545874392653084,0.0960905902900811,0.569978550740049,-0.133746656956445,0.242921535487062,6,0.0172448379318656,35.5418305251846,0.843676875377731
"Astro-4","LANCL1",0.016330547596455,0.0697525142900414,0.814890829620171,-0.120381868243142,0.153042963436052,5,0,0,0.949633819369613
"Astro-4","SGCE",0.0307456133395848,0.0599198288525663,0.607872626302486,-0.0866950931712491,0.148186319850419,6,0,0,0.861938502947161
"Astro-4","FAM193B",0.00457850643061303,0.0673715095862126,0.945818201032528,-0.127467225942459,0.136624238803685,6,0,0,0.98916607490031
"Astro-4","CASC3",-0.0233064690728533,0.0654702716226854,0.721851404776822,-0.151625843511371,0.105012905365665,6,2.83461813762662e-07,0.000911094749497755,0.913496507518516
"Astro-4","PDE7A",-0.0793155930828376,0.110083313043315,0.471214034995037,-0.295074921946583,0.136443735780908,6,0.023226521875332,35.4081095860626,0.792417198011974
"Astro-4","PDE1A",-0.106497555617194,0.10646564678836,0.317165487461813,-0.315166388913141,0.102171277678754,5,0,0,0.682298665243009
"Astro-4","EPC1",-0.0488109049258839,0.0659621939416001,0.459310284182029,-0.178094429392666,0.0804726195408984,6,0.00807903526831531,35.3792468146332,0.785429418734281
"Astro-4","PPP1R3C",-0.241409704118363,0.242197189606758,0.318886564221867,-0.716107472904426,0.2332880646677,6,0.206622115826116,66.2403217046347,0.682298665243009
"Astro-4","KPNA3",-0.0156050143386924,0.0599407962299562,0.79460116730801,-0.133086816154061,0.101876787476676,6,7.62043149972586e-06,0.0302409016945838,0.941067340022289
"Astro-4","HSPD1",-0.0154129061492834,0.111676142214546,0.890229104933934,-0.234294122822167,0.2034683105236,5,0,0,0.973135147503209
"Astro-4","HSPB8",0.102927493010768,0.130364327866088,0.429798066819396,-0.152581894475536,0.358436880497073,6,0,0,0.768179660002467
"Astro-4","LINC00486",0.00271665560543019,0.0584031358790147,0.962899318309145,-0.111751387301638,0.117184698512498,6,3.68414563074844e-07,0.00153468670203461,0.994460940404121
"Astro-4","AK4",0.0744610396329102,0.0816803264167371,0.361971237225289,-0.08562945838937,0.23455153765519,5,0,0,0.716076384543473
"Astro-4","FGFR1OP2",0.0756619980488613,0.102516975655273,0.460487953249847,-0.125267582039443,0.276591578137166,6,0.0228288392380456,42.4061285899306,0.786025311529902
"Astro-4","ATP1A2",-0.109801185979445,0.0939182229287839,0.242357375078086,-0.293877520411866,0.074275148452975,6,0.0190569854794666,40.7926740816064,0.608064300724165
"Astro-4","CKAP5",-0.0607269775729515,0.0766237953522599,0.428049264364125,-0.210906856822148,0.0894529016762454,6,0.00539027447731938,14.9399586747052,0.766307794807228
"Astro-4","CAPZA2",0.00574827601763192,0.0623300617606086,0.926520727760646,-0.116416400187318,0.127912952222582,6,0,0,0.984923434017955
"Astro-4","PBRM1",0.0259297126138522,0.0493151098380323,0.599029600071501,-0.070726126562328,0.122585551790032,6,0.00155334716145372,9.94132442050631,0.857191426667681
"Astro-4","FOCAD",0.00294895941677242,0.052820187298974,0.955477109579843,-0.100576705345877,0.106474624179421,6,1.92725071909668e-06,0.00992409302629327,0.991793229290214
"Astro-4","CGNL1",0.0256929121226064,0.0719042728105467,0.720851453770331,-0.115236872920608,0.166622697165821,6,0,0,0.913404076970536
"Astro-4","ELMO1",-0.159703416771986,0.10433346403633,0.125843119215699,-0.364193248665497,0.0447864151215259,5,0,0,0.453999416879886
"Astro-4","NAA16",0.0392910710027498,0.0640180496670748,0.539380614377079,-0.0861820007052131,0.164764142710713,6,0,0,0.829185734795273
"Astro-4","ELOVL5",-0.847058243256235,0.6404724596807,0.185984348213128,-2.10236119732019,0.40824471080772,6,2.22772480627224,95.0813297147352,0.533937401990279
"Astro-4","EML6",-0.0793610379910925,0.0575657748741767,0.168013503899376,-0.19218788348662,0.0334658075044345,6,0,0,0.51441038695325
"Astro-4","EXOC1",0.0450492138555005,0.0738311566896513,0.541752277766426,-0.0996571941931495,0.18975562190415,6,0.00820716683200568,27.0076762593309,0.830421490174241
"Astro-4","ZFYVE9",0.011440766006631,0.0586674700843554,0.845384816600828,-0.103545362422787,0.126426894436049,6,0,0,0.960050601108412
"Astro-4","ARMCX4",-0.0512895002519169,0.0628568433316633,0.414515457925288,-0.174486649363854,0.0719076488600198,6,0,0,0.758033717485782
"Astro-4","PPP1R21",0.00552278155685676,0.0619484605195321,0.928961722447104,-0.115893969959128,0.126939533072841,6,0,0,0.985898483178208
"Astro-4","HIBCH",0.043900568598178,0.0467252782768966,0.347450263420869,-0.0476792939921511,0.135480431188507,5,0,0,0.705491947511073
"Astro-4","PLCH1",0.117702264069746,0.0866679298490707,0.174437268680367,-0.0521637570490768,0.287568285188568,6,0.0100076852372143,23.0502393734356,0.520047240289553
"Astro-4","GABRG1",0.07084448314118,0.0862086932710112,0.411202757735125,-0.0981214508242624,0.239810417106622,6,2.52124558488601e-06,0.00481976388924893,0.755141328394123
"Astro-4","PCSK7",0.0183151809353401,0.0803692400864998,0.819733354946756,-0.139205635099052,0.175835996969733,6,0,0,0.951684798653525
"Astro-4","OSGIN2",-0.191067559615683,0.24726159841232,0.439679543642834,-0.675691387263636,0.293556268032269,6,0.23304639669316,73.4236304579838,0.773688681500373
"Astro-4","EVL",-0.130905977565898,0.0790923919131335,0.0979038053596906,-0.285924217166767,0.0241122620349705,6,0.00887859069683789,25.0864090312914,0.403072663334167
"Astro-4","DOK5",-0.0168512935776166,0.141316270012628,0.905081060126966,-0.293826093231905,0.260123506076671,6,0.0641294336024054,62.7411629444081,0.975932188379113
"Astro-4","SERINC3",-0.0162743721505632,0.0797319754492962,0.838264809059533,-0.172546172447415,0.139997428146289,5,1.02498144712152e-07,0.000276333101466427,0.95806704061167
"Astro-4","LONRF2",0.0368960323508669,0.0581060210044928,0.525442905541081,-0.0769896761028669,0.150781740804601,6,0,0,0.822396017670733
"Astro-4","HERC4",0.00735105296644152,0.0472445908372567,0.876351751539941,-0.0852466435389127,0.0999487494717958,6,0,0,0.967192011903649
"Astro-4","PPP4R3B",0.0396717911444052,0.0548655847384718,0.469635392455842,-0.06786277893373,0.14720636122254,6,0,0,0.791762858437046
"Astro-4","MCCC1",-0.0449007921635984,0.0576409934319136,0.435995470706071,-0.157875063323259,0.0680734789960621,5,0,0,0.771058067058848
"Astro-4","STK39",-0.0530513395798347,0.066560677611118,0.425429396650276,-0.183507870484207,0.077405191324538,6,0,0,0.764122119205461
"Astro-4","RNF216",0.0416402979777044,0.0575836400899684,0.469601723195444,-0.0712215626973505,0.154502158652759,6,0,0,0.791762858437046
"Astro-4","PSEN1",-0.00247116353932708,0.0602196686366204,0.967267338920558,-0.120499545228039,0.115557218149385,6,0,0,0.994460940404121
"Astro-4","TPP2",-0.0811714659326223,0.0693969244295199,0.24213399651468,-0.217186938452329,0.0548440065870845,6,0.00428966051871366,14.3689437971931,0.607783037207346
"Astro-4","ABHD18",0.0406850329211389,0.066983009554819,0.543589916919264,-0.0905992533824085,0.171969319224686,6,0,0,0.830458657067035
"Astro-4","CAMK1D",-0.00925601728309201,0.0733223070925217,0.899544008602618,-0.15296509844782,0.134453063881636,6,0.00743400080328424,23.7319648188449,0.975272418460036
"Astro-4","NCOR2",-0.0190212391267285,0.0666092725198928,0.775211748012849,-0.149573014302132,0.111530536048675,6,5.14595803645537e-06,0.0163415434827609,0.934636945659779
"Astro-4","CAB39",-0.0169383090804369,0.0622921561525037,0.78568568077593,-0.139028691658689,0.105152073497815,6,0,0,0.939657365534953
"Astro-4","PRKRIP1",-0.0612638853267073,0.0594597811028583,0.302849682634897,-0.177802914816945,0.0552751441635303,6,1.88267660367495e-06,0.00729680839042972,0.671720374826831
"Astro-4","PGAP1",-0.0124228625502181,0.0802963377373349,0.877047823893125,-0.169800792605859,0.144955067505423,5,0,0,0.967477325539334
"Astro-4","MAGI1",-0.0404178560269256,0.0498994599024512,0.41794831312919,-0.13821900028373,0.0573832882298793,6,1.38805984045031e-06,0.00797363470922834,0.761452196901813
"Astro-4","ZNF346",0.0316022093305732,0.0698392802532295,0.650909491411156,-0.105280264671956,0.168484683333102,6,0,0,0.883296308593225
"Astro-4","ZNF586",-0.022916906949252,0.0629468070449538,0.715807364585835,-0.146290381699154,0.10045656780065,6,5.95324793329277e-06,0.0214299691055255,0.911315419501552
"Astro-4","TMEM259",-0.0208666977866975,0.0794248905168611,0.79276455108509,-0.176536622675782,0.134803227102387,6,0,0,0.941067340022289
"Astro-4","SMAD9",0.0396338264698817,0.0967062381244143,0.68192527994619,-0.149906917334325,0.229174570274088,6,1.94938752341614e-07,0.000294444681106506,0.898762706258046
"Astro-4","MIA3",-0.0408189860321174,0.0646133615718179,0.527555359681255,-0.167458847632945,0.0858208755687101,6,2.5004524575895e-07,0.000814135323601683,0.82289143036691
"Astro-4","LAMP2",0.00331250474408868,0.0891829563988085,0.970371145812891,-0.171482877832382,0.178107887320559,6,0.0150293605317568,36.647228362529,0.994460940404121
"Astro-4","CXXC5",-0.0586370772382433,0.0828562609907008,0.479133816366474,-0.221032364673668,0.103758210197181,6,4.80830082114063e-06,0.00985919231074498,0.795800174314218
"Astro-4","CSAD",0.0290125000893164,0.0606273618598515,0.632267292379782,-0.0898149456336698,0.147839945812303,6,0,0,0.87739937778922
"Astro-4","GAPDH",0.0200562170979031,0.109006528290726,0.8540205372945,-0.193592652431667,0.233705086627473,6,0.0130712568657181,18.2716629882137,0.963034489733971
"Astro-4","CACNA1D",-0.090635669925221,0.105765566010471,0.391473207194345,-0.297932370110238,0.116661030259796,6,0,0,0.739614893703047
"Astro-4","KLHL24",0.0206003853143059,0.071016241642825,0.771755101276915,-0.118588890623025,0.159789661251637,6,0.00483126458484262,15.7396642188738,0.933213717771643
"Astro-4","MTOR",-0.0983856632817917,0.063143851260139,0.119204933006134,-0.222145337596818,0.0253740110332348,6,0,0,0.445042613861588
"Astro-4","WDPCP",0.00706611605493552,0.0681442548796341,0.917412587873298,-0.126494169262465,0.140626401372336,6,0.00679476780754621,25.7871134435302,0.980062700806496
"Astro-4","ARIH2",-0.0286720527146976,0.0856035003461127,0.737670203727658,-0.196451830343641,0.139107724914245,6,0.0129057943514114,32.9300333146891,0.91884940769908
"Astro-4","SCP2",-0.017851481363191,0.0611698906608784,0.770413204344179,-0.137742263996766,0.102039301270384,5,0,0,0.932416778667827
"Astro-4","TFCP2",-0.050650543773448,0.0743499390809436,0.495716312237248,-0.196373746624844,0.0950726590779484,6,0.00675524015399425,20.7521214929306,0.804920399169068
"Astro-4","RAC1",0.0842709754511247,0.0754822294784879,0.264236134212423,-0.0636714757994992,0.232213426701749,6,0,0,0.632252746179672
"Astro-4","ITSN2",0.0256363740247157,0.0497319020533837,0.606209590417758,-0.0718363628825899,0.123109110932021,6,0,0,0.861148708156513
"Astro-4","TBC1D32",0.0491440346141157,0.0564363234400361,0.383870292141503,-0.0614691267482086,0.15975719597644,6,0,0,0.732881503078294
"Astro-4","GPATCH2",-0.140248872034263,0.0926594323631994,0.130128539361649,-0.321858022294059,0.0413602782255331,6,0.0115313631775356,23.2512878310527,0.461199877819225
"Astro-4","ATG4B",0.0471021781998934,0.0879987264510652,0.592470239981247,-0.125372156329587,0.219576512729373,6,0.00824902554439528,17.7499359907502,0.853235075531662
"Astro-4","YME1L1",0.0483468026134109,0.0627958148305518,0.441356334697354,-0.0747307328343167,0.171424338061139,5,4.2759580939065e-06,0.0187464585409415,0.774513785967693
"Astro-4","PLEKHO1",-0.0320535604072557,0.0927262258295472,0.729583551464897,-0.213793623455496,0.149686502640985,6,9.03521357929692e-06,0.0145188211850948,0.916841668946321
"Astro-4","NDUFS4",0.043180798281837,0.0669655495664608,0.519043136817338,-0.0880692670733579,0.174430863637032,5,0.00364706164093566,15.4973742322612,0.818822871362835
"Astro-4","COLGALT2",-0.139563145453851,0.0838126187180332,0.0958767332240639,-0.303832859591183,0.0247065686834819,6,7.06507652934889e-06,0.0145902932261855,0.399042842043646
"Astro-4","MAGI2",0.0123939060046843,0.0429303125544105,0.772812303818226,-0.071747960447008,0.0965357724563766,6,0,0,0.933569233142675
"Astro-4","MID1",0.0341573472050237,0.0665186581479908,0.607601439992181,-0.0962168270649701,0.164531521475018,6,0,0,0.861938502947161
"Astro-4","TNPO1",0.115941884505982,0.0553906601460793,0.0363342775234796,0.00737818553976799,0.224505583472195,6,0,0,0.245641301703438
"Astro-4","IFT172",0.0840789450810003,0.0600150509504219,0.161224742790411,-0.033548393312163,0.201706283474164,6,0,0,0.505226359794164
"Astro-4","STRN",-0.0224505213264479,0.0615799107446415,0.715428371783528,-0.143144928557136,0.0982438859042405,6,0,0,0.911209718517162
"Astro-4","CFAP47",-0.0562097356585486,0.114058866165554,0.622144453874182,-0.279761005460508,0.167341534143411,6,0.000374282817783848,0.442548535170188,0.871552211630741
"Astro-4","CD81",0.150824418429364,0.088002155402177,0.0865522607758953,-0.0216566367207997,0.323305473579528,6,0.00531429286209682,10.719334535914,0.377005366949392
"Astro-4","EXOC6B",-0.00444471866140818,0.0378905516119973,0.906619042546122,-0.0787088351752789,0.0698193978524626,6,0.000234928269389351,2.3594938568258,0.976392362208728
"Astro-4","ATR",0.072421297444926,0.0925021300385103,0.433677077249591,-0.108879545923795,0.253722140813647,6,0.0136363894720334,28.5234448859246,0.770902953731178
"Astro-4","GNPTAB",-0.0286605826883938,0.0662277851684367,0.665190820884674,-0.158464656394386,0.101143491017598,6,0,0,0.892038365743208
"Astro-4","ARFIP1",-0.0364742655606663,0.0662577487982087,0.581982946586254,-0.166337066901857,0.0933885357805247,6,4.27672878103465e-08,0.000139737058625221,0.848877826274646
"Astro-4","TMEM108",-0.172799312367411,0.0838874087769778,0.0394085131735974,-0.337215612326677,-0.00838301240814551,6,0,0,0.256554587549689
"Astro-4","CUX1",-0.0641136044101455,0.05344448218673,0.230283068249057,-0.168862864668529,0.0406356558482377,6,0,0,0.593150969402573
"Astro-4","NUBPL",-0.0318643603697554,0.0579958016204692,0.582713619480637,-0.145534042800405,0.0818053220608939,5,2.65190752306049e-06,0.0134005908500234,0.849421347638975
"Astro-4","NMT1",0.0457594343111925,0.0805595988001366,0.570021632022859,-0.112134477946071,0.203653346568456,6,0.00960749991664251,26.1757542005366,0.843676875377731
"Astro-4","ZNF721",0.00261252399037747,0.06323406008893,0.967044664094216,-0.121323956380167,0.126549004360922,6,0,0,0.994460940404121
"Astro-4","DNAJC7",0.0642955554161104,0.0678388643142087,0.343247194273585,-0.0686661753918381,0.197257286224059,6,0,0,0.700405112321174
"Astro-4","WDFY2",0.0495693464774107,0.0467729938173687,0.289242138096005,-0.0421040368537465,0.141242729808568,6,0,0,0.660491052454214
"Astro-4","FBXO9",-0.0150142677858058,0.0639462369224627,0.814367714114046,-0.140346589100698,0.110318053529087,6,4.79941031346287e-06,0.0159630423185361,0.949616228269735
"Astro-4","PRICKLE2",0.0244232199598743,0.0659624531536917,0.711189203167537,-0.104860812553272,0.153707252473021,6,0,0,0.910591477911432
"Astro-4","SLCO3A1",0.0436354679112018,0.0829344825935765,0.598788264075038,-0.118913131048672,0.206184066871076,6,1.08145721515306e-06,0.00230708242800796,0.857191426667681
"Astro-4","TAX1BP1",0.041410595437801,0.0787308073508613,0.598904173558713,-0.112898951443649,0.19572014231925,6,0.012065789978636,37.4291197074607,0.857191426667681
"Astro-4","ST3GAL5",0.0249237841394723,0.0662410443166833,0.706724412368134,-0.104906277019549,0.154753845298493,6,0,0,0.909549656068508
"Astro-4","EIF5",-0.072235296331238,0.0708869871335327,0.308193212476405,-0.211171238085516,0.0667006454230403,6,0,0,0.676285589900318
"Astro-4","FAM66C",0.0515564851283802,0.0683212047412122,0.450477568000021,-0.0823506155447829,0.185463585801543,6,2.66270076732585e-06,0.00785066420751156,0.779628794808654
"Astro-4","CAPRIN2",-0.00328307988583069,0.0592341757788918,0.955799533768444,-0.119379931066373,0.112813771294712,6,0,0,0.991879415709195
"Astro-4","PURG",-0.00605262797209101,0.0716803098401145,0.932707241981624,-0.146543453659387,0.134438197715205,6,0,0,0.987295453105121
"Astro-4","VPS8",-0.0590825777101688,0.0527109236702787,0.262339287726242,-0.162394089695755,0.0442289342754172,6,2.4000862427822e-08,0.000123671045752574,0.630796994030026
"Astro-4","NAPEPLD",-0.0790237079445908,0.0748524134233126,0.291092994135152,-0.225731742410186,0.0676843265210044,6,4.59634443806531e-06,0.0116793193789932,0.661652074060008
"Astro-4","SCD",-0.272812651730504,0.132513460112178,0.0395177845311174,-0.532534261017158,-0.0130910424438503,6,0.034186829938869,36.4348410888657,0.256730156416209
"Astro-4","SDC3",0.0395410304558668,0.0871495040406793,0.650034025141569,-0.131268858734393,0.210350919646126,5,0,0,0.883296308593225
"Astro-4","ANO8",-0.121339989782902,0.0883476625310276,0.169616389034122,-0.294498226462014,0.0518182468962112,6,1.07953888569194e-06,0.00195059492447172,0.51441038695325
"Astro-4","PTPRZ1",0.0306725210494548,0.0506225645793758,0.544577103670103,-0.0685458823311748,0.129890924430084,6,0,0,0.830999889007279
"Astro-4","PHYKPL",0.0958858546452693,0.0688721230017838,0.163852678163708,-0.0391010259770395,0.230872735267578,6,0,0,0.508790976765305
"Astro-4","AMOT",-0.0707891260956117,0.08098782306556,0.382079464250228,-0.229522342490412,0.0879440902991882,6,0.00481055227099704,11.5050588074224,0.731934917100152
"Astro-4","EDIL3",-0.135295159213251,0.0977891631544819,0.16649953788821,-0.326958397074347,0.0563680786478448,5,3.49775389713446e-06,0.006345452551873,0.512126924105942
"Astro-4","SMAP1",0.0277851267771926,0.049645852794863,0.575706852598954,-0.0695189566825161,0.125089210236901,6,0,0,0.844844392502818
"Astro-4","UBC",0.047029703022082,0.104852504579423,0.65376930092606,-0.158477429642407,0.252536835686571,6,4.6171703744239e-06,0.00620185713289201,0.884548954399112
"Astro-4","SNX25",-0.0552157778827845,0.0966827910876416,0.567930204805757,-0.244710566339372,0.134279010573803,6,0.0198823685024768,40.6606444568334,0.843676875377731
"Astro-4","CREB1",-0.0739403260142266,0.0641871863368998,0.249342281473114,-0.199744899503512,0.0518642474750584,6,0,0,0.615690570255945
"Astro-4","HLTF",-0.0186869733114551,0.103763789748866,0.857080759966555,-0.222060264118619,0.184686317495709,6,0.0229062437761426,39.908128576057,0.963854303288347
"Astro-4","AKAP12",0.144021693396411,0.112246690486026,0.199463395225695,-0.0759777773400148,0.364021164132836,6,3.61168199869745e-07,0.000359875109850859,0.553029982092764
"Astro-4","STK33",-0.042753547807673,0.0810706782055063,0.597942630933842,-0.201649157292702,0.116142061677356,6,0.0115519896679378,32.2159753528384,0.856758302770369
"Astro-4","ZNF106",-0.0143196914690094,0.0577590675135033,0.804195455146198,-0.127525383576093,0.0988860006380746,6,0,0,0.944743740332831
"Astro-4","LRP1B",0.0341380667344109,0.0493879099339517,0.489425317138914,-0.0626604580078423,0.130936591476664,6,1.42986127998723e-07,0.000849163891175139,0.802810887646315
"Astro-4","RHEB",0.0776382138732936,0.0677175988907256,0.251588408170588,-0.0550858410720581,0.210362268818645,6,0.00290962225841926,9.84929315179042,0.617607139518092
"Astro-4","CHD7",-0.0700374625041953,0.0625060829163515,0.262504864048014,-0.192547133834918,0.0524722088265279,6,0.000389576293159301,1.4374410787195,0.630796994030026
"Astro-4","DIDO1",0.0812390999254156,0.0595152630550205,0.172249005560198,-0.0354086721928519,0.197886872043683,6,0,0,0.51785692132392
"Astro-4","GABBR2",-0.0979839881603981,0.0970594529040859,0.312722701039981,-0.288217020211568,0.0922490438907718,5,0,0,0.678552937630837
"Astro-4","RNF13",-0.0698059973674196,0.053850573206192,0.19487535057791,-0.175351181398394,0.0357391866635544,6,4.53306979385599e-06,0.0219860447431009,0.546130920911515
"Astro-4","NBEA",-0.0467800608545098,0.0499349520705427,0.348851165441521,-0.144650768482507,0.0510906467734877,6,4.94142851328311e-07,0.00277845736080058,0.705974459296623
"Astro-4","RCAN2",-0.129159278696765,0.141466344122429,0.361240658456824,-0.406428218201275,0.148109660807745,5,0.0464002161796952,53.1808668706119,0.716076384543473
"Astro-4","TRIM44",0.0336045472465076,0.0430193960962772,0.434715015633266,-0.0507119197388588,0.117921014231874,6,8.244435453659e-07,0.0061585849699126,0.771058067058848
"Astro-4","PMS1",0.0399288472404033,0.0684508605824944,0.559677004091595,-0.0942323742120582,0.174090068692865,6,0.00255270703556225,8.30402671034059,0.840515753738875
"Astro-4","DTNB",0.0240482711040784,0.0515189195500912,0.640653538706019,-0.0769269557365168,0.125023497944674,6,0,0,0.880794449479828
"Astro-4","PDE3A",-0.0262558484527658,0.0865749369945894,0.761681753955908,-0.195939606925985,0.143427910020454,6,0,0,0.930620130263641
"Astro-4","SNCAIP",0.083784764801048,0.0822236003350582,0.308209225090663,-0.0773705305348816,0.244940060136978,6,4.0368276983726e-07,0.000844913694949557,0.676285589900318
"Astro-4","RC3H1",0.0534181846999111,0.0544015674736506,0.326137472612328,-0.0532069282509697,0.160043297650792,6,0,0,0.688582479864142
"Astro-4","EXT2",0.068500172710322,0.0730886232997489,0.348645029837465,-0.0747508966368009,0.211751242057445,6,0.00607898554698916,19.2245965423622,0.705974459296623
"Astro-4","PPP1CB",0.15763273820617,0.0840473097154898,0.0607206844919662,-0.00709696183367281,0.322362438246014,6,0.00491722451664675,10.3971632862683,0.315562681917335
"Astro-4","FUBP1",0.00912396943341969,0.0548495632530425,0.867885184231844,-0.0983791991102952,0.116627137977135,6,0,0,0.964767735772626
"Astro-4","CDC42BPB",0.00408438327313999,0.0546824640300222,0.940459181199424,-0.10309127681161,0.11126004335789,6,0,0,0.988287010175912
"Astro-4","DDHD1",-0.0248481128900016,0.0701140213384849,0.723042300869759,-0.162269069524705,0.112572843744702,6,0,0,0.914391536779492
"Astro-4","CD46",0.00471237200494135,0.0600062058272301,0.937405345102918,-0.112897630265327,0.12232237427521,6,8.34293208842889e-06,0.0331096066398318,0.988168649788257
"Astro-4","AGO4",-0.034019011549487,0.0688776611250849,0.621373372382596,-0.169016746694008,0.100978723595034,6,0,0,0.871552211630741
"Astro-4","IGFBP7",0.316090999699981,0.129609957885843,0.0147366769209456,0.0620601502059747,0.570121849193987,6,0,0,0.151585177668936
"Astro-4","HSP90B1",0.0137772998819705,0.102833814200896,0.893421269636076,-0.18777327234467,0.215327872108611,5,0,0,0.974281966377217
"Astro-4","SCN1A",0.0433980910255329,0.109634012893019,0.692219275137499,-0.171480625725384,0.25827680777645,5,0.00575745890747461,8.92189426746188,0.903527258340838
"Astro-4","HNRNPM",0.0526454820573876,0.0572536557614506,0.357827297342069,-0.0595696212183099,0.164860585333085,6,2.75122439945251e-05,0.114923370712531,0.713303904409628
"Astro-4","PRDM2",0.0299472023548508,0.0569950107381835,0.599280475773264,-0.0817609659904624,0.141655370700164,6,0,0,0.857233532769218
"Astro-4","SPOP",-0.147550683596256,0.0623895272224907,0.0180304987753206,-0.269831909964819,-0.0252694572276927,6,0.00302375391939607,12.3385330955317,0.168059017595223
"Astro-4","BDH1",-0.242893574076893,0.147902587616557,0.100537434759804,-0.532777319025625,0.0469901708718387,5,0.0510868723822499,52.9543482303904,0.409102119918853
"Astro-4","DOCK9",-0.0369194884010288,0.0737244917066002,0.616528469333788,-0.181416836924487,0.10757786012243,6,0,0,0.868802502451277
"Astro-4","DNM2",-0.0139841199152622,0.066936766050991,0.834514297576826,-0.145177770616788,0.117209530786264,6,1.25754937679842e-06,0.00394756655105213,0.956424863745147
"Astro-4","WBP2",0.0260674878961302,0.0760580084528648,0.731800338498084,-0.123003469407328,0.175138445199588,6,0,0,0.916974867831276
"Astro-4","ARHGAP24",0.028674660773434,0.115653590095265,0.80418411095438,-0.198002210496043,0.255351532042911,6,1.20142823140931e-07,0.000123981257237232,0.944743740332831
"Astro-4","MGA",0.0415942920531904,0.0520427940583266,0.424155614088333,-0.0604077099559649,0.143596294062346,6,1.02197227473768e-06,0.00530021013102269,0.763843707270185
"Astro-4","AFF3",-0.187950261558648,0.117046074999714,0.108322227876318,-0.417356353089861,0.0414558299725655,6,0.0240308923343166,31.5783080419542,0.423518975419075
"Astro-4","AZIN1",-0.158235611563789,0.0908949638692751,0.0817077266932631,-0.336386467123637,0.0199152439960598,6,4.09905008387298e-07,0.000714478100469643,0.367759614716846
"Astro-4","NFATC3",0.0723679889383737,0.0667232807985875,0.278099395692062,-0.0584072383572108,0.203143216233958,6,0,0,0.648555319470209
"Astro-4","CNTNAP5",-0.151866588312456,0.114354250759946,0.184166137673505,-0.375996801281013,0.0722636246561011,5,0.00190659713865944,2.58607158582178,0.533122565006717
"Astro-4","SMG6",0.112408684893259,0.0626705118567321,0.0728697608270146,-0.0104232612386265,0.235240631025144,6,2.38178727216529e-06,0.00879131203357888,0.342807731979009
"Astro-4","PHYHIPL",-0.0352422827692849,0.144926695051468,0.80787125615686,-0.319293385468581,0.248808819930011,6,0.0794995877221481,72.9422200213211,0.946365784478168
"Astro-4","KDM4B",0.0937776151514448,0.0704795829268961,0.183332424088512,-0.0443598290306756,0.231915059333565,6,7.09240503702054e-06,0.0201581264320522,0.53179060030348
"Astro-4","LMTK2",-0.0231746761825209,0.0628562630849443,0.712356424893291,-0.146370688031786,0.100021335666744,6,5.1902970752244e-11,1.74777804967052e-07,0.910966836182659
"Astro-4","GATAD2B",-0.0137085140224301,0.0539930524938451,0.799577422315886,-0.119532952325747,0.0921159242808868,6,1.69743456956711e-08,8.22330031754258e-05,0.94346335724549
"Astro-4","AQP4",0.108421069170288,0.0713114274061795,0.128413380570781,-0.0313467602319663,0.248188898572543,6,1.3992660824964e-06,0.00388035256205654,0.45842737560628
"Astro-4","MAN1A1",0.00348294990573784,0.108752660569473,0.974451043754626,-0.209668348033338,0.216634247844813,6,6.1140143652558e-06,0.00742290758160223,0.994819457848186
"Astro-4","AP3D1",-0.0459581703456639,0.0674029585168859,0.495338841814959,-0.178065541490207,0.0861492007988797,6,2.32550446968782e-06,0.0071985228538129,0.804920399169068
"Astro-4","DOCK5",0.0886288125051324,0.0789428386369088,0.261566609437573,-0.0660963080605659,0.243353933070831,6,0,0,0.630484033869383
"Astro-4","RAB30",0.0206036079372958,0.0791944717072713,0.794736713087319,-0.134614704383632,0.175821920258224,6,1.47233607212256e-06,0.00342449404667516,0.941067340022289
"Astro-4","TRERF1",0.0997285994956735,0.083753399352476,0.233755309897075,-0.0644250468179798,0.263882245809327,6,0,0,0.59751351244154
"Astro-4","NUTM2A-AS1",0.0177180218940525,0.0787893679772457,0.822073923744343,-0.136706301706023,0.172142345494127,6,0.00654462389801299,17.5199301610325,0.952058466178307
"Astro-4","GALNT11",-0.0927076465434941,0.0652826120802515,0.155579421368485,-0.220659215037486,0.0352439219504982,6,0,0,0.497647147105025
"Astro-4","EPB41L3",0.0239856435799579,0.078202162992763,0.759061604499722,-0.129287779398989,0.177259066558904,5,0,0,0.93055803678421
"Astro-4","ZNF207",0.0188709401313173,0.0616456643385613,0.759513659009041,-0.101952341775308,0.139694222037943,6,0.0036407390362675,15.7257224902293,0.93055803678421
"Astro-4","TULP4",-0.0346334026703384,0.0610884472265691,0.57075585425483,-0.15436455910589,0.0850977537652128,6,9.14080571746637e-07,0.00345374960308092,0.843676875377731
"Astro-4","MAML3",0.0458641415210241,0.0920562301603167,0.618329855950662,-0.134562754145726,0.226291037187775,6,0,0,0.869994248635373
"Astro-4","PBX1",-0.139471227414098,0.0613475335527011,0.0229984113821459,-0.259710183717755,-0.0192322711104418,6,1.16536465201711e-06,0.00439157027716847,0.191489821599514
"Astro-4","MECP2",-0.00463711699487637,0.058981899508179,0.937335417764465,-0.120239515770668,0.110965281780915,6,1.19102142905026e-06,0.00475379843717663,0.988168649788257
"Astro-4","PXK",-0.0611108387730715,0.0612266950510753,0.318227112981293,-0.181112955965596,0.0588912784194528,6,0,0,0.682298665243009
"Astro-4","CSNK1E",-0.0021710841030711,0.0721758383048857,0.976002865710468,-0.143633127734634,0.139290959528491,5,0,0,0.994947303566737
"Astro-4","USP11",-0.0975346709026228,0.0722327488255117,0.176925142814623,-0.239108257104954,0.0440389152997081,6,0,0,0.522642038968886
"Astro-4","FAM13C",-0.062987807351156,0.078955753043356,0.425009294042311,-0.217738239688372,0.0917626249860605,6,0,0,0.764122119205461
"Astro-4","SLC15A2",-0.145788397433176,0.0844213522562519,0.084183147331816,-0.311251207381599,0.0196744125152466,6,0.00252560554186706,4.8595826952727,0.373113060435186
"Astro-4","TMEM117",-0.0097321099526626,0.0645477959957743,0.880154234357902,-0.136243465385819,0.116779245480494,6,0,0,0.968296152850223
"Astro-4","GPC5",0.0405252215869854,0.0710656969541746,0.568508072642764,-0.0987609849794346,0.179811428153405,6,0,0,0.843676875377731
"Astro-4","PARN",0.0871218458727891,0.063523809162269,0.170224333896243,-0.0373825322460535,0.211626223991632,6,0.00338102316284416,13.4706842320855,0.515105435867743
"Astro-4","SLC7A11",0.00966020112913515,0.150100158814378,0.948684879474528,-0.284530704220788,0.303851106479058,6,0.0705997098262119,64.6846103475429,0.99020004045287
"Astro-4","LINC01411",-0.693796315914421,0.294464837135776,0.0184666430923462,-1.27093679141399,-0.116655840414848,6,0.248571031646068,50.5866166242767,0.170707624224777
"Astro-4","TNRC6B",0.0309691130807367,0.0427051295845377,0.468338634545212,-0.0527314028600733,0.114669629021547,6,0,0,0.791762858437046
"Astro-4","ANKH",0.00103452083332289,0.0624447903019992,0.986782076777678,-0.121355019180752,0.123424060847397,6,0,0,0.997792489645061
"Astro-4","ATP10B",-0.0324754947248084,0.210682341495207,0.877495911886097,-0.445405296233983,0.380454306784366,6,0.147756345159608,63.1271220317362,0.967477325539334
"Astro-4","C11orf58",0.0638491082109166,0.0608397953624671,0.293965120763537,-0.0553946995263059,0.183092915948139,6,0,0,0.663945263160131
"Astro-4","RHOQ",-0.171028988994136,0.254979944110488,0.502376827314477,-0.670780496230727,0.328722518242456,6,0.287901546540772,85.7936891766736,0.810671257527498
"Astro-4","DIP2A",0.000383892161250383,0.0576669111192709,0.994688472814351,-0.112641176732193,0.113408961054694,6,0,0,0.998372512258354
"Astro-4","RNF115",-0.0757428100831887,0.049052456865989,0.122559608301998,-0.171883858893731,0.0203982387273542,6,3.08595816471604e-06,0.0181781863558543,0.449879422409618
"Astro-4","PIKFYVE",0.0558979071594442,0.056585115330119,0.323223510522005,-0.0550068809486343,0.166802695267523,6,0,0,0.68620468701853
"Astro-4","EYA2",0.0451603912342024,0.069918085889417,0.518341344766271,-0.0918765389770331,0.182197321445438,6,0.00351347484108401,11.2655162471159,0.818496798240351
"Astro-4","SLX4IP",0.0668831646622978,0.0653544894688125,0.306123242029746,-0.061209280924577,0.194975610249173,6,0,0,0.674048927591243
"Astro-4","VPS13A",0.0380859211304138,0.0602386520693601,0.527223168120767,-0.0799796674027711,0.156151509663599,6,0.000290009231423648,1.10956835937443,0.82289143036691
"Astro-4","CDC27",0.0946189525418454,0.0615798235122309,0.124409614545459,-0.0260752837164599,0.215313188800151,6,0.00180712401289329,7.26783168709294,0.450912617549633
"Astro-4","PC",-0.00518963277987856,0.0767041475736065,0.946058054389319,-0.155526999488993,0.145147733929236,5,0,0,0.98916607490031
"Astro-4","NAPB",-0.0211488900691155,0.0688140963166926,0.758589395650053,-0.156022040478503,0.113724260340272,6,0,0,0.93055803678421
"Astro-4","TSPAN7",-0.0706743177544381,0.0704745341756499,0.31594055891568,-0.208801866565949,0.0674532310570729,5,0,0,0.680954521568955
"Astro-4","PHF21B",0.0383671610246195,0.0592557949450136,0.517318944191044,-0.0777720629428977,0.154506384992137,6,0.000230150514536928,0.940438421963235,0.817706026727802
"Astro-4","IL17D",-0.0862675209060682,0.151226798509063,0.568371656859781,-0.382666599481128,0.210131557668991,5,0.0550694430827646,53.5298659885504,0.843676875377731
"Astro-4","IWS1",0.0628954933983082,0.0544107058819342,0.247705834835093,-0.0437475305036845,0.169538517300301,6,0,0,0.614524701153615
"Astro-4","PITPNA",0.0615316304524912,0.0743931878620218,0.408172577258597,-0.0842763384521938,0.207339599357176,6,6.52141127764753e-07,0.00168137986359054,0.753443263597992
"Astro-4","B4GALNT4",-0.101451908610456,0.0764571725487558,0.184537929045361,-0.251305213165782,0.0484013959448698,6,0,0,0.533191522319403
"Astro-4","RCN2",-0.0665105638169993,0.067126404147466,0.321770716383353,-0.198075898357713,0.0650547707237142,6,0,0,0.684474198732615
"Astro-4","EEPD1",0.00587039370118352,0.0789225953374619,0.940706701084904,-0.148815050726671,0.160555838129038,6,0.00150167968663928,3.56035569429522,0.988287010175912
"Astro-4","OXR1",-0.201940702523169,0.064501121172789,0.00174325389100811,-0.328360576984289,-0.0755208280620485,5,0.000954274754310661,4.12228303363492,0.044177781990602
"Astro-4","VCAN",0.0715177638257616,0.0952846399752264,0.452911660905578,-0.115236698805548,0.258272226457071,6,3.45805764970124e-06,0.00562789537417684,0.781433575353658
"Astro-4","CDS2",0.0618314468958419,0.0641422937309185,0.335059403395274,-0.0638851387025477,0.187548032494231,6,0,0,0.694239978299525
"Astro-4","BRD4",0.101785416371121,0.065574408048233,0.120611384244005,-0.0267380617109496,0.230308894453191,6,0,0,0.447796011789392
"Astro-4","CAMK4",-0.0607036178323777,0.0826238334775125,0.46252305065312,-0.222643355712937,0.101236120048181,6,0,0,0.787988555309849
"Astro-4","STAU1",0.0209252949315045,0.0664384400481625,0.752793809150298,-0.109291654751918,0.151142244614927,6,3.60211832023005e-07,0.00115782523065406,0.928180808109983
"Astro-4","CWC27",0.0546151993510731,0.0659826420187862,0.407828687251167,-0.0747084026105472,0.183938801312693,6,8.48823289300615e-07,0.00276142084734636,0.753062978284609
"Astro-4","BCAT2",-0.0731016808142779,0.115889300109493,0.528178580871869,-0.300240535222438,0.154037173593882,5,0.0272429379764627,44.0713723878891,0.82289143036691
"Astro-4","RILPL1",-0.0161021455080967,0.0660715913256959,0.807457327222187,-0.14560008490771,0.113395793891516,6,5.00238614150794e-06,0.0160927578674806,0.946365784478168
"Astro-4","TSC1",-0.0388774184368279,0.0624707123068793,0.533724687575055,-0.161317764646875,0.0835629277732187,6,0,0,0.825023424871977
"Astro-4","ST6GALNAC3",-0.249783675600154,0.0887148097842859,0.00486892191856202,-0.423661507672676,-0.0759058435276315,6,0,0,0.0810653354120552
"Astro-4","PRDM5",0.066350651489862,0.0726347105713599,0.360988004703363,-0.0760107652574941,0.208712068237218,6,5.85057290280923e-06,0.0160602425918527,0.715946434890983
"Astro-4","ANKFN1",0.00744706661000444,0.0870406078831342,0.931817364426419,-0.163149390033412,0.178043523253421,6,0.014074975564615,33.6020831622569,0.987295453105121
"Astro-4","COL11A1",0.0334120935058695,0.0814409433866427,0.681614041761701,-0.126209222398916,0.193033409410655,6,2.49228906609211e-06,0.00523330503868927,0.898762706258046
"Astro-4","INTS3",-0.0020701174830946,0.0594986753760536,0.972245069536689,-0.118685378348,0.114545143381811,6,0,0,0.994460940404121
"Astro-4","GNG7",-0.0854755264495439,0.0792220063180681,0.280615967336346,-0.240747805615962,0.0697967527168741,6,0,0,0.650290597676626
"Astro-4","ZFC3H1",0.0447513244950549,0.0574326819213313,0.435864179140927,-0.067814663606299,0.157317312596409,6,0,0,0.771058067058848
"Astro-4","RNMT",0.0295979171272026,0.0721866294216233,0.681791730255137,-0.111885276704518,0.171081110958924,6,0,0,0.898762706258046
"Astro-4","SEC14L2",0.0999195264625642,0.0999815558374096,0.317610842231403,-0.096040722097039,0.295879775022167,5,0,0,0.682298665243009
"Astro-4","TRPM7",0.0738793352147227,0.0508760293147262,0.146461490548396,-0.0258358499185445,0.17359452034799,6,1.9267153094766e-06,0.0105113024882079,0.486010122342247
"Astro-4","ACER3",-0.031087988676735,0.060121503645733,0.605096116353191,-0.148923970518765,0.0867479931652952,6,0,0,0.860638452347623
"Astro-4","PAX6",0.0856180736598185,0.0639699370779499,0.180762463450675,-0.0397606991062568,0.210996846425894,6,1.54989459994826e-06,0.00536657157360041,0.527416974021148
"Astro-4","RNF169",-0.000723943657527948,0.0578162505388861,0.990009584360081,-0.114041712434889,0.112593825119833,6,0,0,0.998058308461131
"Astro-4","ABCC4",-0.0690595766758235,0.10130471576179,0.495427718888381,-0.267613171033,0.129494017681353,6,3.92387005013383e-06,0.00548386722206306,0.804920399169068
"Astro-4","OSBPL1A",0.0435094311726059,0.0518678628204539,0.401552683149135,-0.0581497119105479,0.14516857425576,5,0,0,0.748156974278909
"Astro-4","NADK2",0.0346658808943869,0.0608603465548753,0.568950951341977,-0.0846182064397951,0.153949968228569,5,0,0,0.843676875377731
"Astro-4","MXD4",-0.0013675104490606,0.074009208366357,0.985257869755958,-0.146422893371441,0.14368787247332,6,3.7101284901816e-06,0.00963237043909439,0.997792489645061
"Astro-4","MIB1",0.0797139579650989,0.0837550744622575,0.341223386313845,-0.0844429715033963,0.243870887433594,6,0.0120125397484409,30.9877986265121,0.699099329860466
"Astro-4","CANX",0.00224387109171388,0.0632530653673562,0.971701376797515,-0.121729858940062,0.12621760112349,6,0,0,0.994460940404121
"Astro-4","BAZ1B",0.0656335737464342,0.0600534125321183,0.274428939934311,-0.052068951965244,0.183336099458112,6,0,0,0.646369499750412
"Astro-4","AGO2",0.0385907702085782,0.0579014021268602,0.505097239316372,-0.0748938926144387,0.152075433031595,6,1.93043435703785e-06,0.00817268132464695,0.813060064929787
"Astro-4","GALNT1",-0.0152592059957649,0.0622125947549498,0.806243360664719,-0.137193651100252,0.106675239108722,6,1.45392820511587e-06,0.0051982975731085,0.946218572400236
"Astro-4","CDK8",-0.0752569933692166,0.0603034645588986,0.212041565784429,-0.193449612047645,0.0429356253092121,6,0,0,0.568619375227161
"Astro-4","DIP2C",0.136471781708407,0.0565784187312178,0.0158617165459064,0.0255801186929942,0.247363444723821,6,6.70047080108312e-07,0.00299481296755087,0.15610215454728
"Astro-4","SAT1",-0.318916289927315,0.204772683002704,0.119371706878715,-0.720263373630252,0.0824307937756215,6,0.141048640446023,63.925631255656,0.445084658716022
"Astro-4","AKAP7",0.00627701649971646,0.0926957902782262,0.946011468792636,-0.175403393964085,0.187957426963518,6,0.0173478057853648,38.8816925489242,0.98916607490031
"Astro-4","PDE4B",-0.0469189177583874,0.0706031649663111,0.506342123961584,-0.185298578286897,0.0914607427701224,6,0.00553942401984586,18.5335941970612,0.813663042388399
"Astro-4","ZNF248",-0.0190895925179353,0.062303312039925,0.759301847042419,-0.141201840233749,0.103022655197878,6,0,0,0.93055803678421
"Astro-4","AKT2",0.00275532386972194,0.0613173756613837,0.964158760337701,-0.117424524053103,0.122935171792547,6,3.90190110994504e-07,0.00144414780806648,0.994460940404121
"Astro-4","ZNF516",0.0895963248298534,0.0584212615584475,0.125121860297445,-0.0249072437560981,0.204099893415805,6,2.47079542997214e-06,0.0103122412589546,0.452893042375511
"Astro-4","LRRC8A",-0.154932363026889,0.142078257037888,0.275505274878996,-0.433400629807375,0.123535903753596,6,0.056930905085094,53.9436047695824,0.647508524694095
"Astro-4","KIAA1958",-0.0475071073775635,0.0706929952655312,0.501570957721608,-0.186062832057265,0.0910486173021382,6,0.00685978059035378,23.8336590523406,0.810671257527498
"Astro-4","SFMBT2",0.0937945588067103,0.0678266114471559,0.166708471450085,-0.0391431568231073,0.226732274436528,6,0,0,0.512126924105942
"Astro-4","UST",0.00549185198036074,0.0792565867360762,0.944757147589744,-0.149848203559924,0.160831907520645,6,1.77991064634186e-07,0.000400747283075071,0.98916607490031
"Astro-4","APLP2",-0.054560110979676,0.100917296159319,0.58875448482688,-0.252354376869103,0.143234154909751,6,0.0200474081807434,37.7000850417567,0.852765048030872
"Astro-4","TTLL7",-0.121741481494804,0.0754422346924491,0.106591514743292,-0.269605544405223,0.0261225814156141,6,0,0,0.420742715387093
"Astro-4","PCDH10",-0.0804752893528007,0.0781395183958246,0.30306055952975,-0.233625931177922,0.0726753524723204,5,0,0,0.671720374826831
"Astro-4","SETD3",0.000773996422221131,0.0528472826035943,0.988314674139106,-0.102804774161634,0.104352767006076,6,0,0,0.998058308461131
"Astro-4","SENP5",0.0299148676071386,0.0564795021105522,0.596348490055189,-0.0807829223942977,0.140612657608575,6,0,0,0.855500266796654
"Astro-4","PPM1E",-0.0042013677710185,0.0760152882165223,0.955923332898792,-0.153188594949834,0.144785859407797,6,1.0633281986507e-06,0.0025709787855303,0.991879415709195
"Astro-4","LCORL",-0.0585191631051171,0.0802484509646345,0.465864144335267,-0.215803236810929,0.098764910600695,6,0.0075872951620773,19.9431139833301,0.790294387136777
"Astro-4","TRPC4AP",0.0290500157713634,0.0511332739338076,0.569951095628095,-0.0711693595505201,0.129269391093247,6,0,0,0.843676875377731
"Astro-4","USP48",0.00721907962495183,0.050405196237833,0.88611569196573,-0.0915732896348746,0.106011448884778,6,0,0,0.971490146430513
"Astro-4","MYSM1",0.0112805413094997,0.0608947543095222,0.853035682943033,-0.108070983984579,0.130632066603578,6,6.21218484760017e-07,0.00230051909492819,0.962661343023729
"Astro-4","UPF2",0.022564384487676,0.060923704195186,0.711105941063302,-0.0968438815396603,0.141972650515012,6,0,0,0.910591477911432
"Astro-4","SLC2A13",-0.104500428588005,0.097300834167618,0.282825755362515,-0.29520655922224,0.0862057020462311,5,0,0,0.652912944602601
"Astro-4","CAPZB",-0.00386966299921479,0.0591485179078331,0.947837353127989,-0.11979862783749,0.11205930183906,6,0,0,0.989693676693763
"Astro-4","CDC16",-0.0447652916350244,0.0618821498116011,0.46943670751114,-0.166052076551675,0.0765214932816259,6,0,0,0.791762858437046
"Astro-4","ZNF532",-0.00849037168434093,0.0520353561797628,0.870388177938362,-0.11047779571939,0.0934970523507079,6,0,0,0.96548745489426
"Astro-4","GTF3C1",-0.0434639968532293,0.0620675164449047,0.483758933503757,-0.16511409369509,0.0781860999886314,6,0,0,0.79966386201768
"Astro-4","CLIP2",-0.0740429683843144,0.0746074792126025,0.320986060446079,-0.220270940618336,0.0721850038497072,6,0,0,0.68405222869937
"Astro-4","KCNIP4",-0.0227187639508229,0.130732587616408,0.862038033018629,-0.278949927284709,0.233512399383064,6,0.0339729005242397,36.2599785939606,0.964767735772626
"Astro-4","CFDP1",0.006516144679807,0.0647017987480148,0.919780347405968,-0.120297050601261,0.133329339960875,6,0,0,0.981602238673583
"Astro-4","NTNG1",0.334183353761156,0.308360478422761,0.278478989035995,-0.270192078202996,0.938558785725308,6,0.453707873348775,87.5913891015735,0.648555319470209
"Astro-4","FARS2",-0.0539371995562918,0.0528002212090221,0.30700170293198,-0.157423731501723,0.0495493323891393,5,0,0,0.674786036786509
"Astro-4","CLU",0.101778211496065,0.149511983151762,0.496038459099796,-0.191259890738548,0.394816313730678,6,0.0815226181536315,70.031850499903,0.804920399169068
"Astro-4","CUL4A",0.0038323427950231,0.0606033565176961,0.949578197993764,-0.114948053321902,0.122612738911948,6,0,0,0.990333490365009
"Astro-4","SORBS2",-0.156532556035492,0.106638621552233,0.142137188015625,-0.365540413638866,0.052475301567881,5,0.00818962743723115,13.6362309825549,0.480416658998357
"Astro-4","IRF2",0.0741083214360581,0.0578700537618441,0.200334621526413,-0.039314899720553,0.187531542592669,6,2.50947706539017e-06,0.0106490915890041,0.55402515434953
"Astro-4","CASD1",0.0758203012939503,0.0619251821224376,0.220806798778986,-0.0455508254021111,0.197191427990012,6,2.33100046418941e-06,0.00858828617333495,0.582489341216589
"Astro-4","RNF182",-0.178361040687923,0.095834908200089,0.0627260887371613,-0.3661940092218,0.0094719278459536,6,0.011214057328327,20.6429304710282,0.319632814712748
"Astro-4","TBC1D5",0.0298721072827327,0.0415979109199334,0.472686034019538,-0.0516582999524421,0.111402514517908,6,2.22894406714238e-06,0.0182004365496307,0.792817223364646
"Astro-4","CNNM2",0.00118119799923902,0.0577171326097398,0.983672198873136,-0.111942303206773,0.114304699205251,6,0,0,0.997792489645061
"Astro-4","RHPN1",-0.033427023224742,0.12899561180384,0.795532603814299,-0.286253776523979,0.219399730074495,6,0.0345728152262298,38.7893291065719,0.941334289868653
"Astro-4","RNF157",0.0139602827658536,0.0638589779185305,0.826952988823314,-0.111201014044005,0.139121579575712,6,0,0,0.95379785712093
"Astro-4","SH3RF1",-0.0268706046692032,0.0905400203244766,0.766633316617156,-0.204325783664702,0.150584574326295,6,0.0060239053377737,11.5947028217005,0.930620130263641
"Astro-4","APOE",-0.129375281452126,0.0877920830851393,0.140574384254845,-0.301444602426747,0.042694039522495,6,0,0,0.478410372720453
"Astro-4","SEMA3A",-0.148932454195458,0.0887749865627365,0.0934174304593399,-0.322928230586449,0.0250633221955326,6,1.52379860021345e-07,0.000282541885199247,0.392496927053011
"Astro-4","MICU3",-0.0118505679836805,0.058760002346765,0.840168885347932,-0.127018056314829,0.103316920347468,5,0,0,0.959039174873647
"Astro-4","DMGDH",-0.0302753851888895,0.0849848536966799,0.7216574822748,-0.196842637665788,0.136291867288009,5,0,0,0.913496507518516
"Astro-4","DAB2IP",0.0873413829576999,0.0881246746231988,0.321631113223473,-0.0853798054530805,0.26006257136848,6,0,0,0.684474198732615
"Astro-4","SENP6",0.0544625965873039,0.0417005826312957,0.191539219023233,-0.0272690435043723,0.13619423667898,6,0,0,0.541224632335697
"Astro-4","PURA",-0.0369641897122767,0.0646108067607941,0.567250589172432,-0.16359904397551,0.0896706645509568,6,3.04272120973391e-06,0.00980991582659012,0.843676875377731
"Astro-4","ERC2",-0.0337262140411773,0.089920287019114,0.707609962581301,-0.209966738078145,0.142514309995791,5,0,0,0.909751599670967
"Astro-4","WDR37",0.00963037015508127,0.073203979376821,0.89533605775407,-0.133846792948501,0.153107533258663,6,3.04558254646299e-06,0.00822135664340978,0.974556705351282
"Astro-4","SCAI",-0.10070073423073,0.0723847366270216,0.164168604187393,-0.24257221105011,0.0411707425886497,6,0.00386054641872222,11.5113594245202,0.509193024458568
"Astro-4","MYO15B",-0.124625192059419,0.0759019412009872,0.100605828681367,-0.273390263170031,0.0241398790511926,6,2.92721408900813e-06,0.00701871050674146,0.409102119918853
"Astro-4","GALNT7",-0.0101526805359019,0.0643684910104676,0.874671537576736,-0.136312604655609,0.116007243583805,6,0,0,0.966509394748965
"Astro-4","SEC62",0.0733836997376591,0.0566069589992596,0.194847213420586,-0.0375639011752252,0.184331300650543,6,7.568436375238e-05,0.33876484471738,0.546130920911515
"Astro-4","GAK",-0.0173492529605365,0.0659023075411656,0.79235239261246,-0.146515402239304,0.11181689631823,5,0,0,0.941067340022289
"Astro-4","SH3PXD2B",-0.0807683445278672,0.0707709177877626,0.253759820868216,-0.219476794544727,0.0579401054889927,6,1.58918084884476e-06,0.00463363323780432,0.620613726157603
"Astro-4","KHDRBS2",-0.0693253699349483,0.119647561593565,0.562310436716329,-0.303830281496374,0.165179541626477,5,0.00967657388171988,13.0160462149686,0.842292413634531
"Astro-4","KCNJ3",-0.0391713401314684,0.0983508973172539,0.690422716585713,-0.231935556720483,0.153592876457546,6,2.15835451705425e-07,0.000311657564786827,0.902174372725159
"Astro-4","RBPJ",0.0563124435143248,0.0570656737562638,0.32374037981749,-0.0555342218014648,0.168159108830114,6,0,0,0.68620468701853
"Astro-4","SESN3",0.0238999184458745,0.0707279167001573,0.735428367808751,-0.114724250987983,0.162524087879732,6,1.8262932307923e-06,0.00521693470192176,0.9173121134897
"Astro-4","MTCH1",0.0294684728486813,0.140030664848282,0.833321936797972,-0.24498658698515,0.303923532682512,5,0.0458811962497796,51.8673306101295,0.955880328717664
"Astro-4","NUP214",-0.00182319906564216,0.0598435097674288,0.975695319606872,-0.119114322918273,0.115467924786989,6,1.57416017389846e-07,0.000599468406600088,0.994819457848186
"Astro-4","PCNX4",-0.0891916163322406,0.0644451290435156,0.16636055608512,-0.215501748236567,0.0371185155720862,6,0,0,0.512126924105942
"Astro-4","COA1",0.0079733270321166,0.0577540027410424,0.890195606373606,-0.105222438303354,0.121169092367587,5,0,0,0.973135147503209
"Astro-4","NKTR",-0.028211760359476,0.0486629155798828,0.562091050075533,-0.123589322278759,0.0671658015598073,6,0,0,0.842292413634531
"Astro-4","TMEM135",-0.0416604769066733,0.0540731399131589,0.441034908942336,-0.14764188366746,0.0643209298541134,6,0,0,0.774513785967693
"Astro-4","KIAA0319",-0.120185219858159,0.0672543448980587,0.0739333899582937,-0.252001313662189,0.0116308739458714,6,2.05707875804802e-07,0.000637833917894992,0.344559877092321
"Astro-4","UBE3A",-0.000862162710411972,0.0837300337385933,0.991784379762864,-0.164970013262378,0.163245687841554,6,0.0160394892042907,44.8319796026874,0.998372512258354
"Astro-4","PRMT2",0.0196731831178917,0.0636387231579241,0.757216129560754,-0.105056422293755,0.144402788529538,6,0,0,0.93055803678421
"Astro-4","DYNC1LI2",-0.0564036150005757,0.058952193977978,0.338684005204131,-0.171947792007032,0.0591405620058803,6,0,0,0.696757829161945
"Astro-4","GATM",-0.0903918256899318,0.147388788713566,0.539685701206599,-0.379268543293504,0.19848489191364,5,0.0538347451218186,55.6824744984462,0.829421299941037
"Astro-4","ENTPD1",-0.337926044377361,0.155725491033747,0.0300060049323398,-0.643142398278319,-0.0327096904764023,6,0.063591614903211,50.905118373482,0.222617949383321
"Astro-4","ADD3",-0.0953763501903357,0.0514031478514809,0.063530939571138,-0.196124668671226,0.0053719682905544,6,3.78874603291283e-06,0.0208679520817594,0.321025423522964
"Astro-4","CDH12",0.0194620494471039,0.108547446194521,0.857705818904529,-0.193287035707957,0.232211134602164,5,0.00843033169092402,13.7179448904668,0.963854303288347
"Astro-4","MTERF1",-0.0853530620685244,0.075020913723723,0.255235926610205,-0.232391351054308,0.0616852269172593,5,3.22182141063901e-06,0.0102652897293337,0.622365460332562
"Astro-4","CFAP70",-0.0615018034765877,0.0751662316877722,0.413236974283468,-0.208824910438215,0.0858213034850391,6,5.708888148152e-06,0.014451326987252,0.757250110179785
"Astro-4","YTHDC1",0.0335861508703339,0.0590967586074363,0.569814472687326,-0.0822413676032987,0.149413669343966,6,1.49266248782182e-07,0.000602514328900914,0.843676875377731
"Astro-4","NUTM2B-AS1",0.133699686588909,0.0651870532916541,0.040265392666147,0.00593540987897387,0.261463963298844,6,0,0,0.257535353596182
"Astro-4","PRUNE2",-0.0210367741066033,0.0567115053313185,0.710679485428543,-0.132189282065039,0.0901157338518321,6,3.07863013701978e-06,0.0123839933306209,0.910563300354376
"Astro-4","STX18",-0.000288024864153904,0.0535751969130303,0.995710524674235,-0.105293481278335,0.104717431550027,6,3.88617514333636e-06,0.0186851540723265,0.998372512258354
"Astro-4","STAG2",-0.0375967986191021,0.056658362637909,0.506965462680831,-0.148645148812414,0.0734515515742094,6,3.28286022180478e-06,0.0144051891115069,0.814129919465206
"Astro-4","CBR4",-0.0203558649582221,0.0581898145575496,0.726475026246489,-0.134405805758084,0.0936940758416397,5,0,0,0.916769243314442
"Astro-4","DNHD1",0.0335981162998351,0.0654546117450716,0.607738662093928,-0.0946905653425576,0.161886797942228,6,0,0,0.861938502947161
"Astro-4","HTT",0.0248169552706413,0.0486012420808193,0.609614444433779,-0.070439728811677,0.12007363935296,6,0,0,0.863516474361982
"Astro-4","SPIN1",0.0474018935287473,0.0531637375148979,0.372596224021954,-0.0567971172839936,0.151600904341488,6,0,0,0.723727089476499
"Astro-4","ELOVL2",-0.0589450078474703,0.0820119300069812,0.472302986501158,-0.219685436963773,0.101795421268833,6,0.0095984429647903,25.0691285677642,0.792540372432973
"Astro-4","ARHGAP12",0.102394440938524,0.124005707905811,0.408960895309143,-0.140652280434259,0.345441162311307,6,0.0465767025660147,62.3935511713471,0.753652801939768
"Astro-4","NEK11",-0.0537914423310884,0.0674602780122045,0.425230665037285,-0.186011157622069,0.0784282729598917,6,1.65013933364233e-08,5.25072102512257e-05,0.764122119205461
"Astro-4","DMTF1",0.035172411442118,0.0476934091250043,0.460837179304449,-0.0583049527428245,0.12864977562706,6,0,0,0.786129945157951
"Astro-4","GOLGA8A",-0.0247910082746966,0.0783796005765237,0.751779259433776,-0.178412202527318,0.128830185977925,6,6.40042475937523e-07,0.00150047698596306,0.927450204448989
"Astro-4","SUCLG2",0.0480796716580312,0.0724900535926024,0.507164768096994,-0.0939982226208479,0.19015756593691,5,0.00699790759488358,27.6130143656783,0.814129919465206
"Astro-4","LHX2",-0.15369704399355,0.270935041579914,0.570521421586992,-0.684719967640043,0.377325879652943,6,0.327761023843928,87.8753896919775,0.843676875377731
"Astro-4","PIK3CB",-0.00432567709409683,0.0551139341630366,0.937441396145783,-0.11234700309996,0.103695648911767,6,0,0,0.988168649788257
"Astro-4","HRH1",0.035471517880867,0.0980159889559559,0.717430332124069,-0.156636290381882,0.227579326143616,5,9.92778429129612e-07,0.00166610937945903,0.911727425328447
"Astro-4","UBE3C",0.0304072461493218,0.0517835557272369,0.557070141597694,-0.0710866580674854,0.131901150366129,6,0,0,0.838019334182569
"Astro-4","ATP2C1",0.0281419220625563,0.0615915390113571,0.647734195828483,-0.0925752761520974,0.14885912027721,6,0,0,0.882495429686998
"Astro-4","RPAP2",0.0153833194957533,0.0488802732283067,0.752978608702918,-0.0804202555862052,0.111186894577712,6,0,0,0.928180808109983
"Astro-4","AKAP8L",-0.056237105561243,0.0566276345770018,0.32065948869114,-0.167225229861862,0.0547510187393757,6,0,0,0.683889936443189
"Astro-4","SIRPA",-0.0576576471025798,0.0588041129408423,0.326837571083464,-0.172911590609457,0.0575962964042969,6,0.00197838348872406,8.5757471862012,0.688675869761924
"Astro-4","RICTOR",0.0252052049215206,0.0546428323989649,0.644603519018835,-0.0818927785937091,0.13230318843675,6,0,0,0.880866755286684
"Astro-4","ASRGL1",0.0275943709100575,0.0803547531616645,0.731292423399672,-0.129898051273411,0.185086793093526,6,0,0,0.916970437066325
"Astro-4","RGS12",-0.0724416320068619,0.0683563887986018,0.289252031759517,-0.206417692165339,0.0615344281516148,6,0,0,0.660491052454214
"Astro-4","SLC25A29",-0.0771749091116598,0.0806302235172877,0.338493485835441,-0.235207243270958,0.0808574250476386,5,0,0,0.69662826662893
"Astro-4","GRIA3",-0.185222165335237,0.087114040428666,0.0334863305859232,-0.355962547123188,-0.0144817835472851,6,0.00130303935278871,2.47132580278653,0.236003016335887
"Astro-4","SPRED2",0.00804983092698132,0.0771506284023005,0.916900210885433,-0.143162622126161,0.159262283980123,6,2.89019733434689e-07,0.000680702886158634,0.980043049107041
"Astro-4","MYEF2",0.0077248369254461,0.0621031414357357,0.901008694160254,-0.113995083615393,0.129444757466285,6,0,0,0.975474468187799
"Astro-4","PIBF1",0.028545058778183,0.0494880795982911,0.564070003462699,-0.0684497948985189,0.125539912454885,6,0,0,0.842859171753876
"Astro-4","TP53BP1",-0.0545691710503769,0.0534337152091078,0.307136102812446,-0.159297328420398,0.0501589863196445,6,0,0,0.67480989282445
"Astro-4","GRIN1",-0.0505449443847792,0.0921642259865859,0.583401762287962,-0.231183507981498,0.13009361921194,5,4.63362070404466e-06,0.00954316065552389,0.849818139503406
"Astro-4","MICU1",-0.063994183349354,0.0582600164861601,0.272019514572606,-0.178181717400938,0.0501933507022296,5,0,0,0.642480904840342
"Astro-4","EPB41L5",-0.0936553362355046,0.061313867213339,0.126643194840479,-0.21382830772652,0.0265176352555111,6,0,0,0.455033287668084
"Astro-4","USP53",0.0102646519375006,0.0684197932956664,0.880745209031251,-0.123835678751681,0.144364982626682,6,0,0,0.968323335694182
"Astro-4","FBXL5",0.0208152646095848,0.0572955290307346,0.716383414804763,-0.0914819087658241,0.133112437984994,6,6.19411960445378e-07,0.00267807379397119,0.911587811288076
"Astro-4","KIAA1549L",0.0270261219156587,0.0791289433216642,0.73269307757135,-0.128063757129514,0.182116000960832,6,1.07388740153883e-07,0.000232751110519015,0.917049798221225
"Astro-4","RGS20",0.117570737770033,0.0691592941206594,0.0891310947830442,-0.0179789879026722,0.253120463442738,6,0,0,0.383788621647188
"Astro-4","KIFAP3",0.0013520841744536,0.0534265943764669,0.979809831493739,-0.103362116620052,0.106066284968959,6,0,0,0.996886522818974
"Astro-4","SEMA6A",-0.119426218508602,0.0841685374825805,0.155929971408427,-0.28439352060587,0.0455410835886649,6,6.3169834085888e-06,0.0131113482151142,0.497647147105025
"Astro-4","LPIN1",0.0255976193120596,0.0653754048739011,0.695392099680997,-0.102535819715511,0.15373105833963,6,0,0,0.904987288171934
"Astro-4","REV1",0.00111083724168407,0.0524480061890998,0.983102243748169,-0.101685365949885,0.103907040433254,6,3.09633199736171e-06,0.0159404642932521,0.997792489645061
"Astro-4","DICER1",0.0996321750484433,0.0544447892364214,0.0672548531707918,-0.00707765100081667,0.206342001097703,6,0,0,0.329338393437794
"Astro-4","RAF1",0.0226426037752952,0.0572062662656157,0.692247887749346,-0.0894796177953202,0.134764825345911,6,8.91124909602024e-07,0.00382197469482327,0.903527258340838
"Astro-4","SLC22A23",0.0182344188470688,0.0735183372169891,0.804114713805893,-0.125858874301501,0.162327711995638,6,2.02814677089553e-07,0.000499317233376757,0.944743740332831
"Astro-4","BBS9",-0.0586684656351224,0.0569238175093932,0.30270553099476,-0.170237097816064,0.0529001665458187,6,2.34105613727829e-06,0.0102825778521653,0.671720374826831
"Astro-4","RUFY2",0.0208065746935356,0.0560010512342694,0.710236111963734,-0.0889534688220147,0.130566618209086,6,0,0,0.910563300354376
"Astro-4","USP24",0.058063876323312,0.0548456227459166,0.289746266665806,-0.0494315689683554,0.165559321614979,6,0,0,0.660515070337493
"Astro-4","TTC3",-0.0708236466410704,0.0577323070702362,0.219913058980379,-0.183976889243141,0.0423295959609997,6,0.0053666915219849,29.3804618848872,0.581396480227895
"Astro-4","DLG1",-0.0207370708144749,0.047872947360528,0.66489208800027,-0.114566323474892,0.0730921818459418,6,9.01462071205218e-07,0.00562997180024484,0.891957083093553
"Astro-4","LRRTM4",-0.128301857523209,0.0835533166561163,0.124644196641016,-0.292063348958068,0.0354596339116492,6,0,0,0.451463263961027
"Astro-4","FAR1",0.0518873629354965,0.0609595967341162,0.3946714356676,-0.0675912511754568,0.17136597704645,6,0,0,0.742063814670028
"Astro-4","TRIM37",-0.00463730778334366,0.0570567821265838,0.935223006994321,-0.116466545825197,0.107191930258509,6,0,0,0.987870429919354
"Astro-4","TTN-AS1",0.0514805575673879,0.07327292568811,0.482313570239825,-0.0921317378231875,0.195092852957963,6,0.00668806313326035,21.3204703778704,0.79799742782216
"Astro-4","MTMR10",0.0225811067167107,0.0717342644476193,0.75292240037774,-0.118015468058095,0.163177681491517,6,0,0,0.928180808109983
"Astro-4","PTPRG",-0.112088981440624,0.0711659636073878,0.115248048289349,-0.251571707036193,0.027393744154944,6,0.0116296678676887,44.303360404471,0.438054864131123
"Astro-4","TRIP11",0.0293074177943307,0.0552891484615381,0.596059650480734,-0.0790573219261722,0.137672157514834,6,0,0,0.855500266796654
"Astro-4","AMZ2",-0.150803880805261,0.0757807598857258,0.0465906903700868,-0.299331440902361,-0.00227632070816042,6,2.79219416704257e-06,0.00686702527355914,0.278727656956642
"Astro-4","ZZEF1",-0.0567924527048597,0.0545890394286108,0.298170979638377,-0.163785003935574,0.0502000985258545,6,4.27553691047236e-07,0.00197928356855684,0.667738225551382
"Astro-4","EWSR1",-0.0366701971334035,0.0557943335990513,0.511027423878913,-0.146025081528957,0.07268468726215,6,0,0,0.815080843381683
"Astro-4","ALDH2",0.0146685964592178,0.0744574847612178,0.843822577452995,-0.131265392052209,0.160602584970645,5,0,0,0.960050601108412
"Astro-4","RXRA",0.0627042272737679,0.0964830054792268,0.515757340333898,-0.126398988585697,0.251807443133233,6,0.00916225138402084,16.1572435145515,0.817251695069264
"Astro-4","KANTR",-0.000933356873606072,0.0545295367191797,0.986343645630519,-0.107809284936853,0.10594257118964,6,0,0,0.997792489645061
"Astro-4","SMAD2",0.0407696168595283,0.0565217530046482,0.470719772151923,-0.0700109833726507,0.151550217091707,6,5.65665036107435e-06,0.0250466754816486,0.792177703348532
"Astro-4","IDI1",-0.446326701355018,0.205714118886518,0.0300337157252431,-0.849518965483984,-0.0431344372260527,5,0.080988658573505,39.7695207142103,0.222617949383321
"Astro-4","RTN4",0.044428390922611,0.058290644696876,0.445948206112312,-0.0698191733188866,0.158675955164109,6,0.000282869974100263,1.1993049597837,0.775927386571891
"Astro-4","ABAT",-0.025632213622518,0.0835117894896107,0.758897199966241,-0.189312313306646,0.13804788606161,5,0.0028027755460542,7.37911689626291,0.93055803678421
"Astro-4","APP",-0.100099485847254,0.0547073138595907,0.0672906713798202,-0.207323850702981,0.00712487900847235,6,0,0,0.329338393437794
"Astro-4","BAZ2B",0.00718659126591379,0.0444090881883311,0.871442059294534,-0.0798536221694782,0.0942268047013058,6,0,0,0.965675903401653
"Astro-4","ARHGAP42",-0.0629302086983828,0.0687114967655778,0.359739586326188,-0.197602267682756,0.0717418502859902,6,0,0,0.714468486987335
"Astro-4","STAG1",-0.0884752171199607,0.0844390110795788,0.294730646210886,-0.253972637726114,0.0770222034861923,6,0.0198818678916459,58.312594261974,0.664646740528594
"Astro-4","SREK1",-0.0820449587214302,0.0569355957074974,0.149580885397222,-0.193636675746458,0.029546758303598,6,0,0,0.490108455932588
"Astro-4","MTA3",-0.0021463021587418,0.0550591702250449,0.968904948358534,-0.11006029281849,0.105767688501006,6,0,0,0.994460940404121
"Astro-4","PHYHD1",-0.259434234193174,0.176843248895582,0.142368074898744,-0.606040632937567,0.0871721645512191,6,0.100563964572503,62.8525943294304,0.480644852222067
"Astro-4","PACS2",0.0382134614931919,0.0642617524518975,0.552075261476674,-0.0877372588959557,0.16416418188234,6,0,0,0.836459106292814
"Astro-4","GNB1",0.00209090870355228,0.0715373110608074,0.97668256965962,-0.138119644526469,0.142301461933574,6,0.00831877371990232,29.4378023106498,0.995454412293496
"Astro-4","FAM228B",0.0644369675540229,0.0717531149776143,0.369165709341149,-0.0761965535806628,0.205070488688709,6,0,0,0.721605926539591
"Astro-4","ACO2",-0.105812700405096,0.0799115444226703,0.185462254337642,-0.262436449422503,0.0508110486123101,5,0,0,0.533937401990279
"Astro-4","NR6A1",0.0167136985027062,0.0635057865234424,0.792408864528256,-0.10775535589313,0.141182752898542,6,0,0,0.941067340022289
"Astro-4","LPIN2",0.000985905561880803,0.0597348340997124,0.986831751933837,-0.116092217896031,0.118064029019792,6,0,0,0.997792489645061
"Astro-4","SNAP91",-0.0258576200609978,0.0681102231128363,0.70420988514411,-0.159351204341144,0.107635964219149,6,3.28801693810337e-06,0.0102037645256682,0.908811487965631
"Astro-4","PSAP",-0.104350140337819,0.0758646499066742,0.168983369408423,-0.25304212185464,0.0443418411790024,6,0.0107044141350334,35.0580150281676,0.51441038695325
"Astro-4","SCRN1",0.0516075258932465,0.0778207698132795,0.507228875126345,-0.100918380189963,0.204133431976456,6,0.00870415844508319,25.4780644550919,0.814129919465206
"Astro-4","CAMTA1",0.028105101666286,0.0438030153425024,0.521116816052871,-0.0577472308192741,0.113957434151846,6,0,0,0.819626957381926
"Astro-4","MPHOSPH9",-0.236464943268088,0.109139175291494,0.0302625662374833,-0.45037379614182,-0.0225560903943559,6,0.0270943040718435,43.1745298667043,0.223672715546865
"Astro-4","PKM",0.0570165727746573,0.065879547503173,0.386782533909981,-0.0721049676493573,0.186138113198672,6,0,0,0.734117713654745
"Astro-4","RBM5",-0.0106783434848584,0.0550690852473907,0.846247815662194,-0.11861176723131,0.0972550802615934,6,0,0,0.960159029735542
"Astro-4","MGLL",0.055196989743835,0.059952890994186,0.357221335866872,-0.0623085173738254,0.172702496861495,6,2.65740611208804e-07,0.00103623313828548,0.712961946232454
"Astro-4","RBM25",0.0510500185149369,0.0490566647108781,0.298045584384652,-0.0450992775200412,0.147199314549915,6,6.5040573056687e-07,0.00374040943788402,0.667738225551382
"Astro-4","LINC00632",-0.017311306425282,0.0766272877889915,0.821266996127663,-0.167498030724691,0.132875417874127,6,1.11599822936797e-06,0.0026739307842966,0.951784496679248
"Astro-4","RAB11FIP3",-0.0615657762817239,0.0941386846381371,0.513118125650103,-0.246074207724447,0.122942655160999,6,0.0139550018562452,28.056232285825,0.815414294354568
"Astro-4","ZNF385D",-0.224802156129036,0.115265016694037,0.0511395520566063,-0.450717437526757,0.00111312526868546,5,1.81690958903353e-07,0.000232190072860513,0.291570180932342
"Astro-4","PADI2",-0.184564555317387,0.118153994963484,0.118272008859259,-0.416142130075342,0.0470130194405689,6,0.0217124385827709,27.4124361575471,0.442225348330014
"Astro-4","DCAF6",0.0711223176398256,0.0763496864170661,0.351577481043229,-0.0785203179685509,0.220764953248202,6,0.00995296899964166,30.9016467748224,0.708081195227919
"Astro-4","SIL1",-0.10771592320424,0.0836044242049827,0.197606829253468,-0.271577583594215,0.0561457371857347,6,0.0175927127572742,51.5825384674969,0.550154531377273
"Astro-4","HDAC9",0.0652027766252636,0.0924812795386857,0.48078685578668,-0.116057200514741,0.246462753765269,6,6.803651903985e-06,0.0112926288025185,0.797012720479454
"Astro-4","TIAM1",-0.0250585224729417,0.100573500806043,0.803239872430395,-0.222178961851896,0.172061916906013,6,0.0141169489990877,24.2199336116453,0.944743740332831
"Astro-4","GCC2",0.0685739911901719,0.0713987111212171,0.336835131719259,-0.0713649111499929,0.208512893530337,6,0.00394620286743635,12.2874311094721,0.695574098090961
"Astro-4","FBXW4",-0.0610686716080594,0.0572180825201742,0.285837870273506,-0.173214052612042,0.0510767093959228,6,0,0,0.655435116470986
"Astro-4","FAM133B",0.00217883338500406,0.0606177642876104,0.971327163317722,-0.116629801442051,0.120987468212059,6,0,0,0.994460940404121
"Astro-4","FLRT2",0.0515419034631286,0.107363272084132,0.631177503855498,-0.158886243084144,0.261970050010401,6,0,0,0.876778109374042
"Astro-4","CACNA1A",0.0261185479676477,0.100393239083203,0.79473849134747,-0.170648584926748,0.222885680862044,6,0,0,0.941067340022289
"Astro-4","DHRSX",0.0954177781547885,0.0998506232616375,0.339271716453517,-0.100285847271898,0.291121403581475,6,0.0186751035203422,34.3780715283148,0.697179125383413
"Astro-4","CDH2",0.0799913771793572,0.0749266361402178,0.285702787888487,-0.0668621311382069,0.226844885496921,6,0.00781367263989703,24.0101906434979,0.655435116470986
"Astro-4","TECPR2",-0.22748639574417,0.105112632108923,0.0304478083514375,-0.433503368997867,-0.0214694224904733,6,0.0262914529964507,46.9229589667461,0.22444661754748
"Astro-4","SPTBN4",-0.0710895096710405,0.0628308189265113,0.257868551674264,-0.19423565188616,0.0520566325440791,6,2.20292699385164e-06,0.00794100938805336,0.625744731017336
"Astro-4","NCOA6",0.0454767954988535,0.0534969270120555,0.395279282260594,-0.0593752547283432,0.15032884572605,6,4.83580209060462e-06,0.0238683161879881,0.742695369696376
"Astro-4","GPATCH2L",0.0335805858370516,0.0591305742098221,0.57009905071712,-0.0823132099993727,0.149474381673476,6,0,0,0.843676875377731
"Astro-4","PPIP5K2",-0.00801714926160495,0.0609192454927096,0.895298393052932,-0.12741667639267,0.11138237786946,6,1.10151316140678e-07,0.00040871444347742,0.974556705351282
"Astro-4","SLC39A10",-0.0646736872128084,0.0733734621866912,0.378084267481769,-0.208483030519735,0.0791356560941179,6,0,0,0.727146573586417
"Astro-4","BRWD1",-0.00262920421427251,0.0419465282351843,0.950021403028594,-0.0848428888317262,0.0795844804031812,6,0,0,0.990333490365009
"Astro-4","CCAR1",0.0316890895554544,0.0580193229933699,0.58494107860086,-0.0820266939189472,0.145404873029856,6,0.00243202893023763,11.3843305169529,0.850377160588007
"Astro-4","MYO6",-0.0269770847634491,0.0574571660883834,0.638700527999213,-0.139591060950417,0.0856368914235184,6,0.00502515267934366,27.0323310462069,0.880658082917113
"Astro-4","PLCG1",-0.0670652461374791,0.0683557075327901,0.3265328881298,-0.201039971039501,0.0669094787645427,6,0,0,0.688675869761924
"Astro-4","WWC1",0.127184350468228,0.09407452415644,0.176390299043629,-0.057198328741138,0.311567029677594,6,0.0158882833279009,33.3483433820051,0.521573655735583
"Astro-4","STX8",-0.0472194954761249,0.0566498719662156,0.404544614954246,-0.158251204258713,0.063812213306463,6,0,0,0.750164234830629
"Astro-4","SLC16A1-AS1",0.0927303962881595,0.0688733663176975,0.178176846259221,-0.0422589211885617,0.227719713764881,6,0,0,0.524354490446048
"Astro-4","MAGED1",-0.0639069927244194,0.0581459456484546,0.27173357192771,-0.177870952042414,0.050056966593575,6,0,0,0.642236594491196
"Astro-4","KIF5C",-0.0692977341758737,0.0696436016014652,0.319719849164072,-0.205796685068401,0.067201216716654,6,0,0,0.682900497192148
"Astro-4","USP9X",0.024048787790423,0.0537091742086534,0.654326845083253,-0.0812192592979253,0.129316834878771,6,1.70623870975037e-06,0.00828146791279004,0.884548954399112
"Astro-4","ZFHX3",0.115963259332398,0.0497976564447329,0.0198755424419773,0.0183616461862223,0.213564872478573,6,0,0,0.176896342614441
"Astro-4","SHTN1",-0.210578143290563,0.0797812580359122,0.00830422016769264,-0.366946535682248,-0.0542097508988784,6,0.00514413254546314,12.9240673538189,0.110713942543281
"Astro-4","ANKRD11",0.00621553983756368,0.0589835254142245,0.916076223467783,-0.109390045655519,0.121821125330647,6,0.00246224657168363,11.1987343544423,0.979754911411989
"Astro-4","METTL15",0.0233108643786865,0.0529351282306182,0.659671584916359,-0.0804400804703345,0.127061809227708,5,7.81282933828099e-08,0.000489479999805984,0.888125757163705
"Astro-4","KIAA1328",-0.00884553807856965,0.0579449494997232,0.878671005359875,-0.122415552184019,0.10472447602688,6,2.51309362614932e-07,0.00106107512041133,0.96750557947341
"Astro-4","FBXL20",-0.0242242063308523,0.054095294857193,0.65429309645119,-0.130249035984025,0.0818006233223207,6,4.27039171026314e-06,0.0209080669346537,0.884548954399112
"Astro-4","DSE",-0.0468109144181388,0.0733936775168537,0.523600092785556,-0.190659879044119,0.0970380502078415,6,1.49470340173179e-07,0.000397891526449821,0.821520086624871
"Astro-4","ZSWIM5",-0.0771813258253364,0.0560192028185903,0.168275696339585,-0.186976945792418,0.0326142941417452,6,2.24261932337721e-06,0.0100862582460932,0.51441038695325
"Astro-4","GLCCI1",-0.0163611588299066,0.0708254150186152,0.817309449634568,-0.155176421456495,0.122454103796681,6,0,0,0.950170175610513
"Astro-4","VAPA",0.0505149470563934,0.0592280015304052,0.393720524665409,-0.065569802819484,0.166599696932271,6,0,0,0.741777036095456
"Astro-4","COBL",0.0997168426595776,0.0642043936194486,0.120395529745492,-0.0261214564837748,0.22555514180293,6,1.78694868720151e-06,0.00630773457966937,0.447347199639371
"Astro-4","GOLIM4",-0.00421481499554212,0.0499758382053187,0.932788452020492,-0.102165657975168,0.0937360279840833,6,4.69811089104007e-06,0.0264342720566579,0.987295453105121
"Astro-4","GPR37L1",-0.0595970750165689,0.119992801770387,0.619420310871262,-0.294778644890582,0.175584494857444,6,0.023627810585808,29.8746583099762,0.870629401061643
"Astro-4","SPIDR",-0.0360336324558019,0.0453396042931871,0.426759172808183,-0.124897623943746,0.0528303590321424,6,1.57539378159711e-06,0.0107701817248796,0.765252331542447
"Astro-4","PHACTR4",0.0467199383275132,0.0556819620886023,0.401441372822938,-0.062414701954672,0.155854578609698,6,0.000478431310276725,2.23296371533064,0.748156974278909
"Astro-4","CCSER2",-0.0347811092901117,0.0474334088519232,0.463398736405336,-0.127748882303845,0.0581866637236211,6,0,0,0.788745371843549
"Astro-4","BBS2",-0.0126015386869078,0.0729755101192219,0.862901590829062,-0.155630910274021,0.130427832900205,6,0.00572907805101908,17.6364116344265,0.964767735772626
"Astro-4","SERPINE2",0.0753665681958909,0.0634391195083546,0.23482785635781,-0.0489718212514166,0.199704957643198,6,8.56495305854686e-06,0.0299489373947833,0.598520649289013
"Astro-4","WDR33",0.0413307181745557,0.100798678483962,0.681782223049625,-0.156231061343241,0.238892497692353,6,0.0261199056000812,53.3761300107068,0.898762706258046
"Astro-4","CCDC93",0.0989210058602199,0.0696528216097756,0.155549176980721,-0.0375960159165335,0.235438027636973,6,0.00588768378987047,20.8307057581154,0.497647147105025
"Astro-4","ALK",-0.122674160180742,0.0695501680151077,0.0777618464235008,-0.258989984609063,0.0136416642475786,6,4.64662510066486e-06,0.0134026948435573,0.356128069007023
"Astro-4","MT-ND5",0.0441395571506176,0.112991102862009,0.696058691393993,-0.17731893503238,0.265598049333615,5,2.55735876943526e-06,0.0035790858001984,0.905207755331903
"Astro-4","ZNF462",-0.0682918268742368,0.0612721399664927,0.265036566522682,-0.18838301446426,0.0517993607157862,6,0,0,0.632252746179672
"Astro-4","SLC8A1",0.15128280823579,0.139036069317251,0.276558389027349,-0.121222880178036,0.423788496649615,5,0.0413625997835128,47.5789309302842,0.648170514800639
"Astro-4","MPDZ",-0.0297617299791104,0.0553363008394754,0.590691832023038,-0.138218886662156,0.078695426703935,6,6.91267428783752e-06,0.0321027717996686,0.85313791203194
"Astro-4","BTBD7",-0.101976264444496,0.0549356319510625,0.0634127517828445,-0.209648124536526,0.00569559564753458,6,2.4497752793972e-06,0.0113736460002413,0.321025423522964
"Astro-4","MYH10",-0.0358015576528202,0.0519046120302104,0.490347157264957,-0.137532727863557,0.0659296125579165,6,6.80044920343296e-07,0.00346655146857283,0.802810887646315
"Astro-4","AGO3",-0.0216775151181269,0.0413357562099009,0.599982784137268,-0.10269410856326,0.0593390783270067,6,0,0,0.857656625741366
"Astro-4","EEA1",0.00973763596957348,0.0663172950230207,0.883263020371208,-0.120241873827664,0.139717145766811,6,0.00572857474100595,22.4763732304787,0.969880975874178
"Astro-4","SPIRE1",0.0433512025081816,0.0437770053154725,0.322040519949066,-0.042450151261163,0.129152556277526,5,2.08416578369585e-06,0.0190352596065344,0.684696504461581
"Astro-4","CTIF",-0.0577424580828996,0.0605473645413455,0.340248595052408,-0.176413111942754,0.0609281957769551,6,0,0,0.698306694487853
"Astro-4","PBXIP1",-0.00433319789180012,0.109381710874937,0.968399766687743,-0.218717411774049,0.210051015990449,6,0.0206727068800396,31.621249486159,0.994460940404121
"Astro-4","MINK1",0.0531140467410456,0.0656743658559752,0.418659808250807,-0.0756053450441728,0.181833438526264,6,6.64547024587219e-07,0.00218150646655062,0.76180948877117
"Astro-4","ATG7",-0.0211610914743812,0.0577362239099282,0.713982122118377,-0.134322010941181,0.0919998279924184,6,0.00429366722132206,22.1339826331334,0.911209718517162
"Astro-4","RBM28",-0.0523994805314237,0.0564564805544983,0.353335295927082,-0.163052149112126,0.0582531880492789,6,0,0,0.710311883089334
"Astro-4","KIF3A",-0.0608747276818951,0.0582040198329715,0.295614000486643,-0.174952510309974,0.0532030549461841,6,0.00206898203189614,9.38396874531773,0.665283753876409
"Astro-4","ATP1B1",-0.11880964865485,0.0842462014443859,0.158460820656975,-0.283929169320153,0.0463098720104523,5,4.45340229988934e-06,0.0112465911317816,0.50048743676883
"Astro-4","WRN",0.0412366209403003,0.0549735593705724,0.453184028003739,-0.066509575527996,0.148982817408597,6,0,0,0.781433575353658
"Astro-4","SLC25A33",-0.220212207381657,0.100695192061747,0.0287484531166455,-0.417571157239024,-0.0228532575242892,5,0,0,0.217960981142625
"Astro-4","CYTH1",0.0601367080030122,0.0578748744701655,0.29876686118806,-0.0532959615682888,0.173569377574313,6,0,0,0.667738225551382
"Astro-4","RSRP1",0.0327245420129684,0.0503879359209265,0.516046310399421,-0.0660339976473596,0.131483081673296,6,9.66340283021886e-07,0.00540927162053721,0.817314257845702
"Astro-4","UBN2",-0.068398895181797,0.0515056534223961,0.18418203591499,-0.169348120889896,0.0325503305263016,6,6.21041616899742e-07,0.00332503231123401,0.533122565006717
"Astro-4","ZNF451",-0.00219450724007696,0.052423410620792,0.96660934165636,-0.104942504003584,0.10055348952343,6,0,0,0.994460940404121
"Astro-4","NCOA2",0.0098399914116837,0.0441534881965438,0.823645437771486,-0.0766992552453565,0.0963792380687239,6,6.99929294103159e-06,0.0498699650000664,0.952721597015641
"Astro-4","IL1RAPL1",-0.243680677545828,0.0979970871257501,0.0128966172245548,-0.435751438902132,-0.0516099161895242,6,1.69433241074907e-06,0.0024902417624439,0.140589027611768
"Astro-4","PRKG1",-0.0271497539960389,0.0626919712851748,0.664966906326794,-0.150023759834801,0.0957242518427229,6,0.00367133908494475,15.2008763796581,0.891957083093553
"Astro-4","KTN1",0.0203276636899083,0.0471525674381349,0.666392702090109,-0.0720896702674321,0.112744997647249,6,0.000466946395337763,3.05908175955935,0.892567099014846
"Astro-4","ALCAM",-0.0698288042533314,0.0579837105151042,0.228480165717369,-0.183474788552932,0.0438171800462694,6,3.04391798137007e-07,0.00128580509354735,0.590609874656067
"Astro-4","INTU",-0.0164909168752198,0.0547385492791386,0.76321092579444,-0.123776502028302,0.0907946682778628,6,3.70715927237229e-07,0.00178625907557791,0.930620130263641
"Astro-4","CRYL1",-0.0429772372075726,0.0679318907400721,0.526961011361487,-0.176121296459824,0.0901668220446787,6,0,0,0.82289143036691
"Astro-4","BCAR3",-0.00301095303817033,0.063418804241261,0.962132828898157,-0.127309525293638,0.121287619217297,6,0,0,0.994460940404121
"Astro-4","NOTCH2",0.0170108025258403,0.0587373860885191,0.77211633343743,-0.0981123587536812,0.132133963805362,6,0.00244943903037912,11.0551319747922,0.933443871898017
"Astro-4","ZNF609",-0.114552190656077,0.0609637077298836,0.0602413938499239,-0.234038862170675,0.00493448085852111,6,0.000599820545083297,2.4371910427495,0.314495932216503
"Astro-4","TCF7L2",0.114368827493415,0.057521838521322,0.0467820643202371,0.00162809566709539,0.227109559319735,6,0.00362589888602372,18.3506426450097,0.279458675523594
"Astro-4","ZKSCAN1",0.0621018894270557,0.0863482639991626,0.47201614436815,-0.10713759813886,0.231341376992971,6,0.0171518117090462,47.0204942002269,0.792540372432973
"Astro-4","SLC3A2",0.0354935723640484,0.0733906745367253,0.628651957573089,-0.108349506529034,0.179336651257131,6,0.000442173994068192,1.19863976814461,0.875273258288099
"Astro-4","CDK17",-0.0190377613612159,0.0744427552809805,0.79815398060164,-0.164942880621866,0.126867357899435,6,0.00735432714291129,22.8671066564881,0.94280212847019
"Astro-4","ZNF91",-0.00370332287013427,0.0517376527574419,0.942937053934085,-0.10510725891936,0.0977006131790912,6,0,0,0.98916607490031
"Astro-4","RSRC1",-0.0246453077020345,0.0721397614536031,0.732627260346098,-0.166036642004407,0.116746026600339,6,0.00708958819677488,23.7614813793716,0.917049798221225
"Astro-4","ANKS1A",-0.017360811158876,0.0561189924800533,0.75704986769353,-0.127352015268455,0.0926303929507026,6,2.91298365842778e-06,0.0128886702477172,0.93055803678421
"Astro-4","AP2B1",0.0411955485653973,0.058134533772931,0.478557596331796,-0.0727460438875747,0.155137141018369,6,3.26982008231772e-06,0.0134805643170891,0.795800174314218
"Astro-4","TENM3",-0.171921105948228,0.0991055042689797,0.0827889715959824,-0.366164324985109,0.0223221130886526,6,0.00558461449719434,8.78473894120135,0.368535748049923
"Astro-4","RFTN2",-0.200098688266253,0.107517464427156,0.06273276773564,-0.410829046252546,0.0106316697200397,6,0.0215804731090092,34.5028968729419,0.319632814712748
"Astro-4","ZXDC",-0.00726532062772458,0.0560866610663827,0.896932427974942,-0.117193156330939,0.10266251507549,6,0,0,0.974740334580011
"Astro-4","UBE2G2",0.02313712639704,0.0578085324646055,0.688981802078737,-0.0901655152327012,0.136439768026781,6,0,0,0.902174372725159
"Astro-4","PDGFC",0.0178406341625404,0.0659590022251181,0.786790497110789,-0.111436634654888,0.147117902979969,6,0,0,0.939715672621951
"Astro-4","DANT2",0.0213396705155261,0.062927930010729,0.734524708619168,-0.10199680592716,0.144676146958212,6,0.00765144367522127,37.1492232856917,0.9173121134897
"Astro-4","SOBP",0.0297617695801276,0.0490542492957974,0.544042491685984,-0.0663827923282847,0.12590633148854,6,0,0,0.830508689096938
"Astro-4","CCNH",0.0854361223169401,0.0648500233875713,0.187690625112412,-0.0416675879192798,0.21253983255316,6,0.00318470873124743,12.0801632171485,0.536260463738584
"Astro-4","HNRNPA3",0.0469762859752864,0.054354018417017,0.387442228805821,-0.0595556325370936,0.153508204487666,6,2.06332727395115e-06,0.00941744705024634,0.73505017496957
"Astro-4","FTH1",-0.0205297353939026,0.097664734227131,0.833506718890588,-0.211949097038756,0.170889626250951,5,0.00299638695577362,5.89436829218966,0.955880328717664
"Astro-4","ADRA1A",0.0235164116805652,0.0674051754581965,0.727178352880564,-0.108595304589103,0.155628127950233,6,6.15690361521622e-06,0.0194640592523036,0.916841668946321
"Astro-4","KDM6A",-0.0160529282660337,0.0515878460492432,0.755666404495881,-0.117163248562547,0.08505739203048,6,0,0,0.929815251488286
"Astro-4","SMG1",0.0245359869522746,0.0677098167064958,0.717075768098052,-0.108172815192266,0.157244789096815,6,0.00866145891097061,35.8037730204144,0.911727425328447
"Astro-4","PSMD1",0.0778955907684652,0.128654912453795,0.544872426794049,-0.174263404075127,0.330054585612058,6,0.0577263360367891,75.9433021545915,0.830999889007279
"Astro-4","R3HDM1",-0.028886633897586,0.0542437640063147,0.594356387855937,-0.135202457735853,0.077429189940681,6,0.00272243701272549,15.1143868469426,0.854758975900245
"Astro-4","BASP1",0.00760474538845329,0.104063630146564,0.941744175046881,-0.196356221799309,0.211565712576216,5,0.00959244627181681,17.3437386032424,0.988427027441211
"Astro-4","USP34",0.016118534289431,0.0344071752225457,0.639452573571818,-0.0513182899565174,0.0835553585353794,6,4.31981244989535e-08,0.000511315343267169,0.880658082917113
"Astro-4","SCAF11",0.037955222249884,0.0450972810880134,0.399995121684598,-0.0504338244833016,0.12634426898307,6,0,0,0.747186509795238
"Astro-4","DENND5A",-0.000207721922159436,0.095684988713959,0.998267878936103,-0.187746853662641,0.187331409818322,6,0.0180416081769103,36.9221573886709,0.998999478700805
"Astro-4","DMXL2",-0.0477770851794288,0.056977780935936,0.401737968077381,-0.159451483732876,0.0638973133740187,6,9.95623392483125e-07,0.00433198410750806,0.748156974278909
"Astro-4","ZNRF3",-0.183929622690198,0.119367628004978,0.123349191801527,-0.417885874499931,0.0500266291195341,6,0.0458921558435355,61.9559995096594,0.450657716133738
"Astro-4","OSBPL8",-0.0525123143977132,0.0567808935923253,0.355057636114357,-0.163800820848672,0.0587761920532456,6,0.00122234625019028,5.57064920806091,0.711940091210212
"Astro-4","VPS45",-0.0295058861632148,0.0508361567705814,0.561637202780355,-0.129142922545986,0.0701311502195568,6,0,0,0.842292413634531
"Astro-4","PHLPP1",-0.191540473234212,0.0714171677488799,0.0073184595204636,-0.331515549899872,-0.0515653965685515,6,0.00705702824391527,24.0262714635458,0.102495963848134
"Astro-4","RDX",0.0521058767189483,0.0632387140675592,0.409964929196528,-0.0718397252820941,0.176051478719991,6,1.06738430189597e-06,0.00365891960301631,0.753830247120368
"Astro-4","BOD1L1",0.0733460686025952,0.0589277944854082,0.213250515259466,-0.042150286277183,0.188842423482373,6,0,0,0.570386230746574
"Astro-4","ANO5",0.046747633863618,0.0688354078058939,0.49706061879536,-0.0881672862970613,0.181662554024297,6,0,0,0.805963078873324
"Astro-4","FAM171B",-0.0828324311257631,0.077934288642288,0.287850141064198,-0.235580830025397,0.0699159677738703,6,0.00466027159698432,12.0974732217092,0.659189131419189
"Astro-4","CLYBL",-0.0251012667696794,0.070102574740578,0.720294795236723,-0.16249978848474,0.112297254945381,5,7.80230648211097e-07,0.00274032966181718,0.913242843914341
"Astro-4","CCDC7",-0.0629642152260395,0.0696878819684847,0.366251347851291,-0.199549954043148,0.0736215235910687,6,0.00299730205578944,9.32942240382477,0.719807413596871
"Astro-4","NPAS2",0.0145035258962987,0.0661615209907709,0.826483418165424,-0.115170672408003,0.1441777242006,6,0,0,0.95379785712093
"Astro-4","KCNN3",0.113526913216201,0.0630216834809267,0.0716407243935406,-0.00999331665149772,0.237047143083901,6,0,0,0.340855084179023
"Astro-4","JAZF1",-0.0200773510752123,0.0790435333285231,0.799492688412428,-0.174999829609909,0.134845127459484,6,3.7761445095869e-07,0.000860634579828621,0.94346335724549
"Astro-4","RUNX1T1",0.0942472662107038,0.0715064667675871,0.187495488173584,-0.0459028333154772,0.234397365736885,6,0.00305056501068754,9.30247579372384,0.536260463738584
"Astro-4","SMCHD1",0.056298520401342,0.0552965315841585,0.308620797176145,-0.0520806899735902,0.164677730776274,6,0,0,0.676439323505661
"Astro-4","PPARGC1A",-0.115783356504541,0.0967619991556119,0.231470769021377,-0.305433389921635,0.0738666769125538,6,1.87227330425282e-06,0.00287297631596971,0.594698612493893
"Astro-4","HECTD1",0.0227174882691052,0.049712095100262,0.647684624983001,-0.0747164277234384,0.120151404261649,6,5.73275925550918e-09,3.18155590867101e-05,0.882495429686998
"Astro-4","BICD1",-0.105253382689382,0.164714145734193,0.522818810325158,-0.428087176072682,0.217580410693917,6,0.117773096581677,81.0354910450977,0.821293167096926
"Astro-4","NBEAL1",-0.0652650843678389,0.0521381963048354,0.210653304500422,-0.167454071344196,0.0369239026085177,6,5.02598078637042e-07,0.00259338413870856,0.566234423809697
"Astro-4","PDE3B",-0.0686344171811705,0.109099984835111,0.529285890281569,-0.282466458171853,0.145197623809512,6,0,0,0.823166153962965
"Astro-4","PREPL",0.00775864606648215,0.0579738221349412,0.893536875110356,-0.105867957364134,0.121385249497098,5,2.03862471710939e-06,0.0105790630289628,0.974281966377217
"Astro-4","MAPK8IP3",0.0290250140469794,0.0534176727639025,0.586882123396661,-0.0756717007082157,0.133721728802175,6,5.21752996767547e-06,0.0250577421337068,0.851407744486737
"Astro-4","KATNAL2",0.0974551569057177,0.0639100083684509,0.127288783929398,-0.0278061577480995,0.222716471559535,6,4.2392512937774e-06,0.0147929445262466,0.456201665237775
"Astro-4","RPS24",-0.0112699328542951,0.0862549307942596,0.896045527421503,-0.180326490700039,0.157786624991449,6,4.1704418936726e-06,0.00796693764507531,0.974661489918303
"Astro-4","PRTFDC1",-0.00341503763171305,0.0554586203029998,0.950898800780096,-0.112111936057874,0.105281860794448,6,0,0,0.990368602966925
"Astro-4","KIF16B",-0.0421017822895597,0.0506403066219663,0.405754040431857,-0.141354959434679,0.0571513948555595,6,0,0,0.750754935243497
"Astro-4","LDB2",-0.0519103737332958,0.12649646556434,0.681534438615129,-0.299838890411014,0.196018142944423,5,0.0239123863712682,30.7843810961514,0.898762706258046
"Astro-4","GRM7",-0.202957456841757,0.091420201411372,0.026415344995313,-0.382137759067443,-0.0237771546160697,6,0,0,0.208197134724964
"Astro-4","NPEPPS",0.00562561075870094,0.0491184907200511,0.908816536378336,-0.0906448620275641,0.101896083544966,6,0,0,0.976772121546335
"Astro-4","IFT88",0.0366043374770287,0.0664167138650778,0.581543591655621,-0.0935700296700258,0.166778704624083,6,1.79908701343859e-06,0.00577500071504703,0.848877826274646
"Astro-4","FUS",-0.117960579433231,0.0600020341413792,0.0493051944173073,-0.235562405349477,-0.000358753516984625,6,2.83710188594159e-05,0.111710191922404,0.28675558307927
"Astro-4","GPI",-0.131805849222111,0.191041713531391,0.490236761041445,-0.506240727288455,0.242629028844233,6,0.141500907013913,79.7375376761516,0.802810887646315
"Astro-4","MLC1",-0.0656777345210691,0.108444968777447,0.544759201999454,-0.278225967629435,0.146870498587297,6,0.0208251531006151,33.1789079531446,0.830999889007279
"Astro-4","SENP7",-0.0722093455912945,0.0500301708309757,0.148931477155895,-0.170266678560393,0.0258479873778043,6,0,0,0.489154376563738
"Astro-4","MT2A",0.0280781248257741,0.132605636025331,0.83230865949715,-0.231824145930902,0.28798039558245,6,0,0,0.955880328717664
"Astro-4","SREBF1",-0.168912028515798,0.0833436238506371,0.0426937089580637,-0.3322625296041,-0.00556152742749599,6,0.00383688093746159,8.56303044679059,0.266475549238294
"Astro-4","LARGE1",-0.00683211930976837,0.0589010362253563,0.907657935947873,-0.122276028963556,0.108611790344019,6,0.00187360731387701,8.37127947415485,0.976487619883254
"Astro-4","STRN3",0.036715735741187,0.0497880800762781,0.460854647454368,-0.0608671080677143,0.134298579550088,6,4.3552083916861e-06,0.0247542040751051,0.786129945157951
"Astro-4","EHMT1",-0.0706535777759357,0.0471441278029531,0.133958779953969,-0.163054370352277,0.0217472148004058,6,2.85284091304979e-06,0.0180496966663164,0.466811181458525
"Astro-4","ARRB1",-0.0652116944967374,0.0832772580102101,0.433587614147686,-0.228432120927999,0.098008731934524,6,0,0,0.770902953731178
"Astro-4","MYO5A",0.0258548223845347,0.0531208822331208,0.62645908376516,-0.0782601936193758,0.129969838388445,6,0,0,0.873875329114026
"Astro-4","RANBP3L",-0.0400769919324015,0.0708774995948384,0.571774345914073,-0.178994338452537,0.0988403545877339,6,0,0,0.843676875377731
"Astro-4","NLGN4X",0.0330472521304359,0.0827804525908143,0.689734313238646,-0.129199453571486,0.195293957832357,6,2.98178377897562e-07,0.000614321507231448,0.902174372725159
"Astro-4","CACNA2D1",0.0625321370009986,0.0528695209774129,0.236902910016822,-0.0410902199946156,0.166154493996613,6,0,0,0.601563781734952
"Astro-4","FTL",0.264204849690961,0.216798537609487,0.222971262496528,-0.160712475924586,0.689122175306508,6,0.175842863033495,73.2855672243434,0.583460528552679
"Astro-4","KIDINS220",0.0183850297378524,0.0435992474458323,0.673256945705831,-0.0670679250090288,0.103837984484734,6,0,0,0.895433169751398
"Astro-4","PDS5A",0.0329155284799842,0.0713120269660358,0.644389348246318,-0.106853476037995,0.172684532997964,6,0.00992192022137462,37.3872337419572,0.880794449479828
"Astro-4","NFIB",-0.0355267039534137,0.0485401048716142,0.464227076069061,-0.130663561307575,0.0596101534007474,6,7.71570847617783e-07,0.00470988934593218,0.789308384811566
"Astro-4","ECE1",0.0910491168098778,0.0731803487338565,0.213435381769578,-0.0523817310845622,0.234479964704318,6,0,0,0.570386230746574
"Astro-4","INPP4A",0.0594173982580298,0.0653408326588678,0.363167730844663,-0.0686482804732097,0.187483076989269,6,0.004073793656014,15.6715698725379,0.717058973167819
"Astro-4","MT-ND4",0.0848981286466331,0.112667760866894,0.451133672355118,-0.135926624871251,0.305722882164517,5,0.00258241348607312,3.67541371247867,0.780269828500207
"Astro-4","HS6ST3",0.0728823991158223,0.106331241284586,0.493073945140182,-0.135523004233404,0.281287802465049,5,0,0,0.804171361109487
"Astro-4","ADARB2",-0.153597463810021,0.109279107158268,0.159857208270608,-0.367780578102919,0.0605856504828784,5,0,0,0.50238208951327
"Astro-4","RERE",0.043221325247941,0.0359275662938579,0.228971333669433,-0.0271954107401958,0.113638061236078,6,0,0,0.591231140740427
"Astro-4","UNC80",-0.00748919905160923,0.0686241259388905,0.913096511906903,-0.141990014362375,0.127011616259157,6,8.78206849660039e-08,0.000260637522760139,0.978237578761448
"Astro-4","NELL2",-0.0485773007692632,0.0704534345361564,0.490511730035084,-0.18666349504728,0.0895088935087537,5,1.31287680070126e-07,0.000449206166022357,0.802810887646315
"Astro-4","SLCO1C1",-0.174843223039121,0.0737293013067726,0.0177198280864768,-0.319349998205697,-0.0303364478725445,6,0.000296299445244594,0.795772330543573,0.166298455340784
"Astro-4","TRAF3",0.0297413192852338,0.0572229016357601,0.60324129034945,-0.0824135070117342,0.141896145582202,6,2.03308058033096e-06,0.00846617720489063,0.860282308921695
"Astro-4","KREMEN1",-0.0062256097121614,0.0684128611380991,0.927492134039526,-0.140312353622176,0.127861134197853,6,0,0,0.985075334159789
"Astro-4","STXBP1",-0.00445686037865823,0.0627421375345417,0.943370246937306,-0.127429190259419,0.118515469502102,6,7.78998371081006e-06,0.0281020975848754,0.98916607490031
"Astro-4","UGGT2",-0.0370859946981074,0.0493282135368725,0.452158615487823,-0.133767516652079,0.0595955272558638,6,1.03919807705481e-06,0.00606415791118788,0.781086811089715
"Astro-4","HIVEP3",-0.0441752317002468,0.0607964590798244,0.467465741468107,-0.163334101884266,0.0749836384837722,6,0,0,0.791474854277372
"Astro-4","SLC44A1",-0.0369823327839926,0.064012379810817,0.56344156292011,-0.162444291777893,0.0884796262099076,6,4.21100323166127e-07,0.00145139001765767,0.842859171753876
"Astro-4","DLGAP2",-0.0886216436662815,0.1044552670626,0.396205675267403,-0.293350205104491,0.116106917771928,5,0,0,0.743157760408844
"Astro-4","PLD3",-0.0912429229410013,0.0606072397685711,0.132200987923254,-0.210030930089784,0.0275450842077817,6,0,0,0.463820998322052
"Astro-4","EYA1",0.0918186768111823,0.0867066581638899,0.289619078586254,-0.0781232504098677,0.261760604032232,6,1.85774202486999e-07,0.000371208239343838,0.660500796341595
"Astro-4","CHST11",0.140332591545658,0.0879747407331419,0.110679500073643,-0.0320947318405488,0.312759914931865,6,4.45428106801679e-06,0.00842065697404093,0.42876472634656
"Astro-4","TOX",0.000608399595364289,0.065723761522733,0.992614152021288,-0.128207805917692,0.12942460510842,6,0.00238429472635342,8.477080350521,0.998372512258354
"Astro-4","PDE7B",-0.0290258139742975,0.0624212339925699,0.641932143015088,-0.151369184470282,0.0933175565216869,6,4.27527777585559e-07,0.0015859205544959,0.880794449479828
"Astro-4","CASK",0.0450700766099483,0.0623203496853933,0.469557021616707,-0.0770755642773646,0.167215717497261,6,5.40364682437459e-07,0.00191371559787129,0.791762858437046
"Astro-4","TFDP2",-0.0148584438603435,0.108483377240923,0.891058328436462,-0.227481956173824,0.197765068453137,6,0.0296405297667874,48.0207309917825,0.973135147503209
"Astro-4","SAFB2",0.00196055811571739,0.0578609933673879,0.972969704156376,-0.111444904994074,0.115366021225509,6,8.31983762283997e-08,0.000349720746055745,0.994460940404121
"Astro-4","FOXN3",0.0432635728375211,0.0622106819509986,0.48678185426966,-0.0786671232401122,0.165194268915154,6,0.00394183049002719,16.8309504983968,0.801085413685111
"Astro-4","PTPRN2",-0.0264524290888566,0.0806141977276498,0.742808753867211,-0.184453353277641,0.131548495099928,6,0,0,0.922448371558098
"Astro-4","ECHDC2",-0.0156757116990028,0.0593579298340819,0.791712178843635,-0.132015116370659,0.100663692972653,5,1.17859733201115e-06,0.00585642089408365,0.941067340022289
"Astro-4","BRINP1",-0.15238174637204,0.0989855073891646,0.123698155165806,-0.346389775846226,0.0416262831021457,6,0.022112532620429,42.6928294023004,0.450734582251186
"Astro-4","MBD5",-0.0454570117919643,0.0393383457068592,0.247869572423791,-0.122558752588794,0.0316447290048655,6,0.000226902891856302,2.12448367778766,0.614524701153615
"Astro-4","FGGY",0.123421710670202,0.0632227922414834,0.0509178888686184,-0.000492685125163594,0.247336106465568,6,0.00365589527736943,14.9197124839134,0.291570180932342
"Astro-4","CMYA5",0.131175403737079,0.0739740952360152,0.0761854108718987,-0.0138111587144465,0.276161966188605,6,0,0,0.352051365636473
"Astro-4","KCTD16",0.0153675038393482,0.0958989985814645,0.872686695900824,-0.17259107953378,0.203326087212476,6,0.0124831727803759,23.8495865672407,0.966122228913145
"Astro-4","TBC1D22A",0.00662732713227653,0.0519647485884182,0.898516928862517,-0.0952217085667017,0.108476362831255,6,0,0,0.975272418460036
"Astro-4","UBR2",0.0700402881500382,0.0478437074102286,0.143210507822553,-0.023731655260882,0.163812231560958,6,0,0,0.481067523817211
"Astro-4","CLSTN1",0.0302103137983344,0.0536782044609891,0.573568285005405,-0.0749970336999815,0.13541766129665,6,3.22709199259342e-06,0.0160386660049632,0.843738742489771
"Astro-4","DDX24",-0.0104335733975472,0.0737507164186431,0.887498020401678,-0.154982321412114,0.13411517461702,6,1.14729159534142e-06,0.00299395142229266,0.972463017192644
"Astro-4","ASAP2",-0.0535303762911052,0.0595434334220688,0.368645239062851,-0.170233361314218,0.0631726087320081,6,1.33272755880053e-06,0.00536731709382999,0.721274680964155
"Astro-4","CCDC171",-0.0345394641757528,0.0623668936384592,0.579708282304606,-0.156776329534773,0.0876974011832675,6,0,0,0.847982495433251
"Astro-4","ZFAND5",-0.000562830786509404,0.0885525760020075,0.994928764451312,-0.17412269048869,0.172997028915671,6,1.41587795749148e-06,0.00269288817329297,0.998372512258354
"Astro-4","LARP1",-0.0337269509235082,0.0559650453637717,0.546746112004263,-0.143416424229651,0.0759625223826347,6,1.01987073914909e-07,0.000465420932225681,0.832541751816918
"Astro-4","ZFYVE16",-0.0789636879907685,0.0516995762181412,0.126672366839721,-0.180292995394309,0.0223656194127718,6,1.91708208057276e-06,0.0101738873180661,0.455033287668084
"Astro-4","STX18-AS1",-0.0688219521761681,0.0595415028390433,0.247736291454879,-0.185521153326082,0.0478772489737461,6,0,0,0.614524701153615
"Astro-4","PALM",-0.00832416294469107,0.0738236953355882,0.910222946447496,-0.153015947008102,0.136367621118719,6,0,0,0.97732214143822
"Astro-4","SPATS2L",0.0238927532749804,0.0651326361827727,0.713744129504135,-0.103764867861405,0.151550374411365,6,4.17255877140792e-06,0.013921452756768,0.911209718517162
"Astro-4","TOM1L2",-0.0861317021810805,0.0522240370847131,0.0990916876282889,-0.188488933994402,0.0162255296322412,6,0,0,0.404880119439448
"Astro-4","ADD1",-0.0300410918513829,0.0440024387633891,0.494787425289808,-0.116284287059555,0.0562021033567889,6,0,0,0.804920399169068
"Astro-4","WDR59",-0.0107871937907672,0.0494675465253612,0.827377628283887,-0.107741803384035,0.0861674158025003,6,0,0,0.953903992903926
"Astro-4","NEDD4L",-0.00660361933027707,0.065366892604265,0.919531476742091,-0.134720374615934,0.12151313595538,6,0,0,0.981602238673583
"Astro-4","NFIX",-0.0853090035713191,0.0611938549902645,0.163294068640475,-0.205246755427404,0.034628748284766,6,0,0,0.508207225367768
"Astro-4","FBXW11",-0.0246558357136716,0.0526158037945254,0.63935462541345,-0.127780916168567,0.0784692447412242,6,1.10059821345824e-06,0.00540684186086088,0.880658082917113
"Astro-4","RIMKLB",-0.0101413934220022,0.0566299610773488,0.857873499406678,-0.121134077579511,0.100851290735506,6,3.76904445786843e-06,0.0167267982112461,0.963854303288347
"Astro-4","PEX5L",0.0276280282951107,0.0739402399144764,0.708662136455764,-0.117292178945514,0.172548235535735,6,0,0,0.910261566244448
"Astro-4","ZNF407",-0.0326653365757726,0.0528220470197156,0.536309418424963,-0.136194646324097,0.0708639731725512,6,0.000142031692468906,0.716974382787977,0.826091946823786
"Astro-4","VGLL4",0.0226906257527546,0.0529199696394966,0.668088820085356,-0.0810306088036119,0.126411860309121,6,3.5205132554913e-06,0.0176882410226602,0.892855672940107
"Astro-4","ATP1B2",0.0208290522939084,0.0716637741812266,0.771319268215599,-0.119629364097507,0.161287468685324,6,0,0,0.933099854483632
"Astro-4","MAP1B",0.100603984129247,0.0938302163655738,0.283633914030326,-0.0832998606088781,0.284507828867373,6,0.0168401567823447,35.258006588972,0.65373897112999
"Astro-4","FAM135B",-0.0726241585115604,0.0598283852942533,0.224795605673135,-0.189885638941483,0.0446373219183619,6,4.77931832788072e-06,0.0185144876899527,0.585519121691302
"Astro-4","PLPP1",-0.00244085222837752,0.0583215905752311,0.966616995407141,-0.116749069276921,0.111867364820166,6,0,0,0.994460940404121
"Astro-4","SSH2",-0.093128436293436,0.0613336102091361,0.128915717229063,-0.213340103345161,0.027083230758289,6,0,0,0.459619874350614
"Astro-4","CAMK2B",0.0728395111481465,0.0700115476007617,0.298157438063806,-0.064380600651258,0.210059622947551,6,0,0,0.667738225551382
"Astro-4","ENO1",0.053399856261385,0.0781428880647868,0.494378319825808,-0.099757389993542,0.206557102516312,6,0.00533833720772907,14.1753686774554,0.804920399169068
"Astro-4","CYFIP2",-0.0459161445631332,0.0529055980202295,0.385455535959321,-0.149609211263337,0.0577769221370702,6,1.04730531023375e-06,0.00529670223189915,0.734022179707965
"Astro-4","RERG",-0.166155021110243,0.126497741475765,0.189013888190877,-0.4140860385284,0.0817759963079142,6,0.00172780781050277,1.47508279502038,0.537468212273869
"Astro-4","ATP2B1",-0.0144725898513721,0.0602488297803157,0.810164651036711,-0.132558126331475,0.103612946628731,6,0,0,0.947360163554382
"Astro-4","CADPS2",0.015073428039754,0.060681644965102,0.803823563924867,-0.103860410614492,0.134007266694,6,8.51134919118283e-07,0.00316433932938288,0.944743740332831
"Astro-4","NEK1",-0.0174204033765978,0.0568323115998828,0.759206568009393,-0.128809687270526,0.0939688805173304,6,0.00273719141288346,13.6610267623896,0.93055803678421
"Astro-4","ZMYND11",-0.0520828566209095,0.0476054095335359,0.273931591226466,-0.14538774477592,0.0412220315341006,6,0,0,0.645755007025876
"Astro-4","EVI5",-0.0375150838753071,0.0504775360802715,0.45735845603185,-0.13644923662096,0.0614190688703462,6,0,0,0.784084082500302
"Astro-4","PRKAG2",-0.134302674553471,0.090270943512412,0.136810762252592,-0.311230472688249,0.0426251235813057,6,0.00206243979661395,3.88338206465652,0.471755292565441
"Astro-4","TLE1",-0.104895873306198,0.0975926748078858,0.282449292596102,-0.296174001084583,0.0863822544721881,6,0.0156747451240114,29.6308567984242,0.652912944602601
"Astro-4","FAM120B",0.0325539576983207,0.0462643200867424,0.481649838041382,-0.0581224434409274,0.123230358837569,6,0,0,0.797589520902871
"Astro-4","PTBP2",-0.0516960455733165,0.0473372879623376,0.274798495216145,-0.1444754251053,0.0410833339586666,6,0,0,0.646682197703827
"Astro-4","MAPT",-0.019091770128563,0.0627275241903504,0.760853385059281,-0.142035458381015,0.103851918123889,6,0,0,0.930583523904531
"Astro-4","RTN1",0.108175862695657,0.0936349218333352,0.247970055170737,-0.0753452117929036,0.291696937184217,6,0.0141343453623861,28.9199250045392,0.614524701153615
"Astro-4","LRP4",-0.298452575500481,0.158934699600614,0.060404228061881,-0.609958862611378,0.0130537116104155,6,0.0933759675154045,71.7431635838816,0.314816692437017
"Astro-4","RGMA",-0.023135798214454,0.0722217713465721,0.748707707357024,-0.164687868953422,0.118416272524514,6,0,0,0.925213008503182
"Astro-4","FGFR1",0.168181820899963,0.108371066637962,0.120684468949356,-0.044221566676632,0.380585208476558,6,0.0263634496778937,42.2767797071095,0.447796011789392
"Astro-4","RNF38",-0.120074050595141,0.0569621756880913,0.0350343542671733,-0.231717863424843,-0.00843023776543916,6,0,0,0.241759279438395
"Astro-4","HUWE1",-0.00130755019711718,0.047041404490941,0.977825071291497,-0.0935070087815423,0.090891908387308,6,0,0,0.996061271800476
"Astro-4","FRMD5",0.0292615980248801,0.0746325164980274,0.695002263043727,-0.117015446386845,0.175538642436605,6,0,0,0.904987288171934
"Astro-4","F11-AS1",-0.0422694236767252,0.107094938301705,0.693070839597373,-0.252171645674606,0.167632798321156,6,0,0,0.903904710095715
"Astro-4","OSBPL6",-0.00488159707323054,0.0628139680255905,0.938054641001851,-0.127994712129438,0.118231517982977,6,1.58021871377449e-06,0.00577451592501375,0.988168649788257
"Astro-4","ALDH1A1",0.113718044154325,0.0934315681383366,0.223556062504897,-0.0694044644159143,0.296840552724565,6,3.51992021686967e-06,0.00583745741600548,0.583682224379422
"Astro-4","APPL2",-0.0374112246648441,0.0570583205356625,0.512038780401749,-0.149243477933085,0.0744210286033965,6,8.12343391705411e-08,0.00035215994478294,0.815230484219355
"Astro-4","PHF14",0.0667937054223061,0.0454647467757082,0.141797043063396,-0.0223155608243155,0.155902971668928,6,2.45863358297013e-07,0.00164242548663752,0.480158369009465
"Astro-4","OLFM2",-0.120413473920905,0.0961028570028073,0.210218604704534,-0.308771612457811,0.0679446646159999,6,8.22032911214468e-07,0.0012817494796226,0.565928925532079
"Astro-4","ARID2",-0.0166298683011535,0.047591818154825,0.726768733715037,-0.10990811784339,0.076648381241083,6,0,0,0.916769243314442
"Astro-4","SNED1",0.106552820383681,0.0939320002087001,0.256643049946997,-0.0775505170211801,0.290656157788542,6,0.00799635070083729,14.7448634003649,0.62468107790129
"Astro-4","DDX5",-0.0331981982866532,0.0494115965524286,0.501666087929976,-0.130043147948037,0.0636467513747303,6,0,0,0.810671257527498
"Astro-4","CDH11",0.0332167943147172,0.0660917323697878,0.61525521566036,-0.096320620805927,0.162754209435361,6,5.02286410324644e-06,0.0153685730819047,0.867903922504362
"Astro-4","PAPLN",-0.014979842079641,0.078263937165537,0.848210973789186,-0.168374340212399,0.138414656053117,6,0,0,0.960204024047555
"Astro-4","TENM2",-0.120101630580506,0.0748547076678074,0.108611969873554,-0.266814161682683,0.026610900521671,6,0,0,0.424044731557794
"Astro-4","FBXL17",-0.0393667384359907,0.0489781703693589,0.421535073442724,-0.135362188388601,0.0566287115166196,6,0,0,0.762615517900298
"Astro-4","BDP1",-0.013424400743564,0.050721077622721,0.791262883071368,-0.112835886141158,0.0859870846540298,6,0,0,0.941067340022289
"Astro-4","RBM39",-0.0410092081462617,0.0415697863438582,0.323880571793074,-0.122484492225249,0.0404660759327253,6,0,0,0.68620468701853
"Astro-4","AHI1",0.0876638122261211,0.0575084286228372,0.127417660483459,-0.0250506366821321,0.200378261134374,6,0.00371357778434939,18.8256644053239,0.456364105941411
"Astro-4","GSE1",-0.0276238825992967,0.0859734265232402,0.747977586124346,-0.196128702212348,0.140880937013755,6,0,0,0.924519931072907
"Astro-4","ZHX2",0.0534296677378948,0.0557386514107422,0.337772982604993,-0.0558160815739924,0.162675417049782,6,4.12729911291472e-06,0.0191590446478094,0.696104613722496
"Astro-4","SLC16A9",-0.23835646559257,0.18440556594099,0.19616101601484,-0.599784733385638,0.123071802200497,6,0.125441207867098,68.3190601488598,0.548301424225158
"Astro-4","ENTPD1-AS1",0.00207403846179595,0.0522565410029139,0.96834063506784,-0.100346899860556,0.104494976784148,6,0,0,0.994460940404121
"Astro-4","NRF1",-0.0145070949656972,0.0483569212432594,0.764176862343034,-0.109284919005725,0.080270729074331,6,0,0,0.930620130263641
"Astro-4","CLTC",0.0123442278949647,0.0521741324571139,0.812969675635225,-0.0899151926456008,0.11460364843553,6,3.06575388214904e-06,0.0157820539663121,0.949014825458345
"Astro-4","APCDD1",-0.0661352122480897,0.0742292989508901,0.372951525511704,-0.211621964789491,0.0793515402933117,6,0,0,0.723902356910067
"Astro-4","ASAP1",0.0709301457818261,0.04920594204396,0.149444737674755,-0.0255117284497006,0.167372020013353,6,0,0,0.489956276818433
"Astro-4","DOCK1",-0.0190424136283737,0.0416393619235733,0.64744277137296,-0.100654063337806,0.0625692360810585,6,0,0,0.882495429686998
"Astro-4","ARAP2",0.062657595919888,0.0459486321008473,0.1726795035729,-0.0274000681366537,0.15271525997643,6,4.08017145513986e-06,0.0276341728214841,0.517976559762043
"Astro-4","DAB1",-0.154134825744738,0.117605708866136,0.189990686688267,-0.384637779498668,0.0763681280091911,6,0.0236964164587621,30.6565647629327,0.538800171698503
"Astro-4","NAP1L1",-0.108045828382957,0.072763435778446,0.137572491271708,-0.250659541900104,0.0345678851341908,6,0.00928700177263673,32.6715439125816,0.473186994537828
"Astro-4","ATP2A2",-0.040765368317048,0.0578225274703111,0.480805000728634,-0.154095439653936,0.0725647030198396,6,1.3329971635291e-06,0.0054043992223481,0.797012720479454
"Astro-4","RALYL",-0.110290183910641,0.154494053132457,0.475301508515373,-0.413092963875875,0.192512596054593,5,0.0596502320504011,55.2458071886781,0.793803877957948
"Astro-4","KCND2",0.044081115155027,0.112988376189507,0.696434138063996,-0.177372032848069,0.265534263158123,6,6.14128931851999e-06,0.00700173381771458,0.905480424209842
"Astro-4","VPS53",-0.00768800034644779,0.0627885670084469,0.90254843992666,-0.130751330323884,0.115375329630988,6,0.00508099409244837,22.2252420029541,0.975721957354426
"Astro-4","GNAQ",0.0386079280814352,0.0421560346689029,0.359753989767115,-0.0440163816006362,0.121232237763507,6,0,0,0.714468486987335
"Astro-4","N4BP2L2",0.058929865774715,0.0417992760274712,0.15858993934124,-0.022995209818977,0.140854941368407,6,0.0011783268910604,10.5715103389163,0.50048743676883
"Astro-4","RAPGEF3",-0.0178335297350313,0.0771626389679456,0.817224592078538,-0.169069523064272,0.133402463594209,6,0,0,0.950170175610513
"Astro-4","PJA2",0.0700081618000895,0.084842179927775,0.409282173746795,-0.0962794552282165,0.236295778828395,6,0.0133025838024117,33.5947421000343,0.753652801939768
"Astro-4","GSN",-0.0530559243466874,0.0656878658794569,0.419264749311154,-0.18180177569172,0.0756899269983455,6,2.69096967208883e-08,8.9525590056759e-05,0.761817718142888
"Astro-4","SYT17",0.153727159657,0.0857446158531019,0.0729970517441505,-0.014329199283302,0.321783518597302,6,0.0136662278696668,35.0043178396843,0.342807731979009
"Astro-4","SRSF11",-0.0730306322930161,0.0452377157559517,0.106446135344444,-0.161694925917541,0.0156336613315093,6,0,0,0.420742715387093
"Astro-4","TCF25",-0.112681184713886,0.0637216911772182,0.077005209820015,-0.237573404455217,0.0122110350274453,6,2.12445764556701e-06,0.00764684446334182,0.354214669099339
"Astro-4","OSBPL3",-0.0191809995415588,0.0692586551782352,0.781820550294665,-0.154925469308578,0.116563470225461,6,3.22888877063839e-06,0.00981477471986913,0.937703962606381
"Astro-4","AAK1",0.00173864219324983,0.0506154097718936,0.972598008960766,-0.0974657380223983,0.100943022408898,6,0,0,0.994460940404121
"Astro-4","R3HDM2",-0.00822643919980022,0.0441391380303817,0.852150565486667,-0.0947375600479906,0.0782846816483902,6,0,0,0.96245789675107
"Astro-4","SREBF2",-0.243129555771293,0.130024796355749,0.0615017767743874,-0.497973473725716,0.01171436218313,6,0.0495570503701641,61.1693070412807,0.316908212020476
"Astro-4","SORL1",-0.0138306484926351,0.0594734907725155,0.816109705154537,-0.130396548441641,0.102735251456371,6,0.00305533479438845,13.5323075576757,0.950170175610513
"Astro-4","TMEM232",0.236770717627149,0.24644264764,0.336675958043888,-0.246247996001945,0.719789431256244,6,0.316192667249518,94.1633379136788,0.695508352055867
"Astro-4","ZNF521",0.0622748422292204,0.0690223466523661,0.36692846578479,-0.073006471337856,0.197556155796297,6,0.003852220504528,13.0393969880831,0.720336522314133
"Astro-4","BIRC6",-0.0354111148199517,0.0396503431056104,0.371811815208768,-0.113124359281604,0.0423021296417006,6,0,0,0.722974772043535
"Astro-4","PLEC",0.0141553213204747,0.067027183618534,0.832740755035158,-0.117215544557005,0.145526187197954,6,0.0024591238611745,8.48225960654015,0.955880328717664
"Astro-4","RSF1",-0.0277499104837776,0.0442843977271603,0.530902119306446,-0.114545735106059,0.059045914138504,6,0,0,0.824840106059658
"Astro-4","CHKA",-0.176998438237437,0.0639885673106655,0.00567320536162092,-0.302413725588658,-0.0515831508862152,6,0.00351529953102975,13.8896935318329,0.0890432404746365
"Astro-4","RBFOX1",-0.0191652896242909,0.0877032409465804,0.827020624555973,-0.191060483207027,0.152729903958445,6,0,0,0.95379785712093
"Astro-4","CRADD",-0.00867264969803819,0.0506787325272831,0.864121575134937,-0.108001140233652,0.0906558408375753,6,0,0,0.964767735772626
"Astro-4","DGKB",-0.402327321688468,0.216582772621414,0.0632237629492812,-0.826821755698267,0.0221671123213317,6,0.170647158437845,68.3962019516242,0.321025423522964
"Astro-4","RFX2",-0.0738423760255719,0.0717667300995112,0.303516273356393,-0.21450258230882,0.0668178302576766,6,0.00316666896434812,9.63258326619198,0.671720374826831
"Astro-4","PI4KA",0.030168134413066,0.0478954936225874,0.52877691212907,-0.0637053081089732,0.124041576935105,6,4.33004824842171e-08,0.000257728929178592,0.82289143036691
"Astro-4","HSP90AB1",0.00852048692871488,0.0743661554256091,0.908782159690028,-0.137234499374187,0.154275473231617,5,2.90708410271449e-07,0.000922803434055586,0.976772121546335
"Astro-4","PTPN4",-0.0172059397579286,0.0538157163502787,0.749180894028763,-0.122682805606698,0.088270926090841,6,0,0,0.925588338200657
"Astro-4","ANKRD26",0.0449193199191625,0.0498650762420786,0.367685504249689,-0.0528144336016554,0.14265307343998,6,6.6910563793276e-06,0.0378009555656557,0.720336522314133
"Astro-4","DSCAM",-0.136774045834155,0.107990590927386,0.205321001505578,-0.348431714721029,0.07488362305272,6,0.00309511654388206,3.90041439444465,0.561962556469853
"Astro-4","KCNIP1",-0.341519109041114,0.209142132983188,0.102479047358978,-0.75143015733805,0.068391939255821,6,0.165494933055543,76.0795891340117,0.412180085916596
"Astro-4","ROBO1",-0.0356505435750449,0.0889969587050682,0.688728199253472,-0.210081377370577,0.138780290220487,6,3.16102278307635e-06,0.00572692190763459,0.902174372725159
"Astro-4","CPE",-0.0837793381575936,0.0492634983112508,0.0890111330255214,-0.180334020600095,0.0127753442849076,6,1.16634396685429e-06,0.00631038574565495,0.383788621647188
"Astro-4","PCSK5",0.0313793796205482,0.0634895001274089,0.621133033395661,-0.0930577540256244,0.155816513266721,6,2.23476847566647e-06,0.00807813646927189,0.871552211630741
"Astro-4","FTO",0.0127459750629457,0.044781541008539,0.775930960502381,-0.0750242324859941,0.100516182611886,6,0.00145612119540569,11.4876482285083,0.934636945659779
"Astro-4","MPHOSPH8",0.0114690373318184,0.062869736539065,0.855248887733963,-0.111753382002271,0.134691456665908,6,0,0,0.963566300495649
"Astro-4","PRDM16",0.0622730914903675,0.0730754471004292,0.394116800254889,-0.0809521529806356,0.205498335961371,6,2.71907100553587e-06,0.00736242346484094,0.741777036095456
"Astro-4","PRRC2C",0.0483844903805023,0.0469593335898222,0.302846324974031,-0.0436541121935512,0.140423092954556,6,0,0,0.671720374826831
"Astro-4","MT-CO2",0.0913187058025512,0.160005917869353,0.568188915452253,-0.222287130534655,0.404924542139758,5,0.0532076076019749,45.9957738419944,0.843676875377731
"Astro-4","PRRX1",0.120673648114626,0.0784556879427681,0.124021191837905,-0.033096674635513,0.274443970864765,6,0.00420404781951333,10.8631139951452,0.450734582251186
"Astro-4","SUPT3H",0.0280832680453685,0.0519300371209367,0.588652027332006,-0.0736977344274954,0.129864270518232,6,1.530141958561e-06,0.00794777910051168,0.852765048030872
"Astro-4","DLGAP1",-0.0906265002341234,0.0610133793792118,0.13744993052445,-0.210210526392457,0.0289575259242106,6,0,0,0.473063339965057
"Astro-4","WDR70",-0.0470527252667657,0.0443817886018068,0.289062301702471,-0.134039432495777,0.0399339819622458,6,0,0,0.660491052454214
"Astro-4","GPM6B",-0.140693949303853,0.0563074606186528,0.0124659169056236,-0.25105454417732,-0.0303333544303859,6,5.14210376561754e-06,0.0228025655860759,0.137553208360638
"Astro-4","PIK3R1",0.040374246891633,0.0551910886115283,0.464452059462536,-0.0677982990545213,0.148546792837787,6,0,0,0.789308384811566
"Astro-4","RORA",0.0329476178545036,0.0494813700664965,0.505501199756591,-0.0640340853815278,0.129929321090535,6,0,0,0.813268793246098
"Astro-4","ATXN10",0.0419463388076799,0.0446900800417596,0.347933513113853,-0.0456446085403811,0.129537286155741,6,0,0,0.705974459296623
"Astro-4","LMO3",-0.0301982479558791,0.0757930521797399,0.690313032084584,-0.178749900506534,0.118353404594776,6,0,0,0.902174372725159
"Astro-4","STXBP5L",-0.0277064180755176,0.0802011652530999,0.729747418992104,-0.184897813489739,0.129484977338703,6,2.43412788711115e-06,0.00535095359708526,0.916841668946321
"Astro-4","CSMD3",-0.0599089968678068,0.101503204942627,0.555044649571924,-0.258851622870745,0.139033629135131,6,0,0,0.838019334182569
"Astro-4","ABI2",0.00973622693667608,0.0487726840134408,0.841774196620223,-0.0858564771590203,0.105328931032372,6,0,0,0.959381359412702
"Astro-4","KAT6B",-0.105445385835634,0.0606494664534368,0.082104498002892,-0.22431615576594,0.0134253840946723,6,0.0036351373022233,16.252316487558,0.367759614716846
"Astro-4","GRM3",-0.17606125609614,0.10639841025111,0.0979781063676856,-0.384598308200632,0.032475796008352,6,0,0,0.403072663334167
"Astro-4","ARHGEF7",-0.00891526288029813,0.0465820232478222,0.848221240576612,-0.100214350773037,0.0823838250124408,6,0,0,0.960204024047555
"Astro-4","DIP2B",0.0464031413477749,0.0519944889186476,0.372144983295479,-0.0555041843273413,0.148310467022891,6,0,0,0.723107754806085
"Astro-4","TRAF3IP2-AS1",0.00653642202339365,0.0474569891071974,0.890450962364418,-0.0864775674414228,0.0995504114882101,6,0,0,0.973135147503209
"Astro-4","KIAA1671",-0.0656550806858656,0.0580761757088692,0.258265859153957,-0.179482293435069,0.0481721320633379,6,0,0,0.626115952189816
"Astro-4","PRNP",-0.0352033906920938,0.127999572045315,0.783295180423258,-0.286077941937451,0.215671160553263,6,0.0450476748846633,58.3133445304649,0.93801419008406
"Astro-4","HEPACAM",-0.0860855501671592,0.107325473279305,0.42249625726223,-0.296439612418314,0.124268512083995,6,0.0314431387515241,55.2295623264933,0.762615517900298
"Astro-4","MBOAT2",-0.0692724180084662,0.0478271145575614,0.147507404718306,-0.163011840025758,0.0244670040088255,6,0,0,0.487512449620056
"Astro-4","HIPK2",-0.0509321726552015,0.051124168146189,0.319131350103012,-0.151133700961302,0.0492693556508988,6,3.70749431178081e-06,0.0197876408624449,0.682298665243009
"Astro-4","SYT11",-0.0857441042546331,0.0585639206646378,0.143163511169564,-0.200527279550784,0.029039071041518,6,7.28667765197397e-07,0.00296879465084647,0.481067523817211
"Astro-4","PFKFB3",0.0450139140467411,0.10676204028245,0.673296233645,-0.164235839822876,0.254263667916358,6,0.016501477135616,25.1785386544044,0.895433169751398
"Astro-4","VWA8",0.0170958023638083,0.0524706707297379,0.744563308455702,-0.085744822511138,0.119936427238755,5,6.17667647440409e-06,0.0393584474420474,0.922981131037891
"Astro-4","PRKD1",0.00239274095998756,0.0532246341843344,0.964142765176243,-0.101925625131627,0.106711107051602,6,0,0,0.994460940404121
"Astro-4","RFX3",0.00818348650655677,0.0483767223916957,0.865669488591893,-0.0866331470712593,0.103000120084373,6,1.83701786094284e-06,0.0113664294532523,0.964767735772626
"Astro-4","HSP90AA1",0.146051331158672,0.245422177992869,0.551775013532745,-0.334967298714731,0.627069961032074,6,0.237906774531196,78.1009200633453,0.836459106292814
"Astro-4","CDH10",-0.029228000903176,0.0959564862719701,0.760673557209907,-0.21729925807925,0.158843256272897,6,0.0113854487026158,20.9720917766129,0.930583523904531
"Astro-4","ANTXR1",-0.0377498753015782,0.0596622058832358,0.526912079873917,-0.154685650070934,0.0791858994677777,6,0,0,0.82289143036691
"Astro-4","CREBBP",-0.042063174052031,0.0470798347753594,0.371619697070571,-0.134337954609832,0.0502116065057698,6,8.25781202027917e-07,0.00530971252778612,0.722858541808924
"Astro-4","ADGRL3",0.0224761619218541,0.0548468698072472,0.681953807520815,-0.0850217275651078,0.129974051408816,6,0.0019084541885419,9.88891535817638,0.898762706258046
"Astro-4","BAALC",0.100292067491543,0.077054687278141,0.193063428886933,-0.0507323444136106,0.251316479396696,6,0,0,0.544124070474936
"Astro-4","FGF12",-0.0953998614822772,0.0974438099376173,0.327567954350726,-0.286386219476373,0.0955864965118188,5,7.99654118259876e-08,0.000146457028924999,0.689204994862737
"Astro-4","ANKRD36C",0.0423598291827129,0.0746300305467688,0.570308210268743,-0.103912342854078,0.188632001219504,6,0.00930837516560897,30.7812525864856,0.843676875377731
"Astro-4","TDRD3",-0.0117004578983808,0.0465785120198938,0.801660552154635,-0.102992663910839,0.0795917481140771,6,7.65459142890407e-07,0.00501686839033982,0.944696857792581
"Astro-4","KIF13A",-0.0565645599388441,0.0467575189850847,0.226377699612766,-0.148207613156058,0.0350784932783697,6,0,0,0.587169106546942
"Astro-4","CAMKMT",-0.0445632060538277,0.0593698466365564,0.452891401608059,-0.160925967229145,0.0717995551214893,6,0,0,0.781433575353658
"Astro-4","MAP4K5",0.0436975660923773,0.0472700935396733,0.355266075774319,-0.0489501147912219,0.136345246975976,6,0,0,0.712082609474543
"Astro-4","ANK2",0.00298709392865729,0.0389104967955998,0.938807843928165,-0.0732760784112795,0.0792502662685941,6,0,0,0.988251866623421
"Astro-4","DPF3",0.00259125594497754,0.057399597550439,0.963992412007062,-0.109909887980976,0.115092399870932,6,0,0,0.994460940404121
"Astro-4","TTC17",-0.00827212411518357,0.0422310353427668,0.844705779956316,-0.0910434324168446,0.0744991841864774,6,2.67994142943802e-06,0.0211025637288055,0.960050601108412
"Astro-4","LRRC7",-0.087797377107616,0.0910413904929511,0.334861605890067,-0.266235223576247,0.0906404693610154,6,0.00255083922973179,4.64633371656112,0.694239978299525
"Astro-4","EGFR",0.0487972602947934,0.0938939728710982,0.603268510070682,-0.13523154489794,0.232826065487527,6,0,0,0.860282308921695
"Astro-4","MERTK",-0.0396399532809582,0.0832430385575203,0.633935165761089,-0.202793310817377,0.123513404255461,6,6.70215474779208e-07,0.00139294913170411,0.878566321022183
"Astro-4","ERC1",-0.079385186552208,0.0457566929926924,0.0827511637242557,-0.169066656869541,0.0102962837651255,6,0,0,0.368535748049923
"Astro-4","EFR3B",-0.0235915027297596,0.0591837944124462,0.690177473673605,-0.139589608246577,0.0924066027870579,6,2.32123006657583e-06,0.00947786387844848,0.902174372725159
"Astro-4","THRB",-0.0126286143163497,0.0560063013853601,0.821601528641829,-0.122398947938951,0.0971417193062518,6,0,0,0.951970205651606
"Astro-4","ATP8A1",-0.0723430018670123,0.0592820899727943,0.222344346301634,-0.188533763141952,0.0438477594079275,6,3.50082041466721e-06,0.013191759597815,0.583404876520139
"Astro-4","THSD7A",-0.0392759951287528,0.0776422115826583,0.612955784550061,-0.191451933510802,0.112899943253296,6,0.0129364797409734,41.1162746095319,0.866343493020674
"Astro-4","SPECC1",-0.0657218589645553,0.0657586216933621,0.317581133689196,-0.194606389156539,0.0631626712274287,6,0,0,0.682298665243009
"Astro-4","OGFRL1",0.0244223343021736,0.0596155602804538,0.682052621281509,-0.0924220167656924,0.14126668537004,6,0,0,0.898762706258046
"Astro-4","NUCKS1",-0.0084789785908411,0.045734092812318,0.852917404299079,-0.0981161533685966,0.0811581961869144,6,0,0,0.962661343023729
"Astro-4","PLXNA2",0.0334429335847507,0.0700233564418351,0.632937182244526,-0.103800323117857,0.170686190287358,6,0,0,0.877660037933384
"Astro-4","TTC28",-0.000702150509250375,0.0419278087556446,0.986638727802406,-0.0828791456209968,0.0814748446024961,6,0,0,0.997792489645061
"Astro-4","ELP4",3.94730027373568e-05,0.0492907967961802,0.999361039014716,-0.0965687134870581,0.0966476594925328,6,3.38931966579147e-06,0.0195005128282113,0.999708045423321
"Astro-4","LINC00609",-0.154787269713185,0.144807965961606,0.285108399314926,-0.438605667672434,0.129031128246064,6,0,0,0.655435116470986
"Astro-4","KLF12",0.00940376821494081,0.0589274886314549,0.8732103361191,-0.106091987202104,0.124899523631986,6,1.27214441537483e-06,0.00512272299861287,0.966122228913145
"Astro-4","RIMS2",-0.0784631522276833,0.0975643801048649,0.421270365454895,-0.269685823407195,0.112759518951828,5,0.00723210573160815,14.7320634626395,0.762615517900298
"Astro-4","LRBA",-0.0429386224851215,0.0497903157134795,0.388473470586907,-0.14052584806242,0.0546486030921771,6,7.5452312401625e-07,0.00431402448429489,0.735984077816749
"Astro-4","AKAP9",-0.00564174409323031,0.0510814313027375,0.912055606274683,-0.105759509725353,0.0944760215388922,6,0,0,0.978136210774066
"Astro-4","ZNF292",0.0675780269470519,0.0475118001905578,0.154927003749326,-0.0255433902671047,0.160699444161209,6,6.55089757283644e-06,0.0411936570061614,0.497647147105025
"Astro-4","MT-ATP6",0.206392011547988,0.122020880628403,0.0907512133858041,-0.032764519845543,0.445548542941518,5,0.00431001718732693,5.33399381045117,0.387168411126955
"Astro-4","JAK1",-0.0130158455305424,0.0484155915878362,0.788056023115915,-0.107908661332902,0.0818769702718169,6,0,0,0.94007131833708
"Astro-4","PREX1",-0.0183505148803927,0.053671278046422,0.732421874057848,-0.123544286855615,0.0868432570948297,6,3.84913132713662e-06,0.0184839501303568,0.917049798221225
"Astro-4","ADAMTS17",0.0245700664173264,0.0853706489410102,0.773496307504604,-0.142753330843866,0.191893463678519,6,6.74747271465261e-07,0.00133894809919353,0.934078450495278
"Astro-4","MT-ND2",0.0318177719500151,0.111587305086587,0.775538480228293,-0.186889327151579,0.25052487105161,5,0,0,0.934636945659779
"Astro-4","ATRX",-0.025410168843311,0.0418077606324581,0.543329459577384,-0.1073518739572,0.0565315362705783,6,0,0,0.830458657067035
"Astro-4","MGAT5",-0.048844327052266,0.0695284900933957,0.48236235583688,-0.185117663534772,0.0874290094302396,6,0,0,0.79799742782216
"Astro-4","PPP1R12A",0.00260227195836286,0.0437994482891972,0.952622879947836,-0.0832430692311881,0.0884476131479138,6,0,0,0.990940949638495
"Astro-4","ADK",-0.0682466530022263,0.0500236621002626,0.172477123024747,-0.166291229093542,0.0297979230890898,6,0,0,0.517976559762043
"Astro-4","CCSER1",0.0105608024286848,0.084486964454784,0.900524188726916,-0.155030605065808,0.176152209923177,6,0,0,0.975344659691933
"Astro-4","GRIK2",-0.0843826657910329,0.0802187408685189,0.292842158579697,-0.241608508778481,0.0728431771964154,6,0,0,0.662869403299753
"Astro-4","SRPK2",-0.00173739210250585,0.0416629138279969,0.966736924114003,-0.0833952026963755,0.0799204184913638,6,4.10785968788389e-06,0.0333599207302473,0.994460940404121
"Astro-4","NHSL1",-0.10966680484796,0.0601151644202009,0.0681099718824121,-0.227490362036258,0.00815675234033697,6,0,0,0.331861433025633
"Astro-4","GRID2",-0.230692905801641,0.127457440205165,0.0703019450043509,-0.480504898165433,0.0191190865621502,6,0.0285076436091086,31.1151909586161,0.338018682758596
"Astro-4","ESRRG",-0.0436487577766375,0.0682960302326002,0.522750594942478,-0.177506517319592,0.0902090017663175,6,2.35512042619838e-07,0.000704278521509698,0.821293167096926
"Astro-4","MT-CO1",0.0909871935188338,0.138062304839336,0.509876537992509,-0.179609951588855,0.361584338626523,5,0.0395364681109025,45.5197749474728,0.814908589027067
"Astro-4","OPCML",-0.126643776666605,0.104452253704679,0.225337820932313,-0.331366432031816,0.0780788786986061,6,5.13744774272285e-08,6.60105016022894e-05,0.586092941872522
"Astro-4","NCAM1",-0.032035263513352,0.0408541701983013,0.43295976916326,-0.112107965720292,0.048037438693588,6,3.79114544692317e-09,3.05517597928968e-05,0.770902953731178
"Astro-4","SLC25A18",-0.0796512285171743,0.079711812890516,0.317678463756951,-0.235883510924981,0.0765810538906325,5,7.31061355794078e-06,0.0210023058397238,0.682298665243009
"Astro-4","RNPC3",0.0595862180580966,0.0557672568116316,0.285303889681761,-0.0497155968092973,0.168888032925491,6,0,0,0.655435116470986
"Astro-4","PTPRD",0.00533786448327122,0.0684519298709733,0.937844159874428,-0.128825452736098,0.13950118170264,6,0,0,0.988168649788257
"Astro-4","CARMIL1",-0.018440557781947,0.0478449556409697,0.699923867636505,-0.112214947680164,0.0753338321162701,6,0,0,0.90662458887787
"Astro-4","MT-ND1",0.0502038895131126,0.105920172528595,0.635515205233024,-0.157395833879203,0.257803612905428,5,0,0,0.879450598857785
"Astro-4","RORB",-0.0822855069257602,0.0654968824318422,0.208997408325746,-0.210657037591825,0.0460860237403048,6,0,0,0.564003875630052
"Astro-4","MAP2",0.0191979510372758,0.0586130557122025,0.743261677632221,-0.0956815271824808,0.134077429257032,6,6.27987519410171e-07,0.00236410157990185,0.922448371558098
"Astro-4","GRIA1",-0.262398453484647,0.15609823081149,0.0927662400977797,-0.568345363925589,0.0435484569562942,6,0.035698284121064,25.1963102931548,0.391812103193139
"Astro-4","SASH1",-0.00602704265512242,0.0591342093352321,0.918819046869102,-0.12192796320643,0.109873877896185,6,0,0,0.981151443597074
"Astro-4","EXT1",0.0894155627461727,0.0533719552720784,0.0938697783133665,-0.0151915473715836,0.194022672863929,6,0,0,0.393656130498513
"Astro-4","PDZRN3",-0.0990989087589121,0.0603841746393538,0.100768273310864,-0.217449716288222,0.0192518987703982,6,0,0,0.409102119918853
"Astro-4","ATP9B",-0.0242737124337483,0.0429536013924751,0.571995736774869,-0.108461224169289,0.0599137993017924,6,0,0,0.843676875377731
"Astro-4","PAFAH1B1",-0.0308602642105416,0.0525319436780068,0.556896742722763,-0.133820981857321,0.0721004534362382,6,0.00350326478180927,21.8296245198622,0.838019334182569
"Astro-4","CHN1",0.0587341606692947,0.0481366815746144,0.222406531800043,-0.0356120015522223,0.153080322890812,6,0,0,0.583404876520139
"Astro-4","ATRNL1",-0.092537751583518,0.0949227332961558,0.329622519485857,-0.278582890158084,0.0935073869910484,5,0,0,0.689990543667549
"Astro-4","MEF2C-AS1",0.134907474282716,0.0728896638651516,0.0641918464921805,-0.007953641738212,0.277768590303644,6,0,0,0.322576867107011
"Astro-4","AKAP6",0.00292917542279615,0.0622888394729633,0.96249275549302,-0.119154706583009,0.125013057428601,6,0,0,0.994460940404121
"Astro-4","JAKMIP2",0.00115894990401436,0.0504344009486069,0.981666742499594,-0.0976906595371079,0.100008559345137,6,5.6367530635036e-06,0.0315864089703184,0.99755604605261
"Astro-4","UTRN",0.0751214804840614,0.0611836363914041,0.219520756339769,-0.0447962432862849,0.195039204254408,6,0.00449340725200618,20.3346942995417,0.58093175226815
"Astro-4","WSB1",-0.0220814802530815,0.0517091306769017,0.669355643283541,-0.123429514051684,0.0792665535455212,6,0,0,0.893019180169687
"Astro-4","FUT8",-0.0164105041360124,0.0493061184886785,0.739263396457174,-0.113048720591287,0.0802277123192619,6,0,0,0.920016558756365
"Astro-4","ACACA",-0.0538696782660161,0.046967354443108,0.251398140622201,-0.145924001423635,0.0381846448916029,5,0,0,0.6174693394809
"Astro-4","SORCS2",0.0536918757258268,0.0635638997997282,0.398283195618829,-0.0708910785985531,0.178274830050207,6,1.01231121711472e-07,0.000354898299246368,0.746285699646671
"Astro-4","SLC38A1",-0.251537851989455,0.169566421234206,0.137963434105658,-0.583881930595847,0.0808062266169371,6,0.040320892625242,23.9857770594828,0.473680576524993
"Astro-4","RAD51B",-0.00520022865100072,0.0553242394840237,0.925112744333866,-0.113633745511756,0.103233288209755,6,0.00128834290770982,6.39255047682397,0.984216168592048
"Astro-4","RBM6",-0.0229411860769888,0.0416792640824703,0.582029926656637,-0.104631042580764,0.0587486704267867,6,0,0,0.848877826274646
"Astro-4","PTPRM",0.0358201129236231,0.0533154485357575,0.501677655634318,-0.0686762460260604,0.140316471873306,6,0.00260915668031677,14.9831961419247,0.810671257527498
"Astro-4","ACTB",0.00632588122530988,0.0755302028804146,0.933252815717078,-0.141710596165306,0.154362358615926,6,1.18816643075695e-06,0.00301401728902689,0.987295453105121
"Astro-4","APC",-0.0391532803387748,0.059229774771363,0.508586336677257,-0.155241505703065,0.0769349450255159,6,0.00218157329917099,9.42555223819188,0.814883221025062
"Astro-4","KIF21A",-0.0370107226150046,0.0510654031559313,0.468592537895177,-0.137097073656648,0.0630756284266388,6,1.67460114262947e-06,0.00922401553801196,0.791762858437046
"Astro-4","DOCK3",-0.0195951658519661,0.0373026315228172,0.599372914984556,-0.0927069801652562,0.053516648461324,6,0,0,0.857233532769218
"Astro-4","ITFG1",-0.0318916438393468,0.0388611550727791,0.411842184904427,-0.10805810817962,0.0442748205009263,6,3.55047946340308e-07,0.00325764235930511,0.755620427930124
"Astro-4","MT-CYB",0.189306955968386,0.179498352708054,0.291587929476516,-0.162503350623666,0.541117262560439,5,0.0710104520785394,48.6652528846776,0.662225892224836
"Astro-4","SLC35F1",-0.0653337273967263,0.0643908670587358,0.310276146156642,-0.191537507765155,0.0608700529717025,6,5.41006474407557e-08,0.000178348675984001,0.677143105918301
"Astro-4","PREX2",0.0490066816320457,0.0543411829530933,0.367145493164711,-0.0575000798333191,0.15551344309741,6,0,0,0.720336522314133
"Astro-4","DYNC2H1",-0.0611035953609793,0.0512257771311994,0.232936328273653,-0.161504273618206,0.039297082896247,6,5.65696348725234e-06,0.0308853110925916,0.596762769714207
"Astro-4","LGI1",-0.0943691983579833,0.0667080929857124,0.157168526318954,-0.225114658087328,0.0363762613713619,6,0.000174692276835132,0.572427356837651,0.498602384314757
"Astro-4","ABLIM1",-0.0111750431773446,0.0558996896575656,0.841549063599098,-0.120736421653139,0.0983863352984501,6,0.00501669773292785,28.532330631369,0.959381359412702
"Astro-4","ACOT11",-0.0483780753323325,0.0639293118812617,0.449203697171342,-0.173677224176034,0.076921073511369,5,0,0,0.778163842039286
"Astro-4","GPRC5B",-0.00294165642464373,0.0874790850101655,0.973174616776343,-0.174397512445086,0.168514199595798,6,0.0194853252738613,51.1922438356205,0.994460940404121
"Astro-4","CEP85L",-0.151002005931657,0.0975978896421755,0.121818604782693,-0.342290354597436,0.0402863427341216,6,0.0271803593850133,56.5435597257473,0.448878117319867
"Astro-4","EPHA6",-0.00855149292720919,0.0848794735982026,0.919749985560763,-0.174912204206405,0.157809218351986,6,3.28569602066605e-06,0.00668484437081241,0.981602238673583
"Astro-4","ANKS1B",-0.0373331521334222,0.0569668087653457,0.512242955298577,-0.14898604562768,0.074319741360836,6,0,0,0.815230484219355
"Astro-4","NR3C2",-0.0528702931501045,0.0558059069488279,0.343437027436292,-0.162247860894401,0.0565072745941916,6,0,0,0.700467902859232
"Astro-4","ZEB1",0.0280295207487085,0.0477333737178783,0.557062587497277,-0.0655261725989237,0.121585214096341,6,0,0,0.838019334182569
"Astro-4","SRGAP1",0.0653457088929253,0.0614953375966668,0.287957756786193,-0.0551829380136735,0.185874355799524,6,1.84461193098143e-06,0.00713100665957624,0.659189131419189
"Astro-4","ACACB",-0.0310670802051059,0.0954062802227144,0.744704841538628,-0.218059953340562,0.15592579293035,5,0.0152163720190156,35.599154836212,0.922981131037891
"Astro-4","GRID1",0.0405391268941375,0.0540843273561213,0.45352333099068,-0.0654642068519347,0.14654246064021,6,1.35681713546222e-07,0.000655591026273356,0.781433575353658
"Astro-4","MYCBP2",-0.0123821901257289,0.0545657266620429,0.820484019930328,-0.11932904917359,0.0945646689221321,6,0.00334829360208615,18.874395549233,0.951684798653525
"Astro-4","GJA1",0.254823657294628,0.220277528510431,0.24734181502566,-0.176912365189312,0.686559679778568,6,0.211270806821777,84.7631790783466,0.614524701153615
"Astro-4","FAM184A",-0.101533570559084,0.0815088786708371,0.212883743857615,-0.261288037174169,0.058220896056002,6,0.0122894868900373,33.7289930056668,0.569985788701123
"Astro-4","NAV3",-0.0282933680564491,0.0513687115005937,0.581777700781416,-0.128974192529841,0.072387456416943,6,0,0,0.848877826274646
"Astro-4","ARHGEF26",0.0770019252739075,0.0514874674517164,0.134771754550855,-0.0239116565866348,0.17791550713445,6,0,0,0.467883722545297
"Astro-4","PLPP3",0.00220229632016047,0.0523649073826827,0.966453480953938,-0.100431036203673,0.104835628843994,6,1.52636929770008e-06,0.00735733517640265,0.994460940404121
"Astro-4","PCDH7",-0.0857675524707982,0.0624641845129092,0.169731309674781,-0.208195104439765,0.0366599994981684,6,0,0,0.51441038695325
"Astro-4","GLUD1",-0.0676230701018714,0.0575780298523478,0.24021098350223,-0.180473934913245,0.0452277947095023,5,0,0,0.604889692162495
"Astro-4","ZHX3",-0.0960329135388182,0.0720211387820555,0.182400904467309,-0.237191751677208,0.0451259245995716,6,0.00991844893446786,35.5396726326776,0.530779829621973
"Astro-4","ATXN2",0.00743682703204733,0.0428382331229592,0.862177818222652,-0.0765245670502835,0.0913982211143782,6,0,0,0.964767735772626
"Astro-4","DDX17",-0.014476687101177,0.0369015093185063,0.694832059096327,-0.0868023163406186,0.0578489421382645,6,0,0,0.904987288171934
"Astro-4","TJP1",0.0101730834621867,0.0384449885573976,0.791306808788573,-0.065177709496367,0.0855238764207404,6,0,0,0.941067340022289
"Astro-4","BMP2K",-0.0887311235594565,0.0814982574044692,0.276264710039537,-0.248464772874991,0.0710025257560779,6,0.0105786405912863,27.9292381902233,0.648100658737428
"Astro-4","DNM3",-0.0405941477681877,0.0680472499052444,0.550802357928821,-0.173964306829463,0.0927760112930878,6,0.0033992187009244,11.0966633947739,0.835921777995894
"Astro-4","TEAD1",0.0522973241780981,0.0473395998864794,0.269277991795977,-0.040486586641938,0.145081234998134,6,0,0,0.638921108249187
"Astro-4","NRXN3",-0.273592825581826,0.105493229993547,0.00950146656682546,-0.480355756981979,-0.0668298941816727,6,0.0103678679113466,15.2143552259083,0.120131968490742
"Astro-4","MIR99AHG",-0.0596482886217572,0.0730822636029436,0.414397141346333,-0.202886893192189,0.0835903159486746,6,0.0121211544531745,42.9809757982104,0.758033717485782
"Astro-4","INPP4B",-0.043601289663626,0.0629386561521203,0.488461113609596,-0.166958788957132,0.0797562096298801,6,2.84550152664904e-06,0.01011242031632,0.802810887646315
"Astro-4","AGAP1",-0.0171606958745431,0.0520071452870819,0.741424110129561,-0.119092827575966,0.0847714358268794,6,7.35698159681525e-08,0.000382062098382068,0.921424002167841
"Astro-4","SLC4A4",-0.115321531372126,0.0951594554975208,0.22555956443859,-0.301830636935709,0.0711875741914563,6,0.0246356823291553,52.4111852305074,0.586111484759075
"Astro-4","GAREM1",-0.00906838984808315,0.0546660814594612,0.868245912893725,-0.11621194068456,0.0980751609883935,6,0,0,0.964767735772626
"Astro-4","GABRA2",-0.0856405830791544,0.0669608628694015,0.200909470131215,-0.216881462676907,0.0456002965185979,6,3.35241832762885e-06,0.0105669652135485,0.55478641347659
"Astro-4","POU2F1",-0.00727600885501457,0.0443132718241366,0.86957779365477,-0.0941284256674559,0.0795764079574268,6,0,0,0.964978986615832
"Astro-4","PAMR1",-0.184718809758956,0.166518553424247,0.267301358889692,-0.511089177228188,0.141651557710277,6,0.109891021123258,79.9131937248735,0.635058730863635
"Astro-4","FRMD4A",-0.0649295940696877,0.0805908604628243,0.420433470178577,-0.222884778059916,0.093025589920541,6,0,0,0.762515376696441
"Astro-4","BPTF",-0.0475611839994582,0.0478394301676864,0.320133418679805,-0.141324744169042,0.0462023761701261,6,2.24432289539353e-07,0.00138096449740143,0.683034661261365
"Astro-4","GLUL",-0.00469900055136341,0.10939203251895,0.965736926066251,-0.219103444484141,0.209705443381414,6,0.0210978954935111,31.2515080006283,0.994460940404121
"Astro-4","CRB1",-0.165860384039408,0.0679047587661627,0.0145841380482336,-0.298951265599967,-0.0327695024788482,6,0.0037219180471841,12.995919821494,0.150299173621607
"Astro-4","FGFR2",-0.0220329923706172,0.0540900596593736,0.68375900129988,-0.128047561224612,0.0839815764833779,6,3.53185580740893e-06,0.016923786931743,0.899156346844844
"Astro-4","BCAS3",0.000846265975650994,0.0448006771042256,0.984929191989187,-0.0869614476316394,0.0886539795829414,6,0,0,0.997792489645061
"Astro-4","SGCD",-0.037104642026863,0.0820481185963883,0.65110311069986,-0.197915999475055,0.123706715421329,6,0,0,0.883317540764102
"Astro-4","ADGRA3",0.0151565420582923,0.058460977423001,0.795435312217135,-0.0994248681917989,0.129737952308384,6,0.000227474394195268,0.975399560645052,0.941334289868653
"Astro-4","CNTN1",0.083906944527166,0.0642307398323042,0.191438230965279,-0.0419829922445124,0.209796881298844,6,3.90049501366203e-06,0.0134250081166292,0.541219263733102
"Astro-4","TCF4",-0.0329549470439333,0.0442415748686211,0.456340402740271,-0.119666840405763,0.0537569463178965,6,0,0,0.783076116797788
"Astro-4","ARHGAP5",-0.0483233220662721,0.04770414352671,0.311069926746852,-0.141821725291953,0.045175081159409,6,0,0,0.677143105918301
"Astro-4","PPP1R9A",-0.0275023855085118,0.0518359969803935,0.595719990568369,-0.12909907269281,0.0740943016757865,6,0,0,0.855500266796654
"Astro-4","DCLK1",-0.090498145076572,0.15364496663779,0.555855773590368,-0.391636746092499,0.210640455939355,6,0.0420129296882163,31.7201341486125,0.838019334182569
"Astro-4","MT-CO3",-0.045122279383141,0.106219735290695,0.67098154539511,-0.25330913500028,0.163064576233999,5,0.000832238138506778,1.32304257944088,0.894096413990751
"Astro-4","SGIP1",0.0186513700885273,0.0492387875065481,0.704840649989773,-0.0778548800667277,0.115157620243782,6,0,0,0.909167072995883
"Astro-4","FUT9",-0.0450733587678931,0.0528925688721737,0.394120811235191,-0.148740888807158,0.0585941712713718,6,0,0,0.741777036095456
"Astro-4","GFAP",-0.00104315613971643,0.119080288173191,0.993010534774485,-0.234436232227823,0.23234991994839,6,0.013644602631466,15.4323512598474,0.998372512258354
"Astro-4","NAALADL2",-0.0407333861915724,0.0570240613305712,0.475029775553719,-0.152498492651695,0.0710317202685503,6,1.58692044804955e-06,0.00704176072299864,0.793803877957948
"Astro-4","CADM2",-0.0352003697664291,0.0526965067044383,0.504144454682039,-0.138483625018202,0.0680828854853435,6,0,0,0.812521986271259
"Astro-4","CSMD1",-0.154672701984607,0.0895792543075846,0.0842291712155778,-0.330244814189427,0.0208994102202138,6,0,0,0.373113060435186
"Astro-4","ASB3",-0.0146722462021431,0.0562188154825076,0.79410436771938,-0.124859099801361,0.0955146073970746,6,7.61475272438017e-06,0.0329942067734806,0.941067340022289
"Astro-4","LINC00511",-0.394572667075947,0.209564330490377,0.0597242777222526,-0.805311207281334,0.0161658731294405,6,0.200112346862467,86.2051313498555,0.313667312422061
"Astro-4","CHD9",-0.00929800702789695,0.0449238540004502,0.83603125435432,-0.097347142915515,0.0787511288597211,6,0,0,0.956915907645284
"Astro-4","ATP13A4",-0.136992087391826,0.130048698199993,0.292161971236263,-0.391882852100131,0.11789867731648,6,0.0621247878279029,74.5372565063103,0.662559765973457
"Astro-4","ADGRV1",-0.180308568673164,0.0903819495212765,0.0460470077566327,-0.357453934587383,-0.00316320275894449,6,0.0241690572644719,58.1549657122643,0.276383248754646
"Astro-4","SPTBN1",0.00264722706776557,0.0397000827945991,0.946835944259043,-0.075163505392907,0.0804579595284381,6,0,0,0.989693676693763
"Astro-4","CACNB2",-0.0250989378789677,0.0927912904607168,0.786784787037904,-0.206966525260968,0.156768649503032,6,0,0,0.939715672621951
"Astro-4","GRIA2",-0.137827597893446,0.0734542113394178,0.0606038944610206,-0.281795206631498,0.00614001084460683,6,0.0076507743828512,24.5926939010149,0.315556216917154
"Astro-4","KIF1B",-0.0991142008893378,0.0454471210673296,0.0291931341989703,-0.188188921382335,-0.0100394803963403,6,0.000940657535910046,6.97718775524469,0.220022163368879
"Astro-4","CNTNAP2",-0.237940028809575,0.0943327644083309,0.0116574426827957,-0.422828849612006,-0.0530512080071451,5,0,0,0.132957757949752
"Astro-4","MGAT4C",-0.0285769756776482,0.0638413023603138,0.654423713791068,-0.153703629029995,0.0965496776746987,6,0,0,0.884548954399112
"Astro-4","FMNL2",-0.0575088476261731,0.0476109377520926,0.227088994611702,-0.150824570890453,0.0358068756381067,6,0.00294485045089157,22.4803050700014,0.588127116438651
"Astro-4","SYT1",-0.0728194730619424,0.0771310233350267,0.34511805957403,-0.223993500889313,0.0783545547654283,5,0,0,0.701888825580209
"Astro-4","RPS6KA2",0.0654905854475901,0.0504305021704967,0.19407078474747,-0.0333513825288524,0.164332553424033,6,0.00135503737915191,8.1821283580658,0.545889343206986
"Astro-4","PSD3",0.033743875514482,0.052465275686891,0.520116466503517,-0.0690861752707894,0.136573926299753,6,0,0,0.818962746006395
"Astro-4","AUTS2",-0.045534953404247,0.0455147270828734,0.317095496569328,-0.134742179252849,0.0436722724443546,6,0.00279992954338496,23.498601287034,0.682298665243009
"Astro-4","DCLK2",-0.134964722452131,0.10947900988724,0.217653803273887,-0.349539638894227,0.0796101939899644,6,0.0319849442190361,50.1350957518085,0.577660385559753
"Astro-4","KCNMA1",-0.0173325789452003,0.0432478833051103,0.688587344178498,-0.102096872630808,0.067431714740407,6,6.31475473222513e-06,0.0482023420830349,0.902174372725159
"Astro-4","TNRC6A",-0.0384407413087763,0.0403256680310403,0.340459671809072,-0.117477598302133,0.0405961156845809,6,0,0,0.698306694487853
"Astro-4","DLG2",-0.0538142241741769,0.0400242290573406,0.178773449310421,-0.132260271635546,0.0246318232871922,6,0,0,0.524978806523397
"Astro-4","NCAM2",-0.0180946921641474,0.0460721379341123,0.694506382030997,-0.108394423205769,0.0722050388774743,6,0.000612795835132619,4.31323711918646,0.904987288171934
"Astro-4","PDE4D",-0.175549277456887,0.195518862086813,0.369258250581867,-0.558759205445295,0.207660650531521,6,0.16776597482539,82.4266653272038,0.721605926539591
"Astro-4","WWOX",-0.0464407386387382,0.0544311980758672,0.393547991451328,-0.153123926502804,0.0602424492253274,6,2.13116122027627e-06,0.0105779212576408,0.741777036095456
"Astro-4","MSI2",-0.180236250241777,0.106939883961454,0.0919118386632913,-0.389834571317119,0.0293620708335659,6,0.0443371454270646,76.5077013143797,0.390375165457929
"Astro-4","CTNND2",0.00460127715505837,0.0397531155773891,0.907853588532927,-0.0733133976498825,0.0825159519599993,6,0,0,0.976505770099812
"Astro-4","ADGRB3",-0.0556481227969924,0.051577027718747,0.280617894310474,-0.156737239555361,0.0454409939613758,6,0,0,0.650290597676626
"Astro-4","CTNNA2",-0.161294336388537,0.0857900041568519,0.0600935776003037,-0.329439654769508,0.00685098199243414,6,0.0183606647762262,46.0898859175146,0.314278722441585
"Astro-4","GPM6A",-0.0857669896131184,0.0479068698212254,0.0734079750281591,-0.179662729074769,0.00812874984853225,6,0,0,0.343093976107596
"Astro-4","SLC1A2",-0.34021344555201,0.155098648394776,0.0282692585683094,-0.644201210456612,-0.0362256806474091,6,0.0897496472684138,71.1545737191163,0.216992673881313
"Astro-4","DPP10",-0.0757419452102295,0.099490235757706,0.44647772815552,-0.270739224108732,0.119255333688273,6,0.0114510352689876,19.3626432233878,0.775927386571891
"Astro-4","MALAT1",0.0369275991085475,0.0580164368750319,0.524449041914715,-0.0767825276778566,0.150637725894952,6,1.53785451805794e-07,0.000675424640923596,0.821520086624871
"Astro-4","LINC00298",0.0148154439571075,0.084699938588043,0.861144993160333,-0.151193385168211,0.180824273082426,5,0,0,0.964767735772626
"Astro-4","ENTPD3-AS1",0.00285124849831587,0.0842936941211559,0.973016565002966,-0.162361356102985,0.168063853099617,5,0,0,0.994460940404121
"Astro-4","TTTY14",-0.0194646189368657,0.0835150061087504,0.81570912837306,-0.183151023078659,0.144221785204928,5,0,0,0.949979372958135
