"cell_type","genes","estimate","se","pval","ci.lb","ci.ub","k","tau2","I2","padj"
"Sst-10","FTH1",0.129046910506881,0.256704049387197,0.615170320460979,-0.374083780977618,0.632177601991379,5,0.264378371209747,81.6910356793544,0.999123450623938
"Sst-10","TMSB10",0.177547801180179,0.310253649447632,0.567141373562182,-0.430538177809294,0.785633780169652,5,0.329578847938886,69.8227071616852,0.999123450623938
"Sst-10","RPL11",0.237519825052474,0.361100553690723,0.510688223383179,-0.470224254978814,0.945263905083762,5,0.520365589072354,82.4659577173944,0.999123450623938
"Sst-10","RPS27A",-0.0257145464893403,0.422760424394166,0.951498309397992,-0.854309752390775,0.802880659412094,5,0.716165341498244,81.4780375018374,0.999123450623938
"Sst-10","CSNK1E",-0.144485999614936,0.388405975465222,0.709894810856993,-0.905747722906919,0.616775723677046,5,0.642345421959213,87.8592634494318,0.999123450623938
"Sst-10","RPS5",-0.0204188200180304,0.39820338892649,0.959104505485907,-0.800883120835747,0.760045480799686,5,0.627504520333983,81.3032995965965,0.999123450623938
"Sst-10","ANKUB1",0.173401990199922,0.463201513884498,0.708139916638368,-0.734456294598124,1.08126027499797,5,0.885241545113512,85.2907673271843,0.999123450623938
"Sst-10","LGR4",-0.237396631126212,0.372796015446908,0.524254901569798,-0.96806339498219,0.493270132729766,5,0.577981426606048,85.7559810897503,0.999123450623938
"Sst-10","ARMCX3",0.105771458931363,0.250459424415717,0.672798936560947,-0.385119992512074,0.5966629103748,5,0.225962584460466,74.7791145531666,0.999123450623938
"Sst-10","RPL36AL",0.0355512978135947,0.366935023256249,0.922815993751667,-0.683628132435021,0.75473072806221,5,0.489454262658632,73.8446936308074,0.999123450623938
"Sst-10","UQCRC1",-0.0779576264460227,0.500150162921642,0.876136721207971,-1.05823393263428,0.902318679742236,5,1.12104706042754,90.1801430959449,0.999123450623938
"Sst-10","OLFM1",0.236522616631285,0.241565243393777,0.327518122904859,-0.236936560337171,0.709981793599741,5,0.189217532876271,66.3425755449836,0.999123450623938
"Sst-10","RPL41",-0.0313499950529046,0.468456896184434,0.946643930285309,-0.949508639883815,0.886808649778006,5,0.902169672716546,85.2886665883191,0.999123450623938
"Sst-10","SRGAP2C",-0.276689826877035,0.221355793526845,0.211307658605216,-0.710539209958934,0.157159556204865,5,0.173932136357462,73.4227209731134,0.999123450623938
"Sst-10","GLDN",0.572404842343778,0.334709386116081,0.0872372630477708,-0.0836134997312507,1.22842318441881,5,0.370681315376478,67.6977775053116,0.999123450623938
"Sst-10","UBE2Q1",-0.600435786337123,0.247850647204053,0.0154111146002537,-1.08621412840201,-0.114657444272236,5,0.140159453740643,46.1073548218752,0.891144034147969
"Sst-10","RPS28",0.0955014621678264,0.368398959109801,0.795454853435558,-0.626547229629427,0.81755015396508,5,0.517289361281298,77.7866730782142,0.999123450623938
"Sst-10","SIDT1",-0.162403173938487,0.19428632229315,0.403213371551113,-0.543197368321803,0.218391020444828,5,0.148281124474696,80.8581501702116,0.999123450623938
"Sst-10","N4BP2",0.0589896263238606,0.295713607084982,0.841885498670641,-0.520598393301132,0.638577645948854,5,0.366945523393276,86.0412866501523,0.999123450623938
"Sst-10","COX7C",0.392690876726716,0.247268939059004,0.112260917093702,-0.0919473383243612,0.877329091777794,5,0.182863391980939,60.2041573455919,0.999123450623938
"Sst-10","CCDC50",-0.132774892832277,0.200305002239045,0.50741792269344,-0.525365483144021,0.259815697479466,5,0.129329741449758,67.7608241053997,0.999123450623938
"Sst-10","SLITRK5",-0.158708641086006,0.21555448271274,0.461559788481455,-0.581187663909138,0.263770381737125,5,0.14022304334162,62.0810174956682,0.999123450623938
"Sst-10","SPPL2A",-0.0680284710635617,0.236335061894756,0.773463429195814,-0.531236680661327,0.395179738534204,5,0.218185279245109,81.7833962727241,0.999123450623938
"Sst-10","COMT",0.0191041951707557,0.288654660410166,0.947231679407919,-0.54664854320281,0.584856933544321,5,0.308575287515401,75.501047028986,0.999123450623938
"Sst-10","PPA1",0.156615027388921,0.18658263958071,0.40125222071526,-0.209080226329689,0.522310281107531,5,0.103187017633454,63.3077605861833,0.999123450623938
"Sst-10","RPS7",0.0766304853442694,0.303809540658467,0.800861751989195,-0.518825272505983,0.672086243194522,5,0.318783221827081,70.8408077607808,0.999123450623938
"Sst-10","UGP2",0.0404933340025966,0.237355830743003,0.864536875731561,-0.424715545774274,0.505702213779468,5,0.21374526897066,78.3828716428079,0.999123450623938
"Sst-10","FIS1",0.0734163755436378,0.357514228526175,0.83729687106199,-0.627298636328287,0.774131387415563,5,0.479749178921284,76.9588999379158,0.999123450623938
"Sst-10","HEG1",0.0210051930113117,0.35070535600275,0.952239953206437,-0.666364673939377,0.708375059962,5,0.451308259716897,75.548588945241,0.999123450623938
"Sst-10","HCN1",-0.128056163539773,0.130375260028556,0.325995346568083,-0.383586977670787,0.127474650591241,5,0.0603654513140322,72.9585826631625,0.999123450623938
"Sst-10","GUCY1A2",-0.0202713902711717,0.156775860324193,0.897118901025158,-0.327546430151872,0.287003649609529,5,0.0858671591882915,71.5640283303412,0.999123450623938
"Sst-10","PGP",0.114648846107879,0.344280679328765,0.739126872609028,-0.560128885949484,0.789426578165241,5,0.472506700658916,81.744521132022,0.999123450623938
"Sst-10","RUFY2",-0.0941655214793558,0.153134514785857,0.53860735716054,-0.394303655249652,0.205972612290941,5,0.0817010012523407,73.3775124615739,0.999123450623938
"Sst-10","PDGFC",-0.514630222052585,0.31792884631413,0.105512640391788,-1.13775931047465,0.108498866369481,5,0.291700531392561,58.2534716132531,0.999123450623938
"Sst-10","TPP2",-0.112253829128434,0.168385338334609,0.504996697310079,-0.44228302778886,0.217775369531992,5,0.0917160696146463,68.1836309913419,0.999123450623938
"Sst-10","NRG1",-0.374901151772172,0.35476646358863,0.290623522639213,-1.07023064332853,0.320428339784183,5,0.49966675181259,80.9964069028656,0.999123450623938
"Sst-10","SIPA1L2",-0.167177942816985,0.202832093873644,0.409815476923453,-0.564721541718174,0.230365656084204,5,0.152085843151406,76.0547254053842,0.999123450623938
"Sst-10","DCUN1D4",-0.0458836814002058,0.141849678992016,0.74634164203896,-0.323903943443125,0.232136580642714,5,0.0625326189769082,66.3587784426078,0.999123450623938
"Sst-10","HSPA8",-0.0649248386218871,0.37844092256213,0.863784466284285,-0.806655417119773,0.676805739875999,5,0.582386107195112,84.0098379074458,0.999123450623938
"Sst-10","KLHDC1",-0.164520464981995,0.176809874148586,0.352115550897984,-0.511061450424284,0.182020520460293,5,0.103553449601092,69.9376364608996,0.999123450623938
"Sst-10","TCF4",-0.00288943334917002,0.116079436311668,0.980141218136621,-0.230400947865751,0.22462208116741,5,0.0499642115748044,77.1297216040902,0.999123450623938
"Sst-10","RHOT1",0.0147128369503825,0.199715479654755,0.941273776994879,-0.376722310328079,0.406147984228844,5,0.153011828269822,79.8493293675458,0.999123450623938
"Sst-10","MT-ND3",-0.126447300066668,0.364704392894269,0.72880787829208,-0.84125477514298,0.588360175009645,5,0.521510102538704,81.7759564505361,0.999123450623938
"Sst-10","GTF2H5",0.196392889803287,0.25782239696827,0.446216916827155,-0.30892972266231,0.701715502268885,5,0.185938656924884,56.9786905727252,0.999123450623938
"Sst-10","TMEM232",-0.142092178252874,0.211729674111548,0.502155641717425,-0.557074713969911,0.272890357464163,5,0.167058476352288,78.2419939281055,0.999123450623938
"Sst-10","FTL",0.0651518253963551,0.230676061159591,0.7776072153155,-0.386964946572003,0.517268597364713,5,0.184612658872168,71.8221745188226,0.999123450623938
"Sst-10","AGPAT5",-0.122696056267069,0.207882352857723,0.555044023136749,-0.530137980889654,0.284745868355515,5,0.135177829880828,67.614407387707,0.999123450623938
"Sst-10","RALBP1",0.244575341699909,0.154092347941731,0.112467403200408,-0.0574401105590979,0.546590793958916,5,0.0467711523709549,40.4143675763815,0.999123450623938
"Sst-10","EIF2AK2",-0.16043462503093,0.181087420518762,0.375643802037041,-0.515359447300962,0.194490197239103,5,0.111628604214685,71.4454727009482,0.999123450623938
"Sst-10","VPS41",0.0915285057449968,0.175851795018536,0.602724453797953,-0.253134679108053,0.436191690598047,5,0.112816667542322,75.4095241139895,0.999123450623938
"Sst-10","DTD1",0.310978340926208,0.243381664146487,0.201341328852512,-0.16604095529833,0.787997637150745,5,0.165479045641439,57.8357159816463,0.999123450623938
"Sst-10","AK2",-0.0955334146264818,0.30406348281286,0.753377464188564,-0.691486889953501,0.500420060700537,5,0.347178005453929,78.3632417041276,0.999123450623938
"Sst-10","RPS9",0.0638500856295863,0.269590134915573,0.812779888248267,-0.46453686939223,0.592237040651403,5,0.229074043574417,65.4251070385542,0.999123450623938
"Sst-10","PRDX1",0.140367818225215,0.258111447388811,0.586560942709781,-0.36552132265436,0.646256959104791,5,0.202397864939754,61.5153984384509,0.999123450623938
"Sst-10","PARK7",-0.0256704371952824,0.320096456536229,0.936081416757195,-0.653047963585182,0.601707089194618,5,0.359816476099991,73.1138222213396,0.999123450623938
"Sst-10","BEX5",-0.0233956094312243,0.332175341327352,0.943850215618572,-0.674447314985134,0.627656096122686,5,0.36313828452943,66.5881235429587,0.999123450623938
"Sst-10","EFCAB14",-0.282680984902286,0.220056198803965,0.198937195753321,-0.713983209132844,0.148621239328273,5,0.117389616748645,49.9986034299856,0.999123450623938
"Sst-10","SRC",0.0872634828131628,0.356035395131094,0.80638072645805,-0.610553068865269,0.785080034491595,5,0.44413902029191,73.2122984661705,0.999123450623938
"Sst-10","MOB1B",-0.120308306330264,0.199451644049125,0.546378733761301,-0.511226345323851,0.270609732663323,5,0.117959576572192,61.697871750703,0.999123450623938
"Sst-10","LINC00290",0.00914621844499682,0.324343819793796,0.97750331904517,-0.626555986958992,0.644848423848986,5,0.367288018831169,72.8534521102212,0.999123450623938
"Sst-10","CIAO1",-0.133387967106954,0.339812350967092,0.694663551718095,-0.79940793650434,0.532632002290431,5,0.474350105459901,86.1092587197617,0.999123450623938
"Sst-10","CHCHD10",0.21589322579903,0.20938100816648,0.302492879134086,-0.194486009253957,0.626272460852017,5,0.101429946518789,46.9230788209585,0.999123450623938
"Sst-10","MOB3B",-0.214424954182035,0.221763576733255,0.333590077237167,-0.649073577661999,0.22022366929793,5,0.143832281971258,60.1611771425479,0.999123450623938
"Sst-10","WDR73",0.202893155530393,0.259602899631128,0.434477927818495,-0.305919178028784,0.71170548908957,5,0.203512354232392,64.4154710820726,0.999123450623938
"Sst-10","GALNT1",-0.182781232076554,0.137723828403811,0.184456539163194,-0.452714975560998,0.0871525114078904,5,0.0357306922622503,38.5138602099946,0.999123450623938
"Sst-10","DZIP3",-0.0976362054217182,0.157652378329489,0.535710023073126,-0.4066291890246,0.211356778181163,5,0.0913251422727052,75.9138391028031,0.999123450623938
"Sst-10","PDHA1",0.113702677392817,0.287135314308648,0.692112497148418,-0.449072197341721,0.676477552127356,5,0.291177280535221,72.1203247206226,0.999123450623938
"Sst-10","MLLT10",-0.0709175074803576,0.0896670726535067,0.429003521753897,-0.246661740480367,0.104826725519652,5,0.0159234318228092,41.9960073827827,0.999123450623938
"Sst-10","G2E3",-0.0844200128313424,0.186277849656139,0.650409017622783,-0.449517889274941,0.280677863612256,5,0.0944808473677663,57.1788328792348,0.999123450623938
"Sst-10","C1QTNF4",0.059551856427935,0.362263117431421,0.869425390084354,-0.650470806664854,0.769574519520724,5,0.495980680116214,78.1636267414016,0.999123450623938
"Sst-10","TRPM3",0.0117599293774607,0.2073067773617,0.954762520431262,-0.394553888002535,0.418073746757456,5,0.170073150166358,82.1211250504597,0.999123450623938
"Sst-10","SCUBE2",0.039027241203285,0.378550183376688,0.917886294295377,-0.702917484556057,0.780971966962627,5,0.589013455359497,85.9624981568163,0.999123450623938
"Sst-10","TMEM160",0.312991434677755,0.30804058234467,0.309595064228666,-0.290757012494542,0.916739881850052,5,0.286098741068875,62.7572561202251,0.999123450623938
"Sst-10","SLITRK4",-0.431446507396139,0.29396222333803,0.142187438954603,-1.007601877954,0.144708863161718,5,0.274797842956369,65.2701122631403,0.999123450623938
"Sst-10","CLIP3",-0.0873071374895292,0.21887259130147,0.689970724402079,-0.516289533643365,0.341675258664306,5,0.156812716485599,66.738214161573,0.999123450623938
"Sst-10","RPL19",0.35109920114895,0.206135623784705,0.0885224730157007,-0.0529191973997706,0.75511759969767,5,0.0736710842163801,34.9353595339859,0.999123450623938
"Sst-10","SPAST",-0.137932399900608,0.11547710181617,0.232299362195824,-0.364263360499366,0.0883985606981492,5,0.0239895589057188,36.5560920153079,0.999123450623938
"Sst-10","OPA1",-0.164557348398604,0.123281152502545,0.181937389299849,-0.406183967276183,0.0770692704789743,5,0.0400471507834926,54.2199747849353,0.999123450623938
"Sst-10","UNKL",0.214349430216042,0.227390461492287,0.345860379732175,-0.231327684736784,0.660026545168867,5,0.152207389455187,62.2158133552126,0.999123450623938
"Sst-10","MOAP1",-0.116966950687761,0.265891757542298,0.660006358170951,-0.638105219256721,0.404171317881199,5,0.23325368310709,68.8093606308846,0.999123450623938
"Sst-10","DOC2A",0.198179787600944,0.24454325772062,0.41770577974454,-0.281116190193567,0.677475765395455,5,0.173599324714057,59.0124152893445,0.999123450623938
"Sst-10","SLC44A5",0.0681663022452435,0.165977421194138,0.681295286838964,-0.257143465542103,0.39347607003259,5,0.109507401563464,80.4085498295196,0.999123450623938
"Sst-10","MTMR1",-0.19315354067121,0.241719280317218,0.424242830833864,-0.666914624461898,0.280607543119479,5,0.231703928543163,83.8900233268485,0.999123450623938
"Sst-10","MEF2C",0.0787038697797265,0.215445682882118,0.714882067668556,-0.343561909293862,0.500969648853315,5,0.180118418184079,78.7348941500107,0.999123450623938
"Sst-10","NAA20",-0.116212812660813,0.279266226237461,0.677310272592215,-0.663564558184651,0.431138932863026,5,0.258609294193748,67.6563375432635,0.999123450623938
"Sst-10","CDH7",-0.257738233152787,0.258830313744618,0.3193567056494,-0.765036326199441,0.249559859893867,5,0.201147682599409,62.514075440065,0.999123450623938
"Sst-10","DCP2",-0.188559352880923,0.183572509389623,0.30434252885686,-0.548354859836225,0.171236154074379,5,0.0838648942862838,51.8306970940642,0.999123450623938
"Sst-10","PRKX",0.0384707851404074,0.257712845475552,0.881334497735583,-0.46663711034501,0.543578680625825,5,0.232932508841914,72.4542312168868,0.999123450623938
"Sst-10","NDUFB2",-0.0141978230089285,0.284323404509189,0.960173811093521,-0.571461455808753,0.543065809790896,5,0.273888314556177,70.1208344500665,0.999123450623938
"Sst-10","MZT2B",-0.0734752798344836,0.313991537579377,0.814981863244299,-0.688887384940418,0.541936825271451,5,0.372223741075929,75.9520001255683,0.999123450623938
"Sst-10","CDIP1",-0.286219072620298,0.166560270263329,0.0857215965180834,-0.61267120359168,0.0402330583510838,5,0.0587533402653691,43.1777770693355,0.999123450623938
"Sst-10","RPS4X",0.0398341403185671,0.302375678595532,0.895192121153275,-0.552811299529534,0.632479580166668,5,0.326417716035214,72.4730519181772,0.999123450623938
"Sst-10","SEMA6A",-0.0299825485014732,0.117957485525667,0.799355748957532,-0.261174971838685,0.201209874835738,5,0.0275019811970315,40.4455298534156,0.999123450623938
"Sst-10","PRPF6",0.146661999558429,0.182464055570198,0.421520746863263,-0.210960977832274,0.504284976949132,5,0.0786213908110553,49.0408463897709,0.999123450623938
"Sst-10","SCG5",0.0496523582960476,0.183303723828885,0.786487332555481,-0.309616338640644,0.408921055232739,5,0.115525672217571,70.8581072638529,0.999123450623938
"Sst-10","PSMD2",0.143791416433225,0.230125107798191,0.532075949137621,-0.307245506789626,0.594828339656077,5,0.125594782730763,49.1087872949195,0.999123450623938
"Sst-10","NNAT",0.0895153933481086,0.302893893337845,0.767586110733328,-0.504145728731185,0.683176515427402,5,0.267138272160253,60.1780901739366,0.999123450623938
"Sst-10","SMAD5",-0.150101458678429,0.236789577830304,0.526144582618695,-0.614200503140269,0.31399758578341,5,0.173491830456528,64.1960124723591,0.999123450623938
"Sst-10","TOMM7",0.303695843227717,0.320068642700374,0.342698955235475,-0.323627169045634,0.931018855501068,5,0.367747453534316,72.4408538483815,0.999123450623938
"Sst-10","UBA6",-0.143211397722768,0.145410496117639,0.32468467960167,-0.428210733087442,0.141787937641906,5,0.058908682655913,58.8272241715103,0.999123450623938
"Sst-10","CALY",-0.00742817712257141,0.139031189700301,0.957390789019161,-0.279924301662918,0.265067947417775,5,0.0483133378601595,53.3052973452685,0.999123450623938
"Sst-10","NAP1L5",0.0401919087387762,0.248718156893919,0.871623850849397,-0.447286721074487,0.52767053855204,5,0.211776219751671,71.3298137189989,0.999123450623938
"Sst-10","ZNF428",0.0445177967716399,0.267369104430742,0.867761008343437,-0.479516018491343,0.568551612034623,5,0.202873542314562,57.6723588927048,0.999123450623938
"Sst-10","ISCU",-0.08514401770512,0.274975522843307,0.756833083917958,-0.624086139108073,0.453798103697833,5,0.249449912478124,67.5128892671899,0.999123450623938
"Sst-10","CD47",-0.0413687365565624,0.143329254775705,0.772866597877472,-0.32228891384791,0.239551440734785,5,0.0727262434313601,73.1553792417873,0.999123450623938
"Sst-10","ARMC10",-0.0436391811346199,0.286315127258132,0.878858357118109,-0.604806518789561,0.517528156520321,5,0.288790275711468,72.7725679056329,0.999123450623938
"Sst-10","LDHA",0.188801366471079,0.189646337404209,0.319471516748264,-0.182898624641103,0.56050135758326,5,0.0690806343850129,38.9796724499202,0.999123450623938
"Sst-10","TRMT10B",-0.00312815693355095,0.264107445266923,0.990549869721649,-0.520769237705604,0.514512923838502,5,0.223446959806218,67.7532865179833,0.999123450623938
"Sst-10","CHGB",-0.0400538876123664,0.276461444186261,0.884805178892374,-0.581908361331369,0.501800586106636,5,0.249333174738111,68.1984963821333,0.999123450623938
"Sst-10","ZMYM4",-0.122018344513225,0.127267743821291,0.337683138821227,-0.371458538796624,0.127421849770175,5,0.0485484702358073,62.7736558829663,0.999123450623938
"Sst-10","BEX2",-0.00361475527107545,0.219447248945305,0.986857766434874,-0.433723459710268,0.426493949168117,5,0.152230548547499,64.4636248973231,0.999123450623938
"Sst-10","BAZ2B",-0.0223310894874494,0.135651403417929,0.869242186194528,-0.288202954638904,0.243540775664005,5,0.052061581420917,59.497743391993,0.999123450623938
"Sst-10","ADAM10",-0.12331183751313,0.119333486411988,0.301445705581446,-0.357201173030227,0.110577498003967,5,0.038326628029832,55.6269732189757,0.999123450623938
"Sst-10","GPC6",-0.185053178074438,0.0954422114602155,0.0525131659781764,-0.372116475141317,0.00201011899244,5,0.0115125843494858,25.3120908307066,0.999123450623938
"Sst-10","LEMD3",-0.242663664355787,0.132991613466104,0.0680532761747191,-0.503322436995223,0.0179951082836487,5,0.0290300675086486,33.0930556450544,0.999123450623938
"Sst-10","TBL1X",-0.205758638131495,0.386626164623341,0.594594301526773,-0.963531996274097,0.552014720011108,5,0.545978581224475,73.3129087837652,0.999123450623938
"Sst-10","RIF1",-0.0605797443394241,0.148477059058601,0.683268214838441,-0.351589432624708,0.23042994394586,5,0.0706503054844943,66.4271942862875,0.999123450623938
"Sst-10","SYT11",0.042111386262907,0.152878119279788,0.782964965663898,-0.257524221549697,0.341746994075511,5,0.0831769580053586,73.7455849383499,0.999123450623938
"Sst-10","TUBA4A",0.176490815908564,0.236293438843005,0.455115632132713,-0.286635814006843,0.639617445823972,5,0.124582853858473,45.3979344596885,0.999123450623938
"Sst-10","RPL7A",-0.111249267144362,0.299646140816948,0.710437323921441,-0.698544911251998,0.476046376963274,5,0.305036665451824,70.1296845665761,0.999123450623938
"Sst-10","MBNL1",0.0386470868142457,0.201419185125497,0.847840973676653,-0.356127261827135,0.433421435455626,5,0.159036033722192,80.5725223455547,0.999123450623938
"Sst-10","PDS5B",-0.125776810105846,0.0788895041405413,0.110859568117557,-0.280397396979531,0.028843776767838,5,0.00678900831114427,21.6379579575278,0.999123450623938
"Sst-10","PSMD7",0.22490036614517,0.188251491539226,0.232211925324982,-0.14406577730766,0.593866509598,5,0.0768901764816614,44.331686084337,0.999123450623938
"Sst-10","ITGB1",0.0824310761487661,0.217051936214827,0.704111835903721,-0.34298290160698,0.507845053904512,5,0.150169550384863,67.7141505127736,0.999123450623938
"Sst-10","GPD1L",-0.229131693558663,0.224108269808084,0.306584446177763,-0.668375831020093,0.210112443902766,5,0.141209459684491,60.3091415547187,0.999123450623938
"Sst-10","IGIP",-0.0813654521631001,0.228069649741952,0.72127370303494,-0.528373751623991,0.36564284729779,5,0.140177107334576,55.2603057321953,0.999123450623938
"Sst-10","TRPC1",-0.0209285318103247,0.121255317075382,0.862966733035166,-0.258584586212059,0.21672752259141,5,0.0397700608993552,57.0324509587806,0.999123450623938
"Sst-10","CLIP4",-0.0251773666734,0.140531343615925,0.857813349501412,-0.300613738859635,0.250259005512835,5,0.0586466220560252,62.9564573667042,0.999123450623938
"Sst-10","PLEKHA1",-0.117014496381055,0.181910799367716,0.520060557988173,-0.473553111540669,0.239524118778559,5,0.113515826719599,70.9357771953686,0.999123450623938
"Sst-10","CEP295",-0.0799746692982914,0.139609899841583,0.566750441448711,-0.353605044873038,0.193655706276455,5,0.0485316883917603,52.2716447358338,0.999123450623938
"Sst-10","DDX17",0.00691805447216248,0.0548733168777367,0.899673984091991,-0.100631670320455,0.11446777926478,5,3.18386529084141e-06,0.0185764278679508,0.999123450623938
"Sst-10","SLC9A6",0.0180870392188104,0.169867838891353,0.9152038033426,-0.314847807139894,0.351021885577515,5,0.0905897572328444,66.8856073668989,0.999123450623938
"Sst-10","ADI1",0.277255345543807,0.177884945660797,0.119085931742126,-0.07139274134322,0.625903432430833,5,0.037365479346125,23.296354206123,0.999123450623938
"Sst-10","RRAGA",0.135806416667098,0.364064847365196,0.709127533492095,-0.577747572205758,0.849360405539954,5,0.505496184210659,77.4082828175649,0.999123450623938
"Sst-10","CNTNAP3B",-0.329241538443523,0.254924884191695,0.196522130456188,-0.828885130222289,0.170402053335244,5,0.208129151118585,68.0212769807661,0.999123450623938
"Sst-10","RPS6",-0.043060888816471,0.275485006059141,0.875789167855611,-0.583001578973186,0.496879801340244,5,0.258492625859291,69.5865258106016,0.999123450623938
"Sst-10","APOOL",-0.073721889491695,0.212408252546359,0.728533930372137,-0.490034414501647,0.342590635518257,5,0.105730985021788,48.2330697098381,0.999123450623938
"Sst-10","COPB1",-0.0697909247963188,0.175638176471502,0.691104782756806,-0.414035424990753,0.274453575398116,5,0.0652742698444861,44.1074905617842,0.999123450623938
"Sst-10","TNKS",-0.0610373441764,0.102669062251835,0.552173921568566,-0.262265008516496,0.140190320163696,5,0.0290242561979318,58.6497814290442,0.999123450623938
"Sst-10","FBXW2",0.10866125205511,0.181034130617464,0.548356143617273,-0.24615912392764,0.46348162803786,5,0.0620300162274252,38.9678430914753,0.999123450623938
"Sst-10","RPL34",0.130168410776995,0.226219607768354,0.565015877002544,-0.313213873045756,0.573550694599745,5,0.129299026770428,51.9619351187207,0.999123450623938
"Sst-10","VPS9D1",0.0589441475176032,0.212958511282568,0.781943663641677,-0.358446864797498,0.476335159832704,5,0.135208042679759,61.6486741214458,0.999123450623938
"Sst-10","KYAT3",-0.0729509278245984,0.195488538300706,0.709020133408013,-0.45610142228436,0.310199566635163,5,0.0951282483123551,52.1342076536381,0.999123450623938
"Sst-10","KCNIP1",-0.0210267004160136,0.0974512705111732,0.829169915477733,-0.212027680865583,0.169974280033556,5,0.00659226079455603,13.2140810992431,0.999123450623938
"Sst-10","UQCRC2",-0.0760165965481295,0.159767919631164,0.634221238508458,-0.389155964910102,0.237122771813843,5,0.0680504542216685,56.0727499979907,0.999123450623938
"Sst-10","CAMK2D",0.0214272034245687,0.133142676065706,0.872145264916801,-0.239527646469499,0.282382053318636,5,0.0516496772774568,59.5075320263137,0.999123450623938
"Sst-10","ITGB1BP1",0.119999299387301,0.130793071339361,0.358894082732692,-0.136350409865225,0.376349008639827,5,0.0292338460352273,34.5798058145109,0.999123450623938
"Sst-10","SLC25A4",-0.111347754555098,0.285664237090282,0.696695226101486,-0.671239370923162,0.448543861812967,5,0.293987510270023,74.8618637930525,0.999123450623938
"Sst-10","YWHAH",-0.0623597074488912,0.258023170483861,0.809026122898951,-0.568075828774096,0.443356413876314,5,0.237167159154353,73.1685419704486,0.999123450623938
"Sst-10","INTS12",-0.026586411693323,0.260153160737781,0.918601715073788,-0.536477237203633,0.483304413816987,5,0.209132121418,64.5090576964823,0.999123450623938
"Sst-10","ZNF644",-0.0476886182862923,0.0816136027445793,0.559003737104784,-0.207648340314227,0.112271103741642,5,0.00794035606803121,23.3693204702179,0.999123450623938
"Sst-10","SPEG",-0.111863167634563,0.328214027654584,0.733236196653329,-0.755150841058381,0.531424505789255,5,0.405836415849731,80.0126135298598,0.999123450623938
"Sst-10","GUK1",0.0773974586384208,0.227806815266586,0.734044496545705,-0.369095694716857,0.523890611993699,5,0.130146126134489,51.7665395569736,0.999123450623938
"Sst-10","GNA13",-0.0951162171615255,0.357782737804874,0.79035543067754,-0.796357497549216,0.606125063226165,5,0.525713715317745,84.0315162358134,0.999123450623938
"Sst-10","EHBP1",0.0238831255201008,0.0692750587003921,0.730276366566868,-0.111893494559566,0.159659745599767,5,7.82660288988162e-07,0.00295943074477948,0.999123450623938
"Sst-10","TSPYL4",-0.0966515627524779,0.300344189790901,0.747602190036244,-0.685315357708506,0.49201223220355,5,0.33231410592424,76.6792575852915,0.999123450623938
"Sst-10","COLGALT2",-0.175321065927271,0.126050641255285,0.164262420029402,-0.422375783015809,0.0717336511612662,5,0.00479990547744657,5.51578649716609,0.999123450623938
"Sst-10","SDAD1",-0.0592985343538268,0.215732242259947,0.783415357906843,-0.482125959487393,0.363528890779739,5,0.135810738498136,60.4749385378653,0.999123450623938
"Sst-10","RPL35",0.171498885875225,0.274392820326303,0.531962989818483,-0.366301159580698,0.709298931331148,5,0.22410142009418,61.228116327058,0.999123450623938
"Sst-10","RBM23",0.101120490033585,0.229087879440301,0.658919966527036,-0.34788350296406,0.55012448303123,5,0.145734450847793,57.6020999138062,0.999123450623938
"Sst-10","CCNB1IP1",-0.211876362245802,0.221035643460016,0.337779457769137,-0.64509826272707,0.221345538235466,5,0.114639976397591,48.3410664663622,0.999123450623938
"Sst-10","ZNF292",0.00342803567531889,0.0587032457994032,0.953433188206797,-0.111628211867114,0.118484283217751,5,3.04021618984706e-06,0.0146965611595567,0.999123450623938
"Sst-10","MPHOSPH10",0.0222088413492108,0.266795114750371,0.933658275780261,-0.500699974812747,0.545117657511169,5,0.235162640959844,68.048136391725,0.999123450623938
"Sst-10","STT3B",-0.194844354809547,0.104347724537023,0.0618652580325248,-0.399362136770819,0.00967342715172392,5,2.69993029108058e-07,0.000432414480324277,0.999123450623938
"Sst-10","HNRNPA3",-0.0150198766992791,0.165102134991539,0.927513851613372,-0.338614115053365,0.308574361654807,5,0.0945825179150865,73.3635038868552,0.999123450623938
"Sst-10","ATP6V1D",0.129133333417995,0.172575069563704,0.454295267844649,-0.20910758755636,0.46737425439235,5,0.0550903809290375,38.17943533802,0.999123450623938
"Sst-10","ATF6B",0.185680614036868,0.315866824761707,0.556636590241531,-0.433406986407102,0.804768214480837,5,0.35614901058854,74.0204991495991,0.999123450623938
"Sst-10","UNC5C",-0.0334352431256686,0.0750041013183824,0.655756990345657,-0.180440580402491,0.113570094151154,5,0.00188479661113345,6.10616610529342,0.999123450623938
"Sst-10","RBMX",0.399163718524741,0.0968947193055224,3.79594724562054e-05,0.2092535583938,0.589073878655683,5,8.31622835501966e-07,0.00150179033762483,0.115833330200111
"Sst-10","B4GALT6",-0.131197029792192,0.164089091231813,0.423972990320747,-0.452805738862452,0.190411679278069,5,0.0774188686407443,59.3967445901743,0.999123450623938
"Sst-10","PDZRN4",-0.442093385106293,0.310253879327818,0.154174338610354,-1.05017981465265,0.165993044440067,5,0.166249017710781,34.8715624233776,0.999123450623938
"Sst-10","MAP2K5",-0.0336424419374771,0.116255887308266,0.772288536432672,-0.261499794052426,0.194214910177471,5,0.0351205409534421,53.9647774301624,0.999123450623938
"Sst-10","SLC38A1",-0.0347928516519159,0.100121898579548,0.728212028206052,-0.231028166931601,0.16144246362777,5,0.0177829778871838,35.9484537741128,0.999123450623938
"Sst-10","CCDC91",-0.00106045480107708,0.0901115851906575,0.990610519371694,-0.177675916364579,0.175555006762424,5,0.0140875717129049,35.2874528227858,0.999123450623938
"Sst-10","TECPR1",0.130419578491364,0.259441671414884,0.615179952084443,-0.378076753570683,0.638915910553411,5,0.211713141582758,65.6859723782498,0.999123450623938
"Sst-10","ZNF429",0.152866515003392,0.148417592314498,0.303021408168452,-0.138026620605173,0.443759650611956,5,1.26799613058931e-06,0.00101795440627935,0.999123450623938
"Sst-10","PDCD4",-0.0764147218266852,0.195651407219061,0.696118309601377,-0.459884433500624,0.307054989847254,5,0.118876678986862,65.7983720276219,0.999123450623938
"Sst-10","PINK1",-0.00341983005520714,0.240742515574163,0.988666157164965,-0.47526649012814,0.468426830017726,5,0.184887699377441,66.7429043783108,0.999123450623938
"Sst-10","DZIP1",-0.0961712270087474,0.140368467208435,0.493259287903434,-0.371288367302371,0.178945913284876,5,0.0540928690691132,58.3742206684973,0.999123450623938
"Sst-10","RPL10",-0.0065920310077373,0.199353475442294,0.973621119993362,-0.397317663067524,0.38413360105205,5,0.0825485736859401,42.2616003724101,0.999123450623938
"Sst-10","ERCC8",-0.367384287402973,0.314761264255757,0.243136101768183,-0.984305029072551,0.249536454266604,5,0.403992231278981,83.3343062992082,0.999123450623938
"Sst-10","STRADB",0.113329061998545,0.175774395794143,0.519094664775752,-0.231182423162264,0.457840547159353,5,0.0476060363766881,31.0679065036649,0.999123450623938
"Sst-10","GTF2A1",-0.122104632656812,0.162743206760396,0.453079945430341,-0.441075456635743,0.196866191322119,5,0.0636760134103799,51.2201357218381,0.999123450623938
"Sst-10","GABRB2",0.0301753122055738,0.146574311690116,0.836892147393056,-0.257105059765802,0.31745568417695,5,0.0713124208577537,69.6900947176994,0.999123450623938
"Sst-10","EIF1B",-0.0306823979934201,0.28093789442044,0.913032624235097,-0.581310552949999,0.519945756963159,5,0.296466064403913,76.941966754469,0.999123450623938
"Sst-10","PCCA",-0.0293367714881484,0.118440651918453,0.804372921149027,-0.261476183553762,0.202802640577465,5,0.0317649123650509,46.9526717599759,0.999123450623938
"Sst-10","TRIM67",0.136795241103706,0.202657278482827,0.499670817496309,-0.260405725927539,0.533996208134951,5,0.118216937731671,60.1679748303899,0.999123450623938
"Sst-10","RPLP1",0.114226511609667,0.193776755316472,0.555542820560786,-0.265568949851649,0.494021973070983,5,0.0782917514255014,43.1574432685829,0.999123450623938
"Sst-10","ALDH2",0.225650268400708,0.159923117700583,0.158246919984779,-0.0877932825877943,0.53909381938921,5,0.0205925615612655,15.8417374726301,0.999123450623938
"Sst-10","RPS24",0.0156892942793723,0.230857259318616,0.945816665899809,-0.436782619554738,0.468161208113483,5,0.160048103867356,62.3163476852087,0.999123450623938
"Sst-10","LINC00276",0.223409314560344,0.34378595053564,0.515789090599109,-0.450398766880378,0.897217396001066,5,0.429096793609311,73.3948903502356,0.999123450623938
"Sst-10","CBLN2",-0.338571859565525,0.187691518712702,0.0712510542781769,-0.706440476446047,0.0292967573149976,5,0.00549919001229115,3.08065807185249,0.999123450623938
"Sst-10","VTI1B",0.340835833387166,0.171166870073463,0.0464535356407575,0.00535493269673254,0.676316734077599,5,0,0,0.999123450623938
"Sst-10","PCDH7",-0.0323668766408446,0.0771189866336786,0.674704265563391,-0.183517312967081,0.118783559685391,5,0.0105977868546264,36.5253005470925,0.999123450623938
"Sst-10","TUBB2A",-0.0887089917944839,0.214454058225732,0.679130208627973,-0.509031222255374,0.331613238666406,5,0.139942299927679,63.8210785256573,0.999123450623938
"Sst-10","KDM6A",-0.185134161797168,0.199607189052477,0.353670907418808,-0.5763570633953,0.206088739800964,5,0.138641193751551,74.2353808114744,0.999123450623938
"Sst-10","RICTOR",-0.0495908159558283,0.0910269683657569,0.585896189970851,-0.228000395574579,0.128818763662922,5,0.0157184873429637,38.7838570362556,0.999123450623938
"Sst-10","EPB41L5",-0.117188607389069,0.0780902295641034,0.133437812636134,-0.270242644879177,0.0358654301010382,5,3.49075605911696e-06,0.00896004455702708,0.999123450623938
"Sst-10","STAT4",-0.1459421839809,0.145292124385287,0.315150122210528,-0.430709515013376,0.138825147051576,5,0.0579322431264608,57.5632243077169,0.999123450623938
"Sst-10","CCDC57",0.0205672745174022,0.11558438949936,0.858768817548986,-0.205973966076393,0.247108515111197,5,0.0234916984764478,35.6543833261357,0.999123450623938
"Sst-10","RNF157",0.0790661489405496,0.0825032495454583,0.337891432857099,-0.0826372487760691,0.240769546657168,5,0.00424824884091247,11.1922223501295,0.999123450623938
"Sst-10","GLIPR1",0.067506534563514,0.226293944220923,0.765463914975358,-0.376021446029012,0.51103451515604,5,0.115665397728704,46.1135789041194,0.999123450623938
"Sst-10","PRRG3",0.143293951771982,0.133277835630572,0.282306613606922,-0.117925806001389,0.404513709545353,5,4.51833611572157e-06,0.00434266053779549,0.999123450623938
"Sst-10","GOLGA3",-0.186283394377284,0.0915393520231867,0.0418499793279607,-0.365697227510864,-0.00686956124370414,5,1.86328204983067e-06,0.00358464120213942,0.999123450623938
"Sst-10","DNAJC19",0.161119625519472,0.234793767953172,0.492575875160412,-0.299067703463199,0.621306954502144,5,0.132393575507119,49.6163916815929,0.999123450623938
"Sst-10","RPL5",0.0678625085996541,0.109008504669602,0.533584714991042,-0.145790234561332,0.28151525176064,5,1.87246268660009e-06,0.00265174967246624,0.999123450623938
"Sst-10","POLA1",-0.00185342540344978,0.141553785563356,0.989553248223714,-0.279293746982932,0.275586896176033,5,0.0416371149286434,42.8743517968076,0.999123450623938
"Sst-10","MGRN1",0.108552508311045,0.161263834518762,0.5008607105347,-0.207518799354556,0.424623815976646,5,0.0491008823981794,38.4209555546537,0.999123450623938
"Sst-10","CEP120",-0.0457402143583069,0.112008752186061,0.683007296206506,-0.265273334596259,0.173792905879645,5,0.00725375960061213,10.2790621227734,0.999123450623938
"Sst-10","TPT1",0.0780917522519744,0.197356188443913,0.69233417449197,-0.308719269224194,0.464902773728143,5,0.10221131348591,53.4050150162807,0.999123450623938
"Sst-10","NUDT3",-0.070212808788955,0.264590791086604,0.790729246326062,-0.588801229959661,0.448375612381751,5,0.26521245104174,76.428090179304,0.999123450623938
"Sst-10","SRP14",0.0502280559559782,0.182603257602354,0.783265076780308,-0.307667752404326,0.408123864316283,5,0.0657902464653086,39.8946513751552,0.999123450623938
"Sst-10","RNF187",0.0978350881863558,0.305050951203742,0.748424708469178,-0.500053789622664,0.695723965995375,5,0.31812143366618,70.4466381180054,0.999123450623938
"Sst-10","UGCG",0.0111680543425073,0.15878321441139,0.943926840255278,-0.300041327253317,0.322377435938332,5,0.0604192358799536,50.3326119155093,0.999123450623938
"Sst-10","ZNF846",0.133523781958596,0.18643331953287,0.473867073247937,-0.231878809844077,0.498926373761268,5,0.0458365279552021,26.2511407715203,0.999123450623938
"Sst-10","STOX2",-0.0217333515862816,0.0887086501213021,0.806458767923121,-0.195599110941198,0.152132407768635,5,0.0154564873163785,40.1692986152277,0.999123450623938
"Sst-10","GPC5",-0.348651721840931,0.386021108826819,0.36642325448097,-1.10523919241371,0.407935748731851,5,0.565690454341661,78.5283696354076,0.999123450623938
"Sst-10","GSTK1",-0.180435604879617,0.270553748933116,0.504828196510505,-0.710711208670817,0.349839998911584,5,0.237753385778548,66.6340567422746,0.999123450623938
"Sst-10","XIAP",-0.03663482864044,0.154796194333451,0.812916753196809,-0.340029794477867,0.266760137196986,5,0.0484705857024521,41.4785845814517,0.999123450623938
"Sst-10","NPAS1",0.096852657032806,0.115098431654261,0.400080890926008,-0.12873612368659,0.322441437752202,5,0.0180554007082864,27.3033369964166,0.999123450623938
"Sst-10","AGPS",-0.16437645560488,0.176130283201576,0.350682496623844,-0.509585467266809,0.180832556057049,5,0.0873750494410577,60.0225242532675,0.999123450623938
"Sst-10","CRTAC1",0.0768422285190347,0.18063517453444,0.670545004064005,-0.277196207909574,0.430880664947644,5,0.0829797497082374,53.4003574884687,0.999123450623938
"Sst-10","GANC",0.097677790744644,0.291015547156738,0.737138903183401,-0.472702200623781,0.668057782113069,5,0.254194140220648,62.8732656319219,0.999123450623938
"Sst-10","TRAP1",-0.107310598208041,0.146269882631226,0.463163334449262,-0.393994300188145,0.179373103772063,5,0.0360289649482494,34.0909711050471,0.999123450623938
"Sst-10","ERH",0.0832398144396541,0.236842855652738,0.72524636594447,-0.380963652635332,0.54744328151464,5,0.148849766768155,55.4989254013593,0.999123450623938
"Sst-10","NAV3",-0.0017622661298699,0.108069193890657,0.986989607556699,-0.213573993993833,0.210049461734093,5,0.0357229371907842,63.8671245530866,0.999123450623938
"Sst-10","EEF1A2",0.167650269766163,0.231013849933752,0.46801336185267,-0.285128556033933,0.620429095566258,5,0.178918229331417,71.352933959464,0.999123450623938
"Sst-10","LARP4B",-0.071256713611004,0.110872339455621,0.520424277299232,-0.288562505825721,0.146049078603713,5,0.0271516245036776,46.2389448348193,0.999123450623938
"Sst-10","PPHLN1",0.0105317193275319,0.150126976136509,0.944072616581491,-0.283711747007929,0.304775185662993,5,0.0745260326571552,70.4270555510999,0.999123450623938
"Sst-10","DIRAS1",-0.303647145642379,0.229707272123673,0.186205653182079,-0.75386512599172,0.146570834706962,5,0.128848103538549,49.1342141956802,0.999123450623938
"Sst-10","NAALAD2",-0.0578460619237048,0.120605549110283,0.63149037834929,-0.294228594515536,0.178536470668127,5,0.0370977659644424,53.0987887684304,0.999123450623938
"Sst-10","STRBP",-0.120059030168562,0.102270881351944,0.240422381737485,-0.320506274285542,0.0803882139484175,5,0.028456057187259,56.2844428941332,0.999123450623938
"Sst-10","COX5A",0.0627471341328883,0.234729717569437,0.789225458832824,-0.397314658404467,0.522808926670244,5,0.122702545315387,45.0939699171606,0.999123450623938
"Sst-10","LINC00662",-0.0592363916868795,0.161624557129603,0.713987435863904,-0.376014702678138,0.257541919304379,5,0.0722811692922167,57.8834753389437,0.999123450623938
"Sst-10","PCBP1",0.0401059940775122,0.249319455675368,0.872202193797163,-0.448551159691339,0.528763147846364,5,0.170817752223418,56.7068441793313,0.999123450623938
"Sst-10","RPN1",0.36218196859321,0.153328230593622,0.0181700277829242,0.061664158816458,0.662699778369962,5,2.40496899606535e-06,0.00188505590116906,0.947792132984498
"Sst-10","LCOR",-0.155812057725189,0.129479077132237,0.228830720101826,-0.409586385655857,0.097962270205479,5,0.0552279971538219,69.0846188145343,0.999123450623938
"Sst-10","DNMT1",-0.175651028910098,0.274134803788593,0.521687129872907,-0.712945371244694,0.361643313424498,5,0.258526073810625,72.0109529398969,0.999123450623938
"Sst-10","SET",0.305807243915865,0.219768966747312,0.164075615362299,-0.124932015828448,0.736546503660178,5,0.139299888261084,59.5461414001751,0.999123450623938
"Sst-10","SESTD1",-0.0783572084770147,0.128367753021915,0.541588964206016,-0.3299533811763,0.17323896422227,5,0.0476645504325282,61.0772606232607,0.999123450623938
"Sst-10","TUBB2B",0.0837793355626793,0.237747696243769,0.724547614387666,-0.382197586482476,0.549756257607835,5,0.1115088575812,39.7079130649834,0.999123450623938
"Sst-10","TENM1",-0.231398563373728,0.133925911354381,0.0840222477885383,-0.49388852622502,0.0310913994775631,5,0.0445774217081262,50.8706014780732,0.999123450623938
"Sst-10","CDK5RAP2",-0.301929991143766,0.209263561358138,0.149070726456082,-0.712079034682304,0.108219052394773,5,0.142718407563548,68.3619660154922,0.999123450623938
"Sst-10","HMG20A",0.0346543280268059,0.140177814780598,0.804740349138166,-0.240089140374693,0.309397796428305,5,0.0359396457108172,37.6580196497677,0.999123450623938
"Sst-10","SCN1B",0.1402127364273,0.209961970498893,0.504260863609504,-0.271305163873592,0.551730636728193,5,0.0828997941041948,38.4289479470652,0.999123450623938
"Sst-10","LRTM1",0.150105131550398,0.233486916509967,0.520299014401639,-0.307520815670448,0.607731078771245,5,0.121589143710764,45.5371007997625,0.999123450623938
"Sst-10","NT5C3B",0.0867820296925133,0.265547066685897,0.743815603724141,-0.433680657212101,0.607244716597128,5,0.176792733823485,51.316528950503,0.999123450623938
"Sst-10","PARP2",0.349769124413199,0.220469184820112,0.11263131672814,-0.0823425375351242,0.781880786361523,5,0.111660597363095,47.3182958651753,0.999123450623938
"Sst-10","DSTN",0.151159977850638,0.195842706882762,0.440206950238329,-0.23268467427441,0.535004629975686,5,0.123118506046223,66.2447329525012,0.999123450623938
"Sst-10","SLC32A1",0.14587873331814,0.195898116631614,0.456473453096557,-0.238074519919051,0.529831986555331,5,0.0339537380591809,17.5062927290397,0.999123450623938
"Sst-10","TMEM50B",-0.149222204949934,0.185371333810813,0.420825030349955,-0.512543342985278,0.214098933085411,5,0.0995561025879736,60.8892301277971,0.999123450623938
"Sst-10","PRDX5",0.0945487209516035,0.308206333456099,0.759017792350333,-0.509524592429493,0.6986220343327,5,0.296266183877697,63.1508089905403,0.999123450623938
"Sst-10","ZNRF2",0.179212310440433,0.281783285518482,0.524780722390387,-0.373072780621158,0.731497401502025,5,0.293841703526548,77.4310523674188,0.999123450623938
"Sst-10","SFXN1",0.00674528275124864,0.198619459496975,0.972908381576325,-0.382541704491635,0.396032269994132,5,0.137606553061563,71.9803131861871,0.999123450623938
"Sst-10","MAGED2",-0.0664559584012355,0.16396481313666,0.685252435995798,-0.387821086880929,0.254909170078458,5,0.00691129093364178,4.40626846119067,0.999123450623938
"Sst-10","CENPV",0.00388882244224892,0.232343147616531,0.986646102746577,-0.451495378940826,0.459273023825323,5,0.143798902457593,55.5492167683,0.999123450623938
"Sst-10","MCPH1",-0.0828874401865053,0.143368363693868,0.563167463622999,-0.363884269548925,0.198109389175915,5,0.0621126574646907,63.1553331621623,0.999123450623938
"Sst-10","CEP170",-0.0836100096423347,0.0725143835535118,0.248905146482394,-0.225735589768341,0.0585155704836721,5,3.76631296950617e-06,0.0125238932575735,0.999123450623938
"Sst-10","ACVR2A",0.0338550971446314,0.164928886305028,0.837360496300314,-0.289399580023526,0.357109774312789,5,0.0820579286513732,62.4005304389122,0.999123450623938
"Sst-10","NRF1",-0.0646137651349907,0.0891787099631785,0.46873274738445,-0.239400824850564,0.110173294580582,5,1.6371262334954e-06,0.00377552261426912,0.999123450623938
"Sst-10","ANKRD52",-0.191143713714319,0.268026081005137,0.4757508322991,-0.716465179401802,0.334177751973163,5,0.21983001675028,62.1586897486274,0.999123450623938
"Sst-10","TNKS2",-0.0859253014610424,0.0810964934322802,0.289352110616931,-0.244871507860801,0.0730209049387159,5,3.26550416574486e-06,0.00821927029542313,0.999123450623938
"Sst-10","NENF",0.363256769353324,0.174652705157957,0.0375364878732249,0.0209437574412366,0.705569781265412,5,0,0,0.999123450623938
"Sst-10","ZFHX2",0.0910826778695438,0.19636284741413,0.642756052915727,-0.293781430963886,0.475946786702974,5,0.0834947572919449,45.2486973272562,0.999123450623938
"Sst-10","ATAD2",-0.314093277236191,0.120831460044409,0.00933779216840619,-0.550918587122623,-0.0772679673497591,5,6.76227057696247e-06,0.00772204504671943,0.786899900916134
"Sst-10","ITGB3BP",0.441229320202732,0.276352131709468,0.11035045440039,-0.100410904998695,0.982869545404158,5,0.2519964637665,67.6542308489523,0.999123450623938
"Sst-10","DNAJC8",0.153321760312538,0.149931698483343,0.306491944765724,-0.140538968855734,0.447182489480809,5,1.86312943832436e-06,0.00157063767040659,0.999123450623938
"Sst-10","AMER2",-0.318685495059072,0.143252007309403,0.0261047822037422,-0.599454270098571,-0.0379167200195725,5,0.0168781408616297,15.561905191495,0.999123450623938
"Sst-10","UCHL1",0.015292451247595,0.175981787219995,0.930752652956069,-0.329625513638586,0.360210416133776,5,0.115526648351252,75.649963530316,0.999123450623938
"Sst-10","HMBOX1",0.0319236589234184,0.137355929017643,0.816215243375853,-0.237289015014201,0.301136332861038,5,0.0580979005845276,65.1026844629208,0.999123450623938
"Sst-10","ETNK1",-0.00984570131822962,0.123188394963096,0.936297753044214,-0.251290518759194,0.231599116122735,5,0.0407155993715006,55.9848333928571,0.999123450623938
"Sst-10","CCSER1",-0.0470959026942004,0.0991226720280751,0.634696132034069,-0.241372769920603,0.147180964532203,5,0.0300831558843081,65.4178959819605,0.999123450623938
"Sst-10","TBCK",0.0221291463501691,0.0650839885689892,0.733849698422903,-0.105433127215266,0.149691419915605,5,3.05506760617389e-07,0.00126863203970439,0.999123450623938
"Sst-10","SEC11C",0.144507517172788,0.239128972871952,0.545638983524266,-0.324176657316294,0.613191691661869,5,0.113666160369576,40.1794135196335,0.999123450623938
"Sst-10","ASCC2",0.0492417655047957,0.332751565210994,0.882355732431149,-0.602939318108084,0.701422849117675,5,0.422157127820155,78.9438785176407,0.999123450623938
"Sst-10","ST8SIA1",-0.0146308130382035,0.139257210980305,0.91632563227412,-0.287569931147096,0.258308305070689,5,0.0672192706351996,71.6943346146068,0.999123450623938
"Sst-10","TBPL1",-0.121016250299011,0.229084756956436,0.597319082387049,-0.570014123340737,0.327981622742715,5,0.113352166108358,43.5597792860698,0.999123450623938
"Sst-10","SYCE1",-0.0655585457479973,0.214242588813308,0.759603531386871,-0.485466303776704,0.35434921228071,5,0.0513435617018781,22.249295456672,0.999123450623938
"Sst-10","DDX55",0.374684155842745,0.175491890861893,0.0327568357585263,0.0307263701746011,0.718641941510889,5,0.0488594241716631,32.0726440298834,0.999123450623938
"Sst-10","CHMP4B",-0.333447426901415,0.188401739490701,0.0767480563403463,-0.702708050927886,0.0358131971250569,5,0.0607140595127521,34.6956702725974,0.999123450623938
"Sst-10","GRID2",-0.0458431007975858,0.132048149650971,0.728463922061208,-0.304652718338644,0.212966516743473,5,0.0636849444432645,76.754625006972,0.999123450623938
"Sst-10","ZNFX1",0.218539148668821,0.256521253624227,0.394250787474132,-0.28423326970373,0.721311567041371,5,0.186539369474285,59.099915007301,0.999123450623938
"Sst-10","MAP4K3",-0.0696325437119969,0.106063624206659,0.511491706897243,-0.27751342722684,0.138248339802846,5,0.030534814676036,56.4313674526325,0.999123450623938
"Sst-10","PNN",0.0816841717870879,0.19164881920139,0.669949020159239,-0.293940611527264,0.45730895510144,5,0.0926590816373432,51.9592448073817,0.999123450623938
"Sst-10","PPIB",0.177667442598648,0.228644465530786,0.437131179286568,-0.270467475106102,0.625802360303399,5,0.109876341883036,42.8479392647768,0.999123450623938
"Sst-10","MARK3",-0.08038906402036,0.0689715084859569,0.243800408206001,-0.215570736612234,0.0547926085715142,5,0.00333478303295573,12.9953062977444,0.999123450623938
"Sst-10","AFF2",-0.101954325109961,0.154188299410091,0.508463178536378,-0.404157838791218,0.200249188571296,5,0.064281972373744,55.182763585661,0.999123450623938
"Sst-10","GSR",-0.0116770347363604,0.122213395227559,0.923880935783414,-0.251210887810736,0.227856818338015,5,0.0107859767694578,13.1449629258996,0.999123450623938
"Sst-10","CPD",-0.173945482291122,0.113397341155403,0.125042754902509,-0.396200186898313,0.0483092223160688,5,6.88256706916868e-07,0.000951790756532334,0.999123450623938
"Sst-10","RPL3",0.118423135340259,0.287636284010712,0.68055097291863,-0.44533362196767,0.682179892648188,5,0.278247227610491,70.699961249414,0.999123450623938
"Sst-10","DGKD",-0.175310985267348,0.112399213912752,0.118826729776675,-0.395609396426954,0.0449874258922587,5,3.78030516424692e-06,0.0051687868404541,0.999123450623938
"Sst-10","CATSPER2",-0.158840688099149,0.203715559215317,0.435556882332949,-0.558115847251607,0.240434471053309,5,0.152898020431018,75.5876490840557,0.999123450623938
"Sst-10","C6orf62",-0.0122860094655251,0.130121670332714,0.924776009181828,-0.267319796925838,0.242747777994788,5,0.0140071701011062,16.015424193871,0.999123450623938
"Sst-10","OCRL",-0.111412731961517,0.213156631926815,0.601196881406927,-0.529192053603935,0.306366589680901,5,0.122587546179551,56.4827207937685,0.999123450623938
"Sst-10","NEAT1",0.240320346951297,0.244420478136513,0.325496668214459,-0.238734987280327,0.719375681182921,5,0.201655988621822,69.9635972882114,0.999123450623938
"Sst-10","TPI1",0.131332995382756,0.191785168318168,0.493475031612419,-0.244559027289805,0.507225018055317,5,0.0394310313723235,21.2353896432678,0.999123450623938
"Sst-10","WDR82",-0.0520567324336977,0.261586110751073,0.84225946596097,-0.564756088361706,0.460642623494311,5,0.258630831040081,79.0958425180682,0.999123450623938
"Sst-10","HNRNPH2",-0.125122266573742,0.248797032238763,0.615028253500215,-0.612755489222168,0.362510956074684,5,0.127381401919882,41.4621341884421,0.999123450623938
"Sst-10","NR2F1-AS1",-0.195629571226809,0.0774996969712082,0.0115941350078188,-0.347526186103144,-0.0437329563504727,5,0,0,0.862914706740466
"Sst-10","ZCCHC2",0.0776869840911205,0.206764733516918,0.707120254824849,-0.327564446875061,0.482938415057302,5,0.127126365655296,62.7999274254692,0.999123450623938
"Sst-10","MDH1",0.0809585142468406,0.116540760210767,0.487255977797236,-0.147457178497181,0.309374206990862,5,0.0218624321509096,32.3361732629526,0.999123450623938
"Sst-10","NEGR1",-0.0191550862611573,0.133451863397279,0.885867239145639,-0.280715932189583,0.242405759667268,5,0.0595527296221023,70.4468267457932,0.999123450623938
"Sst-10","EDEM1",0.0517740436506459,0.279778250514282,0.853186795206778,-0.496581251014971,0.600129338316263,5,0.238988975411649,65.1230133864846,0.999123450623938
"Sst-10","SRM",0.194016721202594,0.286531497038382,0.498328682427772,-0.367574693428981,0.755608135834169,5,0.271876925863233,67.9246969074416,0.999123450623938
"Sst-10","KIFAP3",-0.0262332305132414,0.123551249951371,0.831852158292149,-0.268389230662835,0.215922769636352,5,0.0417923322724928,57.4623231891009,0.999123450623938
"Sst-10","SLC35E3",0.0462021199883932,0.094023960778567,0.623152997947256,-0.138081456821405,0.230485696798191,5,1.83752679298895e-06,0.0032904374585675,0.999123450623938
"Sst-10","TRPS1",-0.4386168280468,0.152411056311013,0.00400389898310759,-0.737337009262091,-0.139896646831508,5,5.99723219313195e-06,0.00475613009857761,0.519910542423523
"Sst-10","PHF12",-0.0727752203987765,0.125187732853574,0.561018949842853,-0.318138668098003,0.17258822730045,5,1.36229298509859e-08,1.50915908763608e-05,0.999123450623938
"Sst-10","PKN2",-0.0446165562397451,0.0644881705449021,0.489027486998855,-0.17101104793663,0.0817779354571398,5,1.48309499986562e-06,0.0056598962034829,0.999123450623938
"Sst-10","RSRC1",0.0121365576028084,0.155812053023234,0.937913732552679,-0.293249454679975,0.317522569885592,5,0.0786495956323506,67.7680391105633,0.999123450623938
"Sst-10","MAP3K7",-0.0238812094730253,0.130362365000447,0.854648171084701,-0.279386749813367,0.231624330867316,5,0.0309197383304771,37.6985320832494,0.999123450623938
"Sst-10","GOLGA1",-0.0624274610543345,0.1833313748763,0.733467176428181,-0.421750353048094,0.296895430939425,5,0.0487234091778612,29.0432875732751,0.999123450623938
"Sst-10","LARP7",-0.13704364547744,0.26933479296151,0.610876535366174,-0.664930139465552,0.390842848510671,5,0.215362601843333,61.7117257788207,0.999123450623938
"Sst-10","CDKAL1",-0.054683930074143,0.115347462478815,0.635442828769276,-0.280760802240705,0.171392942092419,5,0.0393737875333525,61.0942927804233,0.999123450623938
"Sst-10","ARID4A",-0.287308681499026,0.0750196960416295,0.000128259609056938,-0.434344583871762,-0.14027277912629,5,4.76631448222522e-06,0.0151548686850774,0.180916891066231
"Sst-10","PEX5L",-0.175879784437157,0.115516733903321,0.127871801252808,-0.402288422499363,0.0505288536250495,5,0.033193962728626,50.9452944043134,0.999123450623938
"Sst-10","CHP1",0.018885237004752,0.288135613718398,0.947741769030673,-0.545850188546652,0.583620662556156,5,0.267800423038862,66.3515596161061,0.999123450623938
"Sst-10","SLC29A1",0.103062428974317,0.18700466723417,0.581549888395819,-0.263459983745553,0.469584841694188,5,0.0404660012282511,22.6639248030224,0.999123450623938
"Sst-10","RASA3",0.381424144595603,0.13926515445657,0.00616574903475138,0.108469457559317,0.654378831631889,5,2.93006011604728e-07,0.000268696335436354,0.692910529236805
"Sst-10","SLX4IP",0.108372672669147,0.208841413450822,0.603814238113626,-0.300948976174903,0.517694321513197,5,0.139404783962542,66.5547476826982,0.999123450623938
"Sst-10","ZNF25",-0.0428706121303017,0.11548397304225,0.710469475303628,-0.269215040084705,0.183473815824102,5,0.0174229225732881,26.3004830461149,0.999123450623938
"Sst-10","TMED4",0.132255744475327,0.172078768558452,0.442144599062424,-0.205012444403242,0.469523933353896,5,0.0496557248090421,33.9372364707476,0.999123450623938
"Sst-10","ANXA4",-0.0529951342835772,0.266641096918304,0.842457675310094,-0.575602081041707,0.469611812474552,5,0.205329999281292,59.5619118806921,0.999123450623938
"Sst-10","STAM",0.0945264741735763,0.184785082003004,0.608967253793128,-0.267645631432593,0.456698579779745,5,0.102502375679429,63.2982847479236,0.999123450623938
"Sst-10","DYNC1LI2",0.104572111597685,0.0868688152369362,0.228669418379979,-0.0656876376463737,0.274831860841744,5,3.52627373249511e-06,0.00762389614712457,0.999123450623938
"Sst-10","TFAM",-0.0587534108032978,0.219925547029556,0.789352618174411,-0.489799562261497,0.372292740654901,5,0.0941119212402885,39.4359777511883,0.999123450623938
"Sst-10","EPHA5",-0.0408123125708933,0.190926483198648,0.83073476043005,-0.415021343335135,0.333396718193348,5,0.118628534246217,67.8614786385804,0.999123450623938
"Sst-10","COPRS",0.114606028926933,0.243561938381912,0.637968106451346,-0.362766598306378,0.591978656160244,5,0.160822062488211,56.384547093483,0.999123450623938
"Sst-10","TMEM230",0.00778271576357594,0.110393344270695,0.943795808751508,-0.208584263139918,0.22414969466707,5,9.90862368349556e-07,0.00143876289422152,0.999123450623938
"Sst-10","MT-ATP6",-0.00103357347867709,0.248498293167035,0.996681385884633,-0.488081278305742,0.486014131348388,5,0.205150599198881,68.6142559458063,0.99951797780414
"Sst-10","CTNNA3",-0.0628040038215886,0.206453903792566,0.760972844860892,-0.467446219722716,0.341838212079538,5,0.113216206861621,56.592407623031,0.999123450623938
"Sst-10","TXN",0.115815093981077,0.180773838777374,0.521741715417248,-0.238495119369627,0.470125307331782,5,0.0292572099806537,17.6444068688728,0.999123450623938
"Sst-10","MPPED2",0.515306374974394,0.175596698660215,0.00333976059523407,0.17114316979624,0.859469580152549,5,0,0,0.517660947457201
"Sst-10","IQSEC1",-0.0145872039228497,0.0702997987506214,0.83561944063511,-0.152372277594481,0.123197869748782,5,0.00456490876992884,17.653647786845,0.999123450623938
"Sst-10","VTA1",-0.163902462210984,0.123451568736012,0.18428843894208,-0.405863090768538,0.078058166346571,5,0,0,0.999123450623938
"Sst-10","GAA",0.112371875136011,0.192618861654194,0.559630936847998,-0.265154156449312,0.489897906721334,5,0.035952251761273,19.2247702639219,0.999123450623938
"Sst-10","USP22",-0.0111096806607577,0.114422666011079,0.922652256971724,-0.235373985057528,0.213154623736012,5,0.0316777374333324,50.0384430979301,0.999123450623938
"Sst-10","NAB1",-0.282568497164369,0.286752169630394,0.324422648236803,-0.844592422128662,0.279455427799923,5,0.223488797390234,55.8136395145543,0.999123450623938
"Sst-10","RPL35A",0.0670979844206934,0.177201130754054,0.70494453393558,-0.280209849877024,0.414405818718411,5,0.0354973560179415,22.5907110324785,0.999123450623938
"Sst-10","TFCP2",0.00284787847480065,0.155005712075422,0.985341505130459,-0.300957734591012,0.306653491540613,5,0.0715617393865965,62.1136181276577,0.999123450623938
"Sst-10","CCDC88A",0.0144293831674568,0.0768708736317823,0.851104485594134,-0.136234760610966,0.16509352694588,5,0.0116411308352701,40.6853675855872,0.999123450623938
"Sst-10","AMN1",-0.193322002021579,0.10435923500392,0.0639588428493834,-0.397862344083414,0.0112183400402554,5,1.42829730352109e-06,0.0023446999623085,0.999123450623938
"Sst-10","RSF1",-0.0524058130720232,0.0837088607366151,0.531283080180445,-0.216472165302668,0.111660539158621,5,0.0085542388659605,23.9844574533216,0.999123450623938
"Sst-10","LSM12",-0.411391488387896,0.176702514174514,0.0199036804888198,-0.757722052147621,-0.0650609246281714,5,0,0,0.960663479470745
"Sst-10","ZNF565",0.00860512016880734,0.17767943397826,0.961373079035327,-0.339640171222044,0.356850411559659,5,0.0739376184217769,49.0086513080509,0.999123450623938
"Sst-10","MRPL3",0.0208745938570727,0.189211132470714,0.912152152267,-0.349972411259564,0.39172159897371,5,0.108041988235989,63.902579688851,0.999123450623938
"Sst-10","NAP1L2",-0.307942058662845,0.123703264003668,0.0127973014131545,-0.550396000880084,-0.0654881164456053,5,0.00632933933188393,8.09053563881589,0.881748287364026
"Sst-10","STMN4",0.214093047725348,0.149497348163861,0.152119232827779,-0.0789163704600648,0.50710246591076,5,0.0410758914976522,37.5270174417293,0.999123450623938
"Sst-10","ADPGK",-0.0182145847181848,0.21166767857612,0.931424488433803,-0.43307561141858,0.396646441982211,5,0.0762670783885748,34.2483965299966,0.999123450623938
"Sst-10","ASPHD1",-0.151424547273577,0.223260462676769,0.497618480855929,-0.589007013291794,0.286157918744639,5,0.132517332534906,54.8647089248646,0.999123450623938
"Sst-10","MRFAP1",-0.0353165847612336,0.200960239865667,0.860498864860975,-0.429191417222471,0.358558247700004,5,0.0824503960483609,41.8564272211659,0.999123450623938
"Sst-10","RNFT2",-0.0095156592104452,0.12178808322741,0.937722316631299,-0.248215916082335,0.229184597661445,5,1.40195585213874e-06,0.00164720954155838,0.999123450623938
"Sst-10","HOOK2",0.0490763736916655,0.136072696790904,0.718351460658706,-0.217621211297745,0.315773958681076,5,0.026032755710236,28.0155692332365,0.999123450623938
"Sst-10","LRRC3B",0.0988642452774655,0.177665179910861,0.577893818784011,-0.249353108654652,0.447081599209583,5,0.0341466925500599,21.381005047893,0.999123450623938
"Sst-10","NDUFAF6",0.039407251532168,0.207073743436251,0.849069822548842,-0.366449827746772,0.445264330811108,5,0.140362307583336,69.2690347103294,0.999123450623938
"Sst-10","PPP6R3",-0.0472321867278392,0.0712383115869621,0.507319890304428,-0.186856711757727,0.0923923383020489,5,1.1968853726536e-06,0.00404373948289971,0.999123450623938
"Sst-10","SYCP2L",-0.336721527688172,0.317218892673999,0.288471792282024,-0.958459132544887,0.285016077168544,5,0.325930139750157,68.4572434861264,0.999123450623938
"Sst-10","FAM91A1",-0.254515900468644,0.325971833636321,0.434925380420139,-0.893408954370316,0.384377153433028,5,0.395551972841297,78.007020096255,0.999123450623938
"Sst-10","DPF1",-0.0529633015608751,0.218381683935063,0.808372381401463,-0.480983536956807,0.375056933835057,5,0.130919496763311,56.7043008082567,0.999123450623938
"Sst-10","USP24",-0.0208092933781355,0.101939605862072,0.838249139120519,-0.220607249466005,0.178988662709734,5,0.0179579921479987,35.0926244571004,0.999123450623938
"Sst-10","THAP12",-0.0357750685825356,0.204610498456011,0.861201635496081,-0.436804276415105,0.365254139250033,5,0.0892734771066398,43.9096507935651,0.999123450623938
"Sst-10","BANP",-0.0252277401176235,0.195496017351031,0.897322217462568,-0.408392893246661,0.357937413011414,5,0.0928364083149955,50.1161648343587,0.999123450623938
"Sst-10","COX19",0.324033389584635,0.147274077698396,0.0277922441931649,0.0353815014394249,0.612685277729846,5,3.97290704349519e-06,0.00304451841633701,0.999123450623938
"Sst-10","MT-CO2",0.00331564538609256,0.22862101194457,0.988428843418901,-0.444773304134367,0.451404594906552,5,0.160583332245528,64.796710572919,0.999123450623938
"Sst-10","ATCAY",0.026891771764794,0.140059893955031,0.847740683510026,-0.247620576065567,0.301404119595155,5,0.0554599106351357,58.8103923779872,0.999123450623938
"Sst-10","CCDC93",-0.192284183913328,0.0964794580485893,0.0462607388382629,-0.381380446936506,-0.00318792089014958,5,0,0,0.999123450623938
"Sst-10","UBE3A",-0.0368110245936346,0.191543089807481,0.847600092761826,-0.412228582103818,0.338606532916549,5,0.118122993756889,67.4534419393544,0.999123450623938
"Sst-10","DRP2",-0.0339522678323847,0.210646687133431,0.871950754946474,-0.446812188076587,0.378907652411818,5,0.111370006130645,52.4015605162523,0.999123450623938
"Sst-10","SUPT3H",0.000955988695565385,0.0695117017971237,0.989027105421121,-0.135284443330885,0.137196420722016,5,0.00186614544347242,7.09111978514691,0.999123450623938
"Sst-10","RPS14",-0.056260329529685,0.257946418114789,0.827344504731976,-0.561826018975781,0.449305359916411,5,0.203334363816562,62.8091518341626,0.999123450623938
"Sst-10","NOL7",0.192982234329811,0.230427353979915,0.402313221936463,-0.258647080523685,0.644611549183306,5,0.164397627956703,64.6491360549138,0.999123450623938
"Sst-10","LYRM7",-0.209334740893291,0.140575119147552,0.136452926327904,-0.48485691154492,0.0661874297583375,5,0,0,0.999123450623938
"Sst-10","HMOX2",0.0161191452127817,0.171863255023961,0.925275557093299,-0.320726644900004,0.352964935325567,5,0.0508733516393914,34.8463050679958,0.999123450623938
"Sst-10","CHD1",-0.0236919662479888,0.106532029020088,0.824008043016946,-0.232490906327338,0.18510697383136,5,2.82377184936072e-06,0.00414389106326852,0.999123450623938
"Sst-10","STUB1",-0.000427466420198978,0.208645939149295,0.99836532347705,-0.409365992673352,0.408511059832954,5,0.0664455332468879,30.627956911756,0.99951797780414
"Sst-10","FAM169A",-0.0400251635899295,0.150697912046628,0.790548317270734,-0.335387643746705,0.255337316566846,5,0.0778420892770306,71.0688139142084,0.999123450623938
"Sst-10","EIF3J",-0.0353554706902482,0.226055730314288,0.875716501252138,-0.478416560605153,0.407705619224656,5,0.148121079517144,61.1356405130569,0.999123450623938
"Sst-10","MED28",0.0470482576720728,0.191317748680198,0.80574660163765,-0.3279276393444,0.422024154688545,5,0.100402049026015,58.0262476659931,0.999123450623938
"Sst-10","PRPSAP1",-0.110125063039421,0.181435767138389,0.543874495906476,-0.46573263213806,0.245482506059217,5,0.0981019672751327,62.3250265809045,0.999123450623938
"Sst-10","ZMAT3",-0.229434318342366,0.104096594003507,0.0275206790940553,-0.433459893502528,-0.0254087431822039,5,5.15313199798334e-06,0.0080267169257627,0.999123450623938
"Sst-10","ANP32A",0.0204194041781086,0.165527921798833,0.901822605724938,-0.304009360983367,0.344848169339584,5,0.0419371456059724,30.8597228871255,0.999123450623938
"Sst-10","PRIM2",-0.124783203287656,0.196955635264783,0.526368042144121,-0.510809154958838,0.261242748383526,5,0.0922383186178493,47.96540234844,0.999123450623938
"Sst-10","NACA",0.0662854076696971,0.280496637174687,0.813188677370973,-0.483477898977288,0.616048714316682,5,0.267686471786328,70.7693136307031,0.999123450623938
"Sst-10","GLB1",0.0191887692292514,0.210013727152241,0.927199298549003,-0.392430572248163,0.430808110706666,5,0.136094468862167,64.4760040190489,0.999123450623938
"Sst-10","CPNE1",-0.155997631956452,0.225765545721762,0.489583244967021,-0.598489970521137,0.286494706608232,5,0.141379898540373,57.2578619207403,0.999123450623938
"Sst-10","SYN1",0.0284965841196988,0.229164334137251,0.901038163070801,-0.420657257330416,0.477650425569814,5,0.145061237865807,55.8070665053984,0.999123450623938
"Sst-10","MT-CO3",-0.0414481679345202,0.132405226434726,0.754250066931121,-0.300957643111454,0.218061307242414,5,0.0193544836934738,21.6071895238983,0.999123450623938
"Sst-10","RPS8",0.321952269604822,0.142760652350933,0.0241214607072601,0.0421465325875505,0.601758006622094,5,1.24341710986972e-08,1.11847012570456e-05,0.999123450623938
"Sst-10","MT-ND1",0.0607202680110196,0.184997157988346,0.742743280183612,-0.301867498888405,0.423308034910445,5,0.0773419397724627,46.8841915394568,0.999123450623938
"Sst-10","RYK",0.062266222942888,0.0855599696664551,0.466766958773608,-0.105428236121703,0.229960682007479,5,1.66344117492288e-06,0.00372377741796761,0.999123450623938
"Sst-10","SUSD6",-0.385493282031523,0.1458864604765,0.00823159404284151,-0.671425490397489,-0.0995610736655563,5,1.94412038474929e-06,0.00169114951938211,0.765906503041559
"Sst-10","OAT",-0.0722905595150455,0.191639076070782,0.706008306703752,-0.44789624664431,0.303315127614219,5,0.0942287386435852,53.2188816083982,0.999123450623938
"Sst-10","ALKBH5",-0.198550040110143,0.16734051955723,0.235423690005953,-0.526531431596534,0.129431351376248,5,0.032100851122858,21.9041760384696,0.999123450623938
"Sst-10","NAP1L3",-0.173297601894841,0.215764103067398,0.42187019577492,-0.596187473063528,0.249592269273847,5,0.153043034918334,67.8376919254622,0.999123450623938
"Sst-10","LMAN1",-0.118502216536265,0.209653573425232,0.571918218722651,-0.529415669679844,0.292411236607314,5,0.112261438258534,53.6573498496959,0.999123450623938
"Sst-10","SYP",0.0484767175547114,0.0778440176228463,0.533454260925233,-0.104094753397969,0.201048188507391,5,3.78225639648103e-07,0.00103885728685375,0.999123450623938
"Sst-10","LRBA",-0.0606974445572699,0.0961660914893498,0.527927386113097,-0.249179520410379,0.12778463129584,5,0.0110761697094059,23.7040371167167,0.999123450623938
"Sst-10","ZNF420",0.236791077292427,0.257757626815745,0.358274542692338,-0.268404588006948,0.741986742591802,5,0.225731476488863,71.3432565435225,0.999123450623938
"Sst-10","IMPACT",0.0883971057603436,0.241317749363257,0.71413376542256,-0.384576991821903,0.56137120334259,5,0.120296614453954,42.1373128295128,0.999123450623938
"Sst-10","CAPZB",-0.037955558799202,0.127060053410064,0.765152616779154,-0.286988687356663,0.211077569758259,5,0.0401501081495132,51.3272296544819,0.999123450623938
"Sst-10","RSRP1",0.00685106156555365,0.121509171532715,0.955036634231823,-0.231302538429867,0.245004661560974,5,0.0318487274200141,44.0483967059734,0.999123450623938
"Sst-10","DCN",0.125751727558986,0.0939733029905942,0.180842854908866,-0.0584325618108484,0.309936016928821,5,2.9505587564286e-06,0.00621252214138707,0.999123450623938
"Sst-10","ATP2B2",0.0459559170464706,0.0636309203141524,0.470155424750837,-0.0787583950724062,0.170670229165347,5,3.19954280312793e-06,0.0140910776440472,0.999123450623938
"Sst-10","RPL30",0.137744478815286,0.190685332655972,0.470069878729335,-0.235991905570459,0.511480863201031,5,0.065702950182523,36.5073404396728,0.999123450623938
"Sst-10","PHIP",-0.00558557671072776,0.082972531920869,0.946328242294316,-0.168208750981731,0.157037597560275,5,0.0108933345606067,31.8301244885377,0.999123450623938
"Sst-10","KDM3B",-0.0534064591340624,0.158802290898549,0.736638720896521,-0.364653229957671,0.257840311689547,5,0.0619359013193254,50.7600027277674,0.999123450623938
"Sst-10","RHOBTB3",-0.161587453556357,0.257168590931997,0.529785967453428,-0.665628629737985,0.34245372262527,5,0.122049839054808,37.7014638942413,0.999123450623938
"Sst-10","DOCK7",-0.0518632508498037,0.107680673571775,0.630062159493809,-0.262913492881497,0.159186991181889,5,0.019654724269717,34.3451947054691,0.999123450623938
"Sst-10","RER1",0.129558169540784,0.184615901731043,0.482821704529656,-0.232282348825445,0.491398687907014,5,0.0504739422076188,29.719686989108,0.999123450623938
"Sst-10","UBE2V2",-0.00259599772037944,0.122529846796578,0.983096758821277,-0.242750084472883,0.237558089032125,5,0.0190878798425192,25.1563827845126,0.999123450623938
"Sst-10","GNS",-0.126391192243747,0.173158016382468,0.465440170463454,-0.465774667987781,0.212992283500288,5,0.0622286711321404,42.75775508675,0.999123450623938
"Sst-10","SARAF",-0.106905605111762,0.133056509735802,0.42170881285141,-0.367691572102536,0.153880361879012,5,0.0545192150271382,63.3835508823507,0.999123450623938
"Sst-10","DNAJC18",0.141816633977172,0.102486849683305,0.166433655745115,-0.0590539002910759,0.34268716824542,5,0.00183691813474086,2.91101463266124,0.999123450623938
"Sst-10","GLIS3",-0.0382221508519198,0.154037277416207,0.804029398525013,-0.34012966686429,0.26368536516045,5,0.0607818239545007,54.4398098715003,0.999123450623938
"Sst-10","MGA",-0.174339974631001,0.11209263649734,0.119869759126447,-0.394037505097928,0.0453575558359252,5,0.0207666606171006,33.6663082715165,0.999123450623938
"Sst-10","SSBP4",0.195397411446488,0.213439816322075,0.359945773763765,-0.222936941411623,0.613731764304599,5,0.108036898013789,48.9514286491302,0.999123450623938
"Sst-10","PAPOLA",0.045974656907844,0.210125655721074,0.82680894832392,-0.365864060533323,0.457813374349011,5,0.171865686020799,80.671944699036,0.999123450623938
"Sst-10","SSH2",-0.0274168602840896,0.111589706662652,0.805919541083793,-0.246128666388276,0.191294945820097,5,0.0352038832563763,58.3826913596194,0.999123450623938
"Sst-10","RHEB",-0.0555342617027289,0.179523181015435,0.757060530075345,-0.407393230883045,0.296324707477588,5,0.0759988342451309,48.1009189553657,0.999123450623938
"Sst-10","VAT1L",-0.091581384586632,0.149109601220994,0.5390908503159,-0.38383083272891,0.200668063555646,5,0.0557469375929296,51.4550711047002,0.999123450623938
"Sst-10","NSG1",-0.0103272896690299,0.168463057840422,0.951117907154444,-0.340508815761744,0.319854236423684,5,0.0381387086047727,26.5387159370271,0.999123450623938
"Sst-10","GNG12-AS1",-0.108406411219345,0.152626349380287,0.47753471275879,-0.407548559096535,0.190735736657846,5,3.60668986699243e-06,0.00269339077758624,0.999123450623938
"Sst-10","MTMR9",-0.220101318973881,0.152968729692657,0.15018883546993,-0.51991451993233,0.079711881984569,5,0.0379122841534597,32.6898708732353,0.999123450623938
"Sst-10","MTMR2",0.152655386797156,0.181080856892658,0.399215396616395,-0.202256571002104,0.507567344596417,5,0.0753241718343892,48.4727478848982,0.999123450623938
"Sst-10","SENP6",0.00331296950243263,0.0786094687020159,0.966383376509748,-0.150758757997347,0.157384697002212,5,0.0103247837853514,33.9406129432458,0.999123450623938
"Sst-10","UBB",0.0517694294175376,0.199254366201587,0.795005874910087,-0.338761952099928,0.442300810935003,5,0.0574590381698033,28.9924459697059,0.999123450623938
"Sst-10","NETO1",-0.0356840391097831,0.108479346315798,0.742195166101996,-0.248299650955195,0.176931572735629,5,0.0421387842955481,73.4929658762946,0.999123450623938
"Sst-10","PEX3",0.0716608269897404,0.170372961109194,0.674038793729217,-0.262264040723724,0.405585694703205,5,0.0745096680539275,53.1744533486965,0.999123450623938
"Sst-10","NEK7",-0.0804018822210649,0.278358417668631,0.772701519721807,-0.62597435564514,0.46517059120301,5,0.223231710820277,59.0815153983932,0.999123450623938
"Sst-10","ENPP2",0.123025488435421,0.251204427630596,0.624316112327356,-0.369326142477545,0.615377119348387,5,0.135372242386036,44.4653328543721,0.999123450623938
"Sst-10","COMMD10",0.179162044722348,0.164779536482011,0.276911609214704,-0.143799912171597,0.502124001616293,5,0.0880253659687119,68.336093025955,0.999123450623938
"Sst-10","AEBP2",-0.0974769793917164,0.130232072932644,0.454166621742604,-0.352727151971691,0.157773193188259,5,0.0605350365272363,73.4173929850146,0.999123450623938
"Sst-10","SESN3",-0.0513608708495765,0.210597715612461,0.807322656087274,-0.464124808676409,0.361403066977256,5,0.167468370697597,78.0375595746468,0.999123450623938
"Sst-10","STXBP3",-0.337293213484883,0.140634645132984,0.0164684448975271,-0.612932052924103,-0.061654374045662,5,0,0,0.91369926554189
"Sst-10","SAP18",0.110791859851519,0.187952681417476,0.555548197828734,-0.257588626524464,0.479172346227502,5,0.0478838472056277,27.0855710339,0.999123450623938
"Sst-10","DYNC1LI1",0.0625695563922768,0.128645749683608,0.626704178380912,-0.189571479751751,0.314710592536304,5,0.0299688484747412,36.8045532778546,0.999123450623938
"Sst-10","KLHL24",0.00385044568403187,0.142132961639951,0.978387592922284,-0.274725040146284,0.282425931514348,5,0.0628706191043319,65.8908802999887,0.999123450623938
"Sst-10","SEMA6B",-0.000392760588628867,0.238867756480162,0.998688071286099,-0.46856496035763,0.467779439180372,5,0.187625351144579,70.0448705544307,0.99951797780414
"Sst-10","PPP1R9A",0.00329237411247191,0.0547806508095348,0.952075161270463,-0.104075728523881,0.110660476748825,5,0.000522816581619014,3.0719035484652,0.999123450623938
"Sst-10","MT-ND2",-0.0158846853451535,0.169394258590974,0.925289116431162,-0.347891331371328,0.316121960681021,5,0.0427522664875112,29.8918255731756,0.999123450623938
"Sst-10","RPL38",-0.0402950331815147,0.257451922128705,0.875627263233311,-0.544891528304388,0.464301461941358,5,0.193181981679627,60.5039455505955,0.999123450623938
"Sst-10","PSMB1",0.203892558830783,0.137626205936768,0.138474672070805,-0.0658498481341741,0.473634965795741,5,0,0,0.999123450623938
"Sst-10","RPL32",-0.0225589181582137,0.171680340553898,0.895458329263126,-0.359046202497425,0.313928366180998,5,0.0253502639595718,16.9067814032374,0.999123450623938
"Sst-10","MIR137HG",-0.0729644909229023,0.219613549710341,0.73970774910536,-0.503399138872167,0.357470157026363,5,0.156240374127044,66.7760539758437,0.999123450623938
"Sst-10","WDR13",-0.0259293732693922,0.276044148249737,0.92516319018448,-0.566965961981912,0.515107215443128,5,0.225808297263986,61.3198533665025,0.999123450623938
"Sst-10","EED",-0.0478365404158505,0.144224106956216,0.740129392992736,-0.330510595752486,0.234837514920785,5,0.0155724170455594,14.3044235546407,0.999123450623938
"Sst-10","WAC",0.0090050156523805,0.163298172685781,0.956023248715413,-0.311053521552953,0.329063552857714,5,0.0915389408820414,72.8603964556486,0.999123450623938
"Sst-10","PARP8",-0.0208264284976191,0.158906794125052,0.895727325511539,-0.332278021881443,0.290625164886204,5,0.0865268877817735,72.2175245999456,0.999123450623938
"Sst-10","ZFAND1",0.033791943277947,0.1272776084778,0.790625894041773,-0.215667585376931,0.283251471932825,5,0.0143122746352434,17.0603870269808,0.999123450623938
"Sst-10","RAB3C",-0.110948391096579,0.131128564989306,0.397494781638677,-0.367955655820038,0.14605887362688,5,0.0664162512803805,79.5991794165916,0.999123450623938
"Sst-10","GABARAPL2",-0.0713863141921124,0.244933374296976,0.770705673289019,-0.551446906426054,0.408674278041829,5,0.168240697228927,58.9201006007679,0.999123450623938
"Sst-10","UBL3",-0.163414889267862,0.121921240950733,0.180137569535138,-0.402376130481728,0.075546351946005,5,0.025231395104311,34.1720149614094,0.999123450623938
"Sst-10","NT5C2",0.0562165019229507,0.181428963526079,0.756671935256833,-0.299377732340594,0.411810736186496,5,0.127772700245736,81.5527637770601,0.999123450623938
"Sst-10","VPS28",-0.0434721688330344,0.209810764511684,0.8358559808826,-0.454693710844749,0.36774937317868,5,0.0938889777363787,43.4037238483286,0.999123450623938
"Sst-10","RPL14",0.0965987674870543,0.123095002243789,0.432600330118824,-0.144663003587649,0.337860538561758,5,3.24891190498452e-07,0.000412975024589954,0.999123450623938
"Sst-10","CDC16",-0.111794547409534,0.183339617248918,0.542015806757434,-0.471133594156771,0.247544499337703,5,0.0950298655472519,60.3229523422736,0.999123450623938
"Sst-10","CAMSAP1",-0.0614689304677204,0.160195723424958,0.701192338405596,-0.375446778857977,0.252508917922536,5,0.06621769073697,54.5059000672954,0.999123450623938
"Sst-10","PTPRK",-0.0337184825965522,0.100650530614947,0.737620927854241,-0.230989897626694,0.163552932433589,5,1.45579577311071e-06,0.00273062328545055,0.999123450623938
"Sst-10","MAPK8IP2",-0.199881066530526,0.132762949232932,0.13218310308413,-0.460091665508392,0.0603295324473393,5,0.00536721204340007,5.49780551495303,0.999123450623938
"Sst-10","CDH12",-0.0509365127178992,0.190267173971248,0.788922197496428,-0.423853321141762,0.321980295705963,5,0.106886866745227,59.8529733242384,0.999123450623938
"Sst-10","TPK1",-0.0363728428041401,0.108120481905946,0.736561490005453,-0.248285093330909,0.175539407722629,5,6.87589386874452e-06,0.0110896492206978,0.999123450623938
"Sst-10","PLPPR4",-0.000405257395184676,0.123315680410981,0.997377883853353,-0.242099549729759,0.24128903493939,5,0.0460959504832559,63.1687568474747,0.99951797780414
"Sst-10","KCNJ3",0.0870791721513067,0.168788471954038,0.605919290547483,-0.243740153884158,0.417898498186771,5,0.0979200058631057,72.1134479949034,0.999123450623938
"Sst-10","SNAP25-AS1",-0.0771003051653384,0.133798527226709,0.564451750278115,-0.339340599714191,0.185139989383514,5,2.724398835218e-06,0.00275021990476597,0.999123450623938
"Sst-10","UBN2",0.00322266340322373,0.140709071324506,0.9817276272871,-0.272562048690885,0.279007375497333,5,0.060400353063237,65.1769276135462,0.999123450623938
"Sst-10","ARFGAP3",0.104400097058365,0.204771048485134,0.61016484047239,-0.296943783049004,0.505743977165733,5,0.113304805152558,55.9847063240382,0.999123450623938
"Sst-10","URB1",-0.0717848648325117,0.129102651799032,0.57819078409353,-0.32482141266723,0.181251683002207,5,0.00970836343759192,10.6805484678236,0.999123450623938
"Sst-10","PRRC2C",-0.0201950255926629,0.108848893493811,0.852811259859111,-0.233534936597569,0.193144885412243,5,0.0335963319298149,59.264875982443,0.999123450623938
"Sst-10","ERAP1",0.346455140190727,0.189301234019095,0.0672231792581215,-0.0245684607156864,0.717478741097141,5,0.0668128281157223,38.0855733336576,0.999123450623938
"Sst-10","ERBB4",0.0566297582466733,0.284516681390922,0.842232670320007,-0.501012690280392,0.614272206773739,5,0.240166183312089,62.2624804118896,0.999123450623938
"Sst-10","MOK",0.16914343307702,0.0993901892584929,0.0887905854796409,-0.0256577582862461,0.363944624440286,5,2.09750114152304e-06,0.00336091831206153,0.999123450623938
"Sst-10","SLC24A3",0.0632865064106188,0.11047849696288,0.566753007019773,-0.153247368702744,0.279820381523981,5,0.0244052866580019,40.5647947801565,0.999123450623938
"Sst-10","APTX",-0.157214756047703,0.15867555513257,0.32178627793864,-0.468213129334439,0.153783617239033,5,0.0501786103769624,40.8004147379219,0.999123450623938
"Sst-10","SMAD2",0.0372227623435264,0.185674201866099,0.841110259186915,-0.326691986172247,0.4011375108593,5,0.103324905962941,61.8361852955478,0.999123450623938
"Sst-10","BSG",-0.0757023399722761,0.130543045270564,0.561979844548207,-0.331562007134763,0.180157327190211,5,3.07030394987024e-06,0.00351669035026204,0.999123450623938
"Sst-10","BBIP1",-0.286949341646082,0.113126517566542,0.0111955634567924,-0.508673241772942,-0.0652254415192222,5,0.000688280605490635,0.893345720691392,0.843537330577826
"Sst-10","SOX6",-0.0274065667657004,0.0574918330684544,0.633573162193646,-0.14008848898506,0.0852753554536592,5,2.81363807821522e-06,0.0148976584625116,0.999123450623938
"Sst-10","PICK1",-0.197055603179238,0.189024287658121,0.29718535967209,-0.567536399192494,0.173425192834018,5,0.0373037529913402,20.7536290172022,0.999123450623938
"Sst-10","ACP1",0.207191391502865,0.170143732760378,0.223321534983673,-0.126284196902683,0.540666979908413,5,0.018592174882335,12.3529712233735,0.999123450623938
"Sst-10","MICU3",-0.0206205920534726,0.0669280737686265,0.758005644073072,-0.15179720619462,0.110556022087675,5,5.42833865205165e-06,0.02074211999271,0.999123450623938
"Sst-10","ARHGDIG",-0.0686491869345889,0.231214419814819,0.766537488060077,-0.521821122477958,0.38452274860878,5,0.0987670914446128,37.6267965281166,0.999123450623938
"Sst-10","DMTF1",0.0699352098523883,0.103859810267396,0.50071726087649,-0.133626277712871,0.273496697417647,5,0.0192627215143649,36.6178629283626,0.999123450623938
"Sst-10","EDF1",0.0885938738769719,0.215459862566943,0.680936851334072,-0.333699696868186,0.51088744462213,5,0.0937595499365262,40.9794235453425,0.999123450623938
"Sst-10","HABP4",-0.075814985621665,0.152616441024358,0.619352564444934,-0.374937713478087,0.223307742234757,5,0.0487476364771703,43.3792391538198,0.999123450623938
"Sst-10","PHF1",-0.0709553260091164,0.182340294134177,0.697174921998827,-0.428335735442543,0.286425083424311,5,0.0458920326912409,27.584949283398,0.999123450623938
"Sst-10","MIGA1",0.0333001923476424,0.0993789080359514,0.737562402678559,-0.16147888822574,0.228079272921025,5,0.0143574952606468,28.8470330287053,0.999123450623938
"Sst-10","RBM19",0.0414600271210044,0.150497445964476,0.782942432492166,-0.253509546734631,0.33642960097664,5,1.48021275535658e-06,0.00117192637102793,0.999123450623938
"Sst-10","TCEAL2",0.222056569343303,0.127899469133745,0.082531917063327,-0.028621783800629,0.472734922487235,5,0,0,0.999123450623938
"Sst-10","EPHA4",-0.034317783523915,0.313467910330481,0.912823512937655,-0.648703598080689,0.580068031032859,5,0.316352622168186,64.6760788413278,0.999123450623938
"Sst-10","INPP4B",-0.0276613428950419,0.0983366293458742,0.778486166937963,-0.22039759477402,0.165074908983936,5,1.01833459741749e-06,0.00203009689745567,0.999123450623938
"Sst-10","MAGED1",-0.00475517448375114,0.143518116325945,0.973568589585042,-0.286045513611633,0.276535164644131,5,0.0703049745341901,70.4938140619337,0.999123450623938
"Sst-10","MCMBP",-0.148555990876119,0.208970534725683,0.47714965283295,-0.558130712768534,0.261018731016296,5,0.0986457334311501,47.0858186772943,0.999123450623938
"Sst-10","SAT1",-0.0478857236158276,0.196836185052261,0.807790792948212,-0.433677557172521,0.337906109940866,5,0.101491113677366,54.7243118882497,0.999123450623938
"Sst-10","UQCRH",-0.050064499706214,0.164547431107334,0.760933065286784,-0.372571538425175,0.272442539012747,5,0.0593760382752072,44.6770272790222,0.999123450623938
"Sst-10","EFNA5",-0.0245479780079241,0.151113759221677,0.870953855611333,-0.320725503650869,0.271629547635021,5,0.0838084551851177,74.9940755415776,0.999123450623938
"Sst-10","PDHX",0.037955067081641,0.103599282508358,0.714093338214334,-0.165095795458931,0.241005929622213,5,0.0167515136080468,31.4313556269718,0.999123450623938
"Sst-10","CEP128",-0.165799923031525,0.213191377309543,0.436743157016318,-0.583647344372719,0.252047498309668,5,0.111218910911222,51.4622768851976,0.999123450623938
"Sst-10","NDUFB9",0.248969050534377,0.185569174743846,0.179709213728883,-0.114739848604382,0.612677949673136,5,0.0295248864727084,16.8380820208927,0.999123450623938
"Sst-10","MAMDC2-AS1",0.338544719394898,0.187700068418519,0.0712866178593701,-0.0293406546011022,0.706430093390899,5,0,0,0.999123450623938
"Sst-10","BPHL",0.116464286603685,0.282593522355732,0.680246687166982,-0.437408839477866,0.670337412685235,5,0.270017573741638,69.2280084263957,0.999123450623938
"Sst-10","ARHGAP18",0.070667466877125,0.253293748925141,0.780249336347831,-0.425779158525283,0.567114092279533,5,0.203535863238059,66.3159376363526,0.999123450623938
"Sst-10","ANKRD36B",-0.107233375379765,0.194623059049861,0.581647517620046,-0.488687561678505,0.274220810918976,5,0.132105281376674,75.6672965931091,0.999123450623938
"Sst-10","JAK2",-0.133580095731437,0.106430191593473,0.209443953354254,-0.342179438122343,0.0750192466594682,5,0.0160951487869901,28.4866114223804,0.999123450623938
"Sst-10","LIN52",-0.0963326602176031,0.144092186497078,0.503783334249672,-0.378748156205505,0.186082835770299,5,0.0426509755555673,43.2709545301878,0.999123450623938
"Sst-10","TRPC6",-0.0488000420447407,0.153417217942485,0.75041884830004,-0.349492263820343,0.251892179730862,5,0.0780718440301833,71.7439706325137,0.999123450623938
"Sst-10","ZMYM5",0.301060566607138,0.107191740638651,0.00497547683975046,0.0909686155152248,0.511152517699052,5,0,0,0.607306703059941
"Sst-10","BACH1",-0.043531494993154,0.16875457154831,0.796439764172824,-0.374284377454328,0.28722138746802,5,0.0449489507542329,32.0745845021095,0.999123450623938
"Sst-10","TRIM37",-0.0574176492160453,0.0717307311286607,0.423443779506209,-0.198007298812946,0.0831720003808559,5,1.08086859451661e-06,0.00357574852977142,0.999123450623938
"Sst-10","MED10",0.257373674057914,0.16603336354885,0.121109773054061,-0.0680457387298778,0.582793086845706,5,0,0,0.999123450623938
"Sst-10","LUC7L",-0.021538702917738,0.101213346662686,0.831479089212959,-0.219913217131369,0.176835811295893,5,0.0109709908760187,20.7632413256859,0.999123450623938
"Sst-10","PPFIBP1",0.234874549768566,0.205118549043038,0.25218126653271,-0.167150418916902,0.636899518454034,5,0.11456497739308,55.716732510953,0.999123450623938
"Sst-10","MICAL2",0.0121954539053744,0.158314769316214,0.938597331541474,-0.298095792175172,0.322486699985921,5,0.0855263100836981,72.8374253811077,0.999123450623938
"Sst-10","SUB1",0.103610756823518,0.124676022773101,0.405951056246558,-0.140749757547456,0.347971271194492,5,0.0223116614017129,28.5871562211157,0.999123450623938
"Sst-10","CRY2",0.0389966977385134,0.212065281030558,0.854099701008626,-0.376643615452745,0.454637010929772,5,0.137607627607053,64.363315418124,0.999123450623938
"Sst-10","DCAKD",0.0353127875583083,0.145994704895316,0.808875332677067,-0.250831575970065,0.321457151086682,5,0.00909312500995549,8.00510712262945,0.999123450623938
"Sst-10","RNPS1",-0.125302497035373,0.0984873470433317,0.20327720379278,-0.318334150173201,0.067729156102454,5,3.33244750215772e-06,0.00596490817429801,0.999123450623938
"Sst-10","FNDC3B",-0.137522984590539,0.274322545478821,0.616146942328046,-0.675185293876379,0.4001393246953,5,0.272963961719283,73.5072089229312,0.999123450623938
"Sst-10","ELAVL4",-0.122716863240485,0.0811605844611844,0.130527407099875,-0.281788685748627,0.0363549592676576,5,1.86681758444086e-06,0.00490326934988757,0.999123450623938
"Sst-10","ELP6",0.0552358743702182,0.172142114496104,0.74830611775077,-0.282156470264715,0.392628219005151,5,0.00736088572469784,4.65088641669247,0.999123450623938
"Sst-10","RAD21",0.00299924981110725,0.183783494100884,0.986979522223107,-0.357209779579556,0.36320827920177,5,0.099249120828504,61.2669886139298,0.999123450623938
"Sst-10","HIPK1",-0.23515689832498,0.117665787543267,0.0456608029655042,-0.465777604122326,-0.00453619252763504,5,4.39219856971298e-06,0.00543386204546317,0.999123450623938
"Sst-10","IDI1",-0.219107695802597,0.268741716371558,0.414895126690775,-0.74583178103433,0.307616389429135,5,0.234242977570845,67.4886075742215,0.999123450623938
"Sst-10","WASF2",0.0458632158146356,0.29626410820949,0.876974914803833,-0.534803766187841,0.626530197817113,5,0.291384100217902,70.0990697567949,0.999123450623938
"Sst-10","DENND4A",0.0183637354508733,0.0722349420503178,0.799323798453784,-0.123214149393087,0.159941620294834,5,0.00514211026057878,18.5209620378319,0.999123450623938
"Sst-10","SLC41A2",-0.0593184059247757,0.138000083056118,0.667309660160605,-0.329793598578303,0.211156786728751,5,0.0564355385367477,62.3816387673633,0.999123450623938
"Sst-10","GAB1",-0.250847792553957,0.0955103389664341,0.00862948353175264,-0.43804461707938,-0.0636509680285337,5,1.572405367177e-06,0.00320714717304587,0.765906503041559
"Sst-10","MECR",-0.0370969697051068,0.211117415821576,0.860516090183415,-0.450879501224562,0.376685561814348,5,0.0902212034378493,41.621937863159,0.999123450623938
"Sst-10","LNX1",0.14014706801305,0.207505193640745,0.499427603069027,-0.266555638127819,0.54684977415392,5,0.0864713551666132,40.9063742109246,0.999123450623938
"Sst-10","MAP7D1",0.0763461205295058,0.195526246491179,0.696192864871738,-0.306878280625507,0.459570521684518,5,0.102351827370484,56.5323987883981,0.999123450623938
"Sst-10","CPEB4",-0.0830694970092852,0.122611804207334,0.49808877184223,-0.323384217335136,0.157245223316566,5,0.0436906210051227,60.4246972919981,0.999123450623938
"Sst-10","NCOR2",0.019706709945074,0.10534525927283,0.851607444178665,-0.186766204171706,0.226179624061854,5,6.46700289384614e-09,9.99495104210004e-06,0.999123450623938
"Sst-10","AGL",-0.128244613713507,0.110642568248929,0.246419798937409,-0.345100062638423,0.0886108352114088,5,0.00371468284670918,5.69705102651026,0.999123450623938
"Sst-10","CARMIL1",-0.110678105900047,0.0772314234612515,0.151837575231202,-0.262048914358862,0.0406927025587672,5,0,0,0.999123450623938
"Sst-10","MAP2K4",-0.0711710734529149,0.097479992001825,0.465323222066324,-0.262228346989744,0.119886200083915,5,0.0208968436892121,45.0280917167028,0.999123450623938
"Sst-10","BTBD7",0.137173302991422,0.0944094970152249,0.146234624408123,-0.0478659109569602,0.322212516939805,5,0,0,0.999123450623938
"Sst-10","CD276",0.111324547075753,0.142455436907358,0.43452654049689,-0.167882978664587,0.390532072816092,5,1.12136885844018e-06,0.000903934727172305,0.999123450623938
"Sst-10","KDM5C",-0.199976108923851,0.138760651006096,0.149539874509314,-0.471941987367131,0.071989769519428,5,1.86506702827595e-07,0.000176529075375366,0.999123450623938
"Sst-10","SNAP47",0.0214126406650565,0.245827988585436,0.930588718059881,-0.460401363354322,0.503226644684435,5,0.1584788184638,53.8571433438688,0.999123450623938
"Sst-10","GPATCH2L",0.0227195659658639,0.123373360312203,0.853893483155485,-0.219087776897737,0.264526908829465,5,0.0328891298870056,45.2668279803301,0.999123450623938
"Sst-10","DENND6A",-0.171535553928607,0.0941772680026216,0.0685443365089262,-0.356119607376122,0.0130484995189076,5,0,0,0.999123450623938
"Sst-10","SLC3A2",-0.0692290568067712,0.238110669970972,0.771247733551141,-0.535917394284579,0.397459280671037,5,0.166692709519075,62.2235991313491,0.999123450623938
"Sst-10","PIGN",-0.124908800927467,0.11350507620291,0.271127893625523,-0.347374662347644,0.0975570604927101,5,0,0,0.999123450623938
"Sst-10","NFRKB",-0.24765744036069,0.198887632280186,0.213053511255063,-0.637470036600301,0.142155155878921,5,0.0558683955129037,28.1744482810326,0.999123450623938
"Sst-10","GAP43",-0.0670739629390075,0.117544557182464,0.568253291438293,-0.297457061595345,0.16330913571733,5,0.0384963850957147,57.5945548543838,0.999123450623938
"Sst-10","CNBP",-0.0222264172622853,0.175959449986449,0.899482136216474,-0.367100601975202,0.322647767450632,5,0.0775439509809422,52.3346582079348,0.999123450623938
"Sst-10","SLBP",0.0555836861990573,0.244321437266859,0.820033189632545,-0.423277531495048,0.534444903893162,5,0.15315789006689,52.8621781354156,0.999123450623938
"Sst-10","DUBR",-0.00421580783856819,0.225720649211506,0.985098694143381,-0.446620150860119,0.438188535182982,5,0.173902397076977,72.1802880448772,0.999123450623938
"Sst-10","SUGCT",-0.0620393431735988,0.203684853787337,0.760682275760886,-0.461254320793087,0.337175634445889,5,0.111651347187819,55.5701860648424,0.999123450623938
"Sst-10","ZBED4",0.0602795141819263,0.139473079771918,0.665599971977678,-0.213082698983915,0.333641727347768,5,1.81712523654086e-07,0.000150288266884356,0.999123450623938
"Sst-10","NFIA",-0.219766983719796,0.207638045063266,0.28986680562362,-0.626730073864102,0.18719610642451,5,0.10564656218523,50.8961176071113,0.999123450623938
"Sst-10","SUSD1",-0.072502793370762,0.112760106022217,0.520235348791491,-0.293508540067225,0.148502953325701,5,9.0936595248201e-06,0.0121957921364311,0.999123450623938
"Sst-10","CD81",-0.19245167866375,0.214486137476885,0.36957560158204,-0.612836783301551,0.22793342597405,5,0.129204008864873,59.2115925376066,0.999123450623938
"Sst-10","NR2C1",0.0257217280468706,0.162485754090538,0.874219277399299,-0.292744497971415,0.344187954065157,5,0.0719470214314653,57.0844524516521,0.999123450623938
"Sst-10","METTL24",0.340638833725793,0.136511759667702,0.0125847976860695,0.0730807013109103,0.608196966140676,5,0,0,0.881748287364026
"Sst-10","ARL17A",-0.0234433924902529,0.208931508818856,0.910659982299073,-0.432941625010822,0.386054840030317,5,0.0812272010782201,38.4114069912906,0.999123450623938
"Sst-10","MAML3",0.145516858611091,0.194779013823639,0.455011079341389,-0.236242993427471,0.527276710649652,5,0,0,0.999123450623938
"Sst-10","TCF7L2",-0.118549590684855,0.235974739935964,0.615398454091362,-0.581051582220551,0.343952400850841,5,0.113465367645801,42.8431100261282,0.999123450623938
"Sst-10","ARGLU1",0.0260003745138685,0.163804955354844,0.873883458122281,-0.295051438470817,0.347052187498554,5,0.0974672906241362,76.7443768751886,0.999123450623938
"Sst-10","ATRNL1",-0.0368740391260235,0.0941881869111543,0.695432679262384,-0.221479493241013,0.147731414988966,5,0.0158975044296253,36.1807904971269,0.999123450623938
"Sst-10","TMED8",0.0126942005836777,0.131619710901691,0.923166323780912,-0.245275692439211,0.270664093606566,5,0.0281117578146019,33.1369012541784,0.999123450623938
"Sst-10","NECTIN3",-0.107295572151003,0.106724038262436,0.314725819869452,-0.316470843430052,0.101879699128046,5,0,0,0.999123450623938
"Sst-10","ZNF594",-0.183009337002386,0.23006694086942,0.42634524153818,-0.633932255139756,0.267913581134984,5,0.103457954977242,40.1259435176518,0.999123450623938
"Sst-10","TMEM67",0.159417620612512,0.120237093734509,0.184885888461115,-0.0762427527128922,0.395077993937917,5,0,0,0.999123450623938
"Sst-10","RPS20",0.108292462209137,0.14596830570095,0.458153836116447,-0.177800159849057,0.394385084267331,5,3.88469075902765e-07,0.000350116520874948,0.999123450623938
"Sst-10","SECISBP2",0.114760484788519,0.101473230998804,0.258078898617328,-0.0841233933640498,0.313644362941088,5,2.51420269412133e-06,0.00417293889352639,0.999123450623938
"Sst-10","TPD52",0.0612999465988944,0.150068693722991,0.682921865609115,-0.23282928830514,0.355429181502929,5,0.0452107578894433,41.3110026234686,0.999123450623938
"Sst-10","ZNF487",0.443924468993523,0.202435683271639,0.0283134245402183,0.0471578205953532,0.840691117391693,5,0.0522665161398658,25.0107655690179,0.999123450623938
"Sst-10","GLYATL2",0.514803610733713,0.137965867093905,0.000190430793029162,0.24439548013382,0.785211741333605,5,3.43820015481295e-07,0.00033192361788147,0.193699854976163
"Sst-10","CBLB",-0.0362756298825269,0.0917285546515466,0.692498162072521,-0.216060293353472,0.143509033588418,5,5.8123172172414e-06,0.0106793735702602,0.999123450623938
"Sst-10","KIF16B",-0.106050230738674,0.0899434827735158,0.238367786635268,-0.282336217618864,0.0702357561415153,5,2.34388891903901e-06,0.00499156916189301,0.999123450623938
"Sst-10","ZFAS1",0.351758913379166,0.154250782207652,0.0225818899267311,0.0494329356650363,0.654084891093296,5,0,0,0.998675900165508
"Sst-10","MT-ND4",0.0394430773475509,0.197617380882769,0.841798778365326,-0.347879871901811,0.426766026596913,5,0.0898828642962742,47.4577139197987,0.999123450623938
"Sst-10","PGAP1",-0.050229538772,0.164644160709735,0.760305694036119,-0.372926164027904,0.272467086483904,5,0.0862275226548943,65.260272163968,0.999123450623938
"Sst-10","CROCC",0.104488049685808,0.134907738332759,0.438626376936664,-0.159926258682153,0.368902358053769,5,1.50638737655633e-07,0.000148327112671913,0.999123450623938
"Sst-10","ANKRD13A",-0.15695315715824,0.183693324641821,0.392866569068961,-0.516985457656633,0.203079143340153,5,0.0630523709876081,38.3725483446921,0.999123450623938
"Sst-10","ADAM11",0.0454571079923595,0.129075603820402,0.724707563615181,-0.20752642677839,0.298440642763109,5,7.54744700222623e-08,8.11861118798425e-05,0.999123450623938
"Sst-10","CDC42EP3",0.0312783237137402,0.186412460247053,0.866747742763961,-0.334083384639989,0.396640032067469,5,0.0592778339488942,34.3691970374988,0.999123450623938
"Sst-10","BRI3",0.0114521622562768,0.158254240253649,0.942310964201348,-0.298720449041624,0.321624773554178,5,0.0442075049066253,35.6814614216212,0.999123450623938
"Sst-10","SLCO4C1",0.243337572674221,0.194593192208665,0.211119233219006,-0.138058075691443,0.624733221039884,5,0.033939513202855,17.7451187692694,0.999123450623938
"Sst-10","EFHD2",0.0644094631202539,0.118768500595136,0.587604286077867,-0.168372520544037,0.297191446784545,5,0.0156791907743907,21.6749725439098,0.999123450623938
"Sst-10","RSU1",0.00859164485941574,0.122686478354129,0.944170360514325,-0.231869434104731,0.249052723823562,5,5.70083842864696e-07,0.000671403133507595,0.999123450623938
"Sst-10","HACE1",-0.0532785648006402,0.122941202853811,0.664748734579337,-0.294238894610142,0.187681765008861,5,0.0254707467365494,34.2981746854399,0.999123450623938
"Sst-10","BAG4",-0.0762098285833221,0.230643701823537,0.741080873777085,-0.52826317741845,0.375843520251806,5,0.169136201395404,66.2988143044936,0.999123450623938
"Sst-10","ADAM15",0.00318047170389338,0.232654845236899,0.989092983515376,-0.452814645789169,0.459175589196956,5,0.0812180654556536,30.3358714750508,0.999123450623938
"Sst-10","LMBR1",-0.0683734567670119,0.081543399259515,0.401754653435828,-0.228195582492631,0.0914486689586076,5,0.0076668848729268,22.3875516689179,0.999123450623938
"Sst-10","ATAD2B",-0.132815171859676,0.110719311328575,0.230307760788584,-0.34982103445676,0.0841906907374087,5,0.0162020070837652,26.1980146558389,0.999123450623938
"Sst-10","ARPC2",0.0675177317006255,0.172905177524757,0.696174295768669,-0.271370188988403,0.406405652389654,5,0.0700308151701617,49.5723828168038,0.999123450623938
"Sst-10","OSBPL10",0.0695258996681014,0.0745866632041265,0.351259416010182,-0.0766612739390055,0.215713073275208,5,0,0,0.999123450623938
"Sst-10","MAN2A1",-0.144552415089571,0.1404910929857,0.303522890035695,-0.419909897490211,0.130805067311068,5,0,0,0.999123450623938
"Sst-10","PHF10",0.00425398977807142,0.203128294504537,0.983291620282042,-0.393870151691867,0.40237813124801,5,0.096144667228858,48.751403334374,0.999123450623938
"Sst-10","CAPN1",-0.360056338053898,0.157101000595632,0.0219126800431173,-0.667968641156543,-0.052144034951253,5,0,0,0.98287803110414
"Sst-10","EID1",-0.00505974708866455,0.205227488506764,0.980330680025928,-0.40729823319953,0.397178739022201,5,0.139084374620106,67.0839648210576,0.999123450623938
"Sst-10","ADGRL3",-0.00905672743681472,0.108342785448302,0.933379820023417,-0.221404684900238,0.203291230026608,5,0.0420616993542701,75.6066429383757,0.999123450623938
"Sst-10","ZNF155",-0.317449055993307,0.239323160430837,0.184692277351049,-0.786513831104048,0.151615719117434,5,0.148924806402675,54.1295215574374,0.999123450623938
"Sst-10","PBRM1",-0.0439725371328919,0.0938133865634687,0.639267300647699,-0.227843396065024,0.139898321799241,5,0.0120343418047275,27.1092560516531,0.999123450623938
"Sst-10","ATP8B2",0.0597974979972925,0.131982332484473,0.650496904099256,-0.198883120267866,0.318478116262451,5,0.0186184125838354,20.7649509255264,0.999123450623938
"Sst-10","CSRNP3",0.0132588621090193,0.0801958064895675,0.868683369537454,-0.143922030321677,0.170439754539715,5,0.00827863524950793,25.6739891420891,0.999123450623938
"Sst-10","GPAT4",-0.35731966260482,0.16290570970617,0.0282775653228601,-0.67660898650485,-0.0380303387047904,5,0.0206178621265844,15.4278991778312,0.999123450623938
"Sst-10","NUCKS1",-0.156794423594631,0.0934564665049071,0.0934004343962505,-0.339965732066623,0.0263768848773609,5,0.0126267317144042,29.1014694052494,0.999123450623938
"Sst-10","KPNA3",0.173721453516727,0.120837272693183,0.15053397751364,-0.0631152489519568,0.41055815598541,5,0.0240273730424598,33.3816820075423,0.999123450623938
"Sst-10","FAM217B",-0.0831699015452618,0.103142595476751,0.420036207742795,-0.285325673951677,0.118985870861153,5,0,0,0.999123450623938
"Sst-10","ERC1",0.0246552142860776,0.0787672879532568,0.754270504048054,-0.129725833262201,0.179036261834357,5,0.0138966867965108,46.541196967029,0.999123450623938
"Sst-10","AHSA1",0.288037683361408,0.405283733303445,0.477266284199889,-0.506303837433281,1.0823792041561,5,0.635245859085187,79.2604499034509,0.999123450623938
"Sst-10","UQCC1",-0.0527976718221376,0.131899954811411,0.688946065297489,-0.311316832814964,0.205721489170689,5,0.0452326582627826,54.2842472863268,0.999123450623938
"Sst-10","SLC44A1",0.107078451445619,0.160851750720255,0.50560509531323,-0.208185186816297,0.422342089707534,5,0.0849587489380762,69.6655647274699,0.999123450623938
"Sst-10","ANAPC5",-0.000781996846472937,0.129337657171286,0.995175887498086,-0.254279146746983,0.252715153054037,5,0.0365575232412745,45.2642974646189,0.99951797780414
"Sst-10","DLD",-0.236628342026093,0.287245395294593,0.410061941673204,-0.799618971528466,0.32636228747628,5,0.313737611798899,79.8410958004191,0.999123450623938
"Sst-10","DAAM1",-0.0149039891053378,0.0684123706125854,0.827541951899597,-0.148989771603012,0.119181793392336,5,0.00459718584322485,18.8015481365901,0.999123450623938
"Sst-10","SOCS6",-0.022343850495209,0.245000124872408,0.927334196756187,-0.502535271452945,0.457847570462527,5,0.143992109448696,49.399633792834,0.999123450623938
"Sst-10","UBE3D",-0.0365946276943519,0.116640549690611,0.753719679452278,-0.265205904224904,0.192016648836201,5,0.0201433722231925,29.6906517801851,0.999123450623938
"Sst-10","OCIAD2",0.178201641373286,0.220143500353308,0.418239413905801,-0.253271690749779,0.60967497349635,5,0.0882212411075535,37.041942558605,0.999123450623938
"Sst-10","GPALPP1",-0.0302183013265118,0.123385765995997,0.806526787691137,-0.272049958883554,0.21161335623053,5,0.0358201102220947,49.1771131298508,0.999123450623938
"Sst-10","DGKE",0.00988159517460256,0.0759362042308698,0.896463399086663,-0.13895063024058,0.158713820589785,5,1.43196990657933e-07,0.000369909463019745,0.999123450623938
"Sst-10","CLCN6",-0.144179755277072,0.156195762606746,0.355970284642816,-0.450317824524063,0.161958313969919,5,0.054339883604912,46.4289234634667,0.999123450623938
"Sst-10","HPS5",-0.14167666392742,0.15174976560528,0.350499782463164,-0.439100739176164,0.155747411321324,5,1.6941700828531e-07,0.000130536021906609,0.999123450623938
"Sst-10","ZNF674",0.0127736724265823,0.237502576575143,0.957107814594509,-0.452722823896165,0.47827016874933,5,0.138107242325572,49.9415350202279,0.999123450623938
"Sst-10","DNAJC7",-0.016657383700274,0.146591998624522,0.909530375305759,-0.303972421426082,0.270657654025534,5,0.0416484386330283,39.4744887551761,0.999123450623938
"Sst-10","MTO1",0.197666842726893,0.140493063106242,0.159441946352107,-0.0776945010390536,0.47302818649284,5,2.5588050248875e-06,0.0023326819810814,0.999123450623938
"Sst-10","GRINA",-0.0971953059586564,0.144552174945301,0.501336023883397,-0.380512362738379,0.186121750821066,5,8.03638229704395e-07,0.000714684317164413,0.999123450623938
"Sst-10","MAF",-0.0417790255837969,0.194274947526277,0.829727540952441,-0.422550925833708,0.338992874666114,5,0.111292530310648,61.0985552549376,0.999123450623938
"Sst-10","VPS11",0.166286404205695,0.177670312359442,0.349310885357151,-0.181941009140792,0.514513817552183,5,0,0,0.999123450623938
"Sst-10","HACD1",-0.370381123689104,0.140397335640232,0.00833738969638747,-0.64555484506934,-0.095207402308868,5,0,0,0.765906503041559
"Sst-10","ARHGEF12",-0.0389902573241994,0.105204601218696,0.710925341607474,-0.245187486720742,0.167206972072343,5,0.0305527290285769,57.5531067327646,0.999123450623938
"Sst-10","NXN",0.109073460180169,0.167153541320539,0.514056394673202,-0.218541460696414,0.436688381056753,5,5.02672722163892e-06,0.00326729607706846,0.999123450623938
"Sst-10","RNGTT",0.0424457134842871,0.154905889859788,0.784077181834701,-0.261164251634025,0.346055678602599,5,0.0840081547012824,73.8049760322486,0.999123450623938
"Sst-10","TMLHE",0.124074261878552,0.122909964980745,0.312747957979109,-0.116824842824787,0.364973366581891,5,0,0,0.999123450623938
"Sst-10","DCLK2",-0.101933226897435,0.0875440443252199,0.244276098704306,-0.273516400835844,0.0696499470409742,5,6.42459707317783e-08,0.000158458036166714,0.999123450623938
"Sst-10","STARD9",0.0118896805701085,0.171765310592863,0.944814106121575,-0.32476414198524,0.348543503125457,5,0.0864140233484757,62.3988651036649,0.999123450623938
"Sst-10","SCRN1",0.0561016183265279,0.126510963773766,0.657438382566025,-0.191855314319504,0.30405855097256,5,0.0272060396239955,34.2890040980784,0.999123450623938
"Sst-10","QKI",-0.0663883386209448,0.0670323403486501,0.321982226177315,-0.19776931150373,0.0649926342618405,5,0.0051152211731913,21.9975588616037,0.999123450623938
"Sst-10","PARP1",-0.00243061123807337,0.120806282777281,0.983947719449732,-0.239206574587706,0.23434535211156,5,4.50127825429582e-06,0.0051944911401072,0.999123450623938
"Sst-10","ENDOD1",0.013950794164444,0.114419130630794,0.902956743482535,-0.210306581014295,0.238208169343183,5,2.01274819295415e-06,0.0024812162725254,0.999123450623938
"Sst-10","FAM50A",0.290775858378359,0.222681764075815,0.191623618618374,-0.145672379224084,0.727224095980801,5,0.103847306621418,43.1958826100766,0.999123450623938
"Sst-10","CALCOCO2",-0.207167379823069,0.131459224748795,0.115047470155414,-0.464822725766264,0.0504879661201262,5,3.46093418580473e-06,0.00338098694894124,0.999123450623938
"Sst-10","RPL13",-0.100392673264807,0.1528221925118,0.511229334059888,-0.399918666626381,0.199133320096768,5,0.0460197927981457,40.5863568792339,0.999123450623938
"Sst-10","TBCD",-0.102694646700253,0.0775270435311284,0.185293904800353,-0.254644859849133,0.049255566448628,5,6.36537880757439e-08,0.000159531068411739,0.999123450623938
"Sst-10","SPCS1",-0.00625333060233712,0.165410621408671,0.969843244275028,-0.330452191223723,0.317945530019049,5,0.0368326983698512,26.990398256632,0.999123450623938
"Sst-10","RPS16",0.0786356754627069,0.261230624220811,0.763399147429306,-0.433366939668998,0.590638290594412,5,0.185459308186292,56.0146875032284,0.999123450623938
"Sst-10","DLGAP3",0.0410922860308736,0.119471423594904,0.730883322838847,-0.193067401396868,0.275251973458615,5,0.00714535725909031,8.89895397546208,0.999123450623938
"Sst-10","MB21D2",-0.0153022862717918,0.140201402986828,0.913087459785648,-0.290091986707961,0.259487414164377,5,2.62779347852477e-06,0.00256026666328048,0.999123450623938
"Sst-10","SCAF1",-0.167143429590002,0.222929924009096,0.453400642446917,-0.604078051724082,0.269791192544078,5,0.0858863217476135,34.8009597081677,0.999123450623938
"Sst-10","TMEM126B",-0.0526467487169135,0.168935694486574,0.75531580113012,-0.383754625613859,0.278461128180032,5,0.0270401686102658,18.0965486416507,0.999123450623938
"Sst-10","PUF60",-0.0130636024828392,0.183228063092198,0.943161420733903,-0.372184007100581,0.346056802134902,5,0,0,0.999123450623938
"Sst-10","EEFSEC",0.0887346335479949,0.194399042219505,0.648062014203644,-0.292280487831316,0.469749754927306,5,0.131074544859178,73.4776769562193,0.999123450623938
"Sst-10","ZMYND11",0.0796219655987495,0.0720377093092973,0.269037522155599,-0.0615693501762389,0.220813281373738,5,6.23442251436628e-06,0.0195730618539347,0.999123450623938
"Sst-10","DENND1B",0.00228602197425,0.0761999837335108,0.97606681807704,-0.147063201765969,0.151635245714469,5,1.48015269239949e-06,0.00457355125614623,0.999123450623938
"Sst-10","ZNF226",0.0793935988831627,0.233729504774183,0.734096362514483,-0.378707812598618,0.537495010364943,5,0.152441688453309,57.354876146358,0.999123450623938
"Sst-10","COPG1",-0.42481192898856,0.190231364721708,0.0255401781916603,-0.797658552573011,-0.0519653054041097,5,0.0388817613204388,21.0589010878274,0.999123450623938
"Sst-10","INTS4",-0.109339838204219,0.201717362000865,0.587787674499952,-0.504698602782342,0.286018926373904,5,0.105962673307938,53.7239516606753,0.999123450623938
"Sst-10","GPBP1",0.0221811218864487,0.0919280031987314,0.809331928912275,-0.157994453553748,0.202356697326645,5,0.00905431726931381,20.6576308773829,0.999123450623938
"Sst-10","FMN1",0.119991893472841,0.0781679808083564,0.124771123976131,-0.0332145336557556,0.273198320601438,5,5.60847880112658e-06,0.015988086369463,0.999123450623938
"Sst-10","USP15",0.117751158204735,0.0731709830552354,0.107559435851992,-0.0256613332969168,0.261163649706387,5,9.54453518859882e-07,0.00307294350245388,0.999123450623938
"Sst-10","TM9SF2",-0.147852168198228,0.105331900210355,0.160414481651759,-0.354298899033691,0.0585945626372348,5,0,0,0.999123450623938
"Sst-10","SUGT1",0.0891531142188205,0.19208651399827,0.64255460746707,-0.287329535133637,0.465635763571278,5,0.112265057458315,63.6622483329431,0.999123450623938
"Sst-10","PHF8",0.161365343056697,0.149986307791763,0.28198667069307,-0.132602418389299,0.455333104502692,5,0.0288530134746727,25.4683748011491,0.999123450623938
"Sst-10","WBP2",0.0826793238400527,0.197101376222631,0.674868191186422,-0.303632274859584,0.46899092253969,5,0.104982236224829,55.084357080152,0.999123450623938
"Sst-10","HERC1",-0.0733749705831402,0.0679545113731387,0.280246397438098,-0.20656336546151,0.0598134242952292,5,0.00835065749001626,37.1446072539155,0.999123450623938
"Sst-10","SEC24B",-0.0923096809373833,0.117904869246678,0.433676080882373,-0.323398978262777,0.13877961638801,5,0.0241509711236635,35.5365859732981,0.999123450623938
"Sst-10","C2CD2L",-0.282122039185081,0.172172737250377,0.101296844203066,-0.619574403315499,0.0553303249453362,5,0,0,0.999123450623938
"Sst-10","CLTA",0.100274178195358,0.189051735848346,0.595830455191347,-0.27026041528218,0.470808771672895,5,0.108486164816249,63.2608901715954,0.999123450623938
"Sst-10","KAT2B",0.0918485160596504,0.121459349019021,0.449524572773534,-0.146207433603312,0.329904465722612,5,2.64859257860213e-07,0.00032565390796172,0.999123450623938
"Sst-10","MAPKBP1",-0.119761399901458,0.0873024206822404,0.170125924107478,-0.290871000201814,0.0513482003988979,5,0,0,0.999123450623938
"Sst-10","KCTD1",-0.1966062165788,0.183278012399511,0.283396207918579,-0.555824520039927,0.162612086882327,5,0.0673608320893101,41.1241551535991,0.999123450623938
"Sst-10","MAFB",-0.515281483206709,0.320712915821932,0.108125640025712,-1.14386724759452,0.113304281181103,5,0.407796322414059,80.9942135580734,0.999123450623938
"Sst-10","ATP6V0E2",-0.104050931642708,0.153195473349147,0.497008806062131,-0.404308542001602,0.196206678716186,5,0.0379436057229004,32.6660780860528,0.999123450623938
"Sst-10","SNX30",-0.167443245432371,0.15254216593924,0.27234206762019,-0.466420396797014,0.131533905932271,5,0.0158039521965717,12.447010041638,0.999123450623938
"Sst-10","CREBRF",-0.0631296347844939,0.0797449254266265,0.428567968745743,-0.219426816570514,0.0931675470015265,5,0,0,0.999123450623938
"Sst-10","HSPA5",0.0892673569265764,0.17952580918175,0.619020038785885,-0.262596763365065,0.441131477218217,5,0.0437654610728738,27.2179043566666,0.999123450623938
"Sst-10","SCRN3",0.293596307547393,0.137393151719171,0.0326056039851303,0.0243106784553715,0.562881936639415,5,0,0,0.999123450623938
"Sst-10","ZDHHC21",0.00986499965730624,0.100271456447855,0.921628228988904,-0.186663443657867,0.20639344297248,5,0.0226792454777814,46.9695457046347,0.999123450623938
"Sst-10","EIF4G3",-0.0727468902073039,0.0596936629772526,0.222969380100437,-0.189744319747991,0.0442505393333831,5,0.00346588878912885,18.6320374759011,0.999123450623938
"Sst-10","NBEA",-0.00352076502479329,0.0597908234325619,0.95304394021648,-0.120708625558608,0.113667095509022,5,0.00484884676947243,27.1429084291434,0.999123450623938
"Sst-10","MAK",-0.0377481850784759,0.144862215863793,0.79441647390841,-0.321672910892176,0.246176540735224,5,6.60552343650903e-06,0.00562314607043635,0.999123450623938
"Sst-10","ZNF583",0.153608811330635,0.245297066221895,0.531173638399541,-0.327164603977616,0.634382226638886,5,0.177305280294487,59.9416087783974,0.999123450623938
"Sst-10","GPRIN3",-0.0378924282554198,0.148141149202274,0.798116104231003,-0.328243745320251,0.252458888809411,5,0.0549972864182363,52.6692124194057,0.999123450623938
"Sst-10","SUCLG1",0.178851702519888,0.136694590261147,0.190736431099936,-0.0890647712734203,0.446768176313196,5,0.0269431245188489,28.9658023381568,0.999123450623938
"Sst-10","KDM4B",0.183953282876624,0.102189707036309,0.0718423913574331,-0.0163348625052409,0.384241428258489,5,0,0,0.999123450623938
"Sst-10","CPSF6",0.0313012634499789,0.066133756828666,0.635997475770772,-0.0983185180965363,0.160921044996494,5,2.10622467601783e-07,0.000824127033909567,0.999123450623938
"Sst-10","YY1AP1",0.097818728356086,0.110974535021789,0.378073210930363,-0.119687363487699,0.315324820199871,5,3.10993221891555e-08,4.35776868695824e-05,0.999123450623938
"Sst-10","CES4A",0.0858077400870643,0.131174873703678,0.513016661726045,-0.171290288048734,0.342905768222863,5,0,0,0.999123450623938
"Sst-10","SERAC1",-0.0807975934866907,0.146256123487587,0.580647584412854,-0.367454328040804,0.205859141067423,5,0,0,0.999123450623938
"Sst-10","VMP1",-0.0712333818888394,0.0812583430802477,0.380688437377971,-0.230496807769525,0.0880300439918456,5,3.20620295173684e-06,0.00829404130306095,0.999123450623938
"Sst-10","TBC1D5",0.0320098099521013,0.0625527473594131,0.6088434274344,-0.0905913220063812,0.154610941910584,5,9.16491598438979e-08,0.000420530890050779,0.999123450623938
"Sst-10","TLE1",-0.0302454503510798,0.215341232943227,0.888301614671715,-0.452306511306255,0.391815610604096,5,0.122217338213937,54.4442059287863,0.999123450623938
"Sst-10","CCAR1",-0.0701332136087011,0.132608353761021,0.596892319843812,-0.330040811029449,0.189774383812047,5,0.0408047372490824,48.1052615233653,0.999123450623938
"Sst-10","CASP9",-0.119155518408189,0.278069589324909,0.668280067460799,-0.664161898680854,0.425850861864477,5,0.204958572678448,54.6028873466538,0.999123450623938
"Sst-10","SEL1L",0.0685349923531054,0.145441551013013,0.637483516647205,-0.216525209488045,0.353595194194256,5,0.0339172083716783,32.5296896030377,0.999123450623938
"Sst-10","HMGCLL1",-0.0713462166332928,0.123414857096344,0.563196127072605,-0.313234891699284,0.170542458432698,5,0.0227823880515717,30.0311074439051,0.999123450623938
"Sst-10","MIB2",-0.0479555362516376,0.153665746242544,0.754982049299044,-0.349134864544494,0.253223792041219,5,5.50586016968134e-06,0.00421115748747305,0.999123450623938
"Sst-10","ADCY2",0.0232058021590064,0.136126113691813,0.864638309813828,-0.243596478032351,0.290008082350364,5,0.0400897299077582,44.1525117174311,0.999123450623938
"Sst-10","PDZRN3",-0.081180816150931,0.116716618945733,0.486718353484306,-0.309941185681854,0.147579553379992,5,0.0421619128305335,63.3766621057063,0.999123450623938
"Sst-10","CYB561",-0.011439295055635,0.308450131730743,0.970416141413831,-0.615990444274527,0.593111854163257,5,0.300772314523021,66.1881795120056,0.999123450623938
"Sst-10","ANKDD1A",-0.138261566313121,0.129052678760747,0.284008676326633,-0.391200168792603,0.11467703616636,5,0.00127383191895861,1.39913063022929,0.999123450623938
"Sst-10","PREP",-0.0267667900854364,0.0888532159554802,0.76322593511193,-0.200915893268737,0.147382313097864,5,5.13675932822291e-07,0.00106528749105228,0.999123450623938
"Sst-10","ERBIN",-0.0834763598156575,0.079862614835248,0.295907661789542,-0.240004208603938,0.0730514889726229,5,6.3028335899299e-07,0.00173424166600331,0.999123450623938
"Sst-10","SSR3",-0.0192469707083432,0.306430918276798,0.949917686503767,-0.619840534280404,0.581346592863717,5,0.335502838695904,73.7244959166121,0.999123450623938
"Sst-10","RASSF8",-0.103202076327419,0.206972983556014,0.618043002762623,-0.508861669870008,0.30245751721517,5,0.0971440870927412,46.1608737984556,0.999123450623938
"Sst-10","GOLGA4",-0.089616705830651,0.0597195227615418,0.13345216113168,-0.206664819617193,0.0274314079558909,5,9.81389203499811e-07,0.00459008867530175,0.999123450623938
"Sst-10","NCKAP1",0.0486869276623117,0.0845619280377043,0.564780995452973,-0.117051405754856,0.21442526107948,5,0.0120787545045403,34.1328094381384,0.999123450623938
"Sst-10","TTBK2",-0.0597837564433018,0.0691640188028931,0.387381066702256,-0.195342742323023,0.0757752294364197,5,3.62417341980928e-07,0.00139855768199393,0.999123450623938
"Sst-10","RBFOX3",-0.024512749537655,0.0837709884452926,0.769815518496916,-0.18870086983975,0.139675370764439,5,0.0061361626767375,17.1467601541514,0.999123450623938
"Sst-10","SH3RF1",-0.0655895801795854,0.174825490513365,0.7075327599865,-0.40824124516533,0.277062084806159,5,0.0696638074256119,46.9720101760898,0.999123450623938
"Sst-10","CMPK1",-0.105151825884654,0.164822961712322,0.523494310860525,-0.428198894666031,0.217895242896722,5,0.0509896871645441,38.5876460664537,0.999123450623938
"Sst-10","ASPH",-0.0280311519657422,0.11990963855383,0.815164345247207,-0.263049724930465,0.20698742099898,5,0.0271147914937215,38.5866856036148,0.999123450623938
"Sst-10","LMO3",0.038772368221267,0.293837258042908,0.895022381009806,-0.537138074858835,0.614682811301369,5,0.289907943735303,69.9688131120446,0.999123450623938
"Sst-10","TRAPPC3",0.25202699063763,0.152021211069089,0.0973495712662872,-0.0459291079439461,0.549983089219207,5,0,0,0.999123450623938
"Sst-10","SLC17A8",0.323537605437716,0.156785120791993,0.0390581814088634,0.0162444153736468,0.630830795501784,5,0.0298876793856078,24.1442709439917,0.999123450623938
"Sst-10","REPS2",-0.120663871554746,0.0960546154758183,0.209043226783287,-0.308927458436194,0.0675997153267015,5,0.0198117311474065,44.8226050416075,0.999123450623938
"Sst-10","AP3D1",-0.0724601593936545,0.109844167213937,0.509469960644655,-0.287750771044766,0.142830452257457,5,1.62147607580539e-06,0.00247149038952531,0.999123450623938
"Sst-10","DDX24",0.00811924989305042,0.138156984151724,0.953136664650419,-0.262663463256999,0.2789019630431,5,0.0531696246142928,58.3378869925515,0.999123450623938
"Sst-10","SORT1",-0.298195951081292,0.122584517596489,0.01499191394415,-0.538457190632627,-0.0579347115299569,5,0,0,0.891144034147969
"Sst-10","CXXC4",0.0933979937404194,0.296784423282967,0.752989608683102,-0.488288787066687,0.675084774547525,5,0.358322792812203,84.0190260309895,0.999123450623938
"Sst-10","DTX3",-0.0330922474127449,0.225533220573101,0.883345985427192,-0.475129237053351,0.408944742227861,5,0.146620983151418,58.2516523960911,0.999123450623938
"Sst-10","C5orf24",-0.248090661953633,0.191929158590939,0.196143973893227,-0.62426490037495,0.128083576467684,5,0.071902306780209,40.1414803823701,0.999123450623938
"Sst-10","SFI1",-0.136499814609938,0.113911107686775,0.23079978789291,-0.359761483115082,0.0867618538952054,5,0,0,0.999123450623938
"Sst-10","PLXNC1",-0.177662458368293,0.082600826885676,0.0314875919948097,-0.339557104157446,-0.0157678125791402,5,0,0,0.999123450623938
"Sst-10","CLDND1",-0.250206616062323,0.140541724586272,0.0750266632466515,-0.525663334576564,0.0252501024519181,5,0,0,0.999123450623938
"Sst-10","CACNA2D1",0.0229849634498233,0.0768267327918307,0.764803289140954,-0.127592665872047,0.173562592771694,5,0.00672898574792357,22.6102977592403,0.999123450623938
"Sst-10","CLMN",0.0488099436673688,0.23327582439184,0.834263196334392,-0.408402270604527,0.506022157939265,5,0.0982138504305622,36.7446605199712,0.999123450623938
"Sst-10","SHISA7",0.128106153327526,0.158699690495489,0.419537606542595,-0.182939524401285,0.439151831056337,5,0.0277435765013209,21.4386157834089,0.999123450623938
"Sst-10","MAPK1",-0.0528228661817464,0.0708319156542797,0.45581874685578,-0.191650869820113,0.0860051374566206,5,1.03371986731308e-06,0.00372806825214829,0.999123450623938
"Sst-10","NALCN",-0.0547226301652834,0.0692574893585347,0.429450079791201,-0.190464814967678,0.0810195546371107,5,0.00571024119651898,23.6149018421403,0.999123450623938
"Sst-10","TRIM24",-0.0694484057192361,0.102962238847821,0.499991167185853,-0.271250685628575,0.132353874190103,5,1.32259404509826e-06,0.00212088399378713,0.999123450623938
"Sst-10","FAM66C",-0.0386294725706106,0.168244294510358,0.818399916043684,-0.368382230415263,0.291123285274041,5,0.075548120983285,55.4074766010241,0.999123450623938
"Sst-10","ARHGAP5",-0.0894766503448413,0.125705166977537,0.476590049227606,-0.335854250291407,0.156900949601724,5,0.0357516972661904,46.1234631299882,0.999123450623938
"Sst-10","NSMF",-0.0821009121755422,0.141969918529274,0.563062981413978,-0.360356839381006,0.196155015029921,5,0,0,0.999123450623938
"Sst-10","DPYSL5",-0.316030792560493,0.202401577280017,0.118428272074029,-0.712730594443428,0.0806690093224409,5,0.134860973318844,69.1705044703422,0.999123450623938
"Sst-10","RIT2",-0.0369377837112301,0.367785143355385,0.92000053225756,-0.757783418736685,0.683907851314225,5,0.384527607228599,58.6011650415791,0.999123450623938
"Sst-10","EXT2",0.182055792453875,0.0913607329419539,0.046292796416692,0.00299204628646363,0.361119538621287,5,0,0,0.999123450623938
"Sst-10","WDTC1",0.107858374268537,0.136429982605833,0.429191010077031,-0.159539478050322,0.375256226587396,5,0,0,0.999123450623938
"Sst-10","ZDHHC13",-0.125343949047701,0.189995827893975,0.509433862531248,-0.497728928932762,0.24704103083736,5,0.095645884288411,55.4938773102882,0.999123450623938
"Sst-10","RAB2A",-0.0283117751541579,0.0888057071994468,0.749873774497224,-0.202367762886683,0.145744212578367,5,0.00994909915856941,24.9775129642159,0.999123450623938
"Sst-10","PRKACB",-0.0493219854845787,0.0984400563111308,0.61634597707678,-0.24226095049049,0.143616979521333,5,0.0230035457962484,49.3899088439997,0.999123450623938
"Sst-10","AKAP1",-0.0129356564019368,0.223648305797568,0.953876651680214,-0.451278280968571,0.425406968164697,5,0.133551018120605,55.9177562834901,0.999123450623938
"Sst-10","ATG16L1",-0.0579615050720516,0.152496766670429,0.703883432184959,-0.356849675504901,0.240926665360798,5,0,0,0.999123450623938
"Sst-10","ARL13B",-0.184151645985496,0.147691948982908,0.212447687335448,-0.473622546798523,0.10531925482753,5,0.00642832964292064,5.31088567683989,0.999123450623938
"Sst-10","POGK",0.245360818237798,0.141393215319117,0.0826862147493314,-0.0317647914459887,0.522486427921585,5,2.33322097191896e-06,0.00212968711416231,0.999123450623938
"Sst-10","UQCR10",-0.0397911128801195,0.246668296088475,0.871845894947877,-0.523252089341392,0.443669863581153,5,0.131404200823564,44.0922106337985,0.999123450623938
"Sst-10","ANKRD33B",0.0731194317839418,0.129532700672472,0.572423237763271,-0.18075999635431,0.326998859922194,5,0.00316298366657188,3.03171054339336,0.999123450623938
"Sst-10","APIP",0.123344293751386,0.130986169350031,0.346367297430545,-0.133383880647539,0.380072468150311,5,2.54497493972649e-07,0.000279615634585894,0.999123450623938
"Sst-10","CBX1",0.159887292041284,0.29332234899973,0.585691121021621,-0.415013947858875,0.734788531941443,5,0.337283831722586,81.2165412760577,0.999123450623938
"Sst-10","COQ4",0.335254068899156,0.134446204194627,0.012645757066641,0.0717443508195696,0.598763786978742,5,0,0,0.881748287364026
"Sst-10","SLC30A7",0.0337654193588952,0.125127331265089,0.78727682901479,-0.211479643402292,0.279010482120082,5,1.56541446092192e-06,0.00181877736276997,0.999123450623938
"Sst-10","ZNF512B",0.222683919657922,0.203114147260604,0.272926229856163,-0.175412493723427,0.620780333039271,5,0.0623911741870577,30.3769472430374,0.999123450623938
"Sst-10","DKK2",-0.0581595753667673,0.17416487029437,0.73842934725609,-0.399516448515823,0.283197297782288,5,0.0789888144449245,54.4814783023245,0.999123450623938
"Sst-10","REV3L",0.0351488145586248,0.0548853981501009,0.521910148330998,-0.0724245890927142,0.142722218209964,5,1.20822504269961e-08,6.85048838864067e-05,0.999123450623938
"Sst-10","ZBTB40",-0.0622935040308524,0.22709877594322,0.783853036287489,-0.507398925812694,0.38281191775099,5,0.102828777471497,40.7105280890805,0.999123450623938
"Sst-10","MED4",-0.11833506330919,0.0967692356358121,0.221383219702429,-0.307999279966852,0.0713291533484714,5,1.77786002401935e-06,0.00313162059262184,0.999123450623938
"Sst-10","SC5D",-0.153516317039789,0.141167856727909,0.276827560677042,-0.430200232001202,0.123167597921624,5,0.0152570052354784,14.5233520821547,0.999123450623938
"Sst-10","SECISBP2L",-0.0218114474443516,0.107794946763269,0.839649350850454,-0.233085660815771,0.189462765927068,5,0.0194233784388522,33.7250683145636,0.999123450623938
"Sst-10","FRG1",0.100979675798961,0.170602903392076,0.553918271051841,-0.233395870507475,0.435355222105396,5,0,0,0.999123450623938
"Sst-10","CHSY1",-0.100750841835287,0.0995325536661786,0.311423268452658,-0.295831062310297,0.0943293786397236,5,3.53160787760069e-06,0.00601959087471323,0.999123450623938
"Sst-10","TMEM135",-0.00455663689410344,0.0687552806861095,0.947160268354763,-0.13931451078582,0.130201236997614,5,3.7256686621424e-07,0.00131482025093603,0.999123450623938
"Sst-10","FAM210A",0.139391836994185,0.138477725415172,0.314126483893053,-0.132019517480579,0.41080319146895,5,1.38587323984616e-06,0.00116842847742023,0.999123450623938
"Sst-10","ZNF652",-0.0472428759515248,0.127799806925757,0.711633510765688,-0.297725894757182,0.203240142854132,5,0.0333820038411632,41.9297154494325,0.999123450623938
"Sst-10","TXLNG",0.0494873206514667,0.0862590614249814,0.56616692783461,-0.119577333081725,0.218551974384658,5,1.70355514313775e-06,0.00366616383133588,0.999123450623938
"Sst-10","CCT6A",0.104064837894997,0.138131555093553,0.451224698899357,-0.166668035216878,0.374797711006872,5,0.0042094765801141,3.89274194916783,0.999123450623938
"Sst-10","OSBPL11",-0.152121282282442,0.161724087889768,0.346898453778833,-0.469094669978978,0.164852105414094,5,0.0248055975002372,18.4449444724511,0.999123450623938
"Sst-10","ZNF678",-0.255117757061132,0.164167985126199,0.120183387668963,-0.57688109532299,0.0666455812007255,5,0,0,0.999123450623938
"Sst-10","ANXA7",0.00101755428370556,0.115250074348663,0.992955489970483,-0.224868440655237,0.226903549222648,5,0.0180924607230088,27.4276226370551,0.99951797780414
"Sst-10","ZNF333",0.0466179228692456,0.142909481737449,0.744268541997418,-0.23347951438544,0.326715360123931,5,1.65008913018241e-07,0.000143687352775465,0.999123450623938
"Sst-10","ARL6IP5",-0.0218770815195701,0.139077482526891,0.875007323700269,-0.294463938332775,0.250709775293634,5,0.0315121687733502,33.2736416505033,0.999123450623938
"Sst-10","TLE2",-0.131015081281465,0.183767337593368,0.475882900587794,-0.491192444499279,0.229162281936349,5,0.0384522158988054,21.7759847645237,0.999123450623938
"Sst-10","WDR20",-0.160325629494733,0.163511198463642,0.326830621084727,-0.480801689552452,0.160150430562986,5,0.0560140302118874,43.6023548569792,0.999123450623938
"Sst-10","MYL6",-0.27976611184752,0.256413816098296,0.275240899105836,-0.782327956538656,0.222795732843616,5,0.183817783433713,58.393005018508,0.999123450623938
"Sst-10","POMP",0.189552722819086,0.16180239700043,0.241394841913779,-0.127574147914008,0.506679593552179,5,0.0245346902350439,18.3340297790915,0.999123450623938
"Sst-10","PDCL",0.11311458963513,0.210598221348484,0.591191046720518,-0.299650339416094,0.525879518686353,5,0.0789300686252975,35.7960871301375,0.999123450623938
"Sst-10","MTPAP",-0.00396067596913572,0.159462517713848,0.980184451122536,-0.316501467572357,0.308580115634086,5,7.21911607290905e-07,0.000529231561536957,0.999123450623938
"Sst-10","ISCA1",0.104282794393639,0.134862291893,0.439372127383137,-0.160042440589169,0.368608029376447,5,4.95068006416454e-06,0.00463864411818552,0.999123450623938
"Sst-10","REEP3",-0.411213613005133,0.261314397794671,0.115571741216064,-0.923380421324462,0.100953195314196,5,0.210687392701772,64.114508581702,0.999123450623938
"Sst-10","ZNF586",-0.0611325803733972,0.0880528868757491,0.487512170418267,-0.233713067384645,0.111447906637851,5,0.000207224790717981,0.407940999517222,0.999123450623938
"Sst-10","SSH1",-0.0523496145548141,0.0995907601174745,0.599133283375243,-0.247543917578032,0.142844688468404,5,5.01822650769543e-06,0.00885930618589608,0.999123450623938
"Sst-10","SGCB",-0.0473337455995122,0.139579014876818,0.734520897108611,-0.320903587755656,0.226236096556632,5,6.2395604110645e-06,0.00601971503139952,0.999123450623938
"Sst-10","FRY",0.0238097228973063,0.1129530084051,0.833048667009724,-0.197574105522139,0.245193551316752,5,0.0350295862901722,58.6852692057818,0.999123450623938
"Sst-10","RAB11FIP2",-0.0587886737234243,0.100524733717951,0.558670099836792,-0.255813531366088,0.13823618391924,5,0,0,0.999123450623938
"Sst-10","CFAP69",-0.0697755347395234,0.134437945058785,0.603749115623368,-0.333269065210317,0.19371799573127,5,0.0303265017446669,34.342087388713,0.999123450623938
"Sst-10","TTYH3",-0.323914391840273,0.111200537415755,0.00358106306574075,-0.541863440236651,-0.105965343443896,5,0,0,0.517660947457201
"Sst-10","LGI2",0.0420396728427079,0.197660710507129,0.831571859821798,-0.345368200909863,0.429447546595279,5,0.0568086759889419,29.1972480917615,0.999123450623938
"Sst-10","SSBP2",0.0831939334057131,0.0620339837964997,0.179887161866142,-0.0383904406529677,0.204778307464394,5,6.72636006749183e-07,0.00314745073269026,0.999123450623938
"Sst-10","TCF12",0.00568470381050149,0.117480715220457,0.961406704138251,-0.224573266899602,0.235942674520605,5,0.0398889302444671,61.099510225675,0.999123450623938
"Sst-10","TNPO1",0.016955948514677,0.0737156603557287,0.818077574516269,-0.127524090879138,0.161435987908492,5,3.12014647783452e-06,0.00978757329493564,0.999123450623938
"Sst-10","FER",0.0337710423857223,0.0595076842211199,0.570369600484963,-0.0828618754910552,0.1504039602625,5,1.78043142228868e-06,0.00897924877655109,0.999123450623938
"Sst-10","ACAP2",-0.0417692590855193,0.107615972523143,0.697917963945417,-0.252692689392131,0.169154171221092,5,0.0258092069718009,46.9402414779715,0.999123450623938
"Sst-10","COX20",0.139616794326918,0.152748060923446,0.360699416633803,-0.159763903791366,0.438997492445201,5,0,0,0.999123450623938
"Sst-10","TTN-AS1",0.0151522783420447,0.178236758156531,0.932251783463723,-0.334185348365932,0.364489905050021,5,0.112201669208968,71.4921273206277,0.999123450623938
"Sst-10","RAD18",-0.0832423529123428,0.136803214466516,0.542867552925385,-0.351371726236023,0.184887020411338,5,0,0,0.999123450623938
"Sst-10","OPHN1",-0.101637321060039,0.0978228913750552,0.298807888737826,-0.293366665018721,0.0900920228986433,5,0,0,0.999123450623938
"Sst-10","EXOSC10",0.0362300278188726,0.149690725355895,0.808754942425417,-0.257158402698357,0.329618458336103,5,0.0246128875174783,21.6062382698006,0.999123450623938
"Sst-10","MLF1",-0.265251791031228,0.333413145158015,0.426284982509213,-0.918729547513163,0.388225965450707,5,0.380801512392138,70.0546567689315,0.999123450623938
"Sst-10","NEFL",0.0415063050038412,0.173247707190283,0.810657574588317,-0.298052961493255,0.381065571500937,5,0.0416795032147611,27.914599563423,0.999123450623938
"Sst-10","DCP1B",0.0996153164786117,0.164818427252263,0.545581530484919,-0.22342286492436,0.422653497881583,5,0.0343183103687042,25.0580840842645,0.999123450623938
"Sst-10","EEF2",-0.0140398701612875,0.121234968143534,0.907805422857639,-0.251656041389474,0.223576301066899,5,1.42105376891449e-06,0.00176657519329763,0.999123450623938
"Sst-10","RAD51B",0.0907854719889431,0.225435219185678,0.687160091980432,-0.35105943846188,0.532630382439766,5,0.0868220154435511,34.5277091455041,0.999123450623938
"Sst-10","NDUFV1",-0.0736821842079796,0.186450609473165,0.692707548883367,-0.439118663670925,0.291754295254966,5,0.0807612934085541,47.7580704704658,0.999123450623938
"Sst-10","AP2A2",0.129998523315699,0.113054306502343,0.250194620740772,-0.0915838457260452,0.351580892357443,5,0.0251914136943224,41.0272925681242,0.999123450623938
"Sst-10","RPL27",0.0804724436913348,0.164339769962134,0.624366621943152,-0.241627586662044,0.402572474044714,5,7.55669513320838e-06,0.00500354305067382,0.999123450623938
"Sst-10","CTCF",-0.070761235789918,0.169588778005749,0.676494184350692,-0.403149132863344,0.261626661283508,5,0.0475891397374452,33.4514583877772,0.999123450623938
"Sst-10","LAMA2",0.173813650080016,0.272819111280509,0.524058289775808,-0.360901982324006,0.708529282484038,5,0.180600615465334,48.9162492274807,0.999123450623938
"Sst-10","RBM28",-0.101205792796937,0.116978268325883,0.386946875506868,-0.330478985689531,0.128067400095656,5,0,0,0.999123450623938
"Sst-10","TLK2",-0.0433881575317908,0.130917357027252,0.740329988214094,-0.299981462256376,0.213205147192795,5,0.0310186296510435,37.3798570666709,0.999123450623938
"Sst-10","CHCHD2",-0.132552667426444,0.200559760262201,0.508667742170073,-0.525642574288345,0.260537239435456,5,0.0812198624349622,40.7213751230219,0.999123450623938
"Sst-10","ADAP1",-0.131322205860172,0.169285007047354,0.43789883829355,-0.463114722795595,0.200470311075252,5,9.95373157290532e-08,6.06200724663103e-05,0.999123450623938
"Sst-10","THUMPD2",0.11642153701437,0.1254394999501,0.353350997843752,-0.12943536512654,0.362278439155279,5,0.0310479258830186,40.919978988754,0.999123450623938
"Sst-10","CACHD1",-0.117038606223775,0.157063638359658,0.456170900419238,-0.424877680689529,0.190800468241979,5,0.010531243610424,7.86746576684783,0.999123450623938
"Sst-10","TFDP1",-0.0516624841179084,0.211186065962167,0.806742798113093,-0.465579567440456,0.362254599204639,5,0.0939479903860667,43.2221138112569,0.999123450623938
"Sst-10","SCML2",-0.209702425673071,0.184076546203498,0.254614253904585,-0.57048582663045,0.151080975284307,5,7.09900620362834e-06,0.00398902546693409,0.999123450623938
"Sst-10","ATP8A1",0.0123730372079088,0.0792763377552168,0.87597407504983,-0.143005729618549,0.167751804034367,5,0.0113240515234811,36.7208423390974,0.999123450623938
"Sst-10","GABRB1",0.0833370403538341,0.0780285715132102,0.28550590936838,-0.0695961495771659,0.236270230284834,5,0.00737014257868635,24.0664466196426,0.999123450623938
"Sst-10","CINP",0.196858481613088,0.172328841322472,0.253311869533322,-0.140899840876474,0.53461680410265,5,0,0,0.999123450623938
"Sst-10","ATG2B",-0.0807379069316867,0.0864096786818442,0.350117271618909,-0.25009776506378,0.0886219512004064,5,0,0,0.999123450623938
"Sst-10","CEP162",-0.179467514500434,0.28937379258835,0.535130925276496,-0.746629726043363,0.387694697042496,5,0.278197963268155,70.9104094718564,0.999123450623938
"Sst-10","FAM222B",-0.14003873340259,0.0897004599220765,0.118480841123743,-0.315848404246539,0.0357709374413579,5,2.83893146588231e-06,0.00624833173536062,0.999123450623938
"Sst-10","ABCC5",0.105371343596122,0.066410267168968,0.11258684133642,-0.0247903882587383,0.235533075450982,5,0,0,0.999123450623938
"Sst-10","MAP1A",-0.0620180988288866,0.11079123568855,0.575633318989079,-0.279164930581133,0.15512873292336,5,4.34651091346836e-06,0.00663067281531035,0.999123450623938
"Sst-10","FBXL17",0.00396624403534805,0.0584201915177148,0.945871874307729,-0.110535227309305,0.118467715380001,5,5.25417868321059e-07,0.00271797303263549,0.999123450623938
"Sst-10","PCBP2",-0.0807877437796136,0.112323904533586,0.471993613152368,-0.300938551268357,0.13936306370913,5,1.08941256631417e-06,0.00140096121763958,0.999123450623938
"Sst-10","L1CAM",0.103302211211475,0.143434217082773,0.471398052375432,-0.17782368842146,0.384428110844411,5,6.64162001679355e-06,0.00608390902652974,0.999123450623938
"Sst-10","IMMP2L",0.0840539650028548,0.123410592692478,0.495813291068193,-0.157826351985144,0.325934281990854,5,0.0447091856440333,61.9104970501356,0.999123450623938
"Sst-10","FBXW8",0.0832565298717947,0.103872020387439,0.422824942867146,-0.120328889088997,0.286841948832586,5,9.20636628907691e-08,0.00014675351782221,0.999123450623938
"Sst-10","TOPBP1",0.0788939895057265,0.140781337725198,0.575206012356614,-0.197032362131031,0.354820341142484,5,3.31455566370768e-07,0.000262975858643629,0.999123450623938
"Sst-10","CTBP1",-0.0681353597560895,0.113633630967002,0.548769124253018,-0.290853183883929,0.15458246437175,5,8.84968196642811e-06,0.0121396087134376,0.999123450623938
"Sst-10","FAM20B",-0.12659688024428,0.108001915504801,0.241127788500225,-0.338276744895029,0.0850829844064684,5,0,0,0.999123450623938
"Sst-10","SNAP23",0.123646608533864,0.175696983127923,0.481588984651537,-0.220713150589206,0.468006367656933,5,0.0411637183771844,25.5995671971669,0.999123450623938
"Sst-10","ZNF717",0.197546617246857,0.0886462552012249,0.0258483654251911,0.0238031496881097,0.371290084805604,5,2.09955447066508e-06,0.00374077012696822,0.999123450623938
"Sst-10","SLC8A2",0.254997770250897,0.161229097638245,0.113743989354456,-0.0610054543799552,0.571000994881748,5,1.67544962184196e-06,0.00115612841773561,0.999123450623938
"Sst-10","AP5M1",-0.0929333481800654,0.134449322817428,0.489430628030657,-0.356449178648024,0.170582482287893,5,0.0139163628132531,14.6142782932938,0.999123450623938
"Sst-10","DYNLL2",-0.263719109481401,0.131115719108164,0.0442888968595917,-0.520701196740473,-0.00673702222232858,5,0.00631862658404829,6.83545246802929,0.999123450623938
"Sst-10","PLEC",-0.114701272104879,0.169316243106746,0.498128038876122,-0.446555010591729,0.217152466381971,5,0.0612864708719493,43.9226670443648,0.999123450623938
"Sst-10","TSPAN3",0.08912244851728,0.103539809398723,0.389372781904254,-0.113811848870358,0.292056745904918,5,0,0,0.999123450623938
"Sst-10","ANKRD24",0.0561327340062956,0.220737795942815,0.799266905722422,-0.376505396068373,0.488770864080964,5,0.139081239180491,59.1478413650683,0.999123450623938
"Sst-10","ZNF714",-0.245871063410335,0.22352049802872,0.271335015458111,-0.683963189353082,0.192221062532412,5,0.120808719386912,49.4326667430602,0.999123450623938
"Sst-10","SIRPA",-0.181308306053969,0.112684378968979,0.107618009875262,-0.402165630453431,0.0395490183454933,5,2.94497655946565e-06,0.00422669637289104,0.999123450623938
"Sst-10","GALNT14",0.151613090994834,0.0698066713706007,0.0298632265394348,0.0147945292278338,0.288431652761835,5,0,0,0.999123450623938
"Sst-10","CARM1",-0.0982458312367726,0.134914333954996,0.466485661807982,-0.362673066786775,0.16618140431323,5,0,0,0.999123450623938
"Sst-10","CHID1",0.168957826151466,0.17424237949654,0.33221038480048,-0.172550962242314,0.510466614545245,5,0.0104834695080992,6.64597330954829,0.999123450623938
"Sst-10","FARSB",0.00825770708442998,0.0900756100801748,0.926956035641547,-0.168287244558186,0.184802658727046,5,0,0,0.999123450623938
"Sst-10","RHBDL1",0.161154987623253,0.146235119302002,0.27045011854247,-0.125460579483588,0.447770554730095,5,0,0,0.999123450623938
"Sst-10","TMEM132C",-0.235683655704029,0.130487688902965,0.0708909437892981,-0.491434826379707,0.0200675149716503,5,0,0,0.999123450623938
"Sst-10","PLGRKT",-0.115988176279567,0.149500582860884,0.437844868769148,-0.409003934354645,0.177027581795511,5,2.10185582380779e-06,0.00156932858843644,0.999123450623938
"Sst-10","GFOD1",-0.00622954953301575,0.101401427232218,0.951013149317885,-0.204972694889123,0.192513595823091,5,0.0199814706573426,40.2621717794411,0.999123450623938
"Sst-10","USP30",-0.23151712584162,0.194564860319369,0.234076812028895,-0.61285724472465,0.149822993041409,5,0.0754554177633327,41.2643345218334,0.999123450623938
"Sst-10","SNX10",-0.0172968599880923,0.117543025874851,0.883010914072245,-0.247676957336659,0.213083237360475,5,0.0241327428351277,36.0021586430015,0.999123450623938
"Sst-10","CADM1",0.0909561798394242,0.107803415684387,0.398824426881154,-0.120334632312374,0.302246991991222,5,0.0329575870668318,59.0302448246209,0.999123450623938
"Sst-10","ZDHHC5",0.218681988377882,0.147051360155135,0.13698497036769,-0.0695333814038117,0.506897358159575,5,0.0173313826570113,15.3545842392532,0.999123450623938
"Sst-10","UAP1",0.23166348996785,0.17205645405094,0.17816103665083,-0.105560963279664,0.568887943215363,5,0,0,0.999123450623938
"Sst-10","LRRC7",0.040030795638921,0.111629655394831,0.719891657656283,-0.178759308541566,0.258820899819408,5,0.0387926564527424,65.2398313993575,0.999123450623938
"Sst-10","WDR6",0.0219952429276229,0.121460840454102,0.856297584229525,-0.216063629894383,0.260054115749629,5,0.00447183391296912,5.56686236388926,0.999123450623938
"Sst-10","ASXL1",0.10685003202492,0.102786949108302,0.298558698420923,-0.0946086863081037,0.308308750357944,5,0.019321129006091,37.5252606901859,0.999123450623938
"Sst-10","MSH4",-0.156012264998926,0.370303814225727,0.673529586616496,-0.881794404219161,0.56976987422131,5,0.517123039825845,78.2627110567617,0.999123450623938
"Sst-10","MIR9-3HG",-0.196944289506909,0.190078113538691,0.300144801945633,-0.569490546292059,0.17560196727824,5,0.0855358691339533,51.444904980287,0.999123450623938
"Sst-10","ACTB",-0.0442488319061092,0.274311424529685,0.87185023515322,-0.581889344532169,0.493391680719951,5,0.308530180242663,84.6466834254394,0.999123450623938
"Sst-10","PTPRO",0.00263602317126862,0.122504637321565,0.982832650724864,-0.23746865391814,0.242740700260677,5,0.0314853581748475,43.5957208860634,0.999123450623938
"Sst-10","STK35",0.00216008212110576,0.172216929399178,0.989992557694556,-0.33537889702936,0.339699061271571,5,0.0212899471146993,14.124808450999,0.999123450623938
"Sst-10","PLPPR5",-0.113761956455521,0.103025095631759,0.269499461357298,-0.315687433397563,0.0881635204865211,5,0.0106979275614129,19.769259620725,0.999123450623938
"Sst-10","ERICH1",0.131356634012434,0.142590624889082,0.356938146282807,-0.148115855303228,0.410829123328096,5,0.0208374549200793,20.2228561019802,0.999123450623938
"Sst-10","KLF12",-0.0145598624965215,0.0633747831610441,0.81829209622674,-0.138772155020203,0.10965243002716,5,2.09374775170573e-06,0.00933513107690925,0.999123450623938
"Sst-10","USP8",-0.043554291613412,0.112539118355403,0.698745335280557,-0.264126910441892,0.177018327215068,5,0.0159950723586032,24.7240578237997,0.999123450623938
"Sst-10","NKTR",0.00178119601287757,0.108510033513745,0.986903285060569,-0.210894561635298,0.214456953661053,5,0.0334054332987598,59.4771592997205,0.999123450623938
"Sst-10","DNAJA2",0.220403944118001,0.147870520070994,0.136087603407033,-0.0694169495963542,0.510224837832356,5,0,0,0.999123450623938
"Sst-10","FKBP15",-0.0574739938889039,0.123497097831534,0.641654052076375,-0.299523857833931,0.184575870056123,5,0,0,0.999123450623938
"Sst-10","SKAP2",-0.124391167850561,0.199608603710292,0.533169277395726,-0.515616842127062,0.266834506425939,5,0.135251044135928,70.9971020702161,0.999123450623938
"Sst-10","NVL",-0.0758995739811759,0.110111314995591,0.490635386160929,-0.29171378566288,0.139914637700528,5,0.004463206595492,6.5984206394934,0.999123450623938
"Sst-10","DNAJC21",-0.126048465033859,0.104664309275099,0.228469078946355,-0.331186741679816,0.0790898116120975,5,0,0,0.999123450623938
"Sst-10","DNAH1",0.223513265843786,0.342924307201018,0.51453922803337,-0.44860602569356,0.895632557381132,5,0.423111898931243,75.6877705042712,0.999123450623938
"Sst-10","RBM33",0.0274988361585631,0.0690086690179773,0.690273602823774,-0.107755669737718,0.162753342054844,5,2.46445485998083e-06,0.00846572599936555,0.999123450623938
"Sst-10","WDFY3",-0.0970312642947703,0.0837706103514954,0.246742769343975,-0.261218643546639,0.0671561149570988,5,0.016124759723973,48.2346145263495,0.999123450623938
"Sst-10","FBXO44",-0.0422197830308579,0.158274180539639,0.789660946601073,-0.352431476571141,0.267991910509425,5,0.0484453053809602,38.9587870656754,0.999123450623938
"Sst-10","CDYL2",0.0430982521909922,0.165317945282129,0.794324501183674,-0.280918966560144,0.367115470942129,5,0.0491358776465458,36.6671356059701,0.999123450623938
"Sst-10","MDM2",-0.133169661393476,0.104411778674423,0.202157944667519,-0.337812987157111,0.0714736643701592,5,0,0,0.999123450623938
"Sst-10","RALGAPA1",-0.108013686537813,0.0839777893615954,0.198367230687347,-0.272607129187831,0.0565797561122051,5,0.0130553307646904,37.8021816728648,0.999123450623938
"Sst-10","AMY2B",0.0736995869813969,0.10968524558241,0.501635342512265,-0.141279543995557,0.288678717958351,5,2.12245600909727e-06,0.00287209778199393,0.999123450623938
"Sst-10","POT1-AS1",0.115861105653971,0.206451462130056,0.574659403203245,-0.288776324676573,0.520498535984516,5,0.111433597906889,53.5087618007545,0.999123450623938
"Sst-10","RFK",-0.143247475910225,0.190340592259361,0.451699330129891,-0.516308181534597,0.229813229714147,5,0,0,0.999123450623938
"Sst-10","TUBGCP2",0.0323414986535683,0.140959331583551,0.818528109658438,-0.243933714535031,0.308616711842168,5,0,0,0.999123450623938
"Sst-10","PTPN4",0.0712186850514465,0.0666983008537219,0.285622647802371,-0.0595075824518655,0.201944952554759,5,1.49948375982789e-06,0.00595804498093662,0.999123450623938
"Sst-10","RBM10",0.101536396717978,0.133520652590551,0.446982886913196,-0.160159273551786,0.363232066987741,5,6.24027884749363e-07,0.000604913506083996,0.999123450623938
"Sst-10","AP1B1",0.172580116483876,0.125569925265237,0.169325415751664,-0.0735324145773758,0.418692647545127,5,0,0,0.999123450623938
"Sst-10","PABPC1",0.0384129655438754,0.134695974235637,0.775504151315968,-0.225586292820507,0.302412223908258,5,0.0283685511250348,31.5686279332827,0.999123450623938
"Sst-10","ATP6AP2",-0.0661251024096236,0.137369109794619,0.630254930291082,-0.335363610195405,0.203113405376157,5,0.0222264078262475,23.1162118465467,0.999123450623938
"Sst-10","NDUFA3",0.275316188065789,0.186977685825098,0.140898108478883,-0.091153342064049,0.641785718195628,5,0,0,0.999123450623938
"Sst-10","DUSP16",-0.0974551091121206,0.220207345871338,0.658083542539084,-0.529053576151098,0.334143357926857,5,0.15663195556537,67.4629613916663,0.999123450623938
"Sst-10","MIR124-2HG",0.013533965390845,0.0940064816760484,0.88552540065751,-0.170715353007534,0.197783283789224,5,0.014462304094717,33.0975381019632,0.999123450623938
"Sst-10","MBD1",0.066045253846612,0.171476099634005,0.700120953632866,-0.27004172564544,0.402132233338664,5,0.0232992574507786,14.6596261153811,0.999123450623938
"Sst-10","C11orf87",-0.057401549893139,0.171630715519863,0.73804152227268,-0.393791570952909,0.278988471166631,5,0.0794501517122898,55.3811917186028,0.999123450623938
"Sst-10","LRRTM3",-0.0354418209698641,0.133382519505618,0.790458220558146,-0.296866755368087,0.225983113428359,5,0.0476090127340721,57.0386063006355,0.999123450623938
"Sst-10","ZNHIT6",0.0798720801030315,0.126047752599668,0.526299310748999,-0.167176975324532,0.326921135530595,5,6.24605866285836e-07,0.000720603178859644,0.999123450623938
"Sst-10","FMN2",0.00191697267108947,0.0554909443835805,0.972442012909085,-0.106843279788844,0.110677225131023,5,0.00050753263494754,3.0784682728238,0.999123450623938
"Sst-10","HSP90AA1",-0.0543077711273684,0.175824254430212,0.757416378697806,-0.398916977419191,0.290301435164454,5,0.103502187486291,68.3550151851455,0.999123450623938
"Sst-10","HS6ST3",-0.0414573612975476,0.24818860492917,0.867338776186759,-0.527898088331961,0.444983365736865,5,0.151534221091581,50.4298996320164,0.999123450623938
"Sst-10","HTR2C",-0.599138224555363,0.345919575403938,0.0832707213108615,-1.27712813389447,0.0788516847837432,5,0,0,0.999123450623938
"Sst-10","TRIM44",-0.0589970924602594,0.069317882866291,0.394708658232774,-0.194857646362756,0.076863461442237,5,5.86831812626387e-07,0.0021927238188203,0.999123450623938
"Sst-10","SLF2",0.00499295015523754,0.141906368635525,0.97193236595939,-0.273138421547256,0.283124321857731,5,0.0449736861031438,46.0966085639654,0.999123450623938
"Sst-10","CDC23",0.0262460025847318,0.160180312102411,0.86984697607875,-0.287701640168379,0.340193645337842,5,0,0,0.999123450623938
"Sst-10","RPS19",-0.212282580720694,0.156271887310191,0.17433101258977,-0.518569851644771,0.0940046902033828,5,0.0146322383172698,11.6197171045583,0.999123450623938
"Sst-10","OS9",-0.0999433018944016,0.237265296411108,0.673587013363455,-0.564974737641394,0.365088133852591,5,0.171820080773797,61.8389458363884,0.999123450623938
"Sst-10","STRAP",-0.106759739244598,0.124367480226558,0.39065966964346,-0.350515521336649,0.136996042847454,5,2.00529334195935e-07,0.000223639823147049,0.999123450623938
"Sst-10","TAOK1",-0.00590090537201325,0.0610014645289036,0.922937772404083,-0.125461578852862,0.113659768108835,5,6.14043977559935e-07,0.00280432225839613,0.999123450623938
"Sst-10","ARL14EP",0.141277581170406,0.152954283186724,0.355663950024268,-0.158507305156713,0.441062467497525,5,0,0,0.999123450623938
"Sst-10","UNC5D",0.068650265759294,0.0913003979005124,0.45210133990906,-0.110295225899887,0.247595757418475,5,0.0176186465883179,43.6169512639103,0.999123450623938
"Sst-10","NREP",0.020978657857631,0.284465596571874,0.941211214647641,-0.536563666263944,0.578520981979206,5,0.349571753332983,87.6857480786706,0.999123450623938
"Sst-10","TWSG1",-0.278108166750531,0.17929144904172,0.120865426425222,-0.6295129496083,0.0732966161072391,5,0.0542861574972112,34.142103006363,0.999123450623938
"Sst-10","EXOC1",-0.00301714088579731,0.0820090624311976,0.970652180328095,-0.163751949656841,0.157717667885247,5,0,0,0.999123450623938
"Sst-10","SF3A3",-0.11043096316189,0.184638290160186,0.549777540024861,-0.472315362042912,0.251453435719131,5,0.0425004033979067,24.8044177049438,0.999123450623938
"Sst-10","NIPA1",-0.0948253920862974,0.11524725289655,0.410621971584872,-0.320705857080714,0.13105507290812,5,1.78447906568527e-06,0.0022429693521006,0.999123450623938
"Sst-10","SMC5",-0.0593938247128331,0.129699538236502,0.646999879119644,-0.313600248467852,0.194812599042186,5,0.0384467719689253,47.936178412768,0.999123450623938
"Sst-10","OXSR1",0.00243166434958081,0.108299705677702,0.982086521656027,-0.209831858315003,0.214695187014164,5,2.17977903999392e-06,0.00315881320217839,0.999123450623938
"Sst-10","LONRF1",-0.511600415229118,0.147065009710516,0.000503783709148307,-0.799842537647762,-0.223358292810474,5,0,0,0.256215998077676
"Sst-10","DHRS7",0.21020437770352,0.156088813746809,0.178077755287565,-0.0957240756298069,0.516132831036846,5,0,0,0.999123450623938
"Sst-10","CAPS2",0.0666575760437936,0.271237841684631,0.80587326288033,-0.46495882490246,0.598273976990047,5,0.245467088338735,68.5455568185583,0.999123450623938
"Sst-10","B3GLCT",-0.0729061812489195,0.123374490008292,0.554564641829048,-0.314715738276169,0.16890337577833,5,0.0277472613107301,37.6418526202441,0.999123450623938
"Sst-10","GATC",0.123049418429816,0.17479727343577,0.481460784536118,-0.219546942100092,0.465645778959725,5,0,0,0.999123450623938
"Sst-10","TCOF1",0.0103546512652555,0.172515764792118,0.952138528168593,-0.327770034492678,0.348479337023189,5,4.15557949259326e-06,0.00262258625195535,0.999123450623938
"Sst-10","ZDHHC3",0.0589125506539669,0.179620080605988,0.742923599700606,-0.29313633823395,0.410961439541884,5,0.0125495171650427,6.92420262331435,0.999123450623938
"Sst-10","RAP2A",-0.230961914167688,0.147172686164735,0.116572010824456,-0.519415078558585,0.0574912502232085,5,0.0166779565733746,15.1795241758877,0.999123450623938
"Sst-10","FAM135A",0.0389219394476774,0.0669871029448375,0.561215978638397,-0.0923703697528811,0.170214248648236,5,0.00297978116484737,12.3881195810845,0.999123450623938
"Sst-10","AP4B1",0.313335062763467,0.154092749417121,0.0420102497716028,0.0113188236271545,0.61535130189978,5,0,0,0.999123450623938
"Sst-10","HIPK3",-0.0419888243131528,0.09269823095171,0.650575730100621,-0.22367401840908,0.139696369782775,5,0,0,0.999123450623938
"Sst-10","GIGYF2",-0.00860206333068479,0.0778113951304657,0.911973059973274,-0.161109595373213,0.143905468711843,5,0.00754135924094485,24.6357822280865,0.999123450623938
"Sst-10","NAE1",-0.0945248606080615,0.13011888028741,0.467562948685849,-0.349553179680063,0.16050345846394,5,0.0244179677948074,28.6302114191573,0.999123450623938
"Sst-10","CCT7",-0.0550281950525699,0.207223670032446,0.790585985268381,-0.461179125060376,0.351122734955236,5,0.0727765710167514,34.1130890050065,0.999123450623938
"Sst-10","PURB",-0.155037217113025,0.143941394335297,0.281441982102341,-0.437157165894685,0.127082731668635,5,0.00117399754546204,1.06200428409284,0.999123450623938
"Sst-10","CNOT6L",-0.0680458144863079,0.132884007925944,0.608602543448554,-0.328493684142494,0.192402055169878,5,0.0408776714521898,47.5329445772766,0.999123450623938
"Sst-10","SEMA6D",-0.287707314512725,0.27790538002553,0.30054248030853,-0.83239185047268,0.25697722144723,5,0.221984418460444,59.3749321099155,0.999123450623938
"Sst-10","YWHAG",-0.123084238071926,0.294333991645894,0.67581638810294,-0.699968261123791,0.453799784979939,5,0.389719690338486,90.9661710736372,0.999123450623938
"Sst-10","SNX13",0.0174833668026163,0.0775139138943263,0.821550394039075,-0.134441112731002,0.169407846336235,5,3.73116763628371e-06,0.0102715923458471,0.999123450623938
"Sst-10","CKMT1B",-0.0694691918368976,0.204435986945944,0.734000356719996,-0.470156363394849,0.331217979721054,5,0.0678666602134103,32.5166999415225,0.999123450623938
"Sst-10","GOLGA2",-0.112080156567492,0.163760102418743,0.49371204396769,-0.433044059412818,0.208883746277834,5,0.0316524403731132,22.8309397380397,0.999123450623938
"Sst-10","FBXO45",-0.297278878360281,0.214494046706458,0.165760955334564,-0.717679484803191,0.123121728082628,5,0.0669818050192263,29.2727473221115,0.999123450623938
"Sst-10","EPHB1",-0.0102824590712304,0.192181360090922,0.957330395164104,-0.386951003349361,0.3663860852069,5,0.0790468703029522,42.9269208479361,0.999123450623938
"Sst-10","BACE1",-0.142588318636513,0.103061517666457,0.166503553535645,-0.344585181454807,0.059408544181781,5,2.9336901890508e-07,0.000464808276876422,0.999123450623938
"Sst-10","ATP10D",0.0709485031741463,0.154298546255886,0.645650331563577,-0.231471090354277,0.37336809670257,5,0.042623099196104,36.9328369752993,0.999123450623938
"Sst-10","FBXO38",0.087051954866061,0.12534187928845,0.487358599181918,-0.158613614293868,0.33271752402599,5,0,0,0.999123450623938
"Sst-10","CDK17",-0.00491200330177332,0.155063581804249,0.974729358165583,-0.308831038951882,0.299007032348335,5,0.0659828325310568,57.1364239604148,0.999123450623938
"Sst-10","SPRYD7",0.144159714401265,0.154687286923815,0.351366049970932,-0.159021796835626,0.447341225638157,5,0,0,0.999123450623938
"Sst-10","EFR3A",-0.110329966087324,0.0897349637609032,0.218880939837443,-0.286207263212701,0.0655473310380537,5,0.0103274253843652,25.5016649846796,0.999123450623938
"Sst-10","CDK8",-0.0831373882428886,0.0745201875099861,0.264578065863397,-0.229194271883633,0.0629194953978558,5,0.00152046185084285,5.11581715121064,0.999123450623938
"Sst-10","GDPD1",0.204619720291069,0.164634597485506,0.213915030130065,-0.118058161389772,0.527297601971909,5,0.0702970397973583,53.3667245286172,0.999123450623938
"Sst-10","SETD3",-0.302083198919345,0.100048301144327,0.00253297966431905,-0.498174265876642,-0.105992131962047,5,0,0,0.488009768980311
"Sst-10","FAM153A",-0.056823485315142,0.229496892501014,0.804443726185365,-0.50662912918099,0.392982158550706,5,0.157474208394816,60.734535985336,0.999123450623938
"Sst-10","SEMA4D",0.0458347481109379,0.133117240843526,0.730606663242528,-0.215070249663717,0.306739745885592,5,0.0084362676605066,8.76641961652944,0.999123450623938
"Sst-10","ALKBH8",0.21703104773344,0.180124939511549,0.22824510643428,-0.136007346426651,0.570069441893532,5,0.0591113137160272,37.0892894967724,0.999123450623938
"Sst-10","SF1",-0.0499017587346685,0.112205942359689,0.656512245625249,-0.269821364611037,0.1700178471417,5,0.0117699286334908,17.9182987878888,0.999123450623938
"Sst-10","MTG2",0.179213358607324,0.143376354158555,0.211317596930279,-0.101799131778103,0.460225848992751,5,0.0140629001348142,12.6007126122457,0.999123450623938
"Sst-10","TDRD3",-0.12070502999022,0.0900443353936567,0.180080685242486,-0.297188684373633,0.0557786243931921,5,0,0,0.999123450623938
"Sst-10","REEP5",0.00816593692207467,0.100388115529819,0.935168651889195,-0.188591153992217,0.204923027836366,5,0.0121756845938913,23.9055663941198,0.999123450623938
"Sst-10","MVD",-0.0899523461733067,0.163663944047681,0.582582682077188,-0.41072778207454,0.230823089727927,5,0.0283897203294952,20.9011964635304,0.999123450623938
"Sst-10","RNF4",-0.106748555449228,0.134067645968129,0.425898910947898,-0.369516313038827,0.156019202140372,5,1.99141930814519e-07,0.00017754735593481,0.999123450623938
"Sst-10","UBE2D1",0.0572145143049174,0.22995150894429,0.803506815645828,-0.393482161416532,0.507911190026367,5,0.132970210112761,51.9303098839577,0.999123450623938
"Sst-10","FRAS1",-0.156997295606145,0.158800526384525,0.322837017661959,-0.468240608045816,0.154246016833525,5,0.0415637097078975,33.1917458152656,0.999123450623938
"Sst-10","FAM76B",0.154831877362742,0.132268530054602,0.24176465629541,-0.104409677832332,0.414073432557817,5,0,0,0.999123450623938
"Sst-10","QRSL1",0.285786451018711,0.143683877036233,0.0467018024737451,0.0041712268686116,0.56740167516881,5,0,0,0.999123450623938
"Sst-10","DNAJC2",0.192928334835025,0.124214207523935,0.120377615348192,-0.0505270382800717,0.436383707950122,5,0,0,0.999123450623938
"Sst-10","SERINC3",-0.21115639102352,0.0940527930719383,0.0247627609275862,-0.395496478089917,-0.0268163039571226,5,0,0,0.999123450623938
"Sst-10","ATG4C",-0.0117877153810619,0.118485496740769,0.920751952491054,-0.244015021683306,0.220439590921183,5,4.81941913119301e-06,0.00593777071995377,0.999123450623938
"Sst-10","RBCK1",-0.0196728415221268,0.16088295772961,0.902676909252885,-0.334997644398443,0.295651961354189,5,1.15046667531867e-06,0.000783731251383736,0.999123450623938
"Sst-10","MT3",0.212590418725612,0.193075172172394,0.27086362549897,-0.16582996504115,0.591010802492375,5,0.0488493819003362,26.1722512391625,0.999123450623938
"Sst-10","EPHA10",-0.0396336342800815,0.195567321434599,0.83940094592336,-0.422938540844864,0.343671272284701,5,0.0769348503795675,41.4390422702459,0.999123450623938
"Sst-10","ACSS2",-0.0215306053899733,0.156299627845168,0.89043632468895,-0.327872246763517,0.28481103598357,5,0,0,0.999123450623938
"Sst-10","EGLN3",0.123490013521942,0.134879169272545,0.359897558542408,-0.140868300516927,0.387848327560811,5,0,0,0.999123450623938
"Sst-10","DNAJC13",-0.0766420326612947,0.135891501974055,0.572758010691822,-0.342984482335496,0.189700417012906,5,0.030900551450228,34.0084626956483,0.999123450623938
"Sst-10","PPM1K",-0.0116066334163784,0.0787504395435285,0.882828145651828,-0.165954658688393,0.142741391855636,5,0.00798881964275545,25.6177647512939,0.999123450623938
"Sst-10","POMT1",0.0810452826327274,0.150073834522985,0.589172162892749,-0.213094028054147,0.375184593319602,5,0.026260118481349,22.8786826867237,0.999123450623938
"Sst-10","KDM5A",0.0290724890639466,0.0851701167751221,0.732843030333122,-0.137857872374363,0.196002850502257,5,0.00124798718783653,3.24951397969309,0.999123450623938
"Sst-10","DNAJB2",0.0128564028723535,0.145132871160427,0.929412783732532,-0.271598797574975,0.297311603319682,5,0.0325757592282026,30.9275741005776,0.999123450623938
"Sst-10","ZNF451",-0.0479317779557354,0.0782188346522642,0.540014711224356,-0.201237876786867,0.105374320875396,5,0,0,0.999123450623938
"Sst-10","TMEM50A",-0.0292691945092151,0.153644685095606,0.848917944954652,-0.330407243712601,0.27186885469417,5,5.23498278027511e-06,0.0040351800603825,0.999123450623938
"Sst-10","CDC40",0.134429657015173,0.10951942875347,0.219653386260717,-0.0802244789490286,0.349083792979375,5,0.00138578188540082,1.89906388017798,0.999123450623938
"Sst-10","SAP30BP",0.183510606979254,0.147048852997243,0.212046900513144,-0.104699848863267,0.471721062821776,5,0,0,0.999123450623938
"Sst-10","MORC3",0.113505993971646,0.134905708486548,0.400139117233641,-0.150904335970847,0.377916323914139,5,0.0321859165921072,36.0086399298887,0.999123450623938
"Sst-10","RFX7",0.0353075600547503,0.0771191114708037,0.647073488405746,-0.115843120947755,0.186458241057255,5,1.95211516865292e-06,0.0059981716484415,0.999123450623938
"Sst-10","PTPRN2",0.00374304625915374,0.0510209858610004,0.941517358618933,-0.0962562484841343,0.103742341002442,5,4.72659153482756e-07,0.00316998329650876,0.999123450623938
"Sst-10","KLC2",0.0707215293282768,0.144216905676851,0.62386285262345,-0.211938411760161,0.353381470416715,5,1.3197859089833e-06,0.0011232027907547,0.999123450623938
"Sst-10","SUPT6H",0.211416597004149,0.123907834889346,0.0879632647206949,-0.031438296781305,0.454271490789604,5,0.00877553767861274,10.8905044663666,0.999123450623938
"Sst-10","ZNF708",0.110187664987621,0.157035111287316,0.482881655646267,-0.197595497443757,0.417970827418999,5,0.0618126570709617,53.1744933870185,0.999123450623938
"Sst-10","TUBA1A",-0.250625824506391,0.194110314006451,0.196651146487814,-0.631075048986795,0.129823399974013,5,0.0909316186695938,49.8957462679729,0.999123450623938
"Sst-10","HINT1",0.0408031890194818,0.126529151264291,0.747088677861692,-0.207189390452948,0.288795768491912,5,7.90436525533472e-09,8.27549302406644e-06,0.999123450623938
"Sst-10","ATF1",-0.1404228446677,0.118188967616734,0.234785574373525,-0.372068964566469,0.0912232752310685,5,0,0,0.999123450623938
"Sst-10","UHRF2",0.0603513307751109,0.117649448613625,0.607968184993507,-0.17023735130859,0.290940012858812,5,0.0199815288644176,28.7480939451219,0.999123450623938
"Sst-10","PCDH15",-0.187903032666637,0.120843771860872,0.119963872001348,-0.424752473269921,0.0489464079366474,5,0.0287381834396651,40.279670158354,0.999123450623938
"Sst-10","CEP192",-0.0461225427991276,0.114632748457433,0.687426099557415,-0.270798601224535,0.17855351562628,5,0.0235702143310914,37.2937500702277,0.999123450623938
"Sst-10","NCOA3",0.0233699912519344,0.152933081914336,0.878546631514672,-0.276373341344878,0.323113323848747,5,0.0335334511526016,28.627602340489,0.999123450623938
"Sst-10","ZNF189",-0.235319453665339,0.172948127560671,0.173628739532731,-0.574291554877894,0.103652647547216,5,1.18269574100513e-06,0.000765260133984788,0.999123450623938
"Sst-10","TANC1",0.0444538475760189,0.113722780317992,0.695873671089755,-0.178438706069007,0.267346401221045,5,0.0141198793685274,21.3751596945131,0.999123450623938
"Sst-10","NDUFA12",0.0307537990071,0.134505834911165,0.819146508058697,-0.232872793129274,0.294380391143474,5,2.53564005653597e-08,2.36297706513724e-05,0.999123450623938
"Sst-10","STXBP5-AS1",0.0547454675358966,0.120146735710798,0.648638046148108,-0.180737807317319,0.290228742389113,5,0.0400820988373335,57.6114499584054,0.999123450623938
"Sst-10","COL9A1",0.0148986383251162,0.151262486311223,0.921539033491984,-0.281570387056863,0.311367663707096,5,0,0,0.999123450623938
"Sst-10","PSMD12",-0.0196059886613189,0.111339134355339,0.860221257857212,-0.23782668206765,0.198614704745012,5,0,0,0.999123450623938
"Sst-10","KIF6",-0.0137201500280321,0.151757192135076,0.927962550375325,-0.311158781007706,0.283718480951642,5,0.0230079539074202,19.2002569528198,0.999123450623938
"Sst-10","ITCH",-0.0101231567847094,0.0826800499462947,0.902552367172919,-0.17217307691942,0.151926763350001,5,0,0,0.999123450623938
"Sst-10","CAMK1G",-0.245073674521478,0.162649512887137,0.131872352259167,-0.56386086188325,0.0737135128402945,5,0,0,0.999123450623938
"Sst-10","NR3C2",-0.092528292955969,0.0796041813572381,0.24509142308041,-0.24854962143495,0.0634930355230124,5,0,0,0.999123450623938
"Sst-10","LRCH3",-0.00668665024236315,0.0744818595523844,0.928465574405879,-0.152668412466607,0.139295111981881,5,0,0,0.999123450623938
"Sst-10","GATB",0.332801559728759,0.14397308807902,0.0208022771153413,0.0506194923508679,0.614983627106651,5,0,0,0.976586901807138
"Sst-10","HRH2",0.109088696948464,0.153943341445923,0.47855481238232,-0.192634707945298,0.410812101842225,5,0.0343351728048271,29.0832846242117,0.999123450623938
"Sst-10","GAS6",-0.0277637111166565,0.124820698920414,0.823980138786286,-0.272407785525785,0.216880363292472,5,0,0,0.999123450623938
"Sst-10","SHTN1",0.0655814314783382,0.0680603234892086,0.335257532990451,-0.0678143513366561,0.198977214293333,5,6.3942427368686e-06,0.0226270488664434,0.999123450623938
"Sst-10","JARID2",-0.0643000442602831,0.0702345708027815,0.359927000786266,-0.201957273503363,0.0733571849827971,5,0.000569523549254386,2.10877389107595,0.999123450623938
"Sst-10","APOO",-0.0139525044312546,0.116993313886228,0.905070172932203,-0.243255186080251,0.215350177217742,5,0,0,0.999123450623938
"Sst-10","TFG",-0.070389311848956,0.0947747076290253,0.457662457635209,-0.256144325447159,0.115365701749247,5,0,0,0.999123450623938
"Sst-10","SEC61A1",0.110968342685903,0.179120078039794,0.535574321394231,-0.240100559180097,0.462037244551903,5,0.0514191514509911,32.2091314039395,0.999123450623938
"Sst-10","AIG1",-0.00360875130094826,0.0679632820621416,0.957653391795877,-0.136814336413883,0.129596833811986,5,0.00120058679459508,4.81979233375815,0.999123450623938
"Sst-10","USP7",-0.222459422803783,0.182719717878894,0.223417852449241,-0.580583489111734,0.135664643504168,5,0.104302609773934,64.4916168744501,0.999123450623938
"Sst-10","TPGS2",0.0810107104413297,0.0955650636545202,0.396603865685849,-0.106293372501808,0.268314793384467,5,0,0,0.999123450623938
"Sst-10","LINC01102",-0.0950474540181986,0.103247997325395,0.357272719231481,-0.297409810251861,0.107314902215464,5,0.0162834240558498,31.1135078875275,0.999123450623938
"Sst-10","VWA8",0.041571944693412,0.0661545438116369,0.529737686443982,-0.0880885785910734,0.171232467977897,5,1.86183841854927e-06,0.00708781139104429,0.999123450623938
"Sst-10","ZRANB2",0.0714804687973613,0.0968995682700129,0.460711467132417,-0.118439195129344,0.261400132724067,5,0.0209423764063516,46.201893768674,0.999123450623938
"Sst-10","STAU1",-0.118477556696097,0.0898507668737675,0.187301624752955,-0.294581823751986,0.0576267103597915,5,0,0,0.999123450623938
"Sst-10","NBPF12",-0.0514657514464251,0.152955449710834,0.736512372986364,-0.351252924118787,0.248321421225937,5,0,0,0.999123450623938
"Sst-10","HOOK1",-0.00930382318285551,0.0996075816315811,0.925582001730815,-0.204531095767888,0.185923449402177,5,6.56403435946574e-06,0.0108484564435648,0.999123450623938
"Sst-10","PIK3C2B",0.0492900301564534,0.143175106696522,0.730647780356649,-0.23132802245141,0.329908082764317,5,0.0116922023907851,10.5159235901569,0.999123450623938
"Sst-10","MDM4",-0.17230105034968,0.101313205762163,0.0890036349753942,-0.370871284801814,0.0262691841024546,5,0,0,0.999123450623938
"Sst-10","ARL6",-0.0646692883990257,0.16601191534505,0.696872241154851,-0.390046663479836,0.260708086681785,5,0.0374631019376411,27.1472059933635,0.999123450623938
"Sst-10","ATN1",-0.127059135875569,0.14917693809417,0.394361500810791,-0.419440561864104,0.165322290112965,5,0.036286125581218,33.0939709287488,0.999123450623938
"Sst-10","TAF7",-0.159677397690571,0.165066703445381,0.333368726593139,-0.483202191490271,0.163847396109129,5,0.0106356794113797,7.29858989127382,0.999123450623938
"Sst-10","MPP2",-0.220903231443486,0.209162171996629,0.29090710781033,-0.630853555485052,0.189047092598079,5,0.126871988090874,60.5141773783823,0.999123450623938
"Sst-10","TSN",0.424673641972931,0.203770247079398,0.0371528260418821,0.0252912965764835,0.824055987369379,5,0.10443431803624,51.5520177080937,0.999123450623938
"Sst-10","CCDC7",-0.083398830881352,0.082535367007192,0.312274119100269,-0.245165177666244,0.0783675159035397,5,9.55244877667576e-07,0.00246465170115051,0.999123450623938
"Sst-10","TOX4",0.320023367655665,0.22282990319481,0.150951744792035,-0.116715217284708,0.756761952596039,5,0.136971107477997,57.5474932093631,0.999123450623938
"Sst-10","PDIA2",-0.361550013228985,0.132976104711301,0.00654974976689844,-0.622178389267563,-0.100921637190407,5,0,0,0.692910529236805
"Sst-10","NAA16",-0.0731959134753999,0.0937641073614891,0.435014881791664,-0.256970186946465,0.110578359995666,5,1.46708775791949e-05,0.0293455493991127,0.999123450623938
"Sst-10","SLK",-0.181732564182608,0.126988596644658,0.152403399738996,-0.430625640053421,0.0671605116882054,5,0,0,0.999123450623938
"Sst-10","ATP6V0B",0.209090782794511,0.129849368011603,0.107341881658687,-0.0454093019235179,0.463590867512539,5,2.27771496969534e-07,0.000245908037199101,0.999123450623938
"Sst-10","SEC23B",-0.198125194332481,0.142580560092011,0.164660502160937,-0.477577957008371,0.0813275683434097,5,0,0,0.999123450623938
"Sst-10","USP16",-0.0752832597067226,0.180830468272777,0.677176186608823,-0.429704464828879,0.279137945415434,5,0.0802297889876321,51.277874124505,0.999123450623938
"Sst-10","SEC63",-0.0772963450207479,0.0952747151458417,0.41719359914312,-0.26403135534391,0.109438665302415,5,1.66842244644456e-06,0.00316853997769474,0.999123450623938
"Sst-10","ARID1A",-0.161238941335212,0.0826648138376105,0.0511147932764589,-0.323258999245637,0.000781116575213014,5,0,0,0.999123450623938
"Sst-10","WDR17",0.0871274781812277,0.0887352459195316,0.326158331779403,-0.0867904079803589,0.261045364342814,5,0.013660077236324,35.3232341570344,0.999123450623938
"Sst-10","CEP170B",-0.0824469635166741,0.33389787052302,0.804968048574393,-0.736874764256411,0.571980837223062,5,0.412004319661298,75.5052809465461,0.999123450623938
"Sst-10","NF1",-0.0536171779928077,0.0499846277142707,0.283417702189082,-0.151585248093421,0.0443508921078056,5,1.05063490366804e-06,0.00683161849465482,0.999123450623938
"Sst-10","ARPC5",0.154145794249666,0.157194307820896,0.326786720267165,-0.153949387653993,0.462240976153325,5,0,0,0.999123450623938
"Sst-10","SGTA",0.127909889167331,0.241357515976782,0.596139492138051,-0.345142149545212,0.600961927879874,5,0.143198031335395,50.107273686626,0.999123450623938
"Sst-10","LGI1",-0.0404246821639801,0.142460038276412,0.776593117641294,-0.319641226421945,0.238791862093985,5,0.0511726984351184,52.8128926618334,0.999123450623938
"Sst-10","SBDS",0.271858374028479,0.14500703413483,0.0608210153498838,-0.0123501903807579,0.556066938437716,5,0,0,0.999123450623938
"Sst-10","CDK13",-0.0380724609048475,0.058906078959647,0.518069016904301,-0.153526254136228,0.0773813323265332,5,0,0,0.999123450623938
"Sst-10","PHF6",-0.0917474374679079,0.136141657165135,0.500367538005557,-0.358580182307172,0.175085307371357,5,0,0,0.999123450623938
"Sst-10","ANKRD26",0.04647731610604,0.089684241513965,0.604295848529929,-0.129300567242123,0.222255199454203,5,0.0122368367333249,30.6453050745555,0.999123450623938
"Sst-10","ERCC6L2",-0.0900967138637069,0.180902404731615,0.618455536603351,-0.44465891185436,0.264465484126947,5,0.115868651412599,72.8836522701803,0.999123450623938
"Sst-10","GPHN",0.0285153235695265,0.0598717921666249,0.633879832842784,-0.0888312327669256,0.145861879905979,5,0.00359887978422882,19.324065281459,0.999123450623938
"Sst-10","PTMS",-0.145612660466097,0.141659434471601,0.303993788498386,-0.423260050100746,0.132034729168552,5,6.98604847336453e-07,0.000589933311597403,0.999123450623938
"Sst-10","PDE4DIP",-0.0151965656956856,0.0968666592108681,0.875338411853174,-0.205051729051702,0.174658597660331,5,0.0178430288641131,38.8169041988697,0.999123450623938
"Sst-10","GGT7",0.0527759928936594,0.0904285780014967,0.55947550864554,-0.124460763162445,0.230012748949764,5,0,0,0.999123450623938
"Sst-10","ARHGEF10L",-0.121794447642467,0.261691395461167,0.641636081466437,-0.634700157810383,0.39111126252545,5,0.235080711049653,71.4075554817441,0.999123450623938
"Sst-10","SEC14L1",-0.267240395405436,0.128330824746103,0.0373029005134794,-0.518764190014119,-0.0157166007967535,5,0.00232360946669418,2.55278421746281,0.999123450623938
"Sst-10","PHYHIP",-0.126887595856542,0.141687072818411,0.370494138930801,-0.404589155655532,0.150813963942447,5,0,0,0.999123450623938
"Sst-10","RGS9",0.075218913268667,0.231469861068637,0.745209817796523,-0.378453677932351,0.528891504469686,5,0.106411246993235,40.4136855194572,0.999123450623938
"Sst-10","SMAD1",0.118186777235139,0.142852395361685,0.408047247944715,-0.161798772779039,0.398172327249318,5,0.0201571887188797,19.4084267414109,0.999123450623938
"Sst-10","COX5B",0.204547066014438,0.176645091174513,0.246882402075522,-0.141670950733401,0.550765082762277,5,5.12336194871037e-06,0.00313989618658081,0.999123450623938
"Sst-10","ATXN7L3B",0.105789469184617,0.270413273959032,0.695639031766697,-0.424210808716647,0.635789747085882,5,0.261246217480647,74.1864974406603,0.999123450623938
"Sst-10","SLC25A23",0.0144830855349085,0.137166957948994,0.915909820085549,-0.25435921191404,0.283325382983857,5,0,0,0.999123450623938
"Sst-10","GDI1",-0.101652451474699,0.212194578632176,0.631900917913706,-0.517546183308417,0.314241280359019,5,0.151656832939633,68.8162000193581,0.999123450623938
"Sst-10","PICALM",-0.0811714318106831,0.0652488071539573,0.213488757390586,-0.209056743866639,0.0467138802452726,5,6.4856310589917e-07,0.00254632491043856,0.999123450623938
"Sst-10","BEX3",-0.166590907799657,0.199061971527125,0.402660235012786,-0.556745202684359,0.223563387085046,5,0.122470092340261,64.7225016395443,0.999123450623938
"Sst-10","CLK1",0.000289739138629926,0.100386887430645,0.997697128874832,-0.196464944745511,0.197044423022771,5,0,0,0.99951797780414
"Sst-10","ITM2C",-0.129604731055704,0.132855894792923,0.329298099718881,-0.389997499983676,0.130788037872268,5,9.03386271148012e-08,8.97594987686593e-05,0.999123450623938
"Sst-10","ADCK1",-0.0883336007703375,0.164827093070307,0.59201608450998,-0.411388766864571,0.234721565323896,5,1.60168705713694e-06,0.000901900480710214,0.999123450623938
"Sst-10","RILPL1",0.00515900848888108,0.168054404059548,0.975510033145863,-0.324221570911176,0.334539587888938,5,0.0288925526268789,19.2947755882282,0.999123450623938
"Sst-10","EIF2B3",0.11245968281203,0.122091392580773,0.356992656949585,-0.126835049468626,0.351754415092687,5,0.0175203383316586,22.9332271443942,0.999123450623938
"Sst-10","ZNF75A",-0.0599588013908213,0.203220615032181,0.767961101392219,-0.458263887769976,0.338346284988333,5,0.0873717542225692,43.5088305432816,0.999123450623938
"Sst-10","FNBP4",0.022847305429803,0.0980734470581035,0.815791554466501,-0.169373118643775,0.215067729503382,5,0.0140825325449192,29.0943854938208,0.999123450623938
"Sst-10","ZNF721",-0.0685406493789368,0.141546168541567,0.628223910680364,-0.345966041870044,0.20888474311217,5,0.0307559174195123,31.1508636074683,0.999123450623938
"Sst-10","BCKDHB",-0.0115370558464008,0.204148828562323,0.954933166506752,-0.411661407314595,0.388587295621794,5,0.143708436069388,71.2368515506682,0.999123450623938
"Sst-10","CWF19L1",-0.0938372944226205,0.172583765495921,0.586633970227562,-0.432095259110932,0.244420670265691,5,0.0697678063459568,48.5789121425952,0.999123450623938
"Sst-10","CHCHD3",-0.0678115069488015,0.0988209076866404,0.492583169000701,-0.261496926934174,0.125873913036571,5,0.0134321179050062,27.6113257282906,0.999123450623938
"Sst-10","SCARB2",-0.0983107312428956,0.0868421513615299,0.257608215951969,-0.26851822025147,0.0718967577656791,5,0,0,0.999123450623938
"Sst-10","FAM199X",0.184048721345711,0.185168247438968,0.32024525986265,-0.178874374715068,0.54697181740649,5,0.0668422325546155,40.5949672008027,0.999123450623938
"Sst-10","DHCR24",-0.322536994610285,0.172971844886296,0.0622263894546021,-0.661555580926874,0.0164815917063041,5,0,0,0.999123450623938
"Sst-10","RAB8B",0.0931538525538075,0.142361102535099,0.512886949934983,-0.185868781214401,0.372176486322016,5,0.043144548654043,44.4234825131832,0.999123450623938
"Sst-10","RAN",-0.138055045470518,0.184617336760438,0.454586680535572,-0.499898376442679,0.223788285501644,5,0.0292921376682997,16.9486683909284,0.999123450623938
"Sst-10","SNRK",-0.206009936543826,0.202299186584945,0.308515036559858,-0.602509056352066,0.190489183264413,5,0.131554680645039,66.8401403150051,0.999123450623938
"Sst-10","PPARGC1A",-0.265031259956449,0.118388611174043,0.0251783706434716,-0.49706867403729,-0.0329938458756077,5,0,0,0.999123450623938
"Sst-10","DFFB",0.183561649869647,0.214295839904646,0.391676734927025,-0.236450478380221,0.603573778119515,5,0.118020581786624,53.3648867161804,0.999123450623938
"Sst-10","CA5B",-0.158447635448753,0.162537293752072,0.329640303629671,-0.477014877347421,0.160119606449914,5,0.0237910594006377,17.724911510549,0.999123450623938
"Sst-10","TXNRD1",-0.0472508451473809,0.118031975987273,0.68891906374968,-0.278589267106533,0.184087576811771,5,0,0,0.999123450623938
"Sst-10","ZNF335",0.205336238523417,0.16531841562796,0.214212534759907,-0.118681902088608,0.529354379135442,5,0,0,0.999123450623938
"Sst-10","FAM171A1",-0.108804406321559,0.0781553943012617,0.163875530657849,-0.261986164349559,0.0443773517064408,5,0,0,0.999123450623938
"Sst-10","PIGX",0.0577015649538544,0.240107811707681,0.810085885986689,-0.412901098399925,0.528304228307633,5,0.177235846926971,63.8558633073015,0.999123450623938
"Sst-10","PAG1",0.272854960501533,0.2264044560497,0.228139211662108,-0.17088961929526,0.716599540298326,5,0.115567202618269,46.7139656822486,0.999123450623938
"Sst-10","KCTD20",0.018191240952309,0.130655059854671,0.889267574428918,-0.237887970760772,0.27427045266539,5,1.15855105607674e-06,0.00123512966986601,0.999123450623938
"Sst-10","FASN",-0.208173759546038,0.230182683362234,0.365791304244449,-0.659323528800804,0.242976009708728,5,0.0850691614355677,32.310112334606,0.999123450623938
"Sst-10","ZNF84",0.104016932668957,0.103906009639122,0.31679416045165,-0.0996351040009944,0.307668969338909,5,5.83986941158254e-06,0.00935452564049984,0.999123450623938
"Sst-10","TMEM168",0.178320974178023,0.123599497263845,0.149095925799018,-0.0639295889663707,0.420571537322417,5,2.73788456344822e-06,0.00284653259514026,0.999123450623938
"Sst-10","PPP2R2A",-0.148939373840642,0.100541646305749,0.138508017031211,-0.345997379546275,0.0481186318649914,5,7.98563839326106e-07,0.0014630152270892,0.999123450623938
"Sst-10","CDC42BPA",-0.00889237303560167,0.0541962149935905,0.869670227547883,-0.115115002521429,0.0973302564502254,5,1.99886795726045e-06,0.0114402390732434,0.999123450623938
"Sst-10","POLR2A",0.114501595443035,0.206785501774855,0.579769401850939,-0.290790540560723,0.519793731446794,5,0.112212054368454,54.601598087991,0.999123450623938
"Sst-10","ITSN1",-0.0828063954302477,0.0628347380030479,0.187555806150695,-0.205960218894232,0.0403474280337363,5,0,0,0.999123450623938
"Sst-10","SYTL2",0.00350245252950735,0.187543432572488,0.98510003616184,-0.364075920849585,0.3710808259086,5,0.0612968892861972,35.2003800280448,0.999123450623938
"Sst-10","DLGAP2",0.0141272540302142,0.0912690235686296,0.876989277507299,-0.164756745068437,0.193011253128866,5,0.0238708952033554,59.5436485476632,0.999123450623938
"Sst-10","AP3B1",0.0119255249441201,0.164963565542882,0.942369633078068,-0.311397122281242,0.335248172169482,5,0.0624586817859095,46.983652144064,0.999123450623938
"Sst-10","CHD8",-0.157410638475726,0.0982657942195408,0.109180734384126,-0.35000805605825,0.0351867791067985,5,0,0,0.999123450623938
"Sst-10","MZT2A",0.0634535431557561,0.151819123503035,0.675980108349872,-0.234106471074632,0.361013557386144,5,0,0,0.999123450623938
"Sst-10","BRMS1L",0.20632642761412,0.165738719544703,0.213172291390635,-0.118515493537282,0.531168348765522,5,0.044656387238299,32.8027488782835,0.999123450623938
"Sst-10","PTGR1",0.0787740120495833,0.188938435861786,0.676729957963874,-0.291538517534847,0.449086541634014,5,0.0513254485352717,28.558521538826,0.999123450623938
"Sst-10","DYNLL1",-0.0731101663742761,0.232490922465098,0.75316819414214,-0.528784001138362,0.382563668389809,5,0.182978993660973,70.9513798809212,0.999123450623938
"Sst-10","LONP1",-0.0404431289705976,0.222357036476723,0.855673966801988,-0.476254912174034,0.395368654232839,5,0.108026751911797,44.3174826597994,0.999123450623938
"Sst-10","RAB37",0.0173781205388117,0.158229201487837,0.912545164069879,-0.292745415679881,0.327501656757504,5,0.0410805917748646,33.0706574295269,0.999123450623938
"Sst-10","TIAL1",0.0200196095665415,0.0924468624979095,0.828557019279966,-0.161172911413088,0.201212130546171,5,0,0,0.999123450623938
"Sst-10","SLC4A10",0.0191200792129687,0.0921503001029302,0.835628782484906,-0.161491190153332,0.199731348579269,5,0.0255747881676728,63.7004069683004,0.999123450623938
"Sst-10","EIF3M",-0.0774797121182459,0.143656958193058,0.589653386034613,-0.359042176305216,0.204082752068724,5,0.0164786756346871,15.1578951732129,0.999123450623938
"Sst-10","MCRIP1",-0.0988465028269211,0.227563296730701,0.664020310078678,-0.544862368622297,0.347169362968454,5,0.111822811523038,44.3248644558059,0.999123450623938
"Sst-10","CDC73",-0.134410559067223,0.0981813033188356,0.170998145233664,-0.326842377527344,0.0580212593928974,5,0,0,0.999123450623938
"Sst-10","DENND2A",0.208489854896951,0.102630718382248,0.0422086932134755,0.00733734316027176,0.40964236663363,5,0,0,0.999123450623938
"Sst-10","RGS8",0.0134921646376856,0.144674912213599,0.925698204191917,-0.270065452767463,0.297049782042834,5,0,0,0.999123450623938
"Sst-10","FAM78B",0.199237694923246,0.145854054692402,0.171936690471369,-0.086630999272997,0.485106389119489,5,3.95254120830761e-06,0.00324816669570794,0.999123450623938
"Sst-10","TGFBRAP1",-0.0862797276334685,0.22575611493423,0.702327015773932,-0.528753582194245,0.356194126927308,5,0.139787627493281,56.6868707596712,0.999123450623938
"Sst-10","NDUFB1",-0.262946079579041,0.227978650536733,0.248754332345184,-0.70977602387508,0.183883864716998,5,0.127823608573887,50.4866972020622,0.999123450623938
"Sst-10","TAF2",0.0094294350452029,0.124215669274535,0.939489268892436,-0.234028803048424,0.25288767313883,5,0.0266055212643099,35.3895864076742,0.999123450623938
"Sst-10","ADAR",-0.0524681560253954,0.0878382955973002,0.550289306091928,-0.224628051859487,0.119691739808696,5,5.16156953215746e-06,0.0118327756155369,0.999123450623938
"Sst-10","CPSF2",0.133468961546838,0.260716202072674,0.608698615420939,-0.377525404701669,0.644463327795345,5,0.190966744999832,58.7775368580488,0.999123450623938
"Sst-10","RABGAP1",0.0289716310863114,0.0852144493005932,0.733867854641665,-0.138045620505266,0.195988882677888,5,0.0129867575150838,36.5889764892216,0.999123450623938
"Sst-10","NAGK",0.133494670148692,0.129105505225642,0.301137692228778,-0.119547470299414,0.386536810596798,5,1.23570417632669e-08,1.32135267803086e-05,0.999123450623938
"Sst-10","KCNF1",-0.0954350282460711,0.176132323000723,0.587930726613838,-0.440648037840865,0.249777981348723,5,3.99489563019948e-07,0.000246793701385344,0.999123450623938
"Sst-10","ITPR2",-0.329769300600095,0.217876501291487,0.13013730575294,-0.756799396209003,0.097260795008814,5,0,0,0.999123450623938
"Sst-10","PURA",0.0335417429507361,0.0858377188273123,0.69597640153438,-0.134697094465872,0.201780580367344,5,0.00208622747683843,5.25678691042254,0.999123450623938
"Sst-10","MPC1",0.130913151161097,0.14181492955674,0.3559411700632,-0.147039003240199,0.408865305562393,5,0.0163815496969569,15.6873514034895,0.999123450623938
"Sst-10","PFKP",-0.0380029030798497,0.127601342512856,0.76583653382221,-0.288096938784007,0.212091132624308,5,0,0,0.999123450623938
"Sst-10","HDX",0.00548582056239199,0.173276962473823,0.974743783682326,-0.334130785236799,0.345102426361583,5,0.0881858492465891,60.3877053453455,0.999123450623938
"Sst-10","RPL4",0.175078445035833,0.153638988807468,0.254476172093653,-0.126048439647957,0.476205329719623,5,0,0,0.999123450623938
"Sst-10","PSTK",0.139428673856005,0.197853196446767,0.480992149526818,-0.248356465405786,0.527213813117796,5,0.0846932635165135,44.8220064107711,0.999123450623938
"Sst-10","PLEKHM3",0.0353266151979934,0.0779590073189327,0.650445434340222,-0.117470231417609,0.188123461813596,5,0,0,0.999123450623938
"Sst-10","SNRPN",0.000497419368713494,0.0698401688256022,0.994317312145368,-0.136386796203664,0.137381634941091,5,0.00207614670337075,8.20112309663775,0.99951797780414
"Sst-10","CRMP1",-0.123343383698318,0.0907544070016467,0.17411815263385,-0.301218752859835,0.0545319854631991,5,0.00450564538744524,9.70381218229674,0.999123450623938
"Sst-10","AOAH",0.110407150996845,0.262672786607822,0.67425024048861,-0.404422050473262,0.625236352466951,5,0.214305741275841,63.2466235843721,0.999123450623938
"Sst-10","PTPDC1",-0.057686266734713,0.24074603896212,0.810629042380482,-0.529539832521146,0.41416729905172,5,0.127149976594756,45.8858872889886,0.999123450623938
"Sst-10","PTPN2",-0.212846161994487,0.110584052486523,0.054261199997811,-0.429586922132558,0.00389459814358442,5,0,0,0.999123450623938
"Sst-10","HUWE1",0.0327246886867218,0.0769366515490882,0.670584543576787,-0.118068377440599,0.183517754814042,5,9.16270320664935e-07,0.00271562075518506,0.999123450623938
"Sst-10","ANLN",0.0200073405488421,0.223931697857547,0.928807153733421,-0.418890722248856,0.45890540334654,5,0.0643423345059327,25.4379072257499,0.999123450623938
"Sst-10","FTCDNL1",-0.098352140307076,0.220959481203533,0.65623743149121,-0.531424765508655,0.334720484894503,5,0.085448274091889,35.6505245808051,0.999123450623938
"Sst-10","RPS25",0.376070707503629,0.174093165958827,0.0307595680185607,0.0348543722697733,0.717287042737485,5,0,0,0.999123450623938
"Sst-10","GPLD1",0.0488236988620925,0.157329965212161,0.756312480968049,-0.259537366642684,0.357184764366869,5,0.0493451859109921,40.9742843675884,0.999123450623938
"Sst-10","UTP6",-0.153828779057012,0.168417452894251,0.361043825854948,-0.483920921097715,0.17626336298369,5,0.0468494190632709,33.4391226419567,0.999123450623938
"Sst-10","NIPSNAP1",0.0393520535381086,0.297336425319828,0.894708584371774,-0.543416631380638,0.622120738456855,5,0.274477623693805,64.2599296064887,0.999123450623938
"Sst-10","EPM2AIP1",-0.000399100394805007,0.169326457952297,0.998119397569423,-0.332272859611042,0.331474658821432,5,0.0874544848818698,63.894904616969,0.99951797780414
"Sst-10","PPIG",-0.0182120602667502,0.0738433786068375,0.805193874301223,-0.162942422832907,0.126518302299407,5,3.04723267143792e-06,0.00903666574996822,0.999123450623938
"Sst-10","RPL23",-0.232565320224726,0.243061407920896,0.338659561433518,-0.70895692578128,0.243826285331829,5,0.161565421165789,56.686500639613,0.999123450623938
"Sst-10","HACD2",-0.0891675310466655,0.150881215039698,0.554534929270751,-0.384889278468117,0.206554216374786,5,0.0416525567712464,37.3734344666112,0.999123450623938
"Sst-10","PTS",-0.0679816117923897,0.304958982331566,0.823597373536528,-0.665690233924246,0.529727010339466,5,0.348886243697481,77.4975087882626,0.999123450623938
"Sst-10","PTPN11",-0.0608479086547209,0.124965060828371,0.626315471731806,-0.305774927204186,0.184079109894744,5,0.0308714949875061,40.3399632667108,0.999123450623938
"Sst-10","SGCD",0.238814581306699,0.181801176848602,0.188979820122593,-0.117509177663559,0.595138340276957,5,0.12245802045432,75.3607328908767,0.999123450623938
"Sst-10","BEX4",-0.234507319503553,0.229942976548181,0.307799657610697,-0.685187272035927,0.21617263302882,5,0.182465602969251,70.3861296712923,0.999123450623938
"Sst-10","ZC3H18",-0.205077843344383,0.196798837717843,0.297379983483689,-0.590796477470699,0.180640790781932,5,0.0686020836285331,35.8879912937124,0.999123450623938
"Sst-10","TRUB1",-0.0245807832478371,0.148454270486479,0.868488944846615,-0.315545806752503,0.266384240256829,5,4.0217677977367e-06,0.00318519151360226,0.999123450623938
"Sst-10","ZC3H6",-0.0539182401938524,0.250690819046448,0.829706007720583,-0.545263216779739,0.437426736392034,5,0.249403298334446,84.9852776879891,0.999123450623938
"Sst-10","SV2A",0.043820393000637,0.0957633426800217,0.647246691396537,-0.143872309691373,0.231513095692647,5,0.00883579582395096,18.9208257839253,0.999123450623938
"Sst-10","LINC01322",0.162320445479404,0.159506553815536,0.308848486408741,-0.150306655297147,0.474947546255954,5,0.0961774593600779,79.8952390648378,0.999123450623938
"Sst-10","ARID1B",-0.0357554773909998,0.0684749320061649,0.601552763345222,-0.169963877966912,0.0984529231849125,5,0.0079263811206481,34.1922962379491,0.999123450623938
"Sst-10","SGMS1",0.0568812484909358,0.104966701376035,0.587888755274944,-0.148849705782063,0.262612202763935,5,0.0104837734284707,18.8079374247014,0.999123450623938
"Sst-10","LASP1",-0.310092527264855,0.130153387523794,0.0171947850930811,-0.565188479277376,-0.0549965752523352,5,0,0,0.927270108737848
"Sst-10","EFCAB6",0.159133543722078,0.145989136078946,0.275696894721294,-0.126999905126774,0.445266992570929,5,0.0455739625149658,44.3906733767782,0.999123450623938
"Sst-10","SYT5",0.0202145488882996,0.164768857538392,0.90235711143281,-0.302726477660759,0.343155575437359,5,0,0,0.999123450623938
"Sst-10","MCFD2",0.115733956320709,0.17861529447887,0.517016651702585,-0.234345587945892,0.46581350058731,5,0.0653644697727042,42.0928147229487,0.999123450623938
"Sst-10","PVT1",0.0508204622340429,0.156446073918686,0.745299655473408,-0.255808208169273,0.357449132637359,5,1.11791370485969e-07,8.60475560458386e-05,0.999123450623938
"Sst-10","EPN1",0.234026193996867,0.269915064694274,0.385922049682322,-0.294997611688709,0.763049999682443,5,0.199248152268057,55.4847761607945,0.999123450623938
"Sst-10","IDH3A",-0.0574773725259458,0.1272166550791,0.651408042047761,-0.306817434714636,0.191862689662744,5,0,0,0.999123450623938
"Sst-10","PDCD7",0.0112525418351202,0.167465691886254,0.946427964548845,-0.316974182908018,0.339479266578259,5,0.0770394725352554,58.8257475081489,0.999123450623938
"Sst-10","PSAP",-0.0910044890385426,0.113651041601198,0.423284452984579,-0.313756437382355,0.13174745930527,5,0.0307519031322167,48.7880552848679,0.999123450623938
"Sst-10","RNF24",-0.0718280121942275,0.0736494339900793,0.329426827520244,-0.216178250296543,0.072522225908088,5,0,0,0.999123450623938
"Sst-10","MED12L",-0.184778714435058,0.165728229345196,0.26487178364975,-0.509600075173237,0.140042646303121,5,0.0688361797781031,51.878793734564,0.999123450623938
"Sst-10","NR2F1",-0.0710872434659328,0.109619391120679,0.516667106197767,-0.285937302069673,0.143762815137807,5,0,0,0.999123450623938
"Sst-10","B2M",-0.150229848717886,0.266278390706398,0.572629321595149,-0.672125904363711,0.37166620692794,5,0.183576932766943,53.1918968472782,0.999123450623938
"Sst-10","DAZAP2",-0.229088102431893,0.148808408912095,0.123686282915113,-0.520747224496308,0.0625710196325226,5,0,0,0.999123450623938
"Sst-10","SLC9A8",0.0166616259283469,0.230326197166243,0.942331924093575,-0.43476942521356,0.468092677070254,5,0.140105054514646,55.6111301166004,0.999123450623938
"Sst-10","APLP1",0.0388433024472488,0.176602315226799,0.825911756923897,-0.307290874983667,0.384977479878165,5,0.0686675206889519,45.828706240709,0.999123450623938
"Sst-10","KCNIP4",-0.0952238375359447,0.101938486480398,0.35023664044851,-0.295019599676048,0.104571924604158,5,0.029653421620482,58.0645315899808,0.999123450623938
"Sst-10","RASSF5",0.0213231248298333,0.175179110878469,0.903119310949576,-0.322021623335715,0.364667872995382,5,0.0390815150470552,25.314460906029,0.999123450623938
"Sst-10","ELAVL2",-0.112688047949826,0.0807543779979864,0.162882603894271,-0.270963720419813,0.0455876245201612,5,0.0107067109971644,33.1788402440297,0.999123450623938
"Sst-10","PELI2",0.0709294921016841,0.2941357803245,0.809442422210634,-0.50556604389892,0.647425028102288,5,0.223250038344017,53.5510178806837,0.999123450623938
"Sst-10","ABCA3",-0.074078452985312,0.10024909367982,0.459941083332565,-0.27056306608054,0.122406160109916,5,2.68564202327256e-06,0.00476100326245998,0.999123450623938
"Sst-10","ATR",-0.117530455661169,0.159739895059151,0.461875889868032,-0.430614896871313,0.195553985548976,5,0.0713839400136326,60.7567993384131,0.999123450623938
"Sst-10","CMTR1",0.393777842536382,0.216850005072808,0.0693857711117101,-0.0312403574536498,0.818796042526413,5,0.110442156579591,49.0716745077946,0.999123450623938
"Sst-10","RAB30",0.110212991186889,0.117039474473338,0.346359740620309,-0.119180163550349,0.339606145924127,5,0,0,0.999123450623938
"Sst-10","SEC23IP",-0.172299318335487,0.125281710812348,0.169039986561475,-0.417846959449251,0.0732483227782764,5,0.00728581940724018,7.53462245394739,0.999123450623938
"Sst-10","ENAH",-0.126520883928496,0.076608083693154,0.0986295068109479,-0.276669968891708,0.0236282010347162,5,0,0,0.999123450623938
"Sst-10","TRIM66",-0.226014922370505,0.116458375046928,0.0522903475949576,-0.454269143160543,0.00223929841953202,5,0,0,0.999123450623938
"Sst-10","SPTLC2",0.216178755550665,0.113740585066755,0.0573505077444774,-0.00674869476068937,0.439106205862019,5,0,0,0.999123450623938
"Sst-10","FAM76A",0.0369073345348827,0.180970742073002,0.838399689481938,-0.317788802183688,0.391603471253454,5,0.0425680042458136,25.6370197545018,0.999123450623938
"Sst-10","UBR3",0.00198479226348952,0.051583374107466,0.969307079002776,-0.0991167631881997,0.103086347715179,5,1.97043081651437e-06,0.0124348188739839,0.999123450623938
"Sst-10","KLHDC4",-0.122828294331618,0.214504331004668,0.566905726851139,-0.543249057628625,0.297592468965389,5,0.106532475367333,48.3821838346447,0.999123450623938
"Sst-10","RAP1B",-0.148410504560359,0.0950192712438209,0.118311784547188,-0.33464485403549,0.0378238449147726,5,0,0,0.999123450623938
"Sst-10","MIPEP",-0.132492253699186,0.116771784370487,0.256532230167118,-0.361360745475817,0.0963762380774446,5,0,0,0.999123450623938
"Sst-10","GLUD1",-0.201833728776968,0.105175224740039,0.0549813587906231,-0.407973381333349,0.00430592377941375,5,0,0,0.999123450623938
"Sst-10","WSB2",0.108331471546209,0.184724289346083,0.557573472260738,-0.253721482641869,0.470384425734288,5,0.0900531270393271,54.3895020965763,0.999123450623938
"Sst-10","NOC3L",-0.0879161479008584,0.168838505363014,0.602567776395224,-0.418833537615939,0.243001241814223,5,0,0,0.999123450623938
"Sst-10","NCL",0.188398419128579,0.127058834692188,0.138136803518731,-0.0606323207857378,0.437429159042896,5,0,0,0.999123450623938
"Sst-10","MAN1B1",-0.312606218410637,0.299728188609781,0.296964181428074,-0.900062673237236,0.274850236415962,5,0.293645002905028,68.1328713433825,0.999123450623938
"Sst-10","TRPC4",-0.203445517049074,0.331586291496272,0.539511241767944,-0.853342706148966,0.446451672050819,5,0.403210795673274,75.3738094551471,0.999123450623938
"Sst-10","MIB1",-0.0275935523378604,0.0932364460907715,0.767266413830054,-0.210333628722283,0.155146524046562,5,2.64243855530132e-06,0.00573670119001525,0.999123450623938
"Sst-10","TLL2",0.0523709000661453,0.208511240490256,0.801685896869204,-0.356303621666526,0.461045421798817,5,0.126598459252954,60.700358848534,0.999123450623938
"Sst-10","CCDC85B",-0.178284636323517,0.242160503994669,0.461593731912277,-0.652910502631137,0.296341229984103,5,0.139569139162859,48.9783089511691,0.999123450623938
"Sst-10","KANTR",-0.0607586309551317,0.126986423840958,0.63231887804228,-0.309647448208947,0.188130186298684,5,0.0360938671579076,46.6784775544855,0.999123450623938
"Sst-10","CISD1",0.00823458516715953,0.122188802175176,0.946269394049802,-0.231251066410275,0.247720236744594,5,1.09071234249581e-06,0.00133902108816309,0.999123450623938
"Sst-10","KBTBD6",-0.218896023264706,0.156796509512286,0.162698947035272,-0.526211534810379,0.0884194882809676,5,0,0,0.999123450623938
"Sst-10","PIGK",-0.0119866142699172,0.119279783053131,0.919954064466214,-0.245770693137805,0.221797464597971,5,0,0,0.999123450623938
"Sst-10","PRR12",-0.0293858762803864,0.241463229614248,0.903137265182024,-0.502645109915039,0.443873357354266,5,0.164395887582372,58.3339511665963,0.999123450623938
"Sst-10","PCGF5",-0.163014093288557,0.110603525388338,0.14051933489945,-0.379793019612861,0.0537648330357469,5,0.0317413120470053,53.3278906108844,0.999123450623938
"Sst-10","SRPRA",-0.108056973280811,0.169262612179248,0.523214401105815,-0.439805597081309,0.223691650519686,5,3.57669818061014e-07,0.000237111584661659,0.999123450623938
"Sst-10","FAF1",-0.0325060333047186,0.063505221245783,0.608746230908644,-0.156973979776701,0.0919619131672639,5,0.00357442125023569,17.0322761715417,0.999123450623938
"Sst-10","WRNIP1",0.242886873492333,0.152161734987578,0.110434889243508,-0.0553446469084483,0.541118393893114,5,0.0161953579988378,13.1918277734019,0.999123450623938
"Sst-10","PLEKHA3",-0.02431273819475,0.12763481932114,0.848927747934289,-0.274472387237462,0.225846910847962,5,0.00466614796246492,5.07258695419479,0.999123450623938
"Sst-10","PRTFDC1",0.304815925531608,0.118310815546395,0.00998352243496035,0.072930988079112,0.536700862984105,5,9.21412592042717e-07,0.00112163312874326,0.801703123954776
"Sst-10","XPA",0.0812578866213251,0.111303702131265,0.465356223798021,-0.136893360901928,0.299409134144578,5,9.45236652341202e-09,1.33321516320416e-05,0.999123450623938
"Sst-10","ME2",-0.0239134375669702,0.100968532640277,0.812780532242246,-0.221808125113771,0.17398124997983,5,0,0,0.999123450623938
"Sst-10","PNPLA6",-0.0729649938974085,0.145398433136552,0.615788568636254,-0.357940686253606,0.212010698458789,5,0,0,0.999123450623938
"Sst-10","U2SURP",-0.144125459223717,0.111016398885204,0.194206332690152,-0.36171360273205,0.0734626842846151,5,0.0285476050843736,48.4876964915564,0.999123450623938
"Sst-10","FAM120C",0.390552037562908,0.117640257729353,0.000900547817532246,0.159981369281366,0.62112270584445,5,0,0,0.355148836383153
"Sst-10","TMEM116",-0.0451747536803976,0.145802482168301,0.756686217187228,-0.330942367586811,0.240592860226016,5,0,0,0.999123450623938
"Sst-10","CRHBP",-0.0541475512594786,0.178115297080606,0.761125748451066,-0.403247118633118,0.294952016114161,5,0,0,0.999123450623938
"Sst-10","RIC3",0.0892754867561021,0.137423842067491,0.515927318337741,-0.1800702943133,0.358621267825504,5,0.0425418411463249,46.9890816528493,0.999123450623938
"Sst-10","USP28",-0.0826993094854269,0.154470839509633,0.592392884235919,-0.385456591585974,0.22005797261512,5,0.0320257671609912,26.7181289750757,0.999123450623938
"Sst-10","HCFC2",0.0847370707237562,0.113377915631268,0.454830573108155,-0.13747956055575,0.306953702003263,5,0,0,0.999123450623938
"Sst-10","ALDH7A1",-0.164658256492693,0.304755457113077,0.588992685628205,-0.761967976526365,0.432651463540979,5,0.2986152884705,68.1379481846178,0.999123450623938
"Sst-10","MRS2",0.119501225143154,0.153292181499606,0.43564694219404,-0.180945929707651,0.41994837999396,5,0.0448918292390539,40.2324266900677,0.999123450623938
"Sst-10","IGFL4",0.0148488128693434,0.18485431198191,0.935977096281652,-0.347458981002132,0.377156606740819,5,0.0654673386289365,38.9945791919335,0.999123450623938
"Sst-10","CUL9",-0.0764593455899786,0.222235249350089,0.730811025692444,-0.512032430411432,0.359113739231474,5,0.119439240584876,49.8089267399308,0.999123450623938
"Sst-10","PRPF40B",0.0724238584827111,0.0959060890896493,0.450156637611704,-0.115548622031091,0.260396338996514,5,0,0,0.999123450623938
"Sst-10","SCP2",0.0717155269904588,0.126495029405944,0.57075261012108,-0.176210174868527,0.319641228849444,5,0.0203948507755226,25.5248532814898,0.999123450623938
"Sst-10","GSK3B",-0.0434080895673289,0.0607266743209431,0.474725890397277,-0.162430184137271,0.0756140050026128,5,0,0,0.999123450623938
"Sst-10","ERC2",-0.136039749572894,0.0678652723388048,0.0450105176098691,-0.269053239157954,-0.0030262599878344,5,0,0,0.999123450623938
"Sst-10","FDPS",0.0630123758809886,0.193309504640003,0.744449884173012,-0.315867291082696,0.441892042844673,5,0.0798031306530654,44.2021971317659,0.999123450623938
"Sst-10","BTAF1",-0.0879074226234306,0.113594628091819,0.439007943866279,-0.310548802520618,0.134733957273756,5,0.0233661820167548,37.100519235239,0.999123450623938
"Sst-10","PFDN4",0.190858759728414,0.1656916834995,0.249365865208117,-0.133890972468415,0.515608491925243,5,1.90652147381495e-06,0.00131886942569176,0.999123450623938
"Sst-10","UPP1",0.14165046965739,0.143011417967374,0.321937782305614,-0.138646758936668,0.421947698251448,5,0.0184431338852163,15.9525825025757,0.999123450623938
"Sst-10","CTNNBL1",-0.0326286391145902,0.0925075760889533,0.724303495433969,-0.213940156546037,0.148682878316857,5,0,0,0.999123450623938
"Sst-10","COQ9",-0.234559848073907,0.16336225330383,0.151051724707712,-0.554743980982722,0.0856242848349081,5,0,0,0.999123450623938
"Sst-10","ARSG",0.0989582976579116,0.30163053513371,0.742852800597522,-0.492226687841703,0.690143283157526,5,0.320565455981366,73.1042666491785,0.999123450623938
"Sst-10","RSAD1",0.24150178545734,0.201050236865142,0.22967316466803,-0.152549437881586,0.635553008796266,5,0.0477368753364819,23.4444810489184,0.999123450623938
"Sst-10","XPO5",-0.0947249332741804,0.122452469879206,0.43918813238576,-0.3347273640554,0.14527749750704,5,5.45107865692028e-07,0.000588522393143049,0.999123450623938
"Sst-10","POLK",0.0228663606657987,0.112468259186679,0.838889689950295,-0.197567376744007,0.243300098075605,5,0.0165312288387552,25.5032048546618,0.999123450623938
"Sst-10","DPH6",0.152502394915129,0.219270262530532,0.486742218827621,-0.277259422525357,0.582264212355615,5,0.157095861737191,68.1042663710526,0.999123450623938
"Sst-10","DYNLT1",-0.198038821023896,0.174521328459011,0.256478295563364,-0.540094339337644,0.144016697289851,5,0,0,0.999123450623938
"Sst-10","DEPTOR",-0.0689444632907992,0.100948970253205,0.494629899109566,-0.266800809263486,0.128911882681888,5,0,0,0.999123450623938
"Sst-10","KCNQ5",0.0540589265040934,0.055668366509457,0.331504067096853,-0.055049066932618,0.163166919940805,5,5.25045747651393e-06,0.0261999424912237,0.999123450623938
"Sst-10","ARHGAP12",0.0882783837763494,0.141030111142129,0.531345013293928,-0.188135554797905,0.364692322350604,5,0.0369516745419171,37.7741126486053,0.999123450623938
"Sst-10","TBC1D32",-0.076776712698477,0.0845477749508337,0.363832399560818,-0.242487306575109,0.0889338811781547,5,0,0,0.999123450623938
"Sst-10","RSRC2",0.112087762955392,0.0990344942749012,0.257716309841337,-0.0820162790505528,0.306191804961336,5,6.79050181810269e-06,0.011897196625714,0.999123450623938
"Sst-10","GPR176",0.00720770954691804,0.120306733162997,0.952226433788935,-0.228589154550226,0.243004573644062,5,0.000414543844092616,0.523743517659126,0.999123450623938
"Sst-10","EXOC3",-0.202995201255933,0.163238416093723,0.213665072518996,-0.522936617692994,0.116946215181127,5,0.0173674829048051,12.3266031536066,0.999123450623938
"Sst-10","MT-CO1",0.013519490273904,0.23606789184573,0.954330515458974,-0.449165075650023,0.476204056197831,5,0.191609993502027,72.1214711536391,0.999123450623938
"Sst-10","EIF4E",-0.271074880261448,0.113593988211087,0.0170166019659122,-0.493715006015445,-0.0484347545074504,5,0,0,0.927252873196088
"Sst-10","SERPINB9",0.0817166371784305,0.18648273573421,0.661241688031073,-0.283782808599121,0.447216082955982,5,4.89556443292578e-07,0.000272579397311612,0.999123450623938
"Sst-10","SIN3A",-0.0976904139806235,0.138881070232004,0.481799915832158,-0.369892309769728,0.174511481808482,5,0,0,0.999123450623938
"Sst-10","OSBPL8",0.0200872984669391,0.0896322950433951,0.822673405816509,-0.155588771669783,0.195763368603662,5,0.0200080113239823,52.5697945741468,0.999123450623938
"Sst-10","VSTM2A",0.0240290757407994,0.0914389566873531,0.792713857124298,-0.155187986150331,0.203246137631929,5,5.62589941503003e-07,0.00129858459283275,0.999123450623938
"Sst-10","SGPP1",-0.202280914918712,0.109830964554702,0.065512078636115,-0.417545649833223,0.012983819995799,5,0,0,0.999123450623938
"Sst-10","HGF",-0.182219674302619,0.206828229953642,0.378307342716213,-0.587595555997925,0.223156207392688,5,0.0164194878959925,7.5583863907794,0.999123450623938
"Sst-10","CAB39",-0.0518344257208636,0.0855518109427488,0.544592155104974,-0.219512893980831,0.115844042539104,5,0,0,0.999123450623938
"Sst-10","MID1",0.106402173297029,0.19356822913915,0.582533245163331,-0.272984584366902,0.485788930960959,5,0.0990110862591237,53.672521581533,0.999123450623938
"Sst-10","MPP7",0.00647802619804698,0.166738491186097,0.969008853080879,-0.320323411363252,0.333279463759346,5,0,0,0.999123450623938
"Sst-10","RCHY1",-0.0825022815179868,0.10910699152134,0.449553608131379,-0.29634805536133,0.131343492325356,5,1.93302531902789e-06,0.00287723062645192,0.999123450623938
"Sst-10","KMT2A",-0.00469323984459423,0.141924426912316,0.973619895312707,-0.282860005119221,0.273473525430032,5,0.0765177982378769,78.1066186689614,0.999123450623938
"Sst-10","INTS2",-0.0584885928804087,0.273835976392436,0.830866893182242,-0.595197244280945,0.478220058520127,5,0.292173768956601,80.5034230936219,0.999123450623938
"Sst-10","SLC35B3",0.0955085425185786,0.285260453431453,0.737767120435711,-0.463591672420634,0.654608757457791,5,0.24159340588663,61.8389749392137,0.999123450623938
"Sst-10","TEF",-0.22533421001108,0.176621651318421,0.202025612465864,-0.571506285485177,0.120837865463017,5,0.0505159553105145,32.5472378052457,0.999123450623938
"Sst-10","FAM162A",-0.051715518241427,0.127214900938194,0.684359890834354,-0.301052142377118,0.197621105894264,5,6.63996083541784e-07,0.000770856229663663,0.999123450623938
"Sst-10","ASCC1",0.0697685362071264,0.139559222267418,0.617130955880276,-0.203762513147432,0.343299585561685,5,0.0218534109633633,22.1825530159447,0.999123450623938
"Sst-10","CACNB1",0.106677637925087,0.181482489223345,0.556658292593354,-0.249021504777347,0.462376780627521,5,0.0559253852428486,34.4157006295568,0.999123450623938
"Sst-10","CCDC25",0.0338428153141979,0.190561043651696,0.8590405290726,-0.339649967099491,0.407335597727887,5,0.0855592171188209,48.3057366007991,0.999123450623938
"Sst-10","GUF1",0.0203854779288283,0.135235537174853,0.880180392151374,-0.244671304363811,0.285442260221468,5,0,0,0.999123450623938
"Sst-10","DOCK2",-0.0662096135757569,0.140948690931645,0.638538882502711,-0.342463971469849,0.210044744318335,5,2.56077266264382e-06,0.00203459319557231,0.999123450623938
"Sst-10","SLMAP",-0.0607823803984475,0.103487038991979,0.556973416258814,-0.263613249689418,0.142048488892523,5,0.0193867661043273,36.9764559249127,0.999123450623938
"Sst-10","APPL1",-0.0724599164433575,0.0934328791388137,0.438027078482458,-0.255584994527316,0.110665161640601,5,4.98666309304842e-06,0.00986720411227182,0.999123450623938
"Sst-10","HERC4",0.0118674501455404,0.068698584838221,0.862850576378054,-0.122779301926242,0.146514202217323,5,1.96991192122585e-06,0.00720559984859353,0.999123450623938
"Sst-10","CHST12",-0.177271770969173,0.133787616140228,0.185163268914853,-0.439490680181491,0.0849471382431436,5,5.87326465712683e-07,0.000510959955952098,0.999123450623938
"Sst-10","ANKRA2",0.020874309429146,0.229316893642489,0.927470165100213,-0.428578543156735,0.470327162015027,5,0.105648959959262,40.9361668609024,0.999123450623938
"Sst-10","SGCE",-0.124861609899304,0.0853665922009516,0.143562648860049,-0.292177056096087,0.0424538362974788,5,0,0,0.999123450623938
"Sst-10","SLC6A15",0.0753741956706398,0.160792795580881,0.639236904902776,-0.239773892641398,0.390522283982677,5,0.0597307013983897,48.5803827316596,0.999123450623938
"Sst-10","ZNF793",-0.118232631972457,0.135599578323419,0.383249416356472,-0.384002921805176,0.147537657860263,5,0,0,0.999123450623938
"Sst-10","RCOR3",-0.155655504460148,0.12797169027727,0.223860135129424,-0.406475408444312,0.0951643995240166,5,0.0400986370449006,51.1982355780494,0.999123450623938
"Sst-10","BEND7",-0.0866329567226475,0.13916667897393,0.533605118382795,-0.359394635359599,0.186128721914304,5,7.29352041339629e-07,0.000659526948858537,0.999123450623938
"Sst-10","DPP10",0.0859517415759458,0.0914181070584516,0.34711252849059,-0.0932244557934462,0.265127938945338,5,0.0047751699992274,11.2333576752377,0.999123450623938
"Sst-10","EIF4G1",-0.0873608959761469,0.155774013146579,0.574921503142884,-0.39267235147071,0.217950559518416,5,0,0,0.999123450623938
"Sst-10","ZFP90",0.0525450948294216,0.10654393654085,0.621887024861839,-0.156277183561766,0.261367373220609,5,0.00986495052141863,16.8575666044441,0.999123450623938
"Sst-10","CELF3",-0.0280565507754151,0.231290017698457,0.903449750304355,-0.481376655448022,0.425263553897192,5,0.157586042295244,60.3180335336223,0.999123450623938
"Sst-10","ZNF682",0.135231532213221,0.165602379099337,0.414154882264629,-0.189343166575629,0.45980623100207,5,0,0,0.999123450623938
"Sst-10","ING5",0.037523136925392,0.158171949228622,0.812478337324864,-0.272488186927204,0.347534460777988,5,0.0529985285710953,44.7641670181591,0.999123450623938
"Sst-10","SKA2",-0.0505282536525294,0.270010180134896,0.851555081287736,-0.579738482176098,0.47868197487104,5,0.25568591840057,73.4241758028871,0.999123450623938
"Sst-10","SSR2",-0.199885169889401,0.16673424280961,0.230596019839138,-0.526678280785793,0.12690794100699,5,1.59976628974982e-06,0.00104982381450969,0.999123450623938
"Sst-10","HNRNPH3",0.0717874404599437,0.0995846773300996,0.470990527155009,-0.123394940519094,0.266969821438981,5,0,0,0.999123450623938
"Sst-10","ARHGEF4",-0.077315958735513,0.0836273694010327,0.355210769857964,-0.241222590883364,0.0865906734123379,5,0.00354311962336234,9.82422566797055,0.999123450623938
"Sst-10","DCAF17",0.0561301272900648,0.145845883083516,0.70034174878456,-0.229722550847065,0.341982805427195,5,7.38709811172003e-06,0.00591009660284736,0.999123450623938
"Sst-10","ATAT1",-0.0659941236268951,0.330384066713992,0.841676329170819,-0.713534995452198,0.581546748198407,5,0.389583944388332,73.7216598449285,0.999123450623938
"Sst-10","SLC39A6",-0.213435553055443,0.132940474130503,0.108384438695417,-0.473994094438908,0.0471229883280226,5,0,0,0.999123450623938
"Sst-10","DSE",0.0507400638129099,0.142472921998373,0.721736998075228,-0.228501732076086,0.329981859701906,5,0.0409615873713053,41.4311944332502,0.999123450623938
"Sst-10","COX6C",0.00977911105573146,0.106577174210557,0.926891785210811,-0.199108311971011,0.218666534082474,5,7.76129791147787e-07,0.00112878558444377,0.999123450623938
"Sst-10","FBXL2",-0.0918631937073624,0.131638393425399,0.485274137973258,-0.349869703803858,0.166143316389133,5,0.0435183273584359,52.141423502492,0.999123450623938
"Sst-10","CPNE4",-0.122801171144811,0.124659496537033,0.324578494985904,-0.367129294688291,0.121526952398669,5,0.0241525338401188,31.3218220536519,0.999123450623938
"Sst-10","TOP2B",-0.0508572323331028,0.0736267161583928,0.489726263216525,-0.195162944303506,0.0934484796373004,5,4.69119100352619e-06,0.0147055956195776,0.999123450623938
"Sst-10","PRRC2A",0.025812695199291,0.131236003282006,0.844070817598912,-0.231405144708421,0.283030535107003,5,7.84213421720129e-07,0.000781853018543575,0.999123450623938
"Sst-10","AMOTL1",-0.143932162851237,0.103706284660628,0.165172753431218,-0.347192745756527,0.0593284200540516,5,5.2589677474155e-08,8.18286433466847e-05,0.999123450623938
"Sst-10","ARF4",0.0984526057023979,0.135590433474116,0.467775697037606,-0.167299760555043,0.364204971959839,5,0,0,0.999123450623938
"Sst-10","ZC3H12C",0.0354238997938872,0.156394447536984,0.820809787402539,-0.271103584760639,0.341951384348414,5,0.0504738020934689,42.3126550429148,0.999123450623938
"Sst-10","RFXAP",-0.0238994987441658,0.119956723434524,0.842079437616011,-0.259010356379265,0.211211358890934,5,0,0,0.999123450623938
"Sst-10","PIN4",0.154077886042684,0.148537691291642,0.299596884858854,-0.137050639235662,0.445206411321031,5,0,0,0.999123450623938
"Sst-10","HNMT",-0.0293700988897046,0.153798552199698,0.848553226516226,-0.330809722075516,0.272069524296107,5,5.3158455001786e-07,0.000400260659008259,0.999123450623938
"Sst-10","BAHCC1",-0.183347193077495,0.175887631174746,0.297221190945286,-0.528080615506062,0.161386229351072,5,0.0588869348915149,38.8638118562932,0.999123450623938
"Sst-10","PCMTD1",-0.0250863447832603,0.0748585655243133,0.737537163171975,-0.171806437145246,0.121633747578726,5,2.42444435837739e-06,0.0078475004058579,0.999123450623938
"Sst-10","LTA4H",0.0739129517084322,0.161529812768776,0.647253592282276,-0.242679663747867,0.390505567164731,5,0,0,0.999123450623938
"Sst-10","KHDRBS2",0.00448200879177229,0.0810734404195265,0.955912752111379,-0.154419014533254,0.163383032116798,5,0.0109944326359681,34.004027892224,0.999123450623938
"Sst-10","SUZ12",-0.000231897956654953,0.0964553392691369,0.998081727538881,-0.189280889040755,0.188817093127445,5,0,0,0.99951797780414
"Sst-10","LRPPRC",0.0452158043018678,0.0771537167851824,0.557843059709308,-0.106002701870493,0.196434310474229,5,1.56939172311504e-06,0.00463162303340111,0.999123450623938
"Sst-10","FGFR1",0.0533367250437557,0.192936577249917,0.782204813287107,-0.324812017666511,0.431485467754023,5,0,0,0.999123450623938
"Sst-10","AKAP11",-0.00493091218831791,0.0838645545128161,0.95311448202637,-0.169302418612934,0.159440594236298,5,0.0016189767260901,4.25385419436773,0.999123450623938
"Sst-10","LMBR1L",0.0150121231132506,0.146786835247539,0.918541104498581,-0.272684787376541,0.302709033603042,5,0,0,0.999123450623938
"Sst-10","C3orf38",0.0467506352230029,0.14392519264526,0.74531281496793,-0.235337558829695,0.328838829275701,5,0.00525519491235608,4.61853756490919,0.999123450623938
"Sst-10","ANKRD30BL",-0.244791132743637,0.142591368572485,0.0860281922812545,-0.524265079651985,0.0346828141647105,5,0.0529506732055495,52.8699484430255,0.999123450623938
"Sst-10","PPP1R7",-0.0820630319592795,0.223907675860864,0.713989117926186,-0.520914012508641,0.356787948590082,5,0.132420135544089,55.1164869128515,0.999123450623938
"Sst-10","ATP2B4",0.139868235542749,0.213364809004758,0.512122950964783,-0.278319105674844,0.558055576760341,5,0.107244113848096,47.9974362074248,0.999123450623938
"Sst-10","MINK1",0.00289853495367984,0.14491643272523,0.984042236946142,-0.281132453955793,0.286929523863153,5,0.0182592263829748,17.08101385982,0.999123450623938
"Sst-10","PAXBP1",0.00393433509275878,0.115901341154825,0.972920568240849,-0.223228119330589,0.231096789516106,5,0.0175923497074362,26.2368499579152,0.999123450623938
"Sst-10","INTS8",-0.249542602306117,0.153540825222832,0.104108778777772,-0.550477089899427,0.0513918852871932,5,0.0364580443946505,30.9449114711332,0.999123450623938
"Sst-10","ZMYM3",-0.273237571402356,0.155540079947326,0.0789686144094407,-0.578090526251595,0.031615383446884,5,0.0105498778983283,8.11359321178312,0.999123450623938
"Sst-10","SDHB",0.0669811290973293,0.131957165854631,0.611735635716583,-0.191650163479726,0.325612421674385,5,0.00421416200000609,4.42911287349933,0.999123450623938
"Sst-10","COG7",-0.176942337136011,0.16640852426188,0.287645507580696,-0.503097051409755,0.149212377137734,5,0.0419908428722138,30.4552162630404,0.999123450623938
"Sst-10","FGF13",-0.129688528657125,0.193523507632695,0.502766290943726,-0.508987633779069,0.249610576464818,5,0.123473826752448,68.0533043231121,0.999123450623938
"Sst-10","MRPS11",-0.222732523680821,0.188762464411078,0.238015352763341,-0.592700155559557,0.147235108197915,5,0.0443183489024054,24.4899214838106,0.999123450623938
"Sst-10","GLG1",0.0276208428756023,0.061714666486703,0.654472803153332,-0.0933376807562367,0.148579366507441,5,7.32286594797213e-06,0.0333463033064608,0.999123450623938
"Sst-10","SOS1",0.00117650968903967,0.0836901910056644,0.988783775170051,-0.162853250541341,0.16520626991942,5,0.00993899202118525,28.3357935826521,0.999123450623938
"Sst-10","FNBP1L",-0.0237809929196391,0.170567504356362,0.889116084901716,-0.358087158390988,0.310525172551709,5,0.0816868825367226,58.3082231094902,0.999123450623938
"Sst-10","MAPK6",-0.159422520311602,0.0978161032055191,0.103139807052257,-0.351138559702472,0.0322935190792686,5,0,0,0.999123450623938
"Sst-10","PLCL1",0.0417418101904246,0.194674915165837,0.830221089150313,-0.339814012228007,0.423297632608856,5,0.0399291234296573,20.8720508188388,0.999123450623938
"Sst-10","DCUN1D5",-0.194588481108963,0.124279403773962,0.117410916029655,-0.438171636526039,0.0489946743081139,5,0,0,0.999123450623938
"Sst-10","TSEN2",0.0801832151907377,0.0934636983291627,0.390943498684806,-0.103002267396338,0.263368697777813,5,0,0,0.999123450623938
"Sst-10","MAP3K14",0.0327536834951501,0.20518736800281,0.87317398924321,-0.369406167872924,0.434913534863224,5,0.0722078152608791,34.8217993237741,0.999123450623938
"Sst-10","TMEM59",0.043722415357586,0.187985558476188,0.816084526205635,-0.324722508869391,0.412167339584563,5,0.108866958767086,63.5750312217,0.999123450623938
"Sst-10","RAI2",0.207943716281635,0.13466678533221,0.122555595985419,-0.0559983328832839,0.471885765446555,5,0,0,0.999123450623938
"Sst-10","CASP8AP2",-0.00593246646500457,0.123056494745532,0.961549445001603,-0.24711876422999,0.235253831299981,5,0,0,0.999123450623938
"Sst-10","BRD1",-0.253015459520419,0.129918008760221,0.051474693030032,-0.507650077633611,0.00161915859277412,5,0.00940513133519934,9.93056757617251,0.999123450623938
"Sst-10","SNCB",0.167329868264515,0.281540157632488,0.552286414150616,-0.384478700896891,0.719138437425921,5,0.274789719602456,72.9158927044221,0.999123450623938
"Sst-10","SNX24",-0.110432553912924,0.116173300734363,0.341815274813413,-0.338128039317415,0.117262931491567,5,0.0110479579598413,15.5768083534957,0.999123450623938
"Sst-10","ZBTB41",-0.0462487462968589,0.116778461183009,0.692076754710419,-0.275130324385566,0.182632831791848,5,0,0,0.999123450623938
"Sst-10","TMED5",-0.182743292424485,0.172752893981382,0.290132692811841,-0.521332742853061,0.15584615800409,5,0.000783523813006473,0.485661288512822,0.999123450623938
"Sst-10","GPR135",-0.0955783854464389,0.129973690133979,0.462115906800818,-0.350322137046808,0.15916536615393,5,0,0,0.999123450623938
"Sst-10","PRMT9",0.0573336329556268,0.127096902427293,0.651916228659459,-0.191771718348468,0.306438984259722,5,0,0,0.999123450623938
"Sst-10","RNF8",0.0450682194120306,0.18279186123738,0.805252752549014,-0.313197245280278,0.403333684104339,5,0.0417741621252457,24.9616806832082,0.999123450623938
"Sst-10","RB1",-0.151904959161286,0.0850010482404907,0.0739221148507422,-0.318503952360799,0.0146940340382278,5,0,0,0.999123450623938
"Sst-10","TMEM63C",0.0242199514589855,0.152930641231026,0.874163573307669,-0.275518597486442,0.323958500404413,5,0.0133813710496531,11.0506358117026,0.999123450623938
"Sst-10","DLC1",0.00681509118100849,0.100241079274259,0.945795975495464,-0.189653813967963,0.20328399632998,5,0.00592490495182966,11.3380921812387,0.999123450623938
"Sst-10","PAXIP1",0.141902443371779,0.135793997498964,0.296030743297834,-0.124248901042913,0.408053787786471,5,0,0,0.999123450623938
"Sst-10","RNF175",0.00454896094072569,0.097586391084546,0.962820310991346,-0.186716850966225,0.195814772847676,5,1.11122324936407e-06,0.00207368108008876,0.999123450623938
"Sst-10","ACAT1",-0.0289818275986782,0.104288504251378,0.781088739164433,-0.233383539932932,0.175419884735576,5,2.78769921204367e-06,0.00437686446828513,0.999123450623938
"Sst-10","FZD3",0.0236062154257973,0.0952463609149932,0.804255301798696,-0.163073221626093,0.210285652477688,5,0.0135923289863599,29.8187409707237,0.999123450623938
"Sst-10","CALR",0.0100094776249861,0.165595638760529,0.95180098251695,-0.314552010342556,0.334570965592529,5,0,0,0.999123450623938
"Sst-10","TRIM13",-0.120567831786341,0.124633395688008,0.333354194762335,-0.364844798605766,0.123709135033085,5,7.71976991841906e-07,0.00084580932987924,0.999123450623938
"Sst-10","RBM17",-0.143010997788099,0.111138793137871,0.198171539615694,-0.360839029623573,0.0748170340473748,5,0.000992470549917395,1.31123042182331,0.999123450623938
"Sst-10","CNTN4",-0.122736618372018,0.0858878747973628,0.152994712045637,-0.291073759683534,0.0456005229394987,5,0.0130460364754131,35.8019647191308,0.999123450623938
"Sst-10","SLC25A3",-0.102755963211286,0.148477106386755,0.48889585646814,-0.393765744258047,0.188253817835475,5,0.0402487113227763,37.0461782389342,0.999123450623938
"Sst-10","MEF2D",-0.13087814826912,0.197857242942317,0.508306029608563,-0.518671218516454,0.256914921978213,5,0.0815270298879352,41.9533069680014,0.999123450623938
"Sst-10","RNF152",-0.114000718417244,0.160542493686578,0.477644082042559,-0.428658224031186,0.200656787196698,5,0,0,0.999123450623938
"Sst-10","IGF2R",-0.117773609073659,0.118444252619436,0.320058391540006,-0.349920078383517,0.114372860236199,5,0,0,0.999123450623938
"Sst-10","CNTNAP2",0.0186010937903892,0.0533008681559157,0.727102115636261,-0.0858666881399235,0.123068875720702,5,0.00285000956697717,19.6190212042064,0.999123450623938
"Sst-10","IREB2",-0.0910406161129248,0.0936377005599123,0.330918958603848,-0.274567136805499,0.0924859045796493,5,0,0,0.999123450623938
"Sst-10","JADE2",-0.00301626977803955,0.116798781566813,0.9793973226241,-0.231937675087153,0.225905135531074,5,6.96683193276257e-06,0.00874887219301425,0.999123450623938
"Sst-10","CDC25B",-0.122397680821241,0.132223117568361,0.354606858062625,-0.381550229178834,0.136754867536352,5,0,0,0.999123450623938
"Sst-10","EIF3E",0.01413292958744,0.180668282715803,0.937648401435791,-0.339970397684234,0.368236256859114,5,0.0958668684538901,62.3505605291164,0.999123450623938
"Sst-10","MCTS1",0.195679432531302,0.116480371066987,0.0929699959176858,-0.0326178996658543,0.423976764728459,5,0,0,0.999123450623938
"Sst-10","CDADC1",-0.205466082437351,0.193111411064682,0.287339159674689,-0.583957493127837,0.173025328253135,5,0.0705295547086569,38.9108402455236,0.999123450623938
"Sst-10","KCNC1",0.0335551521838362,0.0803462306147918,0.676216240306613,-0.123920566114705,0.191030870482378,5,0.00321929755715201,8.83035148716424,0.999123450623938
"Sst-10","NAMPT",-0.0647857456415305,0.150112272708619,0.666045287907231,-0.359000393787878,0.229428902504817,5,0,0,0.999123450623938
"Sst-10","NDFIP2",-0.158756782876721,0.133362159628613,0.233881942827147,-0.420141812649285,0.102628246895842,5,0,0,0.999123450623938
"Sst-10","PODXL2",-0.0066254990198356,0.0932767433449923,0.943373436063826,-0.189444556571207,0.176193558531536,5,0.00534455172983513,11.3934479271231,0.999123450623938
"Sst-10","CACYBP",-0.134644775692399,0.309931403751797,0.663973227518351,-0.742099164723863,0.472809613339066,5,0.336766118414989,71.5811312070532,0.999123450623938
"Sst-10","CLTB",0.0607224928587528,0.144884017752294,0.675134975107383,-0.223244963871206,0.344689949588711,5,0.0133542606106601,11.8178533338559,0.999123450623938
"Sst-10","GNB2",-0.18444024455071,0.164576593993525,0.262417508014593,-0.50700444147629,0.13812395237487,5,0,0,0.999123450623938
"Sst-10","NUBPL",-0.00213934543005898,0.171677627856176,0.99005749011443,-0.338621312979435,0.334342622119317,5,0.0918630988180355,65.9988022007458,0.999123450623938
"Sst-10","RPS6KL1",-0.108534381429474,0.35038790485532,0.756747326519434,-0.795282055564349,0.578213292705401,5,0.470850829685644,79.2436360289426,0.999123450623938
"Sst-10","DYM",0.00700086379421347,0.105349527556051,0.94701663413837,-0.199480416003956,0.213482143592383,5,0.0314632580097084,60.3086686916932,0.999123450623938
"Sst-10","PDIA3",-0.116102866168077,0.146042609534187,0.426617518737111,-0.40234112106333,0.170135388727175,5,0.0282278081793141,26.3151964387514,0.999123450623938
"Sst-10","GTF2E2",-0.216049137384746,0.169285125133986,0.201869253824317,-0.547841885765714,0.115743610996222,5,0.0572934241331302,41.119630519514,0.999123450623938
"Sst-10","TRIM14",-0.0572232190654668,0.211363168680606,0.786595541279862,-0.471487417337718,0.357040979206785,5,0.102165459121012,48.2120524774073,0.999123450623938
"Sst-10","ZBTB1",0.0695667957277597,0.152116035838593,0.647435905718448,-0.228575155986886,0.367708747442406,5,0.0263994675721046,22.6322749676634,0.999123450623938
"Sst-10","DUSP3",0.148169519868297,0.163685487484839,0.365354857858914,-0.172648140393869,0.468987180130464,5,0.0173081661877172,12.4081561173611,0.999123450623938
"Sst-10","PRCC",-0.140739739052228,0.155047860295513,0.364027212997027,-0.444627961111431,0.163148483006974,5,0.00284325121636635,2.2769997316081,0.999123450623938
"Sst-10","FAR1",-0.124798163251748,0.0760629629521298,0.100855172701497,-0.273878831195327,0.0242825046918305,5,5.06731155408957e-06,0.0146311953529282,0.999123450623938
"Sst-10","YWHAB",-0.00325828385266229,0.101697457546172,0.974440957108805,-0.202581637962451,0.196065070257127,5,0,0,0.999123450623938
"Sst-10","TERF2IP",-0.0424993707585527,0.149425047893532,0.776089053626016,-0.335367083018049,0.250368341500943,5,0.0650688250339955,60.307870228526,0.999123450623938
"Sst-10","HSPA4L",-0.0584562362701319,0.17677384069611,0.740883379183687,-0.404926597443329,0.288014124903065,5,0.108102606576441,70.041946763726,0.999123450623938
"Sst-10","ELMOD3",0.0693012281188536,0.18507547648289,0.708070691089618,-0.293440040209201,0.432042496446908,5,0.0524140321844038,30.7132968733462,0.999123450623938
"Sst-10","ADCY3",0.031655055848397,0.149538113378248,0.832352372125032,-0.261434260689036,0.32474437238583,5,0.0450392900637866,41.2554370040533,0.999123450623938
"Sst-10","TRA2B",-0.0712395914098875,0.100715545422494,0.479358560066474,-0.268638433121284,0.126159250301509,5,0.00678939214095313,12.469235139712,0.999123450623938
"Sst-10","ING3",0.0762331129167864,0.162484571679399,0.638947131241909,-0.242230795618252,0.394697021451825,5,0,0,0.999123450623938
"Sst-10","IGSF9B",0.0629203664287766,0.113483080493568,0.579272890255325,-0.159502384193277,0.28534311705083,5,0.00704829451356008,10.1151502791066,0.999123450623938
"Sst-10","HIKESHI",-0.0861773689411899,0.194592351766123,0.657866257801602,-0.46757137006974,0.295216632187361,5,0.0841325282150139,45.732110946234,0.999123450623938
"Sst-10","COA5",0.406824715694985,0.160006291825839,0.0110045441120137,0.0932181464165356,0.720431284973434,5,0,0,0.839509158945242
"Sst-10","GFOD2",0.0626844309112622,0.155768331056995,0.687374296239636,-0.242615887892359,0.367984749714884,5,0.0192562390873369,15.3888419038224,0.999123450623938
"Sst-10","XRN1",0.0194011860750184,0.0810886223540089,0.810904723146206,-0.139529593294809,0.178331965444845,5,0.00804236786706635,23.9941113060506,0.999123450623938
"Sst-10","FNIP2",-0.0684849751298916,0.092084509449452,0.457046651060657,-0.248967297184856,0.111997346925073,5,4.83755686809032e-06,0.0101944190038339,0.999123450623938
"Sst-10","PUM1",0.0480279641621343,0.0809306008799997,0.552882523255475,-0.110593098809851,0.206649027134119,5,0.00381421656074195,10.3843219298234,0.999123450623938
"Sst-10","EML6",-0.171442274286145,0.119940947033395,0.152892448802227,-0.406522210743226,0.0636376621709357,5,0.0275912735518047,38.938188437476,0.999123450623938
"Sst-10","LINC00486",0.0447179745237777,0.0847121937540794,0.597581793725676,-0.121314874285597,0.210750823333152,5,0.00414157233406922,10.7856761275674,0.999123450623938
"Sst-10","PPM1L",0.073719865458471,0.0905268936225929,0.415448967669626,-0.1037095856741,0.251149316591042,5,0.0109837171715384,26.5417629389563,0.999123450623938
"Sst-10","IGSF8",-0.169027560592422,0.147937406661236,0.253220767347409,-0.458979549614701,0.120924428429858,5,0.0380784506144245,35.2159353863163,0.999123450623938
"Sst-10","RPL15",-0.0334456991296325,0.15530360994965,0.829489094832177,-0.337835181300004,0.270943783040738,5,0.0516759660131748,43.3685615322878,0.999123450623938
"Sst-10","NISCH",0.0288638827040025,0.120357550281136,0.810471508589446,-0.207032581114493,0.264760346522498,5,0.0260475375842709,36.7677682164649,0.999123450623938
"Sst-10","AP2A1",-0.00855025683717985,0.134366166162363,0.949261657207241,-0.271903103256135,0.254802589581775,5,0,0,0.999123450623938
"Sst-10","UCK2",-0.0044329387256046,0.125814043459368,0.971893108394952,-0.251023932655322,0.242158055204113,5,0,0,0.999123450623938
"Sst-10","PITPNB",-0.196868772380925,0.123530213473689,0.111005654776449,-0.4389835417919,0.0452459970300494,5,4.39309049664603e-07,0.000554489677696422,0.999123450623938
"Sst-10","ATP6V0A2",-0.130778278136587,0.147935819727319,0.376685216635573,-0.420727156825542,0.159170600552369,5,0,0,0.999123450623938
"Sst-10","NMT1",0.129134990297198,0.0911310258303906,0.156475463020798,-0.0494785382045568,0.307748518798953,5,2.6109414113873e-06,0.00517054763716432,0.999123450623938
"Sst-10","NUP153",0.0487755336864598,0.0883874992050096,0.581059714786897,-0.124460781438922,0.222011848811841,5,0,0,0.999123450623938
"Sst-10","RMDN1",0.0977983878128895,0.193145681464423,0.612614340660165,-0.280760191626825,0.476356967252604,5,0.0751035158701467,41.4882539574005,0.999123450623938
"Sst-10","MIER1",-0.0601390056119947,0.0981020964707981,0.539860025665199,-0.252415581502633,0.132137570278643,5,3.62614809516906e-06,0.00659154506433734,0.999123450623938
"Sst-10","HDAC6",0.225672793933372,0.198031073213303,0.254460177561542,-0.162460977384517,0.61380656525126,5,0.0806604409527239,42.3231629353737,0.999123450623938
"Sst-10","VPS13B",-0.0696066920206907,0.0590859064686516,0.238773030935553,-0.18541294069315,0.0461995566517686,5,0,0,0.999123450623938
"Sst-10","EIF2S2",0.0874990922338739,0.136900841431577,0.522730489782108,-0.180821626425246,0.355819810892994,5,0,0,0.999123450623938
"Sst-10","SCYL1",0.0403572202526638,0.220843271336456,0.85500088872911,-0.392487637794797,0.473202078300124,5,0.110787857238413,46.203137114939,0.999123450623938
"Sst-10","CADPS",0.00148990605529144,0.0646898926636142,0.981625136471422,-0.125299953729154,0.128279765839737,5,0.00894382297617578,43.6466402038875,0.999123450623938
"Sst-10","SLC25A36",-0.151504217295951,0.13126764317181,0.24843347213643,-0.408784070248154,0.105775635656252,5,0.0428428098599806,51.1892589588803,0.999123450623938
"Sst-10","LUZP1",-0.0389280919434013,0.174612763089158,0.823582549486732,-0.381162818839175,0.303306634952372,5,0.0932456697363099,63.1886079321646,0.999123450623938
"Sst-10","MAP2K7",-0.0532401059889367,0.138253687944739,0.700170772547793,-0.324212355090465,0.217732143112592,5,0,0,0.999123450623938
"Sst-10","KCNK2",0.0132252841918881,0.142948216248342,0.926286484392352,-0.266948071309106,0.293398639692882,5,0.0481809686762901,48.4405359144873,0.999123450623938
"Sst-10","DPY19L4",-0.0635816932601267,0.159190732236101,0.689594260345645,-0.375589795115445,0.248426408595191,5,0,0,0.999123450623938
"Sst-10","SLC9A7",-0.0706837566421248,0.0938386712012613,0.451301122702992,-0.254604172553693,0.113236659269443,5,0.00428736182934467,8.91734217328838,0.999123450623938
"Sst-10","TRHDE",0.0308041417246807,0.0505293767626,0.542108012361285,-0.0682316168912704,0.129839900340632,5,3.39906878086332e-06,0.0224801076081322,0.999123450623938
"Sst-10","OLFM3",0.146900038266423,0.189876980434123,0.439132461038905,-0.225252004877675,0.51905208141052,5,0,0,0.999123450623938
"Sst-10","NOL4L",-0.00884603377665198,0.196408170242007,0.964076197826116,-0.393798973720397,0.376106906167093,5,0.0982885811428474,52.87312330648,0.999123450623938
"Sst-10","SLC35F5",-0.154484630214714,0.0928871453132812,0.0962837610220968,-0.336540089655484,0.0275708292260552,5,0,0,0.999123450623938
"Sst-10","TMOD2",-0.143527989655732,0.0754443262860085,0.0571142002924475,-0.291396152014197,0.00434017270273312,5,0,0,0.999123450623938
"Sst-10","GOT1",-0.0235961698129316,0.169871391572465,0.889524363122147,-0.356537979298663,0.3093456396728,5,0.0656192130390403,46.2680240957828,0.999123450623938
"Sst-10","THUMPD3-AS1",0.0284210808161981,0.146505880585947,0.846181547240581,-0.258725168655584,0.315567330287981,5,0.028611527777668,26.3756497427336,0.999123450623938
"Sst-10","UPF2",0.0430676051126395,0.157683963862846,0.784756289030854,-0.265987284998054,0.352122495223333,5,0.0693084970796222,59.4534760503282,0.999123450623938
"Sst-10","ZNF385D",-0.219537086417646,0.201167535569662,0.275134436674127,-0.613818210992864,0.174744038157572,5,0.0760311769699226,38.1882094670279,0.999123450623938
"Sst-10","FAT3",0.0400673521141457,0.0826028650827649,0.62763373027058,-0.121831288467895,0.201965992696186,5,0.00141508540802512,3.93324943313369,0.999123450623938
"Sst-10","TSTD2",0.142375270752742,0.171676222214131,0.40692089793977,-0.19410394178885,0.478854483294334,5,0.0561975576656863,38.9942471596511,0.999123450623938
"Sst-10","TERF2",0.071681569428527,0.214042748218857,0.737705269292462,-0.347834508232407,0.491197647089461,5,0.102960567595616,46.503712718498,0.999123450623938
"Sst-10","CIRBP",-0.123954009123455,0.133175193096083,0.351978244183016,-0.384972591225946,0.137064572979035,5,0.0362210693670332,42.6917339608205,0.999123450623938
"Sst-10","EXOC2",-0.0897418043979896,0.0787137469623539,0.25424325811025,-0.244017913532402,0.064534304736423,5,0,0,0.999123450623938
"Sst-10","FUBP3",-0.151470167086172,0.149308408661177,0.310354494178101,-0.444109270651067,0.141168936478723,5,0.0558433996930194,52.3392226571372,0.999123450623938
"Sst-10","TIMMDC1",-0.0698735284048023,0.177404060937894,0.693679555185136,-0.417579098554224,0.277832041744619,5,0.0301914221214433,18.8639302110552,0.999123450623938
"Sst-10","USP5",0.0780220870425387,0.165019140659336,0.636351388852458,-0.24540948540951,0.401453659494587,5,0,0,0.999123450623938
"Sst-10","SLC45A4",0.144804522957303,0.121651515648968,0.233919703531965,-0.0936280663793858,0.383237112293992,5,0,0,0.999123450623938
"Sst-10","CYB5R4",0.116999161216846,0.107350915260881,0.275767872150077,-0.0934047664018917,0.327403088835585,5,0,0,0.999123450623938
"Sst-10","CCDC6",0.00195806831291236,0.131328062355404,0.988104183021121,-0.25544020406311,0.259356340688934,5,0.0397256259246595,48.318552710171,0.999123450623938
"Sst-10","CDH3",-0.116156620720519,0.116282315140908,0.317833903153281,-0.344065770435635,0.111752528994597,5,0,0,0.999123450623938
"Sst-10","GABPA",-0.138038029216785,0.158745712029751,0.384543977726308,-0.449173907495264,0.173097849061694,5,0,0,0.999123450623938
"Sst-10","U2AF2",0.040006369217046,0.151861401426942,0.792211455291251,-0.25763650822154,0.337649246655632,5,0,0,0.999123450623938
"Sst-10","RNF20",0.111714727505106,0.157768517434473,0.478887724028969,-0.197505884560741,0.420935339570953,5,0.0135100598109248,10.2166037335067,0.999123450623938
"Sst-10","RRP15",-0.0705967054278394,0.139544848899003,0.612921990563148,-0.34409958349797,0.202906172642291,5,0,0,0.999123450623938
"Sst-10","ARID4B",-0.0652001153063733,0.094106065947624,0.488412177089146,-0.249644615290467,0.119244384677721,5,0.0220815923219405,52.6158702326621,0.999123450623938
"Sst-10","NIPAL3",-0.0547773529672026,0.1364755568332,0.68814687721644,-0.322264529130324,0.212709823195919,5,0.0536742319720915,61.3596971348006,0.999123450623938
"Sst-10","FMR1",-0.161193467892275,0.214086031818107,0.451487286179498,-0.580794379848862,0.258407444064311,5,0.136859145797441,62.8255775210233,0.999123450623938
"Sst-10","RHBDD1",0.0332911704894756,0.228283047673304,0.884053332054875,-0.414135381231239,0.480717722210191,5,0.120731876853156,47.6155754379174,0.999123450623938
"Sst-10","TLE4",-0.274879005512375,0.147735041178415,0.0627976353729499,-0.56443436547661,0.0146763544518597,5,0.00798053132692651,6.74206798745098,0.999123450623938
"Sst-10","RIOK3",0.0353251944726176,0.159828594675155,0.825077452314099,-0.277933094790336,0.348583483735571,5,0.0534688912845557,43.1726341398588,0.999123450623938
"Sst-10","MAP3K1",-0.0980661289259014,0.140203149727169,0.484266234129223,-0.372859252910229,0.176726995058426,5,0,0,0.999123450623938
"Sst-10","SLC25A37",-0.145004661900675,0.135614630304906,0.284961291127354,-0.410804453075005,0.120795129273655,5,0,0,0.999123450623938
"Sst-10","ITFG1",-0.0629135717990944,0.0877325025564707,0.47330821689441,-0.234866117083345,0.109038973485156,5,0.0157236919011823,42.2684794066814,0.999123450623938
"Sst-10","WASL",-0.100817093197244,0.0959201216915131,0.293234432770575,-0.288817077105309,0.0871828907108204,5,0,0,0.999123450623938
"Sst-10","SAMD8",-0.0319075841686526,0.163232618902687,0.845022603526339,-0.351837638320071,0.288022469982766,5,0.0466262103762251,35.4472599891922,0.999123450623938
"Sst-10","INTU",0.0115325275991082,0.100178125698681,0.908349835351353,-0.184812990809033,0.207878046007249,5,0.00677615750130237,12.9246414233749,0.999123450623938
"Sst-10","ARPP21",0.0358743360792739,0.223028693345067,0.872210940589284,-0.401253870396086,0.473002542554633,5,0.0569848943448415,22.8910647527041,0.999123450623938
"Sst-10","DEK",-0.139101004504331,0.346423521217414,0.688026623569021,-0.818078629488008,0.539876620479347,5,0.484713223771909,83.1378464126002,0.999123450623938
"Sst-10","HDAC3",0.0730122596434674,0.191351662170315,0.702787295669494,-0.302030106592225,0.44805462587916,5,0.0850185547149384,47.954958946428,0.999123450623938
"Sst-10","RANBP17",-0.0111745821817859,0.0686003033463996,0.870601844898715,-0.145628706069252,0.12327954170568,5,3.77927184417247e-06,0.0145543903898932,0.999123450623938
"Sst-10","RAD23A",0.059293599630867,0.152196766135477,0.69684333641668,-0.239006580558133,0.357593779819867,5,0,0,0.999123450623938
"Sst-10","TUBGCP6",-0.182171022288622,0.197878907300752,0.35724953586412,-0.570006553898236,0.205664509320991,5,0.0489664047288982,24.9171744016125,0.999123450623938
"Sst-10","OXCT1",-0.144045690900934,0.0996078315793144,0.148141256739572,-0.339273453374521,0.0511820715726539,5,0.013461978384266,27.1533762419297,0.999123450623938
"Sst-10","SCAMP1",-0.095735847077992,0.116505697274074,0.411232435566755,-0.324082817728904,0.13261112357292,5,0.028030716957575,43.0281055684546,0.999123450623938
"Sst-10","PRDX3",0.227752435289758,0.154676798216036,0.140901870504993,-0.0754085184576425,0.530913389037159,5,2.1636432371163e-06,0.00153740990374059,0.999123450623938
"Sst-10","RNF138",0.0332332835140842,0.12588167035932,0.79177672013648,-0.213490256703926,0.279956823732094,5,5.270792801898e-07,0.00060672380620323,0.999123450623938
"Sst-10","CIZ1",-0.182367308034026,0.140946965769866,0.195709697514801,-0.458618284673163,0.0938836686051119,5,0,0,0.999123450623938
"Sst-10","RABL6",-0.421048632500644,0.131708881951146,0.00138955100708142,-0.679193297568928,-0.162903967432359,5,0,0,0.385474081646269
"Sst-10","TBC1D12",-0.171665411442449,0.191873270068684,0.370957520335187,-0.547730110372997,0.204399287488099,5,0.0887613336322184,50.4814306344106,0.999123450623938
"Sst-10","RAB10",0.14564124384958,0.0953802441751475,0.126772454230059,-0.0413005995703449,0.332583087269506,5,0.00442757660400595,9.15312765354273,0.999123450623938
"Sst-10","EBPL",0.27310627963518,0.180215978607844,0.129661327252681,-0.080110547874836,0.626323107145196,5,0.0221647498267637,13.1697550135116,0.999123450623938
"Sst-10","LRP2BP",-0.0127715416249082,0.146165687493699,0.93037172925422,-0.299251024888095,0.273707941638278,5,0.0045194013184819,3.9327754206129,0.999123450623938
"Sst-10","SPSB3",-0.155737601436976,0.157125916313874,0.321605351611961,-0.463698738450024,0.152223535576072,5,0,0,0.999123450623938
"Sst-10","IFT57",-0.204033358360326,0.189821929767433,0.282434207172559,-0.576077504180387,0.168010787459735,5,0.0548578247920199,30.5356356916752,0.999123450623938
"Sst-10","TUBB4A",-0.0591560701125353,0.236486188681213,0.802474456820047,-0.522660482768857,0.404348342543786,5,0.171523981922293,62.9640983117827,0.999123450623938
"Sst-10","DNHD1",-0.157292485252549,0.164086600498169,0.337763148868578,-0.478896312574572,0.164311342069474,5,0.020552065147047,14.8357884683674,0.999123450623938
"Sst-10","GSE1",0.152372523999775,0.113456583992548,0.179271027184388,-0.0699982944345624,0.374743342434112,5,0,0,0.999123450623938
"Sst-10","DLST",-0.144729004954233,0.187880233101263,0.441106611322451,-0.512967495239697,0.223509485331232,5,0.0718933748040719,41.9999586814963,0.999123450623938
"Sst-10","PCYT1A",-0.166609730572407,0.142803660633977,0.24332956340402,-0.446499762275483,0.113280301130669,5,0,0,0.999123450623938
"Sst-10","RPS13",-0.269477735345158,0.385816918619072,0.484889483131555,-1.02566500046476,0.486709529774445,5,0.548926210902934,74.6772292994014,0.999123450623938
"Sst-10","FLOT1",-0.0685938776359151,0.114604385366254,0.549488007243371,-0.293214345424122,0.156026590152292,5,0.00154310080333433,2.18200827004094,0.999123450623938
"Sst-10","XPNPEP1",0.100723750648405,0.130358266220289,0.439718481668972,-0.154773756230446,0.356221257527255,5,0,0,0.999123450623938
"Sst-10","NME7",-0.0317699606242266,0.0779533019608061,0.683603208375263,-0.184555624943382,0.121015703694929,5,0,0,0.999123450623938
"Sst-10","NIPA2",-0.105336224376462,0.149365484906182,0.480670432796327,-0.398087195325939,0.187414746573014,5,0,0,0.999123450623938
"Sst-10","NCDN",0.0959104439453855,0.218508235519448,0.660710188561967,-0.332357827998129,0.5241787158889,5,0.138919283492539,58.8591204490143,0.999123450623938
"Sst-10","P3H2",-0.265928657211653,0.128041605175137,0.0378114765575626,-0.51688559187762,-0.0149717225456866,5,0,0,0.999123450623938
"Sst-10","RAP1A",-0.171016217036072,0.109882085875044,0.119622221729898,-0.386381147897294,0.0443487138251512,5,0.0141088863879947,22.9955950673833,0.999123450623938
"Sst-10","RAPGEFL1",0.20564681049823,0.149633392538359,0.169336871698924,-0.0876292497614991,0.498922870757959,5,0.0256099400270538,22.326515475926,0.999123450623938
"Sst-10","RPS3",0.147026600545355,0.115354076222638,0.202462231847944,-0.079063234320903,0.373116435411613,5,0.00284372836385,3.77135598515729,0.999123450623938
"Sst-10","TMEM8B",0.115319186731388,0.124881592624466,0.35578409130262,-0.129444237144569,0.360082610607344,5,0,0,0.999123450623938
"Sst-10","UQCRB",0.228933786590623,0.13247929361445,0.083975277866375,-0.0307208575910062,0.488588430772253,5,1.45647359612372e-06,0.00151635436939496,0.999123450623938
"Sst-10","GNAZ",-0.226213327189987,0.152291801380439,0.137439485580135,-0.524699773036375,0.0722731186564012,5,0,0,0.999123450623938
"Sst-10","PTCH2",0.10333686379023,0.126718899993052,0.414796997565977,-0.145027616356686,0.351701343937145,5,0,0,0.999123450623938
"Sst-10","ADGRB3",-0.0100000868800657,0.125398725990185,0.936439019023534,-0.255777073528034,0.235776899767903,5,0.0560995373714984,73.6042059090579,0.999123450623938
"Sst-10","VLDLR-AS1",0.0743152484036924,0.155910448259837,0.633608936858874,-0.231263614999083,0.379894111806468,5,4.68337715775025e-08,3.29276268721155e-05,0.999123450623938
"Sst-10","ATIC",-0.159502552737962,0.141559317069099,0.259846426564847,-0.436953715869483,0.117948610393559,5,0,0,0.999123450623938
"Sst-10","NME3",0.0961183209138187,0.223286658370188,0.666853416628451,-0.34151548772005,0.533752129547687,5,0.125745255559778,51.3297046917103,0.999123450623938
"Sst-10","RPL7L1",0.0591487478996137,0.146684170911029,0.686772564658558,-0.228346944188121,0.346644439987349,5,0,0,0.999123450623938
"Sst-10","PAFAH1B2",-0.168508904731839,0.112850827519638,0.135384728313314,-0.38969246229587,0.0526746528321932,5,0,0,0.999123450623938
"Sst-10","HSP90AB1",0.0319012172899905,0.143677779261897,0.824288145766633,-0.249702055442024,0.313504490022005,5,0.0631057239581199,62.4831657393802,0.999123450623938
"Sst-10","TRIM27",0.00382889647084101,0.163576941170115,0.981325372604944,-0.316776016923811,0.324433809865493,5,0,0,0.999123450623938
"Sst-10","PRRT1",0.160490821185371,0.162578095232944,0.323563518128072,-0.158156390146323,0.479138032517064,5,4.29698851898755e-06,0.0030389257698665,0.999123450623938
"Sst-10","NPTX1",-0.217544600962395,0.191251778293905,0.255338711484944,-0.592391198397688,0.157301996472898,5,0.041944403959112,22.7620284419934,0.999123450623938
"Sst-10","ATP11B",0.0760881809209728,0.0848235412747394,0.369709704882061,-0.0901629050186631,0.242339266860609,5,3.80250173174187e-06,0.00840410353365843,0.999123450623938
"Sst-10","PNPLA7",0.0370031656012993,0.11855780923223,0.75495636443239,-0.195365870579842,0.26937220178244,5,0,0,0.999123450623938
"Sst-10","RPL37A",0.0565259482450533,0.266964503959262,0.832313141038802,-0.466714864665702,0.579766761155808,5,0.264564236977296,77.3919712778052,0.999123450623938
"Sst-10","RPL37",0.00210798826707846,0.118259610766198,0.98577838859563,-0.229676589660394,0.233892566194551,5,2.70869317715327e-06,0.0036533717717812,0.999123450623938
"Sst-10","GRM5",0.00335181287264885,0.0966885714863499,0.972346016170413,-0.186154304957223,0.192857930702521,5,0.0253219661383813,57.5758758846364,0.999123450623938
"Sst-10","CYTH1",-0.0478555194715571,0.142112127126718,0.736309290088639,-0.326390170406301,0.230679131463187,5,0.0482791281701624,50.0311198904457,0.999123450623938
"Sst-10","IGSF11",-0.579405470139643,0.18681610843208,0.00192559200093368,-0.94555831439845,-0.213252625880836,5,0,0,0.45331765496283
"Sst-10","RPS18",-0.201514362132996,0.153933487033875,0.190500403897232,-0.503218452734055,0.100189728468062,5,0,0,0.999123450623938
"Sst-10","IFT52",0.000239275439916842,0.118917511367122,0.998394567391532,-0.232834763970775,0.233313314850608,5,0,0,0.99951797780414
"Sst-10","L2HGDH",0.0390773936388188,0.0876771057024106,0.655816373686206,-0.132766575806617,0.210921363084255,5,6.89597421533689e-06,0.0163236250478483,0.999123450623938
"Sst-10","LRRC28",0.0374983269872545,0.0805172023206121,0.641417219204468,-0.12031248969707,0.195309143671579,5,9.88648356398751e-07,0.00281877211433906,0.999123450623938
"Sst-10","CX3CL1",0.0461483139562895,0.127196077990338,0.716745030468233,-0.203151417879521,0.2954480457921,5,0,0,0.999123450623938
"Sst-10","STARD4",-0.0541731648107894,0.206961403373516,0.793510399034426,-0.459810061612747,0.351463731991168,5,0.0742827896982657,35.154946605718,0.999123450623938
"Sst-10","TMEM9",0.0223474357336619,0.139667908221669,0.872877857019865,-0.251396634176854,0.296091505644178,5,2.23613505495836e-06,0.00205533114174454,0.999123450623938
"Sst-10","TAC1",-0.328693408479169,0.207202237095832,0.112661971504855,-0.734802330703129,0.0774155137447918,5,0.0925601204870142,43.9939333155868,0.999123450623938
"Sst-10","PPM1H",-0.238966190556517,0.101846378566144,0.0189588248098782,-0.43858142450199,-0.0393509566110431,5,0,0,0.960663479470745
"Sst-10","HIVEP2",-0.0770822123513965,0.114897763950146,0.502299193591222,-0.302277691597867,0.148113266895074,5,0.0444568871155266,70.5106599796102,0.999123450623938
"Sst-10","PARP6",0.0436127971555304,0.154193440820549,0.777295888921423,-0.258600793505054,0.345826387816115,5,0,0,0.999123450623938
"Sst-10","ZNF518B",-0.314961402901278,0.16534468222983,0.0567959667763139,-0.639031025106966,0.0091082193044088,5,0,0,0.999123450623938
"Sst-10","P2RX7",0.00290597557020879,0.140840455187076,0.983538333979969,-0.273136244162687,0.278948195303105,5,1.41996011249579e-07,0.00012956875158474,0.999123450623938
"Sst-10","HSF4",-0.0481352015721711,0.230069709198086,0.834276442437448,-0.499063545534023,0.402793142389681,5,0.137177031424281,52.7497790619289,0.999123450623938
"Sst-10","SRP72",0.027260193245507,0.12585331157635,0.828517819429222,-0.219407764779237,0.273928151270251,5,0.0128432169273043,15.8327947338358,0.999123450623938
"Sst-10","CSNK1G1",0.0166076402203937,0.234582158010379,0.943559566552262,-0.443164940895634,0.476380221336421,5,0.103192017398632,38.5817561071944,0.999123450623938
"Sst-10","MPPE1",-0.126948736266494,0.170627215138515,0.456869071149933,-0.461371932720351,0.207474460187364,5,0,0,0.999123450623938
"Sst-10","PURG",-0.000716370584582279,0.158438716332498,0.996392427968494,-0.311250548353036,0.309817807183871,5,0.0648925586821586,54.2363904460656,0.99951797780414
"Sst-10","ZBTB8OS",0.0497651965262525,0.0922414485229412,0.589534904290848,-0.131024720460517,0.230555113513023,5,0,0,0.999123450623938
"Sst-10","EFL1",-0.134300998937911,0.137967920956767,0.330343647412305,-0.404713155035044,0.136111157159222,5,3.25704066975446e-06,0.00295579491251557,0.999123450623938
"Sst-10","SNCG",-0.015140838074672,0.17690392396918,0.931794005338473,-0.361866157778077,0.331584481628733,5,0.0420917212397023,26.9408206030834,0.999123450623938
"Sst-10","BRSK1",-0.156092058959302,0.130055665736486,0.230063917619247,-0.410996479788195,0.0988123618695912,5,0,0,0.999123450623938
"Sst-10","ZC3H7B",-0.0466778020002354,0.129582811395004,0.718685610401689,-0.30065544534989,0.207299841349419,5,0,0,0.999123450623938
"Sst-10","NFE2L2",-0.113662937129806,0.129566063118795,0.380346218644817,-0.367607754461287,0.140281880201676,5,0.0106399396407209,12.0844205229382,0.999123450623938
"Sst-10","LRPAP1",-0.0809059066840905,0.121647964158369,0.505997860819936,-0.319331535227114,0.157519721858933,5,7.2680383838213e-06,0.00777122495794099,0.999123450623938
"Sst-10","TXNL4A",-0.0194161610015266,0.179929501855711,0.914067223659442,-0.372071504394953,0.3332391823919,5,0.0659070413328269,41.907057870678,0.999123450623938
"Sst-10","MRPL57",0.0117636619363629,0.262163954994495,0.964209818700751,-0.502068247897427,0.525595571770153,5,0.211661394399215,62.6262419014569,0.999123450623938
"Sst-10","HNRNPLL",-0.0115394555796772,0.0980819199786358,0.906344034922816,-0.203776486272343,0.180697575112989,5,3.87850232878681e-05,0.0659313208328197,0.999123450623938
"Sst-10","OXNAD1",-0.190168046130087,0.108417443952492,0.0794244234475498,-0.402662331572861,0.0223262393126864,5,0,0,0.999123450623938
"Sst-10","CABP1",-0.0718434885737993,0.139565042814338,0.606715797057002,-0.345385945990692,0.201698968843094,5,7.38157412218905e-07,0.00067507634153305,0.999123450623938
"Sst-10","WDR35",0.154131955443119,0.144512379401928,0.286167969984301,-0.129107103504848,0.437371014391085,5,3.0158514081352e-08,2.57095868272789e-05,0.999123450623938
"Sst-10","GLOD4",-0.197870394653776,0.283587209065238,0.485339244693801,-0.753691110897873,0.357950321590322,5,0.281393781531362,72.3479483385791,0.999123450623938
"Sst-10","RIC8B",-0.00459046787435056,0.111898662863715,0.967277210651048,-0.223907817005421,0.21472688125672,5,0.0203688955011415,32.7828432454375,0.999123450623938
"Sst-10","TOP1",0.0594038472463515,0.145026560177643,0.682094498862695,-0.22484298750356,0.343650681996263,5,0.0596937647334297,60.0455918204198,0.999123450623938
"Sst-10","PCGF6",-0.0213756341958459,0.141990505638258,0.880336464271211,-0.299671911393463,0.256920643001771,5,0,0,0.999123450623938
"Sst-10","LRRC49",-0.0494797546412098,0.092897814893042,0.5942927755469,-0.231556126074041,0.132596616791621,5,0.0103300458817532,23.6654762182355,0.999123450623938
"Sst-10","SNX25",-0.0268181712650236,0.0882688615621173,0.761262217081745,-0.199821960883125,0.146185618353078,5,0,0,0.999123450623938
"Sst-10","GAREM1",0.103968328729074,0.0917790694444271,0.25729368007661,-0.0759153419166041,0.283851999374751,5,0,0,0.999123450623938
"Sst-10","OGFOD3",0.255959013449734,0.173079209196763,0.139179135000682,-0.0832700030485951,0.595188029948064,5,0.0325620581717891,21.5862919703482,0.999123450623938
"Sst-10","NYAP2",0.212739333192411,0.158703698199427,0.18008893316245,-0.0983141994917806,0.523792865876603,5,0,0,0.999123450623938
"Sst-10","FTO",0.0144042378417297,0.0694000811712394,0.835577524148902,-0.121617421778056,0.150425897461515,5,0.0072190295774548,30.0965480747563,0.999123450623938
"Sst-10","WDR7",0.0598941368459638,0.0697322604720819,0.39038699895269,-0.0767785822398827,0.19656685593181,5,0.00407963389993743,16.1708166522415,0.999123450623938
"Sst-10","ARHGAP39",-0.143810840641954,0.160622950637599,0.370609728928647,-0.458626038982203,0.171004357698295,5,0,0,0.999123450623938
"Sst-10","ZNF510",0.277934651565375,0.15872766927771,0.0799431941418336,-0.0331658635689209,0.589035166699671,5,0.0088328594328717,6.77540520700612,0.999123450623938
"Sst-10","IPO11",-0.0876680329469858,0.114857220299464,0.445297393490145,-0.312784048098319,0.137447982204347,5,0,0,0.999123450623938
"Sst-10","MYL12B",0.178556782429324,0.170549938696036,0.295123926431335,-0.155714954980421,0.512828519839069,5,0,0,0.999123450623938
"Sst-10","CSMD1",0.00595240976224916,0.0531849689789444,0.910887613255027,-0.0982882139553619,0.11019303347986,5,3.60695761394646e-06,0.0221631078212826,0.999123450623938
"Sst-10","AXIN1",-0.151107861123692,0.160079519083022,0.345192648559571,-0.464857953188908,0.162642230941523,5,0,0,0.999123450623938
"Sst-10","UBE2Z",-0.0612092997543372,0.146779895058497,0.676668025038627,-0.34889260772356,0.226474008214886,5,0.0194473591236049,17.6513165483473,0.999123450623938
"Sst-10","ACADM",0.16044706722966,0.147089608571586,0.275355743391789,-0.127843268070742,0.448737402530062,5,0.0433113293970916,41.4684125749079,0.999123450623938
"Sst-10","SNRPF",0.110194501321739,0.128470583671007,0.391035433095605,-0.141603215746275,0.361992218389753,5,0,0,0.999123450623938
"Sst-10","IFT20",0.0326172666506629,0.160215513447002,0.838678833723681,-0.281399369470053,0.346633902771379,5,0.0403552766992305,31.6782993401213,0.999123450623938
"Sst-10","COL7A1",-0.441101523503111,0.182198005391446,0.0154778416548721,-0.79820305212538,-0.0839999948808435,5,0,0,0.891144034147969
"Sst-10","BTF3L4",0.00450501694550059,0.115290159975696,0.968830219805943,-0.221459544378725,0.230469578269727,5,0,0,0.999123450623938
"Sst-10","UBE2B",0.070356527340408,0.0956452492475157,0.46197491365979,-0.117104716477079,0.257817771157895,5,0.00925114627401842,19.6236070670398,0.999123450623938
"Sst-10","DHX38",0.425698712245439,0.156152555826668,0.0064073616071316,0.119645326731289,0.731752097759588,5,0,0,0.692910529236805
"Sst-10","LSM5",-0.264793546504207,0.168027144864693,0.115049442354969,-0.594120698864099,0.0645336058556857,5,0.0264404217280049,18.3116126064494,0.999123450623938
"Sst-10","CCT4",0.112741999757347,0.132505093199444,0.394852509892593,-0.146963210681686,0.37244721019638,5,0,0,0.999123450623938
"Sst-10","POGLUT1",-0.30762715065838,0.125202288762707,0.0140086716904844,-0.553019127415269,-0.0622351739014911,5,0,0,0.891144034147969
"Sst-10","EHMT1",-0.0138612093983601,0.0902381030563267,0.877919572664395,-0.190724641421974,0.163002222625254,5,2.0261268928828e-06,0.00433916962767655,0.999123450623938
"Sst-10","TIMM44",0.00802738559113877,0.163014402284453,0.960725314374667,-0.311474971847714,0.327529743029991,5,1.89958586242364e-06,0.00127393979375073,0.999123450623938
"Sst-10","TRIM25",0.0348616173450727,0.125803028518636,0.781693567655868,-0.211707787697519,0.281431022387665,5,0.000436748951552582,0.465919476575969,0.999123450623938
"Sst-10","SHPRH",-0.0462787849621114,0.0997026300919799,0.642527281223158,-0.241692349106311,0.149134779182089,5,0.022013868023058,45.6800401024862,0.999123450623938
"Sst-10","OCIAD1",-0.0144851115233777,0.0784829808191455,0.853571237984203,-0.168308927328251,0.139338704281495,5,0.00647017846183235,19.9427099149424,0.999123450623938
"Sst-10","CLVS2",-0.0558029351343685,0.130555289426366,0.669067901976259,-0.311686600401249,0.200080730132512,5,0.0429199258055269,53.2587007272864,0.999123450623938
"Sst-10","BCL7A",0.0938789646684893,0.139665792026371,0.501476346617249,-0.179860957575459,0.367618886912437,5,0,0,0.999123450623938
"Sst-10","B4GALNT1",-0.172849286244009,0.241822759573701,0.474747003680304,-0.646813185650551,0.301114613162534,5,0.140354155420787,48.5719911902061,0.999123450623938
"Sst-10","AGBL3",0.382469195470101,0.231104230126951,0.0979317880061591,-0.0704867722535787,0.835425163193781,5,0.176455775977671,70.4389399826471,0.999123450623938
"Sst-10","ADAMTS19",-0.0304520801945399,0.374821145870971,0.935247672657504,-0.765088026745676,0.704183866356596,5,0.521942007300405,76.0662543820183,0.999123450623938
"Sst-10","GIPC2",0.231558762502961,0.182981987883333,0.20570182637623,-0.127079343567917,0.590196868573839,5,0.03821510405387,22.4542786609266,0.999123450623938
"Sst-10","DNAJB9",-0.12818811086998,0.183531474178779,0.484893933747425,-0.48790319028993,0.23152696854997,5,8.75855847984036e-07,0.000489749091451869,0.999123450623938
"Sst-10","PDPK1",-0.0495526576643995,0.114879265394112,0.666217149161713,-0.274711880407278,0.175606565078479,5,0,0,0.999123450623938
"Sst-10","DEF8",-0.172301194856991,0.149361823729889,0.24867135213193,-0.465044990032793,0.120442600318811,5,0,0,0.999123450623938
"Sst-10","ZNF595",-0.0150460986956719,0.127468877381599,0.906038000298126,-0.264880507513359,0.234788310122015,5,0,0,0.999123450623938
"Sst-10","STPG2",0.176395880154064,0.206045139075234,0.391940759861431,-0.22744517162294,0.580236931931069,5,0.0734925934568021,35.2095581597384,0.999123450623938
"Sst-10","GRK2",-0.179329422827227,0.243098113600661,0.460706912216225,-0.655792970194149,0.297134124539695,5,0.157890008464716,54.390522079701,0.999123450623938
"Sst-10","ZNF736",0.102655190153494,0.111395379937994,0.35676907477566,-0.11567574256913,0.320986122876118,5,0.00388409018207691,5.6793283713129,0.999123450623938
"Sst-10","CNOT6",0.161507895067107,0.122426565444756,0.187094696450722,-0.0784437639555512,0.401459554089765,5,0.00854112478218652,10.48584659402,0.999123450623938
"Sst-10","GRIK1",-0.0648112327648368,0.0584659878600809,0.267633497929074,-0.179402463291151,0.0497799977614778,5,0.00355257932199137,20.625098592641,0.999123450623938
"Sst-10","SLC11A2",-0.112026729361786,0.101184233693447,0.268226496160232,-0.310344183204226,0.0862907244806537,5,0,0,0.999123450623938
"Sst-10","E2F3",-0.16907866871409,0.149927924314625,0.259432694156545,-0.462932000647603,0.124774663219422,5,0,0,0.999123450623938
"Sst-10","FGGY",-0.0847246673318422,0.262743498962829,0.747103086764603,-0.599692462471023,0.430243127807339,5,0.252319338131716,76.456738072536,0.999123450623938
"Sst-10","DDAH1",0.0679584989600056,0.226758946927414,0.764409892355735,-0.376480870189955,0.512397868109966,5,0.142488149834989,56.9094885044981,0.999123450623938
"Sst-10","LRRK2",-0.148402030836215,0.18210866419456,0.415124270953115,-0.505328453930251,0.20852439225782,5,0.0505587802566451,30.3675038081412,0.999123450623938
"Sst-10","SOX5",0.0758748784983358,0.230196943776899,0.741695769094944,-0.375302840655578,0.52705259765225,5,0.103155097462156,40.154020930993,0.999123450623938
"Sst-10","SLC10A7",-0.122082054784134,0.150594782234946,0.417557560657661,-0.417242404224281,0.173078294656013,5,0,0,0.999123450623938
"Sst-10","CYP4V2",-0.0473085852023015,0.217531072329181,0.827834551080339,-0.473661652485874,0.379044482081271,5,0.0925759449486195,39.7563198487692,0.999123450623938
"Sst-10","CEP126",0.0845415100110418,0.153071977123366,0.580743470348138,-0.215474052193095,0.384557072215178,5,0.0732042359486351,65.5784559145795,0.999123450623938
"Sst-10","RPLP2",0.00529900984908309,0.155340640275435,0.972787685807237,-0.299163050426162,0.309761070124328,5,0,0,0.999123450623938
"Sst-10","ACTR3",-0.184153844790238,0.108049207963569,0.0883154128611509,-0.395926400956911,0.027618711376435,5,0,0,0.999123450623938
"Sst-10","MTX3",-0.0811281801311728,0.148136261456858,0.583925961263808,-0.371469917391024,0.209213557128678,5,0,0,0.999123450623938
"Sst-10","ZNF431",0.104865041853315,0.156930849382881,0.503990284455339,-0.202713771000412,0.412443854707042,5,0,0,0.999123450623938
"Sst-10","ETV6",0.141609917706307,0.133717513960705,0.289589322456643,-0.120471593758907,0.403691429171522,5,0,0,0.999123450623938
"Sst-10","SPATA6",-0.1101694115603,0.184293802301204,0.549978545023107,-0.471378626644605,0.251039803524005,5,0.0548490009185017,32.5084245084065,0.999123450623938
"Sst-10","CFAP70",0.0658286597131773,0.155827802513633,0.67270031421096,-0.239588221003564,0.371245540429919,5,0,0,0.999123450623938
"Sst-10","ST3GAL2",-0.148051112003515,0.185057014035721,0.423693575349027,-0.510756194600052,0.214653970593023,5,0.0610682237015976,36.1756081136614,0.999123450623938
"Sst-10","PUS7",-0.0161500675875627,0.132182305164836,0.90275626449785,-0.275222625104123,0.242922489928998,5,0,0,0.999123450623938
"Sst-10","LPCAT3",0.227673623904643,0.174999414776991,0.193259657097377,-0.115318926373845,0.570666174183132,5,0.0240746184155634,15.2842180826368,0.999123450623938
"Sst-10","PLAGL1",0.0911870378688696,0.181806876997268,0.615977137273205,-0.265147893187479,0.447521968925218,5,0.033692013703398,20.1512341545429,0.999123450623938
"Sst-10","ERCC4",0.0555727783884727,0.152893329646237,0.716250693570055,-0.244092641194562,0.355238197971508,5,8.49664049114219e-07,0.00066902085043226,0.999123450623938
"Sst-10","NCKAP5L",-0.211788836260651,0.277621766333174,0.445541961776445,-0.755917499598067,0.332339827076765,5,0.266459884746765,71.3592044348355,0.999123450623938
"Sst-10","ZYG11B",-0.0507244158956707,0.105602053189644,0.630988844022126,-0.257700636840855,0.156251805049514,5,0.0220466944982165,40.7699871459387,0.999123450623938
"Sst-10","SPON1",0.0455733830865414,0.221569840987179,0.837037715484738,-0.388695525308595,0.479842291481678,5,0.132941756318875,55.2115075214993,0.999123450623938
"Sst-10","LRRC40",0.028529644669082,0.168655162314035,0.865671083575334,-0.302028399273183,0.359087688611347,5,0.06882876853221,51.1038810811582,0.999123450623938
"Sst-10","PIK3IP1",-0.12924081577836,0.310543520488763,0.67728108932473,-0.737894931568611,0.479413300011892,5,0.308635748093214,66.2003898388094,0.999123450623938
"Sst-10","CDYL",0.0093382765358441,0.124851169716619,0.940377607902344,-0.235365519536428,0.254042072608116,5,5.09537560694379e-06,0.00591619752534227,0.999123450623938
"Sst-10","RPL8",0.273591922756846,0.141327836615349,0.0528839683998632,-0.00340554702219997,0.550589392535891,5,4.38633090663974e-06,0.00427450934762693,0.999123450623938
"Sst-10","SIPA1L3",-0.0474920330152498,0.0779788493513084,0.542499671730906,-0.200327769299689,0.105343703269189,5,8.17456821669779e-07,0.00223674476954325,0.999123450623938
"Sst-10","AGO2",-0.0965243900074292,0.0931540357533841,0.300117968984889,-0.279102945098619,0.08605416508376,5,0,0,0.999123450623938
"Sst-10","PPP1R12B",0.084231548070197,0.0709599440820453,0.235215978325525,-0.054847386675588,0.223310482815982,5,0.00390700488917959,14.8762887090918,0.999123450623938
"Sst-10","PGAM1",0.223407348891464,0.128756263322161,0.0827198533403821,-0.0289502900039284,0.475764987786856,5,2.83299675106254e-06,0.00318994459716398,0.999123450623938
"Sst-10","YTHDC1",0.0751035211625137,0.0887756944424095,0.39755724567939,-0.0988936426471415,0.249100684972169,5,3.02221040097089e-07,0.00069336722079136,0.999123450623938
"Sst-10","ZKSCAN1",-0.00461518050718127,0.178683675359732,0.979393910101768,-0.354828748837502,0.34559838782314,5,0.106724317441083,69.7746815483969,0.999123450623938
"Sst-10","SCAPER",0.130895329334687,0.0536672415501502,0.0147272641415484,0.0257094687467811,0.236081189922593,5,5.83490813237682e-06,0.0321483318550803,0.891144034147969
"Sst-10","MKNK1",0.018282989270935,0.118922615829607,0.877815895879878,-0.214801054702388,0.251367033244258,5,0,0,0.999123450623938
"Sst-10","SLU7",-0.133549820990914,0.14278245118871,0.349614250833163,-0.413398282945134,0.146298640963305,5,0,0,0.999123450623938
"Sst-10","RASGRP2",0.0325116241325558,0.28809141066154,0.910148078013991,-0.532137165019402,0.597160413284513,5,0.245502087511777,60.8153543346115,0.999123450623938
"Sst-10","PCYOX1",-0.0204008164337853,0.113112868687842,0.85687148541605,-0.242097965249964,0.201296332382394,5,0,0,0.999123450623938
"Sst-10","AVL9",0.0211275221015211,0.0985047834212361,0.830171050748188,-0.17193830570902,0.214193349912062,5,0.0152638958626745,31.8261415144516,0.999123450623938
"Sst-10","MAP1LC3A",-0.078836473911341,0.120178072291386,0.511825952634263,-0.314381167333908,0.156708219511226,5,0,0,0.999123450623938
"Sst-10","GTPBP10",0.0911714253216695,0.132323611297277,0.49082109353812,-0.16817808712527,0.350520937768609,5,0,0,0.999123450623938
"Sst-10","GAD2",-0.213053939379042,0.0679016388977964,0.00170287897836133,-0.346138706109967,-0.0799691726481174,5,0,0,0.433027933539132
"Sst-10","AATF",0.108362689843732,0.135668904644449,0.424447561823182,-0.157543477081387,0.374268856768851,5,0.00593603679754192,5.97721845137643,0.999123450623938
"Sst-10","MED6",0.026389904605224,0.136783831343781,0.847012644529352,-0.241701478495987,0.294481287706435,5,0,0,0.999123450623938
"Sst-10","BIN1",-0.0641970650666803,0.175758060580561,0.714918710571939,-0.408676533797189,0.280282403663829,5,0.0972573979203903,66.0027312032483,0.999123450623938
"Sst-10","BEX1",-0.0394611569981087,0.131170645631298,0.763537784096511,-0.29655089826432,0.217628584268102,5,1.93747779458943e-07,0.000207275633064564,0.999123450623938
"Sst-10","ZNF146",0.0888763406569615,0.117161842666139,0.448105321297221,-0.14075665133102,0.318509332644943,5,0,0,0.999123450623938
"Sst-10","ANKZF1",-0.299713924092636,0.199199508427419,0.132429085272462,-0.690137786348461,0.0907099381631889,5,0.0669936273985088,34.1620579401704,0.999123450623938
"Sst-10","CLVS1",0.0319843031617002,0.0966692688579292,0.740747823705628,-0.157483982211661,0.221452588535061,5,0,0,0.999123450623938
"Sst-10","TTC1",0.0556917747392277,0.0966840765143643,0.564602970664005,-0.133805533107441,0.245189082585897,5,0,0,0.999123450623938
"Sst-10","MKRN3",0.0622224532059938,0.134315174154512,0.643180117933434,-0.201030450714075,0.325475357126062,5,0,0,0.999123450623938
"Sst-10","HADHB",0.0527613064897341,0.163231437562267,0.746521021164506,-0.267166432277008,0.372689045256476,5,0.034196293481561,25.1397186671969,0.999123450623938
"Sst-10","ATXN7L3",-0.0948126549260114,0.14999486009805,0.52731759787966,-0.388797178584313,0.199171868732291,5,0,0,0.999123450623938
"Sst-10","SLC25A33",-0.245002962727604,0.181669842794637,0.177460151231134,-0.601069311682147,0.111063386226938,5,0,0,0.999123450623938
"Sst-10","KHSRP",-0.110160683773398,0.155292974501518,0.478092876222283,-0.414529320848471,0.194207953301674,5,0,0,0.999123450623938
"Sst-10","LHPP",-0.0712328877600314,0.163483040348395,0.663039638252971,-0.391653758925993,0.24918798340593,5,0.062355381305064,48.2866555140806,0.999123450623938
"Sst-10","TRIP4",-0.0964118250642043,0.10923852449311,0.377462802436921,-0.310515398794997,0.117691748666588,5,0,0,0.999123450623938
"Sst-10","SERBP1",-0.00739832186418728,0.123167040656432,0.952101967244213,-0.248801285633174,0.2340046419048,5,0,0,0.999123450623938
"Sst-10","MRPL1",-0.0876451915522181,0.151504967388609,0.562928522299398,-0.384589471112807,0.209299088008371,5,0.0280211714936969,24.118390086048,0.999123450623938
"Sst-10","EIF5",0.145636216259403,0.108576744040869,0.179816405830275,-0.0671702916193238,0.358442724138129,5,0,0,0.999123450623938
"Sst-10","DISP2",-0.0504836323733859,0.124158442129668,0.684297006056268,-0.293829707324136,0.192862442577364,5,0,0,0.999123450623938
"Sst-10","RAVER2",-0.0301581364419723,0.161316846324438,0.851700069082116,-0.346333345337453,0.286017072453508,5,0.053396288257955,42.0002804522456,0.999123450623938
"Sst-10","PAK3",0.0446160857065514,0.0556257983968137,0.422509331454786,-0.0644084757624892,0.153640647175592,5,5.53804502932277e-06,0.0312794863056301,0.999123450623938
"Sst-10","TCP1",-0.0163068743785456,0.199825028085546,0.934960216401346,-0.407956732635921,0.37534298387883,5,0.0739279297374019,37.6512501327759,0.999123450623938
"Sst-10","CERS4",0.0445211583004578,0.131030742345089,0.734024896587663,-0.212294377563464,0.30133669416438,5,0.022931030012388,26.6927151643893,0.999123450623938
"Sst-10","TRAK1",-0.0807607947407561,0.109391852527775,0.460349994310461,-0.295164885897311,0.133643296415799,5,0.0241370551403986,41.8718000811064,0.999123450623938
"Sst-10","OMG",0.0217806966039549,0.13670020678852,0.873407429981362,-0.246146785380721,0.289708178588631,5,0,0,0.999123450623938
"Sst-10","TBC1D8",-0.196924456700088,0.0904954105672055,0.0295499370045569,-0.374292202177977,-0.0195567112222002,5,0,0,0.999123450623938
"Sst-10","PTBP3",-0.151839289124079,0.140737796176062,0.280640922864996,-0.427680300892699,0.124001722644542,5,0.0124527874429673,11.7999182370973,0.999123450623938
"Sst-10","ACBD6",0.0587505753913154,0.0993070061315195,0.554114760507026,-0.135887580038961,0.253388730821592,5,0.0212042660848396,44.9465190480809,0.999123450623938
"Sst-10","DNAJC3",0.247268253327344,0.136429636894005,0.0699208146445226,-0.0201289214087829,0.514665428063471,5,0,0,0.999123450623938
"Sst-10","CCDC171",0.0771058034599529,0.0963199706552103,0.423411140610518,-0.111677870016214,0.26588947693612,5,0,0,0.999123450623938
"Sst-10","ERCC6",-0.0876331930128108,0.139187378372936,0.528952470048819,-0.360435441726315,0.185169055700693,5,0.0248781870575575,25.3545776927877,0.999123450623938
"Sst-10","ZCCHC7",0.0962491881940979,0.0685077620615795,0.160039585404412,-0.0380235581080375,0.230521934496233,5,0.00297542307636071,11.6046896761324,0.999123450623938
"Sst-10","SLTM",-0.20344671764077,0.0813691082732975,0.0124090172760558,-0.362927239310573,-0.0439661959709672,5,0,0,0.881748287364026
"Sst-10","CSDE1",-0.0864614344401001,0.0938976618903686,0.357152255837472,-0.270497469977742,0.0975746010975414,5,0.00838904257150404,18.4742661782833,0.999123450623938
"Sst-10","EPHA6",0.0910739208397137,0.128737814144344,0.479294816220572,-0.161247558331612,0.34339540001104,5,7.31440674098031e-07,0.00078676362316972,0.999123450623938
"Sst-10","PIP5K1C",-0.186795549423306,0.138749420622491,0.178212281144536,-0.458739416719187,0.0851483178725747,5,0,0,0.999123450623938
"Sst-10","TMEM184B",-0.0470469543460836,0.119640749256716,0.694145771292375,-0.281538513972633,0.187444605280466,5,0.0145055015194583,19.3319815431521,0.999123450623938
"Sst-10","AAGAB",-0.246077960519809,0.219418010111601,0.262073807641635,-0.676129357897991,0.183973436858374,5,0.135241788558057,58.3176441958546,0.999123450623938
"Sst-10","IK",-0.000871121564274812,0.177845172240563,0.996091815939474,-0.349441253980101,0.347699010851551,5,0,0,0.99951797780414
"Sst-10","METTL9",-0.135721806788907,0.128294485146611,0.29010433700069,-0.387174377091373,0.115730763513559,5,0.0096862671114485,10.9086391109393,0.999123450623938
"Sst-10","FOXK1",-0.142413654005375,0.110706219831581,0.198299803085777,-0.359393857739847,0.0745665497290965,5,0,0,0.999123450623938
"Sst-10","ZNF618",0.164856553728743,0.123753692959488,0.18281602228765,-0.0776962274256811,0.407409334883167,5,2.75220918587624e-08,3.34232382670909e-05,0.999123450623938
"Sst-10","NAPB",0.0509227634332513,0.117307934495643,0.664219607187449,-0.178996563278993,0.280842090145495,5,0.0184990872881127,26.7373726106403,0.999123450623938
"Sst-10","NRBP2",-0.0952821613743048,0.217866081622561,0.661862762782468,-0.522291834807389,0.331727512058779,5,0.0756783943292769,32.2509286661232,0.999123450623938
"Sst-10","CCS",-0.184588819140525,0.266324115298196,0.488247799469835,-0.706574493339481,0.337396855058431,5,0.201297360893086,59.358472446192,0.999123450623938
"Sst-10","RBM45",0.0495517743066591,0.134512183858422,0.712588932667843,-0.214087261537678,0.313190810150996,5,0,0,0.999123450623938
"Sst-10","NFU1",0.198983577481257,0.155812324999528,0.201576783847294,-0.106402967865268,0.504370122827781,5,0.0170123837002521,13.5035700054425,0.999123450623938
"Sst-10","ABHD3",0.398022521514255,0.19993984688793,0.0465126307413929,0.00614762253945905,0.789897420489051,5,0.0519577615064744,25.9757595760379,0.999123450623938
"Sst-10","GOLM1",0.0789109089355692,0.0953360933099187,0.407833143431602,-0.107944400378621,0.26576621824976,5,0,0,0.999123450623938
"Sst-10","FBXW5",0.0198929231243289,0.183932530546718,0.913874032856027,-0.340608212332552,0.380394058581209,5,0.0340799102113402,19.9359003858492,0.999123450623938
"Sst-10","PHKB",-0.167773760859229,0.0744807847672888,0.0242857833918615,-0.313753416543394,-0.0217941051750633,5,0,0,0.999123450623938
"Sst-10","KNDC1",0.0606267084275615,0.13038528482027,0.641944907513309,-0.194923753934164,0.316177170789287,5,0.0219474229123066,25.528453643551,0.999123450623938
"Sst-10","APPL2",0.0171660232307176,0.118464575971889,0.884786452858607,-0.215020279117993,0.249352325579428,5,0.0136023101410722,18.8524781376336,0.999123450623938
"Sst-10","MAPK8IP3",-0.00011234337003334,0.0774758898289668,0.998843033500565,-0.151962297105001,0.151737610364935,5,0,0,0.99951797780414
"Sst-10","RMND5A",0.0116771696326568,0.199220451456294,0.953259311218506,-0.37878774020549,0.402142079470804,5,0.101781029481495,52.7343306485133,0.999123450623938
"Sst-10","RNF220",-0.098159729862215,0.160675288198457,0.541252614504356,-0.413077507936784,0.216758048212354,5,0,0,0.999123450623938
"Sst-10","SGPL1",-0.100334010360679,0.16003689375466,0.530696599042353,-0.414000558317476,0.213332537596119,5,0.0315126250733338,24.5518794144766,0.999123450623938
"Sst-10","NDRG3",-0.0340940851271345,0.0789544440447193,0.665872453150266,-0.188841951874167,0.120653781619898,5,0,0,0.999123450623938
"Sst-10","NUP188",-0.230889973925695,0.243804489883664,0.343623893720379,-0.708737993366836,0.246958045515445,5,0.154739309005116,53.9110949232164,0.999123450623938
"Sst-10","SMYD3",0.0312957976149031,0.0485369796465874,0.519068110292043,-0.0638349344107617,0.126426529640568,5,4.41345271849027e-06,0.0302352238962066,0.999123450623938
"Sst-10","RBM12B",0.0700674552923022,0.120742675471899,0.561709643057399,-0.166583840029628,0.306718750614232,5,0,0,0.999123450623938
"Sst-10","RASA1",-0.0292214783661572,0.0996384112689274,0.769311782311135,-0.224509175930045,0.16606621919773,5,0.0255038175712126,53.429114208027,0.999123450623938
"Sst-10","ZNF528",-0.191506174333155,0.227252933003995,0.399395932866136,-0.636913738402079,0.253901389735769,5,0.135712715057183,55.8588775371824,0.999123450623938
"Sst-10","MMP17",0.0252482646989591,0.191769913625537,0.895253894134588,-0.35061385932545,0.401110388723368,5,0.0333049491026506,17.9500264614474,0.999123450623938
"Sst-10","CBX5",-0.160640086418449,0.097760757341914,0.100342385124187,-0.35224764990996,0.0309674770730625,5,0,0,0.999123450623938
"Sst-10","TARBP1",-0.135614343825284,0.105034060473748,0.196652934400086,-0.341477319503831,0.0702486318532641,5,0.0198149007416982,36.5278312088944,0.999123450623938
"Sst-10","TDP2",-0.0196383055604372,0.174648581757471,0.910470822827206,-0.361943235756079,0.322666624635205,5,0.0613735183099881,41.0066839623768,0.999123450623938
"Sst-10","PPP2R2C",0.0852592608741479,0.0824802259734268,0.30127954416536,-0.0763990114704937,0.246917533218789,5,0.00575562986141818,16.2584693966428,0.999123450623938
"Sst-10","DOCK4",-0.0952989316855401,0.0718211477936335,0.184544294804781,-0.23606579468939,0.04546793131831,5,0,0,0.999123450623938
"Sst-10","TTBK1",0.0117479036167111,0.306187269592154,0.969393986862585,-0.588368117308566,0.611863924541989,5,0.364428254164605,80.6606323021133,0.999123450623938
"Sst-10","SARM1",-0.0172177715427087,0.135356773756682,0.898779825443678,-0.282512173169343,0.248076630083925,5,0,0,0.999123450623938
"Sst-10","OTUD4",-0.0952921095157182,0.102688909708391,0.353423727772148,-0.29655867415585,0.105974455124414,5,5.59790843036684e-08,9.11533473394833e-05,0.999123450623938
"Sst-10","JAKMIP2",0.114492023336144,0.115942631684588,0.323403184500484,-0.112751359038441,0.341735405710729,5,0.0412333078744213,64.7188495448331,0.999123450623938
"Sst-10","MMP24",-0.0491037805630702,0.106572060148717,0.644973239066549,-0.257981180212792,0.159773619086652,5,0,0,0.999123450623938
"Sst-10","PKP4",-0.0271369669736725,0.0756524494344645,0.719815242629427,-0.17541304320746,0.121139109260115,5,0,0,0.999123450623938
"Sst-10","BRSK2",-0.302343547063049,0.114206419163487,0.00811270567918425,-0.526184015426768,-0.0785030786993307,5,0,0,0.765906503041559
"Sst-10","ZNF133",0.109442887529314,0.0983107930381763,0.265608074187845,-0.0832427261170829,0.30212850117571,5,0.00277458726837496,5.12943153018661,0.999123450623938
"Sst-10","CDKL1",0.0424935582324587,0.194140817091618,0.826743461459899,-0.33801545119629,0.423002567661207,5,0.0860486777826433,46.9251720967931,0.999123450623938
"Sst-10","SEC22A",0.0812908497684534,0.112865966712138,0.471375789424583,-0.139922380067634,0.302504079604541,5,0.00605403056866817,8.93330099768979,0.999123450623938
"Sst-10","RAC3",-0.0592073694168105,0.23948120208696,0.804728833732589,-0.52858190048161,0.410167161647989,5,0.0914408734625239,32.2880518959787,0.999123450623938
"Sst-10","CKB",-0.0123777413481311,0.161505967151725,0.938910311350691,-0.32892362025382,0.304168137557558,5,0.0700320537964055,55.0860053020693,0.999123450623938
"Sst-10","METTL25",-0.0718106276096028,0.114742497007554,0.531418844612769,-0.296701789240603,0.153080534021398,5,0,0,0.999123450623938
"Sst-10","ZNF124",-0.249048735856469,0.180679904269288,0.168080582020818,-0.603174840954417,0.105077369241479,5,0,0,0.999123450623938
"Sst-10","SUMF2",0.0390438091519843,0.24315208776722,0.872429239240797,-0.437525525637488,0.515613143941457,5,0.184848760939198,65.2378115664371,0.999123450623938
"Sst-10","GPC1",0.0638062356720547,0.182492947012685,0.726611348551969,-0.293873367905384,0.421485839249493,5,0.0785092969109441,48.4677904695805,0.999123450623938
"Sst-10","MT-ND4L",0.2246950984386,0.222898356966598,0.313425269710031,-0.212177653429084,0.661567850306284,5,0.0861617829585779,35.1369864925074,0.999123450623938
"Sst-10","NOVA1",0.050128985913063,0.0717460115769612,0.484739119033904,-0.0904906128121746,0.190748584638301,5,9.94303867023352e-07,0.00354350650548779,0.999123450623938
"Sst-10","ZNF148",-0.0355761921776131,0.061292798098532,0.561624532067482,-0.155707868962421,0.0845554846071947,5,0,0,0.999123450623938
"Sst-10","MAFG",-0.349761193754926,0.189204741151218,0.0645176477592001,-0.720595672115536,0.0210732846056833,5,0,0,0.999123450623938
"Sst-10","SLC6A6",-0.232851808994609,0.146425439510626,0.111780381775054,-0.519840396855884,0.0541367788666665,5,0,0,0.999123450623938
"Sst-10","PRR16",0.176399631657738,0.227051342420756,0.43720882218073,-0.268612822128415,0.621412085443892,5,0,0,0.999123450623938
"Sst-10","OXR1",-0.0316166634355043,0.0507537710366378,0.533322535763356,-0.131092226746907,0.0678588998758979,5,1.82863561046605e-06,0.0130893001176517,0.999123450623938
"Sst-10","RUFY1",-0.172421157640531,0.193065950733806,0.371820383514854,-0.550823467719776,0.205981152438714,5,0.104343331498313,58.3386060039569,0.999123450623938
"Sst-10","ZNF783",-0.165108413903631,0.154290157738915,0.284566959592899,-0.467511566240908,0.137294738433646,5,0,0,0.999123450623938
"Sst-10","AKNA",0.0751908075984883,0.176586142029494,0.670251819341921,-0.270911670948195,0.421293286145172,5,0.00395838914573981,2.38913379977381,0.999123450623938
"Sst-10","CKAP5",-0.0385037966136345,0.102904839132513,0.708278615983042,-0.240193575148248,0.163185981920979,5,0.0100496599408958,18.5245901091919,0.999123450623938
"Sst-10","TDG",0.205166857810189,0.190647759655906,0.28185719543187,-0.168495884848636,0.578829600469014,5,0.0601360907859042,33.5109946624785,0.999123450623938
"Sst-10","SF3B2",0.0405182831282199,0.134295193248367,0.762872688163633,-0.222695458935425,0.303732025191865,5,0,0,0.999123450623938
"Sst-10","STK25",-0.152332598451549,0.122603770532831,0.21405991924826,-0.392631573064711,0.0879663761616129,5,0,0,0.999123450623938
"Sst-10","MTM1",-0.107860182195221,0.134666497610697,0.423164672530546,-0.371801667436336,0.156081303045895,5,0,0,0.999123450623938
"Sst-10","RPRD2",-0.0391485463356921,0.0653590432648056,0.549188398934644,-0.167249917198706,0.0889528245273221,5,0,0,0.999123450623938
"Sst-10","RBM4",0.134471490091472,0.180652480076281,0.456655329847821,-0.219600864575878,0.488543844758822,5,0.071346995905455,44.977084867584,0.999123450623938
"Sst-10","DNAH14",-0.101692498732586,0.137671160217556,0.460112070936133,-0.37152301446884,0.168138017003668,5,2.91076570477446e-07,0.000281827733285785,0.999123450623938
"Sst-10","LRRC4B",-0.0237583312653749,0.0917444181886749,0.795664448811263,-0.203574086697759,0.156057424167009,5,6.18556933606191e-06,0.0129508995214393,0.999123450623938
"Sst-10","NCLN",-0.26051517500287,0.152096459230043,0.0867440651861371,-0.558618757269819,0.0375884072640787,5,0.00142041476337653,1.09509992380529,0.999123450623938
"Sst-10","MTHFD1",0.106921166704185,0.192846884895933,0.57928080925465,-0.271051782222586,0.484894115630956,5,0.0700765012142442,38.8002727464881,0.999123450623938
"Sst-10","TF",-0.148233938947973,0.153740866340775,0.334955460000504,-0.449560499927879,0.153092622031933,5,0,0,0.999123450623938
"Sst-10","ANKRD27",0.0336892030685767,0.20972700290751,0.872381991159426,-0.377368169215671,0.444746575352824,5,0.104750044301818,50.070573191951,0.999123450623938
"Sst-10","PSME4",-0.146934515430155,0.0950111380420821,0.121984392333244,-0.333152924122799,0.0392838932624892,5,0,0,0.999123450623938
"Sst-10","ATP11A",-0.103495515650391,0.197947248307211,0.60108287166216,-0.491464993171332,0.28447396187055,5,0.116810033373649,61.9027351669291,0.999123450623938
"Sst-10","FADS1",-0.239213024071992,0.137941952890585,0.0828902033366654,-0.509574283694659,0.0311482355506749,5,0,0,0.999123450623938
"Sst-10","GRIA3",-0.0699498575398187,0.051676225703797,0.175858353777305,-0.171233398776224,0.0313336836965865,5,0,0,0.999123450623938
"Sst-10","CCDC102B",-0.0188565821611942,0.1689523624297,0.911133539164165,-0.349997127626365,0.312283963303977,5,0,0,0.999123450623938
"Sst-10","GDAP2",0.062178134885684,0.125161774932165,0.61934268837796,-0.183134436222468,0.307490705993836,5,0,0,0.999123450623938
"Sst-10","FAM20C",-0.178507459533451,0.158039288698867,0.258681412811066,-0.488258773525558,0.131243854458656,5,0.0277068388100192,21.2574501729207,0.999123450623938
"Sst-10","RNH1",-0.173879512160546,0.257252603543434,0.499098023000935,-0.678085350034839,0.330326325713747,5,0.184951011170595,56.868920224137,0.999123450623938
"Sst-10","XPC",0.189186894057686,0.23893991659669,0.428491292242894,-0.279126736940831,0.657500525056203,5,0.164785922433856,62.3183124232219,0.999123450623938
"Sst-10","LNPEP",-0.0619206222992826,0.0911967448136058,0.497151531341883,-0.24066295764124,0.116821713042675,5,0,0,0.999123450623938
"Sst-10","ALDH18A1",-0.00936517533460667,0.178961906662877,0.95826530981003,-0.360124066998464,0.341393716329251,5,0,0,0.999123450623938
"Sst-10","C15orf61",-0.171745173862581,0.190457353427639,0.36718897327378,-0.545034727171569,0.201544379446407,5,0,0,0.999123450623938
"Sst-10","RAB40C",0.0350521714010189,0.209987971510883,0.867429327052443,-0.376516689946934,0.446621032748972,5,0.101779552438313,47.208669623504,0.999123450623938
"Sst-10","MFHAS1",-0.117421341642171,0.121288860216052,0.332987858562656,-0.355143139391546,0.120300456107204,5,0,0,0.999123450623938
"Sst-10","NIM1K",-0.035399388986047,0.128887893636425,0.783583187192171,-0.28801501855667,0.217216240584576,5,7.16869583421101e-07,0.000802619240048284,0.999123450623938
"Sst-10","NNT",-0.0200618199264492,0.0815857442478438,0.805760731056464,-0.179966940304119,0.139843300451221,5,0,0,0.999123450623938
"Sst-10","ARHGEF37",0.170533126463332,0.177239536105151,0.335968290951122,-0.176849980939351,0.517916233866015,5,0,0,0.999123450623938
"Sst-10","RPS11",-0.0560376846719579,0.151125339844249,0.710784487145969,-0.352237907918062,0.240162538574146,5,0.0147084183843016,12.3273713974046,0.999123450623938
"Sst-10","NEK4",-0.0325539457016145,0.146814138803796,0.824519584925446,-0.320304370178319,0.25519647877509,5,0.0381541873784779,36.037318282857,0.999123450623938
"Sst-10","GGA1",-0.519718872279975,0.148898891246667,0.000482271621390229,-0.811555336461389,-0.227882408098562,5,0,0,0.256215998077676
"Sst-10","ESF1",-0.101181660340218,0.101369352514801,0.31820738755522,-0.299861940405372,0.0974986197249363,5,0,0,0.999123450623938
"Sst-10","ST3GAL1",-0.2247143149853,0.226006133806688,0.320084553540619,-0.667678197531549,0.218249567560948,5,0.127012146412505,52.1073786517045,0.999123450623938
"Sst-10","BOD1L1",0.0779734639430358,0.0828297706041097,0.346515264592637,-0.0843699032887337,0.240316831174805,5,2.89045663759096e-06,0.00733036103706323,0.999123450623938
"Sst-10","METTL26",-0.327236551823552,0.180974573529124,0.0705768160725573,-0.681940198058131,0.0274670944110257,5,3.02872040392183e-07,0.000179636997091564,0.999123450623938
"Sst-10","DTWD2",-0.276629649136704,0.185419765342127,0.135722674282535,-0.640045711229141,0.0867864129557333,5,0.0567310605176207,33.3291938725445,0.999123450623938
"Sst-10","PSIP1",0.0247703173288031,0.102796125748839,0.809581874677114,-0.176706386889172,0.226247021546779,5,0.0219206397218571,42.7661484666902,0.999123450623938
"Sst-10","SETX",-0.058450600307572,0.0797469168442434,0.46358817916325,-0.2147516852004,0.0978504845852557,5,0,0,0.999123450623938
"Sst-10","ZNF692",0.0557891416236063,0.158923380480251,0.72555513870509,-0.255694960419041,0.367273243666253,5,0,0,0.999123450623938
"Sst-10","DIAPH1",-0.0359877425118124,0.103142484838323,0.727154707458294,-0.238143298070893,0.166167813047269,5,0,0,0.999123450623938
"Sst-10","BRD9",0.175588959926472,0.13350166479908,0.188423643001023,-0.0860694949558638,0.437247414808807,5,0,0,0.999123450623938
"Sst-10","ATP6V1F",0.0397467520885584,0.178675666264393,0.823962067025088,-0.31045111870335,0.389944622880467,5,0.0225800597717964,13.9249580071729,0.999123450623938
"Sst-10","ANKRD36C",0.0136261483741233,0.0581144571755351,0.81461943139656,-0.100276094671021,0.127528391419267,5,0.00220728055108697,11.5305683824266,0.999123450623938
"Sst-10","UNC13C",0.213826371979245,0.377528432657732,0.571132214213457,-0.526115759169764,0.953768503128254,5,0.526256934383493,78.5378446281231,0.999123450623938
"Sst-10","SMAD9",0.0197185687820868,0.220514961714414,0.928747693713639,-0.412482814230394,0.451919951794568,5,0.133510899127713,56.1682792667315,0.999123450623938
"Sst-10","CAMK2N2",-0.177159929273193,0.175900632243522,0.313858305574468,-0.521918833328322,0.167598974781936,5,0.0613234810544073,40.2536349568987,0.999123450623938
"Sst-10","RAB11B",0.181748699221761,0.149378491059699,0.223718661522295,-0.111027763320187,0.474525161763709,5,0.0128100319995866,11.0669117960395,0.999123450623938
"Sst-10","NDUFS7",-0.0983886345035442,0.178701098407185,0.581923986728989,-0.448636351379375,0.251859082372287,5,0.040001170464765,24.7858495142161,0.999123450623938
"Sst-10","ACTR1A",-0.104948835853278,0.191986589149156,0.584621477160496,-0.481235636100312,0.271337964393756,5,0.0584538908196684,32.172621702211,0.999123450623938
"Sst-10","MYEF2",0.0221692336828904,0.0781057729155479,0.776536030029966,-0.130915268216247,0.175253735582028,5,2.63065591009595e-06,0.00771271536776278,0.999123450623938
"Sst-10","PAN2",-0.0537792020031506,0.159532469179046,0.736037705926107,-0.366457095958828,0.258898691952526,5,0,0,0.999123450623938
"Sst-10","NDUFS2",-0.0971600660754657,0.133425047919748,0.46649141275569,-0.358668354633702,0.164348222482771,5,0.0028943702603746,3.00766845952515,0.999123450623938
"Sst-10","DUT",0.0295755377417407,0.172935314448001,0.86420740178768,-0.309371450231451,0.368522525714933,5,0.0462959648520662,31.1497288162448,0.999123450623938
"Sst-10","KIAA0825",0.188949422039091,0.113105842304921,0.0948097965715797,-0.0327339553196206,0.410632799397803,5,0.0226690091885901,35.9250608196129,0.999123450623938
"Sst-10","ZNF264",0.0335769778721828,0.130492125262485,0.796939182841309,-0.222182887908378,0.289336843652744,5,0,0,0.999123450623938
"Sst-10","CDH18",0.0896354668599213,0.122811375426365,0.465473990645222,-0.151070405867582,0.330341339587425,5,0.0463919522718287,64.3980462027597,0.999123450623938
"Sst-10","DDB1",-0.0360626255699592,0.105089530323879,0.731477362338976,-0.242034320156991,0.169909069017073,5,0,0,0.999123450623938
"Sst-10","PAIP1",-0.0859458083603185,0.167528079670338,0.607935021862112,-0.414294810913337,0.2424031941927,5,0.0506490696346412,36.6175213323395,0.999123450623938
"Sst-10","TMEM35A",-0.02814635354215,0.138887735005116,0.839404362593369,-0.30036131204652,0.24406860496222,5,0.0176941083420823,17.5943517547553,0.999123450623938
"Sst-10","WWC3",-0.0372395217463067,0.289257786850212,0.897562085920689,-0.604174366220487,0.529695322727873,5,0.274399121057343,67.8615286448526,0.999123450623938
"Sst-10","CDK5R2",0.320933635397465,0.166114913106318,0.0533597857935417,-0.00464561158591975,0.646512882380849,5,5.74040333512858e-06,0.00400216767983088,0.999123450623938
"Sst-10","SMIM13",-0.108976900332177,0.139389297915378,0.434322223245924,-0.382174904076641,0.164221103412287,5,0,0,0.999123450623938
"Sst-10","ECHDC1",0.0496414378538373,0.134436330742604,0.711936829247448,-0.213848928615382,0.313131804323057,5,0,0,0.999123450623938
"Sst-10","ARIH2",-0.0727411428302074,0.15303015804784,0.634545642417995,-0.372674741152445,0.22719245549203,5,0.0614449115344476,54.9947506971316,0.999123450623938
"Sst-10","ZBTB25",0.129452106194105,0.117623373101868,0.271086252814752,-0.101085468825673,0.359989681213884,5,0,0,0.999123450623938
"Sst-10","EPDR1",0.0693853705588962,0.198600160248292,0.726809917596075,-0.319863790851639,0.458634531969431,5,0.106625547032338,56.4964402117238,0.999123450623938
"Sst-10","PHKG2",-0.30353666450697,0.167810675488215,0.0704814184246145,-0.63243954468521,0.0253662156712692,5,0,0,0.999123450623938
"Sst-10","SRFBP1",-0.102722070868263,0.121960811328924,0.399645381822553,-0.341760868598238,0.136316726861713,5,0,0,0.999123450623938
"Sst-10","DNAJC27",0.119595570174591,0.206255940847219,0.562022110237997,-0.284658645483381,0.523849785832564,5,0.0876693543883632,42.0917363003771,0.999123450623938
"Sst-10","AATK",-0.02533138763355,0.159222111540542,0.873594295668918,-0.337400991795431,0.286738216528331,5,0.0660340931671525,55.9463323735642,0.999123450623938
"Sst-10","VPS51",-0.112200837392512,0.264730408251648,0.671689388587147,-0.631062903178327,0.406661228393302,5,0.234544490656098,70.0831520307189,0.999123450623938
"Sst-10","CBFA2T2",-0.0509366912990483,0.0678198831083605,0.452617524258865,-0.183861219627151,0.0819878370290546,5,0,0,0.999123450623938
"Sst-10","LMTK3",-0.171717357004769,0.229247273745068,0.453827893600196,-0.621033757099097,0.277599043089559,5,0.188880995991913,76.4779698389213,0.999123450623938
"Sst-10","MARK1",0.0251950805863775,0.0924640103964839,0.785248917868347,-0.156031049656868,0.206421210829623,5,0.0161658473692374,38.7624287991124,0.999123450623938
"Sst-10","PSMA1",0.0763551961871604,0.182522479898345,0.675703586775483,-0.281382290782531,0.434092683156852,5,0.0773947768212595,48.0096904143942,0.999123450623938
"Sst-10","ELAVL3",0.0559433690245938,0.0814878646894809,0.492382780142028,-0.103769910943862,0.21565664899305,5,2.73386612784281e-06,0.00757206306892347,0.999123450623938
"Sst-10","PTAR1",0.256657261616875,0.271627154392401,0.344716015373873,-0.275722178215333,0.789036701449082,5,0.239845324226285,67.3143742172681,0.999123450623938
"Sst-10","MRPL22",-0.0701077505300216,0.159534916317867,0.660334906491139,-0.382790440789653,0.24257493972961,5,0,0,0.999123450623938
"Sst-10","LAS1L",-0.37671548624813,0.122370429440476,0.00208056261539391,-0.616557120724164,-0.136873851772097,5,7.58081941105027e-08,8.35537384538355e-05,0.470284208953669
"Sst-10","ELMO2",0.0574885322587745,0.142143905204737,0.685889960376455,-0.221108402564386,0.336085467081935,5,0,0,0.999123450623938
"Sst-10","ZNF638",0.0249133051175085,0.0846576922783289,0.768541793074636,-0.141012722762291,0.190839332997308,5,0.0155464277681774,44.9085066280843,0.999123450623938
"Sst-10","CHTOP",-0.13442155528692,0.187209994602158,0.472741546471163,-0.501346402253087,0.232503291679247,5,0.062059823504488,35.8811831154337,0.999123450623938
"Sst-10","ZFYVE9",-0.0177272309195687,0.0675167292499635,0.792889294514908,-0.150057588603439,0.114603126764302,5,4.63545065693591e-06,0.0177118431794188,0.999123450623938
"Sst-10","MRPS35",0.0374181198409868,0.142213502211145,0.792464033685397,-0.241315222608165,0.316151462290139,5,0.0151790828115553,14.233232054649,0.999123450623938
"Sst-10","CNNM1",-0.13699647602295,0.0935615227497278,0.143128524802678,-0.320373690951141,0.0463807389052416,5,0,0,0.999123450623938
"Sst-10","CCT3",0.0498314368304167,0.140045587043677,0.721973145255507,-0.22465286996896,0.324315743629793,5,0.0184931610944085,18.132962400364,0.999123450623938
"Sst-10","SLC38A2",-0.146060974844084,0.271369199783265,0.590413360503734,-0.677934832932737,0.385812883244569,5,0.290624364191736,81.6799669521657,0.999123450623938
"Sst-10","NCOA7",-0.0163206202492556,0.128645825800383,0.89904744830313,-0.26846180557942,0.235820565080909,5,0.0511057151157309,63.8044930478724,0.999123450623938
"Sst-10","ABLIM2",0.0625523559043594,0.130075116306824,0.630591766715975,-0.192390187341875,0.317494899150593,5,0.0368389085274025,45.0066549643231,0.999123450623938
"Sst-10","SUDS3",-0.00352384358107526,0.175182462278385,0.98395141411628,-0.346875160369757,0.339827473207606,5,0.0794266703386213,54.8471052682945,0.999123450623938
"Sst-10","AZIN2",0.0534423436846808,0.181271908003577,0.76813239979282,-0.301844067411188,0.40872875478055,5,0.0454833114041538,27.3754339183474,0.999123450623938
"Sst-10","KLHL9",-0.0208493430397541,0.155523357791892,0.893355730950166,-0.3256695230666,0.283970836987091,5,0,0,0.999123450623938
"Sst-10","HDAC7",0.213863524747353,0.238068975893305,0.369011833521312,-0.252743093839859,0.680470143334566,5,0.171701723475992,62.5449655637776,0.999123450623938
"Sst-10","NCAN",0.0149345664292874,0.151203702098752,0.921319960252125,-0.281419244013391,0.311288376871965,5,0,0,0.999123450623938
"Sst-10","EPHA7",-0.33074085091612,0.164477070998731,0.0443399329920267,-0.65310998635627,-0.00837171547597026,5,0.0434027490124094,32.8908734207564,0.999123450623938
"Sst-10","TMEM165",-0.0704025784843295,0.158028815704085,0.655955071537257,-0.380133365783853,0.239328208815194,5,0.070155203233857,59.0532560505842,0.999123450623938
"Sst-10","ENDOV",0.18210196677758,0.173264602033044,0.293256283582027,-0.157490413002852,0.521694346558011,5,0,0,0.999123450623938
"Sst-10","KCNC4",-0.0445700049547052,0.168994784379927,0.791983369306335,-0.375793695914475,0.286653686005065,5,0.0396068718447663,27.5827808411391,0.999123450623938
"Sst-10","SPG11",-0.0617183688255893,0.12863846196163,0.631382688248802,-0.31384512129701,0.190408383645831,5,0.0393978563293743,50.436141395901,0.999123450623938
"Sst-10","DESI2",-0.18567574846425,0.126275364519067,0.141452481482334,-0.433170915056288,0.0618194181277873,5,0,0,0.999123450623938
"Sst-10","GNPAT",0.160830550692477,0.142435808481654,0.258837056593872,-0.118338504040409,0.439999605425362,5,0,0,0.999123450623938
"Sst-10","ZNF141",-0.0967098136061967,0.1115021722745,0.385758106618273,-0.315250055462197,0.121830428249804,5,0,0,0.999123450623938
"Sst-10","KCNH7",-0.147875788777409,0.103919919306011,0.154742449664351,-0.351555087893499,0.0558035103386806,5,0.00764693548013398,13.5734714443016,0.999123450623938
"Sst-10","PHYKPL",-0.290583584872171,0.208737142655136,0.163891235509954,-0.699700866712037,0.118533696967695,5,0.0796128330780213,37.0826099487102,0.999123450623938
"Sst-10","ELP4",-0.081279596321723,0.182037620209118,0.655236910420875,-0.438066775762976,0.27550758311953,5,0.110765850269073,69.5440267140292,0.999123450623938
"Sst-10","NEDD4L",-0.0760513260546806,0.0589523033739344,0.197033845617955,-0.191595717473271,0.03949306536391,5,1.65269074447509e-06,0.00836588689450034,0.999123450623938
"Sst-10","CARF",-0.084045009741279,0.145157233125061,0.562593952859974,-0.368547958761883,0.200457939279325,5,0,0,0.999123450623938
"Sst-10","RBX1",-0.0292223016003692,0.128090478186891,0.819538982939679,-0.280275025609189,0.221830422408451,5,0.0167468624651069,19.8205703142772,0.999123450623938
"Sst-10","NECAB1",-0.0471232739560882,0.175949693780547,0.788836007179132,-0.391978336856812,0.297731788944636,5,0,0,0.999123450623938
"Sst-10","ACOX3",0.284044532896238,0.168107051964044,0.0910921414797187,-0.0454392345004922,0.613528300292967,5,0.0503290781827623,37.1036576922775,0.999123450623938
"Sst-10","CC2D2A",0.198276828593946,0.106451343610197,0.0625178289876,-0.010363970987938,0.40691762817583,5,0,0,0.999123450623938
"Sst-10","CFAP44",0.130471327191867,0.199003818730306,0.512067219396527,-0.25956899030547,0.520511644689204,5,0,0,0.999123450623938
"Sst-10","CRNKL1",0.225857109555179,0.172186276351261,0.189620649763444,-0.111621790725353,0.563336009835712,5,0,0,0.999123450623938
"Sst-10","ANP32B",0.0384128094696687,0.159895887686527,0.810147011033877,-0.274977371671986,0.351802990611324,5,0,0,0.999123450623938
"Sst-10","SFMBT1",-0.0260533486989764,0.164211480375904,0.873938888367226,-0.347901936083754,0.295795238685801,5,0,0,0.999123450623938
"Sst-10","SPHKAP",-0.0370571185267722,0.0919123599484603,0.686816666045635,-0.217202033759836,0.143087796706292,5,0.0134096987141033,32.6362229102746,0.999123450623938
"Sst-10","NT5C3A",0.0788393047905941,0.110877192856345,0.477052823080971,-0.138475999914743,0.296154609495931,5,5.63548627033528e-08,8.57025739726447e-05,0.999123450623938
"Sst-10","RBM39",-0.0611865835399147,0.0642021260272311,0.340574623251578,-0.187020438284189,0.0646472712043598,5,4.71575855515473e-07,0.00193381995396722,0.999123450623938
"Sst-10","KIF5A",-0.14281170999604,0.0880572231560414,0.104844948947565,-0.315400695960487,0.0297772759684079,5,2.47229209317691e-06,0.00570158907460718,0.999123450623938
"Sst-10","SNAP91",0.03575317882032,0.0576066760812562,0.534834557247324,-0.077153831568007,0.148660189208647,5,0,0,0.999123450623938
"Sst-10","ZNF814",0.0978922999794039,0.127157455730818,0.441388257203267,-0.151331733618747,0.347116333577554,5,0.0113230408210064,12.967141726681,0.999123450623938
"Sst-10","CFAP46",-0.327963592228216,0.181772945925593,0.0711923358178947,-0.684232019606124,0.0283048351496927,5,0,0,0.999123450623938
"Sst-10","UBLCP1",0.0126666781311769,0.191140382520339,0.947163679523345,-0.361961587599896,0.38729494386225,5,0.0572253842559618,31.5777487106768,0.999123450623938
"Sst-10","ARHGAP44",-0.0895948014919464,0.0640385297379016,0.161790046524767,-0.215108013401131,0.0359184104172379,5,0,0,0.999123450623938
"Sst-10","CCDC146",-0.0499064581247375,0.131029087224276,0.703291730780324,-0.306718750011475,0.206905833762,5,0,0,0.999123450623938
"Sst-10","TMOD3",-0.0108396308371314,0.126061441628841,0.931476841899888,-0.257915516268857,0.236236254594595,5,0,0,0.999123450623938
"Sst-10","GK5",-0.217955943108435,0.145272571522824,0.133530464319554,-0.50268495123469,0.0667730650178194,5,0.0382192132505886,37.335326444668,0.999123450623938
"Sst-10","ZFPM2",-0.295307216174562,0.260032921866598,0.256101740234307,-0.804962377827813,0.214347945478689,5,0.185175356241032,55.6750086978809,0.999123450623938
"Sst-10","NDUFS4",-0.0658033189397785,0.119538244768499,0.581990730385998,-0.30009397346117,0.168487335581613,5,0.0216016228865501,30.4176315243633,0.999123450623938
"Sst-10","ARMC1",-0.0793758924996054,0.124835127694419,0.524876927818838,-0.324048246786126,0.165296461786915,5,0,0,0.999123450623938
"Sst-10","APLP2",-0.0827634449636831,0.0908025566123504,0.362049881183271,-0.260733185628049,0.095206295700683,5,0.00670833968552406,15.6278318080087,0.999123450623938
"Sst-10","ROBO2",0.00560768338770455,0.0723458717763787,0.938216133499292,-0.13618761972415,0.14740298649956,5,0.0128155552707756,51.0332398873416,0.999123450623938
"Sst-10","RBKS",0.0828174431191832,0.2043999954491,0.685350048903968,-0.317799186401204,0.483434072639571,5,0.0887782563671914,43.5395027192631,0.999123450623938
"Sst-10","TALDO1",-0.155981838734663,0.160786726749375,0.331988480744994,-0.471118032355522,0.159154354886195,5,0,0,0.999123450623938
"Sst-10","ELAC2",-0.00148664222526812,0.199152356254552,0.994043967718787,-0.391818087920479,0.388844803469943,5,0.0263548107241329,12.9051803428001,0.99951797780414
"Sst-10","POU2F2",-0.203116252884781,0.277003286651278,0.463398055061033,-0.746032718320511,0.339800212550949,5,0.229667866571477,63.1804710292621,0.999123450623938
"Sst-10","RBM41",0.0166147069347067,0.168073418979848,0.921254300448174,-0.312803141024305,0.346032554893719,5,0.0588587848109278,43.1188296562833,0.999123450623938
"Sst-10","KDM1A",-0.111752869825654,0.0895558247486447,0.212083401437755,-0.287279060938778,0.0637733212874705,5,0,0,0.999123450623938
"Sst-10","PTDSS1",-0.00865479921967932,0.191286337276026,0.963911822424371,-0.383569131015273,0.366259532575914,5,0.0934120472004903,53.2523319436033,0.999123450623938
"Sst-10","TECPR2",-0.0339331425642829,0.108980460380114,0.755520078765239,-0.247530919927901,0.179664634799335,5,0,0,0.999123450623938
"Sst-10","ABCA2",-0.150993939236943,0.138676360253613,0.276232173946821,-0.422794610841127,0.12080673236724,5,0,0,0.999123450623938
"Sst-10","COX6B1",0.207399936917945,0.191606602081801,0.279063352214241,-0.168142102362481,0.582941976198372,5,0.0538604700935623,29.3585570793017,0.999123450623938
"Sst-10","CAMK2A",0.0103166985825335,0.156079446477725,0.94729899041964,-0.295593395240754,0.316226792405821,5,0.056571646996152,49.5284890981946,0.999123450623938
"Sst-10","CERS6",0.11194644269143,0.0916289387035593,0.221807190298934,-0.0676429771091743,0.291535862492035,5,0.0180792190917748,43.8147769746688,0.999123450623938
"Sst-10","DTNBP1",-0.155982778957687,0.150591353417302,0.300294667168486,-0.451136408038742,0.139170850123368,5,0.0309404241930898,27.4708450753173,0.999123450623938
"Sst-10","SMARCAD1",-0.0213485832123466,0.13935703303219,0.878245731107234,-0.294483348947798,0.251786182523105,5,0.0492853980989465,53.0997610749435,0.999123450623938
"Sst-10","ASAP2",-0.101610943053411,0.101020317091251,0.314489364215796,-0.299607126259079,0.0963852401522575,5,2.04342477833922e-06,0.00336454371952536,0.999123450623938
"Sst-10","VWA5B2",-0.328151673791632,0.140782810656861,0.0197582510040916,-0.604080912321402,-0.0522224352618613,5,1.41318289731845e-06,0.00125979712954635,0.960663479470745
"Sst-10","TGFBR3",-0.0990956054009769,0.134242539925861,0.46040305028138,-0.362206148848844,0.164014938046891,5,0.0197512010329586,21.4874638790946,0.999123450623938
"Sst-10","KIAA1191",0.0310751910976789,0.131840736396182,0.813663530255631,-0.227327903934076,0.289478286129434,5,0,0,0.999123450623938
"Sst-10","SPP1",0.0940534253004298,0.200114673710434,0.638356700359441,-0.298164127950005,0.486270978550865,5,0,0,0.999123450623938
"Sst-10","DCTN4",0.239314582351282,0.137914369859255,0.0826982385167642,-0.0309926155233936,0.509621780225957,5,0.0317796722357367,33.9521386376099,0.999123450623938
"Sst-10","PIK3CA",0.129238676643789,0.116173987428979,0.26594129758336,-0.0984581546574185,0.356935507944996,5,0.0309645429645387,47.3685496709228,0.999123450623938
"Sst-10","RARS2",-0.158714974767796,0.0954535598740588,0.0963633951488378,-0.345800514317089,0.0283705647814966,5,0,0,0.999123450623938
"Sst-10","TBC1D14",0.0319297083683712,0.172695397456281,0.853315058755873,-0.30654705094177,0.370406467678513,5,0.0525881356395436,36.3027445464514,0.999123450623938
"Sst-10","UTP18",-0.147104776441237,0.142813494598365,0.302987401442745,-0.427014082360337,0.132804529477864,5,8.69273840037852e-07,0.0007491275424752,0.999123450623938
"Sst-10","SLC25A27",0.0330228544669532,0.132908945779355,0.803776781829646,-0.22747389248377,0.293519601417676,5,0.0338955345592404,39.322377647572,0.999123450623938
"Sst-10","TNR",-0.303183452997185,0.238688890899489,0.204012168612165,-0.771005082669994,0.164638176675624,5,0.167372939034032,60.2297889153242,0.999123450623938
"Sst-10","FRMD3",0.134379679707033,0.0643694155887657,0.0368310039823284,0.00821794344716104,0.260541415966905,5,0,0,0.999123450623938
"Sst-10","ZNF283",0.0804619588113206,0.187325103949928,0.667536762864381,-0.286688498330761,0.447612415953402,5,0.0567256998913491,32.5390898147231,0.999123450623938
"Sst-10","KLF9",0.0956071549311855,0.174342029812083,0.58342520767716,-0.246096944492105,0.437311254354476,5,0.0324786812661377,21.3185085531344,0.999123450623938
"Sst-10","KMT2C",0.0335231618243662,0.0565270433874837,0.553150073521038,-0.0772678073676347,0.144314131016367,5,4.93787397632247e-07,0.00244591183845189,0.999123450623938
"Sst-10","CHFR",0.0386636777469625,0.0936513674764056,0.67971877941754,-0.144889629609718,0.222216985103643,5,0,0,0.999123450623938
"Sst-10","TMEM167A",0.0193210494654614,0.163071305994045,0.905685586553087,-0.300292837194778,0.338934936125701,5,0,0,0.999123450623938
"Sst-10","TASP1",-0.101348772743424,0.0773278016997582,0.189980018539613,-0.252908479078605,0.0502109335917571,5,3.35628283430812e-06,0.0100845513454799,0.999123450623938
"Sst-10","ABHD17A",0.135108313215811,0.194664387533951,0.487646036991145,-0.246426875423281,0.516643501854903,5,0.0273039592940289,14.2063086758784,0.999123450623938
"Sst-10","IPO7",0.169918651388023,0.145253608435074,0.242078747281297,-0.114773189769204,0.454610492545251,5,0.0463522673858282,46.6012068267815,0.999123450623938
"Sst-10","TDRD7",-0.0755476298862884,0.14525010231217,0.602979235738132,-0.360232599168899,0.209137339396322,5,0,0,0.999123450623938
"Sst-10","PRMT8",0.0783425545067518,0.199389167581781,0.694383893301633,-0.31245303286096,0.469138141874464,5,0.0858877869307793,44.0919134750721,0.999123450623938
"Sst-10","COMMD2",0.247017764341032,0.174525365343481,0.15696038000143,-0.0950456661208851,0.589081194802949,5,0.0205191549549753,13.1695799171833,0.999123450623938
"Sst-10","SACM1L",0.0346577475908959,0.112908612037805,0.758878402593411,-0.186639065547608,0.2559545607294,5,0,0,0.999123450623938
"Sst-10","FSD1",-0.0788761550896426,0.154332031422216,0.609294402514376,-0.381361378338089,0.223609068158804,5,0.0165641614015435,13.1156696714426,0.999123450623938
"Sst-10","ST6GALNAC3",0.0839224318051697,0.133739518930996,0.530327206357961,-0.178202208609296,0.346047072219635,5,0.0367897527799074,42.0754707702619,0.999123450623938
"Sst-10","ACBD3",-0.199271404727516,0.147740320015831,0.177402821612251,-0.488837111022966,0.0902943015679348,5,0.0236921522117533,21.1039290764234,0.999123450623938
"Sst-10","PPA2",0.0323787113909367,0.0710753527496366,0.648710220542085,-0.106926420186831,0.171683842968704,5,1.53210503144884e-06,0.00516419545926409,0.999123450623938
"Sst-10","NRBP1",-0.0694981581765993,0.118885935857144,0.558831189678612,-0.302510310724941,0.163513994371743,5,0,0,0.999123450623938
"Sst-10","NT5DC3",-0.166078740651089,0.184779048460079,0.368761126358155,-0.528239020730425,0.196081539428246,5,0.0855020071463859,52.2035077028111,0.999123450623938
"Sst-10","CLASRP",-0.0473645967624736,0.134262875043262,0.724257065889101,-0.310514996308069,0.215785802783122,5,0.00540863026913721,5.22797912218615,0.999123450623938
"Sst-10","SLC7A8",0.0887640883184527,0.180757419790844,0.623378730277077,-0.265513944409989,0.443042121046895,5,0.0651170167915513,40.5084091803337,0.999123450623938
"Sst-10","CLPTM1L",-0.167937804669042,0.164205772581703,0.306436574512434,-0.489775204982755,0.153899595644671,5,0,0,0.999123450623938
"Sst-10","MZF1",0.197867650501107,0.224367891995839,0.37783665633908,-0.241885337097911,0.637620638100124,5,0.135206680358267,55.5399964674976,0.999123450623938
"Sst-10","ECSIT",-0.0996197126788867,0.240578920067132,0.678813104058371,-0.571145731450006,0.371906306092233,5,0.144260105415888,51.9469096786035,0.999123450623938
"Sst-10","HRH3",0.216028263257644,0.165523627037377,0.19185185140933,-0.108392084326055,0.540448610841344,5,0,0,0.999123450623938
"Sst-10","CDK5R1",-0.0469748157083364,0.132311913280194,0.722566453350648,-0.306301400463104,0.212351769046431,5,0.0216934943886027,24.7671583255181,0.999123450623938
"Sst-10","AKT3",-0.0126305788072551,0.0528048696952125,0.81095558365033,-0.116126221618202,0.0908650640036919,5,2.27008322699737e-06,0.0143176696666186,0.999123450623938
"Sst-10","NIFK-AS1",-0.180676798935435,0.255807896044925,0.480002366445211,-0.682051062144453,0.320697464273584,5,0.215167590923822,68.23250534477,0.999123450623938
"Sst-10","GAK",0.0658267418908134,0.137869109353612,0.633035852905553,-0.20439174702288,0.336045230804506,5,0.0296479313213685,31.4485989709272,0.999123450623938
"Sst-10","OGFR",-0.0262220756057317,0.133026243964194,0.843733971602469,-0.286948722774192,0.234504571562728,5,0,0,0.999123450623938
"Sst-10","WDR45B",0.123708875315479,0.14295950799704,0.386851071356844,-0.156486611606285,0.403904362237244,5,0.0276616412504489,26.7398694988862,0.999123450623938
"Sst-10","RAPGEF2",0.049705376896385,0.0589982424932651,0.399514231966068,-0.0659290535415751,0.165339807334345,5,4.71597529629066e-06,0.0214211374842099,0.999123450623938
"Sst-10","RAB3GAP1",0.0322780962498898,0.0799057500703191,0.686247936605757,-0.124334296045595,0.188890488545374,5,0,0,0.999123450623938
"Sst-10","GPT2",-0.228490447874129,0.151407113235755,0.131269899507693,-0.525242936819385,0.0682620410711281,5,0,0,0.999123450623938
"Sst-10","CARS2",0.16603820110296,0.115168060725386,0.149386023916313,-0.0596870500881186,0.391763452294039,5,1.44589110913712e-06,0.00197638677613143,0.999123450623938
"Sst-10","CMTM8",0.0735774194157303,0.193655433876674,0.703990054292326,-0.305980256393028,0.453135095224488,5,0,0,0.999123450623938
"Sst-10","RNF169",-0.0586914867078349,0.144917597260559,0.685478221988305,-0.34272475806461,0.225341784648941,5,0.0471045597381195,46.220822818286,0.999123450623938
"Sst-10","TM9SF4",-0.00609270804528475,0.100483943384226,0.95165097564415,-0.203037618102929,0.19085220201236,5,2.71683236219255e-08,4.50276891981345e-05,0.999123450623938
"Sst-10","TMEM87B",0.0537914128322164,0.151740069666871,0.722966385958907,-0.243613658726449,0.351196484390882,5,0,0,0.999123450623938
"Sst-10","PIAS2",-0.0417206231587418,0.0691133611584297,0.546073065676799,-0.177180321879774,0.0937390755622899,5,0,0,0.999123450623938
"Sst-10","TSPYL1",-0.11297440205142,0.150981954193124,0.454300770260788,-0.408893594585419,0.182944790482579,5,0.0504391591238525,45.2252238222395,0.999123450623938
"Sst-10","LEMD2",-0.190344971501909,0.170662447414394,0.264708973851095,-0.524837221947582,0.144147278943764,5,0.0298032597343299,20.0692725565941,0.999123450623938
"Sst-10","PPP6C",-0.0287346261647673,0.122064339666023,0.813893958795484,-0.267976335706837,0.210507083377302,5,0,0,0.999123450623938
"Sst-10","CMTM4",0.0182178782165497,0.138864546373211,0.895623648502644,-0.253951631404436,0.290387387837535,5,0.0341280134826725,35.9835896420708,0.999123450623938
"Sst-10","TNPO2",-0.258952040801258,0.12390143562282,0.0366192204892432,-0.501794392254792,-0.0161096893477228,5,3.01496553516676e-07,0.000301808106899474,0.999123450623938
"Sst-10","CBX7",0.0641670977437307,0.176630746898483,0.71639285636119,-0.282022804739706,0.410357000227167,5,0.0800038064243628,52.6534319187049,0.999123450623938
"Sst-10","HEY1",-0.222159115464927,0.256359149004474,0.386164897511787,-0.724613814621033,0.280295583691178,5,0.179794818515664,56.0841812868796,0.999123450623938
"Sst-10","DRG1",0.117393727310929,0.119873014628786,0.327423182697647,-0.117553064079734,0.352340518701591,5,0,0,0.999123450623938
"Sst-10","SERTAD2",-0.234475692150861,0.185374031841026,0.205914760241739,-0.597802118228252,0.128850733926531,5,0.0274753741472644,15.8181949988901,0.999123450623938
"Sst-10","CDK14",-0.0661371598168594,0.0994839098977828,0.506176773236989,-0.261122040257741,0.128847720624023,5,0.026980985719785,56.4620881400746,0.999123450623938
"Sst-10","KCTD3",0.0421161522989746,0.0887255492739903,0.635015809940541,-0.13178272878658,0.21601503338453,5,0,0,0.999123450623938
"Sst-10","PTPRN",0.0475705034422891,0.182847642878766,0.794736726786081,-0.310804291258134,0.405945298142712,5,0.107847552503957,67.3981301479806,0.999123450623938
"Sst-10","C1orf159",0.239008540882199,0.151637846738045,0.114984326944984,-0.0581961774175738,0.536213259181971,5,0.0253405456537432,21.9203872618794,0.999123450623938
"Sst-10","SLC25A40",-0.0852450729640668,0.150610085607549,0.571394843420507,-0.380435416463358,0.209945270535224,5,0.032247475318951,28.737081359266,0.999123450623938
"Sst-10","ING4",0.017851859420548,0.136775492275873,0.896155481957743,-0.250223179407899,0.285926898248995,5,0,0,0.999123450623938
"Sst-10","CDH11",0.116113321984421,0.0793097329941598,0.143180606333014,-0.0393308983076206,0.271557542276462,5,0,0,0.999123450623938
"Sst-10","AASDH",-0.0192379100737327,0.103550729352697,0.852615353599773,-0.222193610177874,0.183717790030408,5,0,0,0.999123450623938
"Sst-10","MAP3K12",0.078561445118361,0.13867433389957,0.571042000014109,-0.193235254904878,0.3503581451416,5,0,0,0.999123450623938
"Sst-10","PDZD2",-0.0174728929780809,0.189367804062301,0.92648383493501,-0.388626968771629,0.353681182815467,5,0.0848412013834687,49.7909751080102,0.999123450623938
"Sst-10","FDX1",0.160982979895201,0.184639349883478,0.383274957974245,-0.200903496005305,0.522869455795707,5,0.0675774761012422,40.1899501148363,0.999123450623938
"Sst-10","RIMKLA",-0.0704931434337904,0.134206031784619,0.599402029183741,-0.333532132239681,0.192545845372101,5,0,0,0.999123450623938
"Sst-10","MICU2",-0.0395367295741859,0.0769023511994533,0.607170888135532,-0.190262568251565,0.111189109103193,5,0,0,0.999123450623938
"Sst-10","STAT5B",0.0326871740020854,0.0863226183061587,0.704938197992103,-0.136502048929184,0.201876396933354,5,0.00921151155999337,24.1199758483607,0.999123450623938
"Sst-10","ZNF444",-0.183732768184325,0.185012008327893,0.32066822274803,-0.546349641214419,0.17888410484577,5,0.032527307303966,18.628837722547,0.999123450623938
"Sst-10","UGDH-AS1",-0.238359390810404,0.215048662206628,0.267690201703117,-0.659847023658914,0.183128242038106,5,0.12620539242041,57.353467480654,0.999123450623938
"Sst-10","CD63",0.00133626804555444,0.170905284077981,0.993761592654823,-0.333631933514875,0.336304469605983,5,4.85859785910542e-07,0.000315492832348545,0.99951797780414
"Sst-10","DBT",0.0597993696919379,0.126212467701526,0.635643085550501,-0.187572521402979,0.307171260786855,5,0,0,0.999123450623938
"Sst-10","EPHB6",-0.0284441380513011,0.141762315980835,0.840974854879867,-0.306293171738725,0.249404895636123,5,0.053973472322674,55.9632334548377,0.999123450623938
"Sst-10","UBE2E1",-0.0541022322734295,0.120061148007095,0.652261781855437,-0.289417758309869,0.18121329376301,5,0,0,0.999123450623938
"Sst-10","CHMP7",0.0592178506561159,0.179964490660095,0.742115648847359,-0.293506069533764,0.411941770845996,5,2.54509605484549e-07,0.000153646659305508,0.999123450623938
"Sst-10","URI1",-0.0280897894371479,0.0752375805011534,0.708889562469496,-0.175552737503342,0.119373158629046,5,0,0,0.999123450623938
"Sst-10","STAU2",0.0317268064465851,0.0938478986931879,0.735313269226495,-0.152211695016827,0.215665307909997,5,0.0186260166503964,44.0037842214314,0.999123450623938
"Sst-10","SLC39A10",0.126108929096357,0.0925854933964616,0.173172365826683,-0.0553553034515787,0.307573161644293,5,0,0,0.999123450623938
"Sst-10","MTX2",0.0162747568483723,0.095611803880243,0.864839462782143,-0.171120935253811,0.203670448950555,5,0.0126262144879514,27.6251914026707,0.999123450623938
"Sst-10","DECR1",0.453688841151389,0.148873985070237,0.00230777396854934,0.161901192178771,0.745476490124006,5,6.35519947300681e-07,0.000522937631477235,0.485667052760573
"Sst-10","DNM2",-0.103880538944335,0.099301661651272,0.295509887690159,-0.29850821938581,0.0907471414971403,5,0,0,0.999123450623938
"Sst-10","GIT2",0.0902718690805743,0.0742823674168342,0.224269615700088,-0.0553188957427922,0.235862633903941,5,0,0,0.999123450623938
"Sst-10","KIF13B",-0.155714267982585,0.137882560323134,0.258760619159274,-0.4259591203121,0.114530584346929,5,2.12390619732834e-06,0.00198565600290105,0.999123450623938
"Sst-10","CYGB",-0.111099465070807,0.145732069815915,0.44584859428199,-0.396729073302477,0.174530143160863,5,0,0,0.999123450623938
"Sst-10","CYB5D2",0.00898407748263832,0.118675847588489,0.939655658739951,-0.223616309625564,0.241584464590841,5,0,0,0.999123450623938
"Sst-10","ASXL2",-0.00336004519791721,0.096847488210021,0.97232359351129,-0.193177634082726,0.186457543686891,5,0,0,0.999123450623938
"Sst-10","PITHD1",-0.12869186937384,0.158281605619803,0.41618573366237,-0.438918115803826,0.181534377056146,5,0.0248632519576993,19.690355398648,0.999123450623938
"Sst-10","DMPK",0.0920697162388921,0.168392578577729,0.584546116228251,-0.237973673037288,0.422113105515073,5,0.0191116536775672,13.0925268517508,0.999123450623938
"Sst-10","EPB41L4A",0.0547553795655821,0.0706985502464704,0.438640582991561,-0.0838112326766952,0.193321991807859,5,2.50334054310563e-07,0.000828650378087701,0.999123450623938
"Sst-10","KCNC2",-0.0435022721352591,0.118960762440163,0.714599477068799,-0.276661082091403,0.189656537820885,5,0.0498767352271035,73.0847559675066,0.999123450623938
"Sst-10","NT5M",-0.171639367490902,0.159269106085671,0.281181527788651,-0.483801079268706,0.140522344286902,5,0,0,0.999123450623938
"Sst-10","CYP7B1",0.361248792606904,0.155444910536547,0.0201272799506473,0.0565823663752216,0.665915218838586,5,0,0,0.960663479470745
"Sst-10","SLC29A4",-0.251142174280613,0.172696754151599,0.14588034598634,-0.589621592664715,0.0873372441034888,5,0,0,0.999123450623938
"Sst-10","ABCB10",0.0871443156715954,0.129614340738818,0.501370168566158,-0.166895124056391,0.341183755399581,5,0,0,0.999123450623938
"Sst-10","BMPR1A",-0.0118309229427831,0.152696930470102,0.938241884662873,-0.311111407213999,0.287449561328433,5,0.0748411775173445,68.232579091634,0.999123450623938
"Sst-10","PPFIA3",0.135136180080434,0.132485974211906,0.30772671962471,-0.124531557831605,0.394803917992472,5,0.00175183964484647,1.95340818042974,0.999123450623938
"Sst-10","SEZ6L2",0.0618075821857945,0.0956636710910272,0.518219440250425,-0.125689767781504,0.249304932153093,5,0,0,0.999123450623938
"Sst-10","MANBA",0.0858033572806535,0.107902003407355,0.426498874159059,-0.125680683257481,0.297287397818787,5,0,0,0.999123450623938
"Sst-10","MYADM",-0.310006448582832,0.17970957018422,0.0845200118360619,-0.662230733821076,0.042217836655412,5,7.36751774459851e-07,0.000418266614250824,0.999123450623938
"Sst-10","PPP2CB",-0.0635458356766251,0.125386093970849,0.612294242704939,-0.309298064021644,0.182206392668394,5,0.0366299593237859,47.7947108200742,0.999123450623938
"Sst-10","MAP2K1",-0.00230657968380652,0.101170319292925,0.981810624828635,-0.200596761802358,0.195983602434745,5,0,0,0.999123450623938
"Sst-10","LRRC23",-0.130200815306,0.194909531641041,0.504129504749551,-0.512216477566009,0.25181484695401,5,0,0,0.999123450623938
"Sst-10","GNG3",-0.00536096504562569,0.238361259188412,0.982056351499123,-0.47254044836453,0.461818518273278,5,0.140072904435477,49.8862668146512,0.999123450623938
"Sst-10","SLC2A13",0.0361420951571567,0.0919076911223828,0.694139700024939,-0.143993669344945,0.216277859659259,5,0.019918111530363,48.7407283133492,0.999123450623938
"Sst-10","NECTIN1",0.10862552679282,0.167601531543405,0.516908797213215,-0.219867438786007,0.437118492371646,5,0,0,0.999123450623938
"Sst-10","ZHX2",0.0700379759088984,0.13734895712615,0.61010243066185,-0.199161033372491,0.339236985190287,5,0,0,0.999123450623938
"Sst-10","IWS1",0.100233451946414,0.0998538007251282,0.315474026062468,-0.0954764011942764,0.295943305087105,5,0,0,0.999123450623938
"Sst-10","CUL2",-0.0166334412587508,0.104224225997616,0.873201811716865,-0.220909170530641,0.187642288013139,5,0,0,0.999123450623938
"Sst-10","NOP58",0.122183758421058,0.0945177432454621,0.19611237883476,-0.0630676142400517,0.307435131082167,5,5.26980653631178e-06,0.00960645067652893,0.999123450623938
"Sst-10","HCFC1R1",-0.0519528951644627,0.15235201266876,0.733099337928725,-0.350557352967423,0.246651562638497,5,0,0,0.999123450623938
"Sst-10","PALLD",0.024333237177968,0.102213789375025,0.811832870140818,-0.176002108720444,0.22466858307638,5,0.0164763836405807,31.4186286240859,0.999123450623938
"Sst-10","CEP112",0.121039684437982,0.069569344893053,0.0818867242265672,-0.015313725980447,0.257393094856412,5,3.30458995943672e-06,0.0114101843791476,0.999123450623938
"Sst-10","SNX5",-0.0534209161947234,0.149048379278011,0.720034066452775,-0.345550371533692,0.238708539144245,5,0,0,0.999123450623938
"Sst-10","RYR1",0.120750939632415,0.138420033507796,0.383016588294853,-0.150547340781692,0.392049220046522,5,0,0,0.999123450623938
"Sst-10","DNMT3A",0.114216929116635,0.135898233051628,0.400650931781886,-0.152138713227187,0.380572571460457,5,0.048345683247653,54.2991349088934,0.999123450623938
"Sst-10","MTIF3",0.112943834350562,0.231230585720073,0.625233415736503,-0.340259785784882,0.566147454486006,5,0.115450873536187,45.0226022607825,0.999123450623938
"Sst-10","GNPDA2",0.0952145899732545,0.108981022833544,0.382292295983038,-0.11838428977883,0.308813469725339,5,0,0,0.999123450623938
"Sst-10","CASC2",0.387775932377074,0.264743588214998,0.142996600374082,-0.131111965662226,0.906663830416373,5,0.158968256081452,46.1185925515833,0.999123450623938
"Sst-10","SLC39A11",0.0380094040887322,0.250548840069752,0.879419952425186,-0.453057298816267,0.529076106993731,5,0.153675748593627,50.1431160764747,0.999123450623938
"Sst-10","CDK6",-0.361044334049008,0.165992860404945,0.0296256641833351,-0.686384362133485,-0.0357043059645312,5,4.25808645873031e-06,0.00292985919556898,0.999123450623938
"Sst-10","NONO",0.224701817065018,0.155547976124673,0.148575312558099,-0.0801666140074371,0.529570248137474,5,0.0196895776388544,16.0715958443233,0.999123450623938
"Sst-10","SCAF4",-0.132029935538818,0.125035879988775,0.290997277973186,-0.37709575709209,0.113035886014454,5,0,0,0.999123450623938
"Sst-10","FBXO7",-0.143700145900216,0.145292350443082,0.322642899295414,-0.428467919997828,0.141067628197396,5,0.00989992261400487,8.42857230425101,0.999123450623938
"Sst-10","TNRC6B",0.0670505696098716,0.0528090310009567,0.2041986456502,-0.0364532292104627,0.170554368430206,5,2.26167699281504e-08,0.000141776294218496,0.999123450623938
"Sst-10","COG4",0.19124376751225,0.149614268953835,0.201162874113752,-0.101994811210556,0.484482346235057,5,5.21641092147602e-06,0.00457503122208854,0.999123450623938
"Sst-10","IQCE",0.00264894368079241,0.102679665132668,0.97941835082374,-0.198599501923871,0.203897389285455,5,1.23650139861749e-06,0.00170730839634943,0.999123450623938
"Sst-10","TPCN1",-0.0187557039816541,0.183325430424373,0.918512007055769,-0.378066945063728,0.34055553710042,5,0.0617226923735633,37.7426147384596,0.999123450623938
"Sst-10","R3HCC1L",0.00122888643133371,0.122813537508577,0.9920164082164,-0.239481223899437,0.241938996762105,5,0,0,0.99951797780414
"Sst-10","VPS8",0.0554682651101891,0.0732461795377352,0.44887887351486,-0.0880916087889266,0.199028139009305,5,0.00343780879127548,11.7204679951483,0.999123450623938
"Sst-10","CALCOCO1",0.0603528364863228,0.100899729353421,0.549742076263958,-0.137406999096221,0.258112672068867,5,7.17466214090272e-07,0.00128741380834748,0.999123450623938
"Sst-10","ZFAT",0.213146201089226,0.153801088573015,0.165790799794947,-0.0882983932969384,0.514590795475391,5,0,0,0.999123450623938
"Sst-10","CAPZA2",-0.0363949148776469,0.102163907062281,0.721660511482056,-0.236632493239615,0.163842663484321,5,0,0,0.999123450623938
"Sst-10","SYMPK",-0.158399172986436,0.107750053681716,0.141545180133691,-0.369585397534857,0.0527870515619855,5,0,0,0.999123450623938
"Sst-10","OAZ2",0.0400145244071634,0.131274299301353,0.760506192780865,-0.217278374319219,0.297307423133546,5,0,0,0.999123450623938
"Sst-10","NDRG1",0.339791116288597,0.152695326527624,0.0260618935863564,0.0405137756868705,0.639068456890323,5,0,0,0.999123450623938
"Sst-10","SAT2",0.0928742484338991,0.155830063442634,0.551177238948854,-0.212547063622255,0.398295560490053,5,0,0,0.999123450623938
"Sst-10","THUMPD1",-0.102088946468518,0.129612916105834,0.430904470059411,-0.356125593967164,0.151947701030128,5,0,0,0.999123450623938
"Sst-10","AGPAT1",-0.338696820653849,0.147839971495456,0.0219651953179544,-0.628457840260371,-0.0489358010473271,5,1.09363660499173e-06,0.000907144046010414,0.98287803110414
"Sst-10","NAP1L1",-0.0243273955408893,0.0766497597134478,0.750952363034766,-0.174558164002896,0.125903372921118,5,0.00672449896855864,22.6130926367308,0.999123450623938
"Sst-10","PIWIL4",0.0442383177831433,0.158446027981905,0.780090439072426,-0.266310190554815,0.354786826121102,5,0,0,0.999123450623938
"Sst-10","HDAC4",-0.132709487489576,0.0972701893326263,0.172460978779255,-0.323355555350916,0.0579365803717634,5,0,0,0.999123450623938
"Sst-10","OPRD1",-0.110480062850029,0.259216602442358,0.669956645145662,-0.618535267831888,0.39757514213183,5,0.133651644454523,40.4325321275321,0.999123450623938
"Sst-10","SNW1",-0.213363593339859,0.118839172674889,0.0725903371602522,-0.446284091735178,0.0195569050554597,5,0,0,0.999123450623938
"Sst-10","DLX1",-0.113541243926622,0.132461082058928,0.39135269911713,-0.373160194115326,0.146077706262081,5,0.0144516621584025,16.2252535331944,0.999123450623938
"Sst-10","WDR11",-0.0586441772096899,0.116011569719365,0.61320570882235,-0.286022675649604,0.168734321230224,5,0.00401722224040336,5.22165227727982,0.999123450623938
"Sst-10","THRB",0.00867751194944496,0.115500360562204,0.940111486342157,-0.217699034953864,0.235054058852754,5,0.0464054639487637,73.0701303990774,0.999123450623938
"Sst-10","SMIM12",-0.0111984740663657,0.153911212121466,0.941997648574912,-0.312858906641344,0.290461958508612,5,0.0218028487826727,18.0913687757308,0.999123450623938
"Sst-10","FBXL18",0.128967460739505,0.213102778898836,0.545053414255521,-0.288706310907615,0.546641232386625,5,0.11658184059361,56.2082305567675,0.999123450623938
"Sst-10","SENP2",0.0560795142973984,0.0984983664080843,0.569122296476305,-0.136973736398477,0.249132764993273,5,6.72722032233032e-07,0.00120941546245679,0.999123450623938
"Sst-10","TOM1L2",0.0116527415018912,0.102529810414007,0.909513482716187,-0.189301994251283,0.212607477255066,5,0.0144074101879268,27.5947552048641,0.999123450623938
"Sst-10","CNTN5",0.0553119795189752,0.0768839695566726,0.471881263133357,-0.095377831800577,0.206001790838527,5,2.33424042922136e-06,0.00721539603292795,0.999123450623938
"Sst-10","PLPPR2",0.19163732552095,0.132297899856584,0.147469201843688,-0.0676617934282416,0.450936444470142,5,0,0,0.999123450623938
"Sst-10","MBP",-0.0109901504686719,0.0679138905650069,0.871443837817853,-0.14409893002608,0.122118629088736,5,0,0,0.999123450623938
"Sst-10","PPARG",0.0181031954591388,0.20554032895186,0.929816173062558,-0.384748446657023,0.4209548375753,5,0.0721129759963198,34.519968811197,0.999123450623938
"Sst-10","LTN1",-0.0268818718266486,0.0982119553260373,0.784305320425026,-0.219373767116938,0.165610023463641,5,0,0,0.999123450623938
"Sst-10","TMEM47",-0.111639432062647,0.132952248335589,0.401079022068464,-0.372221050464026,0.148942186338733,5,0.0369455579732166,43.4239158104944,0.999123450623938
"Sst-10","CREB3L2",0.0885015487045234,0.193576267925945,0.647532945450147,-0.290900964692005,0.467904062101052,5,0,0,0.999123450623938
"Sst-10","ENTPD4",-0.142594821387098,0.211504960169345,0.500189647953048,-0.557136925870594,0.271947283096397,5,0.135852709925708,63.7764543836155,0.999123450623938
"Sst-10","RSL1D1",-0.196018911525658,0.191264388985669,0.305430016058447,-0.570890225462628,0.178852402411312,5,0.0441483401466433,23.9768619517718,0.999123450623938
"Sst-10","PPP1R3F",-0.0485795871754918,0.176603160539303,0.783256561325455,-0.394715421388471,0.297556247037487,5,0,0,0.999123450623938
"Sst-10","FEZ2",-0.119600218292916,0.107736008402812,0.266946037646795,-0.330758914600532,0.0915584780147003,5,0,0,0.999123450623938
"Sst-10","RPL36",0.180090602124204,0.224374263815956,0.422185822912452,-0.259674874012758,0.619856078261166,5,0.12473516788152,51.6119064631024,0.999123450623938
"Sst-10","MALSU1",-0.100505834903057,0.135475510824534,0.458163341075463,-0.36603295690631,0.165021287100196,5,0,0,0.999123450623938
"Sst-10","EIF2B5",0.150375544660653,0.243815869447013,0.537393934724905,-0.327494778314813,0.628245867636118,5,0.153766576025726,52.8167271006354,0.999123450623938
"Sst-10","DENND6B",-0.163765892989803,0.148211962710778,0.269183931021208,-0.454256001980921,0.126724216001315,5,0,0,0.999123450623938
"Sst-10","SLC2A3",0.196186214196676,0.197514767832361,0.320576615454045,-0.190935617169543,0.583308045562894,5,0.0838233374247471,44.2314624316142,0.999123450623938
"Sst-10","SRSF2",0.0217622864161484,0.133452040008632,0.870461772879236,-0.239798905664169,0.283323478496466,5,0,0,0.999123450623938
"Sst-10","GRIN2A",0.0362123292815028,0.0925848144357828,0.695704093967696,-0.145250572527956,0.217675231090961,5,0.0106429999709164,24.6581369146176,0.999123450623938
"Sst-10","ZNF44",0.199865803338553,0.116706280508459,0.086794628693672,-0.0288743032276556,0.428605909904762,5,0,0,0.999123450623938
"Sst-10","SNTB2",-0.178699762409492,0.124413416815468,0.150906085158027,-0.42254557856138,0.0651460537423962,5,0,0,0.999123450623938
"Sst-10","SRSF9",-0.233644746258348,0.217475031879161,0.28266492485469,-0.659887976278204,0.192598483761507,5,0.0849191023343466,36.4419422079809,0.999123450623938
"Sst-10","SLC25A13",-0.220629671225704,0.258361079621833,0.393127917097509,-0.727008082291381,0.285748739839973,5,0.221675198477495,68.507340020935,0.999123450623938
"Sst-10","UTRN",-0.0508111299292733,0.140211182475284,0.717060613843839,-0.325619997810604,0.223997737952058,5,0.0480160014527322,50.0518104322243,0.999123450623938
"Sst-10","CTNNBIP1",-0.161551560208678,0.129007786160985,0.210474377075172,-0.414402174809454,0.0912990543920986,5,0,0,0.999123450623938
"Sst-10","RHOB",-0.000665940217298634,0.144415238015706,0.996320737741888,-0.283714605546862,0.282382725112265,5,0,0,0.99951797780414
"Sst-10","DPP8",-0.0208290054167588,0.0853022250680525,0.807092250363073,-0.188018294351272,0.146360283517754,5,7.07058868786911e-06,0.0163333843303368,0.999123450623938
"Sst-10","DRAM2",0.130603911045441,0.132766912522378,0.325258967918591,-0.129614455836999,0.390822277927882,5,1.70504142861481e-06,0.00167314729832462,0.999123450623938
"Sst-10","BCAS2",-0.0277783969252102,0.190687044561807,0.884177702435442,-0.401518136584736,0.345961342734315,5,0.0640692286499015,35.7154657805426,0.999123450623938
"Sst-10","COG2",0.251053731125024,0.140292357784512,0.0735336888012049,-0.0239142374388274,0.526021699688874,5,0,0,0.999123450623938
"Sst-10","ZNRF3",0.204825013191686,0.125946392175641,0.103888560419205,-0.0420253794553277,0.4516754058387,5,0,0,0.999123450623938
"Sst-10","ACOT7",-0.0926315499058527,0.108613786330319,0.393741051038946,-0.305510659337807,0.120247559526102,5,0,0,0.999123450623938
"Sst-10","MKRN1",0.144116662911057,0.128975249612332,0.263824266311283,-0.108670181226177,0.396903507048291,5,0,0,0.999123450623938
"Sst-10","NIPAL2",0.21184748011124,0.149855254488523,0.157455676460564,-0.0818634215803483,0.505558381802829,5,0.0013093694581604,1.11725590715094,0.999123450623938
"Sst-10","RNPC3",0.11027157749397,0.106668488886605,0.301239781696179,-0.098794819009087,0.319337973997027,5,0.0140680290798253,24.4941252528106,0.999123450623938
"Sst-10","DOCK11",-0.10533095803502,0.0933869973436432,0.259363222485879,-0.288366109452898,0.0777041933828586,5,0,0,0.999123450623938
"Sst-10","ERO1A",-0.0773169414014679,0.111177327260869,0.486780834764533,-0.295220498730194,0.140586615927258,5,0.0053703240765067,8.35100571702658,0.999123450623938
"Sst-10","RUNX2",0.0583594514202271,0.172872536760857,0.735674743779317,-0.280464494547128,0.397183397387583,5,0.0508965798332911,34.7566347083832,0.999123450623938
"Sst-10","FASTKD2",0.127575643055938,0.102865427090696,0.214894453178467,-0.0740368892961556,0.329188175408033,5,0,0,0.999123450623938
"Sst-10","SSR1",-0.186572023484406,0.11267461956401,0.0977526403242945,-0.407410219801617,0.0342661728328051,5,0,0,0.999123450623938
"Sst-10","POLR1D",-0.122539889381075,0.124556315363295,0.325208385800761,-0.366665781540146,0.121586002777995,5,0,0,0.999123450623938
"Sst-10","SBNO1",-0.220074484544838,0.0887486881385911,0.0131474838849953,-0.394018716971654,-0.0461302521180228,5,0,0,0.881748287364026
"Sst-10","PSMD4",0.02912340377488,0.146881726500868,0.842827623045908,-0.258759490153884,0.317006297703644,5,0.0133605524957242,11.5748716680312,0.999123450623938
"Sst-10","RAD52",-0.1391164790921,0.123561646898088,0.260213259605153,-0.381292856882809,0.103059898698609,5,0,0,0.999123450623938
"Sst-10","FAAH",-0.0422000853256167,0.173381796807974,0.807700208038919,-0.382022162644087,0.297621991992854,5,0.00928716237124417,5.85303371033012,0.999123450623938
"Sst-10","LGI3",-0.0517666204189571,0.170038739208005,0.760792578085223,-0.385036425243245,0.281503184405331,5,0,0,0.999123450623938
"Sst-10","PARD3",-0.180922650579797,0.116013882344323,0.118880120958226,-0.408305681681338,0.0464603805217435,5,0.00543217365970182,7.88822474271835,0.999123450623938
"Sst-10","PPIE",-0.0804627124193702,0.135697018251502,0.553208866670388,-0.346423981001789,0.185498556163048,5,0,0,0.999123450623938
"Sst-10","SF3B3",0.247047762362542,0.135153141435534,0.0675630782170023,-0.0178475272485518,0.511943051973636,5,0,0,0.999123450623938
"Sst-10","GFM2",0.164940528345859,0.114538784646881,0.149855843253241,-0.0595513643950172,0.389432421086736,5,3.23635726961513e-06,0.0039990204066266,0.999123450623938
"Sst-10","ZNF782",0.0874120096506387,0.110580006619506,0.42924366498829,-0.129320820733795,0.304144840035072,5,0,0,0.999123450623938
"Sst-10","CABIN1",0.190172338713315,0.108140283575952,0.0786504461523437,-0.0217787223735004,0.40212339980013,5,0,0,0.999123450623938
"Sst-10","GNPDA1",0.103180223782149,0.166432235437078,0.53528849282859,-0.223020963541015,0.429381411105312,5,0,0,0.999123450623938
"Sst-10","TPM3",0.00500040978578272,0.110924776410802,0.964044111542184,-0.212408156972547,0.222408976544112,5,0,0,0.999123450623938
"Sst-10","ROCK2",-0.00585001746219657,0.0727284107065826,0.935890112852137,-0.148395083099936,0.136695048175543,5,0.0017850491832531,5.95299358351504,0.999123450623938
"Sst-10","TMEM94",-0.106128490646863,0.140887135468257,0.451277285529135,-0.382262202049662,0.170005220755937,5,0,0,0.999123450623938
"Sst-10","NT5DC1",0.0567666290079869,0.226927553648213,0.802468959981206,-0.388003203242292,0.501536461258265,5,0.129921992448579,52.745593254194,0.999123450623938
"Sst-10","ARHGAP6",0.0798729506968315,0.263179240590686,0.76151448981027,-0.435948882339514,0.595694783733177,5,0.212426075102035,63.2046488534607,0.999123450623938
"Sst-10","ANKRD13C",-0.0125766371118147,0.0757597360921507,0.86815153902794,-0.161062991330689,0.13590971710706,5,1.46896873272509e-07,0.000451750408965955,0.999123450623938
"Sst-10","ZSCAN30",-0.0525503807892949,0.135305486093199,0.697732457776736,-0.317744260442651,0.212643498864061,5,0,0,0.999123450623938
"Sst-10","FAM53C",-0.206508917466612,0.13805980796181,0.134707562387224,-0.477101168784275,0.0640833338510519,5,0,0,0.999123450623938
"Sst-10","SORL1",-0.0048577245774148,0.12911232024978,0.969987455928738,-0.257913222227385,0.248197773072555,5,0.0290037589579169,35.2046748404787,0.999123450623938
"Sst-10","PCMT1",-0.142228131056925,0.207279330625263,0.492608125467418,-0.548488153822011,0.264031891708161,5,0.152810097087997,74.2066112007309,0.999123450623938
"Sst-10","MRPS27",0.296762723532107,0.121828275186819,0.0148543766173352,0.0579836918673061,0.535541755196908,5,0.00122090243475344,1.60702322620397,0.891144034147969
"Sst-10","ABHD5",-0.126822730008101,0.139775231945022,0.364230541143658,-0.400777150551077,0.147131690534876,5,0,0,0.999123450623938
"Sst-10","UHMK1",0.0702471363279409,0.221399888416242,0.751026423466673,-0.363688671149081,0.504182943804963,5,0.155710756897186,66.7474539472872,0.999123450623938
"Sst-10","MAP2K2",0.0198114832004701,0.169887067239252,0.907164670761131,-0.313161050027599,0.352784016428539,5,0.050770891317625,35.759821357063,0.999123450623938
"Sst-10","COX7A2L",-0.00365957131667929,0.127941664679402,0.977180871056387,-0.254420626210408,0.247101483577049,5,0,0,0.999123450623938
"Sst-10","NLGN3",-0.0103203563337007,0.262804349552998,0.968675035115604,-0.525407416438052,0.50476670377065,5,0.186982257175017,54.9966674409837,0.999123450623938
"Sst-10","TCP11L2",0.0330598161889145,0.158523805901016,0.834801139778012,-0.277641134069296,0.343760766447125,5,0,0,0.999123450623938
"Sst-10","RUNX1T1",0.168111420974761,0.0581897284255653,0.00386441711713117,0.0540616489904866,0.282161192959036,5,8.72339675563454e-08,0.000471279256736218,0.517660947457201
"Sst-10","ZNF302",-0.209409944018337,0.320386398267032,0.513358694484974,-0.837355745758225,0.418535857721551,5,0.4083169392796,82.2501303904756,0.999123450623938
"Sst-10","NPIPA1",-0.392210900522192,0.174208504761833,0.0243609867980486,-0.73365329565596,-0.0507685053884238,5,0,0,0.999123450623938
"Sst-10","SSB",0.0354789572775407,0.118519244304659,0.764671582299166,-0.196814493034495,0.267772407589576,5,0,0,0.999123450623938
"Sst-10","STX1A",-0.23169954675818,0.14707631690896,0.115171175655989,-0.519963830878541,0.0565647373621805,5,0,0,0.999123450623938
"Sst-10","SNX6",0.141016747278451,0.114909134582558,0.219746587992765,-0.0842010179980278,0.36623451255493,5,7.32612642925324e-06,0.0104062942126845,0.999123450623938
"Sst-10","SHC2",-0.0601791039114274,0.136170981534225,0.658534216895965,-0.327069323457977,0.206711115635122,5,0.0322025406064498,35.161751395075,0.999123450623938
"Sst-10","C12orf76",-0.176715349386366,0.161675633402749,0.274383257354744,-0.493593768033454,0.140163069260722,5,0.0434866773895263,33.4830117220135,0.999123450623938
"Sst-10","BTD",0.00975445663584364,0.104002198733985,0.925275284897788,-0.194086107195744,0.213595020467432,5,1.6162468997798e-06,0.00218073238259582,0.999123450623938
"Sst-10","TAX1BP1",-0.0246612758695793,0.071299863904277,0.729432067625149,-0.16440644122457,0.115083889485411,5,0,0,0.999123450623938
"Sst-10","ARMC8",0.0361351193398836,0.0813215764007156,0.656790651494536,-0.123252241571541,0.195522480251309,5,0,0,0.999123450623938
"Sst-10","PLEKHH1",0.0206660541033151,0.156152815139711,0.894711365976813,-0.28538783965506,0.32671994786169,5,0.0137685526731081,10.6716633077167,0.999123450623938
"Sst-10","SEC23A",-0.121471816245244,0.0940970969809212,0.19673144966541,-0.305898737377623,0.0629551048871338,5,0,0,0.999123450623938
"Sst-10","CALD1",0.0288853511892905,0.0971272884084492,0.766163535973177,-0.161480636007305,0.219251338385886,5,2.09809384555107e-06,0.00410163457420401,0.999123450623938
"Sst-10","CEP44",-0.177419788686593,0.207614785261895,0.392793451899267,-0.584337290457925,0.229497713084739,5,0.0953411998657567,45.7723859226375,0.999123450623938
"Sst-10","FSTL1",0.0639037549818036,0.28747839768943,0.824087643530241,-0.499543550822762,0.627351060786369,5,0.288709859697746,72.1293191151354,0.999123450623938
"Sst-10","PRKDC",-0.00610508906951984,0.0958573324401006,0.949217602662468,-0.1939820083062,0.18177183016716,5,0.0132782529319582,29.0090589892948,0.999123450623938
"Sst-10","ABI2",-0.0215944647536428,0.0861136105952285,0.801994140252308,-0.190374040098997,0.147185110591712,5,0.0136657554094919,37.704235688777,0.999123450623938
"Sst-10","GPR173",0.112750879274396,0.165262314859188,0.495078339510135,-0.211157305851332,0.436659064400124,5,0.022001766584732,15.5457107099113,0.999123450623938
"Sst-10","RNF115",0.0410625258976092,0.108561958643532,0.705251966482376,-0.171715003134841,0.253840054930059,5,0.0115635154963119,18.6425295162432,0.999123450623938
"Sst-10","UPF1",-0.113266977328259,0.161022231617918,0.481791263721256,-0.428864752009645,0.202330797353128,5,0,0,0.999123450623938
"Sst-10","RAPGEF6",-0.0599942341754089,0.126378138843444,0.634986537535628,-0.307690834741761,0.187702366390943,5,2.50982805489134e-06,0.00250193969839002,0.999123450623938
"Sst-10","LINC01572",-0.012477024073835,0.163359472095815,0.939118594417969,-0.332655705915108,0.307701657767438,5,0,0,0.999123450623938
"Sst-10","ZDHHC7",-0.0766611270437856,0.161304978752726,0.634604657711297,-0.392813075926128,0.239490821838557,5,0,0,0.999123450623938
"Sst-10","ARHGEF1",0.0815692167458235,0.18168341745859,0.653458011968447,-0.274523738061168,0.437662171552815,5,0,0,0.999123450623938
"Sst-10","RHOBTB1",0.00658384112119039,0.355855246525177,0.985238813948517,-0.690879625777779,0.704047308020159,5,0.409912954798716,66.2012580928056,0.999123450623938
"Sst-10","KTN1",-0.0906099586558119,0.0929011866868037,0.329393155169573,-0.272692938682979,0.0914730213713554,5,0.00763454113922356,17.2603726233105,0.999123450623938
"Sst-10","HID1",-0.0032434355017942,0.156005381723217,0.983412747302668,-0.309008365073722,0.302521494070134,5,0,0,0.999123450623938
"Sst-10","MT-ND5",0.0258040410874792,0.162216608558304,0.873612533058941,-0.292134669381028,0.343742751555986,5,0.0214777201696098,15.4623405574651,0.999123450623938
"Sst-10","NCBP3",-0.0106466435817323,0.124791580694315,0.932010649007647,-0.255233647316414,0.233940360152949,5,0.00680993863698061,8.14656052912617,0.999123450623938
"Sst-10","PTEN",-0.0252520206986345,0.0737168298465039,0.731933750029665,-0.16973435225225,0.11923031085498,5,0,0,0.999123450623938
"Sst-10","TTC39C",-0.321793671514963,0.223812264096749,0.150495376883379,-0.760457648442958,0.116870305413033,5,0.136917808165982,56.9568810650854,0.999123450623938
"Sst-10","ENOPH1",-0.0585551665597772,0.137702324907778,0.670668979944053,-0.328446763966455,0.2113364308469,5,0,0,0.999123450623938
"Sst-10","SPPL3",0.0552049195827571,0.0728643115242966,0.448666505808506,-0.0876065067631711,0.198016345928685,5,0,0,0.999123450623938
"Sst-10","PGM2L1",-0.0368524850724696,0.117925537443369,0.75465570061018,-0.267982291319003,0.194277321174064,5,0.025122363175375,36.8860410095202,0.999123450623938
"Sst-10","CPQ",-0.123594341095373,0.161206138510614,0.443268776947617,-0.439552566662951,0.192363884472205,5,0,0,0.999123450623938
"Sst-10","SNTA1",-0.320676783737679,0.177799020924765,0.0712953864330412,-0.669156461236702,0.0278028937613438,5,0.0217963772973867,13.076002532074,0.999123450623938
"Sst-10","ATP13A1",-0.111168665828595,0.185009414007542,0.547919162102621,-0.473780454084238,0.251443122427049,5,0,0,0.999123450623938
"Sst-10","ERMP1",-0.0421870921088549,0.125989498835645,0.737741184392111,-0.289121972256971,0.204747788039261,5,0,0,0.999123450623938
"Sst-10","SUPT20H",-0.106938806555443,0.114984104039004,0.352354920244369,-0.332303509266498,0.118425896155611,5,0.0072072680282752,9.94050817369046,0.999123450623938
"Sst-10","FEZ1",-0.0825176454314087,0.0929350124722541,0.374590794598822,-0.264666922779807,0.09963163191699,5,0.00180213710832641,3.53054044067553,0.999123450623938
"Sst-10","SNCA",0.072116180717567,0.127301962552701,0.571055967270469,-0.177391081046993,0.321623442482127,5,1.60920489793416e-06,0.00194146308485824,0.999123450623938
"Sst-10","MBD4",-0.0371221211349952,0.168445972892704,0.825575231186037,-0.367270161345505,0.293025919075515,5,0,0,0.999123450623938
"Sst-10","EIF3K",0.145492731540035,0.122134159917657,0.233554127322252,-0.0938858231806269,0.384871286260698,5,0,0,0.999123450623938
"Sst-10","ICE2",0.0366441862267754,0.094673967161431,0.698714287750587,-0.148913379683157,0.222201752136708,5,0,0,0.999123450623938
"Sst-10","NME9",0.153820843174659,0.141729964172742,0.277784703983383,-0.123964782134067,0.431606468483385,5,0,0,0.999123450623938
"Sst-10","SLC35B4",-0.125399307904876,0.165810976641209,0.449482123026349,-0.450382850363057,0.199584234553305,5,0.0353002231024715,25.5738326138041,0.999123450623938
"Sst-10","EEF1D",-0.22730966566769,0.250820730828544,0.364796416155678,-0.718909264667652,0.264289933332271,5,0.185124878087438,60.6201333720487,0.999123450623938
"Sst-10","CDC42BPB",-0.161386004386864,0.0913726565155242,0.0773556598347765,-0.340473120329041,0.0177011115553126,5,0,0,0.999123450623938
"Sst-10","SLC18B1",0.150782283131416,0.123208484498683,0.221028481205359,-0.0907019090757644,0.392266475338596,5,0,0,0.999123450623938
"Sst-10","SGTB",-0.134431095080601,0.101434372239214,0.18507127170463,-0.333238811463891,0.0643766213026883,5,0,0,0.999123450623938
"Sst-10","DGKH",-0.501927047991086,0.153657586944046,0.00108874445263556,-0.803090384352747,-0.200763711629424,5,0,0,0.360532612568958
"Sst-10","SCPEP1",-0.102342034229137,0.162728655881536,0.529406549565551,-0.42128433900956,0.216600270551285,5,0,0,0.999123450623938
"Sst-10","RAB27A",0.0971355649448962,0.199704735666161,0.626686495845043,-0.294278524502871,0.488549654392664,5,0.044836891073047,22.2052609488471,0.999123450623938
"Sst-10","ATP6V0D1",-0.172419853760855,0.216960538763408,0.426784509592978,-0.597654695803541,0.25281498828183,5,0.105812417774911,45.8147007165892,0.999123450623938
"Sst-10","FAM89A",-0.0532635697026962,0.115617135097082,0.645021578327916,-0.279868990488678,0.173341851083286,5,0,0,0.999123450623938
"Sst-10","KPNA1",0.0264573340461227,0.175875404508509,0.880423593443546,-0.318252124556968,0.371166792649214,5,0.0924317542154023,63.9361217382215,0.999123450623938
"Sst-10","LCMT1",-0.0888109377436715,0.102487628827816,0.386187105900223,-0.289682999107101,0.112061123619758,5,0,0,0.999123450623938
"Sst-10","ANO8",-0.250258862765218,0.22914345160837,0.274767478218512,-0.69937177521082,0.198854049680383,5,0.108076933150354,42.1117960504585,0.999123450623938
"Sst-10","PPFIA2",-0.0511053127174772,0.0821554268193769,0.533904753429062,-0.212126990417972,0.109916364983018,5,0.0156714610627564,48.6908455630905,0.999123450623938
"Sst-10","SORCS3",-0.398641907324451,0.203609133443262,0.0502442928748201,-0.797708475796655,0.000424661147752248,5,0,0,0.999123450623938
"Sst-10","DYNC1H1",-0.112756027152914,0.0906570735247323,0.213586341076802,-0.290440626205189,0.0649285718993615,5,0.0164228217040787,41.0712785659818,0.999123450623938
"Sst-10","NUP133",-0.233236628124852,0.123717592102229,0.059398233714207,-0.475718652899238,0.00924539664953386,5,0,0,0.999123450623938
"Sst-10","SERP2",-0.0937791198216862,0.172142557882749,0.58590764413027,-0.431172333478476,0.243614093835104,5,0.0587438973852749,40.7278756470844,0.999123450623938
"Sst-10","FRMPD3",-0.241211428754935,0.258422237535436,0.35061325623267,-0.747709707128643,0.265286849618774,5,0.234204095537076,76.5117459019411,0.999123450623938
"Sst-10","RAPGEF5",-0.0587575971220517,0.0593856358450323,0.322455541292434,-0.175151304577326,0.0576361103332225,5,0,0,0.999123450623938
"Sst-10","WDR33",0.0839985988311565,0.0776179315262154,0.279160959372096,-0.0681297515147216,0.236126949177035,5,0,0,0.999123450623938
"Sst-10","ZNF197",-0.0382037773781755,0.164154656983637,0.815970769096517,-0.359940992960631,0.28353343820428,5,0.0480057279334123,36.7991691716701,0.999123450623938
"Sst-10","SAP30",-0.134025635242807,0.156712741773819,0.392423134995742,-0.441176965038018,0.173125694552404,5,0,0,0.999123450623938
"Sst-10","KCMF1",-0.00556888968279864,0.0996998900217437,0.955456102486767,-0.200977083388021,0.189839304022423,5,0,0,0.999123450623938
"Sst-10","SEC31A",-0.0806975839346917,0.0893219304079586,0.366288979045919,-0.255765350563884,0.0943701826945002,5,0,0,0.999123450623938
"Sst-10","RINT1",-0.190560218909497,0.124919534758847,0.127143474551912,-0.435398008002337,0.0542775701833436,5,0,0,0.999123450623938
"Sst-10","UNC50",0.110204690710881,0.126577403285624,0.38394496525105,-0.137882460985545,0.358291842407306,5,7.19599934701106e-06,0.00739278318912576,0.999123450623938
"Sst-10","NAPA",0.172686267972844,0.259120137921565,0.505134234619025,-0.335179870022475,0.680552405968164,5,0.182084773242954,55.4460135532991,0.999123450623938
"Sst-10","CAMSAP2",0.0249703231961914,0.126807942408739,0.843894442647554,-0.223568676878566,0.273509323270949,5,0.0572592190436497,73.6861907818076,0.999123450623938
"Sst-10","RALGDS",-0.158986109095964,0.135473394201478,0.240571451139244,-0.424509082594257,0.10653686440233,5,1.71674784323335e-06,0.00171959869395137,0.999123450623938
"Sst-10","NUDT21",-0.0249887673437294,0.176816761603104,0.88761258185845,-0.371543251948819,0.32156571726136,5,0.0460868268177436,29.6279142956508,0.999123450623938
"Sst-10","NRIP3",0.0517448368522057,0.0816783967307254,0.526394612416838,-0.10834187905499,0.211831552759402,5,0,0,0.999123450623938
"Sst-10","RDH13",0.0510327132118897,0.209095240390007,0.807180910913561,-0.358786427291269,0.460851853715048,5,0.0371375902026387,16.7954004877193,0.999123450623938
"Sst-10","INTS10",-0.10546372926693,0.101226620188594,0.297477678318772,-0.303864259113289,0.0929368005794298,5,0.00686949748918553,12.3485452772631,0.999123450623938
"Sst-10","TAPT1-AS1",0.0175920294409017,0.140247832482144,0.900178940618462,-0.257288671133908,0.292472730015711,5,0.0373782414650841,38.9251935816645,0.999123450623938
"Sst-10","SLC35F1",0.0488116548305896,0.0735783278811166,0.507076214948907,-0.0953992178590783,0.193022527520257,5,0.00621402555457357,22.6396835609754,0.999123450623938
"Sst-10","GIGYF1",-0.223243453518872,0.138925141898127,0.108068974049468,-0.495531728186318,0.0490448211485741,5,0,0,0.999123450623938
"Sst-10","IFT88",-0.244497501787311,0.200707891197698,0.223157162753081,-0.637877739947783,0.148882736373162,5,0.142297195028118,74.7494744361431,0.999123450623938
"Sst-10","DUSP8",-0.232503751401592,0.148494300919118,0.117409048838194,-0.523547233112516,0.058539730309331,5,0,0,0.999123450623938
"Sst-10","BCAT1",0.0479123164320183,0.0968646681294872,0.620860260150022,-0.141938944476201,0.237763577340238,5,0.00698763336543362,14.355571078818,0.999123450623938
"Sst-10","FAM149A",-0.176148276657606,0.231451168673652,0.446621101031846,-0.629784231437669,0.277487678122456,5,0.102005154174889,38.6170944994505,0.999123450623938
"Sst-10","PPCDC",0.0523421619842192,0.185895525734722,0.778275066410588,-0.312006373342974,0.416690697311412,5,0.0128151801813339,7.15945495763385,0.999123450623938
"Sst-10","KCNMB4",-0.0945014672598033,0.170956895846133,0.580414408187138,-0.429570826026989,0.240567891507383,5,0.0236809674734766,16.0197283284036,0.999123450623938
"Sst-10","CDH8",-0.111306277782801,0.0776306099422251,0.151631149526823,-0.263459477367439,0.0408469218018376,5,0,0,0.999123450623938
"Sst-10","DDX42",-0.102981867861158,0.113217021679136,0.363035059913644,-0.324883152789156,0.11891941706684,5,0,0,0.999123450623938
"Sst-10","SDC2",-0.222965809775425,0.294654383314581,0.449227910733265,-0.800477788958862,0.354546169408013,5,0.289856419243583,70.7751486287855,0.999123450623938
"Sst-10","PPP4R3B",0.014031571451074,0.0847791513351733,0.868544676492436,-0.152132511805737,0.180195654707885,5,0,0,0.999123450623938
"Sst-10","P4HA1",-0.00400881794943793,0.122374501671263,0.973867088989854,-0.24385843385115,0.235840797952274,5,0.00306801317029623,3.46724811160017,0.999123450623938
"Sst-10","COPS6",0.0450147423950238,0.247642201378152,0.855760631858147,-0.440355053358369,0.530384538148417,5,0.18681402216561,63.2319154740449,0.999123450623938
"Sst-10","RANGAP1",-0.117432910310203,0.217465585241236,0.589192293716859,-0.543657625259952,0.308791804639545,5,0.147600167412593,65.9862596699635,0.999123450623938
"Sst-10","TMEM248",0.0571786383942049,0.138729697703389,0.680223177311859,-0.214726572690567,0.329083849478977,5,0.0294521160559027,30.8679979296624,0.999123450623938
"Sst-10","MTMR6",-0.181471060595951,0.116547174490976,0.11945600226239,-0.409899325098171,0.0469572039062677,5,0,0,0.999123450623938
"Sst-10","FAM171A2",-0.0472040259375467,0.173110916551304,0.785098582874513,-0.386495187708822,0.292087135833729,5,0,0,0.999123450623938
"Sst-10","RNF168",0.01914328685598,0.110343859532888,0.862268205980646,-0.197126703743628,0.235413277455588,5,0,0,0.999123450623938
"Sst-10","GALNT2",-0.129531062808777,0.125853957291469,0.303377601893185,-0.376200286411899,0.117138160794344,5,0.0265401993481124,34.0002194159596,0.999123450623938
"Sst-10","ZBTB18",-0.0843178703385838,0.20869196072632,0.68619045618557,-0.493346597225218,0.32471085654805,5,0.022675160799139,10.1025811096278,0.999123450623938
"Sst-10","CCDC82",0.0438023124262137,0.0982884705279676,0.65584967897127,-0.148839549904129,0.236444174756557,5,6.28963698351611e-06,0.0106231814322586,0.999123450623938
"Sst-10","ZFP30",-0.172520518555322,0.200987338824496,0.390690888751747,-0.566448463999883,0.221407426889239,5,0.103573478180903,55.2931847843995,0.999123450623938
"Sst-10","TRPM2",-0.040617422201702,0.0939280972557135,0.665428182244146,-0.224713109959276,0.143478265555872,5,2.17589211222805e-06,0.00429365455008948,0.999123450623938
"Sst-10","SNHG25",0.103760129831049,0.203401213812976,0.609963596680402,-0.294898923654115,0.502419183316214,5,0.0602016137472731,29.2485564076887,0.999123450623938
"Sst-10","PDE7A",-0.0966091829760096,0.120601610084995,0.423096636946058,-0.332983995220143,0.139765629268124,5,0.025608503147717,35.5488262525067,0.999123450623938
"Sst-10","FAM234B",-0.152614152618861,0.161281247235059,0.344015485272222,-0.468719588581278,0.163491283343555,5,0,0,0.999123450623938
"Sst-10","SNX32",0.126916306960947,0.128818654968719,0.324509950639911,-0.125563617314634,0.379396231236528,5,0.0227438015681917,27.2231629602294,0.999123450623938
"Sst-10","NCAPG2",0.194655300026924,0.176366835082719,0.269725204549353,-0.151017344802521,0.540327944856369,5,0,0,0.999123450623938
"Sst-10","NR2F2",-0.0159068736337843,0.11729301333984,0.892124422500396,-0.245796955418046,0.213983208150477,5,0,0,0.999123450623938
"Sst-10","HIPK2",-0.121380646956081,0.108014575601114,0.261121975607891,-0.333085324939643,0.0903240310274822,5,0,0,0.999123450623938
"Sst-10","FAM98B",0.215397659840278,0.144165339344632,0.135149073729279,-0.0671612130941971,0.497956532774752,5,0.012998428205238,11.8453438905958,0.999123450623938
"Sst-10","CSAD",0.0868492260655606,0.0939865502955795,0.355454997967144,-0.0973610275449375,0.271059479676059,5,0.00635877702771486,13.2323105984789,0.999123450623938
"Sst-10","ATAD1",0.114468044168153,0.08464124743544,0.176250331572591,-0.0514257524118522,0.280361840748159,5,0,0,0.999123450623938
"Sst-10","RHOA",-0.218695601596356,0.137229469300249,0.111014681070692,-0.48766041904239,0.050269215849678,5,0.0153090160399223,15.3863112831759,0.999123450623938
"Sst-10","RAB3A",-0.0372019099039723,0.219943262958992,0.86568399648888,-0.46828278394582,0.393878964137875,5,0.1078925926932,45.0598418948368,0.999123450623938
"Sst-10","KANSL3",0.031614223352213,0.121464641275053,0.79465156741654,-0.206452098941968,0.269680545646394,5,0.0199776596848661,27.0764527422926,0.999123450623938
"Sst-10","ARHGEF11",-0.0212642048684927,0.0843066469689566,0.800867514446873,-0.186502196584981,0.143973786847995,5,0,0,0.999123450623938
"Sst-10","ATRX",0.064127996824373,0.0528657432481359,0.225116439574598,-0.0394869559579149,0.167742949606661,5,8.41345870405055e-07,0.00528767791488807,0.999123450623938
"Sst-10","CNP",-0.149215722034346,0.156286869147497,0.339701439714881,-0.455532356819963,0.157100912751272,5,0,0,0.999123450623938
"Sst-10","SLC27A1",-0.0927260038537515,0.118147992042039,0.432553668804441,-0.324291813101874,0.138839805394371,5,0.0100542119516975,13.7447198173346,0.999123450623938
"Sst-10","OTUD7B",-0.275392904631896,0.140456416949899,0.049914022501894,-0.55068242325124,-0.00010338601255161,5,0,0,0.999123450623938
"Sst-10","MREG",-0.235504255630106,0.189754524154847,0.214568973659598,-0.607416288877142,0.13640777761693,5,0.0373388841338642,20.0618934714991,0.999123450623938
"Sst-10","PEA15",0.0109406197240733,0.126164718051134,0.930896501904267,-0.236337683775799,0.258218923223946,5,0,0,0.999123450623938
"Sst-10","TTC33",-0.143348397328903,0.163795951552088,0.381484421706723,-0.464382563184462,0.177685768526657,5,0.0592746442302085,45.6616005147338,0.999123450623938
"Sst-10","EIF2S1",-0.0949752277852006,0.141713827790695,0.502736508950542,-0.372729226366274,0.182778770795873,5,0,0,0.999123450623938
"Sst-10","SPRYD3",0.0541852203984652,0.162499026544695,0.73879499756788,-0.264307019151955,0.372677459948886,5,0.00168064012484294,1.20597969871994,0.999123450623938
"Sst-10","ATP2C1",0.0590078251151272,0.127466685418611,0.643416385113521,-0.190822287534046,0.308837937764301,5,0.0429719003569887,54.9612506018587,0.999123450623938
"Sst-10","DDX5",-0.0107310688943929,0.105420843815084,0.918921245963181,-0.21735212599178,0.195889988202995,5,0.0227274247639639,43.1946621198401,0.999123450623938
"Sst-10","NFATC3",-0.0642003062583449,0.127201831704484,0.613761046536003,-0.313511315166659,0.185110702649969,5,0.00617892021119438,6.91958426770594,0.999123450623938
"Sst-10","INTS1",-0.0309863753488053,0.132810414051259,0.81551848611279,-0.291290003661126,0.229317252963515,5,4.80317507249399e-06,0.00512879936840299,0.999123450623938
"Sst-10","DYRK1A",-0.138714571517216,0.0695822434340589,0.046202998920143,-0.27509326261147,-0.00233588042296184,5,1.97118301661877e-06,0.00737240759206896,0.999123450623938
"Sst-10","UBE2H",-0.0491241076808833,0.0974258572779271,0.614106485196431,-0.24007527910856,0.141827063746793,5,0.0175994395853496,38.428565618288,0.999123450623938
"Sst-10","ZNF430",-0.0112886560793246,0.159866570022146,0.943705773842464,-0.324621375654682,0.302044063496033,5,0,0,0.999123450623938
"Sst-10","CEP57L1",-0.19849902889408,0.113360674108484,0.0799390898793775,-0.42068186740989,0.0236838096217305,5,0,0,0.999123450623938
"Sst-10","TMEM33",-0.198176855319112,0.112881700714197,0.0791540960963679,-0.419420923232568,0.0230672125943445,5,0,0,0.999123450623938
"Sst-10","PSMC2",0.0616940979095225,0.140157441941645,0.659808836020022,-0.213009440461364,0.336397636280409,5,0,0,0.999123450623938
"Sst-10","ZNF654",0.119542997310144,0.101797017427514,0.240264028423901,-0.0799754905813795,0.319061485201667,5,1.2368026455564e-06,0.00208392482155178,0.999123450623938
"Sst-10","TTC7A",-0.201574743269063,0.134066081124694,0.132697875118976,-0.464339433821888,0.0611899472837626,5,6.34676248187689e-06,0.00593064155160819,0.999123450623938
"Sst-10","RFX1",0.128186597574072,0.141544028294183,0.365131428038005,-0.149234600109244,0.405607795257388,5,0,0,0.999123450623938
"Sst-10","AIMP1",0.167790991194469,0.141755576590301,0.236546043591062,-0.11004483353023,0.445626815919169,5,0.00312541994428352,2.78730128950507,0.999123450623938
"Sst-10","PANK3",-0.248008621018142,0.106554406942447,0.0199370531337161,-0.456851421019363,-0.0391658210169224,5,0,0,0.960663479470745
"Sst-10","MALAT1",-0.0594517592595316,0.113347671192877,0.599925263549648,-0.281609112529059,0.162705594009996,5,0.0466386937187146,78.7958350222354,0.999123450623938
"Sst-10","UBA2",-0.0194087950673375,0.0964472736260822,0.840512977139363,-0.208441977781538,0.169624387646863,5,0,0,0.999123450623938
"Sst-10","ABTB2",-0.0613857933728711,0.167577663499468,0.714131900933265,-0.3898319784452,0.267060391699458,5,0.00349539225049933,2.43484614631742,0.999123450623938
"Sst-10","MED23",-0.0957800547774676,0.102971061889424,0.352285776120799,-0.297599627530584,0.106039517975649,5,0.0113264750915165,21.0463671656112,0.999123450623938
"Sst-10","ITGA1",0.183854426436299,0.140870835592445,0.191849375758808,-0.0922473377969562,0.459956190669554,5,0,0,0.999123450623938
"Sst-10","PNPLA8",0.115113586453728,0.100880388816773,0.253832539987454,-0.0826083423735442,0.312835515281001,5,0,0,0.999123450623938
"Sst-10","ZNF439",-0.00203333701718648,0.155044273137912,0.989536397084095,-0.305914528376684,0.301847854342311,5,0,0,0.999123450623938
"Sst-10","PLEKHB2",-0.159043856987123,0.11806552275839,0.177954052515243,-0.390448029409461,0.0723603154352155,5,0.00492614825130513,6.80057092447974,0.999123450623938
"Sst-10","ANK2",0.0379383687124202,0.0556901699944325,0.49571967223455,-0.0712123587695807,0.147089096194421,5,0.00376216623388377,23.8924851531829,0.999123450623938
"Sst-10","GID8",0.237492021438989,0.163053331955111,0.145246244198075,-0.0820866367522822,0.55707067963026,5,0,0,0.999123450623938
"Sst-10","HCN2",-0.271331419694854,0.144111794728387,0.0597296101441853,-0.553785347109922,0.0111225077202142,5,0,0,0.999123450623938
"Sst-10","TXLNA",-0.0994956342502446,0.174575268939404,0.56872536595412,-0.441656873962871,0.242665605462382,5,0,0,0.999123450623938
"Sst-10","CNOT10",0.0140076117908015,0.108018583298201,0.896821350569655,-0.197704921134712,0.225720144716315,5,2.52894578347479e-06,0.00361654039704921,0.999123450623938
"Sst-10","ENC1",-0.243487368891378,0.160950987191802,0.130329339354078,-0.558945507063478,0.071970769280722,5,0,0,0.999123450623938
"Sst-10","GPSM1",-0.240012713885572,0.147892974361085,0.104614823136138,-0.529877617199805,0.0498521894286603,5,0,0,0.999123450623938
"Sst-10","ZNF43",0.0275850398189341,0.185803263125899,0.88197683205525,-0.336582664117847,0.391752743755715,5,0.0255963218673905,13.8843638544644,0.999123450623938
"Sst-10","PCNX2",0.0478324464285084,0.0549977133156469,0.384455077638092,-0.0599610909022184,0.155625983759235,5,3.89950477882551e-06,0.0220068001479297,0.999123450623938
"Sst-10","SLC25A29",-0.226701148452763,0.169032873472168,0.179866551727762,-0.557999492661529,0.104597195756003,5,0,0,0.999123450623938
"Sst-10","KCNB1",0.175822421966329,0.0602965866052238,0.00354596198430641,0.0576432838293898,0.294001560103267,5,0,0,0.517660947457201
"Sst-10","CUL4B",0.0830923865705595,0.117343222388163,0.478874423983347,-0.146896103140115,0.313080876281234,5,0,0,0.999123450623938
"Sst-10","SUPT16H",0.143014993331998,0.0995414840621716,0.150792565661989,-0.0520827303975257,0.338112717061522,5,0,0,0.999123450623938
"Sst-10","NDN",-0.117446895084593,0.174677403421714,0.501351640287714,-0.459808314704126,0.22491452453494,5,0.0266890294320432,16.9268402954149,0.999123450623938
"Sst-10","PMPCA",-0.226051541988027,0.155600192737895,0.146287177839865,-0.531022315741792,0.0789192317657383,5,0,0,0.999123450623938
"Sst-10","HSF2",-0.0633520136990338,0.117548532262899,0.589925862320649,-0.29374290336986,0.167038875971793,5,0,0,0.999123450623938
"Sst-10","ACAD9",0.187995253583322,0.126106567755867,0.136023211966995,-0.0591690774321381,0.435159584598782,5,0,0,0.999123450623938
"Sst-10","SAMHD1",0.249589174283254,0.177136159143005,0.158827946778982,-0.0975913179967905,0.596769666563299,5,0,0,0.999123450623938
"Sst-10","PHLDB1",0.149151384794481,0.248669359185268,0.54864086507349,-0.338231603267299,0.636534372856262,5,0.136488068934432,45.2923849621378,0.999123450623938
"Sst-10","SHANK3",0.00632598433937656,0.115371858674515,0.95627289625495,-0.219798703492119,0.232450672170872,5,0,0,0.999123450623938
"Sst-10","KLHL28",0.0987313112861286,0.111318805572954,0.375119863013502,-0.119449538438877,0.316912161011135,5,0,0,0.999123450623938
"Sst-10","RASAL2",-0.0984533262583761,0.0675407282435255,0.144926490905305,-0.230830721105293,0.0339240685885411,5,0,0,0.999123450623938
"Sst-10","ARFIP1",0.0781002919641647,0.098212819600089,0.426488538811389,-0.114393297272139,0.270593881200469,5,2.33168605853251e-06,0.00400902141330803,0.999123450623938
"Sst-10","CTSA",0.126754274969389,0.149468001387905,0.396417814269226,-0.166197624592087,0.419706174530866,5,0,0,0.999123450623938
"Sst-10","ZXDC",-0.118043044225277,0.178111701170336,0.507492428052077,-0.467135563744297,0.231049475293743,5,0.0771563606802342,50.1945121660714,0.999123450623938
"Sst-10","NAT14",-0.284806919301494,0.181375945482637,0.11635524217289,-0.640297240109363,0.0706834015063756,5,0,0,0.999123450623938
"Sst-10","CYCS",0.134884332665312,0.24682340000775,0.584735249449539,-0.348880641891601,0.618649307222226,5,0.173583551668677,60.1243361717487,0.999123450623938
"Sst-10","ZNF862",0.0383935880682506,0.23401707285237,0.86968139727379,-0.420271446489881,0.497058622626382,5,0.182039171327929,69.9066848231406,0.999123450623938
"Sst-10","ERICH3",0.029673543960478,0.129157408734569,0.818288269962211,-0.223470325495796,0.282817413416752,5,0.0277965707541629,34.0418681968141,0.999123450623938
"Sst-10","DNAJA1",-0.0755091852678859,0.196777739193404,0.701179842880049,-0.461186467046174,0.310168096510403,5,0.0901223326051806,48.0289137340908,0.999123450623938
"Sst-10","VRK1",0.302092735376492,0.212917287139011,0.15594954168894,-0.115217479101943,0.719402949854926,5,0.0970543653094208,44.5823839312869,0.999123450623938
"Sst-10","THAP6",0.00904290141684932,0.32742223737025,0.977966449923906,-0.632692891566366,0.650778694400064,5,0.403977306976579,78.0604181296798,0.999123450623938
"Sst-10","CD2BP2",-0.255045027985024,0.182945261313804,0.163285694127185,-0.613611151302349,0.1035210953323,5,0,0,0.999123450623938
"Sst-10","ERGIC2",-0.162202910564283,0.182421312549943,0.373913631703213,-0.519742113174696,0.195336292046131,5,0.0968503696217268,61.1481865732799,0.999123450623938
"Sst-10","ADNP2",0.00660079544935992,0.117734230865165,0.955289851473064,-0.224154056793887,0.237355647692607,5,0.000485982184973699,0.600188794250225,0.999123450623938
"Sst-10","IQGAP1",-0.0470496796333522,0.14401821749407,0.743900430790214,-0.329320199039385,0.23522083977268,5,1.48586079446923e-06,0.0013294645934923,0.999123450623938
"Sst-10","DIS3",-0.0882502084881092,0.108975042188763,0.418043426030323,-0.301837366391817,0.125336949415599,5,0,0,0.999123450623938
"Sst-10","ZNF519",0.0318543792635676,0.156693626245679,0.838907712867597,-0.275259484784942,0.338968243312078,5,0.0356353249163759,29.1829539051768,0.999123450623938
"Sst-10","SNRNP70",0.0386736645870592,0.122236936730438,0.75171196884751,-0.200906328985101,0.278253658159219,5,0.0402705633834929,56.4934794435151,0.999123450623938
"Sst-10","TMEM39B",0.13551782310621,0.185807374008366,0.465790178563964,-0.228657938012151,0.499693584224571,5,0.0439549008530879,25.3263716342229,0.999123450623938
"Sst-10","ASPSCR1",-0.427501879056184,0.204246795551197,0.0363433263639768,-0.827818242294246,-0.0271855158181218,5,0.0497180501813421,23.8098082509678,0.999123450623938
"Sst-10","SESN1",-0.0383321667519602,0.0975948646410804,0.694490637447136,-0.229614586524539,0.152950253020619,5,0.013614665915807,28.6216950352427,0.999123450623938
"Sst-10","PAIP2",-0.0811717241170044,0.158897785364005,0.609461425296552,-0.392605660653631,0.230262212419622,5,0.0726369456588851,59.9858781877927,0.999123450623938
"Sst-10","LIMCH1",0.1219103015404,0.0532314625868927,0.0220101543971535,0.0175785520256987,0.226242051055101,5,0.00305437672336786,20.8507332215512,0.98287803110414
"Sst-10","ERCC1",-0.0944249537399762,0.154841277669661,0.541982566910183,-0.397908281292679,0.209058373812726,5,0,0,0.999123450623938
"Sst-10","ARFRP1",-0.223419982545331,0.172126228071742,0.194287058456615,-0.560781190360671,0.11394122527001,5,0,0,0.999123450623938
"Sst-10","PLA2G12A",-0.0240566808531522,0.148756594347806,0.871527601327548,-0.315614248237686,0.267500886531382,5,0,0,0.999123450623938
"Sst-10","RASSF4",0.155065504473785,0.109218035203362,0.155671946047418,-0.0589979109870328,0.369128919934603,5,0,0,0.999123450623938
"Sst-10","GRIK3",0.103633088466409,0.0564277543134408,0.0662745312856354,-0.00696327771640995,0.214229454649227,5,0,0,0.999123450623938
"Sst-10","TAF4",-0.166357266277737,0.132880356943419,0.210594382006767,-0.426797980139664,0.0940834475841909,5,5.20720763622763e-06,0.00494832284734714,0.999123450623938
"Sst-10","FAM193A",0.0802875719786682,0.0968537808846829,0.407129018032557,-0.109542350321844,0.270117494279181,5,0.0145414481933952,31.341148310747,0.999123450623938
"Sst-10","FAHD2A",-0.228346817280396,0.236725845957915,0.334742942505264,-0.692320949567685,0.235627315006893,5,0.144731413835434,52.3177896013899,0.999123450623938
"Sst-10","MMP16",0.0247171257141643,0.103613122237152,0.81145292779335,-0.178360862196399,0.227795113624728,5,0.0178362415238888,33.5260470787757,0.999123450623938
"Sst-10","PRPF38B",0.0344581289205791,0.115577307328533,0.765596904297433,-0.192069230873462,0.260985488714621,5,5.91752863659688e-07,0.000776106369743244,0.999123450623938
"Sst-10","SCAF8",-0.0256206261870638,0.112995308073955,0.820625439561333,-0.247087360434023,0.195846108059896,5,0.0287303012674741,46.2566320724102,0.999123450623938
"Sst-10","CELSR2",-0.0219402851359588,0.137810658558885,0.873506568668881,-0.29204421259712,0.248163642325202,5,3.31744627106008e-07,0.000295217049933691,0.999123450623938
"Sst-10","TTI1",0.304163593962753,0.14748977132133,0.0391821257536305,0.0150889540848973,0.593238233840608,5,0,0,0.999123450623938
"Sst-10","GPRC5B",-0.13828262973959,0.143312745646434,0.334594337072712,-0.41917044973215,0.142605190252969,5,3.48403247938008e-07,0.000284391300538865,0.999123450623938
"Sst-10","ANKIB1",-0.0243889018552734,0.0590192167546881,0.679433258014601,-0.140064441090225,0.0912866373796782,5,0,0,0.999123450623938
"Sst-10","ABCG1",-0.1855006138564,0.14099393448915,0.188286913653705,-0.461843647493734,0.0908424197809332,5,0,0,0.999123450623938
"Sst-10","STS",-0.0967013378254037,0.164847889626057,0.557466002055576,-0.419797264419909,0.226394588769101,5,0.0336620439129161,24.4839291278428,0.999123450623938
"Sst-10","BCAR1",-0.0462868407573949,0.149818910255093,0.757358097007416,-0.339926509060415,0.247352827545626,5,0,0,0.999123450623938
"Sst-10","CTDSPL",-0.0231625722373729,0.0935821421228883,0.804513088290967,-0.206580200394343,0.160255055919597,5,0,0,0.999123450623938
"Sst-10","THEM4",0.132466731997085,0.187130545758572,0.479017254205872,-0.234302398097041,0.49923586209121,5,0.0667177224956478,38.5783636918971,0.999123450623938
"Sst-10","BRF1",-0.120680094565717,0.112090791049863,0.281646448645763,-0.340374008022052,0.0990138188906191,5,1.51767712809319e-06,0.00217258336400631,0.999123450623938
"Sst-10","EFTUD2",0.0139977297422298,0.138943946002761,0.919753905784709,-0.258327400293059,0.286322859777519,5,0,0,0.999123450623938
"Sst-10","MAP6",0.138018755320703,0.0840406820678234,0.100530944948244,-0.0266979547684118,0.302735465409818,5,4.503151793452e-07,0.00109948480727921,0.999123450623938
"Sst-10","CLHC1",0.0853916376799683,0.163100599908289,0.600590206855887,-0.234279663997156,0.405062939357092,5,0.0409672689625289,30.9798321997546,0.999123450623938
"Sst-10","USP46",-0.147862636430702,0.189362019932185,0.434892887093028,-0.519005375537541,0.223280102676136,5,0.0604405164081575,34.075423675429,0.999123450623938
"Sst-10","SMYD2",0.28358985925531,0.117438288295963,0.0157438957852301,0.0534150437891905,0.513764674721429,5,2.34621334416621e-09,2.56950403430053e-06,0.891267881460091
"Sst-10","NFXL1",0.0666796241327035,0.106421804755632,0.530947829913177,-0.141903280358089,0.275262528623496,5,2.06949714915414e-07,0.000320127809461726,0.999123450623938
"Sst-10","SREK1",0.0957753608188438,0.0815305792393409,0.240107939254445,-0.0640216381289535,0.255572359766641,5,1.03434568175724e-06,0.0027528227598891,0.999123450623938
"Sst-10","RUSC1",0.271749248851095,0.166657990398795,0.102978892460079,-0.054894410066366,0.598392907768555,5,0.0558243451552975,40.9923126451403,0.999123450623938
"Sst-10","PIKFYVE",-0.0221899037672783,0.0862402702058564,0.796944666196447,-0.191217727387759,0.146837919853203,5,0,0,0.999123450623938
"Sst-10","SDCBP",-0.0842439184497181,0.206828647535782,0.683778394561699,-0.48962061859098,0.321132781691544,5,0.0861489725520446,40.9788049104626,0.999123450623938
"Sst-10","PPP1CB",0.177130393590605,0.10948884715029,0.105707012479127,-0.0374638035327734,0.391724590713984,5,0,0,0.999123450623938
"Sst-10","PRPF19",-0.0833002548129303,0.123754546158018,0.500878174766124,-0.325854708205745,0.159254198579884,5,0,0,0.999123450623938
"Sst-10","LUZP2",0.0904037249015555,0.325439706329509,0.781173971684557,-0.547446378643574,0.728253828446685,5,0.334661587752167,64.4530978820935,0.999123450623938
"Sst-10","SMAD4",-0.129988360089589,0.143304868129495,0.364366780127343,-0.410860740432661,0.150884020253483,5,0,0,0.999123450623938
"Sst-10","SH3PXD2A",0.0311468148013796,0.0718338096768487,0.664582221542413,-0.109644865037549,0.171938494640308,5,0,0,0.999123450623938
"Sst-10","PRR3",0.231925872343781,0.147963980126897,0.117009968190388,-0.0580781997141372,0.521929944401699,5,0,0,0.999123450623938
"Sst-10","TFRC",0.0417667213345625,0.146990382979809,0.776298538055804,-0.246329135379612,0.329862578048737,5,0.0203246696685396,17.7450775061076,0.999123450623938
"Sst-10","PSMC1",0.0782157909950802,0.175679339317134,0.656161451142709,-0.266109386894294,0.422540968884455,5,0.0475993586376065,31.059033849797,0.999123450623938
"Sst-10","RFNG",-0.310577297085797,0.232769911409266,0.182116247950742,-0.766797940132538,0.145643345960944,5,0.133630962465966,50.9213656095241,0.999123450623938
"Sst-10","VAPA",0.0026837653959951,0.107976549764707,0.980170559975874,-0.208946383317728,0.214313914109718,5,0.0222792689669766,39.0216223371409,0.999123450623938
"Sst-10","GTF3C1",0.0360085626767973,0.0919011308658959,0.695192329371545,-0.144114343958861,0.216131469312455,5,0,0,0.999123450623938
"Sst-10","PTPN12",0.0171728509485596,0.0911723839355213,0.850597714727983,-0.16152173794972,0.19586743984684,5,0,0,0.999123450623938
"Sst-10","BCAP31",0.0867464238310018,0.195694014106315,0.657566245966481,-0.296806795807449,0.470299643469453,5,0.0351480003138357,17.9305428913367,0.999123450623938
"Sst-10","DCX",0.206499840703502,0.126594585317185,0.102850202915339,-0.0416209871559634,0.454620668562968,5,0.0390429102891307,50.212646435814,0.999123450623938
"Sst-10","CWC27",0.0626229873515311,0.0887846862911428,0.480601499374664,-0.111391800157796,0.236637774860858,5,0,0,0.999123450623938
"Sst-10","HINT3",-0.0206529938873351,0.154561524489727,0.893700597171688,-0.323588015282806,0.282282027508136,5,0.0371609319515077,31.3300536696938,0.999123450623938
"Sst-10","STK11",0.105353608020372,0.26017990761323,0.685531909693312,-0.404589640402518,0.615296856443262,5,0.166563310885641,52.1734682546734,0.999123450623938
"Sst-10","PLSCR1",-0.151670258925553,0.154646228896012,0.326712946798562,-0.454771297906675,0.151430780055568,5,0.00775092099352264,6.0488325859191,0.999123450623938
"Sst-10","ZRSR2",0.0206380982242015,0.148046932168044,0.889132172924867,-0.269528556846809,0.310804753295212,5,0,0,0.999123450623938
"Sst-10","POLH",0.262925009709914,0.17129820963225,0.12480927163056,-0.0728133117854893,0.598663331205316,5,0.0218930311472003,14.2413737965785,0.999123450623938
"Sst-10","TMEM72-AS1",0.0482788965899544,0.127138284395094,0.704141902078735,-0.20090756188064,0.297465355060549,5,0.0106619005481669,12.1244518097359,0.999123450623938
"Sst-10","ORC2",0.161011146614013,0.0925167167628985,0.081798189059219,-0.0203182862091612,0.342340579437187,5,0.00152449571726842,3.10482533517253,0.999123450623938
"Sst-10","IGLON5",0.00303464189777038,0.205383313834091,0.98821128272555,-0.399509256242534,0.405578540038075,5,0.0978566146557023,47.3750452627173,0.999123450623938
"Sst-10","APAF1",0.236184414886494,0.248051955738466,0.341017346749476,-0.249988484655622,0.722357314428611,5,0.180468772739403,61.1359359598666,0.999123450623938
"Sst-10","GSAP",0.0618111080378678,0.137411508996651,0.652836755910255,-0.20751050065687,0.331132716732606,5,0.0257301687924502,27.43238065024,0.999123450623938
"Sst-10","PPFIA1",0.0386689532324345,0.0897367297705172,0.666529768544768,-0.137211805208183,0.214549711673052,5,0,0,0.999123450623938
"Sst-10","TAB3",-0.00220332348159469,0.197636344683813,0.991105070395325,-0.389563441098013,0.385156794134824,5,0.0625845232876622,32.0360360283764,0.999457079415511
"Sst-10","TRABD",0.251372986066243,0.176286440298019,0.153887136792021,-0.0941420878806455,0.596888060013131,5,0,0,0.999123450623938
"Sst-10","GLYR1",0.0840521705703123,0.103160502642179,0.41520348873452,-0.118138699235407,0.286243040376031,5,0,0,0.999123450623938
"Sst-10","MAPK10",0.014996088187963,0.0656081222470831,0.819202673655523,-0.113593468509621,0.143585644885547,5,0.00718565554692977,33.8562754161585,0.999123450623938
"Sst-10","PPP5C",0.140906881047074,0.120202943971303,0.241100105393357,-0.094686559972367,0.376500322066514,5,0,0,0.999123450623938
"Sst-10","RBBP7",0.0728597598999017,0.139468422567158,0.60138458909693,-0.20049332531234,0.346212845112144,5,8.201551068239e-07,0.00072747382390794,0.999123450623938
"Sst-10","ASB13",-0.053110827374568,0.166037218885265,0.749064587734686,-0.378537796482882,0.272316141733746,5,0,0,0.999123450623938
"Sst-10","DGKG",-0.286795016239612,0.310819112427272,0.356159840694275,-0.895989282303771,0.322399249824547,5,0.295566609751491,62.3495423426382,0.999123450623938
"Sst-10","HEATR1",0.163104147027937,0.124912274760941,0.191637740281769,-0.0817194127304788,0.407927706786354,5,0,0,0.999123450623938
"Sst-10","TLN1",-0.319523432738707,0.157438951974526,0.0424066911893877,-0.628098108372509,-0.010948757104904,5,0,0,0.999123450623938
"Sst-10","BRWD3",0.120059703284794,0.167901516140346,0.474571802987924,-0.209021221299954,0.449140627869541,5,0.0762848669996141,55.7062171071209,0.999123450623938
"Sst-10","SLC38A7",0.0168455509237187,0.278899719613364,0.951837036216563,-0.529787854816794,0.563478956664232,5,0.239268492357493,62.9187249350065,0.999123450623938
"Sst-10","ACP6",-0.106039620005645,0.138096225526268,0.442565836273041,-0.376703248438051,0.16462400842676,5,0,0,0.999123450623938
"Sst-10","CACNA1G",-0.0412893585633105,0.129644744258263,0.750120275766958,-0.295388388094412,0.212809670967791,5,0.0071448630013878,6.99520491136214,0.999123450623938
"Sst-10","OSTM1",-0.158981267539919,0.139164157491923,0.2532873911556,-0.431738004162948,0.11377546908311,5,0,0,0.999123450623938
"Sst-10","HPS4",-0.0788812526204706,0.153912444050722,0.608296005841773,-0.380544099732421,0.22278159449148,5,0.0312393846204069,26.3465148168176,0.999123450623938
"Sst-10","MTA1",-0.0391729940585472,0.172489699943565,0.820343355015714,-0.377246593652055,0.29890060553496,5,0.0112000563788106,7.00376736238686,0.999123450623938
"Sst-10","TCEAL4",-0.214701389237701,0.133202935739327,0.106997465183833,-0.475774345921785,0.0463715674463832,5,2.23225326080539e-06,0.0022855730737934,0.999123450623938
"Sst-10","GPR180",-0.00696236411186231,0.136443700987222,0.959303705605503,-0.27438710396417,0.260462375740445,5,0,0,0.999123450623938
"Sst-10","NOXA1",0.0751294208275671,0.270861791921744,0.781494638312399,-0.455749936127034,0.606008777782168,5,0.231593386876493,65.7100412957872,0.999123450623938
"Sst-10","TMEM179",-0.0352792389326213,0.169098686223008,0.834736258116136,-0.366706573762757,0.296148095897514,5,0,0,0.999123450623938
"Sst-10","PMPCB",0.00666406679429881,0.110088989525753,0.951730772175067,-0.209106387770585,0.222434521359182,5,1.07275804563497e-06,0.0015519740426394,0.999123450623938
"Sst-10","ACER3",0.111346069226449,0.106267704715352,0.294736104096242,-0.0969348047353788,0.319626943188276,5,0,0,0.999123450623938
"Sst-10","KAT8",-0.279174365048886,0.15968515707304,0.0804155561538634,-0.592151521777667,0.0338027916798941,5,0,0,0.999123450623938
"Sst-10","AGTPBP1",-0.0242004114736555,0.105747858674168,0.818985400436133,-0.231462405917256,0.183061582969945,5,0.0282044720253057,52.6719267648423,0.999123450623938
"Sst-10","SLC1A2",-0.078829812673992,0.0730910575386384,0.280803925774339,-0.222085653041668,0.0644260276936841,5,0,0,0.999123450623938
"Sst-10","THY1",-0.0611858958387222,0.135865040909341,0.652463001689517,-0.327476482779092,0.205104691101648,5,0.0373936148204163,41.3888581457385,0.999123450623938
"Sst-10","TMEM266",0.0613784550518133,0.118083484153489,0.603210889577635,-0.170060921058031,0.292817831161658,5,0,0,0.999123450623938
"Sst-10","SFXN4",0.237102280942048,0.155155682137125,0.12647349939104,-0.0669972680434612,0.541201829927557,5,0,0,0.999123450623938
"Sst-10","CAMKK2",0.0395110184359203,0.133047965077054,0.766490765824217,-0.221258201331449,0.30028023820329,5,0,0,0.999123450623938
"Sst-10","NCOA5",0.226516806048813,0.133036518065157,0.0886305207468237,-0.034229977987507,0.487263590085133,5,2.09357305223657e-06,0.00221177286032853,0.999123450623938
"Sst-10","TMEM164",-0.0652391238634336,0.166130485585687,0.694542483828366,-0.39084889234553,0.260370644618663,5,0,0,0.999123450623938
"Sst-10","BCL7C",-0.0921559072153016,0.149722585634638,0.538217268291579,-0.385606782731407,0.201294968300803,5,0,0,0.999123450623938
"Sst-10","FAM13A",0.0765189871927144,0.126026371204426,0.543740440239147,-0.170488161470236,0.323526135855665,5,0,0,0.999123450623938
"Sst-10","KIF5C",-0.0619714027137865,0.0555220299806848,0.264354163815385,-0.170792581824482,0.0468497763969088,5,0,0,0.999123450623938
"Sst-10","GXYLT2",0.10585905514156,0.274709754196574,0.699979061844934,-0.432562169285576,0.644280279568695,5,0.164882186519484,44.4857675086128,0.999123450623938
"Sst-10","JPX",0.0657654781077831,0.0998557463401551,0.510149552358727,-0.129948188368288,0.261479144583854,5,0.0130104413569862,25.8612863068798,0.999123450623938
"Sst-10","KIF21A",-0.0633040544195597,0.0736696885596044,0.390177337386478,-0.207693990748667,0.0810858819095473,5,0.00841125114665199,31.114465861628,0.999123450623938
"Sst-10","NDUFAF5",-0.147595114614284,0.154040825566341,0.337984187886738,-0.44950958487313,0.154319355644561,5,0.0333581540676433,28.2869966524861,0.999123450623938
"Sst-10","BBS2",0.0109564543267505,0.141101782464969,0.938107026755904,-0.265597957458994,0.287510866112495,5,0,0,0.999123450623938
"Sst-10","CFAP221",0.20527760615074,0.172329592412206,0.233578277931491,-0.132482188447651,0.543037400749131,5,5.01686977328646e-07,0.000320742178645822,0.999123450623938
"Sst-10","FKBP9",0.346409960729653,0.157630830700338,0.0279774208948734,0.0374592097038601,0.655360711755446,5,0,0,0.999123450623938
"Sst-10","HEATR5A",-0.0517208481169644,0.149769391100111,0.729841355360627,-0.345263460659676,0.241821764425747,5,0,0,0.999123450623938
"Sst-10","RMND5B",-0.16000016628782,0.14373137721068,0.265627331022053,-0.441708489069093,0.121708156493454,5,0,0,0.999123450623938
"Sst-10","TBC1D22B",-0.141021026263491,0.140023642244888,0.313875684765209,-0.415462322047593,0.133420269520611,5,0,0,0.999123450623938
"Sst-10","EXOC6B",0.0110693531520114,0.0533646018458814,0.835675024308424,-0.0935233445152358,0.115662050819259,5,0,0,0.999123450623938
"Sst-10","SHF",0.0176151583850591,0.217589927077694,0.935477133657074,-0.408853262085918,0.444083578856036,5,0.102445982724939,44.7908349117213,0.999123450623938
"Sst-10","TCTN1",0.165203724395525,0.262069660734659,0.528445364801101,-0.348443372085037,0.678850820876088,5,0.209509059718752,62.643471721372,0.999123450623938
"Sst-10","SGSM2",-0.160778086702571,0.184506019985883,0.383537143991165,-0.522403240805729,0.200847067400587,5,0.107606241452182,64.5781495558086,0.999123450623938
"Sst-10","KATNAL1",0.0966582302083768,0.117416488508406,0.410389538529336,-0.13347385845926,0.326790318876014,5,0.0141249395254007,19.9225790284477,0.999123450623938
"Sst-10","KIAA0319L",-0.0577324050687885,0.078487863820912,0.461999506142593,-0.21156579138126,0.0961009812436832,5,6.5386969916322e-08,0.000190934693758836,0.999123450623938
"Sst-10","NDUFS3",0.0805590489075809,0.202147072677736,0.690249115268557,-0.315641933120982,0.476760030936144,5,0.0316655844488768,15.2552782218324,0.999123450623938
"Sst-10","SNRPD1",0.00746940033085942,0.19136238270695,0.968864276580388,-0.367593977770534,0.382532778432253,5,0.0452600102166834,24.6414261655799,0.999123450623938
"Sst-10","TCAF1",0.0340547239295855,0.0881506091183643,0.699256492831928,-0.138717295157677,0.206826743016848,5,0,0,0.999123450623938
"Sst-10","IFT74",0.349793457347899,0.126371389612557,0.00564049466412141,0.102110085031007,0.59747682966479,5,4.47595531688561e-06,0.0048277205449524,0.661998825675634
"Sst-10","C2orf80",-0.0118539446980228,0.131708442647312,0.928286099482863,-0.269997748746614,0.246289859350568,5,3.76285863519142e-06,0.00377749527271598,0.999123450623938
"Sst-10","COLQ",-0.0673893058726898,0.138041132794967,0.625420370837471,-0.337944954535937,0.203166342790557,5,0.0118241062358734,11.682574831227,0.999123450623938
"Sst-10","JUND",-0.226596607666045,0.126501878716567,0.0732530369438334,-0.47453573392717,0.021342518595079,5,0.0172543260483386,21.4698647432442,0.999123450623938
"Sst-10","PRKCSH",-0.143308794714108,0.162847878897149,0.378850456617262,-0.46248477231126,0.175867182883044,5,0,0,0.999123450623938
"Sst-10","CLEC2L",-0.597932506152758,0.294880096695033,0.0425894439576452,-1.17588687543271,-0.0199781368728048,5,0.291401217811424,68.9490525959637,0.999123450623938
"Sst-10","SLC26A11",0.0486374915338695,0.173000063290948,0.778601897391266,-0.290436401839539,0.387711384907278,5,0.0591195402634903,40.0969789167346,0.999123450623938
"Sst-10","RWDD1",0.00153472175253518,0.196082462289673,0.993755085107079,-0.382779842335157,0.385849285840227,5,0.0722500465698672,38.1221623944658,0.99951797780414
"Sst-10","GNPTG",-0.0569161816261726,0.144694337276549,0.694057604389131,-0.3405118714551,0.226679508202755,5,0,0,0.999123450623938
"Sst-10","RPN2",0.0635244604455567,0.137514617863136,0.644119352905608,-0.205999237913979,0.333048158805093,5,0,0,0.999123450623938
"Sst-10","PDE3B",0.00637472475547172,0.093899684660751,0.945874257547586,-0.177665275339268,0.190414724850212,5,0.0135973256559153,31.2486313924933,0.999123450623938
"Sst-10","TARS2",-0.098856998863267,0.177002290253783,0.576498300159291,-0.445775112941786,0.248061115215252,5,0,0,0.999123450623938
"Sst-10","STX6",-0.0531864180768378,0.134275741964399,0.692032375278951,-0.316362036324454,0.209989200170778,5,0,0,0.999123450623938
"Sst-10","ASS1",0.00071843724968777,0.170756827388966,0.996643013887147,-0.333958794547007,0.335395669046383,5,0,0,0.99951797780414
"Sst-10","PPIA",0.0277224550756949,0.1612976944319,0.863538658189508,-0.288415216800177,0.343860126951566,5,0.0401341909226024,31.1728154401552,0.999123450623938
"Sst-10","FGD4",0.272071605050585,0.144541490037397,0.0597942070401308,-0.0112245096944692,0.555367719795639,5,0,0,0.999123450623938
"Sst-10","DNAH9",0.0701648883951665,0.123995166102015,0.571483561597809,-0.172861171421845,0.313190948212178,5,3.40043159206519e-06,0.00371034899847978,0.999123450623938
"Sst-10","RPLP0",0.324154428894984,0.182722182143197,0.0760583727139642,-0.0339744672822488,0.682283325072217,5,0,0,0.999123450623938
"Sst-10","MSANTD2",-0.0645091947270742,0.124706024992593,0.604953649411699,-0.308928512367709,0.179910122913561,5,0,0,0.999123450623938
"Sst-10","C11orf58",0.0883465374139225,0.107482793400248,0.411099765767078,-0.122315866608324,0.299008941436169,5,0.026081895203011,47.0379625886501,0.999123450623938
"Sst-10","ANKMY2",0.221187479735425,0.222240716698716,0.319609424169174,-0.214396320892427,0.656771280363278,5,0.124771131793464,51.7372585681757,0.999123450623938
"Sst-10","SLC7A5",0.000889368318820236,0.172892475521196,0.995895656425884,-0.337973656900696,0.339752393538337,5,0.0198797168548393,12.8040173242274,0.99951797780414
"Sst-10","CAND2",-0.26461387855243,0.133108886226456,0.0468171634385147,-0.525502501578523,-0.00372525552633796,5,0,0,0.999123450623938
"Sst-10","ACO2",-0.0998129371619572,0.102059729302615,0.328081487060286,-0.299846330866989,0.100220456543075,5,0,0,0.999123450623938
"Sst-10","ZNF282",0.208701113946914,0.167982372678468,0.214089423678583,-0.120538286540468,0.537940514434296,5,0,0,0.999123450623938
"Sst-10","EOGT",-0.160363320698866,0.158774127869873,0.312490909998155,-0.471554893000574,0.150828251602841,5,0.0226893586070756,17.4190718846728,0.999123450623938
"Sst-10","VAC14",0.290761961130132,0.199543033084472,0.145077979596713,-0.100335197081318,0.681859119341582,5,0.083991568417243,42.964688540099,0.999123450623938
"Sst-10","TMEM200C",-0.156655749363342,0.134032724266246,0.242489328037921,-0.419355061674971,0.106043562948287,5,2.3942947846955e-07,0.000243316949584917,0.999123450623938
"Sst-10","DYNC1I2",-0.0206737812265457,0.0654853944851769,0.752229737666911,-0.14902279593089,0.107675233477799,5,0,0,0.999123450623938
"Sst-10","AP4E1",-0.115351006347438,0.141956687994593,0.416459545335967,-0.39358100218143,0.162878989486554,5,0,0,0.999123450623938
"Sst-10","LGALS8",-0.0512806073276875,0.168350192706979,0.760665668192638,-0.381240921823745,0.278679707168369,5,0.0556769162519097,40.2152318909185,0.999123450623938
"Sst-10","PTPN18",-0.161517677134677,0.151495423093421,0.286353358680102,-0.458443250220439,0.135407895951085,5,0,0,0.999123450623938
"Sst-10","ZNF326",0.0403146262326145,0.111401087172036,0.717436334106326,-0.178027492463182,0.258656744928411,5,0.00208146440466073,2.8408877579997,0.999123450623938
"Sst-10","MTSS1",-0.0777980109391758,0.0734606986475759,0.289580368998716,-0.221778334567575,0.0661823126892232,5,0.00287171221168373,9.85240268434541,0.999123450623938
"Sst-10","LINC00665",-0.251680087899979,0.203741313175018,0.216721715504515,-0.65100572388591,0.147645548085952,5,0.0823627880846343,40.9846370332223,0.999123450623938
"Sst-10","RAD23B",0.0474380401608956,0.096854131305108,0.624283565786384,-0.14239256895103,0.237268649272821,5,5.57897292747165e-06,0.0102487675833616,0.999123450623938
"Sst-10","SFXN5",-0.0202047063439404,0.102640052564351,0.843944830737118,-0.221375512741366,0.180966100053485,5,0,0,0.999123450623938
"Sst-10","HAVCR2",-0.0510256358554607,0.163111231236361,0.754411920775354,-0.370717774552712,0.268666502841791,5,1.57045590302628e-07,0.000109905174719899,0.999123450623938
"Sst-10","SQSTM1",-0.148759853171264,0.0977759468704727,0.128150440851469,-0.340397187591692,0.0428774812491645,5,0,0,0.999123450623938
"Sst-10","PHF2",0.113240153965553,0.224405711441935,0.613824057268378,-0.326586958385729,0.553067266316834,5,0.138642527568116,57.9509509941895,0.999123450623938
"Sst-10","GXYLT1",0.0142343237031399,0.167475801675057,0.932266704688801,-0.314012215861945,0.342480863268225,5,0,0,0.999123450623938
"Sst-10","CNDP2",-0.0611187182371199,0.163927023866815,0.709266773469773,-0.382409781108916,0.260172344634676,5,0,0,0.999123450623938
"Sst-10","TRO",0.0429071038125758,0.177393795440578,0.808877111522274,-0.304778346331823,0.390592553956975,5,0.0496774303796695,31.8379455769984,0.999123450623938
"Sst-10","CEP290",0.165927650342886,0.0792707434840491,0.0363334096633692,0.0105598480864363,0.321295452599335,5,1.91001694982227e-06,0.00508660226279232,0.999123450623938
"Sst-10","ST7",-0.0580334048079062,0.0798375341784371,0.467291044657408,-0.214512096412129,0.0984452867963162,5,0,0,0.999123450623938
"Sst-10","CREG1",-0.256819931008233,0.132128775354931,0.0519305150855117,-0.515787572025282,0.00214771000881558,5,0,0,0.999123450623938
"Sst-10","MEIS3",-0.10743113186642,0.238848123453016,0.65286297280537,-0.575564851609308,0.360702587876468,5,0.137708667784005,49.6315635050357,0.999123450623938
"Sst-10","STMN2",-0.0472435633702248,0.123013836002641,0.700940788722073,-0.288346251535518,0.193859124795068,5,0.029917020354352,40.3964833639304,0.999123450623938
"Sst-10","CRK",-0.12201735620813,0.226370349292699,0.589875460848593,-0.565695087989573,0.321660375573312,5,0.150518480888206,61.1210468403384,0.999123450623938
"Sst-10","TBC1D9B",-0.11195996424198,0.12675734301299,0.377094645046864,-0.360399791323432,0.136479862839471,5,0,0,0.999123450623938
"Sst-10","RLIM",0.13830900637105,0.133684939908105,0.300860760205478,-0.123708661124237,0.400326673866337,5,0,0,0.999123450623938
"Sst-10","MBOAT7",0.0663820166197314,0.136781413292595,0.627453201850322,-0.201704627188242,0.334468660427705,5,0,0,0.999123450623938
"Sst-10","IQSEC3",-0.0168192846184079,0.130031042475634,0.897082113394223,-0.271675444742848,0.238036875506032,5,0.029786814570519,36.4228445407465,0.999123450623938
"Sst-10","CRY1",-0.195248253191444,0.146734754519968,0.183313956818552,-0.482843087330907,0.0923465809480183,5,0,0,0.999123450623938
"Sst-10","DPH7",-0.132968685193048,0.16484804549754,0.41988910172169,-0.456064917290046,0.19012754690395,5,0.017843284249022,12.5695530073024,0.999123450623938
"Sst-10","TNK2",-0.0896841171854409,0.103975228044536,0.388383427536708,-0.29347181943707,0.114103585066188,5,0.00620463629880897,10.3126515642375,0.999123450623938
"Sst-10","EML1",-0.208257173775875,0.184152718946153,0.258099780213731,-0.569189870565461,0.15267552301371,5,0,0,0.999123450623938
"Sst-10","ZNF106",-0.0438433321937459,0.0860309072292129,0.610315581529152,-0.21246081192031,0.124774147532818,5,0,0,0.999123450623938
"Sst-10","PEX5",0.270033074807537,0.140835704588241,0.0551919163272819,-0.00599983392273784,0.546065983537812,5,0,0,0.999123450623938
"Sst-10","TMTC3",0.0487923876076626,0.114975625909207,0.671294846521965,-0.176555698274333,0.274140473489658,5,0,0,0.999123450623938
"Sst-10","NSUN2",0.0166378531071557,0.15648086635825,0.915324370171879,-0.290059009224639,0.323334715438951,5,0,0,0.999123450623938
"Sst-10","MLH1",-0.0885794001385493,0.135226056321181,0.512437600545348,-0.353617600299449,0.176458800022351,5,0,0,0.999123450623938
"Sst-10","INO80",-0.0675274984027013,0.0906399284134974,0.456266706146565,-0.245178493654445,0.110123496849042,5,0,0,0.999123450623938
"Sst-10","CSNK1G2",-0.000976008825554441,0.140625134641361,0.994462326218752,-0.276596208043718,0.274644190392609,5,0.003396218484647,2.87303929444109,0.99951797780414
"Sst-10","EIF4E2",-0.0842858716852628,0.147333952712515,0.567272081600555,-0.373055112701719,0.204483369331193,5,0,0,0.999123450623938
"Sst-10","LMO7",-0.0616818021669558,0.138650935166532,0.656412866499463,-0.333432641516156,0.210069037182244,5,0,0,0.999123450623938
"Sst-10","THOC1",-0.000853883745069438,0.0939954220601212,0.992751867363284,-0.185081525694549,0.18337375820441,5,0,0,0.99951797780414
"Sst-10","EIF3B",0.137834950826604,0.204012300883059,0.499281441686917,-0.262021811307341,0.53769171296055,5,0.0763330671754228,37.0842909218121,0.999123450623938
"Sst-10","ABLIM3",0.105122833271923,0.110825115863896,0.342851048146143,-0.112090402403792,0.322336068947638,5,0.0151769881496263,24.4766401181316,0.999123450623938
"Sst-10","KATNAL2",0.079961026130208,0.121606263714457,0.51083353004565,-0.158382871044607,0.318304923305023,5,0,0,0.999123450623938
"Sst-10","ANKS6",-0.267636523255075,0.129345606291621,0.0385312427681768,-0.521149253145148,-0.014123793365001,5,0,0,0.999123450623938
"Sst-10","MCM3AP",-0.079326193144307,0.108695688005755,0.465511994328711,-0.292365826910389,0.133713440621775,5,0,0,0.999123450623938
"Sst-10","SRP54",0.143350525706197,0.114862372633714,0.212023773182424,-0.081775587834702,0.368476639247095,5,0,0,0.999123450623938
"Sst-10","CHUK",0.0720188355964958,0.148103150106712,0.626772315491694,-0.218258004609589,0.36229567580258,5,1.56948951895742e-07,0.000132291337015039,0.999123450623938
"Sst-10","BIRC6",0.00923670588612681,0.0608969534895417,0.879441197711009,-0.110119129721586,0.128592541493839,5,0.00242262575987122,12.3191850248021,0.999123450623938
"Sst-10","ELFN1",-0.0810638220236361,0.101528402042772,0.424618142984513,-0.280055833435372,0.1179281893881,5,2.63032077351452e-06,0.00467325224327489,0.999123450623938
"Sst-10","HADHA",0.173106506031821,0.145636018822964,0.234587554444376,-0.112334845712986,0.458547857776627,5,0.0260697399023548,24.0533628898296,0.999123450623938
"Sst-10","TRPV1",0.415175578880672,0.256397983492634,0.105390846584884,-0.0873552344735847,0.91770639223493,5,0.143418935864187,44.0785718089908,0.999123450623938
"Sst-10","PSMB4",-0.0688542088145421,0.160055834469639,0.667058392805972,-0.382557879890539,0.244849462261455,5,0,0,0.999123450623938
"Sst-10","GALNT9",-0.362189269134562,0.162034676646579,0.0254004311280792,-0.67977139960845,-0.0446071386606736,5,0,0,0.999123450623938
"Sst-10","LPCAT1",-0.0413211363776963,0.127478171037951,0.745829894791695,-0.291173760427117,0.208531487671724,5,0,0,0.999123450623938
"Sst-10","FRMD4B",-0.134718272028753,0.137117577720628,0.325852678285052,-0.403463786008555,0.13402724195105,5,0.0275203351934613,29.6904829019911,0.999123450623938
"Sst-10","MYCBP2",0.000747767379814516,0.0455709583281112,0.98690821311487,-0.0885696696842591,0.0900652044438881,5,0,0,0.999123450623938
"Sst-10","BET1",0.273395217959666,0.156738385817317,0.0811107373242946,-0.0338063732372179,0.580596809156551,5,1.70225160785544e-06,0.00130630122016791,0.999123450623938
"Sst-10","KMT2B",0.28027494493698,0.165501658900097,0.0903627646413275,-0.0441023458888432,0.604652235762804,5,0.00669940503665398,4.64251314692968,0.999123450623938
"Sst-10","INTS6L",-0.0917829807716721,0.145191744115511,0.527288776968396,-0.376353570090628,0.192787608547284,5,4.14493848766215e-06,0.00347991697506405,0.999123450623938
"Sst-10","ARFGAP1",0.00187240579721844,0.185793743792002,0.991959156652162,-0.362276640587968,0.366021452182405,5,0.0497302429097887,28.6861818853569,0.99951797780414
"Sst-10","FLNB",-0.155078187603967,0.104741730315519,0.138719351589936,-0.360368206700791,0.0502118314928577,5,0,0,0.999123450623938
"Sst-10","CUEDC1",0.0672050356238364,0.173272382019388,0.698121308478746,-0.272402592649631,0.406812663897303,5,0,0,0.999123450623938
"Sst-10","PTPRZ1",-0.233585088306374,0.25016512982191,0.350446482488632,-0.723899732945105,0.256729556332357,5,0.180346201704591,61.8174361483688,0.999123450623938
"Sst-10","CHD6",-0.0082637373853805,0.120668144023047,0.945401014609056,-0.244768953751846,0.228241478981085,5,0.046152956902549,65.4227848703021,0.999123450623938
"Sst-10","PKN1",0.0919043240904057,0.168607186310557,0.585698827869859,-0.23855968861292,0.422368336793731,5,0,0,0.999123450623938
"Sst-10","SEC11A",0.205576885177454,0.145645256529254,0.158100056650701,-0.0798825721389811,0.49103634249389,5,0,0,0.999123450623938
"Sst-10","GPR12",0.206786314360585,0.142961103696323,0.148050583482461,-0.0734123000743048,0.486984928795474,5,6.79096507541925e-06,0.00600488352374049,0.999123450623938
"Sst-10","TXNRD2",0.0985839759530593,0.195214097312673,0.613555753250933,-0.284028624054277,0.481196575960396,5,0.0745724256150183,40.1463849882944,0.999123450623938
"Sst-10","INPP1",-0.032377854361019,0.20739186785631,0.875939057427893,-0.438858446045877,0.374102737323839,5,0.0912750846579107,43.6186514459006,0.999123450623938
"Sst-10","UBE2J1",0.1051105035636,0.129249934561277,0.416083633080723,-0.148214713180661,0.358435720307861,5,1.6871808966321e-06,0.00168383293125411,0.999123450623938
"Sst-10","ZNRF1",0.0915287025709427,0.119565277596221,0.443966485667439,-0.142814935319185,0.32587234046107,5,0.00858710747227403,11.3264856870156,0.999123450623938
"Sst-10","WDR19",0.238544626500807,0.133982238600793,0.0750072885848403,-0.0240557357247998,0.501144988726413,5,0.035345457676039,40.196312668579,0.999123450623938
"Sst-10","EEF1A1",0.116145644251484,0.109241812069915,0.287692301431154,-0.0979643730114432,0.330255661514411,5,9.42099436993977e-06,0.0145978498255829,0.999123450623938
"Sst-10","VCPIP1",-0.0109193762768176,0.170256690339336,0.948862904204261,-0.344616357468904,0.322777604915269,5,0.0487476463831114,34.1260847613611,0.999123450623938
"Sst-10","DCTN2",-0.0354685892844232,0.157836341029947,0.822199043237913,-0.344822133154701,0.273884954585855,5,0.0356571757178964,28.5740345616121,0.999123450623938
"Sst-10","RBMS1",-0.010003965312015,0.0806539821092791,0.901287085531835,-0.16808286545594,0.14807493483191,5,2.64503597371397e-06,0.00750235876828453,0.999123450623938
"Sst-10","PLS3",-0.0861607178072602,0.207853668689002,0.678489042781745,-0.493546422492225,0.321224986877705,5,0.0275915856699157,12.5796641695309,0.999123450623938
"Sst-10","ZEB1",0.0120813277036993,0.176007714318637,0.945275463099477,-0.332887453362043,0.357050108769442,5,0.105610285521968,69.5564019928288,0.999123450623938
"Sst-10","SLC16A1-AS1",0.116303748540739,0.117639410066576,0.322836303686279,-0.114265258352288,0.346872755433767,5,0.0143088716099938,20.3082977261098,0.999123450623938
"Sst-10","VPS4A",-0.106895169625281,0.153945084523667,0.487448893976528,-0.408621990888642,0.19483165163808,5,4.00855299285585e-06,0.00312814766822358,0.999123450623938
"Sst-10","EXOG",-0.319010537949309,0.193738546701567,0.0996396036404632,-0.698731111901512,0.0607100360028939,5,0.0911863783516888,51.1686220822522,0.999123450623938
"Sst-10","FBRSL1",-0.148601896094998,0.278023203191905,0.592999396181737,-0.693517361217594,0.396313569027597,5,0.27277108276706,73.5992141469217,0.999123450623938
"Sst-10","IFNGR1",0.0543722874798342,0.193531324580681,0.778750090180531,-0.324942138578632,0.433686713538301,5,0.0811588282676281,44.203176333139,0.999123450623938
"Sst-10","LMO4",-0.141494546744733,0.170128309552944,0.405582177847745,-0.474939906219185,0.19195081272972,5,0.0629863909999878,44.5146003063326,0.999123450623938
"Sst-10","RMDN3",-0.0544623848591943,0.147749142191147,0.71241554684723,-0.344045382300529,0.235120612582141,5,0.00168892722123138,1.41105186298487,0.999123450623938
"Sst-10","ACOT9",-0.122089520897971,0.183098674776925,0.504902249399036,-0.480956329077757,0.236777287281815,5,0.0452575676509673,27.004058557105,0.999123450623938
"Sst-10","RANBP10",0.209145545054605,0.129155387209539,0.105375693283201,-0.0439943622854163,0.462285452394627,5,8.21521635809758e-07,0.000883875286692496,0.999123450623938
"Sst-10","IFFO1",0.00565173395115041,0.147618119696158,0.969459509204924,-0.283674464118842,0.294977932021142,5,0,0,0.999123450623938
"Sst-10","ABCC10",-0.0585161948783936,0.165068036713872,0.722966129312327,-0.382043601836319,0.265011212079532,5,0,0,0.999123450623938
"Sst-10","EGF",-0.0385016694547505,0.241027095931399,0.873085886262153,-0.510906096778574,0.433902757869073,5,0.0887040273996881,30.6256600517427,0.999123450623938
"Sst-10","MSRB2",-0.119987310539907,0.160228431919748,0.453946681594471,-0.434029266401941,0.194054645322127,5,0,0,0.999123450623938
"Sst-10","DBNL",-0.09759645177278,0.150554550163812,0.516825567042053,-0.392677947802481,0.197485044256921,5,9.0818165743575e-06,0.00745933741361976,0.999123450623938
"Sst-10","PPP4R1",-0.0526092812355812,0.0830642262486073,0.526500757828934,-0.215412173086538,0.110193610615376,5,2.38426692477888e-05,0.058431459147344,0.999123450623938
"Sst-10","JPH3",0.0187113900851014,0.100664059550747,0.852539219491681,-0.178586541171959,0.216009321342162,5,3.88006656101757e-07,0.00068140995947009,0.999123450623938
"Sst-10","IPPK",0.0587843507464909,0.189522501775285,0.756431055402694,-0.312672926992996,0.430241628485978,5,0.0632346154944037,35.7275525033802,0.999123450623938
"Sst-10","FHOD3",0.0461228025757275,0.0730886087748858,0.528005721002993,-0.0971282383031869,0.189373843454642,5,7.52292323618456e-08,0.000247106537862986,0.999123450623938
"Sst-10","PTBP1",-0.0321186806701602,0.153339068686026,0.834087736144633,-0.332657732717685,0.268420371377364,5,0,0,0.999123450623938
"Sst-10","SLC16A10",0.064301459062054,0.0966705525179898,0.505947669788213,-0.125169342238794,0.253772260362902,5,0.000664841951722444,1.08277602362488,0.999123450623938
"Sst-10","ACTR1B",-0.0297383135181361,0.132175039871796,0.821985574625056,-0.288796631322002,0.22932000428573,5,0,0,0.999123450623938
"Sst-10","KCNJ9",0.157693011267526,0.163634964422712,0.335202495983023,-0.163025625612482,0.478411648147534,5,0,0,0.999123450623938
"Sst-10","ANAPC7",-0.324549693342556,0.154508817085582,0.0356826494885977,-0.627381410124184,-0.0217179765609276,5,0,0,0.999123450623938
"Sst-10","MAN2A2",-0.178432436683622,0.213162693919219,0.402552324416374,-0.596223639612826,0.239358766245582,5,0.0900172802344255,40.5842671987779,0.999123450623938
"Sst-10","AKAP8",-0.0311564980081917,0.151923658676685,0.837509652432799,-0.328921397414051,0.266608401397668,5,0,0,0.999123450623938
"Sst-10","MAGI2",0.0508972409158074,0.0647321192332338,0.431706450961332,-0.0759753814242834,0.177769863255898,5,0.00481426568256254,22.8366222844148,0.999123450623938
"Sst-10","TMEM65",-0.148999414542099,0.0829609332819536,0.0724914912765148,-0.311599855898559,0.01360102681436,5,0.00870488771841259,25.2173936070511,0.999123450623938
"Sst-10","TTC9B",-0.242362077252359,0.180362549547679,0.179029419905484,-0.595866178525632,0.111142024020913,5,0.0182939499593386,10.9014241650099,0.999123450623938
"Sst-10","IGSF21",0.112056213037325,0.199779121947234,0.574865356712666,-0.279503670842289,0.503616096916938,5,0.0880078699196315,46.0627742537657,0.999123450623938
"Sst-10","LARP1",0.0107088508119192,0.0723939107628098,0.882402159104518,-0.131180606983195,0.152598308607033,5,6.2975274726752e-06,0.0212318706521677,0.999123450623938
"Sst-10","PRMT7",-0.00551958912859938,0.129865827870634,0.966098322760654,-0.26005193457752,0.249012756320322,5,0.0139250245672145,15.2443895189474,0.999123450623938
"Sst-10","MPDZ",0.015934241145795,0.098977268260314,0.872102146277661,-0.17805763993258,0.20992612222417,5,0.0216299082029369,45.3545209158992,0.999123450623938
"Sst-10","DCBLD2",-0.0213502630577919,0.108449823306382,0.843931101128158,-0.233908010868033,0.191207484752449,5,0,0,0.999123450623938
"Sst-10","SMC2",-0.0997237143365109,0.197446983429989,0.613512636532086,-0.486712690715365,0.287265262042343,5,0,0,0.999123450623938
"Sst-10","SIRT3",-0.221666560325378,0.253396424527587,0.381692684871653,-0.71831442621067,0.274981305559914,5,0.148582527666023,47.3014672160049,0.999123450623938
"Sst-10","TYSND1",0.129287138498961,0.188299724664105,0.49233299557126,-0.239773540141492,0.498347817139415,5,0,0,0.999123450623938
"Sst-10","UNC79",-0.088433915023595,0.0514382510601174,0.0855734533326258,-0.189251034529154,0.0123832044819643,5,0,0,0.999123450623938
"Sst-10","MFSD1",-0.154121987689158,0.131639139066262,0.241682587325295,-0.41212995921489,0.103885983836575,5,5.32989790971143e-06,0.00531073497137461,0.999123450623938
"Sst-10","ACSF3",0.0398781237673259,0.248431462953146,0.872471768324986,-0.447038596247438,0.526794843782089,5,0.165998427923182,56.8566389436051,0.999123450623938
"Sst-10","CYP4X1",-0.0102046187247319,0.123569798302893,0.934184058176598,-0.252396972975281,0.231987735525817,5,0,0,0.999123450623938
"Sst-10","CCDC59",0.0283132328988647,0.197207179122045,0.885839238067265,-0.358205735673082,0.414832201470812,5,0.0795198131937819,41.8542272940346,0.999123450623938
"Sst-10","GNG7",-0.0920054276525281,0.106219789272595,0.386391611222957,-0.300192389072249,0.116181533767193,5,0,0,0.999123450623938
"Sst-10","LRRC2",0.503697157734974,0.143246945496263,0.000437630112797355,0.222938303666926,0.784456011803022,5,0,0,0.256215998077676
"Sst-10","AKTIP",-0.0658476194933995,0.137288968799754,0.631492005545137,-0.33492905381556,0.203233814828761,5,0,0,0.999123450623938
"Sst-10","ANKRD10",0.0635550093780314,0.0877828652036829,0.46906423163434,-0.108496244880921,0.235606263636984,5,0,0,0.999123450623938
"Sst-10","QRFPR",-0.122385180550241,0.183715621030424,0.505304723577453,-0.48246118116728,0.237690820066799,5,0.0704974549008058,44.6045914479178,0.999123450623938
"Sst-10","PSMD3",-0.220048446407631,0.164414285918374,0.180773279976586,-0.542294525351515,0.102197632536253,5,0,0,0.999123450623938
"Sst-10","VPS29",0.0460934033925045,0.141787844247053,0.745115128987937,-0.231805664777294,0.323992471562303,5,0.0168067070270704,16.1868900561249,0.999123450623938
"Sst-10","SPG7",-0.0578102198939618,0.110843336380759,0.601984451738858,-0.275059167126508,0.159438727338584,5,0.0131625636350838,20.7446667568424,0.999123450623938
"Sst-10","UBXN6",0.0366479446285781,0.153515095834132,0.811318560326508,-0.264236114289535,0.337532003546691,5,0,0,0.999123450623938
"Sst-10","FASTK",-0.0527772620207663,0.167262781932262,0.752355480543804,-0.380606290561976,0.275051766520443,5,0,0,0.999123450623938
"Sst-10","STXBP4",0.146931725630876,0.15562995475032,0.345113672650475,-0.15809738059535,0.451960831857102,5,0.0192877500216511,15.5020991780641,0.999123450623938
"Sst-10","SETDB1",-0.0706199139778249,0.172122805423161,0.681594726227077,-0.407974413525217,0.266734585569567,5,0.047199134144188,31.9893247829222,0.999123450623938
"Sst-10","ZSCAN16-AS1",0.309175119432164,0.136411198817085,0.0234211739287546,0.0418140826627454,0.576536156201583,5,0,0,0.999123450623938
"Sst-10","ANKRD44",-0.0167275715319139,0.0834460543762079,0.8411210682714,-0.180278832761252,0.146823689697424,5,0.00979584019617779,28.1853724424718,0.999123450623938
"Sst-10","PFDN1",-0.159990801835867,0.262185921488192,0.541716818459001,-0.67386576520617,0.353884161534437,5,0.240325771264214,72.669703247013,0.999123450623938
"Sst-10","ARFGEF3",-0.125854017546666,0.0647893976831564,0.0520754565120424,-0.252838903585695,0.00113086849236357,5,0,0,0.999123450623938
"Sst-10","MAPKAPK5",-0.0966512982428524,0.118802756255145,0.415906091538624,-0.329500421767027,0.136197825281322,5,3.33422907179368e-06,0.00423374893905198,0.999123450623938
"Sst-10","SYF2",-0.0977507790431266,0.265330355455893,0.712566354135802,-0.617788719741886,0.422287161655633,5,0.184648859940056,52.9787939485239,0.999123450623938
"Sst-10","USP20",-0.101671668036203,0.161313091336795,0.52851443582864,-0.417839517291142,0.214496181218736,5,0.0477432568872402,37.6400242315885,0.999123450623938
"Sst-10","RRP1B",-0.0893908197858633,0.142615609553657,0.530793305200103,-0.368912278144258,0.190130638572531,5,0,0,0.999123450623938
"Sst-10","TMEM68",-0.213275357275754,0.118959980397422,0.0729996597100703,-0.446432634456293,0.0198819199047844,5,0,0,0.999123450623938
"Sst-10","PMS2",0.316293965020521,0.162410662582909,0.0514754099910408,-0.00202508434726767,0.634613014388311,5,4.39009648606141e-06,0.00297635018029346,0.999123450623938
"Sst-10","REEP2",-0.0527178008021069,0.112268778510217,0.638663850605063,-0.272760563270437,0.167324961666223,5,0,0,0.999123450623938
"Sst-10","ZDHHC8",-0.0998786172311968,0.163506242468148,0.541295531683689,-0.420344963716241,0.220587729253847,5,0,0,0.999123450623938
"Sst-10","FKTN",-0.0681844089182112,0.135390257661076,0.614532757981879,-0.333544437791519,0.197175619955096,5,0.0377938008963687,42.681551205666,0.999123450623938
"Sst-10","FAM151B",-0.107555793078339,0.154142956772498,0.485323225933407,-0.40967043682295,0.194558850666273,5,0,0,0.999123450623938
"Sst-10","INA",-0.0984180983922166,0.136864502118299,0.472084552008095,-0.366667593306088,0.169831396521655,5,0.0176217550193991,18.0537295168826,0.999123450623938
"Sst-10","DNAJC24",0.0735704114653079,0.138628413086269,0.595625122981066,-0.198136285417721,0.345277108348336,5,0.0125727765447548,11.7798333595798,0.999123450623938
"Sst-10","MPG",-0.264458292648579,0.165384049368945,0.109808245844147,-0.588605073029106,0.059688487731948,5,1.00161371349405e-06,0.000695440317389176,0.999123450623938
"Sst-10","MED24",0.0640750223364054,0.135576463340554,0.636490236208195,-0.201649962962395,0.329800007635206,5,0,0,0.999123450623938
"Sst-10","ATP7B",0.210809929802146,0.15723331554419,0.180002952747862,-0.0973617058342879,0.51898156543858,5,0,0,0.999123450623938
"Sst-10","CSPG5",-0.1969741127991,0.132970748255043,0.13851754770953,-0.457591990376326,0.0636437647781262,5,0,0,0.999123450623938
"Sst-10","COX4I1",0.00823392810649862,0.131040746431312,0.949897999449274,-0.248601215406118,0.265069071619115,5,0,0,0.999123450623938
"Sst-10","DIS3L",-0.107167996742359,0.141444457868974,0.448649518180305,-0.38439403997834,0.170058046493623,5,0,0,0.999123450623938
"Sst-10","ARPC5L",0.0682244739209958,0.190828253647632,0.720704295252403,-0.305792030461036,0.442240978303028,5,0,0,0.999123450623938
"Sst-10","MRPL20",0.118345654865102,0.185875060141803,0.524323764327339,-0.245962768637048,0.482654078367252,5,0.0168941736459088,9.44626811302287,0.999123450623938
"Sst-10","OSGEP",-0.0729322904814329,0.280140935052517,0.794600420716432,-0.62199843377974,0.476133852816875,5,0.296755823920113,77.9674551984087,0.999123450623938
"Sst-10","EXOC7",-0.147444335342043,0.109448681859211,0.177930328307857,-0.361959809941479,0.0670711392573928,5,0.0029846338937904,4.34165812276418,0.999123450623938
"Sst-10","HIRA",0.0384554789439398,0.152786064605547,0.801276870537557,-0.260999705022542,0.337910662910421,5,0,0,0.999123450623938
"Sst-10","MLXIPL",0.0932547588306526,0.105695482584237,0.377616465748551,-0.113904580363032,0.300414098024337,5,0,0,0.999123450623938
"Sst-10","EWSR1",-0.0462143850426575,0.120697800736369,0.701798843604434,-0.282777727499132,0.190348957413817,5,0.0228631517171407,31.6099965255393,0.999123450623938
"Sst-10","TBC1D19",0.144084727403707,0.0826216999055141,0.0811749561927312,-0.0178508287525769,0.306020283559991,5,0,0,0.999123450623938
"Sst-10","EIF2AK1",-0.0778070640878513,0.123698500761959,0.529345313827184,-0.320251670522892,0.164637542347189,5,0,0,0.999123450623938
"Sst-10","AKT2",0.0424280037199688,0.109202716930093,0.697627434172174,-0.171605388476937,0.256461395916874,5,0,0,0.999123450623938
"Sst-10","IKBKB",0.10164853368017,0.138485913040075,0.462949294763578,-0.169778868244524,0.373075935604864,5,0.000201877181872103,0.179684834427281,0.999123450623938
"Sst-10","LINC00907",0.124457790637365,0.240508952611872,0.604823396430002,-0.346931094441356,0.595846675716086,5,0.0636222031554184,21.8449780022196,0.999123450623938
"Sst-10","KRTAP5-AS1",-0.0346984879970109,0.128290835536975,0.786800698053636,-0.286143905196032,0.21674692920201,5,0,0,0.999123450623938
"Sst-10","RTN2",0.0155765519024824,0.173165722048753,0.928325593200455,-0.323822026669947,0.354975130474912,5,0,0,0.999123450623938
"Sst-10","GFM1",-0.429822315012032,0.160102874986114,0.00726029028649481,-0.743618183806134,-0.11602644621793,5,0.0263915500892721,20.0965323659163,0.73849252697463
"Sst-10","ARL4C",-0.251410689602414,0.157161231132441,0.109665338063128,-0.559441042387973,0.0566196631831445,5,0.0560314647331502,46.6286077745219,0.999123450623938
"Sst-10","QDPR",-0.00985248670222868,0.132248214983865,0.940612573140673,-0.269054225090314,0.249349251685857,5,0.0191113326223593,21.2795222591062,0.999123450623938
"Sst-10","MBD5",0.0561796915603738,0.0705421858412862,0.425800445123024,-0.0820804520792784,0.194439835200026,5,0.0076587450699053,31.0512424090134,0.999123450623938
"Sst-10","FUBP1",0.0215251214336457,0.0869505959656966,0.804478138698062,-0.148894915093413,0.191945157960705,5,0,0,0.999123450623938
"Sst-10","CPSF7",-0.0700975418962266,0.132804167349678,0.59761985104609,-0.330388926898426,0.190193843105973,5,0,0,0.999123450623938
"Sst-10","USP47",-0.0362320263147976,0.0935244878317152,0.698455040646555,-0.219536654137514,0.147072601507919,5,0.0154113920504153,35.9219157155035,0.999123450623938
"Sst-10","ANKLE2",-0.127223800350995,0.135326118841884,0.347152185035702,-0.392458119448675,0.138010518746684,5,0,0,0.999123450623938
"Sst-10","RGS17",-0.0649159997664624,0.138859061999685,0.640145343165953,-0.337074760212859,0.207242760679935,5,0.0249299633687842,25.4933232623477,0.999123450623938
"Sst-10","UBASH3B",-0.111677415956663,0.0891593424002144,0.210365920379693,-0.286426515946358,0.0630716840330323,5,0.00850303280943281,20.7133616493341,0.999123450623938
"Sst-10","TCHP",-0.0841948586193338,0.125665774452829,0.502863929608453,-0.330495250636212,0.162105533397544,5,0.00992097412877118,11.3863087864963,0.999123450623938
"Sst-10","KCNC3",0.217446959226947,0.16365967144345,0.183962385402184,-0.103320102523874,0.538214020977767,5,0,0,0.999123450623938
"Sst-10","PRKAB2",0.0771470389268589,0.156755179621831,0.622613410397959,-0.230087467522037,0.384381545375754,5,0.0138701030893437,10.38763505865,0.999123450623938
"Sst-10","PNRC1",0.0671830507959523,0.154038154639144,0.662731153588712,-0.234726184541782,0.369092286133686,5,0,0,0.999123450623938
"Sst-10","GOLPH3",-0.126028083179211,0.134832311148029,0.349941696015355,-0.390294556981647,0.138238390623225,5,0.0263897611737408,28.8708936035878,0.999123450623938
"Sst-10","MTHFR",0.179548408432071,0.156937397840736,0.252591860784039,-0.128043239163207,0.487140056027348,5,0,0,0.999123450623938
"Sst-10","RERG",-0.282643496839792,0.252388219215608,0.262766628083195,-0.777315316624584,0.212028322945,5,0.16378021002098,53.4481313736435,0.999123450623938
"Sst-10","ECHDC2",0.0589856312754682,0.140208972828254,0.673975638321713,-0.215818905777264,0.333790168328201,5,0.0171402295847325,16.488045853881,0.999123450623938
"Sst-10","CTDSP2",0.00585019457085395,0.174861653593727,0.973310847794438,-0.336872348749969,0.348572737891677,5,0.0201171942008182,12.3706162039701,0.999123450623938
"Sst-10","TMEM267",-0.178144016965638,0.139906782827559,0.202909805628813,-0.452356272500521,0.0960682385692448,5,0,0,0.999123450623938
"Sst-10","TTC9C",0.160395843415892,0.166392137332346,0.335064538026124,-0.165726753066149,0.486518439897933,5,0,0,0.999123450623938
"Sst-10","TRMT44",-0.191448195041103,0.149830008857395,0.201330759702398,-0.485109616204914,0.102213226122708,5,0,0,0.999123450623938
"Sst-10","NUP85",0.111943297835193,0.195081734085356,0.566084419364153,-0.270409875013726,0.494296470684111,5,0.0398789812844493,20.8130885269568,0.999123450623938
"Sst-10","NCOA2",0.103794028531297,0.0606307045391304,0.0869141093847942,-0.0150399687226875,0.222628025785282,5,0.00138125167645319,7.08047141830092,0.999123450623938
"Sst-10","PPP4R2",0.126039602056598,0.104091902250522,0.225953184778761,-0.0779767774366897,0.330055981549886,5,0,0,0.999123450623938
"Sst-10","PGK1",0.295708200377345,0.177903589066281,0.0964762238859846,-0.0529764269129795,0.644392827667669,5,0.0772921284762253,49.897457278198,0.999123450623938
"Sst-10","YLPM1",-0.20520360714371,0.0687524797600977,0.00283882470135736,-0.33995599132132,-0.0704512229660995,5,0,0,0.488009768980311
"Sst-10","INPP5A",0.112203233623941,0.108891677718034,0.30281689152558,-0.101220532919548,0.32562700016743,5,0,0,0.999123450623938
"Sst-10","SUCLA2",-0.00280456377443528,0.12897868117404,0.982651847667146,-0.255598133649027,0.249989006100157,5,0.025326072281859,30.5696798300315,0.999123450623938
"Sst-10","ST8SIA4",-0.150036726619712,0.132917212410825,0.258982919779388,-0.410549675870389,0.110476222630965,5,0.0155681286082454,17.1477688744395,0.999123450623938
"Sst-10","GSTA4",0.157951700598368,0.12044226014889,0.189712227834252,-0.0781107915100604,0.394014192706797,5,0.0301633022104325,42.9883245038505,0.999123450623938
"Sst-10","SRP9",0.263340391379543,0.220586533870401,0.232548784650337,-0.169001270480967,0.695682053240053,5,0.156472086007854,65.6670758771599,0.999123450623938
"Sst-10","ZC3H14",0.0667153871373031,0.116121732427669,0.565609390823669,-0.160879026243326,0.294309800517932,5,0.0271394542825267,41.4347825678744,0.999123450623938
"Sst-10","RPE",0.0712455788781417,0.0965706167796914,0.460662565976432,-0.118029351974873,0.260520509731156,5,0,0,0.999123450623938
"Sst-10","ZNF493",-0.00081204545557428,0.145222387541543,0.995538462311571,-0.285442694785917,0.283818603874768,5,0.00751555141657436,6.43838728409952,0.99951797780414
"Sst-10","GREB1L",-0.117804247049959,0.174311428477899,0.499150937161867,-0.459448368960371,0.223839874860452,5,0,0,0.999123450623938
"Sst-10","TACC1",-0.0623971634386303,0.0996693247445293,0.531287524776308,-0.257745450301335,0.132951123424074,5,0,0,0.999123450623938
"Sst-10","TTL",0.181119742410452,0.147049099982286,0.218062781088643,-0.107091197513857,0.469330682334761,5,0,0,0.999123450623938
"Sst-10","SH3GL1",-0.00771259048972915,0.162145346494938,0.962062203444234,-0.325511629880576,0.310086448901118,5,0.00112517763172692,0.719278708439922,0.999123450623938
"Sst-10","USP4",-0.0658000286331447,0.10887172985321,0.54559022034207,-0.27918469808001,0.147584640813721,5,0,0,0.999123450623938
"Sst-10","EHD3",0.0326756147637704,0.177895761417504,0.854265728701445,-0.315993670616868,0.381344900144408,5,0.0275397669773936,17.2002516027368,0.999123450623938
"Sst-10","C1orf21",-0.01949532285565,0.0759187013139335,0.797339267737269,-0.168293243184013,0.129302597472713,5,0,0,0.999123450623938
"Sst-10","MGAT4A",0.0479734058973685,0.104853522981339,0.647291696397478,-0.157535722798199,0.253482534592936,5,0.0116075024255032,20.6729855474023,0.999123450623938
"Sst-10","SFT2D1",-0.227181164199679,0.184829421593267,0.219019464237792,-0.589440173805853,0.135077845406495,5,0.0164492367996455,8.77705474428396,0.999123450623938
"Sst-10","USF2",-0.183013902016225,0.174753082939717,0.294974432884093,-0.525523650765412,0.159495846732961,5,0.0313941987516835,20.251641353248,0.999123450623938
"Sst-10","PDE2A",0.0669038782590457,0.0918614444082003,0.466422045535177,-0.113141244348855,0.246949000866947,5,0,0,0.999123450623938
"Sst-10","ACO1",-3.13290532532144e-05,0.115029395428877,0.999782690611447,-0.225484801257268,0.225422143150761,5,0,0,0.999782690611447
"Sst-10","SRSF7",-0.100343521842538,0.127259630921758,0.430407501619462,-0.349767815135043,0.149080771449967,5,0,0,0.999123450623938
"Sst-10","DOCK3",0.0154266293949957,0.0539171517252466,0.774788288528402,-0.0902490461354693,0.121102304925461,5,0.00265850755930995,17.6928890674746,0.999123450623938
"Sst-10","DHX8",0.0154230007503152,0.205456527172657,0.940161420844961,-0.387264392896768,0.418110394397399,5,0.110821533975806,57.1058562646954,0.999123450623938
"Sst-10","MAST3",-0.13429599406217,0.164388981222597,0.413962509647141,-0.456492476713691,0.187900488589351,5,0,0,0.999123450623938
"Sst-10","TMEM178A",-0.124926992133592,0.0802316229677585,0.119451680293239,-0.282178083571595,0.0323240993044112,5,0.0025267301488917,7.42364449265267,0.999123450623938
"Sst-10","SLF1",0.0579183166701529,0.0852795459738915,0.4970375272492,-0.109226522056602,0.225063155396908,5,0,0,0.999123450623938
"Sst-10","SMARCA2",-0.082476923780393,0.0707987201465247,0.244039491335108,-0.221239865419112,0.0562860178583257,5,0,0,0.999123450623938
"Sst-10","DGKI",-0.0515165337377385,0.0513685981882722,0.315918819976939,-0.152197136123062,0.0491640686475845,5,0,0,0.999123450623938
"Sst-10","ZNF131",-0.0161629110532833,0.0828154342223116,0.845261539393761,-0.17847817949306,0.146152357386493,5,6.97022353566634e-06,0.0181213579546002,0.999123450623938
"Sst-10","FIGN",0.174271732164679,0.254264811020562,0.493094941451206,-0.324078139971506,0.672621604300864,5,0.212098080547504,67.4649991085606,0.999123450623938
"Sst-10","ARHGAP28",0.332317683866895,0.0972086411520937,0.000629436525900878,0.141792248222713,0.522843119511077,5,8.53958288287998e-07,0.00162140438579542,0.274389365540933
"Sst-10","KATNBL1",-0.00938140632037144,0.0981190203412207,0.923828325077573,-0.201691152387517,0.182928339746774,5,0.0120286984263399,24.9323081528355,0.999123450623938
"Sst-10","SPATA6L",0.264756756945171,0.219941108548178,0.228681566459338,-0.166319894529073,0.695833408419415,5,0.128000892302065,54.9757314402643,0.999123450623938
"Sst-10","ATL1",0.0536113607281174,0.121846479387032,0.65994358762355,-0.185203350513467,0.292426071969701,5,0.0392970239426376,54.7502932549931,0.999123450623938
"Sst-10","PGAP2",-0.337550182454709,0.192027468040717,0.0787777347470186,-0.713917103856931,0.0388167389475134,5,0.0806294868831567,44.8250628861044,0.999123450623938
"Sst-10","STK3",0.1291256336343,0.147753436694144,0.382158319532791,-0.160465780878242,0.418717048146841,5,0,0,0.999123450623938
"Sst-10","FAM216A",-0.0243145944310818,0.193575561481131,0.900042412811697,-0.403715723221217,0.355086534359053,5,0.0847044824943025,47.5810603241277,0.999123450623938
"Sst-10","CLCN7",-0.0135342232157623,0.173346382387007,0.937767455581171,-0.353286889544604,0.32621844311308,5,0.037518514194722,24.8866815651118,0.999123450623938
"Sst-10","SUMO3",0.0833825255129825,0.305992045309859,0.785238362191275,-0.51635086285009,0.683115913876054,5,0.293128253248715,63.4431008737714,0.999123450623938
"Sst-10","PRDM11",0.0586447711672883,0.151140753434868,0.698005463324818,-0.237585662161301,0.354875204495878,5,0,0,0.999123450623938
"Sst-10","ENO1",0.147329093106922,0.173946977537643,0.397007928930897,-0.193600718086455,0.4882589043003,5,0.0586472737763302,39.6822304162405,0.999123450623938
"Sst-10","RBM26",-0.0493709920148231,0.0672770333515646,0.46304250901717,-0.18123155437059,0.0824895703409436,5,0,0,0.999123450623938
"Sst-10","TMEM30A",-0.041170717889203,0.0961824802572694,0.668616177449595,-0.229684915137186,0.14734347935878,5,0,0,0.999123450623938
"Sst-10","LDB2",-0.260377674255665,0.216564790577549,0.229244050393153,-0.684836864107121,0.16408151559579,5,0.0723380392158404,31.1138722937658,0.999123450623938
"Sst-10","PLXDC2",-0.251303027715868,0.1569870811588,0.109423893568113,-0.558992052825181,0.0563859973934464,5,0.0171550220961563,13.2510126462464,0.999123450623938
"Sst-10","DDX50",0.202260104655992,0.103729319422669,0.0511899875137973,-0.00104562555329077,0.405565834865275,5,0,0,0.999123450623938
"Sst-10","MROH1",-0.305969424766906,0.0851947821532003,0.000328893278617253,-0.472948129457914,-0.138990720075898,5,0,0,0.250904459925137
"Sst-10","ESYT3",-0.147412191928161,0.164826617051014,0.371136255555756,-0.470466425041723,0.175642041185401,5,0.0201511299083092,14.5167219921224,0.999123450623938
"Sst-10","TMEM268",-0.140568450969199,0.151886951259598,0.354715887586642,-0.438261405159601,0.157124503221203,5,0,0,0.999123450623938
"Sst-10","RNMT",-0.0243425494414185,0.0871431237698273,0.779984006630417,-0.195139933530596,0.146454834647759,5,0,0,0.999123450623938
"Sst-10","TANGO2",-0.186418528868154,0.150556468356921,0.21564311865804,-0.481503784487263,0.108666726750955,5,5.99725078640354e-07,0.000464169519396531,0.999123450623938
"Sst-10","GLUL",0.0726905563208548,0.149975844197224,0.627902106075023,-0.221256696856695,0.366637809498404,5,0,0,0.999123450623938
"Sst-10","MMD",-0.0512294213887154,0.171940827417539,0.765742870894296,-0.38822725059911,0.285768407821679,5,0,0,0.999123450623938
"Sst-10","GNA11",-0.0616710813167723,0.19288998978893,0.749179442485219,-0.439728514281373,0.316386351647828,5,0.0583890014047737,31.6690429163308,0.999123450623938
"Sst-10","SCLT1",0.126285628261987,0.110018543392863,0.251027327622311,-0.0893467544195804,0.341918010943555,5,0.0148990914400811,24.53050516362,0.999123450623938
"Sst-10","C17orf67",-0.0979067656759696,0.209633455404018,0.640472773146604,-0.508780788222529,0.31296725687059,5,0.0855509157822385,39.8941637919387,0.999123450623938
"Sst-10","HSDL1",-0.0242445967262399,0.202233747654712,0.904575015225212,-0.420615458588036,0.372126265135556,5,0.0483919891938865,23.6199226057738,0.999123450623938
"Sst-10","GANAB",0.160517926139472,0.130287304481318,0.217937710394787,-0.0948404982867151,0.415876350565659,5,0,0,0.999123450623938
"Sst-10","NDUFA5",0.119633786634497,0.155270667048174,0.441011994645698,-0.184691128635435,0.423958701904428,5,0.0330794053904745,26.9771977181867,0.999123450623938
"Sst-10","UNC45A",-0.150498303046653,0.224730823415606,0.503060200167942,-0.590962623157271,0.289966017063966,5,0.118509482247976,48.0362268630744,0.999123450623938
"Sst-10","COX10",0.0648468560256811,0.148391794590929,0.662113098692838,-0.225995716973806,0.355689429025168,5,0.0362296161823427,33.3151490242813,0.999123450623938
"Sst-10","CFLAR",0.0220227777187638,0.15307434655823,0.885603272854957,-0.277997428492369,0.322042983929897,5,0.0245013034135538,19.9164099060492,0.999123450623938
"Sst-10","IQCK",-0.1109069014195,0.142604212932493,0.436730985658188,-0.390406022810866,0.168592219971866,5,0.0185029002755578,17.7479616026863,0.999123450623938
"Sst-10","ZNF207",-0.0122710452294909,0.0797445995727559,0.877704885446879,-0.168567588353661,0.144025497894679,5,0,0,0.999123450623938
"Sst-10","GSN",-0.0473229469273684,0.158531647919545,0.765315558929086,-0.35803926725946,0.263393373404723,5,0.0140963482977823,10.0191656537858,0.999123450623938
"Sst-10","XRCC4",0.135359475628729,0.237247326105319,0.568310396496255,-0.329636738966125,0.600355690223583,5,0.127848942421701,46.5925832558168,0.999123450623938
"Sst-10","ARAP2",-0.342085120957607,0.164204559310433,0.0372251280177241,-0.663920143303327,-0.0202500986118871,5,6.02483649994328e-07,0.000402502399873359,0.999123450623938
"Sst-10","ZDHHC2",0.022286924929182,0.172221599029934,0.897034485926782,-0.315261206529386,0.35983505638775,5,0.054140429973989,36.9531032994622,0.999123450623938
"Sst-10","DDX18",0.0361582909800795,0.115362047038858,0.753951594235898,-0.189947166398899,0.262263748359058,5,0,0,0.999123450623938
"Sst-10","HMCES",0.0853464264504069,0.146900077766662,0.561252009393792,-0.202572435298383,0.373265288199197,5,0,0,0.999123450623938
"Sst-10","IFT140",0.0164869668007547,0.139342347828508,0.905814223554063,-0.256619016464375,0.289592950065884,5,0,0,0.999123450623938
"Sst-10","LYRM2",-0.138036362891113,0.132341654405643,0.296934233823597,-0.39742123918062,0.121348513398395,5,0,0,0.999123450623938
"Sst-10","SAP130",-0.125529233328076,0.15767843535808,0.425968639871295,-0.434573287768541,0.183514821112388,5,0.0448824083999753,37.1322331880093,0.999123450623938
"Sst-10","LINC01250",0.294114264241624,0.119935058166732,0.0141954417752041,0.0590458697511127,0.529182658732136,5,0.0246687145319056,34.6832232946734,0.891144034147969
"Sst-10","TAB2",0.128424843379901,0.122318154549765,0.293752765722505,-0.111314334193042,0.368164020952844,5,0.0346882057751197,47.5369692758302,0.999123450623938
"Sst-10","CREM",0.0874105895395085,0.145347711153154,0.547580580442711,-0.197465689556004,0.372286868635021,5,0.0154070324368449,13.5918796562782,0.999123450623938
"Sst-10","DAAM2",-0.152668132444281,0.130904502910362,0.243511048240945,-0.409236243562708,0.103899978674147,5,0,0,0.999123450623938
"Sst-10","OVCH1",-0.132990245326203,0.132444105228811,0.315319064723878,-0.392575921539305,0.1265954308869,5,0,0,0.999123450623938
"Sst-10","TTC13",0.0252101276836454,0.11296728102432,0.823408576218447,-0.196201674555437,0.246621929922728,5,0.0188520360597002,29.6664181624235,0.999123450623938
"Sst-10","FARP2",0.0912757572134953,0.11769284565044,0.438019395785938,-0.139397981499399,0.32194949592639,5,0,0,0.999123450623938
"Sst-10","ZC3H8",0.161838132940861,0.0887195322857244,0.068128720010332,-0.0120489550643973,0.335725220946119,5,0,0,0.999123450623938
"Sst-10","MAP3K10",-0.469982146290859,0.153743850477983,0.0022362640139017,-0.771314556072217,-0.1686497365095,5,0,0,0.485667052760573
"Sst-10","COLGALT1",-0.0783771821608722,0.161194073996375,0.626805037660893,-0.394311761715051,0.237557397393307,5,0,0,0.999123450623938
"Sst-10","FRMD5",-0.0242832328372057,0.0589618237727178,0.680451786024819,-0.13984628389453,0.0912798182201188,5,0,0,0.999123450623938
"Sst-10","HMGN3",0.0377767859255927,0.129549975455212,0.770592398211106,-0.216136500164671,0.291690072015856,5,0.000666687919485978,0.742980267986062,0.999123450623938
"Sst-10","ADARB2",0.0988523432274974,0.349273450891064,0.77715937432328,-0.585711041275007,0.783415727730002,5,0.387354303392847,65.4744350868713,0.999123450623938
"Sst-10","SYNM",-0.12567848945005,0.175039620365029,0.472757138769686,-0.46874984123307,0.21739286233297,5,0,0,0.999123450623938
"Sst-10","RPS6KB1",-0.105902895827991,0.113506315601372,0.350813129872915,-0.328371186424518,0.116565394768535,5,0,0,0.999123450623938
"Sst-10","RAB14",-0.0659862469799028,0.0993310333413075,0.506494188227021,-0.260671494876013,0.128699000916207,5,0,0,0.999123450623938
"Sst-10","CENPC",0.0609167767670551,0.0812494759128528,0.453405419544735,-0.098329269784891,0.220162823319001,5,0,0,0.999123450623938
"Sst-10","CLOCK",-0.0588164931970726,0.0710327799831392,0.40765972582559,-0.198038183685783,0.0804051972916379,5,0,0,0.999123450623938
"Sst-10","FNTA",-0.00551803648754255,0.181923017818755,0.975802506100184,-0.362080599371141,0.351044526396055,5,0.043426680910443,26.3563888495675,0.999123450623938
"Sst-10","STX17",-0.238725437242662,0.122018520887667,0.0504099465388724,-0.477877343629338,0.000426469144014036,5,3.87771446711047e-07,0.00043559260825581,0.999123450623938
"Sst-10","HAGH",0.0636358408885481,0.104766242889659,0.543580264084542,-0.141702221970758,0.268973903747855,5,0,0,0.999123450623938
"Sst-10","ADGRB2",-0.24084599094115,0.166320798108765,0.147594393074537,-0.566828765114287,0.0851367832319868,5,2.43287165356394e-07,0.000168720513558318,0.999123450623938
"Sst-10","B4GALNT3",-0.0619997320758303,0.237182745067071,0.793783528695786,-0.526869370161635,0.402869906009974,5,0.0937629212414118,33.7177892772416,0.999123450623938
"Sst-10","EXOC5",-0.010359727965331,0.112658884015241,0.926732521392708,-0.231167083173679,0.210447627243017,5,0.0154548308717911,23.8538228293807,0.999123450623938
"Sst-10","HTRA1",-0.0736480056610731,0.167938823095215,0.660994387778681,-0.402802050533738,0.255506039211592,5,0,0,0.999123450623938
"Sst-10","RNF10",0.0750324793627933,0.106109592088552,0.479490358595492,-0.132938499545004,0.283003458270591,5,0,0,0.999123450623938
"Sst-10","DLGAP4",-0.0136981209024179,0.0799156727222715,0.863903601603272,-0.17032996123836,0.142933719433524,5,0,0,0.999123450623938
"Sst-10","DNAJC11",0.0434720999111043,0.139521710300764,0.755360142094965,-0.229985427339825,0.316929627162034,5,0.032188909567693,33.4703126984524,0.999123450623938
"Sst-10","TATDN3",-0.0488978846744932,0.198406048380059,0.805331119457799,-0.437766593814321,0.339970824465334,5,0.0967735216901348,50.6993080387107,0.999123450623938
"Sst-10","POLDIP3",0.0775795786475061,0.292609049752078,0.790908945438029,-0.495923620417056,0.651082777712068,5,0.277246042495452,67.3503296905092,0.999123450623938
"Sst-10","ITGA9",-0.196350826240654,0.162572005159953,0.227132819785173,-0.514986101248621,0.122284448767313,5,0,0,0.999123450623938
"Sst-10","DHRSX",0.104765450075899,0.125316351588295,0.403150502989528,-0.140850085711117,0.350380985862916,5,0.0175170781877403,21.1538905259833,0.999123450623938
"Sst-10","SLC44A2",-0.0546983217918671,0.188377230898144,0.77153633803177,-0.423910909859615,0.314514266275881,5,0.0427670231059718,24.004566808765,0.999123450623938
"Sst-10","GPR155",0.0123854346596445,0.0740037298493837,0.867084984614138,-0.132659210566779,0.157430079886068,5,4.64599205080122e-06,0.0149595032978848,0.999123450623938
"Sst-10","CASD1",-0.182105158312394,0.0833671692816327,0.0289347055555965,-0.345501807597448,-0.0187085090273401,5,0,0,0.999123450623938
"Sst-10","ZNF675",0.122775855799708,0.170390375457772,0.471182558586623,-0.211183143409783,0.456734855009198,5,0.0543015440093789,38.0310528314423,0.999123450623938
"Sst-10","CDK18",0.255335054363688,0.168007985101395,0.12856645874222,-0.073954545550188,0.584624654277564,5,0,0,0.999123450623938
"Sst-10","LIPE-AS1",0.0507237371129519,0.167438255573038,0.761935623724438,-0.277449213444416,0.37889668767032,5,0.0538920131255115,39.7487394501985,0.999123450623938
"Sst-10","DSCAM",-0.362814769842457,0.139507565384529,0.00930387390974913,-0.636244573567001,-0.0893849661179122,5,0,0,0.786899900916134
"Sst-10","FBXO2",0.263816000079502,0.15359605313013,0.085870290503969,-0.037226732223052,0.564858732382057,5,0,0,0.999123450623938
"Sst-10","ATP8B4",0.234819465057893,0.202238711154146,0.245601038641465,-0.161561125084033,0.631200055199819,5,0,0,0.999123450623938
"Sst-10","MFAP3",0.0395310640338685,0.121675673882351,0.74526523156376,-0.19894887457018,0.278011002637917,5,0,0,0.999123450623938
"Sst-10","VPS54",-0.11920849722118,0.0800070125301161,0.136230649335213,-0.276019360290852,0.0376023658484924,5,0,0,0.999123450623938
"Sst-10","CYB5B",-0.266336701950419,0.27442263442636,0.331780014003005,-0.804195181968685,0.271521778067847,5,0.267980656088109,72.8622791497111,0.999123450623938
"Sst-10","PFKL",-0.00215912115813292,0.141730532923564,0.987845506750006,-0.279945861197986,0.27562761888172,5,0,0,0.999123450623938
"Sst-10","RAB18",0.108997410828183,0.119841676742851,0.363080068523769,-0.125887959434696,0.343882781091063,5,0.0147181574061047,19.9689144403066,0.999123450623938
"Sst-10","TMUB2",0.0869994257839501,0.256929449695512,0.734901950634572,-0.416573042186949,0.590571893754849,5,0.18704843922959,57.8796393453637,0.999123450623938
"Sst-10","PHC2",0.0832920621373604,0.0885292352896092,0.346785606132989,-0.090222050609146,0.256806174883867,5,0,0,0.999123450623938
"Sst-10","WBP4",-0.218369270478531,0.231222261850671,0.344958728128499,-0.671556576129736,0.234818035172673,5,0.143480302549991,55.4653490586294,0.999123450623938
"Sst-10","ATL2",-0.0964729088839452,0.0949926119497178,0.309827867895525,-0.282655007102781,0.0897091893348909,5,0,0,0.999123450623938
"Sst-10","PARD3B",0.284694565207053,0.282482352612336,0.313535442399687,-0.26896067218127,0.838349802595376,5,0.207018310627654,54.1071454186598,0.999123450623938
"Sst-10","CCDC191",0.0846436997009795,0.165699120150806,0.609471714175885,-0.240120608064576,0.409408007466535,5,0.0393484475951692,28.3553613463865,0.999123450623938
"Sst-10","PFKFB3",0.0795478206229034,0.193673364102207,0.681269164169736,-0.300044997782134,0.459140639027941,5,0.0838506388636038,46.7942391861974,0.999123450623938
"Sst-10","MSH6",-0.0287398894951196,0.14253498140474,0.840202912024316,-0.308103319585496,0.250623540595257,5,0,0,0.999123450623938
"Sst-10","FAM13B",-0.0316438133256911,0.0847285537376487,0.708796558294906,-0.197708727113649,0.134421100462267,5,0.00888175966802984,24.5258789005769,0.999123450623938
"Sst-10","RNFT1",-0.167902566565012,0.171282037840822,0.326953080058258,-0.50360919193165,0.167804058801625,5,0,0,0.999123450623938
"Sst-10","MTF2",-0.0298548936175919,0.10022219712819,0.765789379957826,-0.226286790440318,0.166577003205134,5,0,0,0.999123450623938
"Sst-10","NCK1",0.0257759514897568,0.119663323468951,0.829452397511354,-0.208759852779754,0.260311755759268,5,0,0,0.999123450623938
"Sst-10","NUTM2B-AS1",-0.128915244685845,0.125036451480547,0.302530831652397,-0.373982186342408,0.116151696970717,5,0.0259574995674329,33.6544939166729,0.999123450623938
"Sst-10","PUDP",0.0544830176464261,0.143435960807894,0.704062623485478,-0.226646299624945,0.335612334917798,5,0.0106777094068192,9.66012006082016,0.999123450623938
"Sst-10","PHYHIPL",0.0920153791783815,0.0818066382764063,0.260677564022533,-0.0683226855396706,0.252353443896434,5,1.14537570899518e-06,0.00317292315252774,0.999123450623938
"Sst-10","C14orf132",0.236329249757758,0.165300952478467,0.152805784048128,-0.0876546637102034,0.560313163225719,5,0.00875654059464141,5.63466873865166,0.999123450623938
"Sst-10","AP1G2",0.105819874392243,0.192275866480615,0.582076299903457,-0.271033899005994,0.48267364779048,5,0.0385833044764301,20.4401135024122,0.999123450623938
"Sst-10","SLC6A8",0.131265446050919,0.198653020445109,0.508755014709294,-0.258087319441594,0.520618211543432,5,0,0,0.999123450623938
"Sst-10","CTC1",-0.0511459400739787,0.308275790904734,0.868228023784587,-0.655355387552858,0.553063507404901,5,0.321775587735987,70.2787559509714,0.999123450623938
"Sst-10","RUFY3",-0.000756550310444923,0.06208562256869,0.990277541746704,-0.122442134502824,0.120929033881935,5,0.000888212085809795,4.20742686297304,0.999123450623938
"Sst-10","EIF4ENIF1",-0.29335554789985,0.14080974316691,0.0372196107675939,-0.569337573179328,-0.0173735226203717,5,0,0,0.999123450623938
"Sst-10","SCMH1",0.0289173139635591,0.0687812285085647,0.674175369533166,-0.105891416725647,0.163726044652766,5,0,0,0.999123450623938
"Sst-10","NUB1",0.319705804367027,0.204856713715246,0.118610763556611,-0.0818059765060871,0.721217585240142,5,0.131843264506656,67.0109989660314,0.999123450623938
"Sst-10","RPS23",-0.200494188023705,0.235134754703521,0.393837998883014,-0.661349838756266,0.260361462708857,5,0.130959149587824,48.6717616938719,0.999123450623938
"Sst-10","RYR3",-0.0694053235481437,0.154706540687806,0.653701721758617,-0.372624571469025,0.233813924372738,5,0.0747521954355952,67.4261066393549,0.999123450623938
"Sst-10","TRIQK",-0.00383649798161804,0.136832299697524,0.977631878624029,-0.272022877310556,0.26434988134732,5,0.0160113549128286,16.4197622064033,0.999123450623938
"Sst-10","PRMT2",0.0445100221738414,0.0859682465842072,0.604633012187255,-0.123984644945263,0.213004689292946,5,0,0,0.999123450623938
"Sst-10","CTNNB1",-0.137329936997232,0.109068379600156,0.2079877899133,-0.351100032865681,0.0764401588712163,5,0.0161649396630746,27.2345828060802,0.999123450623938
"Sst-10","CPEB1",0.12689522494539,0.154658887019606,0.411939942065806,-0.176230623502088,0.430021073392868,5,0,0,0.999123450623938
"Sst-10","EMSY",-0.110401843940147,0.0983244376427275,0.261508769983472,-0.303114200520047,0.0823105126397535,5,0.0120796424718046,24.224851480749,0.999123450623938
"Sst-10","SEC24C",0.0641177993410626,0.13762672740539,0.641300047554596,-0.205625629683614,0.333861228365739,5,0,0,0.999123450623938
"Sst-10","AUP1",0.113488956709299,0.161568153939412,0.482416296045488,-0.203178806060571,0.43015671947917,5,0,0,0.999123450623938
"Sst-10","CAPNS1",0.192551279214959,0.201029745296352,0.338151102321393,-0.201459781387151,0.586562339817069,5,0.0608520326705485,30.1259722182072,0.999123450623938
"Sst-10","GSTCD",0.0966681344027925,0.119090827516673,0.416953626909701,-0.136745598418958,0.330081867224543,5,1.35569739101371e-06,0.00155812795051579,0.999123450623938
"Sst-10","PIAS1",-0.00353515166092335,0.114020110445768,0.975265844977186,-0.227010461647909,0.219940158326062,5,0.0357048229227439,57.7347095059323,0.999123450623938
"Sst-10","ADAM32",0.189564478119366,0.16425305884975,0.248459116238214,-0.132365601576683,0.511494557815414,5,0.0469402158156852,35.7308710244113,0.999123450623938
"Sst-10","ARL1",0.0115767387065559,0.124491978596418,0.925910040348965,-0.232423055706554,0.255576533119666,5,0,0,0.999123450623938
"Sst-10","ARL15",0.00760814947886972,0.137998145729213,0.956033096443808,-0.262863246083697,0.278079545041437,5,0.068505228626632,75.7048739124836,0.999123450623938
"Sst-10","SLC35D1",0.0592638857638377,0.126929510267549,0.640568621390141,-0.189513382935866,0.308041154463542,5,0,0,0.999123450623938
"Sst-10","MRPL48",0.149432989965648,0.142121309120882,0.293053449502027,-0.129119657346965,0.42798563727826,5,0,0,0.999123450623938
"Sst-10","CCPG1",-0.286862286108823,0.11040881857406,0.00937186056694028,-0.503259594089597,-0.0704649781280496,5,0,0,0.786899900916134
"Sst-10","TLE3",0.132959746852948,0.249222695327893,0.59368906912348,-0.355507760119721,0.621427253825618,5,0.174592683935193,59.0810897309113,0.999123450623938
"Sst-10","STOML1",-0.0859259313533596,0.223908322243089,0.701160066435071,-0.524778178788603,0.352926316081884,5,0.0857930141232877,34.4131405252887,0.999123450623938
"Sst-10","SGK1",0.10285965947914,0.135742782451472,0.448598163152172,-0.163191305287002,0.368910624245281,5,0.0169516576210065,17.5584063765273,0.999123450623938
"Sst-10","RIMS4",-0.0585649357719224,0.159943542969103,0.714245650305086,-0.372048519551099,0.254918648007254,5,0.0143820821913355,10.5297387092766,0.999123450623938
"Sst-10","ERGIC3",-0.165430146873649,0.156342737102763,0.289998492663211,-0.471856280839479,0.14099598709218,5,0,0,0.999123450623938
"Sst-10","ALDH1L2",-0.0153599384752187,0.192527412291636,0.936411811901165,-0.39270673260352,0.361986855653083,5,0.107659314679945,61.5264934826106,0.999123450623938
"Sst-10","RGS11",-0.026022210264417,0.13700714387917,0.849361447516228,-0.294551277892288,0.242506857363454,5,0.0064333419891672,6.68524812872138,0.999123450623938
"Sst-10","PRNP",-0.0496167612745115,0.0700101644045693,0.478505719893054,-0.186834162059195,0.0876006395101724,5,1.65686777185156e-06,0.00649885262175931,0.999123450623938
"Sst-10","ABCB7",-0.0397552351675295,0.145824143626457,0.785141871954438,-0.325565304751781,0.246054834416722,5,0,0,0.999123450623938
"Sst-10","CYFIP1",-0.11975249705457,0.0967575210792272,0.215843753443804,-0.30939375360323,0.0698887594940906,5,0,0,0.999123450623938
"Sst-10","NCOA4",-0.227678529429487,0.169161769843994,0.178327707602611,-0.55922950588477,0.103872447025796,5,0.0257696945941572,17.6602592100643,0.999123450623938
"Sst-10","NFKBIZ",-0.0222107326878576,0.148144890809952,0.88082320202658,-0.312569383168983,0.268147917793268,5,0,0,0.999123450623938
"Sst-10","PANK1",-0.122796942901489,0.160174319128654,0.443292233823327,-0.436732839641875,0.191138953838897,5,0.00148927838571114,1.02765212067542,0.999123450623938
"Sst-10","CBX4",-0.257245278708546,0.197005803291742,0.191629039391713,-0.643369557905743,0.128879000488651,5,0.0390032279107907,19.8496051610815,0.999123450623938
"Sst-10","ADCY8",-0.0242105512964433,0.0616645859032324,0.694602542486733,-0.145070918788355,0.0966498161954685,5,0,0,0.999123450623938
"Sst-10","RPL22",-0.303262908716622,0.155557758577328,0.0512333972241173,-0.608150513043962,0.0016246956107181,5,0,0,0.999123450623938
"Sst-10","RHOQ",0.106965015577904,0.147547366921548,0.468480410173013,-0.182222509602047,0.396152540757856,5,0,0,0.999123450623938
"Sst-10","CACNG7",0.0529503982830324,0.101510602499781,0.601931931794152,-0.146006726665499,0.251907523231564,5,0,0,0.999123450623938
"Sst-10","RRP7A",-0.108576499014159,0.174627317024212,0.5340988695394,-0.450839751098473,0.233686753070155,5,0,0,0.999123450623938
"Sst-10","BRAF",-0.00751210414986089,0.075570597667817,0.920816619617483,-0.155627753868949,0.140603545569227,5,0.00913036387457038,32.4007208443401,0.999123450623938
"Sst-10","ARL2BP",0.0756824861759764,0.156797183362575,0.629324679457747,-0.231634346091994,0.382999318443947,5,0,0,0.999123450623938
"Sst-10","TRAF3IP1",-0.0272380244804727,0.113203719961352,0.809856868869304,-0.249113238520681,0.194637189559736,5,0.00727685245362302,10.1391150789841,0.999123450623938
"Sst-10","EBF4",-0.0176371599574083,0.178686257994401,0.921372797162304,-0.367855790158667,0.33258147024385,5,0.0359491476174595,22.1143136788505,0.999123450623938
"Sst-10","USP14",-0.0965709531802927,0.0835724684497173,0.247871208427999,-0.260369981440849,0.0672280750802633,5,0,0,0.999123450623938
"Sst-10","RPS6KA6",0.0198860680592113,0.109523714791521,0.855921289199974,-0.194776468385208,0.23454860450363,5,0,0,0.999123450623938
"Sst-10","OTUD6B-AS1",0.323299306847926,0.171739176585221,0.0597679174551771,-0.0133032939936713,0.659901907689523,5,0.0453967744582404,30.7913078871281,0.999123450623938
"Sst-10","CGREF1",-0.124461825040858,0.1539132456987,0.418716948582487,-0.426126243353975,0.177202593272259,5,0,0,0.999123450623938
"Sst-10","URGCP",0.0207826844889457,0.144370621997333,0.885537034708964,-0.262178535051473,0.303743904029364,5,0.01613205230905,15.0665586418767,0.999123450623938
"Sst-10","SWAP70",0.288523817936346,0.145215666491969,0.0469374410165433,0.00390634162110709,0.573141294251584,5,2.01868035376912e-06,0.00166172630448201,0.999123450623938
"Sst-10","TBRG1",0.101357183231022,0.122372189130213,0.407517746812979,-0.138487900173519,0.341202266635562,5,0,0,0.999123450623938
"Sst-10","MEF2C-AS1",0.184521789665988,0.0946337036678655,0.0511936692730717,-0.000956861246664831,0.37000044057864,5,9.29930781174087e-06,0.0176300586685213,0.999123450623938
"Sst-10","RAB40B",-0.0516563345708549,0.135523748979905,0.703083967414582,-0.317278001621315,0.213965332479605,5,3.7322101440492e-07,0.000339851751544677,0.999123450623938
"Sst-10","ZNF385A",0.232404869694676,0.166705916827822,0.163287135629918,-0.0943327232975854,0.559142462686938,5,0,0,0.999123450623938
"Sst-10","SLIRP",-0.00567860109769529,0.136107304312958,0.966720713184567,-0.272444015583927,0.261086813388536,5,1.01849195544789e-06,0.000936730838915608,0.999123450623938
"Sst-10","STIM2",0.0698645619049275,0.0925056538132138,0.450101153513315,-0.111443187935302,0.251172311745157,5,0,0,0.999123450623938
"Sst-10","NDUFAF2",0.0582387488741879,0.144640044291736,0.687208595273344,-0.225250528659893,0.341728026408269,5,0.050714988183475,50.3183362049695,0.999123450623938
"Sst-10","LSM7",-0.227089205969135,0.217423770964489,0.29627522367108,-0.653231966442419,0.19905355450415,5,0.054175003169513,22.9009386677551,0.999123450623938
"Sst-10","RAD54L2",-0.145453864281884,0.104456924811214,0.163778004645488,-0.350185674847672,0.0592779462839044,5,0,0,0.999123450623938
"Sst-10","PLP1",-0.118141986424132,0.160146806723921,0.460690369027183,-0.432023959842114,0.19573998699385,5,0,0,0.999123450623938
"Sst-10","ARRB2",-0.129157529942837,0.166951877945859,0.439154768464077,-0.456377197868049,0.198062137982374,5,0,0,0.999123450623938
"Sst-10","KLHL36",0.0611881410935695,0.190278570086537,0.747777433581137,-0.311751003305824,0.434127285492963,5,0.0420361344697308,22.6958116270536,0.999123450623938
"Sst-10","LPXN",-0.0199671192664453,0.181609850609151,0.912452888143941,-0.37591588569808,0.33598164716519,5,0,0,0.999123450623938
"Sst-10","CPEB3",-0.117239014025634,0.086080893226161,0.173209479927277,-0.285954464505947,0.0514764364546798,5,0.0187959641912428,53.2280048525168,0.999123450623938
"Sst-10","CTSF",-0.202305362909674,0.133636497976578,0.130064361638316,-0.464228085963827,0.0596173601444797,5,7.24047187799436e-07,0.000738271342757108,0.999123450623938
"Sst-10","SLC25A42",-0.00106345730571492,0.287870579708004,0.997052445455939,-0.56527942574207,0.56315251113064,5,0.266770654057194,65.9445823446812,0.99951797780414
"Sst-10","TMEM222",0.223382444516828,0.145594552123903,0.124961400167958,-0.0619776339912606,0.508742523024917,5,0,0,0.999123450623938
"Sst-10","RPS2",0.310754948929206,0.180511187806375,0.0851551714436597,-0.0430404779778341,0.664550375836246,5,0.0254354537550264,15.0428426583271,0.999123450623938
"Sst-10","CPT1C",-0.0580362125315118,0.120598664717198,0.630349994227588,-0.294405251960841,0.178332826897817,5,0,0,0.999123450623938
"Sst-10","RPS6KA5",0.131552819007286,0.167050678539076,0.430987793435083,-0.195860494522281,0.458966132536853,5,0.0652043148550837,47.7669030270262,0.999123450623938
"Sst-10","NKRF",-0.0437117615062165,0.13224969313416,0.741003696045415,-0.302916397015644,0.215492874003211,5,0,0,0.999123450623938
"Sst-10","XPO7",-0.0440836647852616,0.0839777789574178,0.599621842784262,-0.208677087043466,0.120509757472943,5,0,0,0.999123450623938
"Sst-10","SDCBP2-AS1",0.15714256791805,0.127149748185937,0.216501017016709,-0.0920663591697238,0.406351495005823,5,0,0,0.999123450623938
"Sst-10","METTL2B",0.0824070182457753,0.190547173592132,0.665395725131762,-0.291058579350706,0.455872615842256,5,0.0298825862445884,16.2045090648862,0.999123450623938
"Sst-10","PSMG4",-0.214422697960814,0.264413253103968,0.417401399638278,-0.732663151079664,0.303817755158037,5,0.236199652901373,73.4522957851154,0.999123450623938
"Sst-10","BCCIP",-0.00305685577750845,0.193359622340994,0.987386630122276,-0.382034751630123,0.375921040075106,5,0.074647294213915,40.9613921972972,0.999123450623938
"Sst-10","ZNF891",-0.128062028114646,0.125118391265848,0.30605882958146,-0.373289568799298,0.117165512570006,5,0,0,0.999123450623938
"Sst-10","LMLN",0.193547289415569,0.13670172098605,0.156823373304752,-0.0743831603417322,0.461477739172871,5,0,0,0.999123450623938
"Sst-10","ATF6",-0.0343851043646611,0.102170790997091,0.736459661312892,-0.234636174990929,0.165865966261607,5,0.00758918738182863,12.9006606085981,0.999123450623938
"Sst-10","STX2",-0.160097732540661,0.194909777689667,0.411421849098321,-0.542113877047116,0.221918411965795,5,0.0854540486580431,46.9517754562306,0.999123450623938
"Sst-10","ZNF516",0.060459764150495,0.192860575212024,0.753908801248558,-0.317540017302751,0.438459545603741,5,0.087060216770568,48.4850390347082,0.999123450623938
"Sst-10","CADM2",0.00966629320846921,0.0783848024396932,0.901854922587403,-0.143965096508617,0.163297682925555,5,0.0110339494419518,36.4659021299971,0.999123450623938
"Sst-10","GRM8",-0.4104288986274,0.193330092058899,0.0337585709309387,-0.789348916190655,-0.031508881064145,5,0,0,0.999123450623938
"Sst-10","SYNPR",0.0219054385159224,0.0475404596336585,0.644960292885546,-0.0712721501745285,0.115083027206373,5,1.06303706947864e-07,0.000843720886915176,0.999123450623938
"Sst-10","POMGNT1",-0.23517670070939,0.144591401171849,0.103845116986906,-0.518570639480396,0.0482172380616165,5,0,0,0.999123450623938
"Sst-10","UQCC2",-0.116729252638781,0.177429958876723,0.510609334793614,-0.464485581815581,0.23102707653802,5,0,0,0.999123450623938
"Sst-10","SP4",0.0614621383981193,0.145486588096038,0.672689921278045,-0.223686334503729,0.346610611299968,5,0.0223982184389029,20.5232945101936,0.999123450623938
"Sst-10","SKIL",-0.0407033639565204,0.197471707256117,0.836695215850163,-0.427740798144147,0.346334070231107,5,0.105749732250704,56.2207501973027,0.999123450623938
"Sst-10","ZNF587",-0.141225426437375,0.210962660381687,0.503219125951067,-0.554704642868235,0.272253789993486,5,0.0677309676158556,30.5617248147947,0.999123450623938
"Sst-10","ZNF76",0.166849246788911,0.175716673862742,0.342348247403164,-0.177549105465235,0.511247599043056,5,0.0430356985908036,27.6746391414904,0.999123450623938
"Sst-10","GALNT8",0.176659473703741,0.0984529771778122,0.0727567160493707,-0.0163048157355142,0.369623763142997,5,0,0,0.999123450623938
"Sst-10","WTAP",-0.00634304494112601,0.113877048663551,0.955580146593091,-0.229537958987401,0.216851869105149,5,0,0,0.999123450623938
"Sst-10","IRF2",-0.00781203392121323,0.14451423679715,0.956889597765036,-0.291054733296921,0.275430665454494,5,0,0,0.999123450623938
"Sst-10","CA11",0.0777495951040308,0.148976768014286,0.601746408821997,-0.214239504737148,0.369738694945209,5,9.11710507904527e-06,0.00744543862147871,0.999123450623938
"Sst-10","THOC2",0.0873681974400499,0.0800739715165281,0.275231700930401,-0.0695739028314313,0.244310297711531,5,2.45211470867461e-06,0.00671071040527645,0.999123450623938
"Sst-10","RIMBP2",0.0317636839160918,0.0726089742521672,0.661776160783685,-0.110547290572552,0.174074658404736,5,0,0,0.999123450623938
"Sst-10","LYPLA1",0.0378548045393366,0.122195106579538,0.756720765710103,-0.201643203443591,0.277352812522264,5,0.00166886761525155,1.80995182700357,0.999123450623938
"Sst-10","PCSK5",-0.114449671476779,0.192074758908968,0.551268737362307,-0.49090928127757,0.262009938324012,5,0,0,0.999123450623938
"Sst-10","PXK",-0.04545097963755,0.119906538017669,0.704648217892694,-0.280463475663065,0.189561516387965,5,0.0153927530305184,20.5564331701006,0.999123450623938
"Sst-10","STAG2",-0.169375068850592,0.10159308264698,0.0954764399781627,-0.368493851917073,0.0297437142158903,5,0.010702466094582,19.4235810847873,0.999123450623938
"Sst-10","ANK1",0.0937695226035754,0.0661558574282335,0.156365083888731,-0.0358935753221288,0.22343262052928,5,4.10244047090517e-06,0.0166542548141008,0.999123450623938
"Sst-10","NAA30",-0.0738829309983353,0.126728398402106,0.559891840852388,-0.322266027684907,0.174500165688237,5,0,0,0.999123450623938
"Sst-10","ZDHHC9",-0.0127244291585,0.237698139498733,0.957308127544563,-0.478604221768195,0.453155363451195,5,0.140038466042554,50.531112434924,0.999123450623938
"Sst-10","TNS3",0.0219341048112712,0.211124930965596,0.917255381031477,-0.391863156119802,0.435731365742345,5,0.0681493438061489,31.103861261413,0.999123450623938
"Sst-10","EMC1",0.116368599898559,0.170285371612289,0.494370528727194,-0.217384595555546,0.450121795352665,5,0.0354340544932416,24.416898540417,0.999123450623938
"Sst-10","TDRP",-0.200263961035868,0.126284280042708,0.112780463579797,-0.447776601733146,0.0472486796614095,5,0,0,0.999123450623938
"Sst-10","GCA",0.0142141111465007,0.157448077213811,0.928066233410177,-0.29437844962765,0.322806671920651,5,0,0,0.999123450623938
"Sst-10","ARHGAP23",-0.133514970996529,0.128734792810281,0.299674351346146,-0.385830528461907,0.118800586468848,5,6.93144300379625e-06,0.00747185696893996,0.999123450623938
"Sst-10","SH3PXD2B",0.110661987875099,0.122157268607189,0.364990005270231,-0.128761859044777,0.350085834794974,5,0,0,0.999123450623938
"Sst-10","SUFU",-0.300160446266596,0.129180433898722,0.0201482754993045,-0.553349444215348,-0.0469714483178439,5,0,0,0.960663479470745
"Sst-10","ZNF518A",0.0830476779352244,0.083741438582611,0.321336355152555,-0.0810825257002661,0.247177881570715,5,1.47298971827926e-06,0.00379951916217658,0.999123450623938
"Sst-10","SMPD4",0.243185224374685,0.160500902006204,0.129730821049043,-0.0713907630436666,0.557761211793038,5,8.48493893737155e-07,0.000623511108510349,0.999123450623938
"Sst-10","SLC25A46",-0.0109055247408261,0.127742564865597,0.931966359028441,-0.261276351170167,0.239465301688515,5,0.0301789061531255,37.9703946950723,0.999123450623938
"Sst-10","ZBTB21",-0.178966579818681,0.249629946636308,0.473418817123452,-0.668232284688499,0.310299125051138,5,0.157284048830352,51.2077508154492,0.999123450623938
"Sst-10","CADM4",-0.0323757723405323,0.132410069968658,0.8068347695183,-0.29189474066953,0.227143195988466,5,0,0,0.999123450623938
"Sst-10","P4HB",-0.0742229673750195,0.143024135355692,0.603792720939125,-0.354545121592158,0.206099186842119,5,0,0,0.999123450623938
"Sst-10","ZNF251",0.00622250536379695,0.0926326278708212,0.94644317287735,-0.175334109056314,0.187779119783908,5,0,0,0.999123450623938
"Sst-10","UBE2QL1",-0.127117710904374,0.111699090520327,0.255104984036352,-0.346043905430095,0.0918084836213466,5,0.0110877379597395,17.375459894378,0.999123450623938
"Sst-10","KLF7",0.00620169058604055,0.107342865230449,0.953928174463793,-0.204186459262976,0.216589840435057,5,0,0,0.999123450623938
"Sst-10","MAVS",0.0756949996530619,0.138507462833192,0.584718957492046,-0.195774639090014,0.347164638396138,5,0,0,0.999123450623938
"Sst-10","NUDT4",-0.116301655019985,0.30913688491004,0.706757733645887,-0.722198815736568,0.489595505696597,5,0.356368942463839,77.3317936887609,0.999123450623938
"Sst-10","SUMO1",0.121125053562589,0.114386636997787,0.289641168670043,-0.10306863526573,0.345318742390907,5,0,0,0.999123450623938
"Sst-10","SLC35A1",-0.10885279369073,0.144855074415153,0.452375867214942,-0.3927635225223,0.17505793514084,5,0,0,0.999123450623938
"Sst-10","XPOT",-0.0520970859701234,0.125793596977043,0.678766190947439,-0.298648005530873,0.194453833590627,5,0,0,0.999123450623938
"Sst-10","AHCTF1",-0.072607733698648,0.135163427343877,0.591139995081738,-0.337523183319643,0.192307715922347,5,0.0375697361401273,42.8115530881795,0.999123450623938
"Sst-10","CACNG4",-0.0726723348630317,0.126961718775611,0.567053965830266,-0.321512731078532,0.176168061352469,5,0.00910689652849115,10.1711426368725,0.999123450623938
"Sst-10","CCNL1",0.03615481540205,0.122197220867564,0.767327339556572,-0.203347336509262,0.275656967313362,5,0,0,0.999123450623938
"Sst-10","RBMS3",0.0164552625544429,0.0735968141198944,0.823078979589227,-0.127791842497439,0.160702367606325,5,0,0,0.999123450623938
"Sst-10","MOB4",0.186896405144039,0.185594777451321,0.313928393635346,-0.176862674379278,0.550655484667355,5,0.0154977727028793,8.79559409623267,0.999123450623938
"Sst-10","ZNF623",0.0539184926861439,0.205559233524248,0.793089015443416,-0.348970201711041,0.456807187083329,5,0.0608586148276167,28.8808811844726,0.999123450623938
"Sst-10","MCM9",0.184390440967005,0.171124514163834,0.281247095805675,-0.151007443666024,0.519788325600034,5,0.0217935661604369,14.4652157312846,0.999123450623938
"Sst-10","SLC37A1",0.0134508173145144,0.149818844360859,0.928461609560038,-0.280188721838181,0.30709035646721,5,0,0,0.999123450623938
"Sst-10","KDM5B",0.0825047629724428,0.0903937136618186,0.361386257021884,-0.0946636602335479,0.259673186178433,5,0,0,0.999123450623938
"Sst-10","ALKBH1",-0.0927946372314888,0.271340379120974,0.732361355089501,-0.624612007860041,0.439022733397063,5,0.22238260970287,62.758718303074,0.999123450623938
"Sst-10","PIP4K2A",-0.163310765555676,0.124590265111382,0.18993118501896,-0.407503197998283,0.0808816668869304,5,0,0,0.999123450623938
"Sst-10","SH3GLB2",-0.125641584988199,0.147349993132498,0.39383982342327,-0.41444226465012,0.163159094673722,5,3.68474810954481e-06,0.00327325505938658,0.999123450623938
"Sst-10","PIGL",-0.00416949777593828,0.13208074106744,0.974816726338626,-0.263042993319482,0.254703997767605,5,0.0360620804839248,42.0821478407682,0.999123450623938
"Sst-10","AKT1",-0.239440228748733,0.176481231076697,0.17486188690463,-0.585337085606349,0.106456628108883,5,0.0134135910017343,7.96954512057272,0.999123450623938
"Sst-10","ABHD18",-0.0810802314196118,0.111099551825083,0.465513663344655,-0.298831351695316,0.136670888856092,5,0.019627014480454,32.4059798251456,0.999123450623938
"Sst-10","GBE1",0.0239851132859697,0.22202824027678,0.913974029637549,-0.411182241207325,0.459152467779264,5,0.0880715643877053,36.2492460026285,0.999123450623938
"Sst-10","MLLT3",0.0643853335551806,0.0854646741811599,0.451235956129141,-0.103122349790343,0.231893016900704,5,0.0126115559701124,34.9623361085433,0.999123450623938
"Sst-10","PLEKHO1",0.0391412259078318,0.167275063455145,0.814990264578365,-0.288711873975905,0.366994325791568,5,0.0349076864261959,24.8424948294301,0.999123450623938
"Sst-10","PLBD2",0.109365978631745,0.120383285309734,0.363623923015335,-0.126580924915942,0.345312882179433,5,4.05825400526734e-06,0.00488183164292752,0.999123450623938
"Sst-10","MRPS25",0.0202027989749275,0.192656364380341,0.916483387602656,-0.357396736602967,0.397802334552822,5,0.110406879990848,65.0830550869195,0.999123450623938
"Sst-10","YWHAQ",-0.0722490116235568,0.142821915022965,0.612949440246817,-0.352174821271609,0.207676798024495,5,0.0338600863118636,33.7030343734669,0.999123450623938
"Sst-10","EBAG9",-0.135686804827489,0.144977823843647,0.349317362531978,-0.419838118118029,0.14846450846305,5,0,0,0.999123450623938
"Sst-10","PTN",-0.0593277511611987,0.167899086159699,0.723823346125548,-0.388403913071396,0.269748410748999,5,0.00415264550551743,2.80665814963761,0.999123450623938
"Sst-10","ARHGDIA",-0.000408382986199738,0.179309815635105,0.998182797764129,-0.351849163705523,0.351032397733123,5,0,0,0.99951797780414
"Sst-10","EIF2S3",0.00793265047146918,0.145041467442868,0.956383609266321,-0.276343401981391,0.292208702924329,5,0,0,0.999123450623938
"Sst-10","TMEM242",0.0896633004822148,0.120370869508759,0.456336997936211,-0.146259268542724,0.325585869507154,5,0,0,0.999123450623938
"Sst-10","PKN2-AS1",-0.114550752131444,0.172719786435402,0.507191386793801,-0.453075312962282,0.223973808699393,5,0,0,0.999123450623938
"Sst-10","TRAPPC2",-0.0430955689401867,0.159878713290577,0.787505211234835,-0.356452088884322,0.270260951003948,5,0,0,0.999123450623938
"Sst-10","PRIMPOL",0.0992881738084699,0.125592040071242,0.429200189371692,-0.146867701476075,0.345444049093015,5,0,0,0.999123450623938
"Sst-10","NELFCD",0.0972557751959977,0.168942626541292,0.564835962213468,-0.233865688278535,0.42837723867053,5,0,0,0.999123450623938
"Sst-10","ZNF318",0.00645193849970836,0.119772268706038,0.957040026412919,-0.228297394510779,0.241201271510196,5,0,0,0.999123450623938
"Sst-10","ABCD4",0.0834681200837844,0.121846779061751,0.493327988694532,-0.155347178509457,0.322283418677025,5,0,0,0.999123450623938
"Sst-10","STEAP2",0.0620135724957789,0.102140253907935,0.543757105174801,-0.138177646535551,0.262204791527109,5,5.10743490305636e-07,0.000824111563908052,0.999123450623938
"Sst-10","GRAMD1B",-0.0315215222665803,0.0733050123553214,0.667191999804414,-0.175196706369274,0.112153661836113,5,0,0,0.999123450623938
"Sst-10","SLC39A9",-0.0475051107231715,0.113188846214029,0.674706226120659,-0.269351172754311,0.174340951307968,5,0,0,0.999123450623938
"Sst-10","LTBP3",-0.164267459323914,0.131839570662045,0.212777332147421,-0.422668269558746,0.0941333509109171,5,0,0,0.999123450623938
"Sst-10","MXD4",0.069393405367466,0.144585858910306,0.631265787468195,-0.213989670770524,0.352776481505456,5,0,0,0.999123450623938
"Sst-10","ZC2HC1A",0.0200921948888213,0.0923298932877752,0.827730571806672,-0.160871070651645,0.201055460429287,5,0,0,0.999123450623938
"Sst-10","LIFR",-0.0266109658357056,0.237619839671387,0.910831602511474,-0.492337293603806,0.439115361932395,5,0.188833373225255,69.5843069795261,0.999123450623938
"Sst-10","KCNQ1OT1",-0.00827815074675718,0.17967976995967,0.963253109766007,-0.360444028618152,0.343887727124637,5,0.100825050849307,65.6894791429218,0.999123450623938
"Sst-10","GPCPD1",0.0326530099584945,0.139290646059499,0.814656165273188,-0.24035163970144,0.305657659618429,5,0,0,0.999123450623938
"Sst-10","PPP1CC",0.064058839094466,0.185985873901714,0.730524044391937,-0.300466775386102,0.428584453575034,5,0.0630622389872054,37.072834851126,0.999123450623938
"Sst-10","SMARCB1",0.121876134034625,0.140303082763009,0.385031339438846,-0.153112855100815,0.396865123170065,5,0.0252292349222506,25.3669617466584,0.999123450623938
"Sst-10","TMCO1",0.104302155622929,0.12101279522932,0.388736967065494,-0.132878564695059,0.341482875940917,5,0,0,0.999123450623938
"Sst-10","TMTC4",0.00670413265599105,0.119366699544645,0.955211017275257,-0.227250299404928,0.24065856471691,5,0,0,0.999123450623938
"Sst-10","PRKCB",-0.045601090746174,0.0962183507444317,0.635547395927409,-0.234185592857103,0.142983411364755,5,0.00781183375380368,16.5202544719759,0.999123450623938
"Sst-10","ACAA1",0.213496339308377,0.158487113200348,0.177951382544082,-0.0971326945780272,0.524125373194781,5,0,0,0.999123450623938
"Sst-10","CNNM2",-0.000865120972957007,0.0642931343610992,0.989264081694997,-0.126877348773906,0.125147106827992,5,0,0,0.999123450623938
"Sst-10","CASKIN1",0.0759262035828916,0.113868569108456,0.504907513266761,-0.147252090840793,0.299104498006576,5,0,0,0.999123450623938
"Sst-10","INHBA-AS1",0.122198563306536,0.175179664612246,0.485451559786403,-0.221147270157272,0.465544396770345,5,0,0,0.999123450623938
"Sst-10","PAK1",0.0663201043950573,0.0801891114459139,0.408210844255043,-0.0908476659912026,0.223487874781317,5,0,0,0.999123450623938
"Sst-10","PNOC",-0.27949141957282,0.171574655614211,0.103317577327919,-0.615771565236536,0.0567887260908957,5,0.0178713735291612,11.3264603548093,0.999123450623938
"Sst-10","RCOR1",-0.0602599873854976,0.153571185119212,0.694769159393376,-0.361253979282287,0.240734004511292,5,0,0,0.999123450623938
"Sst-10","RAP1GDS1",0.0302725370973611,0.102364753096987,0.767434727844252,-0.170358692259069,0.230903766453791,5,0.0227885833429897,44.731996244786,0.999123450623938
"Sst-10","MGMT",0.184149593764327,0.157683295338124,0.242869431631985,-0.124903986061988,0.493203173590643,5,2.08280584864033e-06,0.00156989244997528,0.999123450623938
"Sst-10","ATG14",-0.0380745930511641,0.123300486558729,0.757477353717888,-0.279739105982538,0.20358991988021,5,0,0,0.999123450623938
"Sst-10","PPM1F",0.0129741852655458,0.157380084888318,0.934297985590476,-0.295485112999413,0.321433483530505,5,0,0,0.999123450623938
"Sst-10","SYAP1",0.0299251886074017,0.139420224382307,0.830047828209445,-0.243333429898412,0.303183807113216,5,5.13529160554003e-07,0.00043034892981508,0.999123450623938
"Sst-10","PTCHD1",0.166560862228952,0.126883733017837,0.189282501046942,-0.0821266847100056,0.415248409167909,5,0,0,0.999123450623938
"Sst-10","CDC7",0.0565080859871103,0.142037873230335,0.690749487203015,-0.221881029985011,0.334897201959232,5,0,0,0.999123450623938
"Sst-10","ZNF347",-0.0299315895006784,0.15732355521255,0.84910933174164,-0.338280091637075,0.278416912635718,5,0.0154498168054322,11.5592193629771,0.999123450623938
"Sst-10","ARFGEF2",0.0738557690258681,0.0815748719943629,0.365267279424096,-0.0860280421265483,0.233739580178284,5,0,0,0.999123450623938
"Sst-10","FAM184B",0.0737538853951318,0.169417852833155,0.663317722304552,-0.258299004495959,0.405806775286222,5,0.0399830868717252,27.8321753772997,0.999123450623938
"Sst-10","CRLF3",-0.0742991871924671,0.0988850524396563,0.452430466461765,-0.268110328583548,0.119511954198614,5,3.21010149421008e-06,0.00477641176989205,0.999123450623938
"Sst-10","HSPA4",0.0994404793826508,0.15869277819542,0.530906658216361,-0.211591650486976,0.410472609252278,5,0.0310784869004866,24.1739291856599,0.999123450623938
"Sst-10","RABL2B",0.00281567602480537,0.161179637124394,0.986062320229407,-0.313090607780241,0.318721959829852,5,0.009637498907768,7.00037453996473,0.999123450623938
"Sst-10","ACTR3B",-0.196696090372204,0.128228133804995,0.12504090914767,-0.448018614434776,0.0546264336903693,5,0.0253229854477915,31.2238402099681,0.999123450623938
"Sst-10","KCNH1",0.0196942782021737,0.147778004898613,0.893980368938526,-0.269945289106291,0.309333845510638,5,0,0,0.999123450623938
"Sst-10","PTPN5",-0.0898411449922139,0.0971701376359831,0.355186674184132,-0.280291115131541,0.100608825147113,5,0,0,0.999123450623938
"Sst-10","LYSMD2",-0.318226347917155,0.149396799222579,0.0331654435840495,-0.611038693798972,-0.0254140020353384,5,0,0,0.999123450623938
"Sst-10","ELP3",-0.118137452891903,0.1491961770435,0.428461980399767,-0.410556586528224,0.174281680744418,5,0.0408139528387697,37.7433901231415,0.999123450623938
"Sst-10","MSRB3",0.0184447483957457,0.113746979825152,0.871183055581438,-0.204495235411757,0.241384732203248,5,0,0,0.999123450623938
"Sst-10","LIPC",-0.0824290053574858,0.19948938079896,0.679460113060617,-0.473421007021643,0.308562996306671,5,0.064367184965975,32.5990409406688,0.999123450623938
"Sst-10","NUP58",-0.127710517449013,0.0924499049428426,0.167155278742254,-0.308909001511136,0.0534879666131105,5,0,0,0.999123450623938
"Sst-10","FAM219B",0.236397039966079,0.234509881841736,0.313431782580943,-0.223233882462467,0.696027962394625,5,0.130799765304581,49.1583170639429,0.999123450623938
"Sst-10","SLC35E2B",0.0689461270021456,0.210886706959945,0.743717473395296,-0.344384223457599,0.48227647746189,5,0.0938065037509566,43.635105300006,0.999123450623938
"Sst-10","POT1",0.0981470000017621,0.112563459446845,0.383248782280003,-0.122473326489288,0.318767326492812,5,0.00130162062979334,1.91575596024955,0.999123450623938
"Sst-10","RXRB",-0.215700803377959,0.179084204908912,0.228409585995687,-0.566699395199418,0.135297788443501,5,0.0262739310068898,16.1267767080477,0.999123450623938
"Sst-10","INSIG2",-0.158847210654711,0.237497015590457,0.503598335360713,-0.624332807647753,0.306638386338332,5,0.147189065615528,54.5693890227051,0.999123450623938
"Sst-10","NLGN4X",-0.037627392890853,0.0837290098800126,0.653146784975558,-0.201733236716876,0.12647845093517,5,0.00653683750916011,18.3764579130953,0.999123450623938
"Sst-10","AGO1",0.183946643425636,0.12893157965734,0.153666477961441,-0.068754609172608,0.436647896023881,5,0.0208482703923623,24.7331579364792,0.999123450623938
"Sst-10","HIP1R",0.0111488070838074,0.138236244146333,0.935719990800025,-0.259789252801091,0.282086866968706,5,1.54019185544804e-06,0.00145169522152516,0.999123450623938
"Sst-10","UBAC1",-0.101604368054453,0.158810684607062,0.522313719676855,-0.412867590244444,0.209658854135538,5,0,0,0.999123450623938
"Sst-10","MSMO1",-0.130943220800137,0.196502288174275,0.505174662157665,-0.516080628501427,0.254194186901154,5,0.0204684717463551,10.319480743633,0.999123450623938
"Sst-10","YBX1",0.0362861183585927,0.135546638111204,0.788928640680039,-0.229380410564852,0.301952647282038,5,0,0,0.999123450623938
"Sst-10","ZFP64",0.00137155927404393,0.16867589052681,0.99351220908771,-0.329227111218724,0.331970229766812,5,0.0333183342177198,22.6492958415186,0.99951797780414
"Sst-10","WDR12",-0.121986356882411,0.160133938835806,0.446193089864081,-0.435843109703132,0.191870395938309,5,0.0443732464650704,35.2933350157332,0.999123450623938
"Sst-10","KCNJ5",0.126464846774225,0.153175059768269,0.409018004605632,-0.173752753701353,0.426682447249802,5,0,0,0.999123450623938
"Sst-10","ZNF592",0.20753069372081,0.139928991258394,0.13804403429244,-0.0667250895386627,0.481786476980283,5,0,0,0.999123450623938
"Sst-10","MYO9A",0.0668977333657082,0.0590172125260439,0.256992088385264,-0.048773877653284,0.1825693443847,5,1.772333277566e-06,0.00865035445862722,0.999123450623938
"Sst-10","PGM3",0.135265165886829,0.12351654238561,0.273465025291102,-0.106822808683881,0.377353140457539,5,0.0169351664138244,21.5908500000032,0.999123450623938
"Sst-10","USF3",-0.0745033135585133,0.132877997921502,0.5750091476496,-0.334939403822446,0.185932776705419,5,0,0,0.999123450623938
"Sst-10","NEK9",-0.0697720044782839,0.107277702066607,0.515442382826189,-0.280032436873051,0.140488427916483,5,0,0,0.999123450623938
"Sst-10","PGRMC2",-0.215532997627222,0.156276713574142,0.167840683445835,-0.521829727854822,0.0907637326003791,5,0,0,0.999123450623938
"Sst-10","JDP2",-0.331289991603134,0.14147536101183,0.0191971780677349,-0.608576603886123,-0.0540033793201452,5,0,0,0.960663479470745
"Sst-10","RPS29",0.0568972734250201,0.155437595749888,0.714330927339776,-0.247754816088257,0.361549362938297,5,0.029367460343731,23.9785989402928,0.999123450623938
"Sst-10","BRD7",0.00379844052525828,0.177789666119865,0.982954653282115,-0.344662901893079,0.352259782943595,5,0.0548259089607039,35.3697068504617,0.999123450623938
"Sst-10","RNF145",0.113047831187888,0.0814095906587233,0.164945172964046,-0.0465120344993575,0.272607696875134,5,0,0,0.999123450623938
"Sst-10","SLAIN1",0.223135371108061,0.128247449537999,0.0818798192334934,-0.028225011095535,0.474495753311657,5,0.0411629561741003,53.4701444235782,0.999123450623938
"Sst-10","NXPE3",-0.118619877575533,0.113847919826516,0.297450998678506,-0.341757700150307,0.104517944999241,5,0,0,0.999123450623938
"Sst-10","NPM1",-0.022778773244934,0.138579511242457,0.869437271700976,-0.294389624275313,0.248832077785445,5,0,0,0.999123450623938
"Sst-10","KIF21B",-0.0682256882522956,0.237161382073004,0.77359459996528,-0.533053455639127,0.396602079134536,5,0.156131069744877,59.2238640737474,0.999123450623938
"Sst-10","SNRPB2",0.0444097273756039,0.171380004843649,0.795534818186392,-0.291488909788248,0.380308364539456,5,3.74989553306602e-06,0.00242221095090692,0.999123450623938
"Sst-10","EYA3",0.0729764889192086,0.0936284169885956,0.435728395480433,-0.110531836307937,0.256484814146354,5,4.82841024940733e-06,0.0097073336923177,0.999123450623938
"Sst-10","SETDB2",0.103566303374111,0.142317380842138,0.466788881134697,-0.175370637450551,0.382503244198773,5,0.02419760920481,23.1795632384671,0.999123450623938
"Sst-10","MAEA",-0.152274710693892,0.136982664003097,0.266295158385179,-0.420755798646313,0.116206377258529,5,0,0,0.999123450623938
"Sst-10","TTC19",0.149468320363415,0.0811606338138714,0.0655284559402058,-0.00960359887421655,0.308540239601047,5,0,0,0.999123450623938
"Sst-10","GSPT1",-0.0162514691533405,0.136060412003407,0.904924364815566,-0.2829249764017,0.250422038095019,5,0.0304786468978017,33.284640499556,0.999123450623938
"Sst-10","ZNF14",0.197500394629918,0.148502820420375,0.183536812413126,-0.093559784996637,0.488560574256473,5,0,0,0.999123450623938
"Sst-10","IP6K1",-0.160785919724946,0.089053770405452,0.0709976390308397,-0.33532810240713,0.0137562629572393,5,0,0,0.999123450623938
"Sst-10","NELL2",-0.153002949016704,0.254475105986533,0.547674032053561,-0.651764991712322,0.345759093678913,5,0.218506034609446,68.5138399878722,0.999123450623938
"Sst-10","STUM",-0.0172470332884245,0.136777443500452,0.899656253350941,-0.285325896446773,0.250831829869924,5,0,0,0.999123450623938
"Sst-10","DHDDS",-0.160685286026227,0.185968891688512,0.387563776285113,-0.52517761598054,0.203807043928086,5,0.0372388381053422,21.2744303647001,0.999123450623938
"Sst-10","GTF3C4",-0.150444192956213,0.165717969332392,0.363966614411839,-0.475245444438814,0.174357058526389,5,8.30581582149397e-07,0.000563777173883219,0.999123450623938
"Sst-10","ST13",-0.0272124090849113,0.150661642705269,0.856666360802273,-0.32250380263888,0.268078984469058,5,0.0488287980334766,43.7173482363418,0.999123450623938
"Sst-10","FKBP4",0.209768764492185,0.161331970703156,0.19352194704249,-0.106436087640871,0.525973616625241,5,4.51720051898571e-07,0.000334582390762905,0.999123450623938
"Sst-10","LIMK1",-0.0150630540360269,0.166563524957273,0.927942109237649,-0.341521564090321,0.311395456018267,5,0.029165678588032,20.5175325245625,0.999123450623938
"Sst-10","PCLO",-0.107781162530651,0.0721391859275881,0.13515671187755,-0.249171368822763,0.0336090437614599,5,0.0117832567380081,47.3152877649497,0.999123450623938
"Sst-10","ODF2",-0.105543829719457,0.149030377060106,0.478818913479155,-0.39763800135969,0.186550341920775,5,0,0,0.999123450623938
"Sst-10","LHFPL2",0.212413181209857,0.139435316332589,0.127663287937412,-0.0608750169749668,0.485701379394681,5,0,0,0.999123450623938
"Sst-10","SLC38A10",0.048907025511862,0.234996729869005,0.835136912355748,-0.411678101516075,0.509492152539799,5,0.143317534283402,53.9422323248772,0.999123450623938
"Sst-10","LYRM1",0.1818541913025,0.179770052002018,0.311732521029144,-0.170488636120348,0.534197018725347,5,0.0176975634734203,10.7204973842028,0.999123450623938
"Sst-10","PPP1R12C",-0.340838029610034,0.145773508416603,0.0193802861084257,-0.626548856006623,-0.0551272032134449,5,0,0,0.960663479470745
"Sst-10","VCL",-0.184110605713767,0.120705987470584,0.127188908155491,-0.420689993874454,0.05246878244692,5,0,0,0.999123450623938
"Sst-10","ALS2",-0.0310635996308951,0.0870648294262627,0.72125126624315,-0.201707529626493,0.139580330364703,5,0,0,0.999123450623938
"Sst-10","OPRM1",-0.428929487561258,0.226347005230276,0.0580912821911282,-0.872561465821097,0.0147024906985813,5,0.0291167837435495,11.0831888671887,0.999123450623938
"Sst-10","MXRA7",-0.176834285024145,0.167589706795209,0.291351254320754,-0.505304074522383,0.151635504474092,5,0.0438595789985472,31.1365441225046,0.999123450623938
"Sst-10","ZNF337",-0.207964929906045,0.112316271434398,0.0640831273216253,-0.428100776795289,0.0121709169831997,5,0.000298125048285088,0.410921383124685,0.999123450623938
"Sst-10","TPM4",-0.211179070959584,0.127118140159975,0.0966568346951968,-0.46032604745485,0.0379679055356816,5,0,0,0.999123450623938
"Sst-10","LRRC4",-0.395324941145193,0.162945472633586,0.0152613080525595,-0.714692198950879,-0.0759576833395065,5,0.00153122000657051,1.04242646096757,0.891144034147969
"Sst-10","PCID2",0.0122438798567151,0.103646631053593,0.905963863387264,-0.190899784127238,0.215387543840668,5,7.16428178052124e-06,0.010659056303113,0.999123450623938
"Sst-10","PSMD5",-0.222969116965797,0.211558184592908,0.291911504996228,-0.637615539402573,0.191677305470979,5,0.119104479431467,55.3704792671385,0.999123450623938
"Sst-10","ZFAND5",0.0485516673875924,0.166483674262807,0.770569381641407,-0.277750338181406,0.374853672956591,5,0.0723251386015369,54.5589503711143,0.999123450623938
"Sst-10","NDUFS8",-0.0359808074343766,0.255386697217511,0.887958773491807,-0.536529536111335,0.464567921242581,5,0.1773132959908,55.4898891523286,0.999123450623938
"Sst-10","TET1",0.143643093066168,0.143226889647071,0.315906264316538,-0.137076452259785,0.42436263839212,5,0,0,0.999123450623938
"Sst-10","HSF1",-0.365797039897915,0.165800196474676,0.0273663497112261,-0.690759453617945,-0.040834626177885,5,0,0,0.999123450623938
"Sst-10","VPS26B",-0.119393381067728,0.166897274807402,0.474380157669324,-0.446506028808121,0.207719266672665,5,0,0,0.999123450623938
"Sst-10","CSGALNACT2",0.143194305417846,0.152121197180606,0.346542310706698,-0.154957762341259,0.441346373176951,5,0.0489150770527272,43.0310042024413,0.999123450623938
"Sst-10","TUBGCP5",-0.338388876526384,0.128579657647517,0.00849475839802432,-0.590400374660006,-0.0863773783927609,5,0,0,0.765906503041559
"Sst-10","RNF217",-0.10406769149867,0.159988613359689,0.515389084994991,-0.417639611620164,0.209504228622824,5,0.0590435028444506,48.9718236773579,0.999123450623938
"Sst-10","STRIP1",-0.0712224444388986,0.141181200029919,0.613927334435824,-0.347932511791685,0.205487622913888,5,0,0,0.999123450623938
"Sst-10","PEPD",-0.170508290708273,0.173825037452806,0.32663266213761,-0.511199103727099,0.170182522310553,5,0.014195227444288,8.82265715572137,0.999123450623938
"Sst-10","LDB1",0.0518478765378146,0.186135964718851,0.780591410940477,-0.312971910538751,0.41666766361438,5,0.0463988125104078,26.8597440587446,0.999123450623938
"Sst-10","CFAP97",0.121040324490323,0.143572439541516,0.39919432881232,-0.160356486183603,0.40243713516425,5,0,0,0.999123450623938
"Sst-10","EMC2",-0.0305722020118157,0.179588074090947,0.864825212594985,-0.382558359282983,0.321413955259352,5,0.0653812630254527,42.3018124904326,0.999123450623938
"Sst-10","STIP1",0.161973546005379,0.283832382998008,0.568225938104206,-0.394327702316895,0.718274794327654,5,0.261642728109445,66.7511037481471,0.999123450623938
"Sst-10","CDKL2",0.0101113775516151,0.101517631006244,0.920660161520069,-0.188859523016449,0.20908227811968,5,0,0,0.999123450623938
"Sst-10","DDX21",-0.188984655054973,0.153620660674261,0.218620956799767,-0.490075617257774,0.112106307147827,5,0,0,0.999123450623938
"Sst-10","SLIT1",0.125916654094944,0.104954344505286,0.230245038316514,-0.0797900811564246,0.331623389346313,5,1.63328692171329e-06,0.0027882083408632,0.999123450623938
"Sst-10","SLC37A3",-0.0536007402594542,0.120259775952374,0.655808208837772,-0.289305569914962,0.182104089396054,5,0,0,0.999123450623938
"Sst-10","CORO2B",0.042227193545765,0.0757606837046347,0.577270499135725,-0.10626101795945,0.19071540505098,5,1.36429092355464e-06,0.0042242488131069,0.999123450623938
"Sst-10","CLYBL",0.300572829320611,0.158544018467165,0.0579822582381307,-0.010167736839285,0.611313395480507,5,0.0147057953506351,11.3298669068557,0.999123450623938
"Sst-10","FBXO31",0.0113545871675779,0.138765316656019,0.934785215821549,-0.260620435781516,0.283329610116672,5,0,0,0.999123450623938
"Sst-10","DDX52",0.418711939562516,0.127130506026654,0.000989272524744159,0.169540726413923,0.66788315271111,5,0,0,0.355148836383153
"Sst-10","RRAGD",-0.127276756367284,0.18100951397952,0.481962562221419,-0.482048884626242,0.227495371891674,5,0.0424923838368967,25.707403593177,0.999123450623938
"Sst-10","NOL9",-0.101432082468181,0.121236577624727,0.402791651598404,-0.33905140822154,0.136187243285178,5,0,0,0.999123450623938
"Sst-10","NDST4",0.287304656635485,0.302016436464645,0.341458121580993,-0.304636681574349,0.879245994845319,5,0.213616098019119,47.0571341831328,0.999123450623938
"Sst-10","LARP4",-0.0289245127659482,0.120535799044448,0.810356491074752,-0.265170337740824,0.207321312208927,5,0.0154658464484784,20.7215051654458,0.999123450623938
"Sst-10","PGS1",0.0452813328730092,0.196394885412703,0.817654556562883,-0.339645569283759,0.430208235029777,5,0.0687543172065486,36.2085907316,0.999123450623938
"Sst-10","CSMD3",0.045683374185898,0.0734792314496513,0.534127193935521,-0.0983332730671014,0.189700021438897,5,3.57784504689915e-06,0.0122401168888927,0.999123450623938
"Sst-10","HADH",0.0286821526555495,0.143312184838364,0.84137298985699,-0.252204568173392,0.309568873484491,5,0,0,0.999123450623938
"Sst-10","FAM98A",-0.189542760647957,0.280232976608509,0.498802175543748,-0.738789302081091,0.359703780785176,5,0.219229724148075,57.6629235964534,0.999123450623938
"Sst-10","SRBD1",0.172405241757962,0.136417181472343,0.206298642552101,-0.0949675208002949,0.43977800431622,5,0,0,0.999123450623938
"Sst-10","BFAR",-0.0397508157168669,0.156901717781751,0.799998916382417,-0.347272531681566,0.267770900247833,5,0,0,0.999123450623938
"Sst-10","HIF1A",0.0581313533323737,0.140631219863705,0.679342708165776,-0.217500772702421,0.333763479367169,5,2.93822391747521e-06,0.00277415647402197,0.999123450623938
"Sst-10","ALG6",0.190709731427036,0.144637289708901,0.187323685350792,-0.0927741472238961,0.474193610077968,5,0,0,0.999123450623938
"Sst-10","RANBP3",0.0166070778249697,0.153515540769337,0.913854115401173,-0.284277853150122,0.317492008800061,5,0,0,0.999123450623938
"Sst-10","DZANK1",-0.0640930615821588,0.155920425140348,0.681026603773311,-0.369691479311415,0.241505356147097,5,0,0,0.999123450623938
"Sst-10","SLC30A6",0.0317807820553074,0.157638149832941,0.840224827528721,-0.277184314206786,0.3407458783174,5,0.0447481272787837,36.4482337244852,0.999123450623938
"Sst-10","HPS3",-0.0135017963724096,0.139302558048391,0.922786548415704,-0.286529793101555,0.259526200356736,5,0,0,0.999123450623938
"Sst-10","RACK1",-0.196573008624603,0.141129776861825,0.163664299968807,-0.473182288419954,0.080036271170747,5,2.26903572284341e-06,0.00211149920726891,0.999123450623938
"Sst-10","SCYL3",-0.263891781700556,0.245140161053685,0.281706621414685,-0.744357668530126,0.216574105129014,5,0.157723944208468,54.4003767405259,0.999123450623938
"Sst-10","TGS1",0.0755837825445899,0.128848071514177,0.557464542452115,-0.176953797100638,0.328121362189817,5,0.00727185045017163,8.23395467041219,0.999123450623938
"Sst-10","HS1BP3",-0.137013284195235,0.14893037220135,0.357582086604734,-0.428911449914027,0.154884881523556,5,0.0074576962184902,6.09525593335379,0.999123450623938
"Sst-10","ZNF362",0.125310883661223,0.122456786834833,0.306162728621682,-0.114700008197549,0.365321775519995,5,0,0,0.999123450623938
"Sst-10","WDR5",0.112078621921048,0.14105778329932,0.426870526911764,-0.164389553084675,0.388546796926772,5,0,0,0.999123450623938
"Sst-10","REV1",0.00337888980492738,0.116848921469502,0.976930995137332,-0.225640787907646,0.2323985675175,5,0.0314034399404474,49.3701882922183,0.999123450623938
"Sst-10","NDUFB4",-0.301844253977555,0.158954591981014,0.0575731751277285,-0.613389529437602,0.0097010214824923,5,0,0,0.999123450623938
"Sst-10","PTPRF",-0.0286285022391689,0.132609984475299,0.829077414712302,-0.288539295801171,0.231282291322833,5,0.0025851535385709,2.72415167031458,0.999123450623938
"Sst-10","TRAF3",-0.112560655479487,0.123480436897147,0.361996854011903,-0.354577864593165,0.129456553634191,5,0.0177777204500465,23.1173194653886,0.999123450623938
"Sst-10","SYT12",0.0965681097148624,0.221865308142269,0.663376935497668,-0.338279903662866,0.53141612309259,5,0.112895993532522,47.8626596586523,0.999123450623938
"Sst-10","CNOT8",-0.222946519176051,0.157752352535551,0.157576627250364,-0.532135448622197,0.0862424102700956,5,0,0,0.999123450623938
"Sst-10","ACER2",0.360218795158374,0.149471276578002,0.0159545628991546,0.0672604763422648,0.653177113974483,5,0,0,0.89330915021597
"Sst-10","PIGG",-0.209719878254992,0.134184962602225,0.118072260429614,-0.472717572222206,0.0532778157122227,5,0,0,0.999123450623938
"Sst-10","PTPRR",0.00368165228734149,0.0801390967635526,0.963357453981131,-0.153388091122792,0.160751395697475,5,0.00908964913106779,28.463910842634,0.999123450623938
"Sst-10","GLE1",0.180778224196134,0.18353184062019,0.324625780674546,-0.178937573435784,0.540494021828052,5,0.0575054605662074,34.6347804454325,0.999123450623938
"Sst-10","VEZF1",-0.0312359150209459,0.247436819920796,0.899543577901042,-0.516203170514829,0.453731340472937,5,0.14118228007036,46.9126908552682,0.999123450623938
"Sst-10","ZFHX3",0.130321547528149,0.179784062790497,0.468526756880143,-0.222048740535513,0.482691835591812,5,0,0,0.999123450623938
"Sst-10","C1orf52",0.12934337991853,0.156964003977036,0.409921311347049,-0.178300414745663,0.436987174582723,5,0,0,0.999123450623938
"Sst-10","GLB1L3",0.132377868166874,0.133876784064403,0.322759161683184,-0.130015806965401,0.394771543299149,5,0,0,0.999123450623938
"Sst-10","DUSP10",0.105331902130636,0.174225242936218,0.545462658339844,-0.236143299222093,0.446807103483365,5,0.0734162682829676,49.4131182307994,0.999123450623938
"Sst-10","NBEAL1",-0.0311239702010687,0.09782564862925,0.750365419485259,-0.222858718278669,0.160610777876531,5,5.45434040912195e-06,0.0104598566319649,0.999123450623938
"Sst-10","CAMKV",-0.0314694425112294,0.176688698001122,0.858639173288209,-0.377772927068703,0.314834042046244,5,0.0705445292010029,46.5029595125473,0.999123450623938
"Sst-10","CACNA2D2",-0.00980698028132525,0.0886774316874759,0.911940197879802,-0.183611552630289,0.163997592067638,5,0,0,0.999123450623938
"Sst-10","WWP2",0.157115389882012,0.124028098838315,0.205236633284432,-0.0859752169120598,0.400205996676084,5,0,0,0.999123450623938
"Sst-10","NUCB1",0.0704197790922874,0.15996442875306,0.659776696992791,-0.243104740071233,0.383944298255808,5,0,0,0.999123450623938
"Sst-10","PIR",-0.0339797532334659,0.155914260465225,0.827476863584966,-0.339566088421503,0.271606581954571,5,0.0262432106716022,21.3761699023045,0.999123450623938
"Sst-10","SIRT1",-0.237079139799219,0.139251943689421,0.0886580392962789,-0.510007934207683,0.0358496546092454,5,0.0149046010646228,14.3204823801127,0.999123450623938
"Sst-10","KAT6A",-0.00464449643569158,0.0797448996878697,0.953555926370635,-0.160941627774676,0.151652634903293,5,1.1174812999004e-06,0.00314118399792426,0.999123450623938
"Sst-10","TMEM38A",0.134863310530788,0.14891676829088,0.365132372709204,-0.157008192013432,0.426734813075008,5,0.0133238671688027,11.7425522309634,0.999123450623938
"Sst-10","CTPS2",0.259657725130242,0.185140398543406,0.160768704500674,-0.103210788098226,0.62252623835871,5,0.0504285932077017,29.7918158778445,0.999123450623938
"Sst-10","ZNF562",-0.0467562909557332,0.143531239106352,0.744608293152039,-0.32807235026059,0.234559768349123,5,0,0,0.999123450623938
"Sst-10","PXDNL",0.0233556945790572,0.143954544772986,0.871114076008757,-0.258790028586853,0.305501417744967,5,0,0,0.999123450623938
"Sst-10","NCR3LG1",-0.0477027870276276,0.163573167808067,0.770569796655956,-0.368300304768565,0.27289473071331,5,0,0,0.999123450623938
"Sst-10","METTL8",-0.141454056430852,0.160489408175569,0.378105767151873,-0.456007516355116,0.173099403493412,5,0,0,0.999123450623938
"Sst-10","ATOX1",0.00609475852873273,0.233886601385607,0.979210594372809,-0.452314556653533,0.464504073710999,5,0.0793691541184646,29.1200047495571,0.999123450623938
"Sst-10","NAXD",0.046640817065714,0.222405479415341,0.833893444734634,-0.389265912552718,0.482547546684146,5,0.12258034875627,50.821185764495,0.999123450623938
"Sst-10","ESD",0.465106635942177,0.156495834024616,0.00295860420322325,0.158380437523372,0.771832834360982,5,0,0,0.488009768980311
"Sst-10","HECW2",-0.0712424888303758,0.0894912626642473,0.425983690707632,-0.246642140583315,0.104157162922563,5,0.0196253662251945,51.5821535154382,0.999123450623938
"Sst-10","TNFRSF25",-0.0792389533520051,0.168399157901901,0.637967508923534,-0.409295237866606,0.250817331162595,5,0,0,0.999123450623938
"Sst-10","ZFC3H1",-0.0703600763701493,0.098434201664322,0.474736973396804,-0.263287566479173,0.122567413738874,5,0.00637486681915844,12.2715503948646,0.999123450623938
"Sst-10","GK",-0.00697752450370553,0.254245045998502,0.978105530926458,-0.505288657908498,0.491333608901087,5,0.171799577535093,55.5448654237469,0.999123450623938
"Sst-10","DTNB",0.0651299254746086,0.0865535820312366,0.451761855065874,-0.104511978039548,0.234771828988765,5,0.0153630087338555,42.0753656815998,0.999123450623938
"Sst-10","SLC4A3",0.0134917177509467,0.186436505788752,0.94231041322358,-0.3519171189985,0.378900554500394,5,0.0597126441817219,34.5881407380635,0.999123450623938
"Sst-10","UBAP1L",5.90747533437348e-05,0.0795044793796267,0.999407142469748,-0.155766841440332,0.155884990947019,5,0,0,0.999570926006698
"Sst-10","SURF4",0.0822627270485556,0.145819201246887,0.572657537478599,-0.203537655649741,0.368063109746852,5,0,0,0.999123450623938
"Sst-10","PRPF3",0.0203148866778508,0.221412504418454,0.926895632141586,-0.413645647709134,0.454275421064835,5,0.121067817889712,51.8842552419874,0.999123450623938
"Sst-10","ENY2",0.0739934864156924,0.144644648651717,0.608963487314467,-0.209504815498124,0.357491788329509,5,0,0,0.999123450623938
"Sst-10","GDA",-0.0187023191979771,0.386297918069303,0.961386112630206,-0.775832325916616,0.738427687520662,5,0.539618999593323,73.9857784546501,0.999123450623938
"Sst-10","KCNK12",0.0648004294302617,0.114870429691662,0.572674110888596,-0.160341475654036,0.28994233451456,5,0.00491044211924104,6.43719322959238,0.999123450623938
"Sst-10","NTPCR",0.0240395505655959,0.15050609405332,0.873097891381623,-0.27094697323271,0.319026074363902,5,0,0,0.999123450623938
"Sst-10","GLRX3",-0.0616452528771294,0.117337582801786,0.599328332182676,-0.291622689201616,0.168332183447358,5,3.0576577103543e-06,0.00356020981521318,0.999123450623938
"Sst-10","ALKBH3",-0.222873544668928,0.161136586040165,0.166623679704884,-0.53869544989939,0.0929483605615342,5,0.0169822165490566,11.5969259465874,0.999123450623938
"Sst-10","EXOSC6",-0.215404974177557,0.23974067962794,0.368923549602051,-0.685288071877476,0.254478123522361,5,0.154128236138032,55.6828903325602,0.999123450623938
"Sst-10","CLUAP1",0.0444627322701582,0.113406861137301,0.695011026153492,-0.177810631158688,0.266736095699004,5,0,0,0.999123450623938
"Sst-10","MTUS1",-0.191349648229923,0.166323456047907,0.249951576662238,-0.51733763186805,0.134638335408205,5,0,0,0.999123450623938
"Sst-10","ADAMTSL1",0.0422374140404929,0.241445318037698,0.861130131168183,-0.430986713549215,0.515461541630201,5,0.14225884918061,49.9127240204367,0.999123450623938
"Sst-10","ESCO1",0.0435784024673128,0.103810889428503,0.674641480405481,-0.159887202015623,0.247044006950248,5,1.24522167136759e-06,0.00207132372296075,0.999123450623938
"Sst-10","ATPAF2",-0.0267141943983952,0.168112718694103,0.873742583259162,-0.356209068381951,0.302780679585161,5,0.0128877938885601,8.68818057651572,0.999123450623938
"Sst-10","OGDHL",-0.33629900240012,0.163547931616361,0.0397563233181582,-0.656847058114207,-0.0157509466860338,5,0.0217381858061799,15.6736729979622,0.999123450623938
"Sst-10","DGKB",-0.0313595087343803,0.119048652299735,0.792228736609369,-0.264690579649891,0.201971562181131,5,0.0284524825451505,40.5665634125894,0.999123450623938
"Sst-10","COPS7A",-0.205869478604996,0.16451154349302,0.21078916895565,-0.52830617889241,0.116567221682419,5,2.04754594265505e-06,0.00145517943801955,0.999123450623938
"Sst-10","KIAA0753",0.240779634340751,0.127534254341481,0.0590312537239583,-0.0091829109637217,0.490742179645224,5,0,0,0.999123450623938
"Sst-10","SHANK1",-0.136896730274803,0.134451301119547,0.30858851901889,-0.400416438143664,0.126622977594058,5,0.0179804022178085,18.6012427829146,0.999123450623938
"Sst-10","RPSA",0.105426460942821,0.159323640106421,0.50815542482138,-0.206842135551585,0.417695057437227,5,0,0,0.999123450623938
"Sst-10","EXD3",0.0962282020062179,0.13755527090233,0.484201963576722,-0.173375174845999,0.365831578858435,5,0.0346516168738084,37.677504396786,0.999123450623938
"Sst-10","DGCR8",-0.0766999334482093,0.131680034775203,0.560248795141894,-0.334788059090588,0.18138819219417,5,0,0,0.999123450623938
"Sst-10","CSE1L",0.320956802057645,0.143046767148007,0.0248504631178547,0.0405902903426638,0.601323313772625,5,0,0,0.999123450623938
"Sst-10","ARHGEF40",-0.230529853412097,0.16925479829935,0.173188901497557,-0.562263162289415,0.101203455465221,5,0,0,0.999123450623938
"Sst-10","SLC6A16",0.272661430518851,0.192143573171161,0.155884298374508,-0.10393305275746,0.649255913795162,5,0.0862761562643032,47.9450520595832,0.999123450623938
"Sst-10","PLEKHA8",-0.187643573359202,0.211276822874913,0.374465000780032,-0.60173853696208,0.226451390243677,5,0.105352374373227,48.5657206357444,0.999123450623938
"Sst-10","CHRM3",-0.0261385751217256,0.0543222844749831,0.630391474677849,-0.132608296250632,0.0803311460071807,5,8.30186453316735e-07,0.00505142504799612,0.999123450623938
"Sst-10","PECR",0.070326669158369,0.12259570426933,0.566206638279227,-0.16995649586884,0.310609834185578,5,0,0,0.999123450623938
"Sst-10","INTS9",-0.00482110082101436,0.15080152450093,0.974496101675235,-0.300386657656572,0.290744456014543,5,0,0,0.999123450623938
"Sst-10","TMEM127",-0.0467617064423361,0.151936678640485,0.758256575179756,-0.344552124508323,0.25102871162365,5,0,0,0.999123450623938
"Sst-10","AASDHPPT",-0.119915724837946,0.149459797599293,0.422363465067812,-0.412851545269205,0.173020095593314,5,0.0332857655473643,30.0272473275219,0.999123450623938
"Sst-10","ZNF140",-0.0527361437566082,0.159132905804688,0.74034474374012,-0.364630907889001,0.259158620375785,5,0,0,0.999123450623938
"Sst-10","MLLT1",-0.237493283948424,0.169380492142774,0.160876756994318,-0.56947294823193,0.0944863803350824,5,0.0309172214831959,21.1008171591505,0.999123450623938
"Sst-10","NFYC",-0.168384908819023,0.105471897604686,0.110379269518087,-0.375106029505304,0.0383362118672582,5,0,0,0.999123450623938
"Sst-10","NDST1",-0.0370981862925196,0.141725953866541,0.793506476100452,-0.314875951545525,0.240679578960486,5,0,0,0.999123450623938
"Sst-10","CSNK2A2",0.0169864232896125,0.15242506727335,0.911266538067325,-0.281761218907248,0.315734065486473,5,0,0,0.999123450623938
"Sst-10","CACNG8",0.059676702068748,0.122110077661847,0.625045364566922,-0.179654652297861,0.299008056435357,5,0.0358442061257977,49.9446233957671,0.999123450623938
"Sst-10","KCND2",0.0423668472222311,0.0687260663237614,0.537591190803206,-0.0923337675714522,0.177067462015915,5,1.3348621250229e-06,0.00516097555677128,0.999123450623938
"Sst-10","OTUD3",0.0399807645804208,0.111510725228745,0.71994119062102,-0.178576240757862,0.258537769918704,5,0.00365172689916271,5.37214321383058,0.999123450623938
"Sst-10","TYW1B",0.0580869572637714,0.117338562988233,0.620573840255986,-0.17189240019085,0.288066314718393,5,0,0,0.999123450623938
"Sst-10","SP3",0.0128669575550684,0.11609202939547,0.911747890651996,-0.214669238952219,0.240403154062356,5,6.45020401586886e-06,0.00851433212784479,0.999123450623938
"Sst-10","HIBADH",-0.018673973730831,0.239074805634127,0.937741082800224,-0.487251982384633,0.449904034922971,5,0.21489379627271,79.233656192005,0.999123450623938
"Sst-10","QRICH1",0.0657782849072106,0.127110745097312,0.604815545563715,-0.183354197531572,0.314910767345994,5,0.0189362472642496,23.2713445302454,0.999123450623938
"Sst-10","ACVR1B",0.0242277065259368,0.125428415736558,0.846833952941922,-0.221607470955635,0.270062884007508,5,0.0170485798791623,21.4374903868664,0.999123450623938
"Sst-10","UNK",-0.159362692484174,0.150255763591629,0.288867396792727,-0.453858577593332,0.135133192624984,5,0.0295280613343372,25.9862034222235,0.999123450623938
"Sst-10","B9D1",0.193417944263219,0.218909631674598,0.376938343418411,-0.235637049687921,0.622472938214359,5,0.0997374335321264,42.2242580281701,0.999123450623938
"Sst-10","SNTG1",-0.0240335881214177,0.0689817449248723,0.727536012313356,-0.159235323764896,0.111168147522061,5,0.00484709182591105,20.159553022542,0.999123450623938
"Sst-10","CAP1",0.262281427317831,0.137967925574311,0.0572978347583294,-0.00813073782952084,0.532693592465183,5,0.00143399950414255,1.32468559851181,0.999123450623938
"Sst-10","PGBD1",0.104450240046065,0.178872473402274,0.559262756835119,-0.24613336564799,0.45503384574012,5,0.0382452786249735,23.7889937986071,0.999123450623938
"Sst-10","CALM1",0.0199350298341907,0.116304618744298,0.863906427762172,-0.208017834140296,0.247887893808678,5,0.0333174184290463,50.5484558415938,0.999123450623938
"Sst-10","HTATSF1",-0.188135074298268,0.198269054506462,0.342677712554353,-0.576735280379742,0.200465131783206,5,0.0552177501985792,28.1137662970651,0.999123450623938
"Sst-10","FSCN1",-0.113675645937804,0.156427562812318,0.467410787360756,-0.420268035239323,0.192916743363716,5,0,0,0.999123450623938
"Sst-10","CD200",-0.0740107518337209,0.111724713831407,0.507690236745766,-0.292987167126322,0.14496566345888,5,0.0120327054105531,18.5410575482054,0.999123450623938
"Sst-10","TOP3A",-0.0574580184422953,0.123365193973957,0.641390516143516,-0.299249355577049,0.184333318692458,5,0,0,0.999123450623938
"Sst-10","TTC28",-0.0676512739999133,0.069173548599309,0.328077588256383,-0.20322893793739,0.0679263899375633,5,0,0,0.999123450623938
"Sst-10","TTC14",-0.0780031429741999,0.0768975211238146,0.310402484266247,-0.228719514877285,0.0727132289288848,5,0.000839702760825491,2.5179398813487,0.999123450623938
"Sst-10","ACTR10",0.067386177806619,0.094171610283021,0.474258224055681,-0.117186786714244,0.251959142327482,5,0,0,0.999123450623938
"Sst-10","LONRF2",-0.0620176233575276,0.0755572786831785,0.411758622643275,-0.210107168346413,0.0860719216313581,5,9.52374213642972e-07,0.00297455398878975,0.999123450623938
"Sst-10","RNF38",-0.0435533700246885,0.0769450983747464,0.57137218551704,-0.194362991626083,0.107256251576706,5,0,0,0.999123450623938
"Sst-10","ITPR1",0.211083204726814,0.0731404695073488,0.00390175382320682,0.06773051868006,0.354435890773567,5,0,0,0.517660947457201
"Sst-10","EI24",-0.104771403585184,0.157024350714006,0.504625043938091,-0.412533475680422,0.202990668510054,5,0,0,0.999123450623938
"Sst-10","MOXD1",-0.141255186509161,0.126371009101644,0.263660289444268,-0.388937813038368,0.106427440020045,5,0,0,0.999123450623938
"Sst-10","GPS1",-0.287980765830886,0.174801232525703,0.0994603269923337,-0.630584886034476,0.0546233543727034,5,0,0,0.999123450623938
"Sst-10","SYT1",0.01525209359861,0.0789286103422729,0.846771718683778,-0.139445140022041,0.16994932721926,5,0.0182183823179234,61.5437947874883,0.999123450623938
"Sst-10","GNAI2",0.0777610426446523,0.13443680810768,0.562980071674191,-0.185730259442922,0.341252344732227,5,0,0,0.999123450623938
"Sst-10","P4HTM",0.0284653881040734,0.110006033323807,0.795818830618358,-0.1871424752927,0.244073251500847,5,0,0,0.999123450623938
"Sst-10","PHAX",0.0922759036468575,0.186466625547296,0.620695050872889,-0.273191966744559,0.457743774038274,5,0.0512255346543478,29.4928371968432,0.999123450623938
"Sst-10","SULF2",-0.0643585330026231,0.236626835579672,0.785634907610121,-0.528138608514461,0.399421542509215,5,0.127772451280857,46.262632708187,0.999123450623938
"Sst-10","BRAT1",0.211280917753202,0.160844323259481,0.18898961003903,-0.1039681629531,0.526529998459503,5,0,0,0.999123450623938
"Sst-10","SEC24B-AS1",0.169433295546181,0.207260730497829,0.413649230768331,-0.236790271639026,0.575656862731388,5,0.0751675686939283,35.4928780201174,0.999123450623938
"Sst-10","SPPL2B",0.0261118563217563,0.17177938817712,0.879180556635452,-0.310569557791724,0.362793270435237,5,0.0388141817997067,26.1168115336423,0.999123450623938
"Sst-10","CARNMT1",0.0347433248807327,0.191802333068078,0.856256664268275,-0.341182340083455,0.41066898984492,5,0.0818108251387245,45.4993050453345,0.999123450623938
"Sst-10","SYT4",-0.108767104833862,0.168937977507852,0.519686573060059,-0.43987945637029,0.222345246702565,5,0.0719098203175182,52.2224172914218,0.999123450623938
"Sst-10","CREB5",0.194782845807859,0.21025046960438,0.354221316087885,-0.217300502349359,0.606866193965077,5,0,0,0.999123450623938
"Sst-10","SLC12A6",0.0163720244580939,0.102194638463892,0.8727201118726,-0.183925786344226,0.216669835260413,5,0,0,0.999123450623938
"Sst-10","CDON",-0.0679104233814041,0.136101530391911,0.617801332583712,-0.334664521190334,0.198843674427526,5,0.0377650284021902,41.6784844832062,0.999123450623938
"Sst-10","PTPN9",-0.247647754181822,0.124588770841527,0.0468425212970883,-0.491837257909329,-0.00345825045431558,5,0,0,0.999123450623938
"Sst-10","MACROD1",0.0487978679663988,0.204720065751217,0.811598884310582,-0.352446087818659,0.450041823751457,5,0.0798813793496218,38.724900549459,0.999123450623938
"Sst-10","NPC1",-0.0266120986020632,0.139415455101837,0.848616931762433,-0.299861369489924,0.246637172285798,5,0,0,0.999123450623938
"Sst-10","TECR",-0.0483620089960366,0.186948557309208,0.795873252465143,-0.414774448283807,0.318050430291734,5,0.053473757586686,30.7468138368013,0.999123450623938
"Sst-10","ZNF706",-0.113205236637759,0.101388515562443,0.264187246182026,-0.311923075586126,0.0855126023106079,5,0,0,0.999123450623938
"Sst-10","ZNF641",0.152521018807461,0.27388730001567,0.577612765207602,-0.384288225046169,0.689330262661091,5,0.243926689146092,66.2716033142444,0.999123450623938
"Sst-10","POLD3",-0.0775205345351096,0.141408512170135,0.583552697507304,-0.354676125495968,0.199635056425749,5,0,0,0.999123450623938
"Sst-10","DPYSL2",0.0211764482579911,0.062862771124344,0.736216501767132,-0.102032319114108,0.14438521563009,5,0.00107874129703682,4.94128467849937,0.999123450623938
"Sst-10","FBXL16",-0.032953827577652,0.16467996448592,0.841395882950088,-0.355720626945391,0.289812971790087,5,0,0,0.999123450623938
"Sst-10","ADAMTS10",0.0232572555157166,0.129016349217503,0.85694378108695,-0.229610142367432,0.276124653398865,5,0,0,0.999123450623938
"Sst-10","RTTN",0.137287167109809,0.111498925242061,0.218215575993218,-0.081246710679554,0.355821044899172,5,0,0,0.999123450623938
"Sst-10","C4orf50",0.0970116851318468,0.232816594868308,0.676907249132525,-0.359300455813289,0.553323826076983,5,0.157061189384982,61.3311420657846,0.999123450623938
"Sst-10","COPB2",0.147017443659493,0.112198868606984,0.190084523764113,-0.0728882979163382,0.366923185235323,5,0,0,0.999123450623938
"Sst-10","NME4",-0.346142268312297,0.176260680400456,0.0495522737663053,-0.691606853787716,-0.000677682836878302,5,2.31579629033054e-08,1.47044120647362e-05,0.999123450623938
"Sst-10","FGD6",-0.113260704833293,0.157294305477743,0.47149053097134,-0.421551878542911,0.195030468876325,5,0,0,0.999123450623938
"Sst-10","ZBTB16",0.105487252194458,0.110694366740371,0.340610573771486,-0.111469719908138,0.322444224297054,5,9.14554571407074e-07,0.00137283476676427,0.999123450623938
"Sst-10","HIP1",0.0199242853099914,0.142623296894154,0.888898074945999,-0.259612239958915,0.299460810578897,5,0,0,0.999123450623938
"Sst-10","KIN",0.148410435682687,0.12593043075456,0.238592830026616,-0.0984086731538659,0.395229544519239,5,0,0,0.999123450623938
"Sst-10","DLEU7",0.0100218318955475,0.118554929423159,0.932632478440332,-0.222341559963532,0.242385223754627,5,0,0,0.999123450623938
"Sst-10","MARK4",0.134916656443804,0.0988873045948997,0.172458192164746,-0.0588988990904417,0.32873221197805,5,0,0,0.999123450623938
"Sst-10","ARHGAP21",-0.0535061344383263,0.0674214819973921,0.42742447739358,-0.18564981093753,0.0786375420608779,5,0,0,0.999123450623938
"Sst-10","RBMX2",0.0316694257051865,0.14299124681736,0.82472020842049,-0.248588268161316,0.311927119571689,5,6.72046003845178e-06,0.00603445088990502,0.999123450623938
"Sst-10","TEX2",-0.146800941737647,0.121919554110927,0.228558516570014,-0.385758876806245,0.0921569933309514,5,0,0,0.999123450623938
"Sst-10","FAM234A",-0.082373332966097,0.142107661985705,0.562147693178213,-0.360899232385271,0.196152566453077,5,0,0,0.999123450623938
"Sst-10","METTL4",0.221089214801197,0.271061997166638,0.414705626921206,-0.310182537222912,0.752360966825305,5,0.243460224661464,69.5085715833708,0.999123450623938
"Sst-10","BRD3",0.114088738924572,0.140719242842415,0.417506752058503,-0.161715908978306,0.38989338682745,5,0,0,0.999123450623938
"Sst-10","LRRC8A",-0.0854283187700424,0.205304383479562,0.677332678528902,-0.487817516258184,0.316960878718099,5,0.0761936564925662,37.0748848055271,0.999123450623938
"Sst-10","BDH1",-0.0868368480356562,0.0908005410335424,0.338896823843254,-0.264802638238151,0.0911289421668383,5,0,0,0.999123450623938
"Sst-10","DSEL",-0.222532149430889,0.182011528972624,0.221470735402985,-0.5792681909883,0.134203892126522,5,0,0,0.999123450623938
"Sst-10","SLC25A12",0.0951051373988131,0.0588348771550899,0.105991546545295,-0.0202091028600014,0.210419377657628,5,7.23962362548431e-07,0.00374417907899274,0.999123450623938
"Sst-10","WBP1L",0.0172927360376466,0.121931341656148,0.887219379888586,-0.221688302195052,0.256273774270345,5,0,0,0.999123450623938
"Sst-10","MARCKSL1",-0.177996244469949,0.157448494589832,0.258263669066297,-0.486589623286069,0.130597134346171,5,0,0,0.999123450623938
"Sst-10","CNIH1",-0.0307656821877937,0.124679137220425,0.805094848387106,-0.275132300763354,0.213600936387766,5,0,0,0.999123450623938
"Sst-10","CCDC138",0.171488783871223,0.129810805998979,0.186478994798658,-0.0829357206908917,0.425913288433337,5,0,0,0.999123450623938
"Sst-10","MAST2",-0.0437443760497774,0.0934631509251098,0.639756881159153,-0.226928785744624,0.139440033645069,5,0.00724329167657921,15.959840978233,0.999123450623938
"Sst-10","ZNF81",-0.0287589215807095,0.134430147682635,0.830600020348247,-0.292237169475075,0.234719326313656,5,0,0,0.999123450623938
"Sst-10","HPF1",0.129657540418968,0.150008130088956,0.38740292465109,-0.164352991943586,0.423668072781522,5,0,0,0.999123450623938
"Sst-10","UBFD1",-0.125773743066802,0.172528771822881,0.466000710842281,-0.463923922136578,0.212376436002975,5,0.0316778148315872,20.9210970660874,0.999123450623938
"Sst-10","IKZF4",-0.265320339833844,0.150866353323836,0.0786378450069645,-0.561012958827457,0.0303722791597695,5,0,0,0.999123450623938
"Sst-10","CDC14B",-0.209762340455879,0.127689968337212,0.100435244589503,-0.460030079583873,0.0405053986721161,5,0.0124308153692694,14.712154093141,0.999123450623938
"Sst-10","PRH1",0.154582652698924,0.203701102964382,0.447930336204782,-0.244664172722349,0.553829478120197,5,0.0978723167985901,50.607734959672,0.999123450623938
"Sst-10","HIF1AN",-0.0345101212348286,0.135134414491209,0.798432505585361,-0.299368706709506,0.230348464239849,5,4.59003454226946e-08,3.93885666828254e-05,0.999123450623938
"Sst-10","ME1",-0.00314235001563908,0.0819795761356283,0.969423863185837,-0.16381936670933,0.157534666678052,5,0,0,0.999123450623938
"Sst-10","SIAH3",0.090907822769876,0.126243269210682,0.471463209964566,-0.156524438173656,0.338340083713408,5,0.0152285089664447,18.508933723288,0.999123450623938
"Sst-10","DNASE1",-0.208285498155964,0.135711269747999,0.124840492424823,-0.474274699158242,0.0577037028463131,5,0,0,0.999123450623938
"Sst-10","MRPS26",-0.0255277358491165,0.15095884343252,0.865714882521779,-0.321401632124677,0.270346160426444,5,0,0,0.999123450623938
"Sst-10","CLPB",0.106426805769639,0.201764124216502,0.597859387890061,-0.28902361106697,0.501877222606248,5,0.0668733767876193,33.0143825869069,0.999123450623938
"Sst-10","RNF121",-0.0133195698303649,0.135574984162805,0.921737718162952,-0.27904165599405,0.25240251633332,5,0,0,0.999123450623938
"Sst-10","CEP104",-0.213770889021398,0.131182030257366,0.103191461231086,-0.47088294374468,0.0433411657018838,5,0,0,0.999123450623938
"Sst-10","DNMBP",-0.0498657412784734,0.16840509070621,0.767149206881931,-0.379933653875846,0.280202171318899,5,0.0345382099530026,23.639146702802,0.999123450623938
"Sst-10","FXR1",0.044891930114246,0.190337234399294,0.81354542568927,-0.328162194225328,0.41794605445382,5,0.135492418713603,76.4082457233524,0.999123450623938
"Sst-10","ZNF329",0.315352057061349,0.159238440492942,0.0476612444573636,0.00325044874085822,0.627453665381839,5,0,0,0.999123450623938
"Sst-10","TMEM163",-0.00879538828515047,0.143120102292927,0.950997171943598,-0.289305634242975,0.271714857672674,5,0,0,0.999123450623938
"Sst-10","ELAVL1",0.044649313478829,0.120494872005545,0.71097310820753,-0.191516295973802,0.28081492293146,5,0,0,0.999123450623938
"Sst-10","RPP30",0.264678016480426,0.149041912907573,0.0757555030533092,-0.0274387650053715,0.556794797966224,5,0,0,0.999123450623938
"Sst-10","HELQ",-0.0286267661419827,0.157867797185055,0.856105584268124,-0.338041962943364,0.280788430659398,5,5.47112692228025e-07,0.000422731113299645,0.999123450623938
"Sst-10","GABPB2",0.124626499988076,0.150283927171569,0.406949580848322,-0.169924584723438,0.419177584699591,5,0.0370694282800717,33.3551196080361,0.999123450623938
"Sst-10","PEX14",-0.0868547436075738,0.0974827459111931,0.372942284738594,-0.277917414707581,0.104207927492434,5,0,0,0.999123450623938
"Sst-10","UBE2M",0.0768235886760611,0.160895136065719,0.633023106553719,-0.23852508330042,0.392172260652542,5,0,0,0.999123450623938
"Sst-10","MIOS",0.0697878211048733,0.138908893844293,0.615386215310185,-0.202468607962239,0.342044250171986,5,0,0,0.999123450623938
"Sst-10","RRM2B",0.0399221669120409,0.15508729503479,0.796856578816767,-0.264043345815885,0.343887679639967,5,0,0,0.999123450623938
"Sst-10","DNAJC27-AS1",0.393703077944323,0.148197691578774,0.00789313142786752,0.103240939857951,0.684165216030694,5,0,0,0.765906503041559
"Sst-10","EPS15",0.00911829090688671,0.0861949220911988,0.915751455574667,-0.159820652042099,0.178057233855872,5,0,0,0.999123450623938
"Sst-10","PSMG2",0.0898369590776089,0.170498945830218,0.598258697896687,-0.244334834151664,0.424008752306882,5,0.0751113386590975,53.5005809683436,0.999123450623938
"Sst-10","CCNG2",0.112123515871047,0.151668896813179,0.459746062344274,-0.185142059457706,0.409389091199799,5,0,0,0.999123450623938
"Sst-10","TRMT11",0.127338924912595,0.113283630085726,0.260982601412228,-0.0946929100933856,0.349370759918575,5,0.0346749274481972,58.1857897751054,0.999123450623938
"Sst-10","SZT2",-0.139679387387159,0.203205908795183,0.491844197235797,-0.537955650071449,0.258596875297132,5,0.0953196395825399,47.9106182396704,0.999123450623938
"Sst-10","TIMM17A",0.0420606209778272,0.16980404612872,0.804365808454454,-0.290749193863642,0.374870435819296,5,0,0,0.999123450623938
"Sst-10","MBIP",0.0493518781059244,0.179391343644488,0.783233760861373,-0.30224869457552,0.400952450787369,5,0.0636990759835997,41.0602897510938,0.999123450623938
"Sst-10","PRR14L",-0.180156922241199,0.169479983384363,0.287782754332872,-0.512331585774997,0.152017741292599,5,0.0768328831217085,55.5353992355096,0.999123450623938
"Sst-10","PHKA2",0.313304331592519,0.13226529908848,0.0178479834116755,0.0540691089746798,0.572539554210359,5,0,0,0.947184719664831
"Sst-10","PCSK7",-0.145604003882549,0.122461574556381,0.234448690920738,-0.385624279503123,0.0944162717380239,5,0,0,0.999123450623938
"Sst-10","UNC5A",-0.081990438001948,0.123228335343658,0.505824243843304,-0.323513537150342,0.159532661146446,5,2.02941186219288e-07,0.000231899717682918,0.999123450623938
"Sst-10","AMPD2",-0.0318299376606462,0.149896444855651,0.831836969326164,-0.325621570988317,0.261961695667025,5,0.00103540925649993,0.847955359538555,0.999123450623938
"Sst-10","MED21",0.0989655130937011,0.158975812438111,0.533600450381143,-0.212621353697992,0.410552379885394,5,0,0,0.999123450623938
"Sst-10","ZMIZ2",-0.0223069177672179,0.154836035575544,0.885446774421921,-0.325779971004247,0.281166135469812,5,0,0,0.999123450623938
"Sst-10","UBE2L3",0.161454119110592,0.132864205918692,0.224296891755653,-0.0989549393245572,0.421863177545742,5,0.0207460509306322,22.8472898910584,0.999123450623938
"Sst-10","RAI1",-0.112642004082637,0.103730489723107,0.277518692859693,-0.315950028038629,0.0906660198733546,5,0.00309715922197406,5.28528767337465,0.999123450623938
"Sst-10","PDCD6IP",0.0320955322501096,0.0908822878099976,0.723972259140446,-0.146030478690089,0.210221543190309,5,0.00302847469795585,6.20695874701674,0.999123450623938
"Sst-10","ZNF780B",0.038984888217702,0.0936681485949854,0.677262060168168,-0.144601309527015,0.22257108596242,5,2.79212398492586e-06,0.00542367678523822,0.999123450623938
"Sst-10","DLAT",-0.0909558774435248,0.246604811333644,0.712252553149496,-0.574292426071762,0.392380671184712,5,0.173947473737011,58.9212501507952,0.999123450623938
"Sst-10","SDF4",-0.19671093911262,0.13988669426055,0.159659927701733,-0.470883821779663,0.0774619435544234,5,0,0,0.999123450623938
"Sst-10","TNRC6C",0.0612312236398112,0.0599655392147384,0.307203811872325,-0.0562990735346003,0.178761520814223,5,1.26994921226816e-06,0.00617795177445511,0.999123450623938
"Sst-10","MED1",-0.0256338161280581,0.142263855846142,0.857007315965827,-0.304465849888295,0.253198217632178,5,3.40819810913217e-06,0.00304127567300222,0.999123450623938
"Sst-10","AP1M1",0.0479962370061963,0.120324307831997,0.689973805558953,-0.187835072809229,0.283827546821621,5,0,0,0.999123450623938
"Sst-10","PLEKHA6",0.116781175826305,0.0776283182729485,0.132487905608677,-0.0353675321690871,0.268929883821696,5,0,0,0.999123450623938
"Sst-10","LPIN2",-0.0211643866311356,0.0844503925289951,0.80211314301964,-0.186684114468236,0.144355341205965,5,0,0,0.999123450623938
"Sst-10","RAB26",0.0157435273472011,0.149368908027422,0.91605817998889,-0.277014152796622,0.308501207491024,5,0,0,0.999123450623938
"Sst-10","CCT5",0.0759661633037594,0.17163897593256,0.658060342622203,-0.260440047867395,0.412372374474913,5,0.0307973522143699,20.4828116218139,0.999123450623938
"Sst-10","NDUFB10",-0.236871840606502,0.187912125192166,0.20747253595948,-0.605172838241529,0.131429157028525,5,0,0,0.999123450623938
"Sst-10","LMF1",0.056177647027487,0.124990064820184,0.653102093015949,-0.1887983784454,0.301153672500374,5,0,0,0.999123450623938
"Sst-10","CD55",0.0296251747869789,0.210386666821015,0.888017683878465,-0.382725115009639,0.441975464583597,5,0.110508218865224,51.1074175123739,0.999123450623938
"Sst-10","CHRM5",-0.0608642367099262,0.148784990494244,0.682484539724875,-0.352477459518778,0.230748986098926,5,2.00464672616718e-06,0.00165798045383394,0.999123450623938
"Sst-10","ZNF496",-0.265421020030155,0.148499969935761,0.0738813739001423,-0.556475612809528,0.0256335727492173,5,0.0104114017793684,8.68377892020924,0.999123450623938
"Sst-10","CPNE3",-0.0840060149352133,0.109978263157852,0.444961412945384,-0.299559449806871,0.131547419936444,5,0,0,0.999123450623938
"Sst-10","METTL16",-0.0536885152086002,0.129019045714785,0.677315901025855,-0.306561198129306,0.199184167712106,5,0,0,0.999123450623938
"Sst-10","PGBD5",-0.169265293765671,0.1024259424907,0.0984198912372297,-0.370016452130014,0.0314858645986728,5,0.00592492480017467,10.5970043773669,0.999123450623938
"Sst-10","SYNRG",0.0906424624222,0.0974640322724625,0.352366237495008,-0.100383530619876,0.281668455464276,5,0,0,0.999123450623938
"Sst-10","SART3",-0.0689169606558777,0.125558752983031,0.583086315798835,-0.315007594446379,0.177173673134624,5,0.00583893236495148,6.23063546408029,0.999123450623938
"Sst-10","NEIL1",-0.0686437658191797,0.207467455530769,0.740746292292168,-0.475272506623652,0.337984974985292,5,0.0871317041185916,41.1969667632294,0.999123450623938
"Sst-10","DEAF1",-0.335028864454573,0.106049895858346,0.00158223188752707,-0.542882840901154,-0.127174888007992,5,0,0,0.41984179172077
"Sst-10","OSBPL2",-0.128844731325769,0.141450259241369,0.362356670500664,-0.406082145042707,0.148392682391169,5,0,0,0.999123450623938
"Sst-10","MFN2",-0.0160618297651203,0.197361173082609,0.935137427060301,-0.402882620953611,0.37075896142337,5,0.0861773978328454,45.7357401199144,0.999123450623938
"Sst-10","SPOPL",0.049273357417696,0.131581706913606,0.708054923042416,-0.208622049157276,0.307168763992668,5,0,0,0.999123450623938
"Sst-10","TCEA1",0.018427866051277,0.127581928597755,0.885153451619861,-0.231628119078483,0.268483851181037,5,0,0,0.999123450623938
"Sst-10","WBP11",0.141547621353529,0.13641299794273,0.299437557847608,-0.125816941637359,0.408912184344417,5,0,0,0.999123450623938
"Sst-10","UBC",0.0492960123766298,0.207275004756069,0.812013705441644,-0.356955531840633,0.455547556593893,5,0.117859108456763,56.3828457505916,0.999123450623938
"Sst-10","KAT7",-0.0872605229050724,0.131254603920884,0.506166422718057,-0.344514819395075,0.16999377358493,5,0,0,0.999123450623938
"Sst-10","PSMD13",-0.132925922440655,0.145377050526309,0.360531461438735,-0.41785970565088,0.152007860769569,5,0,0,0.999123450623938
"Sst-10","FCHSD2",-0.00749956976712801,0.0740949265924621,0.919379234935107,-0.152722957325493,0.137723817791237,5,0.00673445009648743,24.0871902305909,0.999123450623938
"Sst-10","UIMC1",0.0319498168162337,0.090942625184565,0.725349498666517,-0.146294453205039,0.210194086837506,5,0,0,0.999123450623938
"Sst-10","EIF4H",0.0957755824967055,0.14451364379591,0.507494382043856,-0.187465954617929,0.37901711961134,5,0.0284792965973022,27.3447811958029,0.999123450623938
"Sst-10","BCR",0.216536250559258,0.119180805008142,0.069236736778907,-0.0170538349051911,0.450126336023706,5,0,0,0.999123450623938
"Sst-10","ZNF135",-0.38723110598057,0.154197997018937,0.0120301401336351,-0.689453626625901,-0.0850085853352395,5,0,0,0.874046967090182
"Sst-10","MTURN",-0.0026410906382975,0.109428752042293,0.980744723515858,-0.217117503514357,0.211835322237762,5,0,0,0.999123450623938
"Sst-10","CDK10",0.139377237483394,0.13509114182082,0.302199820578138,-0.125396535115805,0.404151010082593,5,0,0,0.999123450623938
"Sst-10","WDR25",0.0815099041188846,0.177110797304158,0.645358426242962,-0.265620879870438,0.428640688108207,5,0.0495547386073822,31.7649308542378,0.999123450623938
"Sst-10","HMGXB4",-0.0903262508882318,0.127593948999214,0.478995218735512,-0.340405795571932,0.159753293795468,5,0,0,0.999123450623938
"Sst-10","KLHL18",0.0706603247119922,0.148663022984434,0.634569372524027,-0.220713846170349,0.362034495594333,5,0,0,0.999123450623938
"Sst-10","TRNAU1AP",0.275856925894633,0.106413783836996,0.00953353612553901,0.0672897421154897,0.484424109673776,5,8.76139654485229e-06,0.012533222973205,0.786899900916134
"Sst-10","ALG5",0.0339190488394387,0.131433922610637,0.796353492197492,-0.223686705824235,0.291524803503112,5,0.00719168353283241,7.41899509078173,0.999123450623938
"Sst-10","TRNT1",-0.323260011479167,0.254060805892983,0.203240759961313,-0.821210040912635,0.174690017954302,5,0.211703118748072,68.6815064387915,0.999123450623938
"Sst-10","CCDC112",-0.0182262971600417,0.15270632387611,0.9049939354375,-0.317525192168727,0.281072597848644,5,0,0,0.999123450623938
"Sst-10","CCM2",-0.0628879802118708,0.146073615518346,0.666815592859662,-0.34918700571938,0.223411045295638,5,0,0,0.999123450623938
"Sst-10","GPX4",-0.174196483668737,0.26715428290261,0.514372458792008,-0.697809256473478,0.349416289136004,5,0.211524049092255,60.6092554434624,0.999123450623938
"Sst-10","ST7L",0.089977876974828,0.151154634979545,0.55166275197628,-0.206279763681379,0.386235517631035,5,0.0621782908406719,56.4465557180002,0.999123450623938
"Sst-10","SEC31B",0.181107558933102,0.198983886728644,0.3627371166108,-0.208893692558839,0.571108810425042,5,0.0866406945315985,44.7825738394178,0.999123450623938
"Sst-10","INSR",0.0737925851412362,0.072407164161213,0.308139470714094,-0.0681228488374206,0.215708019119893,5,0,0,0.999123450623938
"Sst-10","ACTR6",0.0825431062645115,0.148530263803226,0.578393682931136,-0.208570861404045,0.373657073933068,5,0,0,0.999123450623938
"Sst-10","CEP83",0.0912661385167935,0.115900680139967,0.43101774005777,-0.135895020341238,0.318427297374825,5,0,0,0.999123450623938
"Sst-10","KCNIP2",0.165898393267509,0.15928958943578,0.297648544969031,-0.146303465138791,0.478100251673809,5,0,0,0.999123450623938
"Sst-10","NACC2",-0.140149062274936,0.124543962327584,0.260462809082794,-0.384250742928914,0.103952618379042,5,0,0,0.999123450623938
"Sst-10","ZNF611",-0.0069360714448264,0.154639374079528,0.964224316801251,-0.310023675232518,0.296151532342865,5,0,0,0.999123450623938
"Sst-10","UBE2J2",-0.13242813238094,0.173993688752803,0.446592068518916,-0.473449495873706,0.208593231111826,5,0.0423294080359061,27.7090639763658,0.999123450623938
"Sst-10","RPL13A",0.0430348507941794,0.135175077025441,0.750208996465846,-0.221903431783113,0.307973133371472,5,0,0,0.999123450623938
"Sst-10","ERP44",0.0393025129992827,0.0962969408330452,0.683171813048766,-0.14943602285487,0.228041048853436,5,0,0,0.999123450623938
"Sst-10","ADCY6",0.0240162497357624,0.127066919704971,0.850089104146015,-0.225030336512423,0.273062835983947,5,0,0,0.999123450623938
"Sst-10","CYP46A1",0.14917514888719,0.149303778446893,0.317727617134335,-0.143454879624467,0.441805177398848,5,0.0496553882837914,45.4942684422382,0.999123450623938
"Sst-10","RNF144A",0.0158359895922705,0.0834276641815579,0.849452527805709,-0.147679227517885,0.179351206702426,5,0,0,0.999123450623938
"Sst-10","RXRA",0.0453888107440829,0.166596161617916,0.78527747842395,-0.281133665989647,0.371911287477813,5,0,0,0.999123450623938
"Sst-10","HEATR3",-0.272560599953527,0.165546981062237,0.0996763993156411,-0.597026720584846,0.0519055206777919,5,0.0201946753876375,13.8542682025944,0.999123450623938
"Sst-10","B3GAT3",-0.140728718518613,0.208426877938914,0.49955208811034,-0.54923789268901,0.267780455651784,5,0.0765401035592914,35.6820969916858,0.999123450623938
"Sst-10","PLD5",-0.144506197347888,0.304123814859048,0.63467592208285,-0.74057792131255,0.451565526616774,5,0.240428211094312,52.7123631100417,0.999123450623938
"Sst-10","CASC3",0.113631704017582,0.111420917563329,0.307803517093685,-0.104749281530949,0.332012689566113,5,0,0,0.999123450623938
"Sst-10","GPR162",-0.00965542892664676,0.143207498993657,0.946245238984686,-0.29033696927027,0.271026111416977,5,1.52589488125535e-06,0.00138545965858692,0.999123450623938
"Sst-10","PAPOLG",-0.160721499659327,0.245119494056891,0.512025970928344,-0.641146879919514,0.319703880600859,5,0.186672280247897,64.1013210259639,0.999123450623938
"Sst-10","BRCC3",0.0957649063117305,0.224258359152044,0.669357934231343,-0.343773400858325,0.535303213481786,5,0.155793650472177,66.3441421359365,0.999123450623938
"Sst-10","DCAF1",-0.26573254636627,0.188550528452508,0.158733489276864,-0.63528479139918,0.103819698666639,5,0.0782683365865339,44.7903322124027,0.999123450623938
"Sst-10","LRP6",0.0184776270869575,0.0949015238542102,0.845625333780169,-0.167525941745263,0.204481195919178,5,1.0000928821488e-06,0.00201086144915989,0.999123450623938
"Sst-10","CHD2",0.00551243467516713,0.101422524186733,0.956655367697817,-0.193272059951972,0.204296929302306,5,0.0147230070069172,28.6964701335101,0.999123450623938
"Sst-10","UFSP2",0.0920586931219431,0.160949054370467,0.56733951041792,-0.223395656789952,0.407513043033838,5,0,0,0.999123450623938
"Sst-10","MORN4",0.203195763990367,0.157366349248228,0.196624788141262,-0.105236612914712,0.511628140895445,5,0.034277937642217,27.4506007732656,0.999123450623938
"Sst-10","RCN2",-0.0772762847368773,0.0935732732439526,0.40889648043213,-0.26067653021055,0.106123960736795,5,0,0,0.999123450623938
"Sst-10","C19orf12",-0.0110058134367321,0.13661362529068,0.935790598667656,-0.278763598803916,0.256751971930452,5,0,0,0.999123450623938
"Sst-10","TTC5",0.174425147300958,0.118791587998138,0.142014845943137,-0.0584020868417135,0.407252381443629,5,0,0,0.999123450623938
"Sst-10","YTHDF3",-0.0492076471387198,0.103339470635339,0.633949882904255,-0.25174928776542,0.15333399348798,5,0,0,0.999123450623938
"Sst-10","ZNF483",-0.075655669643258,0.0978079238782079,0.439219025503025,-0.267355677847181,0.116044338560665,5,0.0227889911009967,49.2286790761635,0.999123450623938
"Sst-10","RNF14",-0.163855650718688,0.163246330796094,0.315507558586029,-0.483812579687344,0.156101278249968,5,0.0298074873625308,21.6670430059336,0.999123450623938
"Sst-10","RAB28",0.0227067013299956,0.125110726260826,0.855980750759505,-0.222505816220873,0.267919218880865,5,0.0383573325856378,50.5354385572436,0.999123450623938
"Sst-10","BTBD2",-0.194319069709068,0.139603471279141,0.163941839236818,-0.467936845532956,0.0792987061148197,5,0,0,0.999123450623938
"Sst-10","DTX1",-0.138331650951285,0.140629801169154,0.325283620153027,-0.413960996395856,0.137297694493286,5,0,0,0.999123450623938
"Sst-10","PEX1",-0.160085917458477,0.104966424037214,0.127230298505077,-0.365816328157376,0.0456444932404224,5,0,0,0.999123450623938
"Sst-10","TRDMT1",0.0614413434063541,0.135342511493527,0.649850932871931,-0.203825104698157,0.326707791510866,5,0,0,0.999123450623938
"Sst-10","FAM3C",0.0135883239287608,0.0905589063686953,0.880725515710811,-0.163903871033217,0.191080518890738,5,0,0,0.999123450623938
"Sst-10","MGST3",0.0664643678147899,0.110797873484946,0.548592591857455,-0.150695473779329,0.283624209408909,5,0.0196120201483985,32.1154203645702,0.999123450623938
"Sst-10","MYO19",0.14680844255179,0.24982141894805,0.556764862622617,-0.342832541153079,0.63644942625666,5,0.206909874145728,67.5106349124486,0.999123450623938
"Sst-10","ST6GAL1",0.0973776405567936,0.158511387719305,0.539000034065474,-0.21329897051251,0.408054251626097,5,0,0,0.999123450623938
"Sst-10","FRYL",0.00776597215239339,0.0863252432394681,0.928317590349258,-0.161428395553624,0.176960339858411,5,0.0118895717074501,32.1218599025123,0.999123450623938
"Sst-10","OTUB1",0.138547952040424,0.143137577924057,0.333076552093866,-0.141996545525023,0.419092449605872,5,0,0,0.999123450623938
"Sst-10","RPL31",0.0291307386628833,0.114736040317015,0.799577810884555,-0.195747768087203,0.254009245412969,5,0,0,0.999123450623938
"Sst-10","SRI",-0.10097661966539,0.134513791014973,0.452846125878609,-0.364618805478684,0.162665566147904,5,0.00122241169108452,1.12513730491956,0.999123450623938
"Sst-10","ARMC9",0.0796594589244658,0.0868768287715767,0.35918240882751,-0.0906159965588776,0.249934914407809,5,0,0,0.999123450623938
"Sst-10","VPS53",-0.0372657761843223,0.0746928355008329,0.617835491969605,-0.18366104366913,0.109129491300485,5,0.00215116115969432,7.14129734892432,0.999123450623938
"Sst-10","UROS",0.105577379177192,0.1730662518533,0.541835146527597,-0.233626241394614,0.444780999748998,5,0.0313927339462484,20.231747676873,0.999123450623938
"Sst-10","TSC22D3",-0.0282136646378622,0.2073913175944,0.891789088481918,-0.434693177829195,0.37826584855347,5,0.0750230502034531,35.3825404077939,0.999123450623938
"Sst-10","BLZF1",-0.0624466956028684,0.113654701686102,0.582701982575977,-0.285205817581273,0.160312426375536,5,0,0,0.999123450623938
"Sst-10","FGF9",0.0689023954157629,0.149169607388874,0.644148448682692,-0.22346466265441,0.361269453485936,5,0,0,0.999123450623938
"Sst-10","EHMT2",0.104552853043128,0.302591694932329,0.729700072551921,-0.488515971045169,0.697621677131424,5,0.351353658789705,78.2820935684282,0.999123450623938
"Sst-10","FAM174B",-0.0167201916707831,0.14112650900741,0.905690019757087,-0.293323066589175,0.259882683247608,5,0.0129384733406329,12.450732912972,0.999123450623938
"Sst-10","MIR99AHG",-0.0252948034451109,0.151287349220046,0.867214979746801,-0.321812559232935,0.271222952342713,5,0.0764187157155765,69.1085883850671,0.999123450623938
"Sst-10","NUTM2A-AS1",0.104604748609199,0.126118748757716,0.406869766259948,-0.142583456731179,0.351792953949578,5,0.0277692189649008,35.2012070413924,0.999123450623938
"Sst-10","DAZAP1",-0.138583102807687,0.197021928034839,0.481813214733658,-0.524738985920614,0.247572780305241,5,0.074781125422907,39.1503604610766,0.999123450623938
"Sst-10","KIRREL3",-0.185875163292003,0.230498916162481,0.420010153097419,-0.637644737445983,0.265894410861978,5,0.135559140965503,51.5303493623382,0.999123450623938
"Sst-10","RAB11A",0.0143346441429248,0.144932398030168,0.921213121991156,-0.269727636189228,0.298396924475077,5,0.0395174410570566,38.5617960380083,0.999123450623938
"Sst-10","CYB5R3",-0.102948401595998,0.158613291348619,0.516304245774997,-0.41382474010865,0.207927936916654,5,0,0,0.999123450623938
"Sst-10","IFT122",-0.282123140130317,0.129640142347256,0.0295401576711846,-0.536213150081584,-0.0280331301790498,5,0,0,0.999123450623938
"Sst-10","ACYP1",0.0858741584392654,0.151422894894745,0.570636216632959,-0.210909261989229,0.38265757886776,5,0,0,0.999123450623938
"Sst-10","TAF11",-0.0805510014391577,0.127851137273569,0.528670097961693,-0.331134625877839,0.170032622999523,5,7.7989858361997e-07,0.000815481119128771,0.999123450623938
"Sst-10","GRAMD1A",-0.0829757022318541,0.159259613887763,0.602360457780189,-0.395118809643625,0.229167405179917,5,0,0,0.999123450623938
"Sst-10","DPP7",-0.153112679482902,0.133614824937522,0.251825841572969,-0.41499292416107,0.108767565195266,5,8.80472750859066e-07,0.000953185274200921,0.999123450623938
"Sst-10","WBP2NL",-0.0225864172117653,0.179731062052404,0.89999484735657,-0.374852825737611,0.329679991314081,5,0.0211667791922361,12.9242881394426,0.999123450623938
"Sst-10","LRRC41",-0.020171718004138,0.114271657176623,0.859882103018433,-0.244140050524028,0.203796614515752,5,0,0,0.999123450623938
"Sst-10","TCAIM",0.0145420923193025,0.0993539393589904,0.88363204017918,-0.180188050546495,0.2092722351851,5,0.00498476919035474,9.61669646747691,0.999123450623938
"Sst-10","GTF2B",-0.209608423633865,0.133605964101813,0.116681661655926,-0.47147130139317,0.0522544541254407,5,6.81293789925243e-06,0.00673582223375388,0.999123450623938
"Sst-10","DPYD",0.130694482008508,0.251039084826497,0.602635639391112,-0.361333082963322,0.622722046980337,5,0.227041121732208,72.6754256663842,0.999123450623938
"Sst-10","FAIM2",0.00686479843369868,0.0756611531540058,0.927706481163302,-0.141428336776922,0.155157933644319,5,0,0,0.999123450623938
"Sst-10","TRMT61B",0.148984466261222,0.11747088356404,0.204702553210763,-0.0812542347563944,0.379223167278839,5,0,0,0.999123450623938
"Sst-10","BBS4",0.10747037957744,0.126426112584551,0.395289097912376,-0.140320247793686,0.355261006948565,5,0,0,0.999123450623938
"Sst-10","ALG8",0.0657111528647964,0.153404573075796,0.668394878922069,-0.234956285427507,0.3663785911571,5,0,0,0.999123450623938
"Sst-10","SPIRE2",-0.081900974161997,0.16864950332346,0.627230716987044,-0.412447926686547,0.248645978362553,5,0.0470809514224072,33.3838963881521,0.999123450623938
"Sst-10","ABCB8",-0.37682083212249,0.145508485552929,0.00960643851678393,-0.662012223251197,-0.091629440993783,5,0,0,0.786899900916134
"Sst-10","MLLT6",-0.172510535247743,0.127224872137857,0.175115152601355,-0.421866702575657,0.0768456320801707,5,2.98134234220891e-06,0.00309347716570018,0.999123450623938
"Sst-10","CDK5RAP1",0.0602173210988868,0.122765520935219,0.623775329099325,-0.18039867847744,0.300833320675214,5,0,0,0.999123450623938
"Sst-10","KCNQ3",0.018945719601949,0.0562366546072251,0.736197772555543,-0.0912760980392306,0.129167537243129,5,0.00160175699977792,9.66372298052833,0.999123450623938
"Sst-10","SHISA5",-0.122164431967211,0.143854427878159,0.395757437215777,-0.404113929625016,0.159785065690595,5,0,0,0.999123450623938
"Sst-10","LY6H",-0.00153381775405162,0.116505126422836,0.989495963044325,-0.229879669557095,0.226812034048992,5,0,0,0.999123450623938
"Sst-10","COPS7B",0.0508762158857691,0.133048244619724,0.702172677329069,-0.209893551775165,0.311645983546703,5,0,0,0.999123450623938
"Sst-10","DLEU2",0.0153250972544936,0.100783951385884,0.879140476554947,-0.182207817681475,0.212858012190462,5,0.0211649452601694,42.7066363074754,0.999123450623938
"Sst-10","TRRAP",-0.0278452553563985,0.0990155395650575,0.778540849836189,-0.221912146813712,0.166221636100915,5,0.00962140750009428,18.922449742977,0.999123450623938
"Sst-10","GABARAPL1",0.0934497516717791,0.103451145105114,0.366354734569409,-0.109310766893671,0.29621027023723,5,0,0,0.999123450623938
"Sst-10","NUDC",-0.0222552511291072,0.159198622129894,0.888821568121806,-0.334278816892101,0.289768314633887,5,0,0,0.999123450623938
"Sst-10","ATP2A2",-0.139436111207488,0.101445536253742,0.169288890669806,-0.338265708657175,0.0593934862421995,5,0.023188061218517,46.960787790192,0.999123450623938
"Sst-10","PHF21A",-0.0113217166357606,0.0882225884633468,0.897886821465516,-0.184234812646819,0.161591379375298,5,0.0105459287068522,26.8823953342882,0.999123450623938
"Sst-10","NPAS2",-0.0441681942269958,0.13825667367713,0.749373785493317,-0.315146295256478,0.226809906802486,5,0,0,0.999123450623938
"Sst-10","JPH1",0.370208116678404,0.17650682999125,0.0359568324143942,0.0242610868702189,0.716155146486588,5,3.97723529783952e-06,0.00247130859231479,0.999123450623938
"Sst-10","RALGAPB",-0.00193503204870524,0.0894584227853768,0.982742689161693,-0.177270318821801,0.173400254724391,5,5.7633906794639e-06,0.012312202755237,0.999123450623938
"Sst-10","GAN",0.0729607254743587,0.120385432361269,0.544475295640585,-0.162990386217011,0.308911837165728,5,0,0,0.999123450623938
"Sst-10","TMEM263",-0.198510667883625,0.144257202963681,0.1687942572743,-0.481249590202925,0.0842282544356755,5,0,0,0.999123450623938
"Sst-10","ITFG2",0.00177750407465058,0.132426773889479,0.989290681701204,-0.257774203337557,0.261329211486858,5,0,0,0.999123450623938
"Sst-10","SH3BGRL2",-0.0563886739473427,0.11315953567198,0.618264653055057,-0.278177288371698,0.165399940477013,5,0,0,0.999123450623938
"Sst-10","UBAP1",0.10098204611231,0.0911636557360197,0.267991092992896,-0.0776954358292966,0.279659528053917,5,0,0,0.999123450623938
"Sst-10","NSUN3",-0.00273944739101053,0.148069724872573,0.985239129114246,-0.292950775342008,0.287471880559987,5,1.39526313391691e-08,1.19410689633973e-05,0.999123450623938
"Sst-10","P4HA2",-0.10216436184265,0.147216687119412,0.48769932960724,-0.390703766519999,0.186375042834699,5,0,0,0.999123450623938
"Sst-10","RANBP6",-0.0390939193255748,0.158715756295543,0.80543914146803,-0.350171085443876,0.271983246792726,5,0,0,0.999123450623938
"Sst-10","OTOF",0.0281918742051351,0.232655125331321,0.90355280184149,-0.427803792262907,0.484187540673177,5,0.104337203892225,39.3279213884704,0.999123450623938
"Sst-10","EEPD1",0.0450266970847819,0.268378881823233,0.866761961165057,-0.480986245499887,0.571039639669451,5,0.246329090766247,70.4391435622719,0.999123450623938
"Sst-10","SYT17",0.195129111332954,0.152702465150578,0.20130632479649,-0.104162220712662,0.49442044337857,5,0,0,0.999123450623938
"Sst-10","ANKRD13D",-0.0779045090934177,0.207968161269231,0.707959275343977,-0.485514615112129,0.329705596925293,5,0.103189960053205,48.9994071962263,0.999123450623938
"Sst-10","RMDN2",0.0390953313561581,0.149376372837568,0.793534496390392,-0.253676979546703,0.331867642259019,5,0,0,0.999123450623938
"Sst-10","SRGAP1",-0.192018454813854,0.329680663746937,0.560271879012304,-0.838180682157111,0.454143772529403,5,0.374965642285032,70.5559645319942,0.999123450623938
"Sst-10","ASIC1",-0.127184952951239,0.155255224447042,0.412672781236883,-0.431479601279124,0.177109695376646,5,0,0,0.999123450623938
"Sst-10","AZIN1",-0.0820274697771533,0.103523078608422,0.42815122816336,-0.28492897541837,0.120874035864064,5,0,0,0.999123450623938
"Sst-10","EIF4EBP2",0.141000492008234,0.145959242279082,0.334030934447335,-0.145074366069523,0.42707535008599,5,0,0,0.999123450623938
"Sst-10","MED14",0.0691358595179274,0.16585800578051,0.676797169659049,-0.255939858359508,0.394211577395363,5,0.0608628643364746,46.3158041976852,0.999123450623938
"Sst-10","PCSK2",0.0691979064985613,0.172919330293654,0.68902799516554,-0.269717753107786,0.408113566104909,5,0.0549580503615381,37.0808536641366,0.999123450623938
"Sst-10","PTDSS2",0.0821046116759448,0.124653292808527,0.51011168294445,-0.162211352783094,0.326420576134983,5,0,0,0.999123450623938
"Sst-10","USP13",-0.377020624354054,0.117848628528593,0.00137812402423204,-0.607999691897536,-0.146041556810573,5,0,0,0.385474081646269
"Sst-10","UBTF",0.00772838331891385,0.15037331687295,0.959011051378901,-0.286997901987896,0.302454668625724,5,0,0,0.999123450623938
"Sst-10","PEAK1",-0.0438317849288588,0.0947931060189062,0.643798638896775,-0.229622858708602,0.141959288850884,5,0,0,0.999123450623938
"Sst-10","ZNF667",-0.00619519441228717,0.126305425445165,0.960879996697319,-0.25374927933682,0.241358890512245,5,0,0,0.999123450623938
"Sst-10","PYGB",0.00264048635278142,0.12529232200496,0.983186141670044,-0.242927952316335,0.248208925021897,5,0,0,0.999123450623938
"Sst-10","ANTXR1",-0.0241540141864372,0.127658038490592,0.849929232763353,-0.274359171965025,0.226051143592151,5,0.023730432351143,29.1168487239712,0.999123450623938
"Sst-10","MTDH",0.0325782525173104,0.0695434471264284,0.639456396509311,-0.103724399211255,0.168880904245876,5,0,0,0.999123450623938
"Sst-10","NDUFB7",0.136305861860524,0.179480906358667,0.447586453411355,-0.215470250515069,0.488081974236116,5,0,0,0.999123450623938
"Sst-10","NME5",0.122331897596856,0.17112862195428,0.474699560905203,-0.213074038157503,0.457737833351215,5,0.0766608277785291,54.8467850912098,0.999123450623938
"Sst-10","CAPN2",-0.0217062625527359,0.150175206602092,0.885074397610369,-0.316044258863698,0.272631733758226,5,0,0,0.999123450623938
"Sst-10","LSM11",0.0456909434191278,0.145494398234397,0.753491271637749,-0.239472837072618,0.330854723910874,5,0.000180017043828584,0.153159945839833,0.999123450623938
"Sst-10","NLGN2",0.154926608331935,0.148349421879272,0.296330067085566,-0.135832915678776,0.445686132342647,5,0,0,0.999123450623938
"Sst-10","ETFA",-0.00646619227248317,0.128338495411895,0.959816476252987,-0.258005021109856,0.24507263656489,5,0,0,0.999123450623938
"Sst-10","SPAG9",-0.0698164029212011,0.0642974539975687,0.277552157109082,-0.195837097054057,0.0562042912116544,5,0,0,0.999123450623938
"Sst-10","PCSK1N",0.359807910146511,0.165035363501427,0.0292436225581508,0.0363445415082379,0.683271278784785,5,0.0326856566742009,23.9806133773856,0.999123450623938
"Sst-10","FBXO25",-0.00977658190605088,0.143359626062221,0.945629450919091,-0.290756285825134,0.271203122013033,5,0.041684432891285,41.5385197473601,0.999123450623938
"Sst-10","BZW2",-0.11855005345545,0.120063760493008,0.323450272646085,-0.353870699870188,0.116770592959288,5,0,0,0.999123450623938
"Sst-10","GIPC1",-0.210439845324199,0.115868468957872,0.0693403174568561,-0.437537871425426,0.0166581807770275,5,4.68163691924542e-06,0.00634781393103539,0.999123450623938
"Sst-10","SLC36A4",-0.0152306365923071,0.0972962654916062,0.87560837104333,-0.205927812786103,0.175466539601488,5,0,0,0.999123450623938
"Sst-10","ZNF746",-0.00319216345816809,0.143308663939019,0.982228797166459,-0.284071983451199,0.277687656534863,5,0,0,0.999123450623938
"Sst-10","KLHDC3",-0.107922840022597,0.132818182043086,0.416469949730626,-0.368241693319131,0.152396013273936,5,0.013683181823082,14.8684229368267,0.999123450623938
"Sst-10","C1orf216",-0.209290729630976,0.170041319034491,0.218389152255432,-0.542565590822264,0.123984131560312,5,0,0,0.999123450623938
"Sst-10","SRP19",-0.0351484223086363,0.168926611188663,0.835174947426504,-0.366238496268816,0.295941651651544,5,0,0,0.999123450623938
"Sst-10","KLHL1",0.151308196846732,0.125484525341052,0.227897823642255,-0.0946369534388324,0.397253347132297,5,3.72852867276438e-06,0.00446144130387364,0.999123450623938
"Sst-10","NTRK3",-0.0469191472801307,0.110606843971685,0.671421780048794,-0.263704577908274,0.169866283348012,5,0.00579115945790604,9.3639822104027,0.999123450623938
"Sst-10","JAK1",-0.152156321811259,0.0833222980988972,0.0678325374111361,-0.315465025194207,0.01115238157169,5,0.00460820867600453,12.5136557388555,0.999123450623938
"Sst-10","ACTN1",0.0549266822570602,0.203444183887324,0.787172533663403,-0.34381659102624,0.45366995554036,5,0.0779326678392987,38.9500063235347,0.999123450623938
"Sst-10","PPM1G",-0.197426192099203,0.221705658941068,0.373203997929947,-0.631961298792417,0.237108914594012,5,0.138090964515126,57.7639004457429,0.999123450623938
"Sst-10","TSEN15",0.117921671018632,0.222946305780395,0.596858112663633,-0.319045058797196,0.554888400834461,5,0.130743728584366,53.5910524512748,0.999123450623938
"Sst-10","GOLGA7",0.0174010685527185,0.168986095752564,0.917984102529379,-0.313805593010344,0.348607730115781,5,0.0139337818232671,8.96816676287588,0.999123450623938
"Sst-10","RAD51C",-0.0224028824463618,0.152565381878923,0.883257371009084,-0.32142553621665,0.276619771323927,5,0,0,0.999123450623938
"Sst-10","DAB2IP",-0.151934098677699,0.10706994808473,0.155893999584265,-0.361787340750344,0.0579191433949461,5,0,0,0.999123450623938
"Sst-10","SLC25A28",0.156041314161101,0.144023456844988,0.278611505512452,-0.126239474184033,0.438322102506235,5,0,0,0.999123450623938
"Sst-10","ANKMY1",-0.419888888804748,0.42142840121065,0.319081614637308,-1.24587337723992,0.406095599630421,5,0.761059133855029,87.2978823741332,0.999123450623938
"Sst-10","FBXO17",0.305183446554809,0.127427123974336,0.0166219715758071,0.0554308729115903,0.554936020198028,5,0,0,0.913908941686041
"Sst-10","PIK3R1",0.00448815496132205,0.0795145802561853,0.954987765310908,-0.151357558586621,0.160333868509265,5,0,0,0.999123450623938
"Sst-10","CNOT7",-0.0776991632790338,0.157714789227022,0.622255555345669,-0.386814469993323,0.231416143435256,5,0.030376181987402,24.209201710508,0.999123450623938
"Sst-10","TMEM175",0.00345185354194621,0.123547006001712,0.977710327026364,-0.238695828619164,0.245599535703056,5,0,0,0.999123450623938
"Sst-10","CBL",-0.102815529516273,0.128957132518448,0.425285790531847,-0.35556686480199,0.149935805769443,5,0,0,0.999123450623938
"Sst-10","ETF1",-0.194191380208246,0.196203321576591,0.322298465608562,-0.578742824145494,0.190360063729002,5,0.0677124158528885,35.7006767308831,0.999123450623938
"Sst-10","PSMB7",-0.0741796783592347,0.120263059866905,0.537358846337586,-0.309890944368953,0.161531587650484,5,0.0059553654208867,7.46859742467179,0.999123450623938
"Sst-10","COL23A1",0.101407693474684,0.137703310429269,0.461474157796832,-0.168485835518621,0.37130122246799,5,0.0134710919743113,13.4257936723965,0.999123450623938
"Sst-10","MPZL1",0.00187378471517231,0.13906444634952,0.989249454510459,-0.270687521659889,0.274435091090234,5,0,0,0.999123450623938
"Sst-10","APTR",0.305740145736577,0.176515844759654,0.083258733297145,-0.0402245526930087,0.651704844166163,5,0.0306555606796563,19.266602216951,0.999123450623938
"Sst-10","SEMA4B",-0.0648313690051608,0.13641627689575,0.634611230283381,-0.332202358625875,0.202539620615553,5,0.0148046452723946,15.5239312242215,0.999123450623938
"Sst-10","FAM131A",-0.295991781494336,0.138682676544693,0.0328174379379377,-0.567804832801552,-0.0241787301871209,5,7.09336240835542e-06,0.00651981660004257,0.999123450623938
"Sst-10","GOLGA5",-0.0369544344075354,0.162362486294287,0.81995371219767,-0.355179059984716,0.281270191169646,5,0.00961801596916823,6.99622723123646,0.999123450623938
"Sst-10","SAE1",-0.222951137199346,0.133707607678461,0.0954243839711977,-0.485013232708141,0.0391109583094489,5,0,0,0.999123450623938
"Sst-10","CYP20A1",0.0857113273400766,0.164477027453512,0.602287165423579,-0.236657722753013,0.408080377433166,5,0.00311023632096964,2.20443240493613,0.999123450623938
"Sst-10","SRPK1",0.0703280980606623,0.101622961083229,0.488906375682349,-0.128849245664783,0.269505441786108,5,0,0,0.999123450623938
"Sst-10","LIN7C",0.160198774311225,0.299731080000063,0.59301292920395,-0.427263347536191,0.747660896158642,5,0.327470922857608,74.7591568552197,0.999123450623938
"Sst-10","ZBTB7A",-0.0435066823345279,0.0997801794428922,0.662818375995355,-0.23907224041354,0.152058875744485,5,0,0,0.999123450623938
"Sst-10","GRSF1",0.016250997579444,0.141730910208785,0.908713885169743,-0.261536481925855,0.294038477084743,5,0.0159541682591594,15.151468875121,0.999123450623938
"Sst-10","THOC7",0.208887489401787,0.12578961052847,0.0967917924719972,-0.0376556168633338,0.455430595666908,5,0,0,0.999123450623938
"Sst-10","CNN3",0.0964936879394545,0.121536753984752,0.427226541701351,-0.141713972668564,0.334701348547473,5,0,0,0.999123450623938
"Sst-10","MARCKS",-0.248384717036382,0.140362147098107,0.0767939633223756,-0.523489470141385,0.0267200360686208,5,0.0142117038687206,14.2526104242489,0.999123450623938
"Sst-10","LIPA",-0.0464255686105567,0.147246504658148,0.752540352143851,-0.335023414589937,0.242172277368823,5,0,0,0.999123450623938
"Sst-10","EDRF1",0.0910758351056825,0.111602647672005,0.414458756211452,-0.12766133491076,0.309813005122125,5,0,0,0.999123450623938
"Sst-10","TRAM1",0.211515816468526,0.130677627196326,0.105531692587095,-0.0446076264214243,0.467639259358476,5,1.96474090578173e-06,0.00205937714840292,0.999123450623938
"Sst-10","LAMTOR4",0.0254065022115279,0.169209573057094,0.880647742335323,-0.306238166819775,0.357051171242831,5,0,0,0.999123450623938
"Sst-10","RC3H2",0.0683778752532911,0.0988024545808761,0.48889552812638,-0.12527137730938,0.262027127815963,5,0,0,0.999123450623938
"Sst-10","AGO4",0.112739675901552,0.126453453343038,0.372633758030733,-0.13510453837152,0.360583890174623,5,0.0291319865648222,37.1565108490069,0.999123450623938
"Sst-10","NUCB2",0.0819963775583445,0.110243883299882,0.457014071109294,-0.13407766322526,0.298070418341949,5,0,0,0.999123450623938
"Sst-10","SYT7",-0.126412785438146,0.109200442783533,0.247018512506339,-0.340441720389697,0.087616149513406,5,0,0,0.999123450623938
"Sst-10","CREBL2",0.0944679026902924,0.115072817863169,0.411680328573662,-0.131070675921057,0.320006481301641,5,0,0,0.999123450623938
"Sst-10","TMX4",-0.208548573756195,0.104339255466885,0.0456349049912787,-0.413049756645014,-0.00404739086737607,5,0,0,0.999123450623938
"Sst-10","SLC30A5",-0.174898362184144,0.126287489765232,0.166076224022239,-0.422417293821969,0.0726205694536819,5,1.62719765241358e-06,0.00177199937610951,0.999123450623938
"Sst-10","WDR43",0.176439754721815,0.163877016425894,0.281632389761386,-0.144753295366816,0.497632804810446,5,0.0515942455626522,40.1537820042348,0.999123450623938
"Sst-10","ARFGAP2",-0.134542337499245,0.139617989575949,0.335223363110917,-0.408188568661995,0.139103893663505,5,0,0,0.999123450623938
"Sst-10","PGGT1B",-0.211212507805983,0.257853363034494,0.412718701987102,-0.716595812646123,0.294170797034156,5,0.194102905488627,60.2636415858753,0.999123450623938
"Sst-10","RNF146",-0.104383364227208,0.0957644095404962,0.275712418079924,-0.292078157927325,0.0833114294729084,5,0,0,0.999123450623938
"Sst-10","DNAJB6",-0.0796509940092174,0.200020891805906,0.690472909108603,-0.471684738104376,0.312382750085941,5,0.142502011001893,72.7618934964255,0.999123450623938
"Sst-10","PTPRU",-0.178389265121486,0.125284643396609,0.154483599315601,-0.423942653994784,0.0671641237518122,5,0,0,0.999123450623938
"Sst-10","ATMIN",0.195536686006926,0.208203830503892,0.347648660370295,-0.212535323223985,0.603608695237837,5,0.0719575214977462,33.4641835555554,0.999123450623938
"Sst-10","SNU13",0.029467745264855,0.175209897282304,0.866437432706716,-0.313937343143424,0.372872833673134,5,0.0552682904205609,36.242212873495,0.999123450623938
"Sst-10","NEK1",0.00844918075177464,0.0718041683752223,0.906329311838834,-0.132284403203511,0.14918276470706,5,0,0,0.999123450623938
"Sst-10","TP53BP1",0.0165455161799296,0.0775477376626289,0.831046872769588,-0.135445256721383,0.168536289081243,5,0,0,0.999123450623938
"Sst-10","B3GAT1",-0.253431193885713,0.151685545971865,0.0947677230358195,-0.550729400965862,0.043867013194437,5,0,0,0.999123450623938
"Sst-10","RPRD1B",-0.135403512135629,0.118195472747829,0.251964975186608,-0.367062381857059,0.0962553575858016,5,4.00094499441552e-06,0.00503099278509682,0.999123450623938
"Sst-10","RSBN1",-0.0844767712987989,0.123486530091945,0.493913882775064,-0.326505922854833,0.157552380257236,5,0.00655046156206041,8.30021839975495,0.999123450623938
"Sst-10","ZNF568",-0.210115519981398,0.129137456317165,0.103722496575524,-0.463220283418155,0.0429892434553593,5,0,0,0.999123450623938
"Sst-10","ZNF569",-0.0677411377265479,0.138828003509816,0.625585188919139,-0.339839024651388,0.204356749198292,5,0,0,0.999123450623938
"Sst-10","CCDC90B",-0.0316906435756609,0.125187394763932,0.800155669008531,-0.277053428631365,0.213672141480044,5,0,0,0.999123450623938
"Sst-10","UBQLN2",-0.137525052309963,0.229792380741849,0.549522869083427,-0.587909842485703,0.312859737865776,5,0.133773519856467,52.1827367703552,0.999123450623938
"Sst-10","SEC22C",-0.0339740978339996,0.142679480696353,0.811792046179158,-0.313620741331729,0.245672545663729,5,0,0,0.999123450623938
"Sst-10","DLG5",0.109933248549543,0.163665499274461,0.501778075702907,-0.210845235540168,0.430711732639253,5,0.0433440129831579,33.087469630474,0.999123450623938
"Sst-10","CCT2",-0.20842593104441,0.130239840962077,0.109526746102365,-0.463691328682307,0.0468394665934859,5,0,0,0.999123450623938
"Sst-10","TMEM259",-0.10660205432328,0.12003270037542,0.374482422924156,-0.34186182402619,0.12865771537963,5,0,0,0.999123450623938
"Sst-10","MYSM1",0.173279168361328,0.0935897301735333,0.0641010596528743,-0.0101533321016183,0.356711668824275,5,3.98825941075282e-06,0.00820451372936128,0.999123450623938
"Sst-10","RPAP3",0.234153571210827,0.140401459923028,0.0953667282169928,-0.0410282336151509,0.509335376036806,5,0,0,0.999123450623938
"Sst-10","MRPS16",-0.0584880507546805,0.158676853131578,0.712427010478874,-0.369488968072726,0.252512866563365,5,0,0,0.999123450623938
"Sst-10","GALC",-0.0547325334196951,0.137885880985807,0.691411108374066,-0.324983894128453,0.215518827289063,5,0,0,0.999123450623938
"Sst-10","COG3",-0.0772421831539455,0.104899688742601,0.461521800249488,-0.282841795078906,0.128357428771015,5,0,0,0.999123450623938
"Sst-10","LUC7L2",-0.3229715575388,0.118865001360359,0.00658509105288132,-0.555942679227409,-0.0900004358501913,5,1.10534011344256e-06,0.00140583050689671,0.692910529236805
"Sst-10","PWP1",0.0159143860777557,0.14042796431783,0.90977071286908,-0.259319366407468,0.291148138562979,5,0,0,0.999123450623938
"Sst-10","DLG4",0.057247434832374,0.136971595198373,0.675982838464934,-0.211211958661437,0.325706828326185,5,0.0111664293341047,11.0159673987422,0.999123450623938
"Sst-10","C5orf22",-0.152616466598004,0.164208279012919,0.352677751522526,-0.474458779426629,0.169225846230621,5,0,0,0.999123450623938
"Sst-10","PCGF3",-0.0920304879084265,0.125402825242202,0.463022545650727,-0.337815508942712,0.153754533125859,5,0,0,0.999123450623938
"Sst-10","SCN8A",0.000880648000258584,0.0563057026009886,0.987521214304886,-0.109476501221902,0.11123779722242,5,0,0,0.999123450623938
"Sst-10","CHMP2B",0.291884953098653,0.134312959605576,0.0297674919341172,0.0286363896147403,0.555133516582566,5,0,0,0.999123450623938
"Sst-10","SMC1A",-0.0707882400269966,0.120847839681075,0.558034530207399,-0.307645653411373,0.16606917335738,5,0,0,0.999123450623938
"Sst-10","NUMB",0.050199658271995,0.0949987470200036,0.597204788546025,-0.135994464463644,0.236393781007634,5,0,0,0.999123450623938
"Sst-10","CORO6",-0.285366340344599,0.115803667276037,0.0137309725714844,-0.512337357483292,-0.0583953232059061,5,0,0,0.891144034147969
"Sst-10","SERPINB6",-0.19743754951303,0.164287965761033,0.229449818834826,-0.519436045498004,0.124560946471944,5,0,0,0.999123450623938
"Sst-10","USP53",0.152549112296091,0.166221809252403,0.358752767105236,-0.173239647283705,0.478337871875887,5,0.0511499167550096,37.9913683179327,0.999123450623938
"Sst-10","TTC27",0.195208319833758,0.13697795223004,0.154126102044076,-0.0732635332131689,0.463680172880684,5,0.0157280759591571,15.5982937472423,0.999123450623938
"Sst-10","XPNPEP3",-0.00240030961081398,0.15540568763903,0.987676809879125,-0.306989860375994,0.302189241154366,5,0.0218862760345414,17.9223391324907,0.999123450623938
"Sst-10","MT-CYB",0.141493421556192,0.228263016052851,0.535343303810074,-0.305893868909884,0.588880712022269,5,0.16082873424035,64.2362167392,0.999123450623938
"Sst-10","CLPX",0.148768937289543,0.145617205672998,0.306949447951299,-0.136635541358896,0.434173415937981,5,0,0,0.999123450623938
"Sst-10","B4GALNT4",0.105558738738321,0.111141551196068,0.342229920634479,-0.112274698791886,0.323392176268528,5,0,0,0.999123450623938
"Sst-10","GNAI3",0.0169511798148396,0.117093403131136,0.884895383240099,-0.212547673149417,0.246450032779096,5,0,0,0.999123450623938
"Sst-10","PSMA3",-0.0851329283279461,0.17573417763439,0.628072573224476,-0.429565587344114,0.259299730688222,5,0.0557003349212482,36.9528060111555,0.999123450623938
"Sst-10","TUBG2",-0.00238927238467688,0.142332505797694,0.986606896235501,-0.281355857577495,0.276577312808141,5,0,0,0.999123450623938
"Sst-10","EXD2",0.114131997334391,0.119905879514255,0.341174811847572,-0.120879208048148,0.349143202716931,5,0,0,0.999123450623938
"Sst-10","CYP2U1",0.00615033537578255,0.148466477627034,0.966956483860282,-0.284838613684726,0.297139284436291,5,0,0,0.999123450623938
"Sst-10","TRMU",-0.16449256531841,0.141181229620313,0.243971881239272,-0.441202690667302,0.112217560030483,5,0,0,0.999123450623938
"Sst-10","ARHGAP22",-0.100818981404449,0.131255922971849,0.442421861673159,-0.358075863186836,0.156437900377938,5,0,0,0.999123450623938
"Sst-10","TMEM145",-0.033153333913181,0.115226999526865,0.773559607009601,-0.258994103032451,0.192687435206089,5,0,0,0.999123450623938
"Sst-10","CPB2-AS1",0.0916551820480065,0.195498033277583,0.639191742821239,-0.291513922224469,0.474824286320482,5,0.0801638884584799,43.2592009231915,0.999123450623938
"Sst-10","TCP11L1",-0.192486732715602,0.110832655333843,0.0824343057255174,-0.409714745480875,0.0247412800496699,5,0,0,0.999123450623938
"Sst-10","KBTBD2",0.182885580829125,0.151382802876302,0.227008757380805,-0.113819260687154,0.479590422345404,5,0,0,0.999123450623938
"Sst-10","PPIL2",0.05059909524583,0.10700370473266,0.636304239772364,-0.159124312242541,0.260322502734201,5,0,0,0.999123450623938
"Sst-10","SVIP",-0.025175165767929,0.146986723467884,0.864007458429208,-0.313263849970529,0.262913518434671,5,0,0,0.999123450623938
"Sst-10","UPP2",0.171743711768752,0.122800702164913,0.161946039229031,-0.0689412417507074,0.412428665288212,5,0.00901517958123446,11.2909831823344,0.999123450623938
"Sst-10","KAT6B",-0.033270180398281,0.0783255600610807,0.671005910602437,-0.186785457186928,0.120245096390366,5,5.99727235483847e-07,0.00162676188622326,0.999123450623938
"Sst-10","AMD1",0.0560214903012759,0.210254075049869,0.789895255103517,-0.356068924399248,0.4681119050018,5,0.142575767783538,67.7544777778632,0.999123450623938
"Sst-10","MID2",0.289792228745008,0.132405383943558,0.0286205389442507,0.0302824448564356,0.54930201263358,5,1.41820900858739e-06,0.00134725312166389,0.999123450623938
"Sst-10","CTBP2",-0.140578242592914,0.128360945515845,0.273438119367,-0.392161072825479,0.11100458763965,5,0,0,0.999123450623938
"Sst-10","SLC7A1",0.0401906941977542,0.132512337055758,0.761662957727483,-0.219528713938764,0.299910102334272,5,3.60466846006317e-06,0.00371445058874025,0.999123450623938
"Sst-10","KLHL8",0.100262319177274,0.131587593248781,0.446093690631491,-0.157644624402644,0.358169262757191,5,0,0,0.999123450623938
"Sst-10","CHRD",-0.138169505291047,0.150323999899555,0.358019900112504,-0.432799131106178,0.156460120524084,5,1.55385698875645e-06,0.00124856585432954,0.999123450623938
"Sst-10","KDM3A",-0.0276742693410563,0.137889077094581,0.840933547795587,-0.297931894307903,0.24258335562579,5,0,0,0.999123450623938
"Sst-10","IARS2",0.121391992082123,0.128624649197657,0.345287564053389,-0.130707687869383,0.37349167203363,5,0,0,0.999123450623938
"Sst-10","NAPEPLD",-0.0684346457199683,0.157229706720904,0.663379053681443,-0.376599208192735,0.239729916752798,5,0.0365524532447784,29.7717189977587,0.999123450623938
"Sst-10","SCGB2B2",0.0664981488594762,0.160877724242508,0.6793532001354,-0.248816396570606,0.381812694289558,5,0.0412361146697024,32.1818871489665,0.999123450623938
"Sst-10","UFL1",0.150546000392203,0.151458942331468,0.320236330333976,-0.146308071714002,0.447400072498409,5,0.0121911959529184,10.3071095256605,0.999123450623938
"Sst-10","EFNB2",-0.370708131849473,0.184736922781997,0.0447836064019687,-0.732785847116944,-0.00863041658200114,5,0.0356229691375833,20.7639255589335,0.999123450623938
"Sst-10","PI4KB",-0.11922095590991,0.117345530491227,0.309637921076769,-0.349213969419461,0.110772057599641,5,0,0,0.999123450623938
"Sst-10","GPR137B",-0.0134318083047345,0.124603256244907,0.914157034044963,-0.257649702901168,0.230786086291699,5,2.16663713055336e-06,0.00231084238993138,0.999123450623938
"Sst-10","TBC1D2B",0.104487267156225,0.161008447782849,0.516367342885567,-0.211083491704857,0.420058026017306,5,0.0345101538660247,26.610806170819,0.999123450623938
"Sst-10","MEG3",-0.133872415899488,0.085309809928531,0.116589706914394,-0.301076570887366,0.0333317390883903,5,0,0,0.999123450623938
"Sst-10","TSPAN13",-0.0402064589802763,0.116151182767411,0.729225284711306,-0.26785859396613,0.187445676005578,5,0,0,0.999123450623938
"Sst-10","CCNJL",-0.0686015474945894,0.135543277536873,0.612770423154989,-0.334261489813377,0.197058394824198,5,0,0,0.999123450623938
"Sst-10","POLR2F",0.0301078939371001,0.120529367897756,0.80274421523601,-0.20612532622188,0.26634111409608,5,0,0,0.999123450623938
"Sst-10","GATAD1",0.04014480677417,0.151613410043409,0.791175855075356,-0.257012016484214,0.337301630032554,5,0.0286813494712984,25.0079552019155,0.999123450623938
"Sst-10","RTCA",0.034822539591589,0.139801833754973,0.803295033063922,-0.239184019540814,0.308829098723992,5,2.90459674465119e-06,0.00259400402527906,0.999123450623938
"Sst-10","TAPT1",-0.0450910040910531,0.108232466440958,0.676961826511328,-0.257222740273271,0.167040732091165,5,0,0,0.999123450623938
"Sst-10","SEC24A",0.0598871158013192,0.155455058032464,0.700061472422655,-0.244799199156893,0.364573430759532,5,0.0382935459738185,32.082731567076,0.999123450623938
"Sst-10","SLC38A6",0.171004250076081,0.0859256614556998,0.046575317942074,0.00259304827512796,0.339415451877034,5,2.14555651074483e-06,0.00489601876435027,0.999123450623938
"Sst-10","ATP13A2",-0.0127525186032201,0.134585852399548,0.924510397748592,-0.276535942134959,0.251030904928518,5,0.0375718392349158,42.6625926861216,0.999123450623938
"Sst-10","ATF7IP",-0.0762829195631445,0.0876460767363391,0.384108185625344,-0.248066073352603,0.0955002342263141,5,0,0,0.999123450623938
"Sst-10","MIPOL1",0.0598674436398041,0.144839731141909,0.679360616806635,-0.224013212928802,0.34374810020841,5,0.0539668736526608,53.7305538293481,0.999123450623938
"Sst-10","PCNT",-0.0542731656593383,0.0949487165399716,0.567589574898628,-0.240369230455985,0.131822899137308,5,0,0,0.999123450623938
"Sst-10","POLR2B",-0.160578221996564,0.111639567056859,0.150331086600991,-0.379387752677653,0.0582313086845243,5,0,0,0.999123450623938
"Sst-10","CDH6",0.156150038847816,0.141513621885515,0.269841508165066,-0.121211563369613,0.433511641065244,5,0,0,0.999123450623938
"Sst-10","RAB3B",-0.0420194009656294,0.107891713429083,0.696936619762505,-0.253483273516948,0.169444471585689,5,0.01208335365376,20.5138031947149,0.999123450623938
"Sst-10","SLC16A2",0.246906522793778,0.123824151321014,0.0461510262800146,0.00421564578835293,0.489597399799203,5,0,0,0.999123450623938
"Sst-10","ABCC8",0.0544031502920367,0.166263156931884,0.743508226813365,-0.271466649250388,0.380272949834461,5,0.0448857006772403,33.4995114713689,0.999123450623938
"Sst-10","TYW3",0.189130977798358,0.153581299572399,0.218146607449861,-0.1118828380624,0.490144793659117,5,0,0,0.999123450623938
"Sst-10","DNAJC17",0.103203380244755,0.144138859124407,0.473991532642517,-0.179303592411776,0.385710352901285,5,0.0133741943762272,12.245760011721,0.999123450623938
"Sst-10","ENTPD3",0.0624034505216968,0.109522659015849,0.568829214579512,-0.152257016640429,0.277063917683822,5,0,0,0.999123450623938
"Sst-10","FAM133B",0.18127322972815,0.0991302142098305,0.0674539270562939,-0.0130184199028585,0.375564879359158,5,0,0,0.999123450623938
"Sst-10","SCAMP5",-0.0228786688727257,0.0950989965058094,0.809882671637091,-0.209269276990013,0.163511939244561,5,0.0111844853210201,24.6042705347295,0.999123450623938
"Sst-10","SYNGAP1",0.0702658502789002,0.122295707349483,0.565590965047117,-0.169429331589936,0.309961032147737,5,0,0,0.999123450623938
"Sst-10","PMEPA1",-0.0772027454409701,0.154069887790214,0.616308399257263,-0.379174176611917,0.224768685729976,5,0,0,0.999123450623938
"Sst-10","TMEM161B",-0.239630344025932,0.10909963292781,0.0280607626603959,-0.45346169529098,-0.0257989927608843,5,3.37970121320553e-06,0.00480500548809805,0.999123450623938
"Sst-10","KCNK10",0.16912390693652,0.103904067599149,0.103590031947248,-0.0345243234050264,0.372772137278067,5,0,0,0.999123450623938
"Sst-10","RBBP6",-0.0208487763201616,0.0874363457232472,0.811535819185659,-0.192220864877519,0.150523312237196,5,0,0,0.999123450623938
"Sst-10","GGA3",-0.113435665105419,0.136420925455688,0.405684333930843,-0.380815765736191,0.153944435525353,5,0,0,0.999123450623938
"Sst-10","RNF214",-0.136803884719776,0.175789969911793,0.436437268318185,-0.481345894590269,0.207738125150718,5,0.0643235971688544,43.995257431702,0.999123450623938
"Sst-10","PCBP4",0.0324302102425376,0.158422968437939,0.837801447340172,-0.278073102219748,0.342933522704823,5,0.0234519485390252,18.6269695088024,0.999123450623938
"Sst-10","PSMB5",-0.0229880041503628,0.169149438645602,0.891897552587556,-0.354514811900911,0.308538803600185,5,0,0,0.999123450623938
"Sst-10","INTS3",0.078803109959764,0.146081950019281,0.589580156832006,-0.207512250869407,0.365118470788936,5,0.025762058911277,23.9587806769326,0.999123450623938
"Sst-10","CNTN2",0.0256298124019532,0.131281522063635,0.845214558858829,-0.231677242678372,0.282936867482279,5,0,0,0.999123450623938
"Sst-10","MEST",-0.0431007738551671,0.121076296826432,0.721855334578001,-0.280405955016455,0.19420440730612,5,0,0,0.999123450623938
"Sst-10","SYT14",0.0300623335771203,0.0848765568469629,0.723197328062664,-0.136292660974693,0.196417328128934,5,0.0131094002835999,37.4408713815773,0.999123450623938
"Sst-10","SNRPA1",0.152222939776706,0.294050910475094,0.604684724143481,-0.42410625437569,0.728552133929102,5,0.304135053414688,71.8649836182687,0.999123450623938
"Sst-10","PITPNM2",0.0328306926550717,0.101614686795442,0.746627057259611,-0.166330433764312,0.231991819074456,5,0,0,0.999123450623938
"Sst-10","STIM1",-0.119124099110236,0.120279688442226,0.321982318909024,-0.354867956528699,0.116619758308226,5,0.00560451860627981,6.40853615926684,0.999123450623938
"Sst-10","QSOX1",-0.073237198842492,0.22774114736182,0.747770229699469,-0.519601645469488,0.373127247784503,5,0.153132837295926,61.7096027722052,0.999123450623938
"Sst-10","MSL1",0.0366391044053915,0.110658955083722,0.740569467815509,-0.180248462125539,0.253526670936322,5,0,0,0.999123450623938
"Sst-10","STAT3",-0.128002250044306,0.127519260283793,0.31548101079207,-0.377935407535729,0.121930907447117,5,0.0187594010312804,22.7446837500884,0.999123450623938
"Sst-10","PSMA5",-0.116608218112005,0.208526534636256,0.57602464429128,-0.525312715820011,0.292096279596,5,0.0682543780094657,31.5444567275008,0.999123450623938
"Sst-10","FGD5-AS1",-0.221305057041379,0.126369836187925,0.0799030177969984,-0.468985384701939,0.026375270619181,5,0,0,0.999123450623938
"Sst-10","RCL1",0.153534571312057,0.129100097560942,0.234334355967239,-0.0994969703079961,0.406566112932111,5,0,0,0.999123450623938
"Sst-10","MGAT3",-0.142581463430755,0.117054206737277,0.223193328897501,-0.372003492874725,0.0868405660132142,5,0,0,0.999123450623938
"Sst-10","ANAPC1",-0.0917904020402285,0.11186205306938,0.411892478689412,-0.311035997292921,0.127455193212464,5,0,0,0.999123450623938
"Sst-10","PRKAR1A",-0.0421658086687396,0.166604128279311,0.800198806096603,-0.368703899771881,0.284372282434402,5,0.0846264276601486,62.6998478834153,0.999123450623938
"Sst-10","TAF4B",-0.0882791367328125,0.143066225797475,0.537201183766149,-0.368683786699939,0.192125513234315,5,0,0,0.999123450623938
"Sst-10","BCAS4",0.0951639110187909,0.188315178572164,0.613317372796566,-0.273927056724879,0.46425487876246,5,0.0535861251880195,30.386187210175,0.999123450623938
"Sst-10","SMIM14",0.0589552155771467,0.104553019261602,0.572836719470846,-0.145964936650515,0.263875367804808,5,0.0095404317107408,16.7100414714697,0.999123450623938
"Sst-10","FBXO16",0.0877250235799889,0.0948756937387279,0.355157794349943,-0.0982279191561701,0.273677966316148,5,0,0,0.999123450623938
"Sst-10","ZFP82",-0.0943733044366888,0.144865309094966,0.514752484790662,-0.378304092872084,0.189557483998706,5,0.00717335026445208,6.14890907030383,0.999123450623938
"Sst-10","RHOT2",-0.146626046555009,0.196497601151704,0.4555480326008,-0.531754267860866,0.238502174750847,5,0.0621085246476597,32.56673083904,0.999123450623938
"Sst-10","ULK1",-0.213500786507778,0.138812455671855,0.124035880809698,-0.485568200230178,0.0585666272146207,5,0,0,0.999123450623938
"Sst-10","C2orf72",-0.0650097257556863,0.137591346563048,0.636581276722173,-0.334683809603629,0.204664358092256,5,0,0,0.999123450623938
"Sst-10","RNF185",0.111285697861747,0.153396235308229,0.468158421461636,-0.189365398706412,0.411936794429907,5,0,0,0.999123450623938
"Sst-10","LYPLAL1",0.0617486494670933,0.134064889491905,0.645094382411857,-0.201013705528384,0.32451100446257,5,0.0170627305334699,18.5639524980514,0.999123450623938
"Sst-10","CAPZA1",-0.0362947002131863,0.0990031689783723,0.713916364820313,-0.230337345766129,0.157747945339757,5,0,0,0.999123450623938
"Sst-10","PACSIN2",0.0553093913972404,0.115701661068399,0.632625614925308,-0.171461697248282,0.282080480042763,5,1.50954909988029e-07,0.000204489968539834,0.999123450623938
"Sst-10","PHACTR4",-0.156102601326266,0.0879270660693847,0.0758377035948265,-0.328436484088534,0.0162312814360017,5,0,0,0.999123450623938
"Sst-10","ARHGEF17",0.0175960555801842,0.122268824061832,0.885569284331968,-0.222046436013072,0.25723854717344,5,0,0,0.999123450623938
"Sst-10","DNAJC15",-0.129420925903964,0.193103771544277,0.502721133706287,-0.507897363409597,0.24905551160167,5,0.0925856040635921,52.6066400192786,0.999123450623938
"Sst-10","UBXN2A",-0.0785169639729613,0.119969256534072,0.512805373297421,-0.313652386031789,0.156618458085867,5,0,0,0.999123450623938
"Sst-10","ACTL6B",0.0453705844311332,0.147686859317547,0.75868505792312,-0.244090340821092,0.334831509683359,5,0,0,0.999123450623938
"Sst-10","FSIP1",0.175621794729096,0.152645359144342,0.249929070915353,-0.123557611600997,0.474801201059189,5,0,0,0.999123450623938
"Sst-10","ELOVL5",0.00971858170475538,0.173532303771338,0.955338259960202,-0.330398483841331,0.349835647250842,5,5.98261883821723e-07,0.000372612055418217,0.999123450623938
"Sst-10","NELL1",0.0685414672983526,0.0905806083415323,0.44923543015554,-0.108993262748779,0.246076197345484,5,4.35984994174096e-07,0.000967791109180947,0.999123450623938
"Sst-10","KLC4",0.0330315829987813,0.132211166777363,0.802711406094336,-0.226097542238869,0.292160708236432,5,0,0,0.999123450623938
"Sst-10","FAM185A",0.0383417030480651,0.0961419406888427,0.69003829988787,-0.150093038105853,0.226776444201983,5,0,0,0.999123450623938
"Sst-10","MRAS",-0.28521880008012,0.139047324777773,0.0402440243965051,-0.5577465487912,-0.01269105136904,5,0.0212552513989706,21.2584068479272,0.999123450623938
"Sst-10","USP9X",-0.0108127280057379,0.0761070371588856,0.887022625789263,-0.159979779807205,0.138354323795729,5,0,0,0.999123450623938
"Sst-10","POR",-0.077340046923222,0.1294798391279,0.550298139118345,-0.331115868337946,0.176435774491502,5,0,0,0.999123450623938
"Sst-10","LIN7A",-0.219411207269906,0.133020871182334,0.09905558426731,-0.480127323979423,0.0413049094396108,5,0.0020331927754026,2.25559467181327,0.999123450623938
"Sst-10","SIMC1",0.0325931982845118,0.0854151019377413,0.702768546697499,-0.134817325249279,0.200003721818302,5,0,0,0.999123450623938
"Sst-10","SPTBN2",-0.237137743168356,0.20254007744086,0.241671594061148,-0.634109000378395,0.159833514041684,5,0.101334504871765,51.5899258843333,0.999123450623938
"Sst-10","EDEM3",-0.140360096734633,0.108807051980914,0.197053850152874,-0.353617999881201,0.0728978064119351,5,0,0,0.999123450623938
"Sst-10","NSF",-0.121868386843618,0.11112178855169,0.272768143787541,-0.339663090302606,0.0959263166153694,5,0.025572738261195,42.2427731901998,0.999123450623938
"Sst-10","HNRNPH1",-0.253252223337987,0.0845838619352403,0.00275259101234132,-0.419033546404367,-0.0874709002716076,5,0,0,0.488009768980311
"Sst-10","VAPB",0.00733543003072849,0.106799349132051,0.945240978862513,-0.201987447840411,0.216658307901868,5,0,0,0.999123450623938
"Sst-10","SMC3",0.0790870272187103,0.114153688638118,0.488427640082847,-0.1446500912144,0.30282414565182,5,0,0,0.999123450623938
"Sst-10","UBE2I",-0.1586080088531,0.139758021769901,0.256427324578487,-0.432528698072672,0.115312680366471,5,0,0,0.999123450623938
"Sst-10","PSEN1",0.0223709141528067,0.0979135711513338,0.819276108193575,-0.169536158901508,0.214277987207121,5,0,0,0.999123450623938
"Sst-10","ZNF589",0.0444002821176731,0.140343003185384,0.751721867748617,-0.23066694960787,0.319467513843216,5,0,0,0.999123450623938
"Sst-10","UBR2",-0.052873669881781,0.0895567803196938,0.554927399481199,-0.228401733879746,0.122654394116184,5,0.0127933582126047,31.9775171594715,0.999123450623938
"Sst-10","WIPI2",-0.101326538089814,0.12181038777145,0.405500258354694,-0.340070511064714,0.137417434885087,5,0,0,0.999123450623938
"Sst-10","XPO6",0.0138509536638099,0.0820574572509528,0.865957266627517,-0.146978707210993,0.174680614538612,5,0,0,0.999123450623938
"Sst-10","FIG4",0.0287427006579373,0.0947422790891739,0.761601990452551,-0.156948754170086,0.21443415548596,5,0,0,0.999123450623938
"Sst-10","SLC17A5",-0.0775508430991304,0.121122802640457,0.521999515994147,-0.314947173980979,0.159845487782718,5,0,0,0.999123450623938
"Sst-10","HSPA13",-0.0529810648689992,0.126477137468756,0.675290419117528,-0.300871699175482,0.194909569437483,5,0,0,0.999123450623938
"Sst-10","SMG9",0.121412887922593,0.135551616204843,0.370415748382269,-0.144263397885094,0.387089173730281,5,0,0,0.999123450623938
"Sst-10","ERCC3",0.00679180191953912,0.146879229817667,0.963118384156983,-0.281086198600069,0.294669802439147,5,6.93380254887117e-07,0.000613236963717398,0.999123450623938
"Sst-10","SH2D3C",0.0691217710940277,0.146008375559176,0.635920960539332,-0.217049386443155,0.35529292863121,5,0,0,0.999123450623938
"Sst-10","ZNF236",0.0236047075197266,0.118930897838299,0.842674116550708,-0.209495568892351,0.256704983931805,5,0,0,0.999123450623938
"Sst-10","FAM193B",-0.160098880883563,0.0946687244573496,0.0908084249279987,-0.345646171282314,0.0254484095151884,5,1.68462440855878e-06,0.00322620312323624,0.999123450623938
"Sst-10","POLR1A",-0.225796222180005,0.150838812890278,0.134409613397611,-0.521434862915727,0.069842418555716,5,0,0,0.999123450623938
"Sst-10","CRKL",-0.0448702461465853,0.133728539301432,0.737223573514298,-0.306973366882542,0.217232874589371,5,0,0,0.999123450623938
"Sst-10","NFKB1",0.129765557247988,0.114878031323397,0.258647258436923,-0.0953912467607355,0.354922361256711,5,0,0,0.999123450623938
"Sst-10","ZMAT1",0.252937270587862,0.207291748407484,0.222389287776608,-0.153347090583144,0.659221631758869,5,0.113400007689859,55.6468780532951,0.999123450623938
"Sst-10","FLYWCH1",0.187679709247488,0.138800120621572,0.176324740018029,-0.0843635282206092,0.459722946715584,5,0.0126254432110623,12.2315468159189,0.999123450623938
"Sst-10","STMN1",-0.02330068250679,0.109775212714495,0.831905650493342,-0.238456145822423,0.191854780808843,5,0.0044202757465849,7.01842803168839,0.999123450623938
"Sst-10","KDM7A",-0.0579675856764671,0.158993411580227,0.715416645968359,-0.369588946152865,0.253653774799931,5,0.00449478633312177,3.30492742024244,0.999123450623938
"Sst-10","ACLY",-0.343393582404719,0.181015226005824,0.0578223250906402,-0.698176906029511,0.0113897412200732,5,0.0319854184037364,19.0707923335292,0.999123450623938
"Sst-10","GPR22",0.0734248118889007,0.141372270689698,0.60350128943799,-0.203659747075555,0.350509370853357,5,0,0,0.999123450623938
"Sst-10","NUP210",-0.108570576203632,0.118775338004194,0.360672973914056,-0.341365960943424,0.124224808536159,5,0,0,0.999123450623938
"Sst-10","GRK4",-0.0286980485482287,0.0990290943173685,0.771973751863425,-0.222791506831891,0.165395409735434,5,0,0,0.999123450623938
"Sst-10","GIT1",-0.1642751892474,0.130385717429242,0.207699285219059,-0.41982649950713,0.09127612101233,5,0,0,0.999123450623938
"Sst-10","FEM1B",-0.029880653794611,0.202514007144333,0.882699039517909,-0.426800814162392,0.367039506573169,5,0.115564984322212,58.1099829095896,0.999123450623938
"Sst-10","COPS4",0.0296617690625352,0.128418222005471,0.817331984255167,-0.222033321026856,0.281356859151927,5,0,0,0.999123450623938
"Sst-10","NDUFA10",0.00504272280136708,0.104619987053571,0.961556549860508,-0.200008683886678,0.210094129489412,5,0.0191772669576764,35.9626332931163,0.999123450623938
"Sst-10","MAPK3",0.154543958611446,0.167656721724363,0.356639154271376,-0.17405717773436,0.483145094957251,5,0,0,0.999123450623938
"Sst-10","HIVEP1",-0.00631511553004469,0.0789552524799233,0.936250398221476,-0.161064566780961,0.148434335720872,5,0,0,0.999123450623938
"Sst-10","GREM2",0.144703788578776,0.199556698650338,0.468374618642037,-0.246420153649599,0.535827730807152,5,0.0494085614445658,24.8096313473034,0.999123450623938
"Sst-10","FUT9",0.127161323395257,0.117645037698074,0.279746128347233,-0.103418713452824,0.357741360243338,5,0.0316789675771067,47.3504207750442,0.999123450623938
"Sst-10","DCAF16",0.0335352404015373,0.153619828706064,0.82719521320808,-0.26755409117356,0.334624571976635,5,0,0,0.999123450623938
"Sst-10","ZNF160",-0.0359386159982106,0.131344600323928,0.784376039638551,-0.293369302196917,0.221492070200496,5,0,0,0.999123450623938
"Sst-10","STK40",-0.233381323474487,0.162246294475487,0.150309663150162,-0.551378217271521,0.0846155703225467,5,0.0329652370742419,24.9358883630318,0.999123450623938
"Sst-10","TSG101",0.0251966160824158,0.109176789414632,0.817480050683065,-0.188785959117977,0.239179191282809,5,0,0,0.999123450623938
"Sst-10","NBN",0.328729302460708,0.165206532384914,0.0466120747187071,0.00493044897552564,0.65252815594589,5,0.0369686347507906,27.0540018014423,0.999123450623938
"Sst-10","NOP56",-0.348969919225701,0.142947414602334,0.0146366479480021,-0.62914170352939,-0.0687981349220123,5,0,0,0.891144034147969
"Sst-10","ZMIZ1",0.0683861694288132,0.105020739072575,0.514937892201219,-0.137450696783213,0.274223035640839,5,0,0,0.999123450623938
"Sst-10","YTHDF2",-0.0947885611959609,0.147863623430639,0.521487625943696,-0.384595937743606,0.195018815351684,5,0,0,0.999123450623938
"Sst-10","STK38",0.0144635718332938,0.12049880642187,0.904458725142865,-0.221709748933635,0.250636892600223,5,0,0,0.999123450623938
"Sst-10","NDUFS1",-0.0260093318883782,0.0753953682755533,0.730115012971311,-0.173781538309596,0.12176287453284,5,0,0,0.999123450623938
"Sst-10","BCO2",0.120653484203337,0.175793386872267,0.492500699337486,-0.223895222786624,0.465202191193297,5,0,0,0.999123450623938
"Sst-10","MTHFD2L",0.101650881805249,0.134574365337735,0.450038403879566,-0.162110027499046,0.365411791109544,5,0,0,0.999123450623938
"Sst-10","AP4S1",0.158409982621391,0.0999510540918598,0.112994610877371,-0.0374904836154686,0.354310448858251,5,0,0,0.999123450623938
"Sst-10","MRRF",-0.00814753032737904,0.119605811990275,0.945690226677493,-0.242570614169986,0.226275553515228,5,0,0,0.999123450623938
"Sst-10","YPEL1",0.0879076678514162,0.113185964970959,0.437355970319057,-0.133932747047075,0.309748082749907,5,4.48764847469624e-07,0.000615894218656759,0.999123450623938
"Sst-10","UXS1",-0.0943072431805908,0.107561602742463,0.380609270011821,-0.305124110675222,0.116509624314041,5,0,0,0.999123450623938
"Sst-10","KLHL2",0.109028841452631,0.165507597034238,0.51005355705686,-0.215360087902243,0.433417770807505,5,0.0408407335114594,30.0032048398201,0.999123450623938
"Sst-10","AKIRIN1",-0.105358137106237,0.147291107398141,0.474420299646009,-0.394043402849614,0.183327128637141,5,0.0194240828458618,16.7220296106077,0.999123450623938
"Sst-10","MED13L",-0.0358298052913841,0.0610866997937195,0.557512553211108,-0.155557536821485,0.0838979262387164,5,0,0,0.999123450623938
"Sst-10","SGIP1",0.0114172585497752,0.0750230030581645,0.879042256209866,-0.135625125456266,0.158459642555816,5,0.00928365546442511,33.4138958482146,0.999123450623938
"Sst-10","DAP3",-0.0611995550254093,0.135767888142908,0.652158170499331,-0.327299726042571,0.204900615991752,5,0.0199568496710167,20.9371188001043,0.999123450623938
"Sst-10","AREL1",0.0145657178666562,0.163998715008754,0.929228103041354,-0.306865857061351,0.335997292794663,5,0.0291674839049477,21.484726572193,0.999123450623938
"Sst-10","LAPTM4B",-0.386771643850799,0.198231395895166,0.0510437309125843,-0.775298040410426,0.0017547527088283,5,0.0803229512422069,42.1684871453111,0.999123450623938
"Sst-10","GOPC",0.162758793822208,0.1308367268637,0.213505454490133,-0.0936764786857481,0.419194066330163,5,0.00100854441371931,1.08940067630108,0.999123450623938
"Sst-10","SRRM4",-0.115691623939968,0.0722527770020402,0.10933116587759,-0.257304464646971,0.0259212167670347,5,0,0,0.999123450623938
"Sst-10","CDS1",-0.121601803702633,0.116580379223094,0.296914652103727,-0.350095148283918,0.106891540878653,5,0.00440278045423388,5.95566463955607,0.999123450623938
"Sst-10","KCTD12",0.294721498521073,0.161881781478323,0.068668127167142,-0.0225609629296235,0.612003959971769,5,1.71554620913635e-06,0.00108997964072495,0.999123450623938
"Sst-10","ZNF24",-0.0896170417544961,0.12771119498854,0.482856034715704,-0.339926384354606,0.160692300845613,5,0,0,0.999123450623938
"Sst-10","PIGB",0.262194476390324,0.129632072368819,0.0431138893629702,0.00812028330614928,0.5162686694745,5,1.29707508257828e-06,0.00134796725317162,0.999123450623938
"Sst-10","HOOK3",0.0658076918412813,0.0756766886076807,0.384524503192209,-0.0825158922990254,0.214131275981588,5,0,0,0.999123450623938
"Sst-10","ZSCAN5A",-0.126721933844066,0.272765526729539,0.642230877706914,-0.661332542458061,0.407888674769928,5,0.239946253764839,68.1850715263223,0.999123450623938
"Sst-10","NBL1",-0.295572743356506,0.231182975047602,0.201065091722682,-0.748683048288629,0.157537561575616,5,0.0931405684849082,35.3970971567087,0.999123450623938
"Sst-10","LRIG2",-0.221953271077,0.103519234451903,0.032026670078812,-0.424847242309889,-0.0190592998441117,5,0,0,0.999123450623938
"Sst-10","ARL8A",-0.0863344764315789,0.139288853300656,0.535374128219101,-0.359335612348747,0.18666665948559,5,0,0,0.999123450623938
"Sst-10","GCLC",-0.104681429349863,0.1548019165148,0.498895738073987,-0.408087610456647,0.198724751756921,5,0.0193815365818636,15.6600375320111,0.999123450623938
"Sst-10","FBXO9",0.0706883200533376,0.09510198457625,0.457306341362283,-0.115708144574396,0.257084784681071,5,0,0,0.999123450623938
"Sst-10","OGFRL1",0.12875290469197,0.101591611837089,0.205027441593821,-0.0703629956400978,0.327868805024037,5,0,0,0.999123450623938
"Sst-10","ZBED5",-0.0202941961712638,0.18510821177801,0.912699463066698,-0.383099624498776,0.342511232156249,5,0.0862046664797676,53.176693613694,0.999123450623938
"Sst-10","DPY30",-0.116190007488493,0.116386886294527,0.318129830409796,-0.344304112898525,0.111924097921539,5,0,0,0.999123450623938
"Sst-10","PGRMC1",-0.0185062931006417,0.122078014476856,0.879507175232569,-0.257774804779439,0.220762218578156,5,0.0263312349284978,35.7423327489989,0.999123450623938
"Sst-10","BRD2",-0.124756118570455,0.139871985304998,0.372430075167311,-0.398900172214367,0.149387935073458,5,0,0,0.999123450623938
"Sst-10","TAC3",0.0335641889603852,0.130842870658237,0.79754712184638,-0.222883125163592,0.290011503084362,5,0.00326528072658783,3.4617357034465,0.999123450623938
"Sst-10","POLR3B",0.11626583182214,0.135751022592125,0.391741307659911,-0.149801283322909,0.382332946967189,5,0,0,0.999123450623938
"Sst-10","TBC1D20",-0.0384195190430945,0.132531120793561,0.771899974002019,-0.298175742629201,0.221336704543012,5,0,0,0.999123450623938
"Sst-10","NKAIN3",-0.273708901552373,0.270681446836677,0.311928100998428,-0.804234788635454,0.256816985530708,5,0.17825902374463,49.2726231821333,0.999123450623938
"Sst-10","ARL5A",0.0328579332384693,0.185963472127861,0.859751696130577,-0.331623774572157,0.397339641049096,5,0.0493902603856948,28.6048912618868,0.999123450623938
"Sst-10","DENR",-0.00810574099618099,0.103628273492134,0.937653533239195,-0.21121342482083,0.195001942828468,5,0,0,0.999123450623938
"Sst-10","NETO2",-0.220854432005726,0.105149004767866,0.0356941184099315,-0.426942694360973,-0.0147661696504795,5,0,0,0.999123450623938
"Sst-10","FUS",-0.038715248557328,0.103398972373233,0.708087510660293,-0.241373510447316,0.16394301333266,5,0.017464947017051,32.8522852447529,0.999123450623938
"Sst-10","SCCPDH",0.218265651699516,0.133515212641889,0.102098862226735,-0.0434193564667928,0.479950659865825,5,0,0,0.999123450623938
"Sst-10","SUPT5H",0.0300799006262391,0.126254472744729,0.811688596525091,-0.217374318840524,0.277534120093002,5,0,0,0.999123450623938
"Sst-10","GALNT16",0.119358840199939,0.139163979962343,0.391066496254632,-0.153397548471508,0.392115228871385,5,0,0,0.999123450623938
"Sst-10","BMS1",0.103112335326493,0.113836082273269,0.365043525398528,-0.120002286070254,0.326226956723239,5,0,0,0.999123450623938
"Sst-10","LETMD1",-0.0181071752192636,0.129701034257363,0.888970491742902,-0.27231653112129,0.236102180682763,5,0,0,0.999123450623938
"Sst-10","WRN",0.109031545460514,0.0999222644692541,0.275200867861919,-0.0868124941529105,0.304875585073938,5,8.82525870694657e-07,0.00155392875086472,0.999123450623938
"Sst-10","ANKFN1",0.0480844696235411,0.164457696147972,0.769994571454302,-0.274246691806915,0.370415631053997,5,0.0156108263707346,11.0377403502007,0.999123450623938
"Sst-10","XYLB",0.201484624032171,0.195815406282963,0.30350230289286,-0.182306519900514,0.585275767964856,5,0.10425235070836,59.4696440179557,0.999123450623938
"Sst-10","MYO1D",0.0641456847630167,0.109364682724944,0.55751930055002,-0.150205154558524,0.278496524084558,5,0,0,0.999123450623938
"Sst-10","TUFM",0.0567950407786373,0.195261026112555,0.771152837519308,-0.325909537986305,0.439499619543579,5,0.0423200405845953,22.0459903607308,0.999123450623938
"Sst-10","TOLLIP",-0.023885664245579,0.15014309740565,0.873601121007255,-0.318160727687943,0.270389399196785,5,0.0360816710661374,32.3491291619321,0.999123450623938
"Sst-10","TMEM25",-0.191632645646275,0.136823353729125,0.161338408578694,-0.459801491199344,0.076536199906793,5,0,0,0.999123450623938
"Sst-10","LARS2",0.0531207050659698,0.112513294725247,0.636835248540777,-0.167401300377454,0.273642710509394,5,0,0,0.999123450623938
"Sst-10","AFG3L2",-0.179648447944976,0.119211794347165,0.131818669143932,-0.413299271397814,0.0540023755078628,5,0,0,0.999123450623938
"Sst-10","CRIM1",0.298691108756948,0.180968124181797,0.0988370773680484,-0.055999896989145,0.653382114503041,5,0.0334980923994821,20.4074331477353,0.999123450623938
"Sst-10","NRIP1",-0.20114380367878,0.238718248515847,0.399452642283874,-0.669022973222323,0.266735365864763,5,0.202638737391381,73.955794136676,0.999123450623938
"Sst-10","MRPS5",0.0548236266968261,0.102710411090418,0.593501409228277,-0.146485079877696,0.256132333271349,5,0.00357965068146639,6.03826572909116,0.999123450623938
"Sst-10","GMPS",-0.0979309424043251,0.0927031314714208,0.290788686780506,-0.279625741342391,0.0837638565337413,5,0,0,0.999123450623938
"Sst-10","LURAP1L-AS1",-0.150490794221607,0.169247893118069,0.373909675018296,-0.482210569192306,0.181228980749092,5,0,0,0.999123450623938
"Sst-10","ZDBF2",0.14506710211807,0.0912025203558047,0.111698702904677,-0.033686553078588,0.323820757314729,5,0,0,0.999123450623938
"Sst-10","GTF3C3",0.12072039861161,0.246594328234304,0.624451948240432,-0.362595603519475,0.604036400742695,5,0.183857474497697,62.3790408969455,0.999123450623938
"Sst-10","SHOC2",0.085056403313816,0.109993268926317,0.439352341289731,-0.130526442323593,0.300639248951225,5,0.0101128638460588,16.3584105662536,0.999123450623938
"Sst-10","LMBRD2",0.0215257168913901,0.0968111738285202,0.824043422630351,-0.168220697113556,0.211272130896336,5,0.00149269005137562,2.86044096281733,0.999123450623938
"Sst-10","ABR",-0.0446520094304782,0.0726788769402074,0.538968239210469,-0.187099990670103,0.0977959718091468,5,0,0,0.999123450623938
"Sst-10","ATG4B",0.0357219781206925,0.10303135529555,0.728809365055406,-0.166215767536936,0.237659723778321,5,0,0,0.999123450623938
"Sst-10","TKT",-0.135002394982075,0.218512795694302,0.536691525660724,-0.563279604704066,0.293274814739916,5,0.10955410031867,47.4746386064289,0.999123450623938
"Sst-10","APMAP",-0.310218694780376,0.149782001405663,0.0383462134808159,-0.603786023067804,-0.0166513664929479,5,0,0,0.999123450623938
"Sst-10","PKNOX1",-0.238361729403191,0.113207445649608,0.0352451554398314,-0.460244245658198,-0.0164792131481827,5,0,0,0.999123450623938
"Sst-10","GOSR1",-0.121276519869357,0.103765707520221,0.242503014315215,-0.324653569439308,0.0821005297005943,5,0,0,0.999123450623938
"Sst-10","DSTYK",-0.00223092884002413,0.106514085100691,0.983289594627139,-0.210994699483612,0.206532841803564,5,0,0,0.999123450623938
"Sst-10","MYL6B",-0.0430485243316674,0.190559567751523,0.821274634718031,-0.416538414034173,0.330441365370838,5,0.0703851417796147,39.7698924398225,0.999123450623938
"Sst-10","UTP23",0.136324072482187,0.166750715054858,0.413624377665362,-0.190501323421636,0.463149468386011,5,0.0624845739569715,46.30828362979,0.999123450623938
"Sst-10","CLU",0.156458623572195,0.121458658891006,0.19768901908699,-0.0815959734647125,0.394513220609102,5,0.0247276252182146,33.7123525623496,0.999123450623938
"Sst-10","SOS2",0.0089150175873018,0.0728390415337459,0.90258746915216,-0.133846880487257,0.151676915661861,5,0,0,0.999123450623938
"Sst-10","CPNE5",0.163863790629846,0.13872090569709,0.23750422309989,-0.108024188439227,0.435751769698918,5,0,0,0.999123450623938
"Sst-10","CCSAP",-0.0812169219032407,0.113968952830027,0.476078940604309,-0.304591964805838,0.142158120999357,5,0,0,0.999123450623938
"Sst-10","LENG8",-0.0806391667244773,0.097536597074228,0.408374211932664,-0.271807384164559,0.110529050715604,5,0,0,0.999123450623938
"Sst-10","NINL",0.316401055709931,0.187359497552108,0.0912696985548103,-0.0508168116537216,0.683618923073584,5,0.0883388060231124,52.6042458347376,0.999123450623938
"Sst-10","ANGEL2",-0.0722540797616963,0.137592843720894,0.59949307629371,-0.341931097985098,0.197422938461705,5,0.0123897885669508,12.5815896328944,0.999123450623938
"Sst-10","UBE2G2",0.106023417563607,0.155040789268812,0.494074884368057,-0.197850945537929,0.409897780665144,5,0.0661865628377686,56.6766761717148,0.999123450623938
"Sst-10","CHSY3",-0.0287738971670668,0.0846958299592818,0.734058241319243,-0.194774673527988,0.137226879193854,5,0,0,0.999123450623938
"Sst-10","ZNF250",-0.055001042555994,0.153946846705212,0.720887485586718,-0.356731317631719,0.246729232519731,5,0,0,0.999123450623938
"Sst-10","PELP1",-0.198025118427454,0.155895427104953,0.203997985869947,-0.50357454090765,0.107524304052743,5,4.28993180010881e-06,0.00339640800043739,0.999123450623938
"Sst-10","RIPK1",-0.122755536436334,0.117930824098273,0.297916681290146,-0.353895704336077,0.10838463146341,5,5.46945673413861e-06,0.00602638358361359,0.999123450623938
"Sst-10","FBXO36",0.0526655823312673,0.164314200505544,0.748576040760439,-0.269384332808093,0.374715497470628,5,0.0364935892566376,26.8911410442805,0.999123450623938
"Sst-10","NDUFB6",0.104414874843597,0.173395133950607,0.547055121394128,-0.235433342794092,0.444263092481286,5,0.0474775376804496,31.6208722754538,0.999123450623938
"Sst-10","UPF3B",-0.0620610059109232,0.0968545887328443,0.521675541202189,-0.251892511564737,0.12777049974289,5,1.26307193669906e-06,0.00232347756507855,0.999123450623938
"Sst-10","TRAPPC10",-0.138367391176783,0.123496520245522,0.262536826640583,-0.380416123074028,0.103681340720462,5,0,0,0.999123450623938
"Sst-10","FOXN2",-0.170388861948485,0.266805292762023,0.5230661044207,-0.693317626646715,0.352539902749745,5,0.234198181246032,66.5133790593608,0.999123450623938
"Sst-10","MYO18A",0.0800113970276118,0.117535427072982,0.496034242274933,-0.150353806942967,0.31037660099819,5,0,0,0.999123450623938
"Sst-10","VMA21",-0.157658274392869,0.187635498961433,0.400775559647859,-0.525417094578481,0.210100545792743,5,0.0611189211351689,35.1346382057016,0.999123450623938
"Sst-10","ANKRD16",0.0242444683712199,0.124889842076959,0.846076578751152,-0.220535124134514,0.269024060876954,5,0,0,0.999123450623938
"Sst-10","CMAS",-0.0265282445530456,0.158302834121163,0.866914423968389,-0.336796098081144,0.283739608975052,5,0.0409617987294353,33.1571041950224,0.999123450623938
"Sst-10","ASRGL1",0.0781399373330679,0.15180731791754,0.606740985772207,-0.219396938374932,0.375676813041068,5,0.0217143189241567,18.2247016207397,0.999123450623938
"Sst-10","EIF3F",0.0533849578625729,0.165579739283578,0.747140306493592,-0.271145367702772,0.377915283427918,5,0,0,0.999123450623938
"Sst-10","OTUD5",0.215827726835064,0.144457650911489,0.135161151754467,-0.0673040662427149,0.498959519912843,5,0,0,0.999123450623938
"Sst-10","DUSP26",0.0471312788416528,0.14969683261117,0.752879446464234,-0.246269121675962,0.340531679359267,5,0,0,0.999123450623938
"Sst-10","MAPK8IP1",0.219897861342997,0.230253966930933,0.33956600641731,-0.231391621139109,0.671187343825103,5,0.143001068862415,55.7454160160286,0.999123450623938
"Sst-10","CCDC125",-0.268496299650193,0.138937334461479,0.0532979100910323,-0.540808471302687,0.00381587200230188,5,0,0,0.999123450623938
"Sst-10","ST3GAL5",-0.0404198575290379,0.182634502582745,0.824846733892447,-0.398376904925605,0.317537189867529,5,0.106038702999751,67.9205574199347,0.999123450623938
"Sst-10","TXNDC15",0.0813848217720942,0.14206204211845,0.566724426285934,-0.19705166435028,0.359821307894468,5,0,0,0.999123450623938
"Sst-10","CTSL",0.0341967291551322,0.167519362166377,0.838247238352911,-0.294135187404089,0.362528645714354,5,0.0221019583946659,14.9783469163226,0.999123450623938
"Sst-10","PNMA2",-0.0774909912667631,0.0932674387987377,0.406059949163984,-0.260291812242583,0.105309829709056,5,0.00804206774562076,18.3228280067427,0.999123450623938
"Sst-10","NEURL1",0.0788890146815665,0.112838964634222,0.48447129377809,-0.142271292054298,0.300049321417431,5,0.014213875489988,21.6668458228726,0.999123450623938
"Sst-10","USO1",0.0155325475004807,0.140301624073038,0.911847702361751,-0.259453582655152,0.290518677656113,5,0.0400394005358633,41.8425011470872,0.999123450623938
"Sst-10","ADAM19",-0.118441288645766,0.104769716638804,0.25826911969444,-0.32378615992829,0.0869035826367572,5,0,0,0.999123450623938
"Sst-10","RIC1",-0.183147177489567,0.152399468174521,0.229457563166732,-0.481844646374687,0.115550291395553,5,0.0561810230518123,50.8854102541455,0.999123450623938
"Sst-10","EIF1AX",-0.0261968446155668,0.306030064270729,0.931782655125048,-0.626004748772674,0.573611059541541,5,0.373852584542404,81.4317809523568,0.999123450623938
"Sst-10","UTP20",-0.13606624808887,0.147665121975544,0.356814751777178,-0.425484568933651,0.153352072755911,5,4.63797680045649e-06,0.00387911509300008,0.999123450623938
"Sst-10","NLK",0.0671834368283325,0.0827672795995732,0.416955223577523,-0.0950374502851877,0.229404323941853,5,0.00355950621638556,9.91143569018909,0.999123450623938
"Sst-10","AMFR",0.112871125662609,0.143447979714688,0.431373423256873,-0.168281748233211,0.39402399955843,5,0.0290156709964157,28.1458738441702,0.999123450623938
"Sst-10","TCF25",0.143924081015499,0.124330706902867,0.247031070208111,-0.0997596266865251,0.387607788717523,5,0.0391523272141062,52.8574367793362,0.999123450623938
"Sst-10","COMMD6",-0.155168085046959,0.152840029664595,0.309995262414919,-0.454729038585599,0.144392868491681,5,0,0,0.999123450623938
"Sst-10","CCNT1",0.0543314862028751,0.14500463640261,0.707892574236209,-0.229872378737566,0.338535351143317,5,0,0,0.999123450623938
"Sst-10","CSTB",-0.0861007902685519,0.17628104602989,0.625245943622598,-0.431605291644183,0.259403711107079,5,0.0152910055181245,9.42750525030398,0.999123450623938
"Sst-10","VAMP4",0.111203196481402,0.120388332624972,0.355640396681171,-0.124753599622371,0.347159992585175,5,0,0,0.999123450623938
"Sst-10","KCNK1",-0.255215364255004,0.168727288683958,0.130383602879774,-0.585914773284653,0.0754840447746452,5,0,0,0.999123450623938
"Sst-10","NKIRAS1",-0.118521199230236,0.136114861515865,0.383893947070411,-0.385301425561989,0.148259027101517,5,0,0,0.999123450623938
"Sst-10","UVSSA",-0.0680014862274454,0.218503464083961,0.75563742177953,-0.496260406329251,0.36025743387436,5,0.11861759706654,53.0682709883389,0.999123450623938
"Sst-10","LIN54",-0.00639529902936444,0.129228638482097,0.960530201726108,-0.259678776225422,0.246888178166693,5,0,0,0.999123450623938
"Sst-10","KLHL5",0.0602564421975853,0.0631188325710284,0.339754332744162,-0.0634541963878441,0.183967080783015,5,0,0,0.999123450623938
"Sst-10","FDFT1",-0.122013203387224,0.15680397498817,0.436494910983873,-0.429343346996757,0.185316940222309,5,0,0,0.999123450623938
"Sst-10","NBR1",0.156772234868977,0.134059315522765,0.242232683126321,-0.105979195347734,0.419523665085688,5,0,0,0.999123450623938
"Sst-10","NMU",-0.114169639314982,0.231751498554229,0.622268256973898,-0.568394229844456,0.340054951214493,5,0.13527728049404,53.2182175200361,0.999123450623938
"Sst-10","RUNDC3A",0.156143757567864,0.12457471045301,0.210054870476597,-0.0880181883045416,0.400305703440269,5,0,0,0.999123450623938
"Sst-10","KLHDC2",-0.145169827394418,0.111621721914525,0.193411926771385,-0.363944382239233,0.0736047274503972,5,0,0,0.999123450623938
"Sst-10","SPAG16",0.157789099642985,0.126806980473853,0.213379962961047,-0.0907480150740418,0.406326214360011,5,0.0381213339929022,49.3881769289986,0.999123450623938
"Sst-10","ALDH3A2",0.0207766736235783,0.104577696464705,0.842519227078231,-0.184191845033405,0.225745192280562,5,0,0,0.999123450623938
"Sst-10","SIRT2",0.0865072058385766,0.12564222097617,0.491125260593677,-0.159747022212339,0.332761433889492,5,0,0,0.999123450623938
"Sst-10","EIF3A",-0.0678337574307415,0.090787037440033,0.454958246941012,-0.245773081076296,0.110105566214813,5,0,0,0.999123450623938
"Sst-10","RBL1",0.101180696798058,0.122960897201733,0.410582556612048,-0.13981823322407,0.342179626820187,5,0,0,0.999123450623938
"Sst-10","PPP1R16B",-0.243304575579844,0.0954693150551698,0.0108183953002275,-0.430420994716685,-0.0561881564430041,5,2.55453775665308e-06,0.00458947193750161,0.835755272370743
"Sst-10","SYNGR1",-0.0238758569365159,0.132890015804382,0.857414554586297,-0.284335501818063,0.236583787945031,5,0.0368737713880185,42.8088942076297,0.999123450623938
"Sst-10","CFAP161",0.0446111990587612,0.225968130687526,0.843496903636053,-0.39827819874263,0.487500596860152,5,0.190963763754748,76.5578031836945,0.999123450623938
"Sst-10","PPP3CC",-0.0720318123956602,0.0824360770630539,0.38223267606039,-0.233603554466014,0.0895399296746939,5,0,0,0.999123450623938
"Sst-10","STAMBPL1",0.100215561162172,0.157509926308906,0.52461402413907,-0.208498221610841,0.408929343935185,5,0.0263006664804218,20.3524001277427,0.999123450623938
"Sst-10","MSL2",-0.0778342783470181,0.102419172641735,0.447279639520873,-0.278572168051209,0.122903611357172,5,0,0,0.999123450623938
"Sst-10","USP31",-0.208160303859322,0.140188522716534,0.13758096303084,-0.482924759429603,0.0666041517109595,5,0,0,0.999123450623938
"Sst-10","NDUFS5",-0.152663918239143,0.205867221895699,0.458350959957919,-0.556156258752029,0.250828422273743,5,0.073699360993087,34.8777392776069,0.999123450623938
"Sst-10","B3GAT2",0.143675108821956,0.106694295809258,0.17810737239047,-0.0654418683200524,0.352792085963963,5,0.0111264161473938,19.2401833075597,0.999123450623938
"Sst-10","SLC12A2",0.0231304487549874,0.0875288635655943,0.791578952975593,-0.148422971441298,0.194683868951272,5,0,0,0.999123450623938
"Sst-10","FAM177A1",0.0576147074263597,0.104200269053135,0.580316255230293,-0.146614067097169,0.261843481949889,5,0,0,0.999123450623938
"Sst-10","OGFOD1",0.0286078735065585,0.133744218040995,0.830625126135008,-0.233525976994264,0.290741724007381,5,0.00141801424809635,1.37839157555431,0.999123450623938
"Sst-10","ZCCHC17",0.0791309588978555,0.120565617840117,0.511611141686216,-0.157173309842593,0.315435227638304,5,0.0206448217633672,28.3594130254521,0.999123450623938
"Sst-10","BTBD3",-0.116933327578778,0.15614925256664,0.453943914317502,-0.42298023882224,0.189113583664684,5,0,0,0.999123450623938
"Sst-10","CERK",-0.0670533627054312,0.142317740282452,0.637531818393983,-0.345991008020162,0.211884282609299,5,0,0,0.999123450623938
"Sst-10","ZFYVE27",-0.11170777661434,0.118341992157246,0.345200152170427,-0.343653819101264,0.120238265872584,5,0,0,0.999123450623938
"Sst-10","CAB39L",0.0888063349800582,0.12632642977643,0.482061398773873,-0.158788917677273,0.33640158763739,5,0,0,0.999123450623938
"Sst-10","ARG2",-0.06518593331016,0.135889753718156,0.631442724708621,-0.331524956465763,0.201153089845443,5,0,0,0.999123450623938
"Sst-10","LINC01551",0.158583692999195,0.151757123372156,0.296030586192329,-0.138854803207633,0.456022189206024,5,0,0,0.999123450623938
"Sst-10","WDR44",0.0216145560438654,0.108272720329763,0.841769436911361,-0.190596076310648,0.233825188398379,5,4.50248063531289e-06,0.00649388124908702,0.999123450623938
"Sst-10","GDAP1L1",0.10636218022397,0.125399641924158,0.396334572448117,-0.139416601621598,0.352140962069538,5,0.00101266521425926,1.05134201173718,0.999123450623938
"Sst-10","GINM1",0.0280794672445587,0.122884262285947,0.819254941648597,-0.21276926110267,0.268928195591788,5,0,0,0.999123450623938
"Sst-10","ABI3BP",-0.0523472267113803,0.388256434028323,0.892749113021711,-0.813315854172845,0.708621400750085,5,0.556375304438897,77.6048349732356,0.999123450623938
"Sst-10","EPHX4",0.0770028623078124,0.15964711450821,0.629570339773867,-0.235899732364021,0.389905456979646,5,0.00623058823383541,4.48079946230765,0.999123450623938
"Sst-10","GOLGA7B",-0.0282738980737471,0.1295944111764,0.82729494285534,-0.282274276577167,0.225726480429673,5,1.01648191207118e-06,0.00110880132306508,0.999123450623938
"Sst-10","ABHD8",0.123548373030211,0.13677804849911,0.366379258224662,-0.144531675903717,0.39162842196414,5,0,0,0.999123450623938
"Sst-10","NRGN",0.0451760649274665,0.189732871827354,0.811800803510191,-0.326693530537502,0.417045660392435,5,0.08537545346565,47.746554000008,0.999123450623938
"Sst-10","CHMP5",-0.0438518457308174,0.204364499214804,0.830097415327202,-0.444398903910397,0.356695212448762,5,0.099506503416153,49.3692132688178,0.999123450623938
"Sst-10","CUL3",-0.0180727477699865,0.0767802153638242,0.8139115771553,-0.168559204608311,0.132413709068338,5,3.56956800644113e-06,0.00987679565128998,0.999123450623938
"Sst-10","SSX2IP",-0.0760569640913976,0.0909762012508844,0.403149586043325,-0.254367041993399,0.102253113810604,5,0.00697505221584018,16.4668528300098,0.999123450623938
"Sst-10","FBXO33",-0.165189871322316,0.148909034149078,0.267286074092693,-0.457046215227154,0.126666472582523,5,0.0330399992568025,29.8331231310839,0.999123450623938
"Sst-10","ZCCHC8",0.0441609225476222,0.129584219520549,0.733262165006278,-0.209819480677386,0.29814132577263,5,0,0,0.999123450623938
"Sst-10","SNX19",0.166690931539181,0.146026177925677,0.253656074953407,-0.119515117995184,0.452896981073546,5,0.0333624810479937,31.731415045326,0.999123450623938
"Sst-10","TXNDC11",-0.0186003912990184,0.136508800553922,0.891617469178698,-0.286152723957466,0.248951941359429,5,0,0,0.999123450623938
"Sst-10","RAB22A",-0.129835257106281,0.124186592680203,0.295798731107434,-0.373236506122225,0.113565991909663,5,0,0,0.999123450623938
"Sst-10","C6orf89",-0.112561542971468,0.101272906885437,0.266367178830502,-0.311052793076603,0.0859297071336674,5,0,0,0.999123450623938
"Sst-10","SLC4A1AP",0.0780321602323172,0.225722881007712,0.72956898251434,-0.364376557029418,0.520440877494052,5,0.153132579211062,64.2912297345386,0.999123450623938
"Sst-10","DNAJA4",-0.06498054123469,0.182663284750232,0.722035678653351,-0.422994000642929,0.293032918173549,5,0.0367580389629013,20.2029739354998,0.999123450623938
"Sst-10","TMEM192",0.137206197545556,0.127490042751251,0.281832862215668,-0.112669694634368,0.387082089725481,5,0.00454418819391343,4.99836190903654,0.999123450623938
"Sst-10","ACSL1",0.0303380767915058,0.127950564348889,0.812573161550006,-0.220440421133892,0.281116574716904,5,0,0,0.999123450623938
"Sst-10","PPP2R2D",0.149629410019193,0.113594430876537,0.18776325820201,-0.0730115833431448,0.372270403381531,5,0,0,0.999123450623938
"Sst-10","CTTN",-0.161202886376506,0.0960847861307271,0.0934027509228638,-0.349525606654965,0.0271198339019531,5,0.00180884431516631,3.34968682989764,0.999123450623938
"Sst-10","METTL6",-0.0266471271552346,0.143502777285847,0.85268734372706,-0.307907402316968,0.254613148006498,5,0.0419673649130806,42.0095249895036,0.999123450623938
"Sst-10","EPM2A",0.126491543962477,0.116012765299722,0.275570288679848,-0.100889297771876,0.353872385696831,5,1.28899095606084e-07,0.000156900243929712,0.999123450623938
"Sst-10","ZNF804A",0.0115257422973699,0.422875758782659,0.978255851346431,-0.817295514851689,0.840346999446429,5,0.711425574104356,80.8185635876717,0.999123450623938
"Sst-10","GLT1D1",-0.0265929102844306,0.103917428819827,0.798024783247594,-0.230267328137296,0.177081507568435,5,0,0,0.999123450623938
"Sst-10","WWP1",0.152385466623538,0.096388220041177,0.113888260339282,-0.0365319731910906,0.341302906438167,5,0,0,0.999123450623938
"Sst-10","LINGO2",-0.149230620521741,0.190959686673326,0.434521945270061,-0.523504728900513,0.225043487857031,5,0,0,0.999123450623938
"Sst-10","GLO1",0.335225195542892,0.222059201222034,0.131140203265124,-0.100002841288028,0.770453232373811,5,0.137196594478766,56.7328527748827,0.999123450623938
"Sst-10","DLG3",0.0148168718566095,0.125230579580877,0.905816707043643,-0.230630553884986,0.260264297598205,5,0,0,0.999123450623938
"Sst-10","MTMR12",-0.161394316430015,0.127355112576577,0.205055948799798,-0.411005750327149,0.0882171174671196,5,0.0214986084673149,25.7665512337553,0.999123450623938
"Sst-10","PTGES3",0.0382345228431299,0.128117407842502,0.765372345357158,-0.212870982320803,0.289340028007062,5,0,0,0.999123450623938
"Sst-10","DHX57",-0.00663979453046584,0.16501585923404,0.967903931429174,-0.330064935507116,0.316785346446184,5,0.0636356985512417,48.9069657924605,0.999123450623938
"Sst-10","ZNF800",0.0316285032159895,0.136149619392535,0.816299612533654,-0.235219847302215,0.298476853734194,5,0.00229457001410145,2.29348597337266,0.999123450623938
"Sst-10","ZBTB11",-0.135358089072231,0.121197649544716,0.264063779435022,-0.372901117190782,0.102184939046319,5,0,0,0.999123450623938
"Sst-10","CHGA",-0.056238739830099,0.137442000494591,0.682406384900452,-0.325620110762633,0.213142631102435,5,0,0,0.999123450623938
"Sst-10","MTERF4",0.0118794652962124,0.109720920054074,0.913781654549972,-0.203169586360371,0.226928516952796,5,0,0,0.999123450623938
"Sst-10","ADGRB1",-0.296590604091012,0.139634242433437,0.0336656685530804,-0.570268690269083,-0.0229125179129411,5,0.0086568343751841,8.41943967292021,0.999123450623938
"Sst-10","VPS36",-0.099718235845107,0.111323984863945,0.370387372522263,-0.317909236793921,0.118472765103707,5,0,0,0.999123450623938
"Sst-10","KCNAB2",0.206046299577196,0.23898543836415,0.388593459585372,-0.262356552446055,0.674449151600448,5,0.201071976772533,71.8995184814212,0.999123450623938
"Sst-10","FAM8A1",0.100264188114964,0.143936780727323,0.486062607933837,-0.181846718161228,0.382375094391156,5,0,0,0.999123450623938
"Sst-10","SNED1",0.13782964391485,0.14474877969499,0.340996065840109,-0.145872751093453,0.421532038923153,5,0,0,0.999123450623938
"Sst-10","RASGEF1A",0.0765037912512697,0.177436624313311,0.666351149879035,-0.271265601941184,0.424273184443723,5,0.0581282724634083,38.1549073743037,0.999123450623938
"Sst-10","MLXIP",0.237815075785836,0.12516757982818,0.0574366067385025,-0.00750887270943912,0.483139024281112,5,0.0208622643907112,26.567221373833,0.999123450623938
"Sst-10","CAMK1D",-0.166644533107473,0.0838193180239036,0.0467962162519665,-0.330927377643033,-0.00236168857191305,5,6.42026000143313e-06,0.0163144400320841,0.999123450623938
"Sst-10","GABRG2",0.127118718797433,0.0896865262261464,0.156375668102308,-0.0486636425043211,0.302901080099187,5,0.00629958333086382,15.1300965634571,0.999123450623938
"Sst-10","RAB15",0.202395736765293,0.170125540390547,0.234170377446193,-0.131044195250593,0.535835668781179,5,0.0450552421253032,31.4683696101751,0.999123450623938
"Sst-10","IMMP1L",0.13320861742311,0.118926500682028,0.262674575787452,-0.0998830407210429,0.366300275567264,5,0,0,0.999123450623938
"Sst-10","ATPAF1",0.129954221312358,0.0947899678193108,0.170384245266469,-0.0558307017092014,0.315739144333918,5,0,0,0.999123450623938
"Sst-10","PAQR3",-0.0224641926888679,0.245528787284002,0.927100779580285,-0.503691772933308,0.458763387555572,5,0.1912512574222,66.330278711771,0.999123450623938
"Sst-10","SAFB",0.0308299623264681,0.0978938701643152,0.75281289659757,-0.16103849750283,0.222698422155766,5,0,0,0.999123450623938
"Sst-10","PARVB",-0.211372820377849,0.143184432680682,0.139882785785109,-0.492009151578787,0.069263510823088,5,0.00462380706919393,4.25665056124187,0.999123450623938
"Sst-10","CFDP1",0.000514204846413981,0.0904862757077575,0.99546589914682,-0.176835636635952,0.17786404632878,5,0,0,0.99951797780414
"Sst-10","PRMT1",0.127748233586463,0.182362500241238,0.48360380078616,-0.229675699017041,0.485172166189967,5,0.0274947033631198,16.3770453871067,0.999123450623938
"Sst-10","SPIN3",-0.0150977253113262,0.118217472260639,0.898377325070472,-0.246799713285541,0.216604262662888,5,0,0,0.999123450623938
"Sst-10","ANKRD50",-0.0974212631883804,0.108643402551406,0.369875463136991,-0.310358419347023,0.115515892970262,5,0,0,0.999123450623938
"Sst-10","TANGO6",-0.18414441284478,0.119834003319049,0.124375991571539,-0.41901474347337,0.0507259177838102,5,0.0193970993516689,26.7775594602102,0.999123450623938
"Sst-10","TEFM",-0.0213735736905695,0.136670504073555,0.87572750164297,-0.289242839423671,0.246495692042532,5,0,0,0.999123450623938
"Sst-10","EFHC1",0.253444825735875,0.144818849119658,0.0801042073995764,-0.0303949028211952,0.537284554292945,5,0.00770344787890169,6.68438285253421,0.999123450623938
"Sst-10","DAGLB",-0.00466170313743184,0.143344911536188,0.974056662384148,-0.285612567115441,0.276289160840577,5,4.55737690764153e-06,0.00384940248582884,0.999123450623938
"Sst-10","PDCD5",-0.141218076779435,0.134860521644221,0.295034226176812,-0.405539842138391,0.123103688579522,5,0,0,0.999123450623938
"Sst-10","TAF1B",-0.0331207401445643,0.123306941497427,0.788234418662279,-0.274797904523308,0.208556424234179,5,0,0,0.999123450623938
"Sst-10","HMGN2",0.114939263895486,0.141744816360242,0.41742961433474,-0.162875471165832,0.392753998956804,5,0,0,0.999123450623938
"Sst-10","BIRC2",0.0519088401775255,0.119004874534736,0.66269824899214,-0.181336427895264,0.285154108250315,5,0,0,0.999123450623938
"Sst-10","ZNF254",0.11654604366001,0.0982227711923082,0.235405913440797,-0.0759670503386326,0.309059137658652,5,0,0,0.999123450623938
"Sst-10","TAF1",-0.00965431407119616,0.0907525642388263,0.915280368633791,-0.187526071483953,0.168217443341561,5,0,0,0.999123450623938
"Sst-10","TUBB4B",0.115369181141407,0.175663365194449,0.511333382855846,-0.228924688042819,0.459663050325634,5,0,0,0.999123450623938
"Sst-10","NCAPD3",0.267443064407057,0.183295205858336,0.144542046069268,-0.0918089376141363,0.626695066428251,5,0.061992201027626,37.7066102229178,0.999123450623938
"Sst-10","RPL24",0.00322561498079982,0.147086854975713,0.982503792624122,-0.285059323370865,0.291510553332464,5,0,0,0.999123450623938
"Sst-10","YAF2",-0.0720044113725941,0.15975250657386,0.652187929430149,-0.385113570697358,0.24110474795217,5,0.0740961477273542,60.444121253709,0.999123450623938
"Sst-10","PPT1",0.0911380088612492,0.160904426879549,0.571114539031824,-0.224228872775726,0.406504890498225,5,0.0584830199473149,46.9711980746085,0.999123450623938
"Sst-10","CAMTA2",-0.0518001027197672,0.119524437627906,0.664735069731278,-0.286063695742868,0.182463490303333,5,0,0,0.999123450623938
"Sst-10","BMP3",0.065040088193135,0.184185302015907,0.7239961420152,-0.295956470239675,0.426036646625945,5,0.061968705768701,37.0905508142328,0.999123450623938
"Sst-10","ELMO1",-0.156015942928218,0.0867532041170561,0.0721155034837565,-0.3260490985411,0.0140172126846638,5,0.00807275782252029,20.9691900360676,0.999123450623938
"Sst-10","NPAT",0.255622680158657,0.0962237620665411,0.00789460935461944,0.0670275720512855,0.444217788266029,5,2.04350606975119e-06,0.00346129463968124,0.765906503041559
"Sst-10","NCOA6",-0.020836752485977,0.0798584516580093,0.794153377634662,-0.177356441596808,0.135682936624854,5,0,0,0.999123450623938
"Sst-10","RFC1",0.289787291781464,0.182232626061647,0.111788531316212,-0.0673820921075181,0.646956675670447,5,0.08027146355053,49.1812651767193,0.999123450623938
"Sst-10","ABCA9",0.284996146797723,0.243938201790388,0.242680575685637,-0.193113943164902,0.763106236760349,5,0.218659245177762,76.2002757858163,0.999123450623938
"Sst-10","BROX",-0.246106276643463,0.13683703858421,0.0720921823919375,-0.514301944019632,0.0220893907327053,5,0,0,0.999123450623938
"Sst-10","BTBD1",0.00873976634315714,0.112121320126823,0.937868468624533,-0.211013983004502,0.228493515690816,5,0,0,0.999123450623938
"Sst-10","KCNK3",0.0736171719288786,0.19323577519411,0.703224976991188,-0.305117987976255,0.452352331834012,5,0.0620670552531946,33.3913490653091,0.999123450623938
"Sst-10","USP12",-0.0980388002140887,0.118540428710133,0.408209015601015,-0.330373771197887,0.13429617076971,5,8.70738812678916e-07,0.00102852184398582,0.999123450623938
"Sst-10","SLC38A9",0.0549894834835831,0.102056845581881,0.590016377092168,-0.145038258232669,0.255017225199836,5,0,0,0.999123450623938
"Sst-10","RING1",-0.00963003063193991,0.132057984140252,0.941867594660763,-0.268458923417795,0.249198862153916,5,0,0,0.999123450623938
"Sst-10","FECH",-0.0063581588217811,0.266965918640873,0.980999083199934,-0.529601744457542,0.516885426813979,5,0.235007936801316,68.1737031213029,0.999123450623938
"Sst-10","NLN",0.0561689329612633,0.115371017161229,0.626361235606151,-0.169954105534499,0.282291971457026,5,0,0,0.999123450623938
"Sst-10","ZNF407",0.147016753583053,0.109559812149011,0.179633034294522,-0.0677165323819833,0.361750039548089,5,0.0177119168625657,29.29773742179,0.999123450623938
"Sst-10","MTCH2",0.147918686209314,0.10561885791852,0.161365128898028,-0.0590904713992372,0.354927843817866,5,8.87258927327473e-07,0.00123407144888206,0.999123450623938
"Sst-10","CAPRIN1",0.0206648599821816,0.108370596452776,0.848770852813601,-0.191737606048383,0.233067326012746,5,0,0,0.999123450623938
"Sst-10","NSA2",0.176021532402159,0.150816998143055,0.243161918717857,-0.119574352214672,0.471617417018991,5,0.00891825631828523,7.36257013615443,0.999123450623938
"Sst-10","PDPR",-0.0709917637592422,0.174058221032544,0.683374867424259,-0.41213960819614,0.270156080677656,5,0.0251197504152543,16.4287491115988,0.999123450623938
"Sst-10","TPD52L2",0.0528281713772379,0.120267543756927,0.660476466786116,-0.182891882895434,0.288548225649909,5,0,0,0.999123450623938
"Sst-10","DOCK10",-0.117638734363903,0.187162129249933,0.529650777710202,-0.484469766963602,0.249192298235796,5,0.0610440939410707,35.9012516284234,0.999123450623938
"Sst-10","PIGZ",-0.0906821028669613,0.240446937340106,0.706069736733158,-0.561949440246528,0.380585234512606,5,0.177992164589423,63.858869711729,0.999123450623938
"Sst-10","ADAM22",-0.0711425291944291,0.075188975236477,0.344055261943935,-0.218510212692398,0.0762251543035399,5,0.0109285687346415,40.5391795874622,0.999123450623938
"Sst-10","FLRT3",0.126119348279869,0.143025945457845,0.377888490183162,-0.154206353672299,0.406445050232036,5,0,0,0.999123450623938
"Sst-10","IRF2BP2",-0.0445002859983739,0.146282741204913,0.76096992062839,-0.331209190319797,0.24220861832305,5,0,0,0.999123450623938
"Sst-10","SIRT5",0.159344785921683,0.157251885249408,0.310912482719265,-0.148863245668182,0.467552817511548,5,0.0385602090456178,31.5922934069075,0.999123450623938
"Sst-10","IPMK",-0.000709081692934977,0.196881064879666,0.997126366050656,-0.386588878094973,0.385170714709103,5,0.0961007735170922,51.1482532056926,0.99951797780414
"Sst-10","OSBPL5",0.022963083525299,0.109742864344448,0.834257426825565,-0.192128978150084,0.238055145200682,5,0,0,0.999123450623938
"Sst-10","NF2",0.027335162555498,0.132408811228704,0.836443172343837,-0.232181338688524,0.286851663799521,5,3.44103780209445e-06,0.00359712730995971,0.999123450623938
"Sst-10","SMC6",0.0383603986667038,0.0960904060664221,0.689737343295866,-0.149973336483313,0.22669413381672,5,0,0,0.999123450623938
"Sst-10","JAKMIP3",0.0128952791085863,0.0958019904872881,0.892925408182304,-0.174873171893747,0.20066373011092,5,0,0,0.999123450623938
"Sst-10","ZFYVE26",0.0309955663145581,0.133987362100745,0.817056877588855,-0.231614837786428,0.293605970415545,5,0,0,0.999123450623938
"Sst-10","CDC37",0.072203261825289,0.117401661143598,0.538547743994498,-0.157899765741338,0.302306289391916,5,5.3448620218124e-06,0.00627115106892829,0.999123450623938
"Sst-10","BRD8",-0.00941456907339903,0.124871563324997,0.939901217460196,-0.254158335883606,0.235329197736808,5,0,0,0.999123450623938
"Sst-10","ELOVL7",0.095592568061358,0.140329106917032,0.495743232882894,-0.179447427478696,0.370632563601412,5,0,0,0.999123450623938
"Sst-10","SMIM8",-0.0830769125327033,0.141722790054169,0.5577458011913,-0.360848476827406,0.194694651761999,5,0,0,0.999123450623938
"Sst-10","PYGO1",0.0138167085292344,0.134763419982244,0.918339446712738,-0.250314741069409,0.277948158127878,5,0.00778444642190962,8.09981805787143,0.999123450623938
"Sst-10","PPP3CA",0.0226780268453717,0.0821584558910874,0.782526629803778,-0.138349587726582,0.183705641417326,5,0.0141451460292713,43.2003364738381,0.999123450623938
"Sst-10","PISD",0.17477701227972,0.101469532788749,0.0849865780673435,-0.0240996175143344,0.373653642073775,5,0,0,0.999123450623938
"Sst-10","NHSL2",-0.345845950663868,0.147714677600087,0.0192161695998227,-0.635361398747983,-0.0563305025797524,5,0,0,0.960663479470745
"Sst-10","SRSF3",-0.0954383644719242,0.140014001161882,0.495470135660407,-0.369860764080563,0.178984035136715,5,0,0,0.999123450623938
"Sst-10","VPS39",-0.086572568112896,0.123616192896923,0.483719019601691,-0.32885585409682,0.155710717871028,5,0.00569358623968315,6.65543135285815,0.999123450623938
"Sst-10","HBP1",0.0907172002037585,0.205202210121703,0.6584263544072,-0.3114717411828,0.492906141590317,5,0.129915258401939,64.2168999289258,0.999123450623938
"Sst-10","RBM48",0.012798162747356,0.185758020494742,0.94507163902685,-0.351280867261792,0.376877192756504,5,0.0504227314432254,29.2026720014015,0.999123450623938
"Sst-10","BRINP1",0.0747672107494435,0.0711676802894172,0.293452375217159,-0.0647188794810754,0.214253300979962,5,0,0,0.999123450623938
"Sst-10","DACH2",0.00514965625654317,0.130985448671934,0.968639470717661,-0.251577105639267,0.261876418152353,5,0,0,0.999123450623938
"Sst-10","LSM8",-0.183781880856227,0.179015912492107,0.304597946566212,-0.53464662200033,0.167082860287877,5,0.0458236244697951,28.7093600340297,0.999123450623938
"Sst-10","TFDP2",0.10206758233869,0.0710645484255198,0.150926714406817,-0.0372163731529319,0.241351537830311,5,2.99586219842942e-07,0.00107220794137212,0.999123450623938
"Sst-10","ZDHHC18",-0.0329556984723782,0.142721932211939,0.817385935091169,-0.312685545411746,0.24677414846699,5,0,0,0.999123450623938
"Sst-10","AK5",-0.121060867554164,0.207731752563606,0.560044791402196,-0.528207621024219,0.28608588591589,5,0.145718443375252,71.6334380175837,0.999123450623938
"Sst-10","SMARCAL1",0.239249585603397,0.110923017680951,0.0310136475133634,0.0218444658922339,0.45665470531456,5,0,0,0.999123450623938
"Sst-10","C1D",0.237919891337605,0.132282469827923,0.0720859969503263,-0.021348985311129,0.49718876798634,5,0.0113105625229787,12.0118516561978,0.999123450623938
"Sst-10","BNIP3",0.0950088229046782,0.18984484800566,0.616754662162242,-0.277080241836896,0.467097887646252,5,0.065234397191465,36.7371410610434,0.999123450623938
"Sst-10","TMEM260",0.155314396541058,0.121032379378709,0.19940567370293,-0.0819047080044004,0.392533501086516,5,0.0212015574485196,29.0321982326575,0.999123450623938
"Sst-10","ENPP4",-0.102228021713098,0.137362490295034,0.456742909524269,-0.371453555518097,0.166997512091901,5,0,0,0.999123450623938
"Sst-10","SLC8A3",-0.0150856048779933,0.0806159765462753,0.851559317901649,-0.173090015487219,0.142918805731232,5,0,0,0.999123450623938
"Sst-10","DGUOK",0.00865400071309702,0.126826902322753,0.945598772833233,-0.239922160110278,0.257230161536472,5,0,0,0.999123450623938
"Sst-10","RALA",-0.0645661842485095,0.107239189353921,0.547123288079584,-0.274751133113465,0.145618764616446,5,0,0,0.999123450623938
"Sst-10","CLIP2",-0.0274426139778868,0.0941870852450471,0.770773853297127,-0.212045908866983,0.157160680911209,5,0,0,0.999123450623938
"Sst-10","ANKRD46",0.139841175316722,0.122425816130785,0.253349144410916,-0.100109015077539,0.379791365710982,5,0,0,0.999123450623938
"Sst-10","DICER1",0.019431924925045,0.0717502199924068,0.786523791484917,-0.121195922142898,0.160059771992988,5,5.53107751148261e-07,0.00179436865759302,0.999123450623938
"Sst-10","RNF114",-0.00306918479575997,0.140130607329011,0.982525877587255,-0.277720128292347,0.271581758700827,5,0,0,0.999123450623938
"Sst-10","RBSN",0.0212623432980649,0.113346896471299,0.851200839532174,-0.200893491545071,0.243418178141201,5,0,0,0.999123450623938
"Sst-10","NUDT5",0.00092483231560654,0.108486199483282,0.993198208695635,-0.211704211491254,0.213553876122467,5,0,0,0.99951797780414
"Sst-10","ARHGAP24",-0.015547467836096,0.171034271489841,0.927569947691281,-0.35076848007823,0.319673544406038,5,0,0,0.999123450623938
"Sst-10","BRINP3",0.141088464872213,0.195848360325595,0.471280930875276,-0.242767267797176,0.524944197541602,5,0.113215679186666,62.6354907188989,0.999123450623938
"Sst-10","CDH13",0.109044980187164,0.0945024520621169,0.248547240283974,-0.0761764223053086,0.294266382679636,5,0,0,0.999123450623938
"Sst-10","RNF11",-0.0609117557659574,0.103707423677834,0.556973843712804,-0.264174571103949,0.142351059572034,5,0.0115154200080467,20.7803366149034,0.999123450623938
"Sst-10","MAP3K4",0.0466052402132131,0.0794169239590656,0.557309371819926,-0.109049070509512,0.202259550935938,5,0,0,0.999123450623938
"Sst-10","ABHD17B",0.00649805611796058,0.123541305178597,0.958052013514512,-0.235638452635162,0.248634564871083,5,0,0,0.999123450623938
"Sst-10","PTOV1",0.204086810470588,0.13702561707946,0.136380423797202,-0.0644784639645296,0.472652084905705,5,0,0,0.999123450623938
"Sst-10","BICDL1",-0.0733835095687482,0.113294986871173,0.517165605513727,-0.295437603465186,0.148670584327689,5,0.0264616709865524,43.2024138663033,0.999123450623938
"Sst-10","TCEAL3",0.00537580329628882,0.142343903979856,0.969874009890187,-0.273613121923057,0.284364728515635,5,0,0,0.999123450623938
"Sst-10","ARRB1",-0.0690819158277571,0.120083820708341,0.565101407973926,-0.30444187954207,0.166278047886556,5,0.0203535728436361,28.3559753614397,0.999123450623938
"Sst-10","PARP11",0.0171531150851669,0.160814878065939,0.915055755936858,-0.298038254102273,0.332344484272607,5,0.0512758502063132,40.9023806853782,0.999123450623938
"Sst-10","R3HDM1",-0.0861966485144954,0.0655724034277092,0.188669155282801,-0.214716197612536,0.0423229005835453,5,0,0,0.999123450623938
"Sst-10","NSMAF",0.020690799640334,0.0913547079630553,0.820821427068306,-0.158361137785429,0.199742737066097,5,0.00508710013904007,11.4448604242628,0.999123450623938
"Sst-10","DHRS7B",0.0958728565111081,0.132170009817361,0.468221840454149,-0.163175602567225,0.354921315589441,5,1.36582156622623e-06,0.00136872317095874,0.999123450623938
"Sst-10","METAP2",-0.0893490018809381,0.130877922276078,0.494802976354765,-0.345865015913483,0.167167012151607,5,0.0263352348969183,31.1446486924196,0.999123450623938
"Sst-10","PCF11",-0.222028369430907,0.122493929351926,0.0698987380499808,-0.462112059285477,0.0180553204236624,5,0,0,0.999123450623938
"Sst-10","SNPH",-0.00963805027553712,0.120862911884207,0.936441138790442,-0.24652500463522,0.227248904084146,5,0,0,0.999123450623938
"Sst-10","GRIA2",-0.0134653839179849,0.0475067483901031,0.776838421439548,-0.106576899785193,0.0796461319492234,5,0,0,0.999123450623938
"Sst-10","NIPBL",0.0134397712175998,0.0680624835356586,0.843465819048396,-0.119960245210641,0.146839787645841,5,0,0,0.999123450623938
"Sst-10","INTS6",0.00169240957004614,0.121490185940041,0.988885490763459,-0.236423979347508,0.2398087984876,5,0.00938025103788793,12.016176992735,0.999123450623938
"Sst-10","ANO4",-0.0126341942748671,0.0594857493288013,0.831802577174873,-0.129224120552695,0.103955732002961,5,0,0,0.999123450623938
"Sst-10","EAPP",0.196733857899685,0.116775061340023,0.0920416529117528,-0.0321410566192151,0.425608772418585,5,3.82492916762353e-07,0.000477229257755821,0.999123450623938
"Sst-10","PPP3CB",-0.0851466303887973,0.0653347724116791,0.192494187874698,-0.213200431253809,0.0429071704762149,5,0.000443430387087477,1.83558738043897,0.999123450623938
"Sst-10","MAP3K9",-0.0405605039568757,0.106312457673611,0.702816211651979,-0.248929092105092,0.167808084191341,5,0,0,0.999123450623938
"Sst-10","GOT2",-0.0548554835134633,0.144266378338053,0.70376914312525,-0.337612389236077,0.227901422209151,5,0,0,0.999123450623938
"Sst-10","HNRNPD",-0.0334082427582473,0.0825833075711049,0.68581574534602,-0.195268551321807,0.128452065805312,5,0.000320283418129723,0.785769977549188,0.999123450623938
"Sst-10","EIF2AK3",-0.1548274224125,0.128130511173613,0.22690990518412,-0.405958609633488,0.0963037648084882,5,0,0,0.999123450623938
"Sst-10","SACS",-0.115327355712577,0.0869854377543441,0.184898097828889,-0.285815680890542,0.0551609694653879,5,0,0,0.999123450623938
"Sst-10","VKORC1L1",0.000799957592283154,0.104979425348827,0.993920069260621,-0.204955935209128,0.206555850393695,5,2.30078199936616e-06,0.00376027746467444,0.99951797780414
"Sst-10","CNTN3",0.108942466781869,0.061348398840688,0.0757659411533168,-0.0112981854550789,0.229183119018816,5,8.32386812517133e-06,0.0376909893051523,0.999123450623938
"Sst-10","C1GALT1",-0.192901589226796,0.114516030776005,0.0920862001418132,-0.417348885200246,0.0315457067466548,5,0,0,0.999123450623938
"Sst-10","ZNF791",0.000310107984918588,0.132280177831392,0.998129499440022,-0.258954276433163,0.259574492403,5,3.06659312909539e-07,0.000323532304627166,0.99951797780414
"Sst-10","GTF3A",0.148023982199927,0.150133830003667,0.324159177359562,-0.146232917468319,0.442280881868172,5,0,0,0.999123450623938
"Sst-10","AHDC1",0.229369189074615,0.119531664404456,0.0549971195739713,-0.00490856817024732,0.463646946319477,5,0,0,0.999123450623938
"Sst-10","REPS1",-0.0512003140136787,0.0814973383954657,0.529843305482462,-0.210932162104665,0.108531534077307,5,0.000207397236764897,0.532703573404843,0.999123450623938
"Sst-10","GATAD2B",0.00305243953193795,0.0947921330119414,0.97431143854344,-0.182736727189198,0.188841606253073,5,0.00782288854307319,16.7521033254212,0.999123450623938
"Sst-10","ABHD2",-0.0218149703745096,0.130267648596044,0.867006004899837,-0.277134869973476,0.233504929224457,5,0.0508826892488144,62.5356122901653,0.999123450623938
"Sst-10","LRP12",0.000190570549529806,0.119802161819363,0.998730797234545,-0.234617351886461,0.23499849298552,5,0.00720840927054359,9.3514878071632,0.99951797780414
"Sst-10","ZNF277",-0.131445351811731,0.124062511920458,0.289368018440388,-0.374603407007399,0.111712703383937,5,0.00405512972133723,4.92249403184223,0.999123450623938
"Sst-10","TSC2",-0.125712197798794,0.137748313832829,0.361441165240198,-0.395693931842259,0.144269536244671,5,0,0,0.999123450623938
"Sst-10","CEP97",0.0455865713936062,0.11057048848036,0.680130425403408,-0.171127603780901,0.262300746568113,5,0,0,0.999123450623938
"Sst-10","NAT10",0.156215265810231,0.162343244314635,0.335922556798869,-0.16197164617984,0.474402177800303,5,0.0384528905860713,29.7350831571075,0.999123450623938
"Sst-10","LAMC1",-0.039452885738134,0.116261041624101,0.734348015777585,-0.267320340126483,0.188414568650215,5,0,0,0.999123450623938
"Sst-10","PRKRIP1",0.0326393902767193,0.0956613095727387,0.732954979140887,-0.154853331199785,0.220132111753224,5,5.2581743419318e-06,0.0105586871804438,0.999123450623938
"Sst-10","SNX1",0.16756620898267,0.109735255989223,0.126759939346066,-0.0475109405904899,0.38264335855583,5,1.22633584324158e-06,0.00164192403351019,0.999123450623938
"Sst-10","NUP98",-0.0765100436931502,0.118373139530382,0.518055093213028,-0.308517133909634,0.155497046523334,5,0.0119304485090483,16.3691333162132,0.999123450623938
"Sst-10","TTLL5",0.0107791092446835,0.119527395072176,0.928143321241809,-0.223490280262672,0.245048498752039,5,0.0194485272408547,27.0922764686058,0.999123450623938
"Sst-10","STAMBP",0.0283508175190143,0.158424973236856,0.857973648450947,-0.282156424276946,0.338858059314974,5,0.0274859630487278,20.9254392625902,0.999123450623938
"Sst-10","TUBGCP3",0.12128097200468,0.100689592090888,0.228395007394819,-0.0760670021114884,0.318628946120849,5,0.00455670643389369,8.08756616859061,0.999123450623938
"Sst-10","CHD3",0.00642954780163894,0.161478013009661,0.968239132753982,-0.310061541992387,0.322920637595665,5,0.0569147255849019,45.7375479584426,0.999123450623938
"Sst-10","HNRNPL",0.0274889713447745,0.118479310750661,0.816526402282015,-0.204726210639651,0.2597041533292,5,3.37698655366183e-06,0.00439918275037619,0.999123450623938
"Sst-10","NAF1",-0.122061237383055,0.128139941190619,0.34081204342531,-0.373210907097748,0.129088432331638,5,0,0,0.999123450623938
"Sst-10","DPY19L3",0.104851062433345,0.129015159424003,0.416388114873975,-0.148014003497395,0.357716128364085,5,0,0,0.999123450623938
"Sst-10","LINC01252",-0.072766432418239,0.180274082820834,0.686475012437171,-0.426097142093065,0.280564277256588,5,0.0373591860423727,22.697792444406,0.999123450623938
"Sst-10","ZNF549",0.085716453296142,0.122368260225673,0.483627925850637,-0.154120929597003,0.325553836189287,5,0,0,0.999123450623938
"Sst-10","STAG1",0.00209227942397143,0.0636323310781854,0.973769675575008,-0.122624797741601,0.126809356589544,5,0.000517493491720248,2.21137733911933,0.999123450623938
"Sst-10","TRMT13",-0.0564524204363937,0.128593884673848,0.660663198201896,-0.308491803029233,0.195586962156445,5,0,0,0.999123450623938
"Sst-10","TRIM23",-0.0289505850676953,0.0938618380596999,0.757748848050596,-0.212916407187438,0.155015237052047,5,0,0,0.999123450623938
"Sst-10","MLEC",-0.0347908503080242,0.13065117463768,0.790017353376982,-0.29086244713573,0.221280746519681,5,0,0,0.999123450623938
"Sst-10","VDAC2",-0.0739490644966671,0.162095090754964,0.648240469369754,-0.391649604447149,0.243751475453815,5,0,0,0.999123450623938
"Sst-10","NRDE2",0.217664146555827,0.111982703971757,0.0519280131511016,-0.00181792012022708,0.437146213231882,5,0,0,0.999123450623938
"Sst-10","GGNBP2",-0.14162868252706,0.0968728244635076,0.14373947538619,-0.331495929556206,0.0482385645020851,5,0,0,0.999123450623938
"Sst-10","TFB1M",0.00445757158360685,0.138746985131367,0.974370500387778,-0.267481522237386,0.2763966654046,5,0,0,0.999123450623938
"Sst-10","CEP78",-0.192005701637854,0.128636483081498,0.135536045199671,-0.444128575575486,0.0601171722997781,5,0,0,0.999123450623938
"Sst-10","TSNARE1",0.0107277757745688,0.116131602005809,0.92639928721648,-0.216885981623757,0.238341533172895,5,0,0,0.999123450623938
"Sst-10","MON2",-0.075035588978869,0.0604117037838733,0.214210589203208,-0.193440352639963,0.0433691746822248,5,0,0,0.999123450623938
"Sst-10","RFX3",-0.0506373752958534,0.127928299257871,0.692233231556832,-0.301372234444742,0.200097483853035,5,0.0523735092688393,66.6440297331992,0.999123450623938
"Sst-10","GABRA4",0.00077684904092448,0.0763139350180528,0.991877955831516,-0.148795715112989,0.150349413194838,5,0,0,0.99951797780414
"Sst-10","PPID",0.154323836569007,0.147012066838893,0.293839577500085,-0.133814519728019,0.442462192866032,5,0.00479337473915482,4.18442483512582,0.999123450623938
"Sst-10","ASH2L",0.0352616860525975,0.136877652420795,0.796704336107869,-0.233013582980553,0.303536955085748,5,0.0176057383452804,18.4043276364141,0.999123450623938
"Sst-10","PAPSS2",-0.0527561004727117,0.194362244677245,0.786058920963967,-0.433699099994474,0.328186899049051,5,0.0509954421716828,26.613215082898,0.999123450623938
"Sst-10","SNRNP200",-0.353365872496799,0.130904804313838,0.00694623263025448,-0.609934574355186,-0.0967971706384126,5,0,0,0.718523012583781
"Sst-10","DCTN5",0.0524071286072745,0.108955313683653,0.630518959713801,-0.161141362136949,0.265955619351498,5,0,0,0.999123450623938
"Sst-10","AACS",-0.0610438002859275,0.119305898329501,0.608890485404413,-0.294879064154946,0.172791463583091,5,0.00403925067874471,5.04197815612357,0.999123450623938
"Sst-10","GNA12",-0.0619262146835231,0.119621686088112,0.604678869881652,-0.296380411186178,0.172527981819132,5,0,0,0.999123450623938
"Sst-10","ABCE1",0.11481270166439,0.124947592895706,0.358154752007894,-0.130080080366166,0.359705483694946,5,0,0,0.999123450623938
"Sst-10","STK4",-0.0668859000157368,0.114554067567366,0.55930063260067,-0.291407746730341,0.157635946698867,5,0,0,0.999123450623938
"Sst-10","SLC22A23",0.00136394645339564,0.095020120338685,0.988547326167132,-0.184872067217089,0.18759996012388,5,0.0062119822114451,13.1317722590383,0.999123450623938
"Sst-10","FAF2",-0.0790063778748407,0.109103704812479,0.468979671097477,-0.292845709887188,0.134832954137507,5,0,0,0.999123450623938
"Sst-10","CXADR",0.00353999726635904,0.114330705611269,0.975299217238609,-0.22054406805878,0.227624062591498,5,0,0,0.999123450623938
"Sst-10","SH3GL2",-0.0498043780757625,0.137344514441129,0.716885992340511,-0.318994679854517,0.219385923702992,5,0.0508334975867826,55.5728946107509,0.999123450623938
"Sst-10","JKAMP",0.0771080227593199,0.140909452846592,0.584229781557597,-0.199069429901246,0.353285475419886,5,0,0,0.999123450623938
"Sst-10","B3GALNT1",-0.0701486365097396,0.117446438868906,0.550319162041638,-0.30033942680528,0.160042153785801,5,0,0,0.999123450623938
"Sst-10","ETFDH",-0.0853887131783471,0.157506822276606,0.58773096675203,-0.394096412159846,0.223318985803152,5,0.0631753550259156,51.8815131973304,0.999123450623938
"Sst-10","KLHL42",-0.0955669676898427,0.0939909369560463,0.30926385543255,-0.279785818996868,0.0886518836171828,5,2.98032899468308e-06,0.00542691415133582,0.999123450623938
"Sst-10","SFSWAP",0.0188664585872812,0.092023130867733,0.837557549438368,-0.161495563658092,0.199228480832654,5,0,0,0.999123450623938
"Sst-10","PTPRS",-0.000523801819520266,0.0863416610115506,0.995159569363841,-0.169750347767526,0.168702744128485,5,0,0,0.99951797780414
"Sst-10","PRKCQ",-0.179106694812865,0.172391952544357,0.298827786452098,-0.516988713024344,0.158775323398614,5,8.07256509656768e-06,0.00517389565284895,0.999123450623938
"Sst-10","PCCB",-0.237787280972573,0.251889195267621,0.34516177558902,-0.731481031791887,0.25590646984674,5,0.219828502840215,72.2272893107746,0.999123450623938
"Sst-10","SEC16A",0.0179962486290937,0.168561171937533,0.914976284892549,-0.312377577560335,0.348370074818522,5,0.0513693645196952,36.9900437098772,0.999123450623938
"Sst-10","PNCK",-0.214590968708344,0.144349678694848,0.137119139721047,-0.497511140130174,0.0683292027134864,5,1.85531193283591e-06,0.00172265849678361,0.999123450623938
"Sst-10","ITGA3",-0.0342098143286558,0.157449657966382,0.827994336318159,-0.342805473320914,0.274385844663602,5,0.0329977451909537,25.9559097245083,0.999123450623938
"Sst-10","FAM171B",0.0941673251438566,0.0843798509553724,0.264425120116838,-0.0712141437495309,0.259548794037244,5,0,0,0.999123450623938
"Sst-10","STAT2",-0.166537541190228,0.126082363532331,0.186547016345246,-0.413654432799282,0.0805793504188267,5,0,0,0.999123450623938
"Sst-10","FLVCR1",-0.0133305404151502,0.130230214105042,0.918469861393284,-0.268577069759973,0.241915988929672,5,0,0,0.999123450623938
"Sst-10","FAM135B",0.176978079168522,0.103792363802383,0.0881726861804288,-0.0264512157544287,0.380407374091472,5,0.0193940920775163,36.8037933546995,0.999123450623938
"Sst-10","BCL2L1",-0.143658489112168,0.114257117024527,0.208635469758552,-0.367598323457619,0.0802813452332844,5,0,0,0.999123450623938
"Sst-10","NDUFV3",0.132207289867951,0.113100176274933,0.242427913642374,-0.0894649822760486,0.353879562011951,5,0,0,0.999123450623938
"Sst-10","NHLRC3",-0.042875101603162,0.141587342848205,0.76202907311737,-0.320381194252368,0.234630991046044,5,0.0222920033181493,21.7474223631442,0.999123450623938
"Sst-10","GALNT11",-0.048545522907818,0.135121921819539,0.719391619745036,-0.313379623195951,0.216288577380315,5,0.0616092153670978,70.1807031801985,0.999123450623938
"Sst-10","IPO8",-0.135391981041353,0.135877542285283,0.319042972741553,-0.401707070228325,0.130923108145619,5,0.0114991255412867,11.7098065514262,0.999123450623938
"Sst-10","DTWD1",0.167620466800289,0.156355889566915,0.283700058505742,-0.138831445521587,0.474072379122164,5,0.0463477864834177,39.2686154729262,0.999123450623938
"Sst-10","HLF",-0.0641197780124323,0.0896422778377347,0.474432946334375,-0.239815414066525,0.111575858041661,5,2.4166740514874e-06,0.00459425656945343,0.999123450623938
"Sst-10","PDIA6",-0.019393791905899,0.118277860590284,0.869756284135594,-0.251214138831305,0.212426555019507,5,0,0,0.999123450623938
"Sst-10","TVP23A",-0.0460658355801529,0.164640460304024,0.77963358570054,-0.368755208174136,0.27662353701383,5,0.0638856560550772,47.9273994496895,0.999123450623938
"Sst-10","ANKRD42",0.0361173016628405,0.125908259901563,0.774224030365327,-0.210658353100332,0.282892956426013,5,0,0,0.999123450623938
"Sst-10","GART",0.166835378547207,0.135749054587446,0.219072384760053,-0.099227879379548,0.432898636473962,5,1.87377062868834e-06,0.00175024916840993,0.999123450623938
"Sst-10","USP34",-0.0328801303939799,0.0521740011172659,0.528562800278796,-0.135139293513174,0.0693790327252137,5,0,0,0.999123450623938
"Sst-10","PNKD",0.0697628976471447,0.119436559979729,0.559153018133285,-0.164328458350481,0.303854253644771,5,0,0,0.999123450623938
"Sst-10","MAPK1IP1L",-0.0478158685460703,0.106169112639158,0.652440377536713,-0.255903505589396,0.160271768497256,5,2.71007093748551e-07,0.0003988143124065,0.999123450623938
"Sst-10","NCBP1",0.0018380360460396,0.155513043861465,0.990569881449092,-0.30296192904863,0.30663800114071,5,0.034409529334628,28.5487527402542,0.999123450623938
"Sst-10","MCCC2",0.0702455497338199,0.117614642441492,0.550339320456306,-0.16027491350606,0.3007660129737,5,0,0,0.999123450623938
"Sst-10","RAB6A",0.0473247065610887,0.0678226639708067,0.485320247274553,-0.0856052721572547,0.180254685279432,5,0,0,0.999123450623938
"Sst-10","SLC43A2",-0.191007583792465,0.155967593504037,0.220702600141719,-0.496698449815761,0.114683282230831,5,0.0256661392649096,20.815346901563,0.999123450623938
"Sst-10","STAM2",-0.219788578937567,0.0965811985949428,0.0228647494571309,-0.409084249767366,-0.0304929081077688,5,0,0,0.999123450623938
"Sst-10","TAB1",-0.0801206896570627,0.122472098350018,0.512985891732709,-0.320161591534146,0.159920212220021,5,0,0,0.999123450623938
"Sst-10","HNRNPUL1",0.155184778160266,0.127778174876795,0.224562271386403,-0.0952558426085141,0.405625398929045,5,0,0,0.999123450623938
"Sst-10","DDX25",0.0769534516062677,0.127433870964675,0.54593028456843,-0.17281234589502,0.326719249107555,5,0,0,0.999123450623938
"Sst-10","ACAP3",-0.122309453805028,0.190697156093816,0.521275442983639,-0.49606901170312,0.251450104093063,5,0.113049528368765,64.0778898896398,0.999123450623938
"Sst-10","GRIN1",0.0126172632020087,0.0650059164239747,0.846102221066559,-0.114791991771002,0.14002651817502,5,0,0,0.999123450623938
"Sst-10","SMPD3",-0.010816462441645,0.135444234547081,0.936349273733218,-0.276282284067519,0.254649359184229,5,0,0,0.999123450623938
"Sst-10","ENTPD6",0.127762493300971,0.134284818791974,0.341386559911886,-0.135430915201785,0.390955901803727,5,5.66282352700316e-07,0.000550624873994615,0.999123450623938
"Sst-10","EIF4G2",-0.0745779562096423,0.112277162377065,0.506542564468804,-0.294637150755046,0.145481238335761,5,0.00351515253439724,4.99083103306736,0.999123450623938
"Sst-10","NPHP4",-0.121253255830235,0.174121901580027,0.486197191560802,-0.462525911846716,0.220019400186246,5,0.0590942741295339,39.8306141577811,0.999123450623938
"Sst-10","GPBP1L1",0.101882361693773,0.0945828278268481,0.281401600039668,-0.0834965744028019,0.287261297790348,5,0,0,0.999123450623938
"Sst-10","VPS4B",-0.0584965033776608,0.104201976410508,0.574541145556348,-0.262728624260149,0.145735617504828,5,0,0,0.999123450623938
"Sst-10","ARHGEF3",0.0675942225666769,0.165245297208078,0.682500153902258,-0.256280608575773,0.391469053709127,5,0.0372958903322783,27.1375598106019,0.999123450623938
"Sst-10","SCN2B",0.0884292992158081,0.157332786834497,0.574080193502616,-0.219937296567123,0.396795894998739,5,0.041772026864888,34.0777475550824,0.999123450623938
"Sst-10","MAML1",-0.179187718252492,0.120093364915337,0.135680770935406,-0.414566388268778,0.0561909517637945,5,0,0,0.999123450623938
"Sst-10","PRDM2",0.0639287877907024,0.0810217918598114,0.430093294273893,-0.0948710062174284,0.222728581798833,5,1.88146375193522e-06,0.00499168978217596,0.999123450623938
"Sst-10","HSD17B4",-0.0367722508792441,0.0847566967794824,0.66439258936065,-0.202892324015612,0.129347822257123,5,0,0,0.999123450623938
"Sst-10","ZBTB43",-0.264935563386253,0.20409973488836,0.194263584201067,-0.664963693021611,0.135092566249105,5,0.118061835371726,61.9801242610254,0.999123450623938
"Sst-10","PLAA",-0.0748328530893481,0.181374862849843,0.679909459518521,-0.430321051975931,0.280655345797235,5,0.0578739549976967,36.3423897906323,0.999123450623938
"Sst-10","NSFL1C",0.0378707013033297,0.124080613138044,0.7602058645475,-0.205322831626883,0.281064234233543,5,0,0,0.999123450623938
"Sst-10","STARD7",0.0550654569658688,0.128387161958149,0.66799484835697,-0.196568756549413,0.306699670481151,5,0,0,0.999123450623938
"Sst-10","ZNF195",-0.0490233745999427,0.134427733599018,0.715348797330699,-0.312496890977363,0.214450141777477,5,0,0,0.999123450623938
"Sst-10","MED13",-0.0704241666332628,0.107372102078981,0.51189563037632,-0.280869619652424,0.140021286385899,5,0.0292059374909177,51.9662180489213,0.999123450623938
"Sst-10","KSR1",-0.108231861814143,0.0982884862277485,0.270824759109897,-0.300873754915492,0.0844100312872049,5,2.32751847175309e-07,0.000406306745174233,0.999123450623938
"Sst-10","ILF3",-0.00840623277131622,0.102068289189992,0.934361312189103,-0.208456403547319,0.191643938004686,5,1.13196508521568e-06,0.00196166644510769,0.999123450623938
"Sst-10","GTF2H3",-0.0441350769059448,0.127072602083909,0.728349622136785,-0.293192800412196,0.204922646600307,5,0,0,0.999123450623938
"Sst-10","PPP1R12A",-0.0248341301638482,0.0651210111665198,0.702940907467761,-0.152468966687058,0.102800706359361,5,0,0,0.999123450623938
"Sst-10","RNLS",0.313861017427901,0.19112146475165,0.100547101489268,-0.0607301701578737,0.688452205013676,5,0.117105516883467,65.6091993401015,0.999123450623938
"Sst-10","GAB2",-0.128972270604267,0.102866709686445,0.209921813300405,-0.330587316797836,0.0726427755893022,5,0.0152637485670756,28.8909202218678,0.999123450623938
"Sst-10","COL26A1",-0.0325160077873236,0.157278804188755,0.8362119840845,-0.340776799528811,0.275744783954164,5,0.0287714025290258,23.0777934042201,0.999123450623938
"Sst-10","TAOK3",-0.0105063387081334,0.0700961535755584,0.8808556082112,-0.147892275171016,0.12687959775475,5,0,0,0.999123450623938
"Sst-10","XYLT1",-0.0238699276467869,0.0743725343672957,0.748247642799833,-0.169637416445654,0.12189756115208,5,0,0,0.999123450623938
"Sst-10","GNB4",-0.255229141814413,0.146334937931592,0.0811340573600508,-0.542040349840237,0.0315820662114112,5,0,0,0.999123450623938
"Sst-10","VTI1A",0.0406070151642399,0.0752467999159561,0.58943769826334,-0.106874002622926,0.188088032951405,5,0.00477200496173495,16.1880204350024,0.999123450623938
"Sst-10","AKAP10",-0.0292882708476118,0.101600712885503,0.773141324919193,-0.228422008906793,0.169845467211569,5,0,0,0.999123450623938
"Sst-10","PPFIA4",0.0220316547471562,0.147100258398309,0.880943670376587,-0.266279553830065,0.310342863324377,5,0.0366627486037682,34.7961770429409,0.999123450623938
"Sst-10","EXOC4",0.0387735256741213,0.061199489390891,0.526368255805617,-0.0811752694042661,0.158722320752509,5,0,0,0.999123450623938
"Sst-10","SLC25A17",0.0093021838605616,0.123135007087476,0.939781419660279,-0.232037995266976,0.250642362988099,5,0,0,0.999123450623938
"Sst-10","PPP2R3C",-0.0413881424885925,0.12986430526296,0.749951746484238,-0.295917503681309,0.213141218704124,5,0,0,0.999123450623938
"Sst-10","BAIAP2",-0.209798712153076,0.273041192694574,0.442262936927042,-0.744949616130301,0.325352191824149,5,0.22986999385335,63.7888015512632,0.999123450623938
"Sst-10","FOCAD",-0.0078275513741887,0.0672894008065477,0.907393655943053,-0.139712353496303,0.124057250747925,5,1.40007452112928e-06,0.00578363493896957,0.999123450623938
"Sst-10","SLC1A4",-0.106851339041641,0.111945853662826,0.339835030711349,-0.326261180439371,0.11255850235609,5,0,0,0.999123450623938
"Sst-10","MLF2",-0.0962518948918,0.218136916717176,0.659035402774397,-0.523792395356079,0.331288605572479,5,0.129196961923956,55.8959120327996,0.999123450623938
"Sst-10","PRKAA1",0.0869967740996569,0.207646961330443,0.675241835032585,-0.319983791607192,0.493977339806506,5,0.111519840788541,53.52299111457,0.999123450623938
"Sst-10","SLC1A1",0.144136241011552,0.108820960161336,0.185328261699695,-0.0691489216677359,0.357421403690839,5,0,0,0.999123450623938
"Sst-10","RALY",0.282813679787529,0.116815007899197,0.0154762204971197,0.0538604714513398,0.511766888123718,5,0,0,0.891144034147969
"Sst-10","ENPP1",0.168770833323026,0.131392077603042,0.198973158938364,-0.0887529066328276,0.426294573278879,5,0,0,0.999123450623938
"Sst-10","QTRT1",-0.161196024171338,0.135514210131281,0.234237540602437,-0.426798995422042,0.104406947079366,5,0,0,0.999123450623938
"Sst-10","FAM13C",0.0116623891290685,0.0846459509894714,0.89041550508687,-0.154240626247438,0.177565404505575,5,0,0,0.999123450623938
"Sst-10","CSNK1A1",0.149962334792433,0.094308737612786,0.111807460047455,-0.0348793943560657,0.334804063940931,5,0.00958055215998671,20.8165133217204,0.999123450623938
"Sst-10","ZNF827",0.0507049305188307,0.148674027028879,0.733067695141836,-0.240690807894307,0.342100668931969,5,9.2860959941699e-07,0.000819000408974926,0.999123450623938
"Sst-10","CHD5",-0.113928699022462,0.12413324476916,0.358726927493153,-0.357225388054109,0.129367990009186,5,0.0400244689212386,53.5083242268496,0.999123450623938
"Sst-10","UBE3B",-0.0354383194679516,0.122248086466277,0.771901508099132,-0.275040166120794,0.20416352718489,5,2.92093057056734e-06,0.00360657944027103,0.999123450623938
"Sst-10","PDSS2",0.126541320016344,0.105755417433467,0.231483196355499,-0.0807354893232494,0.333818129355938,5,0,0,0.999123450623938
"Sst-10","PPP2R5E",-0.0618529691525491,0.0599582670568494,0.302259377382731,-0.179369013159408,0.0556630748543101,5,0,0,0.999123450623938
"Sst-10","APBA1",-0.0183271095457599,0.0703145709643474,0.794366632630606,-0.156141136224267,0.119486917132747,5,0,0,0.999123450623938
"Sst-10","ALG14",-0.0677290368148612,0.142922116012755,0.635579970976504,-0.347851236794116,0.212393163164394,5,1.81673106871793e-06,0.00160854374287984,0.999123450623938
"Sst-10","PALM",-0.0650218580076089,0.128742116431135,0.613520160718088,-0.317351769506097,0.187308053490879,5,0,0,0.999123450623938
"Sst-10","RAB4A",-0.00369538477601479,0.133397584540153,0.977899799316053,-0.265149846099351,0.257759076547322,5,0,0,0.999123450623938
"Sst-10","HDAC2",-0.121281554247585,0.139780121186744,0.385580746923757,-0.395245557528247,0.152682449033076,5,0.011338698332479,10.5205864838651,0.999123450623938
"Sst-10","CEP68",0.118132916786067,0.0985647705531811,0.230710426080864,-0.0750504836426223,0.311316317214756,5,0,0,0.999123450623938
"Sst-10","SMG7",-0.0494634956589207,0.111559654958736,0.657489759716513,-0.268116401505759,0.169189410187917,5,0.00466629384271146,7.03610284499687,0.999123450623938
"Sst-10","PSMB2",-0.0364507384830651,0.186660253348235,0.845174909957034,-0.402298112390728,0.329396635424598,5,0.0824920877092399,49.1164076961027,0.999123450623938
"Sst-10","FLOT2",-0.00192835270379255,0.185183265502711,0.991691608634208,-0.364880883628626,0.36102417822104,5,0.0743205084078859,44.2776965185016,0.99951797780414
"Sst-10","ANKS3",-0.10981360998647,0.162780129408045,0.499921599050636,-0.428856801025007,0.209229581052067,5,0.0516135172930517,39.9286912447476,0.999123450623938
"Sst-10","KCNT1",0.0666517732604639,0.0857563929686137,0.43702768080768,-0.101427668402083,0.234731214923011,5,0,0,0.999123450623938
"Sst-10","ZNF382",-0.0485645977813132,0.115812057829055,0.674967859971281,-0.275552060101732,0.178422864539105,5,0,0,0.999123450623938
"Sst-10","RPL28",0.0308889803336552,0.122493405075788,0.800910811459109,-0.209193681958565,0.270971642625876,5,0,0,0.999123450623938
"Sst-10","TNRC18",-0.0221225464346462,0.087774768001982,0.801011960874216,-0.19415793046989,0.149912837600597,5,0,0,0.999123450623938
"Sst-10","NEU3",0.0525884771919798,0.136830003116301,0.700730614474212,-0.215593400920473,0.320770355304433,5,0,0,0.999123450623938
"Sst-10","ABHD6",-0.195694657851191,0.206759882419747,0.343902426993964,-0.600936580841632,0.20954726513925,5,0.121252197472849,58.4550386126786,0.999123450623938
"Sst-10","FKBP3",0.0117912977622419,0.162621667965025,0.942198001946902,-0.306941314555038,0.330523910079521,5,0.060013105229505,46.9980898323145,0.999123450623938
"Sst-10","DCAF6",0.101405387185098,0.0889285490047946,0.254160575604943,-0.0728913660617052,0.2757021404319,5,0.00478736547053489,11.3501123120842,0.999123450623938
"Sst-10","ACADVL",-0.305372117070394,0.144197738956966,0.0341977999695558,-0.587994492078155,-0.0227497420626323,5,0,0,0.999123450623938
"Sst-10","AK3",0.108434226850617,0.153571974933705,0.480137875121336,-0.192561313054132,0.409429766755366,5,0.0574233329526988,50.4985674960896,0.999123450623938
"Sst-10","MAU2",0.109807267435606,0.112303773992261,0.328188063833784,-0.110304084917151,0.329918619788363,5,0,0,0.999123450623938
"Sst-10","ICA1",-0.0175933371360361,0.0986836983590941,0.858503026054855,-0.211009831781075,0.175823157509003,5,0.0163602565832414,34.1279717398574,0.999123450623938
"Sst-10","AMMECR1",0.0151873286730849,0.112705429779947,0.89280763112095,-0.205711254557719,0.236085911903888,5,0.0187088059454892,29.4146204349701,0.999123450623938
"Sst-10","PIN1",0.0675126543489367,0.150271991508874,0.653237104081648,-0.227015036893565,0.362040345591438,5,0,0,0.999123450623938
"Sst-10","TRPC4AP",-0.0154451032905738,0.10057375098346,0.877948852785101,-0.212566033008255,0.181675826427108,5,0.0139318387510121,27.4667492083487,0.999123450623938
"Sst-10","CPE",0.0176528778951264,0.0691132590850368,0.798399068691693,-0.117806620765731,0.153112376555984,5,0.000876270956478376,3.44632154828225,0.999123450623938
"Sst-10","SLC16A14",-0.201730335140484,0.123148438926247,0.1013993491103,-0.443096840188259,0.0396361699072906,5,0,0,0.999123450623938
"Sst-10","RPS6KC1",-0.0335826555388388,0.0754908627505828,0.656422938178685,-0.181542027691837,0.11437671661416,5,3.65146260777626e-06,0.0110944925028154,0.999123450623938
"Sst-10","PCMTD2",0.223203729965875,0.144479928966398,0.122375999731736,-0.0599717272971693,0.50637918722892,5,0.0388428760935041,38.5968250730356,0.999123450623938
"Sst-10","YWHAE",-0.0298836962484114,0.151787306660318,0.843922417856048,-0.327381350612972,0.267613958116149,5,0.0697609888020116,64.1626989258872,0.999123450623938
"Sst-10","RAB3GAP2",-0.0111013006325149,0.0766659613132043,0.884868067138339,-0.161363823646536,0.139161222381507,5,0,0,0.999123450623938
"Sst-10","ABCC1",-0.160981097533663,0.121082689116099,0.183678539380801,-0.398298807352478,0.0763366122851513,5,0,0,0.999123450623938
"Sst-10","ACBD5",-0.0253520807255616,0.113921550028365,0.823893681936891,-0.248634215844136,0.197930054393012,5,0,0,0.999123450623938
"Sst-10","CHL1",-0.0452135935224456,0.0557885727741082,0.417684219857256,-0.15455718690859,0.0641299998636983,5,0,0,0.999123450623938
"Sst-10","LEPROTL1",-0.174377373030743,0.233194675401458,0.45459530282752,-0.631430538204109,0.282675792142623,5,0.177365145006192,68.4039664802958,0.999123450623938
"Sst-10","PACS1",0.0119870107819412,0.0709811504201167,0.865894199169058,-0.127133487622708,0.15110750918659,5,0,0,0.999123450623938
"Sst-10","GOLT1B",-0.14431433581399,0.168236374706324,0.390999057166831,-0.47405157112797,0.18542289949999,5,0.0508988696864072,36.7882736875115,0.999123450623938
"Sst-10","ASB8",0.0739293002705796,0.162145967356084,0.648431049415709,-0.243870955985752,0.391729556526911,5,0.026902583483012,20.0401863129993,0.999123450623938
"Sst-10","COX11",0.108432966931563,0.116734893156238,0.352950127281546,-0.120363219393795,0.337229153256921,5,1.83959477171254e-06,0.00246002536263913,0.999123450623938
"Sst-10","ZDHHC22",0.191075260622477,0.136893603114014,0.162776558046657,-0.0772312711949106,0.459381792439864,5,0,0,0.999123450623938
"Sst-10","BCL9",-0.0481760893514929,0.128382543751369,0.707471421049597,-0.299801251347815,0.203449072644829,5,0,0,0.999123450623938
"Sst-10","ADAM23",-0.131322756325228,0.0768972434089669,0.0876791460878521,-0.282038583917213,0.019393071266757,5,0,0,0.999123450623938
"Sst-10","GARNL3",0.0908269876705567,0.0677527663652848,0.180061725190946,-0.0419659942583582,0.223619969599472,5,0.00377025606194004,15.2352459586111,0.999123450623938
"Sst-10","STX1B",0.0278807909402113,0.1490562754078,0.851622405454953,-0.26426414052876,0.320025722409183,5,0.0289873521178889,25.8717580591373,0.999123450623938
"Sst-10","SORBS2",0.013232573705479,0.113622511294297,0.907287315847259,-0.209463456264339,0.235928603675297,5,0.029064486992744,46.552307186051,0.999123450623938
"Sst-10","KLHL22",0.0193683949772902,0.169945334253169,0.909262856655248,-0.313718339499542,0.352455129454122,5,0.085972723743353,63.6534512093816,0.999123450623938
"Sst-10","RHBDD2",0.109790397392748,0.128282683950355,0.392082210653787,-0.141639042990081,0.361219837775578,5,0,0,0.999123450623938
"Sst-10","M6PR",0.0969733822388261,0.124514830046077,0.436091705533246,-0.14707120019261,0.341017964670262,5,0,0,0.999123450623938
"Sst-10","GABRA1",-0.113253943322087,0.146767434213567,0.440318309921234,-0.400912828484031,0.174404941839856,5,0.0315941919047412,29.4037122580306,0.999123450623938
"Sst-10","RPL18",-0.0367932621467,0.142788853095461,0.796656961142696,-0.316654271607584,0.243067747314184,5,0,0,0.999123450623938
"Sst-10","NEO1",0.0284523782753826,0.0766318079979419,0.710423933324911,-0.121743205470772,0.178647962021537,5,0,0,0.999123450623938
"Sst-10","LSS",-0.0830575283608484,0.205924502057348,0.686698334774713,-0.486662135927594,0.320547079205897,5,0.106637384537401,52.2916508961072,0.999123450623938
"Sst-10","ZNF398",0.155793274723031,0.112925583834941,0.167706729506569,-0.0655368025266119,0.377123351972675,5,0,0,0.999123450623938
"Sst-10","UBAP2L",-0.2467241455933,0.107729588146032,0.0220087342901074,-0.457870258428855,-0.0355780327577447,5,0,0,0.98287803110414
"Sst-10","RALGPS2",0.0344841471007622,0.0811739976382445,0.670969608432207,-0.124613964751336,0.193582258952861,5,0,0,0.999123450623938
"Sst-10","DMXL2",-0.0147016619609111,0.0970476573511894,0.87958991105546,-0.204911575153226,0.175508251231404,5,0.0171992889076997,37.3799395989091,0.999123450623938
"Sst-10","ANAPC16",0.0772339512551543,0.105491360567239,0.464085976378187,-0.129525316136763,0.283993218647072,5,0,0,0.999123450623938
"Sst-10","TEX10",0.036173380189752,0.124457181755502,0.771319628216129,-0.207758213668388,0.280104974047892,5,0.00361300393846831,3.59140914366401,0.999123450623938
"Sst-10","HNRNPM",-0.0681120883577121,0.156639981683525,0.663684320794176,-0.375120810996436,0.238896634281012,5,0.0531796403582735,45.3379998241817,0.999123450623938
"Sst-10","AGK",-0.162851202346163,0.113601055730361,0.151704720212543,-0.385505180183398,0.0598027754910717,5,0,0,0.999123450623938
"Sst-10","CAMKK1",0.0534158740969584,0.149399779664092,0.720690207532672,-0.239402313342882,0.346234061536799,5,0,0,0.999123450623938
"Sst-10","ZSCAN18",-0.0852466188058031,0.174417875756967,0.625019179380125,-0.427099373549441,0.256606135937835,5,0.0520974182524504,34.5154345868197,0.999123450623938
"Sst-10","ATF7IP2",0.206948244739796,0.124720089680978,0.0970550324226177,-0.0374986391835264,0.451395128663119,5,0,0,0.999123450623938
"Sst-10","PPP1R14C",-0.10348971058458,0.145686774125094,0.477482394896945,-0.389030540893587,0.182051119724427,5,0.028942869538067,26.9957344548968,0.999123450623938
"Sst-10","BAZ2A",-0.00853544982584939,0.116620483758665,0.941654946956661,-0.23710739785247,0.220036498200771,5,0,0,0.999123450623938
"Sst-10","SLC47A1",-0.00968014449074617,0.26788836338071,0.971174719102322,-0.534731688594316,0.515371399612824,5,0.301161399272248,85.4819925788494,0.999123450623938
"Sst-10","PPIL4",0.0238757255001448,0.0985432181009042,0.808557905618094,-0.169265432898303,0.217016883898593,5,0,0,0.999123450623938
"Sst-10","CSNK1D",-0.288969229454408,0.146289089041452,0.0482307084025988,-0.575690575306827,-0.00224788360199007,5,0.0296968085479851,27.2459518368874,0.999123450623938
"Sst-10","NAALADL2",-0.0426422682897222,0.130600164986658,0.744038475840408,-0.29861388803856,0.213329351459116,5,4.53857173208551e-06,0.00504520768433764,0.999123450623938
"Sst-10","CEBPZ",0.144411807631328,0.147293232207566,0.326870209063295,-0.144277622661997,0.433101237924652,5,0.0120979968308024,10.569809019041,0.999123450623938
"Sst-10","SUPV3L1",-0.046964312823066,0.175456815896025,0.788954278852384,-0.39085335282135,0.296924727175218,5,0.0744281764836284,49.9416561536883,0.999123450623938
"Sst-10","SAR1A",-0.032957753470664,0.129881679596844,0.799687054137242,-0.287521167732048,0.22160566079072,5,0,0,0.999123450623938
"Sst-10","KAT2A",-0.0529988202748631,0.137373904855475,0.699644969008177,-0.322246726207227,0.216249085657501,5,0.0177035577906539,18.055393697696,0.999123450623938
"Sst-10","SLC20A2",0.0611633635404432,0.123861877500203,0.621445332244583,-0.181601455417466,0.303928182498352,5,0.0285784255969683,38.4272376210192,0.999123450623938
"Sst-10","FYTTD1",-0.0732436600056314,0.12336717529286,0.552709702894857,-0.315038880454076,0.168551560442814,5,0,0,0.999123450623938
"Sst-10","KIF13A",-0.153518393934821,0.122996521056294,0.211975278650314,-0.394587145428879,0.0875503575592365,5,0.0104892977485703,12.7201975059992,0.999123450623938
"Sst-10","ERLEC1",-0.0880602462127726,0.128090423365108,0.491777142610655,-0.339112862772872,0.162992370347327,5,0,0,0.999123450623938
"Sst-10","CDC123",-0.12238158980326,0.117324337416595,0.296899717248207,-0.352333065649811,0.107569886043291,5,0,0,0.999123450623938
"Sst-10","CHD9",-0.0166654944204559,0.0601259044851501,0.781644498255784,-0.134510101749245,0.101179112908334,5,0.00114304556548129,5.68216483269192,0.999123450623938
"Sst-10","OPTN",0.103963033311942,0.148051537411775,0.482549207397401,-0.186212647870923,0.394138714494806,5,0.0471369427168189,44.3482681090058,0.999123450623938
"Sst-10","TUBB",0.0544394229248985,0.170062578872126,0.748881866136354,-0.27887710678247,0.387755952632267,5,0.0385918600199214,26.6310751491558,0.999123450623938
"Sst-10","MAST4",0.0197541358954902,0.0638014308163948,0.756850697746198,-0.105294370666768,0.144802642457748,5,0,0,0.999123450623938
"Sst-10","PRKG1",0.0761947381029868,0.124079488235788,0.539162431948495,-0.16699659005932,0.319386066265293,5,0.0466023676688376,61.6683326349953,0.999123450623938
"Sst-10","RSPRY1",-0.123328989290505,0.130735581059063,0.34550355592312,-0.379566019664186,0.132908041083176,5,0,0,0.999123450623938
"Sst-10","GABRA2",-0.0357263270961062,0.0789440031341451,0.650870816379329,-0.190453730034448,0.119001075842235,5,7.87236274221503e-07,0.00229996874943805,0.999123450623938
"Sst-10","FSTL5",0.134425032253963,0.0799212423875708,0.0925748995730358,-0.0222177244253718,0.291067788933298,5,0,0,0.999123450623938
"Sst-10","NHLRC2",0.0455548358045538,0.175358768334653,0.795032885407305,-0.298142034504669,0.389251706113776,5,0.0580244626223804,38.5267856137224,0.999123450623938
"Sst-10","MKLN1",-0.0304049528363014,0.0846738659626887,0.719532936658677,-0.196362680554943,0.13555277488234,5,0.0124775475474724,35.7009708584256,0.999123450623938
"Sst-10","TMEM87A",-0.0407017440666081,0.102702103533374,0.691877260140806,-0.241994168128525,0.160590679995308,5,0,0,0.999123450623938
"Sst-10","ARHGAP32",0.0627330232042156,0.05720132104683,0.272769999986606,-0.0493795059156841,0.174845552324115,5,1.40720378528639e-06,0.00791855029257589,0.999123450623938
"Sst-10","ATM",0.0915039135604266,0.133166659809071,0.491995574685381,-0.169497943606851,0.352505770727704,5,0.0417270166218189,49.6513836238231,0.999123450623938
"Sst-10","SRGAP2B",0.0249067253476622,0.137189877399777,0.855936445139948,-0.243980493399367,0.293793944094691,5,0.0306489715025568,32.9160705115224,0.999123450623938
"Sst-10","PDK3",-0.291641739486773,0.103009880627468,0.00463734808536243,-0.49353739556838,-0.0897460834051655,5,0,0,0.580675970676659
"Sst-10","UFM1",0.217171987808109,0.130071861521632,0.094992430262806,-0.0377641761763715,0.47210815179259,5,3.45532642647595e-07,0.000358914347422065,0.999123450623938
"Sst-10","HMGN1",-0.244295972973472,0.130288831454734,0.0607880629208742,-0.499657390212561,0.0110654442656162,5,0.000783904986745985,0.813859873129724,0.999123450623938
"Sst-10","CEPT1",0.0195430145258425,0.1138739399109,0.863736497338582,-0.203645806477199,0.242731835528884,5,7.46190806886766e-07,0.000962840038637321,0.999123450623938
"Sst-10","BSDC1",0.0478307796210258,0.10341796634954,0.64372300902662,-0.154864709778448,0.250526269020499,5,0,0,0.999123450623938
"Sst-10","ARID5B",0.0351816488479804,0.0776979318162455,0.650692528933689,-0.117103499185109,0.18746679688107,5,2.15640541121032e-06,0.00663206220308295,0.999123450623938
"Sst-10","TRIT1",0.128177354629268,0.121570996911988,0.29172656726243,-0.110097420882858,0.366452130141394,5,1.59593994730078e-06,0.00176603049340535,0.999123450623938
"Sst-10","PPP2R1A",0.0176403249489161,0.19403230512841,0.927560631181455,-0.362656004940054,0.397936654837886,5,0.113450893207305,63.356164991903,0.999123450623938
"Sst-10","PPP1R13B",-0.0252433010342897,0.0836279461154698,0.762764539698832,-0.189151063521667,0.138664461453088,5,0,0,0.999123450623938
"Sst-10","NPM2",0.0499700872325402,0.160477620909479,0.75550907718071,-0.26456027007471,0.36450044453979,5,0.0501013534216439,39.8245263609783,0.999123450623938
"Sst-10","SLC12A8",-0.0165339030170481,0.121098805463006,0.891400462016737,-0.253883200295362,0.220815394261266,5,0,0,0.999123450623938
"Sst-10","PITRM1",-0.028381575977425,0.133078019888224,0.831116215451,-0.289209702092249,0.232446550137399,5,0,0,0.999123450623938
"Sst-10","ZNF718",-0.0964700428182866,0.114561208615848,0.39974151290469,-0.321005885730728,0.128065800094155,5,0,0,0.999123450623938
"Sst-10","NPRL3",0.0551013067120677,0.116684729774051,0.636767052198916,-0.173596561190861,0.283799174614997,5,0,0,0.999123450623938
"Sst-10","BTG1",-0.064096397102276,0.1327996891713,0.629340917157148,-0.324379005036138,0.196186210831586,5,0,0,0.999123450623938
"Sst-10","ADIPOR2",0.0124466069387521,0.128082757083085,0.922586398042272,-0.238590983984686,0.263484197862191,5,0.010304851858361,11.916030669203,0.999123450623938
"Sst-10","FAR2",0.0556803713451219,0.0763892611401503,0.466060921628169,-0.0940398292951979,0.205400571985442,5,0,0,0.999123450623938
"Sst-10","ZNF445",-0.181321642182366,0.1249169098225,0.146630107211021,-0.426154286494503,0.0635110021297705,5,2.94592005119038e-07,0.000316597995876509,0.999123450623938
"Sst-10","MEGF8",-0.0252835161180078,0.117176095850791,0.829164173951843,-0.254944443834572,0.204377411598556,5,0,0,0.999123450623938
"Sst-10","PPM1E",0.00960148667719553,0.0715568059874188,0.89326030190605,-0.130647275906865,0.149850249261257,5,0.00137703309085177,4.87471648200102,0.999123450623938
"Sst-10","NRSN2",-0.15165714028111,0.150804756956007,0.314582889363955,-0.4472290326122,0.14391475204998,5,0.0303821987227313,26.5859722831522,0.999123450623938
"Sst-10","BRAP",-0.0417091089205024,0.129298161868575,0.747012710461597,-0.29512884945014,0.211710631609135,5,0,0,0.999123450623938
"Sst-10","ATP2B3",0.0643136692967869,0.170909033265298,0.706691269341832,-0.270661880535755,0.399289219129329,5,0.0717804248386177,51.0651009698411,0.999123450623938
"Sst-10","UBA5",0.00894844399694513,0.108349397467632,0.934178527121083,-0.203412472786229,0.22130936078012,5,0.00251525553611416,3.56965831497609,0.999123450623938
"Sst-10","KHDC1",-0.0610209540499987,0.141953132992363,0.667292460292427,-0.339243982207655,0.217202074107658,5,1.04542584748409e-07,9.59544647492775e-05,0.999123450623938
"Sst-10","HAT1",0.0945372049325692,0.121289658701878,0.435724485102842,-0.143186157820267,0.332260567685406,5,0,0,0.999123450623938
"Sst-10","CNRIP1",0.0675547855740656,0.103496579459507,0.513933702336734,-0.135294782689657,0.270404353837788,5,0,0,0.999123450623938
"Sst-10","NDUFAF7",-0.0487365425526501,0.110603691970477,0.659472777641302,-0.265515795371947,0.168042710266647,5,0,0,0.999123450623938
"Sst-10","SPTLC1",0.117582121882822,0.111534776648843,0.291782494140548,-0.101022023372629,0.336186267138273,5,1.03978674950441e-06,0.00130934978383806,0.999123450623938
"Sst-10","SMURF1",-0.163512743629201,0.0952111981641382,0.0859118037990909,-0.350123262955818,0.0230977756974158,5,0,0,0.999123450623938
"Sst-10","ZNF566",-0.0155428070036037,0.119771440875923,0.896747955309901,-0.250290517496882,0.219204903489675,5,0,0,0.999123450623938
"Sst-10","BCLAF1",-0.0488293358913171,0.0766995072527255,0.524364786979477,-0.199157607738628,0.101498935955994,5,0,0,0.999123450623938
"Sst-10","FBXO41",0.0430417458404051,0.117164900518736,0.713350198803512,-0.186597239428535,0.272680731109345,5,0,0,0.999123450623938
"Sst-10","ADGRA1",0.0663257584314996,0.193132226061563,0.731281388616915,-0.312206448903212,0.444857965766211,5,0.0982316424461252,53.6537995407368,0.999123450623938
"Sst-10","DYNC2H1",0.0631214874044481,0.0882736963127625,0.474568482482165,-0.109891778150792,0.236134752959689,5,0,0,0.999123450623938
"Sst-10","NEMF",-0.0509700334087114,0.114269484951959,0.655560309438662,-0.274934108446493,0.17299404162907,5,0.0310957795417927,49.6794541018826,0.999123450623938
"Sst-10","GRIN2D",0.0905692781797699,0.0994898310676666,0.362644790972361,-0.104427207540831,0.285565763900371,5,0,0,0.999123450623938
"Sst-10","PAAF1",-0.0369371078787475,0.132354123080353,0.780185059353654,-0.296346422321622,0.222472206564127,5,1.15344767913612e-07,0.00011765739761143,0.999123450623938
"Sst-10","MBD2",0.100793570731757,0.12324332903013,0.413447412108306,-0.140758915502118,0.342346056965632,5,0,0,0.999123450623938
"Sst-10","FGFR1OP2",-0.170242725184316,0.155763124699586,0.274411756073868,-0.475532839714926,0.135047389346294,5,0.0355911480293251,29.534860795106,0.999123450623938
"Sst-10","SLC26A4",0.0515026493676382,0.12918219950089,0.690127351655201,-0.201689809097774,0.304695107833051,5,0,0,0.999123450623938
"Sst-10","MVB12B",0.0809369024730581,0.176931150407523,0.647348657574349,-0.265841780068926,0.427715585015042,5,0.105783808370895,70.6678880818193,0.999123450623938
"Sst-10","PCDH17",-0.177192939512823,0.134010633796866,0.186091427108753,-0.439848955300067,0.085463076274421,5,0,0,0.999123450623938
"Sst-10","DPY19L2",-0.134556527793614,0.147718146939062,0.362347824015006,-0.424078775657172,0.154965720069944,5,0.0283810933604473,25.8862461091683,0.999123450623938
"Sst-10","MTMR4",-0.0208264828042609,0.188174342925329,0.911872860096995,-0.389641417752396,0.347988452143874,5,0.0872884303074634,51.9131120826413,0.999123450623938
"Sst-10","CCNH",0.122273763867471,0.0952513408085525,0.199248349423025,-0.0644154335964421,0.308962961331384,5,0.0136941964331456,30.2698850507077,0.999123450623938
"Sst-10","ZFAND3",-0.08286356924256,0.0622246622486419,0.182964143543506,-0.204821666200067,0.0390945277149471,5,0,0,0.999123450623938
"Sst-10","CCDC28A",0.0533430659142224,0.134733866906879,0.69216824418549,-0.210730460721074,0.317416592549519,5,0,0,0.999123450623938
"Sst-10","RPGRIP1L",0.155147441581087,0.106477745684517,0.145092100579329,-0.0535451051155817,0.363839988277756,5,0,0,0.999123450623938
"Sst-10","SLC6A11",0.25961862464273,0.131946228385585,0.0491130101037276,0.00100876911108655,0.518228480174374,5,0.00783362171929412,8.53147336663587,0.999123450623938
"Sst-10","CDKN1B",0.095562673852065,0.147977145996761,0.518413120782599,-0.194467202836612,0.385592550540742,5,0,0,0.999123450623938
"Sst-10","SLC16A7",0.143072568907186,0.0835757940130641,0.0869169355078571,-0.0207329773377576,0.30687811515213,5,0,0,0.999123450623938
"Sst-10","ARX",0.00418744552647025,0.102491606273724,0.967410318105072,-0.196692411487688,0.205067302540628,5,0,0,0.999123450623938
"Sst-10","FAN1",0.0278513059466968,0.122228000243712,0.819752320820076,-0.211711172433332,0.267413784326725,5,0,0,0.999123450623938
"Sst-10","MAN2C1",-0.135281710773908,0.128857325121348,0.293784056702958,-0.387837427155919,0.117274005608104,5,0,0,0.999123450623938
"Sst-10","PDCD10",-0.302850096288324,0.140467731984853,0.031082738980451,-0.578161791968661,-0.0275384006079865,5,0.00906876600760878,8.39709324066692,0.999123450623938
"Sst-10","PDZD8",-0.0180907800027225,0.115440815264658,0.875473065312461,-0.244350620267395,0.20816906026195,5,0,0,0.999123450623938
"Sst-10","CDC5L",0.106969380146622,0.112333858727884,0.340972631857499,-0.113200937204441,0.327139697497685,5,0,0,0.999123450623938
"Sst-10","ZSWIM6",-0.0231253273906845,0.104258871066062,0.824464279495154,-0.227468959748971,0.181218304967602,5,0.016717183199413,30.934648430649,0.999123450623938
"Sst-10","SOD1",-0.104553494850387,0.14918434216178,0.483406468026934,-0.396949432544775,0.187842442844002,5,0.0222741499695056,19.6755747258389,0.999123450623938
"Sst-10","PRELID2",0.250467052745335,0.154201973107727,0.104316240969364,-0.0517632608908234,0.552697366381494,5,0,0,0.999123450623938
"Sst-10","KDSR",0.171604051083796,0.1245104289656,0.168132182074523,-0.0724319053884118,0.415640007556005,5,0,0,0.999123450623938
"Sst-10","NARF",-0.0635443655060777,0.118898119271031,0.593034505820564,-0.296580397106846,0.16949166609469,5,0,0,0.999123450623938
"Sst-10","FBXO28",0.0754466412720626,0.110691473530243,0.495495726730089,-0.141504660242883,0.292397942787008,5,0,0,0.999123450623938
"Sst-10","IRS2",-0.0472864313988149,0.111649931257084,0.671912953268577,-0.266116275539073,0.171543412741443,5,0,0,0.999123450623938
"Sst-10","KLF5",-0.0161458086886759,0.119751310869971,0.892748006175826,-0.25085406509528,0.218562447717928,5,0,0,0.999123450623938
"Sst-10","AGPAT3",-0.0619101446605451,0.114649503714823,0.589200565417777,-0.28661904278699,0.1627987534659,5,0.0134347939070619,19.5107429235661,0.999123450623938
"Sst-10","CD46",-0.0739423047537704,0.0908012262970342,0.415455031357721,-0.251909438048029,0.104024828540488,5,0,0,0.999123450623938
"Sst-10","RAB6B",-0.0719524238601128,0.0853254030010619,0.399076989963887,-0.23918714070856,0.0952822929883343,5,0,0,0.999123450623938
"Sst-10","ARL3",-0.0493964526995867,0.107768942007583,0.646697287327601,-0.260619697686436,0.161826792287262,5,0,0,0.999123450623938
"Sst-10","PPARGC1B",0.119856567803641,0.124077665851892,0.334054091541617,-0.123331188551863,0.363044324159145,5,0,0,0.999123450623938
"Sst-10","PIK3CD",0.0372622451540299,0.112840681386725,0.741233767014813,-0.18390142635491,0.25842591666297,5,0,0,0.999123450623938
"Sst-10","NDEL1",-0.303813346691593,0.171960598634737,0.0772681969388672,-0.640849926775625,0.0332232333924389,5,0.0591893410198673,41.0046367313418,0.999123450623938
"Sst-10","NRCAM",-0.0756124920241123,0.0679917531756064,0.266102344054126,-0.208873879494038,0.0576488954458131,5,0.00517660414800927,22.0339403305316,0.999123450623938
"Sst-10","WAPL",-0.0157830952314651,0.0971893384940432,0.870994543819126,-0.206270698361062,0.174704507898132,5,0,0,0.999123450623938
"Sst-10","HERC6",0.110145842817675,0.136135098301339,0.418462128726243,-0.156674046884769,0.37696573252012,5,0,0,0.999123450623938
"Sst-10","NSRP1",0.00716581469179386,0.108161209228014,0.947177799337613,-0.204826259919416,0.219157889303003,5,0,0,0.999123450623938
"Sst-10","SRRM1",0.00291641283977679,0.0876754712601157,0.973464280320053,-0.168924353157627,0.17475717883718,5,0,0,0.999123450623938
"Sst-10","NASP",-0.0995004825677306,0.108574682401963,0.359444369567673,-0.312302949708453,0.113301984572992,5,0,0,0.999123450623938
"Sst-10","TMCC3",-0.0917535270794169,0.142892177055809,0.520797077771393,-0.371817047781323,0.188309993622489,5,0.0129219819097732,12.1915255728403,0.999123450623938
"Sst-10","CEP250",0.00574271873320416,0.174688738194969,0.973775061313256,-0.336640916633681,0.348126354100089,5,0.0694352626277684,47.1436921342379,0.999123450623938
"Sst-10","ERGIC1",-0.129453316171334,0.102080500723131,0.204744636434275,-0.329527421112486,0.0706207887698171,5,0.00028465109733909,0.468479911590234,0.999123450623938
"Sst-10","BAZ1B",0.101298638098383,0.0978574487750844,0.300591707725097,-0.0904984371197562,0.293095713316521,5,6.77182606578733e-07,0.00122955901300075,0.999123450623938
"Sst-10","PLA2R1",-0.00995833678496518,0.0897577350297632,0.911658504395354,-0.18588026477719,0.16596359120726,5,0,0,0.999123450623938
"Sst-10","GTF2IRD1",-0.0598463794839887,0.102400240508968,0.558927061284016,-0.260547162889805,0.140854403921828,5,0,0,0.999123450623938
"Sst-10","MFSD8",0.0927627864196026,0.113074950749005,0.412007787348153,-0.128860044602087,0.314385617441292,5,0,0,0.999123450623938
"Sst-10","ARIH1",0.0486667445882089,0.0609482551397292,0.42458455367473,-0.0707896404062185,0.168123129582636,5,0,0,0.999123450623938
"Sst-10","BCAS3",-0.0134654632020756,0.0870524924357446,0.877071934459162,-0.18408521314058,0.157154286736429,5,0.0143392075266929,38.5617852105828,0.999123450623938
"Sst-10","DNAJC9",0.105477755888666,0.114015851412351,0.354906175682577,-0.117989206546212,0.328944718323545,5,0,0,0.999123450623938
"Sst-10","STK38L",-0.0455696282592503,0.120461918659106,0.705214624204239,-0.281670650339691,0.190531393821191,5,0,0,0.999123450623938
"Sst-10","EVA1C",-0.00999312593930022,0.109668622602486,0.927396364024433,-0.224939676474289,0.204953424595688,5,0.00585927700905675,9.46088028265722,0.999123450623938
"Sst-10","SLC25A6",-0.0465028027196515,0.167159573408972,0.780863383719722,-0.374129546272317,0.281123940833014,5,0,0,0.999123450623938
"Sst-10","LGMN",0.0220751691933866,0.0955070711643123,0.817208767658879,-0.165115250557569,0.209265588944343,5,0,0,0.999123450623938
"Sst-10","CNKSR2",0.0550153144587628,0.0881144166553393,0.532389718129443,-0.117685768704459,0.227716397621984,5,0.00825184096878436,20.9380039394002,0.999123450623938
"Sst-10","ARF1",0.127753973310013,0.101063362666397,0.206194930065559,-0.0703265776726346,0.32583452429266,5,0,0,0.999123450623938
"Sst-10","GTF2H1",0.0589622861044136,0.105163083239558,0.575019278846141,-0.147153569548307,0.265078141757135,5,0,0,0.999123450623938
"Sst-10","CLSTN2",-0.151043226372588,0.147717460331622,0.306537513356892,-0.440564128510292,0.138477675765116,5,3.12727463339852e-06,0.00277848859987387,0.999123450623938
"Sst-10","STXBP5",0.0433152256983055,0.0813801095344363,0.594547220446161,-0.116186858047114,0.202817309443725,5,0.0103744424982912,31.509607229231,0.999123450623938
"Sst-10","UCHL5",-0.0480699729959014,0.124904843858819,0.700346512527013,-0.292878968453785,0.196739022461982,5,0.014847567787741,17.6137350382976,0.999123450623938
"Sst-10","CUL4A",-0.0713364354275974,0.111652207106365,0.522877264849583,-0.29017074015048,0.147497869295286,5,0,0,0.999123450623938
"Sst-10","STX18-AS1",-0.0378718180029889,0.141798418255108,0.789405956451202,-0.315791610847747,0.240047974841769,5,0.0482052541279469,50.6292503538677,0.999123450623938
"Sst-10","HSBP1",0.0734803041743154,0.143941285313173,0.609709593601764,-0.208639430927909,0.355600039276539,5,0,0,0.999123450623938
"Sst-10","NUDCD1",0.0661795383313287,0.136456829275098,0.627686866340772,-0.201270932492394,0.333630009155052,5,0,0,0.999123450623938
"Sst-10","CLK4",-0.0559261750182801,0.0941906626846073,0.552676004392553,-0.240536481560071,0.128684131523511,5,0,0,0.999123450623938
"Sst-10","SRSF10",0.100199838932889,0.166946003164928,0.548377552569201,-0.227008314633278,0.427407992499057,5,0.0752500736499147,56.7140498629483,0.999123450623938
"Sst-10","AK9",0.346049473250923,0.122300791615113,0.00466215345947178,0.106344326404564,0.585754620097282,5,4.85856472169366e-06,0.00547485722557482,0.580675970676659
"Sst-10","DDX46",-0.00354031418427929,0.0779705193133065,0.963783854157342,-0.156359723894245,0.149279095525686,5,1.52159038698534e-07,0.00039712827512127,0.999123450623938
"Sst-10","APC2",-0.0947251069813191,0.134208358017639,0.480308592667654,-0.35776865512015,0.168318441157512,5,0.00582421168153329,6.25620563718552,0.999123450623938
"Sst-10","USP6NL",0.102121275039994,0.132469535009453,0.44076392274027,-0.157514242627301,0.36175679270729,5,0.0116206637645662,12.3459767150688,0.999123450623938
"Sst-10","CLSTN1",0.0657374172183113,0.0612481343222053,0.283138039024573,-0.0543067201734826,0.185781554610105,5,0,0,0.999123450623938
"Sst-10","ST8SIA5",0.0649814960008585,0.203270056855793,0.749210459182363,-0.333420494571906,0.463383486573622,5,0.112070384663117,55.0872302322961,0.999123450623938
"Sst-10","KLHL20",-0.0729074371414596,0.120018468676525,0.543540052186725,-0.308139313227098,0.162324438944179,5,0,0,0.999123450623938
"Sst-10","ZNF680",-0.0242380522673623,0.12361605202222,0.844551242783602,-0.266521062141944,0.218044957607219,5,6.70075897773085e-06,0.00717074138547034,0.999123450623938
"Sst-10","DNAJC16",-0.0367055212610055,0.124355371782589,0.767866805789366,-0.280437571238969,0.207026528716958,5,2.13884389297096e-07,0.000243456562029478,0.999123450623938
"Sst-10","GKAP1",-0.0249058110342204,0.134064632789482,0.85262148014332,-0.287667662902193,0.237856040833752,5,0.0169266725248712,18.5094760079559,0.999123450623938
"Sst-10","APH1B",-0.0423657679607268,0.126007339616999,0.736707484017033,-0.289335615397753,0.204604079476299,5,0,0,0.999123450623938
"Sst-10","OSBP",-0.0493834432888857,0.122088566433106,0.685853399203177,-0.288672636421898,0.189905749844127,5,0,0,0.999123450623938
"Sst-10","ZER1",-0.121588752625136,0.0878142681586268,0.166170920118492,-0.293701555544786,0.0505240502945154,5,0,0,0.999123450623938
"Sst-10","LRRTM4",0.0632823304624904,0.127286065758728,0.619071849876339,-0.186193774158414,0.312758435083395,5,0.0596521815382449,77.4560474934132,0.999123450623938
"Sst-10","ADCY9",-0.0430405847357209,0.0916644798792146,0.638680232364693,-0.222699663960578,0.136618494489136,5,0,0,0.999123450623938
"Sst-10","PARVA",0.0373768627715302,0.171162215813093,0.827140065585552,-0.298094915736204,0.372848641279264,5,0.0548098713655077,38.213836149944,0.999123450623938
"Sst-10","ZC4H2",0.149413576590315,0.128892318647766,0.246369610188273,-0.103210725843165,0.402037879023796,5,0,0,0.999123450623938
"Sst-10","LPCAT4",-0.158470320893022,0.108708288825886,0.144907402841913,-0.371534651812737,0.0545940100266928,5,0,0,0.999123450623938
"Sst-10","AP3M2",-0.296497634465268,0.119292634937131,0.0129382414070035,-0.530306902562929,-0.0626883663676066,5,0,0,0.881748287364026
"Sst-10","SDC3",0.0177755159235625,0.127846778851572,0.889420396145917,-0.232799566164976,0.268350598012101,5,0,0,0.999123450623938
"Sst-10","MTERF1",0.141377410606693,0.15703920744197,0.367977519485992,-0.166413780140283,0.449168601353669,5,0.0434200522482462,35.4000347414872,0.999123450623938
"Sst-10","IVNS1ABP",-0.0598332740969106,0.131812304941524,0.649880769116806,-0.318180644501508,0.198514096307687,5,0,0,0.999123450623938
"Sst-10","NOVA2",0.0527083572397829,0.119465992837629,0.659068448324286,-0.181440686099291,0.286857400578857,5,0,0,0.999123450623938
"Sst-10","NCS1",0.0502078689431594,0.104092740595108,0.629565961814382,-0.153810153675322,0.254225891561641,5,5.96167389156569e-07,0.000949011031449643,0.999123450623938
"Sst-10","SLC36A1",0.0839684662173651,0.0942939541139466,0.373199175547445,-0.100844287805843,0.268781220240573,5,0,0,0.999123450623938
"Sst-10","ACVR2B",0.107122622677664,0.254672546792105,0.674026117232942,-0.392026396885954,0.606271642241283,5,0.219065748122055,70.6436828990649,0.999123450623938
"Sst-10","USP3",0.00184807215844545,0.131917125692746,0.988822527755462,-0.256704743143381,0.260400887460272,5,0,0,0.999123450623938
"Sst-10","SOCS7",-0.150112844504348,0.105436412361863,0.154525027301426,-0.356764415392714,0.0565387263840178,5,0,0,0.999123450623938
"Sst-10","ZFP14",-0.0995036090213577,0.112906053698884,0.378157843706416,-0.320795407907715,0.121788189865,5,0,0,0.999123450623938
"Sst-10","ACOX1",-0.0770985541610605,0.126726443672863,0.542931703869357,-0.325477819648715,0.171280711326594,5,0,0,0.999123450623938
"Sst-10","EPG5",0.0602398643813225,0.0814439332809041,0.459513444118476,-0.0993873116085325,0.219867040371178,5,0,0,0.999123450623938
"Sst-10","TMPO",-0.166847393380933,0.11732505331928,0.15499862047204,-0.396800272370963,0.0631054856090973,5,0,0,0.999123450623938
"Sst-10","IFT81",0.171624912924251,0.101659800194282,0.0913674858175811,-0.0276246341320794,0.370874459980581,5,5.04867165955813e-06,0.00735964811228301,0.999123450623938
"Sst-10","ABHD12",0.0790736233544172,0.0963420836682987,0.411783609241371,-0.109753390830993,0.267900637539827,5,0,0,0.999123450623938
"Sst-10","NFIC",-0.042892649527147,0.147647968304092,0.771429011826691,-0.332277349793679,0.246492050739385,5,0.0476681352207456,44.7938791880968,0.999123450623938
"Sst-10","S100PBP",-0.170079281848385,0.122525858191532,0.165103768567638,-0.410225551078649,0.0700669873818783,5,0,0,0.999123450623938
"Sst-10","KPNA6",0.0184858351764012,0.133291506320777,0.889697277648444,-0.242760716657414,0.279732387010216,5,0.0195191013237655,21.8112748447781,0.999123450623938
"Sst-10","CRADD",0.0265128281675458,0.108643101706371,0.807202937224259,-0.186423738345664,0.239449394680756,5,0,0,0.999123450623938
"Sst-10","LRRC37B",0.152503623011258,0.119473891004097,0.20179301688771,-0.0816609004496373,0.386668146472153,5,0.00358007940987155,4.3941611814143,0.999123450623938
"Sst-10","SFMBT2",-0.0560730355891638,0.0742070113172277,0.449871131565644,-0.201516105171286,0.0893700339929587,5,0,0,0.999123450623938
"Sst-10","NUP205",0.166911695349139,0.105820618300532,0.114724699601654,-0.0404929053416627,0.374316296039941,5,5.55281577171335e-07,0.000770054146005277,0.999123450623938
"Sst-10","PNISR",-0.0263764967814772,0.05443685213434,0.62800705714059,-0.133070766396516,0.0803177728335616,5,1.16741017496904e-07,0.000576971736853448,0.999123450623938
"Sst-10","ZNF577",-0.00431118594370544,0.166211087855671,0.97930677743505,-0.330078931972043,0.321456560084632,5,0.0436736266128776,31.8693886224195,0.999123450623938
"Sst-10","TRPM7",-0.0161044798568785,0.0895347693997995,0.857255847401543,-0.191589403244584,0.159380443530827,5,0.00489697993576452,11.3050518778425,0.999123450623938
"Sst-10","MGAT5B",-0.163070919013359,0.144934525202155,0.260531796843499,-0.447137368525995,0.120995530499277,5,0.0218657958290575,20.0559974844596,0.999123450623938
"Sst-10","CCNT2",0.0248531461406752,0.150009502295241,0.868411032701402,-0.269160075696775,0.318866367978126,5,0.0650992482573811,60.37303712326,0.999123450623938
"Sst-10","BMP2K",-0.0672168288385351,0.114319348228069,0.55654960142249,-0.291278634101644,0.156844976424574,5,0,0,0.999123450623938
"Sst-10","LHFPL4",0.0281916053207554,0.0812064791495686,0.728471452442448,-0.130970169123702,0.187353379765213,5,0.00106344300708201,2.8614386917915,0.999123450623938
"Sst-10","SNX27",0.0603183922807197,0.170965718767374,0.724230987036286,-0.274768259094338,0.395405043655777,5,0.100449126184018,71.8419023403062,0.999123450623938
"Sst-10","MAN1C1",0.0647972647248119,0.103013887041592,0.529339334167822,-0.137106243784186,0.26670077323381,5,0,0,0.999123450623938
"Sst-10","GPR107",-0.12325921359716,0.194941883847607,0.527199374539591,-0.505338285016859,0.25881985782254,5,0.121089027684243,67.9675340187726,0.999123450623938
"Sst-10","JOSD1",0.0154012423320623,0.138348501334698,0.911360950365452,-0.255756837599038,0.286559322263163,5,0.00604499761569704,5.67713855227666,0.999123450623938
"Sst-10","ARHGAP26",-0.0482113234161565,0.128041203011779,0.706523095404058,-0.299167469856426,0.202744823024113,5,0.0507992371716999,63.9939040853712,0.999123450623938
"Sst-10","LURAP1L",0.323230642895749,0.133890169583763,0.0157720680317368,0.0608107326276137,0.585650553163884,5,0,0,0.891267881460091
"Sst-10","VSTM2L",0.0287302119240881,0.0926556296636334,0.756503778980658,-0.152871485181514,0.210331909029691,5,2.16063442798127e-08,4.75748102021252e-05,0.999123450623938
"Sst-10","FBXL3",-0.0286234075058234,0.1077914300111,0.790590132995456,-0.23989072816965,0.182643913158003,5,0,0,0.999123450623938
"Sst-10","ULK4",-0.0580932704709445,0.0890717297602093,0.514267175439258,-0.232670652841639,0.11648411189975,5,0,0,0.999123450623938
"Sst-10","IQSEC2",-0.00221285845551766,0.114233989346564,0.984544922309517,-0.226107363385116,0.22168164647408,5,0,0,0.999123450623938
"Sst-10","RPRD1A",-0.0054113115896669,0.0712782392442243,0.939484222154139,-0.145114093389776,0.134291470210442,5,0,0,0.999123450623938
"Sst-10","BCL11B",0.0139087673097353,0.170365723235555,0.934932480152951,-0.320001914432071,0.347819449051542,5,0.0705550054401197,50.7031900931936,0.999123450623938
"Sst-10","CHKA",-0.351999199308613,0.198832829073738,0.0766726211893361,-0.741704383237349,0.0377059846201225,5,0.110511265676663,59.5449508109724,0.999123450623938
"Sst-10","KCTD2",0.121831270226484,0.216697479063535,0.573967351413451,-0.302887984278666,0.546550524731635,5,0.121872879437914,54.2978534218665,0.999123450623938
"Sst-10","LRRK1",0.0351654053177029,0.111942746038529,0.753416670692566,-0.184238345248328,0.254569155883734,5,0,0,0.999123450623938
"Sst-10","COPS2",-0.0472898382721575,0.106054830492884,0.65566955476268,-0.25515348642471,0.160573809880395,5,0,0,0.999123450623938
"Sst-10","NAT8L",-0.260467527102952,0.128854023047937,0.0432367653470189,-0.513016771540003,-0.00791828266590033,5,0,0,0.999123450623938
"Sst-10","DNAJC6",-0.00901473473518167,0.0799143286370851,0.910185165201807,-0.165643940712566,0.147614471242203,5,0.0119720894421208,38.350245097642,0.999123450623938
"Sst-10","BRI3BP",-0.0479359637614964,0.179225433045561,0.789113592947507,-0.399211357644391,0.303339430121398,5,0.0843798943988186,55.3144712078443,0.999123450623938
"Sst-10","TRAPPC13",-0.0262400686925009,0.144283855296361,0.855689295960569,-0.309031228623958,0.256551091238956,5,0.0223564147467176,20.7480074034137,0.999123450623938
"Sst-10","NBPF1",0.0396938548844802,0.149096640299117,0.790062821866522,-0.252530190317712,0.331917900086673,5,0.029451401935399,26.1418508749733,0.999123450623938
"Sst-10","MTPN",0.0119855963666519,0.158865196041336,0.939860598032847,-0.299384466271262,0.323355659004566,5,0.048313470398727,38.9059993386459,0.999123450623938
"Sst-10","CRTC1",0.0415319950179293,0.0953993805892696,0.663309350615284,-0.145447355084469,0.228511345120327,5,0,0,0.999123450623938
"Sst-10","PPP1R10",-0.0424973734861446,0.17919023718328,0.812529996081362,-0.393703784746564,0.308709037774275,5,0.0504175611048719,31.5664436911079,0.999123450623938
"Sst-10","SLAIN2",-0.128535134238321,0.104249082740465,0.217590025366677,-0.332859581830969,0.0757893133543263,5,0,0,0.999123450623938
"Sst-10","TNFRSF21",-0.11659607307399,0.134887492557651,0.387370942932207,-0.380970700451901,0.147778554303921,5,0,0,0.999123450623938
"Sst-10","RSBN1L",0.0872327951713202,0.0802278308110445,0.276898330331233,-0.0700108637760998,0.24447645411874,5,0,0,0.999123450623938
"Sst-10","VPS37A",-0.0523405845256985,0.109911388944068,0.633926836975528,-0.267762948346845,0.163081779295448,5,0,0,0.999123450623938
"Sst-10","RPL27A",-0.210302176254157,0.147592647028679,0.15419117618236,-0.499578448813301,0.0789740963049876,5,0,0,0.999123450623938
"Sst-10","ATG13",-0.0163541790637926,0.13608375075581,0.904342691703055,-0.283073429426305,0.250365071298719,5,1.5398834904141e-06,0.00161786388882164,0.999123450623938
"Sst-10","RAB5A",0.104811357788623,0.143108989873868,0.463931563938823,-0.175677108228066,0.385299823805312,5,0.0235224440259906,22.6706939991163,0.999123450623938
"Sst-10","AFTPH",0.184455217034384,0.146853937588461,0.209099499729428,-0.103373211626892,0.47228364569566,5,0.0417924731298068,39.764472184463,0.999123450623938
"Sst-10","SMU1",-0.0680833279208704,0.133344035638441,0.60964239848552,-0.329432835325439,0.193266179483699,5,0.012516915409475,13.2466901157269,0.999123450623938
"Sst-10","NSL1",0.0839958275269583,0.105562462744364,0.426207660949765,-0.122902797571346,0.290894452625263,5,1.60831380402302e-06,0.00267444011401543,0.999123450623938
"Sst-10","BORCS5",0.0709952804113287,0.0969253312735816,0.463879335978593,-0.118974878074505,0.260965438897162,5,0,0,0.999123450623938
"Sst-10","PSMF1",0.0624225452647444,0.112896082511779,0.580317928910973,-0.158849710454004,0.283694800983493,5,0,0,0.999123450623938
"Sst-10","PHLPP1",0.0432107278971624,0.0860553902410583,0.615578246321539,-0.125454737650851,0.211876193445176,5,9.19918807823269e-07,0.00219811969212257,0.999123450623938
"Sst-10","RNASEH2B",0.0256895574456805,0.111813949032317,0.818283936150569,-0.193461755626857,0.244840870518218,5,0,0,0.999123450623938
"Sst-10","ECD",0.24510672506867,0.162452265046656,0.131351871561548,-0.0732938636297304,0.56350731376707,5,0.0370241381473257,28.0669501640908,0.999123450623938
"Sst-10","DNAJC1",-0.158273044512549,0.104108518546355,0.128443161974823,-0.362321991347225,0.0457759023221272,5,2.19415514410861e-07,0.000370406959411247,0.999123450623938
"Sst-10","CDC37L1",0.0840634424518749,0.140956986365381,0.550923696702897,-0.192207174193575,0.360334059097325,5,0,0,0.999123450623938
"Sst-10","LAMP2",0.0178067836815373,0.104436283468922,0.86461394244768,-0.186884570596766,0.222498137959841,5,0.00360529945164501,5.4740949353622,0.999123450623938
"Sst-10","IMMT",-0.169520213767945,0.120467202832111,0.159371128423016,-0.405631592637164,0.066591165101275,5,0,0,0.999123450623938
"Sst-10","YPEL3",-0.106271849475511,0.161186570687258,0.509696994815286,-0.422191722814055,0.209648023863033,5,0.0655308213067286,52.1339513941538,0.999123450623938
"Sst-10","OBSL1",-0.127072226039539,0.137312377309731,0.35474518530302,-0.396199540198187,0.142055088119109,5,0,0,0.999123450623938
"Sst-10","ZRANB1",0.023720936753455,0.109756557457083,0.828891727878167,-0.191397962929528,0.238839836436438,5,0,0,0.999123450623938
"Sst-10","FAM228B",0.0267657514016783,0.181302702648761,0.882634632502126,-0.328581016089668,0.382112518893024,5,0.085120179707186,53.6594714186935,0.999123450623938
"Sst-10","SLC25A16",-0.206989217935202,0.114131403519335,0.0697386494085907,-0.430682658338107,0.0167042224677036,5,0.00806401997302687,11.7745273479408,0.999123450623938
"Sst-10","SLC7A6",-0.323486127897421,0.251219426923206,0.197863067135773,-0.815867156883697,0.168894901088855,5,0.221658939454775,72.7427880377051,0.999123450623938
"Sst-10","SAR1B",-0.176282937674556,0.12080001389116,0.144483745595752,-0.413046614233169,0.0604807388840559,5,0,0,0.999123450623938
"Sst-10","RIMS3",-0.272888094796884,0.116410386252389,0.019068440924445,-0.501048259277964,-0.0447279303158039,5,0,0,0.960663479470745
"Sst-10","HS2ST1",0.00258662456398583,0.08445751268981,0.975567535105391,-0.162947058531876,0.168120307659848,5,0,0,0.999123450623938
"Sst-10","ATP9B",-0.0177642122511418,0.0827551096607212,0.830032407044325,-0.179961246722818,0.144432822220534,5,0.00604188014316116,16.6264650071265,0.999123450623938
"Sst-10","MECP2",0.0526293206802785,0.0858595266646036,0.53989612537381,-0.115652259312001,0.220910900672558,5,0,0,0.999123450623938
"Sst-10","ELOVL4",0.114578073022573,0.223688003670237,0.608495158369118,-0.323842357944755,0.552998503989901,5,0.178750084167185,73.4008048644954,0.999123450623938
"Sst-10","XRCC6",-0.108493821593408,0.113108989174016,0.337459429112469,-0.33018336670221,0.113195723515394,5,0,0,0.999123450623938
"Sst-10","RB1CC1",0.0522272705794728,0.0889839096890097,0.55725113962283,-0.122177987614551,0.226632528773497,5,0.0132475104785761,33.9181912687286,0.999123450623938
"Sst-10","SLC25A26",0.0186522507505401,0.191003945367461,0.922207245341015,-0.35570860307474,0.39301310457582,5,0.117312817480755,67.574750078902,0.999123450623938
"Sst-10","TMEM63B",0.0687198517955309,0.117152135154778,0.557481503963897,-0.160894113819803,0.298333817410865,5,0,0,0.999123450623938
"Sst-10","TMED10",-0.00281841764257928,0.113020926665365,0.980105110260682,-0.224335363406038,0.21869852812088,5,0,0,0.999123450623938
"Sst-10","AP3S1",0.0242778998194528,0.103966713904944,0.815360682105487,-0.179493115025217,0.228048914664122,5,0,0,0.999123450623938
"Sst-10","NLGN1",-0.0646004775333226,0.132293632027334,0.625329347475692,-0.323891231690892,0.194690276624246,5,0.0545065426634173,63.5993654275884,0.999123450623938
"Sst-10","OSBPL1A",0.0840129586727623,0.130284078838111,0.519028025569229,-0.171339143608912,0.339365060954436,5,0.0442679034582073,53.2620334540435,0.999123450623938
"Sst-10","DMXL1",0.0383831820127299,0.086014457081821,0.655423130390368,-0.130202056017405,0.206968420042865,5,0.0107942651147658,29.3987377739205,0.999123450623938
"Sst-10","SH3D19",0.0483087118924572,0.139239521845795,0.728631257586316,-0.224595736149879,0.321213159934794,5,0,0,0.999123450623938
"Sst-10","STARD3NL",-0.0877123690593376,0.13786427282685,0.524631330824703,-0.357921378554768,0.182496640436093,5,0,0,0.999123450623938
"Sst-10","CDC42SE1",0.00468709144698651,0.138015026422041,0.972908463240964,-0.265817389665559,0.275191572559532,5,0,0,0.999123450623938
"Sst-10","CNOT9",0.187845820325566,0.127452757605943,0.140522883680791,-0.0619569943123961,0.437648634963529,5,0,0,0.999123450623938
"Sst-10","GLCE",-0.00910926744464292,0.117555279199237,0.938234362943121,-0.239513380867698,0.221294845978413,5,0,0,0.999123450623938
"Sst-10","MTOR",-0.0681531917127023,0.097452639218837,0.484335324156771,-0.259156854779998,0.122850471354594,5,0.00339403046572919,6.06165160392805,0.999123450623938
"Sst-10","DNAJC10",0.065707183478696,0.113171373957099,0.561510764692704,-0.156104633558132,0.287519000515524,5,0.0157137730289651,23.9996319722599,0.999123450623938
"Sst-10","PCNP",-0.00853674393217638,0.0953859781387786,0.928687062252532,-0.195489825714307,0.178416337849955,5,0.00315115422945796,6.11192626108351,0.999123450623938
"Sst-10","GLRB",0.0076565223721464,0.0809889600309352,0.924681914986375,-0.151078922433841,0.166391967178133,5,0,0,0.999123450623938
"Sst-10","MDN1",-0.0598883933322206,0.0808557127490931,0.458886108506661,-0.218362678264759,0.098585891600318,5,0,0,0.999123450623938
"Sst-10","KRR1",0.0532775735070668,0.120711356271138,0.658949941048105,-0.183312337309347,0.289867484323481,5,0,0,0.999123450623938
"Sst-10","TRAPPC11",0.0620637905843307,0.104514163168945,0.552624893164867,-0.142780205101144,0.266907786269805,5,0.00101001514183144,1.72119500311105,0.999123450623938
"Sst-10","HDAC5",0.0281593606838899,0.180633501343704,0.876117964115292,-0.325875796351138,0.382194517718918,5,0.0899540884372714,56.5612645469188,0.999123450623938
"Sst-10","EIF2AK4",0.0567563741959827,0.100453904544582,0.572074318535449,-0.140129660817823,0.253642409209789,5,0,0,0.999123450623938
"Sst-10","IP6K2",0.0255320583142927,0.102065968582911,0.802469408709568,-0.17451356415541,0.225577680783996,5,0,0,0.999123450623938
"Sst-10","POLR3A",-0.0294332974771209,0.21222462829383,0.889695627809209,-0.445385925565427,0.386519330611186,5,0.144489460171716,70.6406878136922,0.999123450623938
"Sst-10","TMCC1",-0.0680701933730805,0.0601667148462191,0.257903747864849,-0.185994787539761,0.0498544007936002,5,0,0,0.999123450623938
"Sst-10","UBP1",-0.0281509462485096,0.0940342814014069,0.764658533182641,-0.212454751107372,0.156152858610353,5,0,0,0.999123450623938
"Sst-10","USP42",0.0111551812791823,0.20788477882059,0.957205730116211,-0.396291498143249,0.418601860701614,5,0.138812465824692,67.4549507834717,0.999123450623938
"Sst-10","CCDC30",-0.0260048792379072,0.10527433170087,0.804892644248364,-0.232338777868135,0.180329019392321,5,0,0,0.999123450623938
"Sst-10","TSPOAP1",-0.154275038243138,0.116517427865726,0.185486046632055,-0.382645000431204,0.0740949239449276,5,0.00611661611248425,7.89930192122131,0.999123450623938
"Sst-10","DIAPH2",-0.079479001781142,0.0856519618533431,0.35344402187777,-0.247353762218893,0.0883957586566092,5,0,0,0.999123450623938
"Sst-10","N4BP2L2",-0.0150473889637433,0.0800892085858268,0.850968485075952,-0.17201935334228,0.141924575414793,5,0.0155059706466024,50.756772902868,0.999123450623938
"Sst-10","NUS1",0.0909975464525187,0.161597633626079,0.573358705838709,-0.225727995441496,0.407723088346533,5,0.0469512197534839,36.5960262229067,0.999123450623938
"Sst-10","THRA",0.0247840515326561,0.112517594328949,0.825662260042056,-0.195746380979172,0.245314484044484,5,0,0,0.999123450623938
"Sst-10","API5",0.212501975019865,0.217043237656079,0.327542087488943,-0.212894953874017,0.637898903913747,5,0.145499385001669,64.9725800930946,0.999123450623938
"Sst-10","NAPG",-0.050127117554263,0.107809703838769,0.641960648734448,-0.261430254262179,0.161176019153653,5,0,0,0.999123450623938
"Sst-10","MPHOSPH6",0.0107404744904972,0.155183159594838,0.944821191212672,-0.293412929322517,0.314893878303511,5,0.0412356008631485,35.2614128605971,0.999123450623938
"Sst-10","EXTL3",-0.106772642218274,0.11546614763089,0.355117042909222,-0.333082133008404,0.119536848571855,5,0,0,0.999123450623938
"Sst-10","LDLRAD4",-0.0432550630611329,0.0786535329939047,0.582357570116835,-0.197413154986019,0.110903028863753,5,0.00667324104962713,21.0969466623846,0.999123450623938
"Sst-10","ZFX",-0.0795624924024331,0.214806983732699,0.711091459994644,-0.500576444146204,0.341451459341337,5,0.133718217880442,61.3254385293841,0.999123450623938
"Sst-10","PRKACA",-0.167419744769102,0.135412434576099,0.216321410516036,-0.432823239597141,0.0979837500589381,5,0,0,0.999123450623938
"Sst-10","ATF2",0.126503317216715,0.0881397875826919,0.151213649604128,-0.0462474920503713,0.299254126483802,5,0,0,0.999123450623938
"Sst-10","MEAF6",0.134844559400927,0.116198127416818,0.245857086256252,-0.0928995854070317,0.362588704208886,5,1.56891934589532e-06,0.00192749010419162,0.999123450623938
"Sst-10","THADA",-0.0897274743424805,0.153576871812254,0.559051307335512,-0.390732611952824,0.211277663267863,5,0.0699697148057311,61.7789265414351,0.999123450623938
"Sst-10","PAN3",-0.00145228187287997,0.063981144954454,0.981890699369243,-0.126853021673246,0.123948457927486,5,0,0,0.999123450623938
"Sst-10","XRN2",-0.0407400905491235,0.0845250106006002,0.62981405283582,-0.206406067119166,0.124925886020919,5,0,0,0.999123450623938
"Sst-10","PCNX1",0.0256767791696074,0.0609234677598213,0.673419520221726,-0.0937310234529295,0.145084581792144,5,0,0,0.999123450623938
"Sst-10","CDK12",0.0147381654554064,0.155822189533381,0.924645873367311,-0.290667714022194,0.320144044933007,5,0.0629759940627887,53.5735858383953,0.999123450623938
"Sst-10","STK24",0.00790189278040714,0.110583476696968,0.94303455497802,-0.208837738830874,0.224641524391688,5,0,0,0.999123450623938
"Sst-10","DCUN1D2",-0.245350764217714,0.10946983152047,0.0250089961118617,-0.459907691391503,-0.0307938370439246,5,0,0,0.999123450623938
"Sst-10","SON",0.0327978141564853,0.070766004457196,0.643028586365197,-0.10590100590942,0.17149663422239,5,1.33200974194036e-06,0.00452764791345443,0.999123450623938
"Sst-10","CNST",-0.0384195455013447,0.127827900532626,0.763752473069494,-0.28895762676466,0.21211853576197,5,0.0271541115962827,33.537442797858,0.999123450623938
"Sst-10","CBX3",-0.145940962909058,0.195427050466152,0.4551965240442,-0.528970943427607,0.23708901760949,5,0.0664935347144169,35.3156550619921,0.999123450623938
"Sst-10","CGGBP1",-0.123277809222897,0.128359218863354,0.336847606595264,-0.374857255278765,0.128301636832971,5,0,0,0.999123450623938
"Sst-10","LINC01122",0.0560954616811968,0.101422286524049,0.580203071794239,-0.142688567135641,0.254879490498035,5,0.0227940747914445,45.4765833545345,0.999123450623938
"Sst-10","CSMD2",-0.0551906950047687,0.0746789365803581,0.459882922346848,-0.201558721106021,0.0911773310964839,5,0.00142316209972176,4.69447571752828,0.999123450623938
"Sst-10","MCCC1",-0.0232019192083866,0.102024524468016,0.820100966245075,-0.223166312705524,0.17676247428875,5,2.0619632723965e-06,0.00352603542938858,0.999123450623938
"Sst-10","ZSWIM8",-0.0611645964077076,0.144685980445537,0.672484740937698,-0.344743907148827,0.222414714333412,5,0,0,0.999123450623938
"Sst-10","CHCHD6",0.0276060736213326,0.11112642221453,0.803809127848643,-0.190197711649937,0.245409858892602,5,0,0,0.999123450623938
"Sst-10","GALK2",0.0181573498041585,0.097251161810851,0.851891358014324,-0.172451424799786,0.208766124408103,5,5.76987295246891e-07,0.00102542739855135,0.999123450623938
"Sst-10","NUP88",-0.0425594350974665,0.140588105592673,0.762099981585357,-0.31810705871382,0.232988188518887,5,0.0311979913120495,31.8847090182014,0.999123450623938
"Sst-10","SPARCL1",0.218490064994738,0.112973306082708,0.053113464106424,-0.00293354614178837,0.439913676131265,5,0.0112067968121393,17.4539080085247,0.999123450623938
"Sst-10","CNR1",-0.087491993933533,0.114498557026464,0.44478867516044,-0.311905041987208,0.136921054120142,5,0.0132092117976229,19.5499652642284,0.999123450623938
"Sst-10","CLINT1",0.00948950805075265,0.107388922861715,0.92958594279302,-0.20098891309676,0.219967929198265,5,0,0,0.999123450623938
"Sst-10","DCAF5",0.176340675555619,0.0896295974251204,0.0491327375240325,0.00066989265355949,0.352011458457679,5,0,0,0.999123450623938
"Sst-10","PHTF1",0.0178518513369863,0.0928084233432648,0.847466779939338,-0.164049315877759,0.199753018551732,5,0,0,0.999123450623938
"Sst-10","BASP1",0.0648455351399907,0.126801357612624,0.609074744546097,-0.183680558971536,0.313371629251518,5,0.051938624589056,66.75046483414,0.999123450623938
"Sst-10","PLCXD3",-0.117648917274677,0.109063568169773,0.280713119031295,-0.33140958291286,0.0961117483635066,5,0,0,0.999123450623938
"Sst-10","CNTNAP5",-0.3643008390638,0.12481615814276,0.00351495054009735,-0.608936013712264,-0.119665664415335,5,0.0243041312965761,31.4709494450018,0.517660947457201
"Sst-10","SUSD4",-0.00234843209898263,0.125523764163041,0.985073197738072,-0.248370489062442,0.243673624864476,5,0.015979994140416,19.8077847616889,0.999123450623938
"Sst-10","MFSD11",-0.00119978079493408,0.122123672802125,0.992161460986206,-0.240557781146852,0.238158219556984,5,0.0141678560653204,18.7292357100985,0.99951797780414
"Sst-10","ILKAP",-0.0664628682620788,0.0994612095519561,0.503987403094675,-0.261403256842704,0.128477520318546,5,0,0,0.999123450623938
"Sst-10","ZRANB3",-0.110287685948613,0.107200344995702,0.303573793818192,-0.320396501270457,0.0998211293732318,5,0,0,0.999123450623938
"Sst-10","KIFC2",-0.132250317252725,0.126025270700282,0.293996255161466,-0.379255308967189,0.114754674461739,5,8.33448231057007e-06,0.00937525613431458,0.999123450623938
"Sst-10","ZNF83",0.0329993270391458,0.163273871139602,0.839830515133355,-0.287011580010908,0.353010234089199,5,0.0393577182831271,29.6270985292581,0.999123450623938
"Sst-10","POU2F1",0.0193648642345156,0.0629898298878306,0.758517294561766,-0.104092933737937,0.142822662206968,5,0,0,0.999123450623938
"Sst-10","COMMD1",-0.12341798569386,0.0865618177250893,0.153932265284056,-0.293076030871356,0.0462400594836355,5,0,0,0.999123450623938
"Sst-10","ATP6AP1",-0.0822147027372256,0.13594259929054,0.545328422566396,-0.348657301311444,0.184227895836993,5,0,0,0.999123450623938
"Sst-10","WDR75",-0.205569191722059,0.113123514565384,0.0691849510751984,-0.427287206074803,0.0161488226306857,5,0,0,0.999123450623938
"Sst-10","SPRED1",0.113619534276353,0.162013414753795,0.48311763722093,-0.203920923653435,0.431159992206141,5,0.0334455245348563,25.4725183707959,0.999123450623938
"Sst-10","CHIC2",-0.0379024790023837,0.117481138852674,0.746978442019209,-0.268161280016373,0.192356322011606,5,7.04651896374438e-07,0.000921723123518831,0.999123450623938
"Sst-10","CLPTM1",0.0826266795091561,0.120874628397219,0.49424459254752,-0.154283238794056,0.319536597812369,5,0,0,0.999123450623938
"Sst-10","ABCD3",0.162300156644063,0.126564739023309,0.199720273533724,-0.0857621735543345,0.41036248684246,5,0.00147006919767904,1.6994319371371,0.999123450623938
"Sst-10","ZC3H7A",-0.198682327499709,0.10580950483424,0.0604172749129394,-0.406065146196836,0.00870049119741814,5,0,0,0.999123450623938
"Sst-10","CC2D1A",0.0792270420548989,0.118972131357042,0.50545621679764,-0.153954050568872,0.31240813467867,5,0,0,0.999123450623938
"Sst-10","MIAT",-0.0100049890187466,0.0827392929905593,0.903752929213281,-0.17217102338655,0.152161045349057,5,0,0,0.999123450623938
"Sst-10","LINC00937",0.124059260329948,0.120894517472788,0.304807821172116,-0.112889639845064,0.36100816050496,5,0,0,0.999123450623938
"Sst-10","TATDN1",-0.00961434227094845,0.103398510350883,0.925916770295715,-0.212271698613771,0.193043014071874,5,0,0,0.999123450623938
"Sst-10","PEBP1",-0.067682858034333,0.149266589098449,0.650234756148454,-0.360239996762432,0.224874280693766,5,0.0619961827381233,56.7044740229072,0.999123450623938
"Sst-10","MMS19",0.0646633602649405,0.106946512239296,0.545423063020648,-0.144947951996251,0.274274672526132,5,8.68394759641807e-06,0.013261914436335,0.999123450623938
"Sst-10","COA1",-0.00625400114129764,0.136796194291662,0.9635352923018,-0.274369615175098,0.261861612892503,5,0.0516548453820835,58.7950879209819,0.999123450623938
"Sst-10","IQCB1",0.136687288537731,0.110493301948501,0.216063315227539,-0.0798756038142403,0.353250180889702,5,0.00995425482438321,15.4922981905537,0.999123450623938
"Sst-10","WDR41",-0.00136870063283544,0.102889882902274,0.989386391888369,-0.203029165494836,0.200291764229165,5,1.88653356375768e-06,0.00297380693642912,0.999123450623938
"Sst-10","OLFM2",0.00738491727508769,0.092880155626864,0.936626840065949,-0.174656842632041,0.189426677182216,5,0,0,0.999123450623938
"Sst-10","SETD7",0.00928431736020457,0.100345562005084,0.926282162534454,-0.187389370178192,0.205958004898601,5,0,0,0.999123450623938
"Sst-10","TAMM41",0.0974883740936065,0.121248048359058,0.421373429936078,-0.140153433885918,0.335130182073131,5,0.00545779704081194,6.85379695411018,0.999123450623938
"Sst-10","GPATCH2",-0.221645358737312,0.241392412922616,0.358516672780818,-0.694765794206861,0.251475076732236,5,0.196540734918699,70.7581187334577,0.999123450623938
"Sst-10","INPP5F",0.0654804629158145,0.114337245232511,0.56685066521049,-0.158616419831431,0.28957734566306,5,0.0360347726309752,56.9868433811643,0.999123450623938
"Sst-10","FAM117B",0.0220444880938668,0.128697854682203,0.863996766028932,-0.23019867197082,0.274287648158554,5,0.0313074108794131,38.6408101081271,0.999123450623938
"Sst-10","MLH3",0.0895842652772564,0.0971078439953785,0.356255593516293,-0.10074361157002,0.279912142124532,5,8.44836994697009e-07,0.00153202222039262,0.999123450623938
"Sst-10","UVRAG",0.0695090825347505,0.0967110333738427,0.472307540379241,-0.120041059785632,0.259059224855133,5,0.0160192910804733,34.6146321311816,0.999123450623938
"Sst-10","FNBP1",-0.0978820066995555,0.131778207261916,0.457615851359843,-0.356162546880166,0.160398533481055,5,0.0529893630812181,64.500359939066,0.999123450623938
"Sst-10","KDM2B",0.0811870623346274,0.0966594608105669,0.400948323713238,-0.108261999619144,0.270636124288399,5,0,0,0.999123450623938
"Sst-10","BCL2L13",0.0285615464813558,0.115046168430991,0.80393200358318,-0.196924800202715,0.254047893165427,5,0,0,0.999123450623938
"Sst-10","FAU",-0.124759868127184,0.161905041820271,0.440959285144795,-0.442087919010366,0.192568182755998,5,0,0,0.999123450623938
"Sst-10","ABCB9",-0.103122824621142,0.103991928952588,0.321371910902326,-0.306943260051062,0.100697610808778,5,0,0,0.999123450623938
"Sst-10","SRSF5",-0.0670785377104744,0.0854491332412477,0.432446925868979,-0.234555761373484,0.100398685952535,5,2.45585652130636e-06,0.00581379469806541,0.999123450623938
"Sst-10","MAP7D2",0.01210042406003,0.143121391017026,0.932621870319796,-0.268412347750615,0.292613195870676,5,0.0519915688077381,54.0606140893726,0.999123450623938
"Sst-10","TPR",0.0254200920394817,0.101592640472564,0.80242040453707,-0.17369782438107,0.224538008460033,5,0,0,0.999123450623938
"Sst-10","MAPK14",0.0175070313520316,0.082333231615573,0.831610678156405,-0.143863137345286,0.178877200049349,5,0,0,0.999123450623938
"Sst-10","GHITM",-0.126544051530246,0.130908607819102,0.333714271354584,-0.383120208121964,0.130032105061472,5,0,0,0.999123450623938
"Sst-10","GPM6B",-0.0809272963866735,0.0666702420939653,0.224807168660371,-0.211598569731412,0.0497439769580647,5,0,0,0.999123450623938
"Sst-10","GRIK5",-0.165698023358093,0.119131611707209,0.16426118904628,-0.399191691724434,0.0677956450082479,5,0,0,0.999123450623938
"Sst-10","CSRNP2",-0.0601796861511378,0.127237350539918,0.636233256630086,-0.309560310697675,0.189200938395399,5,0.0108217469002725,12.4086129557668,0.999123450623938
"Sst-10","NGLY1",0.120200773077255,0.140644553811842,0.392749249292345,-0.155457487015662,0.395859033170171,5,0.0520106852494037,54.1772877024911,0.999123450623938
"Sst-10","SWT1",0.216939408372819,0.117547726637745,0.0649585593624684,-0.0134499023017214,0.447328719047359,5,0,0,0.999123450623938
"Sst-10","PIP4K2B",0.257142262665645,0.143656298835731,0.0734567228037945,-0.0244189092047107,0.538703434536,5,0.0392016806917474,38.5874696208867,0.999123450623938
"Sst-10","ASAH1",0.0661038233540733,0.112236786790726,0.55588305382796,-0.15387623649625,0.286083883204397,5,0.00090966171479214,1.32506216977671,0.999123450623938
"Sst-10","SHANK2",0.150337860105043,0.11991049058141,0.209932637740585,-0.0846823828030505,0.385358103013136,5,0.0419046135141545,59.8092027881324,0.999123450623938
"Sst-10","RECK",0.129912360822015,0.0991850609463944,0.190264294675504,-0.0644867864373287,0.324311508081358,5,0,0,0.999123450623938
"Sst-10","TM7SF3",-0.00475051574902917,0.101896236206989,0.962815206097465,-0.204463468874913,0.194962437376855,5,0,0,0.999123450623938
"Sst-10","PPWD1",0.0689998230000129,0.105964337110714,0.514942689056416,-0.138686461382647,0.276686107382673,5,0,0,0.999123450623938
"Sst-10","VPS13C",-0.0963540545504606,0.0562392136661948,0.0866592921826623,-0.206580887855055,0.013872778754134,5,0,0,0.999123450623938
"Sst-10","MSH3",-0.0779833939921328,0.0763557512785261,0.307104478386076,-0.227637916510542,0.0716711285262766,5,0,0,0.999123450623938
"Sst-10","CWC22",-0.100535586647566,0.129050669554057,0.435956366712111,-0.353470251154298,0.152399077859166,5,0.00901410510207377,10.3551767904093,0.999123450623938
"Sst-10","ZC3H15",0.0161689602520458,0.0979250237743575,0.868852904523822,-0.175760559530923,0.208098480035015,5,0,0,0.999123450623938
"Sst-10","APBB2",-0.125136993132881,0.101655481612653,0.21832619298728,-0.324378075924755,0.0741040896589922,5,0.0191052621712391,38.1462963133582,0.999123450623938
"Sst-10","SH3KBP1",-0.0236746156908799,0.0753751782436505,0.753452422811352,-0.171407250376722,0.124058018994962,5,0.00142329191287507,4.81515770092969,0.999123450623938
"Sst-10","CTNNA2",-0.0556727466615373,0.0769183336071266,0.469194462137404,-0.206429910282342,0.0950844169592676,5,0.00845267494635042,28.6015195078993,0.999123450623938
"Sst-10","ANKRD36",-0.0159861181378388,0.10731089316419,0.881577199553638,-0.226311603888477,0.1943393676128,5,0.0268390747312161,48.1658390481426,0.999123450623938
"Sst-10","RRAGB",0.126229147442687,0.132928557133149,0.342314813501408,-0.13430603705516,0.386764331940533,5,0.0125803191879607,12.979898017433,0.999123450623938
"Sst-10","RPL29",0.0585687672449636,0.176506215070632,0.740023149282091,-0.287377057340957,0.404514591830884,5,0,0,0.999123450623938
"Sst-10","CYFIP2",0.0824568364177452,0.0709273065724798,0.245010432128726,-0.0565581299847462,0.221471802820237,5,6.07781302092582e-08,0.000214711239468226,0.999123450623938
"Sst-10","HMGB1",0.0858917035929022,0.139603522054752,0.538386620933592,-0.187726171749355,0.359509578935159,5,0.0677342148698191,70.7429366950709,0.999123450623938
"Sst-10","GNAS",-0.0582178190526042,0.12573607759759,0.643352879462099,-0.304656002701213,0.188220364596005,5,0.0465614682193279,61.1347479340916,0.999123450623938
"Sst-10","UBA1",-0.121928743778432,0.133038614457296,0.359409224888459,-0.382679636667842,0.138822149110978,5,0,0,0.999123450623938
"Sst-10","ADARB1",0.016541595355283,0.0996382080951522,0.868143895884873,-0.178745703995323,0.211828894705889,5,0.0094385105104119,18.2197981229693,0.999123450623938
"Sst-10","USPL1",-0.0485455736024472,0.116869197093667,0.677860948883717,-0.277604990808148,0.180513843603254,5,9.01232266280746e-07,0.00110383491139529,0.999123450623938
"Sst-10","SYN2",0.1612025523484,0.0627227974579879,0.010167528929288,0.0382681283211434,0.284136976375657,5,6.26673302287346e-07,0.00270189777595329,0.805875702018758
"Sst-10","NUDT9",-0.194328913970917,0.160607980924348,0.226295003367797,-0.509114772212335,0.120456944270501,5,0.0411846995329272,32.1044280828883,0.999123450623938
"Sst-10","ZDHHC20",-0.0210241469157294,0.131793668472691,0.873256686293692,-0.279334990512617,0.237286696681158,5,0.0466686772206213,56.9161583392834,0.999123450623938
"Sst-10","VCP",0.0029244294164436,0.117141291213949,0.980082900729896,-0.226668282465414,0.232517141298301,5,0.000918209854612974,1.17130173330267,0.999123450623938
"Sst-10","CCDC148",0.0595417935332964,0.171202136858622,0.728000522100187,-0.276008228785899,0.395091815852492,5,0.0544377852170725,37.9501571205026,0.999123450623938
"Sst-10","ZNF529",-0.0650948311702454,0.11348563138362,0.566241654869731,-0.28752258144493,0.157332919104439,5,0,0,0.999123450623938
"Sst-10","CKMT2-AS1",0.065662888226457,0.10391043128419,0.527440358184957,-0.13799781470858,0.269323591161494,5,0.0109895091141782,19.8437862798463,0.999123450623938
"Sst-10","XPR1",0.0658256966579658,0.0889439003406363,0.459250806150172,-0.108501144654201,0.240152537970133,5,0,0,0.999123450623938
"Sst-10","FAM168B",-0.111151666688112,0.089951925419608,0.216578065895906,-0.287454200850576,0.0651508674743532,5,0,0,0.999123450623938
"Sst-10","MRPS21",0.0706513969673932,0.143517130950471,0.622517556733808,-0.210637010860049,0.351939804794836,5,0,0,0.999123450623938
"Sst-10","SERF2",-0.0442208306676096,0.174004712624744,0.799390629690626,-0.38526380055235,0.29682213921713,5,0,0,0.999123450623938
"Sst-10","CHRM2",0.0545562228876558,0.0816088869457019,0.503809149516797,-0.105394256344321,0.214506702119633,5,9.2955373016443e-08,0.000253997566107913,0.999123450623938
"Sst-10","CCND3",0.0463058857421879,0.122346251279896,0.705072369510776,-0.193488360409895,0.286100131894271,5,4.95775218081325e-08,5.89544110718067e-05,0.999123450623938
"Sst-10","RGS12",0.133660092591131,0.112565423011162,0.235070197655239,-0.086964082415262,0.354284267597525,5,0,0,0.999123450623938
"Sst-10","HPRT1",-0.0108296600443328,0.103790727169825,0.916898499183641,-0.214255747226412,0.192596427137746,5,0,0,0.999123450623938
"Sst-10","SNX4",0.0455803445833399,0.0991485527147896,0.645718863323622,-0.148747247856919,0.239907937023598,5,0,0,0.999123450623938
"Sst-10","PIANP",-0.134495665593535,0.132898264570373,0.311528620769886,-0.394971477759342,0.125980146572272,5,0,0,0.999123450623938
"Sst-10","LNPK",-0.155232821033922,0.103536800858684,0.133795583190341,-0.358161221791438,0.0476955797235944,5,0,0,0.999123450623938
"Sst-10","FBXL4",0.019323509869683,0.128542619137442,0.880506119250064,-0.232615394118152,0.271262413857518,5,0.0273479057918765,33.5651804687148,0.999123450623938
"Sst-10","TMEM62",-0.00864825969048528,0.166327538662674,0.958532393281937,-0.334644245106519,0.317347725725549,5,0.062371508563183,47.0648647033274,0.999123450623938
"Sst-10","PSD",-0.0151230913725429,0.109176638502633,0.889829873910216,-0.229105370790853,0.198859188045767,5,0,0,0.999123450623938
"Sst-10","MPV17",-0.0491407381322514,0.12542583058494,0.695212489123495,-0.294970848809757,0.196689372545254,5,0,0,0.999123450623938
"Sst-10","UBA52",-0.113635318657116,0.156206016082332,0.46693758427114,-0.41979348434697,0.192522847032739,5,2.60639577607558e-07,0.000202431101545599,0.999123450623938
"Sst-10","POM121",-0.149660801468893,0.101966289757692,0.142172730766794,-0.349511057031145,0.0501894540933595,5,0,0,0.999123450623938
"Sst-10","PPP1R21",0.0837577541355045,0.0995032977551459,0.399923103652663,-0.111265125807547,0.278780634078556,5,0,0,0.999123450623938
"Sst-10","NPTXR",-0.137033937294371,0.108490349247777,0.206553982095874,-0.349671114490187,0.0756032399014455,5,0,0,0.999123450623938
"Sst-10","KANSL1",0.114349522912426,0.129645282617125,0.377766864733319,-0.139750561782655,0.368449607607507,5,0.0469394403152609,58.2733174792918,0.999123450623938
"Sst-10","CNTNAP1",0.0125057839830566,0.16868472516428,0.940901353221543,-0.31811020208097,0.343121770047083,5,0.0627253784780629,46.935095715577,0.999123450623938
"Sst-10","GNL1",-0.13601402199284,0.121106659228868,0.261398066233473,-0.373378712369386,0.101350668383705,5,0.00336633541259755,4.05936891785326,0.999123450623938
"Sst-10","CLCN3",-0.0115879663348511,0.0737976635628075,0.875226339154589,-0.156228729061158,0.133052796391455,5,4.62015963567926e-06,0.0145266336846906,0.999123450623938
"Sst-10","RALGAPA2",0.0251189966016716,0.0831316787477858,0.762530750398218,-0.137816099718342,0.188054092921686,5,0,0,0.999123450623938
"Sst-10","SH3BP5",-0.012708089600504,0.0943750544301634,0.892884514382796,-0.197679797322631,0.172263618121623,5,0,0,0.999123450623938
"Sst-10","SLC41A3",-0.159878392747557,0.115707088254732,0.167048148224394,-0.38666011848283,0.066903332987716,5,0,0,0.999123450623938
"Sst-10","ATXN2",-0.086445004178048,0.0583070529327776,0.138185424783832,-0.200724727970963,0.0278347196148665,5,0,0,0.999123450623938
"Sst-10","DNER",-0.135673601067509,0.0698163426108216,0.0519807820454841,-0.272511118117028,0.00116391598201071,5,0.00145574490139034,5.55786772664466,0.999123450623938
"Sst-10","TRANK1",-0.00631446634651906,0.0766290602348435,0.934326230835638,-0.156504664575963,0.143875731882925,5,0,0,0.999123450623938
"Sst-10","RNF19A",0.0669594147331071,0.100194135041469,0.503944188032002,-0.129417481410315,0.263336310876529,5,0.00900241728536799,16.9177852854956,0.999123450623938
"Sst-10","SPATS2",-0.0405573527850711,0.115361847235611,0.725163444889548,-0.26666241855688,0.185547712986738,5,0,0,0.999123450623938
"Sst-10","PFDN2",0.0437603355279831,0.140427170550479,0.755327056049818,-0.231471861201819,0.318992532257785,5,9.05806117424758e-07,0.000851869389777038,0.999123450623938
"Sst-10","DNAJC5",-0.0646035165213698,0.14237641496196,0.650007671514896,-0.34365616209474,0.214449129052001,5,0.039186606856423,39.8884691811141,0.999123450623938
"Sst-10","LRP8",-0.263378054216259,0.111449461364605,0.0181175875290198,-0.481814984587272,-0.0449411238452454,5,3.0336880754092e-06,0.00416453447045816,0.947792132984498
"Sst-10","PRPF8",-0.262434293726916,0.115724682583809,0.0233446356523899,-0.489250503713512,-0.0356180837403202,5,0,0,0.999123450623938
"Sst-10","PCP4L1",0.0665152724813493,0.131969527068873,0.614247368227625,-0.192140247630426,0.325170792593125,5,0.0118644394185793,12.7589052852194,0.999123450623938
"Sst-10","SH3BGRL",0.0897065786638722,0.137309888856934,0.513553371393919,-0.179415858216916,0.358829015544661,5,0.0440730243214379,48.2841900453551,0.999123450623938
"Sst-10","VPS45",0.154715242161161,0.081500274198853,0.0576512891395297,-0.00502235999872969,0.314452844321052,5,0,0,0.999123450623938
"Sst-10","ZNF507",0.0391891303762022,0.113116797053522,0.729005776359118,-0.182515717895228,0.260893978647632,5,0,0,0.999123450623938
"Sst-10","SPEN",0.0175124027246679,0.0871987641747452,0.840829038894431,-0.153394034554234,0.18841884000357,5,0,0,0.999123450623938
"Sst-10","YY1",-0.0195567261504218,0.110229995314271,0.859180491160938,-0.235603546982412,0.196490094681569,5,0,0,0.999123450623938
"Sst-10","SS18L1",0.06552735275038,0.170461431097266,0.700673398658147,-0.268570912953418,0.399625618454177,5,0.0664423647569969,49.3526482619096,0.999123450623938
"Sst-10","ZC3H12B",-0.0540301263861688,0.12380836504162,0.662545625627072,-0.296690062852532,0.188629810080194,5,0,0,0.999123450623938
"Sst-10","IVD",0.0804257391843098,0.115382490868966,0.48578032279547,-0.145719787365384,0.306571265734004,5,0,0,0.999123450623938
"Sst-10","VPS26A",-0.00344873799479993,0.1353568303627,0.979673008734036,-0.268743250567189,0.26184577457759,5,0,0,0.999123450623938
"Sst-10","EPC1",0.100219231528928,0.07658515835165,0.190670353071427,-0.0498849205906034,0.250323383648459,5,0,0,0.999123450623938
"Sst-10","PKD1",-0.213598369592401,0.0906852450191675,0.018503686121864,-0.39133818375916,-0.0358585554256428,5,0,0,0.957016918658781
"Sst-10","TET3",0.0802833157659958,0.149853596586187,0.592134795466282,-0.213424336496726,0.373990968028718,5,0.0540661334624788,52.0350682553441,0.999123450623938
"Sst-10","RNF130",0.160646660720352,0.126424697489682,0.203838780368707,-0.0871411931157961,0.4084345145565,5,0.0442228581219657,59.0513946301778,0.999123450623938
"Sst-10","CHIC1",0.0398922470160121,0.0929479555778446,0.667785633369571,-0.142282398353192,0.222066892385216,5,0,0,0.999123450623938
"Sst-10","TIPRL",-0.00737276125279481,0.102183725682898,0.942480935618352,-0.207649183397396,0.192903660891807,5,3.26877919573848e-06,0.00508314300258528,0.999123450623938
"Sst-10","TSPAN9",0.142146836947173,0.110344532227358,0.19767316494445,-0.0741244721093684,0.358418146003714,5,0,0,0.999123450623938
"Sst-10","TMEM14A",-0.131290415086571,0.137637558333999,0.340141810150251,-0.401055072341241,0.138474242168098,5,0,0,0.999123450623938
"Sst-10","EIF2A",0.0398760950445181,0.138143331414405,0.772843564455001,-0.230879859232097,0.310632049321133,5,0.023252449243502,24.0557734733925,0.999123450623938
"Sst-10","MAP3K3",-0.120566431687721,0.0933573791739112,0.196547517667789,-0.303543532559637,0.0624106691841941,5,0,0,0.999123450623938
"Sst-10","PSMD14",0.0179701920614143,0.0875766653266038,0.837420683727159,-0.153676917864847,0.189617301987675,5,0,0,0.999123450623938
"Sst-10","TOMM20",0.0587237230391661,0.10190788729976,0.564450835983207,-0.14101206580893,0.258459511887262,5,0.0069789176314471,12.8781631700754,0.999123450623938
"Sst-10","LRSAM1",-0.00157237431687639,0.116181560184673,0.989201944854623,-0.229284047946509,0.226139299312756,5,0,0,0.999123450623938
"Sst-10","TMEM108",-0.0722005955410718,0.0860044423125154,0.401189661719379,-0.240766204984055,0.0963650139019112,5,0.00415488526141081,10.6692756886882,0.999123450623938
"Sst-10","PIGU",0.0128753672499331,0.0960480568418382,0.893362005906548,-0.175375364945126,0.201126099444992,5,0,0,0.999123450623938
"Sst-10","STX3",-0.0649093521961814,0.128193021776738,0.612617453103443,-0.316163057947947,0.186344353555584,5,0.0187602471376086,22.0392362968571,0.999123450623938
"Sst-10","CABLES1",0.0561452507824615,0.239590614775821,0.814722375779901,-0.413443725211958,0.525734226776881,5,0.189382083001358,69.95043559686,0.999123450623938
"Sst-10","ALDH5A1",-0.136303258742883,0.175023520800932,0.436114568305457,-0.479343055960106,0.206736538474341,5,0.0747171218144477,50.8202845267748,0.999123450623938
"Sst-10","CDC42",-0.079208424911929,0.135548742608556,0.558982292554224,-0.344879078574389,0.186462228750531,5,0.0452926078001536,51.2131878294063,0.999123450623938
"Sst-10","OCA2",0.0777302327069498,0.118493183789744,0.511831160769458,-0.154512139934433,0.309972605348333,5,0,0,0.999123450623938
"Sst-10","TOMM70",-0.0808231502109467,0.114425429643597,0.47997730942148,-0.305092871227918,0.143446570806025,5,0.0011943092044925,1.54765168801101,0.999123450623938
"Sst-10","PHC1",0.00427155798059986,0.113545423342094,0.969990807892318,-0.218273382379258,0.226816498340457,5,0,0,0.999123450623938
"Sst-10","HEATR5B",0.0718302768953922,0.0846126611845665,0.395919912691157,-0.0940074916624483,0.237668045453233,5,0,0,0.999123450623938
"Sst-10","SCFD1",-0.124159676596673,0.0680946141218614,0.0682518162654423,-0.257622667816674,0.00930331462332781,5,0,0,0.999123450623938
"Sst-10","ATP1B1",-0.115152481739813,0.0667495458755056,0.0845017861209378,-0.245979187640208,0.0156742241605821,5,5.92882985474177e-07,0.00241549916491485,0.999123450623938
"Sst-10","DYNLT3",-0.000118829236315532,0.127080636922382,0.999253922536842,-0.249192300736596,0.248954642263965,5,6.22829833639791e-07,0.000653084823591073,0.999570926006698
"Sst-10","CSNK1G3",-0.0249558494718398,0.0975022935762996,0.797988357332266,-0.216056833291438,0.166145134347758,5,0.00886212029081791,18.0740232598668,0.999123450623938
"Sst-10","TMEM150C",0.105858921174629,0.102743114577559,0.302856911551146,-0.09551388305686,0.307231725406117,5,0,0,0.999123450623938
"Sst-10","CENPP",0.073648967203674,0.180281813739753,0.682890970516438,-0.2796968947938,0.426994829201148,5,0.088121284604534,57.0927326172373,0.999123450623938
"Sst-10","SREBF2",-0.0191739768045651,0.0919378106255986,0.834796604844216,-0.199368774448202,0.161020820839072,5,1.78427936839477e-06,0.00386906872476114,0.999123450623938
"Sst-10","VWC2",-0.0235337744435245,0.17856522911491,0.895147459979593,-0.373515192399891,0.326447643512842,5,0,0,0.999123450623938
"Sst-10","USP45",0.206565529333654,0.203791923623002,0.310768889658104,-0.192859301307567,0.605990359974875,5,0.111023718322547,55.9373185639378,0.999123450623938
"Sst-10","PRKAR1B",-0.00652520585956341,0.0684253175754594,0.924026941441385,-0.140636363938179,0.127585952219053,5,0,0,0.999123450623938
"Sst-10","KDM2A",-0.0363754192961948,0.0740708534332273,0.623363138809206,-0.181551624329465,0.108800785737076,5,0,0,0.999123450623938
"Sst-10","ANKRD55",-0.192835540760442,0.218287432892437,0.377019145291242,-0.620671047507322,0.234999965986437,5,0.0416620455411108,17.2590498401729,0.999123450623938
"Sst-10","CD2AP",0.0554926034387425,0.100808849289171,0.581994625327358,-0.14208911049096,0.253074317368445,5,0,0,0.999123450623938
"Sst-10","PITPNA",-0.104824591783745,0.109232424704507,0.33723279941022,-0.318916210148562,0.109267026581073,5,0,0,0.999123450623938
"Sst-10","DOK5",-0.0631855691335097,0.228949254224641,0.782562911125135,-0.511917861701111,0.385546723434092,5,0.15819103709997,62.1468597608407,0.999123450623938
"Sst-10","CPLX1",-0.0556520139473657,0.0994114528926553,0.575605689871648,-0.25049488126777,0.139190853373039,5,0,0,0.999123450623938
"Sst-10","TMEM170B",-0.0560567444143848,0.132095744141713,0.671300006445178,-0.31495964544316,0.20284615661439,5,0.0156709428982686,17.1877567215803,0.999123450623938
"Sst-10","DHX30",0.0234363443334055,0.0965929762049771,0.808292114949877,-0.165882410187884,0.212755098854695,5,0,0,0.999123450623938
"Sst-10","PIP5K1B",-0.00124013316502058,0.0977569615562641,0.989878403023653,-0.192840257053365,0.190359990723324,5,0,0,0.999123450623938
"Sst-10","STX7",0.0671056882300828,0.0880600294584684,0.446033261676052,-0.105488797986051,0.239700174446217,5,0.00858377245997176,21.8263846591726,0.999123450623938
"Sst-10","SMARCD3",0.00992326712902931,0.0963788997790673,0.917993930238784,-0.178975905307538,0.198822439565597,5,0,0,0.999123450623938
"Sst-10","DSCAML1",0.00549605399161113,0.0620403696896121,0.929409066938846,-0.116100836187579,0.127092944170801,5,0,0,0.999123450623938
"Sst-10","PPP1R2",-0.0511428065751795,0.117498396274431,0.663370907506801,-0.281435431514279,0.17914981836392,5,0,0,0.999123450623938
"Sst-10","NOL10",0.0312342329455852,0.0923754641889729,0.735270793489572,-0.149818349919971,0.212286815811142,5,0,0,0.999123450623938
"Sst-10","USP40",0.0215589076083657,0.129353972466429,0.867632868895127,-0.231970219683021,0.275088034899752,5,0.00667858689295254,7.19734020689983,0.999123450623938
"Sst-10","MCU",0.0949593685809246,0.226050535498872,0.674426819956203,-0.348091539682858,0.538010276844707,5,0.165853331400425,66.0633543054569,0.999123450623938
"Sst-10","ODF2L",0.0685116521590416,0.0692770940199553,0.322687110910531,-0.0672689570736658,0.204292261391749,5,0,0,0.999123450623938
"Sst-10","ANKRD7",-0.0266350278717249,0.112604515983379,0.813016733833531,-0.247335823695712,0.194065767952263,5,0,0,0.999123450623938
"Sst-10","MAPK9",0.0488025071611151,0.0797118570324334,0.540381305604281,-0.10742986176326,0.20503487608549,5,0,0,0.999123450623938
"Sst-10","ATG10",0.0083843955405327,0.208268345711372,0.967887711537183,-0.399814061173493,0.416582852254558,5,0.111403722151842,52.2823951614597,0.999123450623938
"Sst-10","COPG2",0.181503323684909,0.0979083595337905,0.0637665991795194,-0.0103935347867197,0.373400182156537,5,0,0,0.999123450623938
"Sst-10","HS6ST1",0.0467585582394579,0.108713421204699,0.667116772613628,-0.166315831957885,0.259832948436801,5,0,0,0.999123450623938
"Sst-10","MGAT4C",0.0157953782032219,0.107572099512929,0.883262045504189,-0.195042062583479,0.226632818989922,5,0.0313756104345411,56.171731482641,0.999123450623938
"Sst-10","DPM1",0.0273866134532961,0.107815660922999,0.799485271423537,-0.183928198925165,0.238701425831757,5,0,0,0.999123450623938
"Sst-10","VOPP1",-0.163941006369889,0.0958864822482134,0.0873138617524235,-0.351875058180627,0.0239930454408485,5,0,0,0.999123450623938
"Sst-10","AP3B2",-0.0936981437768503,0.0880090511206014,0.287037906418395,-0.266192714286774,0.078796426733073,5,0,0,0.999123450623938
"Sst-10","MARK2",0.0682798974554083,0.11388196958533,0.548794689796964,-0.154924661420325,0.291484456331141,5,0.00395609238339206,5.4122643696717,0.999123450623938
"Sst-10","DDX1",-0.097345686262165,0.10285020937904,0.343903718927211,-0.298928392447486,0.104237019923156,5,0,0,0.999123450623938
"Sst-10","SYT13",-0.194896764003037,0.0973703732984296,0.0453275205046937,-0.385739188829179,-0.00405433917689399,5,0,0,0.999123450623938
"Sst-10","SPTB",0.172612721421297,0.170902711877262,0.312492535956697,-0.162350438718361,0.507575881560956,5,0.0776884638480272,54.6580182917088,0.999123450623938
"Sst-10","FOXRED1",-0.0593261588577395,0.132074399315157,0.653296460655425,-0.318187224795208,0.199534907079729,5,0,0,0.999123450623938
"Sst-10","PUM3",0.105664690555364,0.0820086408761458,0.197586575187103,-0.0550692919829608,0.266398673093689,5,0,0,0.999123450623938
"Sst-10","CCNL2",-0.0493647688288939,0.12155848932748,0.684669933797056,-0.287615029925852,0.188885492268064,5,0,0,0.999123450623938
"Sst-10","DLG1",-0.0557123123549732,0.131753181010771,0.672402047925065,-0.313943801984671,0.202519177274724,5,0.0522872879283579,63.5838921135727,0.999123450623938
"Sst-10","AKAP8L",0.0096046215117932,0.154552381320513,0.950447548064547,-0.293312479601313,0.312521722624899,5,0.0654323565085228,56.6296156387569,0.999123450623938
"Sst-10","MRPL42",-0.00483898718175546,0.124375294237598,0.968965063754006,-0.24861008445402,0.238932110090509,5,0,0,0.999123450623938
"Sst-10","UBAP2",0.0674094756560481,0.0864529436907095,0.435553072621389,-0.102035180335212,0.236854131647308,5,0,0,0.999123450623938
"Sst-10","TXNDC16",0.0701593156019791,0.0740219435366264,0.34322221771286,-0.0749210277954662,0.215239658999424,5,0,0,0.999123450623938
"Sst-10","DCUN1D1",-0.0179849228388045,0.111764274366738,0.872157707902938,-0.237038875355864,0.201069029678255,5,0,0,0.999123450623938
"Sst-10","PRPF40A",-0.0757798506612521,0.0926187342506382,0.41324791232409,-0.257309234086189,0.105749532763685,5,0,0,0.999123450623938
"Sst-10","RNF170",0.0850742333126616,0.111287644122773,0.444597014350441,-0.133045541092284,0.303194007717607,5,0.00333881425740126,4.79884721959936,0.999123450623938
"Sst-10","CUL1",0.0202232983490107,0.0718287281792554,0.778289438738621,-0.120558421937647,0.161005018635668,5,1.20031975561158e-06,0.00403211969505856,0.999123450623938
"Sst-10","MSH2",0.00519373461836785,0.0891230204983495,0.953528771054267,-0.169484175751822,0.179871644988558,5,0.00626015170601803,14.9741995280428,0.999123450623938
"Sst-10","PNMA3",-0.236596980664102,0.195083224035942,0.225206204172072,-0.618953073762507,0.145759112434303,5,0.0864055583400706,46.5991764755433,0.999123450623938
"Sst-10","CCDC149",-0.093332665191893,0.0902436086698791,0.301028560288136,-0.270206888019783,0.0835415576359966,5,0,0,0.999123450623938
"Sst-10","TOR1AIP2",0.0712234372507222,0.108617877013518,0.512001199772137,-0.141663689772973,0.284110564274418,5,0,0,0.999123450623938
"Sst-10","LHFPL3",0.0970678784568672,0.0656796717254448,0.139434988105599,-0.0316619126414184,0.225797669555153,5,0,0,0.999123450623938
"Sst-10","ALMS1",-0.0456744570859266,0.126843411305415,0.718783290725816,-0.294282974920741,0.202934060748887,5,0.0324371791440993,41.8348482103357,0.999123450623938
"Sst-10","CCT8",-0.0229573998129974,0.132634894669296,0.862582902181863,-0.282917016458081,0.237002216832086,5,0,0,0.999123450623938
"Sst-10","TMEM132B",0.098495065861569,0.111476635321281,0.376939738636834,-0.119995124485848,0.316985256208986,5,0.0327274133407759,54.8213195510413,0.999123450623938
"Sst-10","IST1",0.207495653448636,0.108627824669448,0.0561136490228567,-0.00541097062241319,0.420402277519685,5,0,0,0.999123450623938
"Sst-10","TERF1",-0.0232315303832942,0.105044769148978,0.824969119164436,-0.229115494679615,0.182652433913026,5,0,0,0.999123450623938
"Sst-10","HMGCS1",0.0535047927373662,0.189221419127888,0.777358613787704,-0.317362373856853,0.424371959331585,5,0.0914118065467648,52.0175738150788,0.999123450623938
"Sst-10","NCEH1",0.0111021327177865,0.107993023215611,0.918118398559545,-0.20056030336641,0.222764568801983,5,0.00657868746511383,10.7360848947624,0.999123450623938
"Sst-10","CCNC",-0.186209930966695,0.111922882735171,0.0961655528402773,-0.405574750173529,0.0331548882401395,5,8.26929442605465e-05,0.111736356498906,0.999123450623938
"Sst-10","PLEKHM2",-0.0976050928721976,0.102721323078,0.342014141730979,-0.29893518654938,0.103725000804985,5,0,0,0.999123450623938
"Sst-10","CHST15",0.0341608739915286,0.107521918836719,0.750704324229378,-0.176578214477079,0.244899962460137,5,0.0110002167850064,18.7357204907207,0.999123450623938
"Sst-10","SH3YL1",0.0967242567680335,0.102481238835151,0.345259574138701,-0.10413528043991,0.297583793975977,5,0,0,0.999123450623938
"Sst-10","IL6ST",0.0428868591798641,0.182971333799406,0.81468133777732,-0.315730365270227,0.401504083629956,5,0.0738922991358337,45.714612723712,0.999123450623938
"Sst-10","AFF4",-0.0299354406394966,0.0703339577792437,0.670385784731872,-0.167787464776975,0.107916583497982,5,0,0,0.999123450623938
"Sst-10","KIAA0930",-0.0945145978386702,0.0996231377198706,0.342762351765818,-0.28977235979649,0.10074316411915,5,0.00496583994185365,9.48193587822269,0.999123450623938
"Sst-10","SCAP",-0.0771790499319205,0.111299619852063,0.488036615067601,-0.295322296334963,0.140964196471122,5,0,0,0.999123450623938
"Sst-10","TBL1XR1",-0.0501270867385074,0.0829981102161528,0.545873856390801,-0.212800393547053,0.112546220070038,5,0.00673694197486761,18.9755234903853,0.999123450623938
"Sst-10","TRAPPC8",0.120990034179862,0.0817921932338079,0.139076998183979,-0.0393197187749419,0.281299787134666,5,0.00059222817510669,1.50639252039201,0.999123450623938
"Sst-10","ZNF821",0.0350593639107641,0.107570256622438,0.744484420062069,-0.175774464876946,0.245893192698475,5,0,0,0.999123450623938
"Sst-10","ATP6V1E1",0.131824656384025,0.11994625257204,0.271754520895748,-0.103265678737718,0.366914991505768,5,0,0,0.999123450623938
"Sst-10","ABCA5",0.0259111144161178,0.101977083329364,0.799427867259888,-0.173960296157876,0.225782524990111,5,0.0299256594988358,60.551035785637,0.999123450623938
"Sst-10","SDK1",-0.195333954162177,0.122248479765029,0.110077782860978,-0.434936571666407,0.0442686633420533,5,0,0,0.999123450623938
"Sst-10","CTNNAL1",0.331997755684083,0.133783803321246,0.01307943635116,0.0697863194596506,0.594209191908515,5,0,0,0.881748287364026
"Sst-10","ZBTB4",-0.0900248025890086,0.113459043641875,0.4275119708677,-0.312400441847441,0.132350836669424,5,0.0125682593577286,19.2335328803633,0.999123450623938
"Sst-10","MTMR3",0.0312674694148553,0.0874689607549147,0.7207404944017,-0.140168543429925,0.202703482259636,5,0,0,0.999123450623938
"Sst-10","SMS",0.0932671608874159,0.0977503542944764,0.340014656094407,-0.098320013005788,0.28485433478062,5,6.59353296920104e-07,0.00118355497483008,0.999123450623938
"Sst-10","ORC5",-0.0437614729889133,0.116621647653477,0.70747965091708,-0.272335702207449,0.184812756229622,5,0,0,0.999123450623938
"Sst-10","XXYLT1",-0.119929758966462,0.105198086077103,0.254270694570869,-0.326114218920128,0.0862547009872034,5,8.27617503929373e-08,0.000129512928492605,0.999123450623938
"Sst-10","SRCIN1",0.0448165315948665,0.102884044756756,0.663125266030353,-0.156832490712183,0.246465553901916,5,0.0227373644923095,43.9504398681292,0.999123450623938
"Sst-10","EML2",0.0587717277382618,0.100038929214021,0.556875622937905,-0.137300970573172,0.254844426049696,5,0,0,0.999123450623938
"Sst-10","EEF2K",0.0252848043824628,0.109777982587128,0.817837886931405,-0.189876087783773,0.240445696548699,5,0,0,0.999123450623938
"Sst-10","ATG12",0.23697590980235,0.111678185381195,0.0338416480031823,0.0180906885964212,0.455861131008279,5,0,0,0.999123450623938
"Sst-10","PRPSAP2",0.0490170548686578,0.108105646849931,0.650247719613557,-0.162866119482614,0.260900229219929,5,0,0,0.999123450623938
"Sst-10","DDHD1",0.0360252584577803,0.075171067384047,0.631765288112832,-0.111307326294385,0.183357843209946,5,0,0,0.999123450623938
"Sst-10","DAB1",-0.218660384391646,0.0855196062459388,0.0105626247364922,-0.386275732605733,-0.0510450361775595,5,0,0,0.82645767649759
"Sst-10","MAPKAP1",-0.0330352739141301,0.0750608116738694,0.659854930078462,-0.180151761445258,0.114081213616998,5,0,0,0.999123450623938
"Sst-10","CLCN4",-0.13382742310015,0.121831486974111,0.272002213674785,-0.372612749752367,0.104957903552068,5,0.0235491112726305,31.8911527316255,0.999123450623938
"Sst-10","SUCO",0.00815492652840072,0.108888391073379,0.940300224204133,-0.205262398309935,0.221572251366737,5,0,0,0.999123450623938
"Sst-10","SLC35F3",-0.112495897781554,0.0977226929599016,0.249660345989157,-0.304028856455227,0.0790370608921187,5,0,0,0.999123450623938
"Sst-10","NUP54",-0.185281028364185,0.153402231588989,0.22711965428322,-0.485943877426675,0.115381820698306,5,0.0305264852829066,25.9027842298612,0.999123450623938
"Sst-10","LRRFIP1",-0.060562439485532,0.0668938585121267,0.365279325053145,-0.191671992956218,0.0705471139851545,5,2.6106402245887e-07,0.000986659519700649,0.999123450623938
"Sst-10","JADE1",0.047550750376496,0.117702776262439,0.686220036559845,-0.18314245197826,0.278243952731252,5,0,0,0.999123450623938
"Sst-10","MBTD1",0.120986790142488,0.0960603243377626,0.20785425581206,-0.0672879859027636,0.309261566187739,5,0,0,0.999123450623938
"Sst-10","PRPF39",-0.0103918468675545,0.102014778139789,0.918862963863923,-0.210337137912384,0.189553444177275,5,0,0,0.999123450623938
"Sst-10","SNX2",0.0757458959069703,0.113866790554073,0.505912994324215,-0.147428912614178,0.298920704428119,5,0,0,0.999123450623938
"Sst-10","ELL2",-0.528077446162799,0.189705285455911,0.00537472213355465,-0.899892973333273,-0.156261918992324,5,0.0671395965176317,38.1825026966199,0.64317508198204
"Sst-10","ROCK1",0.0781285679778776,0.0845186102323032,0.355280775388941,-0.087524864100815,0.24378200005657,5,0,0,0.999123450623938
"Sst-10","RAB12",0.115775894850031,0.0904422897182903,0.200507170095488,-0.0614877356771548,0.293039525377217,5,0,0,0.999123450623938
"Sst-10","SIN3B",0.0167320972387013,0.104969193767021,0.873353680728293,-0.189003742030867,0.22246793650827,5,0,0,0.999123450623938
"Sst-10","AVEN",0.0442003876221668,0.114773378688753,0.700155843536402,-0.180751300991766,0.2691520762361,5,0,0,0.999123450623938
"Sst-10","KIAA1958",-0.0631726969702269,0.127330642589945,0.619801889554199,-0.312736170574861,0.186390776634407,5,3.61361472752902e-06,0.00409983191382575,0.999123450623938
"Sst-10","MED15",-0.00733219586237265,0.0982482418701248,0.940509674493576,-0.199895211472197,0.185230819747452,5,0,0,0.999123450623938
"Sst-10","MPRIP",-0.0810141351404575,0.0852236428373144,0.341804249365453,-0.248049405732899,0.0860211354519836,5,0.0055376869922642,13.9162148290231,0.999123450623938
"Sst-10","FRA10AC1",0.00806352700011884,0.0974181122148168,0.934032547661235,-0.182872464382804,0.198999518383041,5,9.32818261225279e-07,0.00161448989090282,0.999123450623938
"Sst-10","PKIG",-0.104664139006447,0.145626590129348,0.472316013248941,-0.390087010851345,0.180758732838451,5,0.038081806462168,36.6966979280929,0.999123450623938
"Sst-10","MRPS9",0.0172356137128288,0.104274087138103,0.868714598341985,-0.187137841598644,0.221609069024301,5,0,0,0.999123450623938
"Sst-10","MTFMT",-0.0266164468082143,0.116129128209799,0.818715810807845,-0.254225355655455,0.200992462039026,5,0,0,0.999123450623938
"Sst-10","DAPK1",0.102980863160426,0.0538348666429441,0.0557605065273375,-0.00253353657226123,0.208495262893113,5,0.000459970198923698,2.72090725977011,0.999123450623938
"Sst-10","KCNT2",-0.0425200374343494,0.16249076097598,0.793570746643272,-0.360996076767776,0.275956001899077,5,0,0,0.999123450623938
"Sst-10","LRRC37A3",0.207246719200027,0.139363692922764,0.136990350505421,-0.0659010996810903,0.480394538081144,5,0.0410110911697836,44.8198369235496,0.999123450623938
"Sst-10","DENND1A",0.0261105764863195,0.0664183690503238,0.69422877087923,-0.104067034764205,0.156288187736844,5,1.38570949228898e-07,0.00057022494782703,0.999123450623938
"Sst-10","SNAPC3",0.114229008646018,0.0968275147956939,0.23811302290428,-0.0755494330660612,0.304007450358097,5,0,0,0.999123450623938
"Sst-10","MAP4K4",0.00203461844034598,0.0757080024109072,0.978559792930284,-0.146350339626504,0.150419576507196,5,0.00308933040232774,9.70512421033343,0.999123450623938
"Sst-10","WNK3",-0.00298932809263151,0.110766929598792,0.978469663776182,-0.220088520784347,0.214109864599084,5,0,0,0.999123450623938
"Sst-10","PNMA1",-0.160642816635922,0.21939334730442,0.464038137950909,-0.590645875800273,0.26936024252843,5,0.131535225633913,56.9313039541797,0.999123450623938
"Sst-10","TUSC3",-0.00343058981200716,0.153937691892273,0.982220156368483,-0.305142921784086,0.298281742160072,5,0.0750428853180967,65.2777712143944,0.999123450623938
"Sst-10","LYRM4",-0.0276388275518082,0.13710253178972,0.840235392176986,-0.296354852048917,0.241077196945301,5,0.0207891097187581,21.6214368654758,0.999123450623938
"Sst-10","PPP4R3A",0.0822784912190213,0.0959264426980385,0.391044429015836,-0.105733881634179,0.270290864072222,5,0,0,0.999123450623938
"Sst-10","DDX3X",-0.0530192048809921,0.0968942802933356,0.584250873834797,-0.242928504563859,0.136890094801875,5,0,0,0.999123450623938
"Sst-10","SAMD4B",0.082121540704552,0.113086749199296,0.4677273189581,-0.139524414854781,0.303767496263885,5,0.00487334154922094,7.09791730705224,0.999123450623938
"Sst-10","ILDR2",0.128512882078203,0.103973575849229,0.216453049815356,-0.0752715819301299,0.332297346086535,5,0,0,0.999123450623938
"Sst-10","GLIS1",0.264269229353756,0.107271929063942,0.0137570607806098,0.0540201118362951,0.474518346871217,5,0,0,0.891144034147969
"Sst-10","TIAM2",0.0522579758573352,0.0850787419931404,0.539062884481622,-0.114493294299195,0.219009246013866,5,0.00756115441102305,20.3963489081259,0.999123450623938
"Sst-10","ZSWIM5",-0.0350214044868188,0.0893456745931151,0.695075580231484,-0.21013570886376,0.140092899890122,5,0,0,0.999123450623938
"Sst-10","ADGRL1",0.184855596929619,0.125646237066127,0.141226595169296,-0.061406502512972,0.431117696372209,5,0.0379321490169182,49.1166965033468,0.999123450623938
"Sst-10","INPP5B",0.101968032005126,0.0967799262000044,0.292062768018148,-0.087717137773327,0.291653201783579,5,4.21498598137471e-06,0.00708450159338431,0.999123450623938
"Sst-10","PTPRE",-0.225567236248502,0.127928652758826,0.0778622359207698,-0.476302788246533,0.025168315749528,5,6.35883367860062e-07,0.000738561534908693,0.999123450623938
"Sst-10","ATP6V1B2",-0.081259418864537,0.0904382333518676,0.368915119786797,-0.258515099059627,0.0959962613305525,5,0,0,0.999123450623938
"Sst-10","CCDC3",0.0370044314035613,0.100696087036538,0.713256316848797,-0.160356272572164,0.234365135379286,5,0,0,0.999123450623938
"Sst-10","ANO10",0.0566274976030207,0.080880227323752,0.483839759931338,-0.101894835012946,0.215149830218987,5,0,0,0.999123450623938
"Sst-10","KIAA0513",-0.0829093893738632,0.102996383888049,0.420834805444414,-0.2847785923323,0.118959813584574,5,0,0,0.999123450623938
"Sst-10","GDI2",-0.0147526922503215,0.102885804599937,0.885982972892287,-0.216405163786624,0.186899779285981,5,0,0,0.999123450623938
"Sst-10","RPS15",-0.173041258020772,0.146936674238358,0.238932683746956,-0.461031847536047,0.114949331494504,5,0,0,0.999123450623938
"Sst-10","HMGCR",-0.222356358183736,0.179132002993604,0.214495351086358,-0.573448632529722,0.128735916162249,5,0.044897470583305,28.163250101657,0.999123450623938
"Sst-10","EPHB2",-0.0518029076815281,0.114978979350157,0.652319373778138,-0.27715756618701,0.173551750823954,5,0,0,0.999123450623938
"Sst-10","FAM120A",-0.149196170586012,0.0799154432331798,0.0619120066765335,-0.3058275611316,0.00743521995957516,5,7.66207284489452e-06,0.0203793688196981,0.999123450623938
"Sst-10","RABEP1",0.0115020944865613,0.0825608274020587,0.889199966008457,-0.150314153755301,0.173318342728424,5,0.00895135713844374,25.954017777269,0.999123450623938
"Sst-10","PTPRB",0.0151149103442082,0.105350152168359,0.885916573818419,-0.191367593671589,0.221597414360006,5,0,0,0.999123450623938
"Sst-10","KLHL7",0.0381329464757051,0.131854752996239,0.772425128900117,-0.220297620587348,0.296563513538759,5,0.041708135167289,49.2911468341378,0.999123450623938
"Sst-10","LRCH2",0.165384403761914,0.112192589374169,0.140451530578025,-0.0545090307437482,0.385277838267576,5,1.77506060078494e-06,0.00249046187671564,0.999123450623938
"Sst-10","WDR48",-0.0801410073455119,0.10258167689707,0.434660789467151,-0.281197399537494,0.12091538484647,5,0,0,0.999123450623938
"Sst-10","MYRIP",0.121608310633593,0.062726026174761,0.0525352299365546,-0.00133244156225551,0.244549062829441,5,0,0,0.999123450623938
"Sst-10","YPEL5",0.15788640841083,0.23689835344349,0.505108675424197,-0.306425832335251,0.62219864915691,5,0.174256511542668,64.4887683043853,0.999123450623938
"Sst-10","ZNF385B",0.102410503690917,0.0903804099431207,0.257170118778137,-0.0747318447055651,0.2795528520874,5,0.0128605391881959,31.779484553994,0.999123450623938
"Sst-10","THSD4",-0.192298907609002,0.148863753138583,0.196434068116104,-0.484066502364086,0.0994686871460821,5,5.69028342473528e-07,0.000480257856453161,0.999123450623938
"Sst-10","ZNF540",-0.17268141066803,0.099552140608776,0.0828147640441313,-0.367800020845098,0.0224371995090381,5,0,0,0.999123450623938
"Sst-10","PRKAR2B",0.18698686198983,0.112810743767148,0.0974129598934687,-0.034118132862957,0.408091856842618,5,0,0,0.999123450623938
"Sst-10","ZFR",-0.0485917444468791,0.070960274576888,0.493486603354109,-0.187671326950653,0.0904878380568946,5,0,0,0.999123450623938
"Sst-10","OSBPL9",0.0221353260048038,0.0647385021251245,0.732411826162178,-0.10474980657351,0.149020458583118,5,0,0,0.999123450623938
"Sst-10","RAP1GAP",-0.0560165334014466,0.0985855757287984,0.569897730243728,-0.249240711225038,0.137207644422144,5,0,0,0.999123450623938
"Sst-10","EIF4B",0.0546727156000756,0.124211582452755,0.659822712296144,-0.188777512470052,0.298122943670203,5,0,0,0.999123450623938
"Sst-10","G3BP1",0.0438795241330204,0.127687822364648,0.731111850362361,-0.206384008966037,0.294143057232078,5,0,0,0.999123450623938
"Sst-10","CRTC3",0.0829755941481276,0.0787146148589693,0.291822488704603,-0.0713022160323937,0.237253404328649,5,0,0,0.999123450623938
"Sst-10","KLHL3",0.10823150436218,0.141416361614665,0.444069506089889,-0.168939471227256,0.385402479951616,5,0.0367110040823724,37.3952081222308,0.999123450623938
"Sst-10","HM13",-0.000220406717890293,0.130824354357141,0.998655762262514,-0.256631429558593,0.256190616122812,5,0.0356724514581267,43.8492960407812,0.99951797780414
"Sst-10","SLC35F4",-0.228270307065571,0.280175092071028,0.41522022706708,-0.77740339688998,0.320862782758839,5,0.232153459555671,61.9824250974326,0.999123450623938
"Sst-10","TMX3",-0.207999684015774,0.105198810450505,0.0480183874883264,-0.41418556371522,-0.00181380431632736,5,0,0,0.999123450623938
"Sst-10","SPCS3",-0.0550845646500019,0.107671945382862,0.608933602969487,-0.266117699745775,0.155948570445771,5,2.54548173474603e-06,0.00377173800935889,0.999123450623938
"Sst-10","TGOLN2",0.0504409605244602,0.113696928265186,0.6572999857666,-0.172400924028137,0.273282845077058,5,0,0,0.999123450623938
"Sst-10","ARID2",0.0986826824085482,0.0947841964370611,0.297815159293794,-0.0870909289116612,0.284456293728758,5,0,0,0.999123450623938
"Sst-10","PNPT1",-0.0133758949619131,0.108162908638698,0.901581045581963,-0.225371300356857,0.198619510433031,5,0.00367385541319641,5.60428455840185,0.999123450623938
"Sst-10","GLRA2",0.16928731989103,0.125415840990299,0.177077541226441,-0.0765232115407586,0.415097851322819,5,0,0,0.999123450623938
"Sst-10","CTNNA1",0.0192431849713509,0.0977171371885712,0.843884325707919,-0.172278884590608,0.21076525453331,5,0,0,0.999123450623938
"Sst-10","SYNGR3",-0.235715864179828,0.155774838888792,0.130233138569655,-0.54102893809939,0.0695972097397344,5,0.0267934109680328,21.6715570069335,0.999123450623938
"Sst-10","DCAF7",-0.153971669630323,0.112787242192376,0.172205447324432,-0.375030602242976,0.0670872629823292,5,0,0,0.999123450623938
"Sst-10","TMEM120B",-0.159342953396928,0.0985220951887124,0.10580660003948,-0.352442711648232,0.0337568048543747,5,2.26693116369719e-06,0.0042518034044784,0.999123450623938
"Sst-10","C9orf72",0.00342224057576097,0.104381906621805,0.973845430644697,-0.2011625370406,0.208007018192122,5,0,0,0.999123450623938
"Sst-10","HSPA9",-0.122427307717979,0.105402654262734,0.245430430040777,-0.329012713947865,0.0841580985119081,5,0,0,0.999123450623938
"Sst-10","CALU",-0.0743580566306598,0.134707353238915,0.580950399692706,-0.338379617431648,0.189663504170328,5,0.0322173952926127,36.0959056844133,0.999123450623938
"Sst-10","DOCK9",0.0867232093627378,0.096633934842392,0.369483895489896,-0.102675822612741,0.276122241338216,5,0.0211848384281486,47.2242370397064,0.999123450623938
"Sst-10","NSD1",0.0830904488099692,0.0756549594699588,0.272081550445891,-0.0651905470029876,0.231371444622926,5,5.41511865409775e-06,0.0167097486310443,0.999123450623938
"Sst-10","TPST1",0.0630864694954271,0.0787529782860301,0.423092437069627,-0.0912665316204569,0.217439470611311,5,0,0,0.999123450623938
"Sst-10","UGGT1",-0.0756818261172701,0.0999195867137195,0.448793885650939,-0.271520617426287,0.120156965191747,5,0,0,0.999123450623938
"Sst-10","NRDC",0.0218365350710229,0.0734824263314747,0.766339192451822,-0.122186374035285,0.165859444177331,5,2.3154509684135e-05,0.0758546921547464,0.999123450623938
"Sst-10","TM2D3",0.13588566925253,0.105767897038094,0.198878458311145,-0.0714155996626745,0.343186938167734,5,0,0,0.999123450623938
"Sst-10","MAT2A",-0.0273362970900988,0.139868663698416,0.845046459534242,-0.301473840504739,0.246801246324541,5,0.0288651090533503,29.5375165515802,0.999123450623938
"Sst-10","EML4",0.135496222869388,0.146877060723922,0.356260254055499,-0.152377526304602,0.423369972043378,5,0.0381073814807164,35.747555961452,0.999123450623938
"Sst-10","SYT16",-0.039771230513554,0.0826788174109299,0.630493122931951,-0.20181873492334,0.122276273896232,5,0.0137115762437443,41.48578033298,0.999123450623938
"Sst-10","OFD1",-0.136936195829542,0.100053684242367,0.171115830540438,-0.333037813465123,0.0591654218060397,5,0,0,0.999123450623938
"Sst-10","SNX29",0.0657590592811328,0.0793039710222888,0.406989771717361,-0.0896738677535612,0.221191986315827,5,0,0,0.999123450623938
"Sst-10","ACADSB",0.0481338408279867,0.0989532353834593,0.626662191818935,-0.145810936677308,0.242078618333281,5,0,0,0.999123450623938
"Sst-10","HNRNPK",-0.0171700101078342,0.099319306437879,0.862748218655487,-0.211832273695574,0.177492253479906,5,0,0,0.999123450623938
"Sst-10","FAM168A",-0.0176479806881779,0.0663754830888105,0.790330848296488,-0.147741536998694,0.112445575622338,5,9.19520371427457e-05,0.357859742344705,0.999123450623938
"Sst-10","CWF19L2",0.0217714128664013,0.115188645432988,0.850087653265257,-0.203994183610209,0.247537009343011,5,0.0101949939831087,14.6094255471635,0.999123450623938
"Sst-10","HNRNPR",0.0743361081519497,0.0988983264145639,0.452266547104844,-0.119501049751882,0.268173266055781,5,0,0,0.999123450623938
"Sst-10","DDI2",-0.0481509783950918,0.112573524808693,0.668848322547521,-0.268791032632857,0.172489075842673,5,7.74993959009736e-07,0.00108978660927973,0.999123450623938
"Sst-10","UNC80",0.0748983402179473,0.0671528826178689,0.26470446906922,-0.0567188911711216,0.206515571607016,5,0.00531161781760608,23.2863938608524,0.999123450623938
"Sst-10","TM2D1",-0.118933428141376,0.109088680563335,0.275605075733571,-0.332743313166508,0.0948764568837553,5,0,0,0.999123450623938
"Sst-10","HDLBP",-0.000684833108981079,0.0968163928510407,0.994356191222577,-0.190441476210102,0.18907180999214,5,0,0,0.99951797780414
"Sst-10","EFCAB7",0.0551688817726051,0.111062329704393,0.619373807461089,-0.162509284487119,0.272847048032329,5,0,0,0.999123450623938
"Sst-10","RNF34",0.0642746288828507,0.116009581315208,0.579547456953593,-0.163099972356527,0.291649230122228,5,0,0,0.999123450623938
"Sst-10","LANCL2",0.101493858351638,0.0943804168408958,0.282209157445832,-0.0834883595023955,0.286476076205671,5,0,0,0.999123450623938
"Sst-10","TCF20",-0.00150922959078723,0.0767695318905218,0.984315217286778,-0.151974747206209,0.148956288024635,5,0,0,0.999123450623938
"Sst-10","LIMS1",-0.0694272660565956,0.135436277255815,0.608217565174154,-0.334877491678175,0.196022959564984,5,0,0,0.999123450623938
"Sst-10","GAPDH",-0.077865725644957,0.19991588210953,0.696911898597018,-0.469693654517191,0.313962203227277,5,0.103659389839833,53.3201491489498,0.999123450623938
"Sst-10","ACSL4",-0.0190927458100265,0.0900167246995585,0.832027299375217,-0.195522284227418,0.157336792607365,5,0,0,0.999123450623938
"Sst-10","DIP2A",0.0233317949136583,0.0815301684809841,0.774745039740506,-0.136464398962553,0.18312798878987,5,2.8338671416029e-06,0.00729775520731613,0.999123450623938
"Sst-10","PUS7L",-0.0114904552239151,0.115295825170504,0.920613753101501,-0.23746612012593,0.2144852096781,5,0.0233915380689226,35.8412852087232,0.999123450623938
"Sst-10","CEBPZOS",0.0333372592402068,0.118877239730636,0.779144300659449,-0.199657849213374,0.266332367693788,5,0,0,0.999123450623938
"Sst-10","MIA3",0.0227084369535646,0.121021943909713,0.851159648916317,-0.214490214448499,0.259907088355628,5,0.026311485049064,36.8895022157693,0.999123450623938
"Sst-10","IPO5",-0.0891707187314551,0.192298913295507,0.642856315484096,-0.466069663056839,0.287728225593928,5,0.0998677899143383,56.3425906284671,0.999123450623938
"Sst-10","FBXO21",0.029219459353564,0.0928246056338834,0.752927634693097,-0.152713424567981,0.211152343275109,5,0.00235256880240003,5.10676230995698,0.999123450623938
"Sst-10","NPLOC4",-0.0455526424518663,0.0960752457308135,0.635403598219972,-0.233856663890096,0.142751378986364,5,0,0,0.999123450623938
"Sst-10","PITPNM3",-0.231270418786003,0.104394105905551,0.0267354353030585,-0.435879106559144,-0.0266617310128622,5,0,0,0.999123450623938
"Sst-10","FAM204A",-0.106452017858534,0.104848385176756,0.309965333326403,-0.311951076642159,0.0990470409250903,5,0,0,0.999123450623938
"Sst-10","MXD1",0.181388665385756,0.157006672507982,0.247970577072432,-0.126338758062364,0.489116088833875,5,0.0476675827722585,39.5365858303748,0.999123450623938
"Sst-10","ADGRL2",-0.074364029564306,0.115479319289234,0.51960155728017,-0.300699336330407,0.151971277201795,5,0.0395049580359706,62.0338391072601,0.999123450623938
"Sst-10","TMF1",-0.0271807316653048,0.10482739169717,0.795411220172164,-0.232638643985032,0.178277180654422,5,0,0,0.999123450623938
"Sst-10","ARHGAP17",-0.00733911617382747,0.100762681604877,0.941936895657813,-0.204830343105062,0.190152110757407,5,0,0,0.999123450623938
"Sst-10","AZI2",-0.04763733479155,0.106311454604713,0.654086648851488,-0.256003956960852,0.160729287377752,5,0,0,0.999123450623938
"Sst-10","PACS2",-0.0837513906758674,0.0981825210217184,0.393649701009092,-0.276185595789782,0.108682814438047,5,0,0,0.999123450623938
"Sst-10","SCARB1",0.0421057954857105,0.106356561698548,0.692184123386541,-0.166349234962955,0.250560825934376,5,0,0,0.999123450623938
"Sst-10","VPS13D",-0.0589456475811813,0.0649647741090218,0.364222882140801,-0.186274265098644,0.0683829699362816,5,0,0,0.999123450623938
"Sst-10","CPEB2",-0.0248230552165379,0.10010814932826,0.804163512393766,-0.221031422458885,0.171385312025809,5,0,0,0.999123450623938
"Sst-10","ZNF331",0.0360189988487364,0.106342398153191,0.734829870308559,-0.172408271561137,0.24444626925861,5,0,0,0.999123450623938
"Sst-10","RYBP",0.106615815993705,0.130911520864736,0.415409393107928,-0.149966050062541,0.363197682049951,5,0.026220719713902,30.7831353329604,0.999123450623938
"Sst-10","SMAP2",0.0103471489281097,0.190756876588289,0.956741880839711,-0.363529458988289,0.384223756844508,5,0.109528850213216,62.6124447090534,0.999123450623938
"Sst-10","DMTN",-0.0543049070769968,0.104517710370091,0.603359041313614,-0.259155855148964,0.15054604099497,5,0,0,0.999123450623938
"Sst-10","PXYLP1",0.120079668333789,0.10974913260202,0.27389856648262,-0.0950246789006809,0.335184015568258,5,0,0,0.999123450623938
"Sst-10","MED27",0.0289083442194897,0.117367574015272,0.805445322576289,-0.201127873803282,0.258944562242262,5,0.019358703709468,27.9620618460558,0.999123450623938
"Sst-10","NRXN2",0.0757810797840138,0.0727579788151214,0.297620316038896,-0.0668219382815525,0.21838409784958,5,0.00173120904927137,5.62185039852553,0.999123450623938
"Sst-10","RPAIN",-0.0580500010329126,0.146593654593817,0.692110494323479,-0.345368284398899,0.229268282333074,5,0.035013594888221,32.8239939230016,0.999123450623938
"Sst-10","NAA15",-0.00676632403824978,0.0752279620304123,0.928331502276157,-0.154210420248205,0.140677772171705,5,0,0,0.999123450623938
"Sst-10","PIK3C2A",0.0285015409301113,0.0971438053176958,0.769219977985098,-0.161896818813743,0.218899900673966,5,0.0113646764682187,23.9602191948739,0.999123450623938
"Sst-10","ENTPD1-AS1",0.0841876029178231,0.0943641550157829,0.372309005291499,-0.100762742344666,0.269137948180312,5,0.00427048625267573,9.00785199313091,0.999123450623938
"Sst-10","RND3",-0.308914680597178,0.172896935799798,0.0739862459295783,-0.647786447802116,0.0299570866077592,5,0,0,0.999123450623938
"Sst-10","ZDHHC17",-0.0721625775547633,0.0773774769460142,0.351024246768268,-0.223819645583529,0.0794944904740028,5,0,0,0.999123450623938
"Sst-10","FBXO42",-0.0682264852300856,0.0996660574190322,0.493627385382877,-0.26356836825249,0.127115397792319,5,0.00932287386016011,17.8645429525264,0.999123450623938
"Sst-10","CCP110",0.136011433030933,0.114427628548065,0.234587633594123,-0.0882625977596028,0.360285463821468,5,0,0,0.999123450623938
"Sst-10","ARSB",0.113306386671917,0.10004801677423,0.257415852656122,-0.0827841229302339,0.309396896274068,5,0,0,0.999123450623938
"Sst-10","GREB1",0.0770546816939817,0.0869683288261436,0.375612927514068,-0.0934001106008962,0.24750947398886,5,0,0,0.999123450623938
"Sst-10","KPNA4",-0.148616297960454,0.109067985483692,0.173007854435545,-0.362385621374828,0.0651530254539204,5,0.00209158868624986,3.1712911456736,0.999123450623938
"Sst-10","USP10",0.0915190245748967,0.0936831514754912,0.328618905446505,-0.0920965782752765,0.27513462742507,5,0,0,0.999123450623938
"Sst-10","NCK2",0.151521398410563,0.108659852424634,0.16317990525232,-0.0614479989071566,0.364490795728283,5,0,0,0.999123450623938
"Sst-10","ZNF438",0.099476887686513,0.0921819304636277,0.280526872973292,-0.0811963760475729,0.280150151420599,5,0.00177222953685931,3.7731716233305,0.999123450623938
"Sst-10","ADAM9",-0.077919877277062,0.124524400028901,0.53148560176672,-0.321983216530166,0.166143461976042,5,0.0114254676292209,13.5639728303349,0.999123450623938
"Sst-10","ERI3",0.152682871473194,0.100730523999604,0.129581123587054,-0.0447453277098774,0.350111070656266,5,0,0,0.999123450623938
"Sst-10","CSNK2A1",0.0269624400565636,0.0889871812734588,0.761895649747465,-0.147449230325153,0.20137411043828,5,0,0,0.999123450623938
"Sst-10","SERP1",-0.0949079615248115,0.16329201839731,0.561094770918448,-0.41495443654639,0.225138513496767,5,0.0614064540870935,47.922715263043,0.999123450623938
"Sst-10","C2CD3",0.140513131238454,0.109606278731287,0.199849425275442,-0.0743112275543268,0.355337490031236,5,0,0,0.999123450623938
"Sst-10","ZNF346",0.0349737261551247,0.102438721999564,0.732794050949394,-0.165802479586332,0.235749931896581,5,0,0,0.999123450623938
"Sst-10","NARS2",-0.125040823819149,0.141359740563436,0.376395317807212,-0.402100824187409,0.152019176549111,5,0.0271729730602687,27.2406028962393,0.999123450623938
"Sst-10","ARHGAP35",0.0644680857695834,0.0748668053457362,0.389180911850108,-0.0822681563456302,0.211204327884797,5,0,0,0.999123450623938
"Sst-10","CAAP1",-0.132998489111597,0.118766737086573,0.262786449634353,-0.365777016362617,0.0997800381394234,5,0,0,0.999123450623938
"Sst-10","CRYL1",0.153757424602004,0.149563533844771,0.303930605746535,-0.139381715134284,0.446896564338292,5,0.0507183755313996,47.0459298975643,0.999123450623938
"Sst-10","SSBP3",-0.0960981394247106,0.0930687223867891,0.301814385769238,-0.278509483389974,0.0863132045405526,5,0,0,0.999123450623938
"Sst-10","ATXN3",0.146546181362463,0.10487309284217,0.162303288302842,-0.0590013035555165,0.352093666280442,5,0,0,0.999123450623938
"Sst-10","SH3GLB1",-0.032715954417506,0.0902638675041066,0.717017307211536,-0.20962988383085,0.144197974995838,5,0,0,0.999123450623938
"Sst-10","GON4L",0.0326581631152965,0.123370746020197,0.791228546160645,-0.209144055830127,0.27446038206072,5,0.018676592131594,23.7714602199009,0.999123450623938
"Sst-10","FLT3",-0.0990400947701048,0.111442088243128,0.374157042603748,-0.317462574088571,0.119382384548361,5,0.0236677974438366,39.4948498138047,0.999123450623938
"Sst-10","ANAPC4",-0.0140525146612353,0.0810764536382263,0.862396571729952,-0.17295944378639,0.14485441446392,5,0,0,0.999123450623938
"Sst-10","SAFB2",0.153374413287047,0.0992280858515011,0.122182976387394,-0.0411090612367433,0.347857887810838,5,0,0,0.999123450623938
"Sst-10","NFE2L1",-0.0193703398858548,0.110326460805045,0.860629471360277,-0.235606229605513,0.196865549833804,5,0,0,0.999123450623938
"Sst-10","EIF5B",-0.10652805726072,0.0987945614654261,0.280909463061203,-0.300161839601384,0.0871057250799435,5,0,0,0.999123450623938
"Sst-10","CAMKMT",-0.0331219386764681,0.12416482037391,0.789655620847083,-0.276480514756216,0.21023663740328,5,0,0,0.999123450623938
"Sst-10","GULP1",0.314620946366887,0.204663044649613,0.124228893880473,-0.0865112501126675,0.715753142846441,5,0,0,0.999123450623938
"Sst-10","RAC1",0.012340066722989,0.152131164897724,0.935350772303672,-0.285831537402674,0.310511670848652,5,0.0468566370772426,41.1630510701482,0.999123450623938
"Sst-10","DGKZ",-0.102078666953908,0.0922850725343448,0.268673164492898,-0.282954085431891,0.0787967515240739,5,4.09808826272623e-06,0.00855470317071295,0.999123450623938
"Sst-10","DKK3",0.108428744075918,0.0898243603446406,0.227386095606719,-0.0676237671339256,0.284481255285761,5,0,0,0.999123450623938
"Sst-10","LINC00511",-0.171687915864398,0.133256117611301,0.197604842513132,-0.432865107102182,0.0894892753733855,5,0,0,0.999123450623938
"Sst-10","SDCCAG8",0.0498191810179255,0.0763169603332245,0.513889707177599,-0.0997593126447665,0.199397674680618,5,0,0,0.999123450623938
"Sst-10","PPIP5K1",0.0879845419575671,0.125361962824701,0.482776452918786,-0.157720390210097,0.333689474125231,5,0.0245768038111824,31.7243287892715,0.999123450623938
"Sst-10","GLMN",-0.0685588596559544,0.119730987537424,0.566910490540649,-0.30322728306272,0.166109563750811,5,0.00786938250332343,10.8337457823151,0.999123450623938
"Sst-10","MTCL1",-0.0639550697062229,0.0720386542208137,0.374654672431324,-0.205148237473752,0.0772380980613063,5,0,0,0.999123450623938
"Sst-10","CAMLG",0.0190170235424457,0.119928401984495,0.87400781838465,-0.216038325070607,0.254072372155498,5,0,0,0.999123450623938
"Sst-10","WASF1",0.0178299453591961,0.0977533908972479,0.855271018458645,-0.173763180166075,0.209423070884468,5,0.00656916168283221,12.3275903317988,0.999123450623938
"Sst-10","AFAP1",0.0580550194254645,0.148619356669049,0.696071542541045,-0.233233567051385,0.349343605902314,5,0.0757951831317235,71.2631626471913,0.999123450623938
"Sst-10","KPNB1",0.0327918409194266,0.0864017435977954,0.704296159752211,-0.136552464733716,0.20213614657257,5,0,0,0.999123450623938
"Sst-10","FOXJ3",-0.0214464266763844,0.113984171479969,0.850756970368279,-0.244851297584762,0.201958444231993,5,0.033396282187855,53.4834544764742,0.999123450623938
"Sst-10","PLEKHA5",0.110520933646408,0.0839306260338566,0.187901337405829,-0.0539800705798512,0.275021937872666,5,0.0120654196059099,34.7481473920314,0.999123450623938
"Sst-10","PRUNE2",0.00381940234177561,0.127811052415448,0.976160209938537,-0.246685657218664,0.254324461902216,5,0.0327436723732826,43.0243843898519,0.999123450623938
"Sst-10","LCORL",0.02700459120585,0.10706569668017,0.800867546237172,-0.182840318266973,0.236849500678673,5,0,0,0.999123450623938
"Sst-10","COG6",0.00252770033882129,0.0790827574135508,0.974501777733529,-0.152471655989856,0.157527056667499,5,0,0,0.999123450623938
"Sst-10","AMBRA1",-0.0364066918776168,0.0757153325347512,0.630632740512207,-0.184806016723203,0.111992632967969,5,0,0,0.999123450623938
"Sst-10","CPLX2",-0.0364445248655073,0.0887149798447667,0.681215794635845,-0.210322690250447,0.137433640519432,5,0.00328139722413952,7.68662542246265,0.999123450623938
"Sst-10","TPPP",-0.0746503031796508,0.10122419907051,0.460833619105561,-0.273046087721762,0.123745481362461,5,0,0,0.999123450623938
"Sst-10","BSN",-0.0757686102739312,0.0819467203439868,0.355169741792088,-0.236381230799321,0.0848440102514587,5,0,0,0.999123450623938
"Sst-10","MALT1",-0.010689330306909,0.107121892013458,0.92051373980103,-0.220644380609075,0.199265719995257,5,0,0,0.999123450623938
"Sst-10","SMARCA1",0.00303087431586227,0.0964624285398447,0.97493438620823,-0.186032011483502,0.192093760115226,5,2.23149843093284e-06,0.0042123345509617,0.999123450623938
"Sst-10","NSUN6",0.0831768166931754,0.0958042231539324,0.385287195786242,-0.10459601025537,0.270949643641721,5,0,0,0.999123450623938
"Sst-10","ZNF138",0.0657406915814813,0.114390822143628,0.565492515700821,-0.158461199981956,0.289942583144918,5,0,0,0.999123450623938
"Sst-10","CBX6",0.0409154829626224,0.108464925270406,0.706007762728759,-0.171671864153202,0.253502830078447,5,0,0,0.999123450623938
"Sst-10","FBXW4",0.00235972221599867,0.0879030755179117,0.978583686581991,-0.169927139929413,0.17464658436141,5,0,0,0.999123450623938
"Sst-10","MBOAT2",0.115318126151124,0.0815429071488362,0.157302659331003,-0.0445030350552889,0.275139287357537,5,0.00291904405648277,8.04158146481063,0.999123450623938
"Sst-10","DHX29",-0.203022880915576,0.102585177330745,0.0478085272044053,-0.404086133831492,-0.00195962799965976,5,0,0,0.999123450623938
"Sst-10","TNPO3",0.0247885635530553,0.0942590795927557,0.792563452936416,-0.15995583766464,0.209532964770751,5,0,0,0.999123450623938
"Sst-10","ARL8B",-0.0160921071347018,0.0889674429215648,0.85646462564384,-0.190465091057592,0.158280876788188,5,0,0,0.999123450623938
"Sst-10","FHIT",0.0311764736103975,0.100481148439946,0.756354222425456,-0.165762958457119,0.228115905677914,5,0.0156694592043076,31.4708796045926,0.999123450623938
"Sst-10","CCDC66",-0.082613899711431,0.0727592183014178,0.256190012934762,-0.225219347125497,0.0599915477026353,5,0,0,0.999123450623938
"Sst-10","NSMCE2",-0.0363073895423589,0.0767040387137261,0.635967840235052,-0.186644542890028,0.11402976380531,5,0,0,0.999123450623938
"Sst-10","AUTS2",-0.0350622294229589,0.0476810878697482,0.462127112025779,-0.128515444391355,0.0583909855454372,5,0,0,0.999123450623938
"Sst-10","TMEM106B",0.102235981235695,0.0924503335051725,0.268792479809582,-0.07896334279316,0.283435305264549,5,0,0,0.999123450623938
"Sst-10","ACTN4",0.105966225244976,0.111604788006801,0.342377855133617,-0.112775139750582,0.324707590240535,5,0,0,0.999123450623938
"Sst-10","KCNA2",-0.083650276394008,0.150576558652257,0.578530012887448,-0.378774908268414,0.211474355480398,5,0.0469342846482532,42.6083126945191,0.999123450623938
"Sst-10","QSER1",0.0174081779096208,0.109734197548919,0.873952908667478,-0.197666897158665,0.232483252977906,5,0.0182504314897378,30.3386394455793,0.999123450623938
"Sst-10","PSMC6",-0.0312418312145992,0.111294402746755,0.778930223118342,-0.249374852279136,0.186891189849937,5,0,0,0.999123450623938
"Sst-10","CHST11",0.203643074870987,0.11179106783548,0.0685096354907363,-0.0154633918798277,0.422749541621802,5,0.00920270096981193,13.9641924022676,0.999123450623938
"Sst-10","PDE7B",-0.275066748217508,0.149192898682493,0.0652270676157034,-0.567479456384327,0.0173459599493118,5,0,0,0.999123450623938
"Sst-10","SF3B1",-0.145082814819281,0.079500098614918,0.0680102647695008,-0.300900144871903,0.0107345152333404,5,0,0,0.999123450623938
"Sst-10","ABCA6",0.0727027831951138,0.117222372530675,0.535117879089871,-0.157048845147346,0.302454411537573,5,0.00394467034485571,4.75839468353257,0.999123450623938
"Sst-10","TRIM33",0.0451580004296199,0.0669878590330398,0.500233650123613,-0.0861357906765842,0.176451791535824,5,0,0,0.999123450623938
"Sst-10","IFNGR2",-0.118963034375069,0.102142086154277,0.244147796433948,-0.31915784454324,0.0812317757931016,5,0,0,0.999123450623938
"Sst-10","SKI",-0.173639459782562,0.0932615892187127,0.0626236772483825,-0.356428815792208,0.00914989622708415,5,0,0,0.999123450623938
"Sst-10","NELFA",0.0906399657686713,0.106286162095457,0.393774781023576,-0.117677083993411,0.298957015530754,5,0.00766710797512613,13.1140669156102,0.999123450623938
"Sst-10","PTPN1",0.11337024254803,0.0981694486400633,0.248154966832238,-0.079038341168649,0.305778826264708,5,0,0,0.999123450623938
"Sst-10","TBC1D15",-0.00220037232830437,0.0823457001131066,0.9786821388209,-0.163594978831729,0.15919423417512,5,0.000116191096597785,0.255980855735217,0.999123450623938
"Sst-10","PAPSS1",0.0391642500557914,0.0907573498422426,0.666085199647857,-0.138716886967306,0.217045387078889,5,0,0,0.999123450623938
"Sst-10","WDFY2",-0.0516878333263956,0.142264583051211,0.716364463433029,-0.330521292382377,0.227145625729586,5,0.0259271653724585,25.2042285331797,0.999123450623938
"Sst-10","FBXL5",-0.184465769923347,0.0805783961673806,0.0220636228512645,-0.342396524343413,-0.0265350155032805,5,0,0,0.98287803110414
"Sst-10","FSD1L",0.0694301659189371,0.143874536027129,0.629397969501947,-0.212558742986645,0.35141907482452,5,0.0440993072433995,43.9599791967258,0.999123450623938
"Sst-10","ADAMTS17",0.221922850073065,0.164306802523811,0.176803933929035,-0.100112565288539,0.543958265434669,5,0,0,0.999123450623938
"Sst-10","TBK1",-0.0818525354156024,0.116359533894437,0.481778454523218,-0.309913031106567,0.146207960275362,5,0,0,0.999123450623938
"Sst-10","APPBP2",0.0597282144111954,0.0942874030047823,0.526426951020276,-0.125071699673992,0.244528128496382,5,0.00655667395464816,13.5207479122343,0.999123450623938
"Sst-10","KIF5B",-0.072110214593685,0.106263603425009,0.497392933472229,-0.280383050174149,0.136162620986779,5,0,0,0.999123450623938
"Sst-10","GPR137C",0.0044205860800228,0.109620715842726,0.96783307222955,-0.210432068931219,0.219273241091265,5,0.0258497124190966,44.3202552498107,0.999123450623938
"Sst-10","CREB1",-0.046218188936169,0.149033409911438,0.756469969794622,-0.338318304855782,0.245881926983444,5,0.053190825153623,49.5048277872953,0.999123450623938
"Sst-10","PAK2",0.107232706960979,0.0931308856321418,0.249559743066215,-0.0753004747263379,0.289765888648295,5,0,0,0.999123450623938
"Sst-10","ZCCHC14",0.0900222109682591,0.0931120407602594,0.333636023585066,-0.0924740354488748,0.272518457385393,5,0,0,0.999123450623938
"Sst-10","PRKAA2",0.0955592519608012,0.112008139524316,0.393578563760313,-0.123972667482195,0.315091171403797,5,0.0224177486350357,36.1151765252214,0.999123450623938
"Sst-10","UBE2O",0.0139125456258436,0.0910118341030283,0.878504550198387,-0.164467371383026,0.192292462634713,5,3.98001235815422e-07,0.000852026980923138,0.999123450623938
"Sst-10","OGDH",-0.103992428227855,0.102301511969931,0.309377663276193,-0.304499707252913,0.0965148507972033,5,0,0,0.999123450623938
"Sst-10","SNX3",0.0356850936143575,0.122859380631207,0.771468345321453,-0.205114867585705,0.27648505481442,5,0.00582859054370806,7.00594648121658,0.999123450623938
"Sst-10","RAB31",-0.119775931679499,0.126498398230927,0.343711499417531,-0.367708236314121,0.128156372955123,5,0.020380956648131,24.941338272191,0.999123450623938
"Sst-10","ANXA6",-0.021289598214445,0.105428631658418,0.839968522300218,-0.227925919204285,0.185346722775395,5,0,0,0.999123450623938
"Sst-10","LZTS3",0.0188949523486921,0.107365070892452,0.86030345588255,-0.191536719798104,0.229326624495488,5,0,0,0.999123450623938
"Sst-10","MAP2K6",0.102607144950251,0.165007279431546,0.534050993780984,-0.220801179922515,0.426015469823017,5,0.0564382714561981,44.2633319443557,0.999123450623938
"Sst-10","DCP1A",0.0697208779887138,0.10903058470638,0.522522651872077,-0.143975141249134,0.283416897226561,5,0,0,0.999123450623938
"Sst-10","PLCB4",0.0569492638883758,0.0683143974813012,0.404486769548564,-0.0769444948005282,0.19084302257728,5,1.59176309593982e-06,0.00610692288251717,0.999123450623938
"Sst-10","UBXN7",0.186794238164613,0.0954901320170302,0.0504459863900429,-0.000362981467741219,0.373951457796967,5,0.000837143774347977,1.58380303200116,0.999123450623938
"Sst-10","KIF3B",-0.0364059677391471,0.10485623644606,0.728441913029667,-0.241920414727841,0.169108479249547,5,0,0,0.999123450623938
"Sst-10","LRRC4C",0.102650698783158,0.146205656352314,0.482618050080324,-0.183907122003417,0.389208519569732,5,0.0661847606104344,65.2281912605649,0.999123450623938
"Sst-10","HSPD1",-0.0592034995124684,0.125352312543533,0.636714934630744,-0.304889517476602,0.186482518451665,5,0,0,0.999123450623938
"Sst-10","TNRC6A",0.0379275926543988,0.0846614185388475,0.654159358608686,-0.128005738561814,0.203860923870611,5,0.0211006014718299,62.865853552455,0.999123450623938
"Sst-10","PRKCG",0.0829465654512565,0.172334840500468,0.630295847101262,-0.254823515211116,0.420716646113629,5,0.0695020372114302,47.7734379151919,0.999123450623938
"Sst-10","IFT172",0.0201870873719186,0.0922736714733051,0.826826040735161,-0.16066598543704,0.201040160180878,5,4.52685228446165e-07,0.000945172160041894,0.999123450623938
"Sst-10","LINC01505",-0.0979416740503778,0.16815977434242,0.560275570684734,-0.427528775409904,0.231645427309148,5,0,0,0.999123450623938
"Sst-10","FKBP8",0.178203768110904,0.148234053059281,0.229294438667788,-0.112329637167685,0.468737173389494,5,0.0327610576410498,29.9048216442335,0.999123450623938
"Sst-10","SSBP1",0.205854817076875,0.140772394174087,0.143652509899877,-0.070054005521811,0.481763639675561,5,0.039061252856768,42.5636233068015,0.999123450623938
"Sst-10","CLNS1A",-0.180414676102469,0.0935964391802983,0.0539073195419526,-0.363860325977047,0.00303097377210909,5,0,0,0.999123450623938
"Sst-10","ORMDL1",0.0603365107865468,0.182637481822028,0.741126339012186,-0.297626375811718,0.418299397384811,5,0.0882600187711026,56.3959429014559,0.999123450623938
"Sst-10","SEC62",0.0351313769428785,0.0763610356726839,0.64546639719483,-0.11453350279776,0.184796256683517,5,0,0,0.999123450623938
"Sst-10","CAMK2G",-0.0823092168934273,0.0803289157725229,0.305527227074506,-0.239750998724724,0.0751325649378689,5,0,0,0.999123450623938
"Sst-10","VDAC1",-0.0981039459869657,0.115972660559181,0.397595676512793,-0.32540618387425,0.129198291900318,5,0,0,0.999123450623938
"Sst-10","TUB",0.0961230082126222,0.112322078947252,0.39211938385026,-0.124024221192657,0.316270237617901,5,0.00432443102883207,5.85778369521574,0.999123450623938
"Sst-10","MRPL19",-0.103527967891476,0.135594809350332,0.445159410718535,-0.369288910708703,0.16223297492575,5,0.0272775166573726,30.0259880334643,0.999123450623938
"Sst-10","PACSIN1",0.0435359313528639,0.0898287771610386,0.627921365918687,-0.132525236658046,0.219597099363774,5,0,0,0.999123450623938
"Sst-10","BRWD1",0.0966956475386998,0.0619815526604344,0.118743009627534,-0.0247859633816244,0.218177258459024,5,8.87200889796785e-07,0.00378063122712931,0.999123450623938
"Sst-10","CMSS1",0.0111760396387704,0.0709244075123262,0.874790303163518,-0.127833244710231,0.150185323987772,5,0.00303798944593798,10.7705948592657,0.999123450623938
"Sst-10","SMURF2",0.0993415618137873,0.0976561692709626,0.309030504622299,-0.0920610128254466,0.290744136453021,5,0,0,0.999123450623938
"Sst-10","SPRED2",-0.0882610375432308,0.229847198886406,0.70097937241923,-0.538753269308,0.362231194221539,5,0.136636944951145,54.1655682892172,0.999123450623938
"Sst-10","SLITRK3",-0.0032225773853729,0.120520533150468,0.978668046714705,-0.239438481757856,0.23299332698711,5,0,0,0.999123450623938
"Sst-10","LRRTM2",0.221300735537703,0.166192129406574,0.182993057634907,-0.104429852613201,0.547031323688608,5,0.0388447081284311,28.0801432877639,0.999123450623938
"Sst-10","USP37",0.037474867947126,0.0967107980618131,0.698390419111607,-0.152074813170154,0.227024549064406,5,0,0,0.999123450623938
"Sst-10","AKAP7",0.0872519514694115,0.0732012110092665,0.233282093907221,-0.0562197857334676,0.230723688672291,5,0,0,0.999123450623938
"Sst-10","ZNF235",0.242633466337432,0.110637135824269,0.02830332392053,0.0257886647691985,0.459478267905666,5,0,0,0.999123450623938
"Sst-10","B4GAT1",-0.187620846523958,0.154848106826743,0.225648518370177,-0.491117558978586,0.11587586593067,5,0.03468979183336,28.9536395461226,0.999123450623938
"Sst-10","CREBZF",-0.0642400635796432,0.161558838182652,0.690905577421326,-0.380889567801776,0.252409440642489,5,0.072752695203042,59.3574293721816,0.999123450623938
"Sst-10","MORF4L2",-0.0319116388516564,0.179872873434388,0.859184639712527,-0.384455992578788,0.320632714875475,5,0.113573569615197,71.9964035635356,0.999123450623938
"Sst-10","WDR59",0.124904954249341,0.0857887712192296,0.145403887326124,-0.0432379476182956,0.293047856116977,5,1.98826653028171e-06,0.00442364987595813,0.999123450623938
"Sst-10","PWWP2A",-0.0915803982578409,0.10256788661056,0.371923612584278,-0.292609761984926,0.109448965469244,5,0,0,0.999123450623938
"Sst-10","NTM",-0.0210513769847639,0.0506861627872696,0.677901887793367,-0.120394430562347,0.0782916765928188,5,0,0,0.999123450623938
"Sst-10","SCYL2",-0.149281670322356,0.122800419407887,0.22412032539002,-0.389966069648228,0.0914027290035158,5,0.0274417378580419,37.2545044915254,0.999123450623938
"Sst-10","KRAS",-0.30247331705151,0.115218229418984,0.00865927391608513,-0.528296897075192,-0.0766497370278279,5,0,0,0.765906503041559
"Sst-10","ATP6V1G1",-0.0717122688770818,0.140498128930741,0.609761167092439,-0.347083541476599,0.203659003722436,5,0,0,0.999123450623938
"Sst-10","VAV2",0.00653208996448139,0.0971036091049439,0.946367331708062,-0.183787486650064,0.196851666579027,5,0,0,0.999123450623938
"Sst-10","PHLPP2",-0.116075220827391,0.102460893203088,0.257267420387039,-0.316894881329249,0.0847444396744676,5,0,0,0.999123450623938
"Sst-10","ZZEF1",0.0403543048711452,0.15780312729141,0.798162699604496,-0.268934141267808,0.349642751010098,5,0.0713719733851966,60.4091431406369,0.999123450623938
"Sst-10","GOLGA8A",-0.101334162805291,0.220992040635412,0.646562996081299,-0.53447060332071,0.331802277710128,5,0.173994198164272,74.6162128465574,0.999123450623938
"Sst-10","CEND1",0.138956541455238,0.133758607999839,0.298869594655455,-0.123205512846658,0.401118595757133,5,2.25173947003465e-06,0.00241261957096845,0.999123450623938
"Sst-10","TTC21B",-0.0924963569516016,0.0842710237983573,0.272376698207222,-0.2576645285367,0.0726718146334965,5,0.0025033307828303,6.38060027743545,0.999123450623938
"Sst-10","EIF3H",0.184816578200423,0.115342224799282,0.109082135518949,-0.0412500283028915,0.410883184703737,5,0,0,0.999123450623938
"Sst-10","IDE",-0.156920248196605,0.121526994731612,0.196621234622149,-0.395108781019954,0.0812682846267428,5,0.0191335557703506,25.4881791562681,0.999123450623938
"Sst-10","ZBTB38",0.111298135149756,0.0786352464669631,0.156959420859133,-0.0428241158409221,0.265420386140434,5,0,0,0.999123450623938
"Sst-10","EXT1",0.0548565154538482,0.0948420364701707,0.562994936890632,-0.131030460248121,0.240743491155817,5,0.0105608220111507,23.4286518364154,0.999123450623938
"Sst-10","HK1",-0.0616307453282971,0.0937465355380033,0.510911595017691,-0.245370578658188,0.122109088001594,5,0.00703555228542366,15.0970579977974,0.999123450623938
"Sst-10","UBA3",-0.108515856790924,0.138082896230956,0.431940888833301,-0.379153360284578,0.162121646702731,5,0.0263606023916441,27.2923641006148,0.999123450623938
"Sst-10","CCDC186",0.0485871956483686,0.0987213245830057,0.622602597855558,-0.144903045040411,0.242077436337148,5,0,0,0.999123450623938
"Sst-10","SERINC5",0.0404599109969367,0.108366602874807,0.708879453661033,-0.171934727764639,0.252854549758512,5,0.0214079288682615,37.7463526982919,0.999123450623938
"Sst-10","MFSD6",0.0132061239167567,0.0975501203287185,0.892313149336239,-0.17798859861508,0.204400846448593,5,0.00496982175063265,9.96281465822851,0.999123450623938
"Sst-10","GRIPAP1",-0.00664701370671996,0.177042567116103,0.970050683426662,-0.353644068984798,0.340350041571358,5,0.0911348500902095,60.8867230870922,0.999123450623938
"Sst-10","ZBTB44",0.0232472273323697,0.10462322749422,0.824158594530362,-0.181810530502643,0.228304985167382,5,0,0,0.999123450623938
"Sst-10","MFN1",-0.0956221205549787,0.0855632221231892,0.263754530855961,-0.26332295431763,0.072078713207673,5,0,0,0.999123450623938
"Sst-10","CBR4",0.0108421177320765,0.0839744495957342,0.897268945863356,-0.153744779097137,0.17542901456129,5,0,0,0.999123450623938
"Sst-10","TMEM41B",-0.132437568664033,0.0977292609412862,0.175370551147969,-0.323983400344671,0.0591082630166053,5,0,0,0.999123450623938
"Sst-10","NUP214",0.143222074882823,0.123740101676029,0.247091545286902,-0.0993040678455179,0.385748217611163,5,0.0218457089320568,28.6963649400256,0.999123450623938
"Sst-10","AQR",0.206462825860398,0.0991499360769036,0.0373123932050965,0.0121325220802181,0.400793129640577,5,0,0,0.999123450623938
"Sst-10","BCL2",-0.0738478614188565,0.122897439060256,0.547913149727425,-0.314722415769164,0.167026692931452,5,3.62581159046448e-06,0.00439185796038417,0.999123450623938
"Sst-10","GOLGB1",0.0148303993934747,0.0861517002522632,0.863325224480696,-0.154023830307852,0.183684629094801,5,3.54347378121622e-06,0.00879525321453119,0.999123450623938
"Sst-10","NAV2",-0.0383599223452933,0.0538680252656437,0.476397089111747,-0.143939311784249,0.067219467093662,5,3.4003161431969e-06,0.0217845982247026,0.999123450623938
"Sst-10","SPOP",-0.0123928816823433,0.0981895838063269,0.899562678311181,-0.204840929599721,0.180055166235035,5,0,0,0.999123450623938
"Sst-10","CCSER2",-0.0402839395958171,0.0707708937237128,0.569209424248888,-0.178992342448006,0.0984244632563717,5,0,0,0.999123450623938
"Sst-10","FBXO3",-0.00270091505557225,0.0923317982757694,0.976663390482752,-0.183667914303898,0.178266084192753,5,0,0,0.999123450623938
"Sst-10","KCNJ6",0.0627850485167149,0.0686776113019037,0.360611945729856,-0.0718205961792573,0.197390693212687,5,0.00260921895032964,10.1626252009262,0.999123450623938
"Sst-10","IFNAR1",0.0178559887495116,0.115559237042036,0.87720127495103,-0.208635953933805,0.244347931432828,5,0,0,0.999123450623938
"Sst-10","EVI5",-0.0579939973900659,0.0714789430611843,0.417168262651004,-0.198090151442976,0.0821021566628445,5,0,0,0.999123450623938
"Sst-10","SMARCA5",-0.0649185143085712,0.090314669362226,0.472261906225973,-0.241932013534177,0.112094984917035,5,0,0,0.999123450623938
"Sst-10","SLC4A7",-0.133721266684642,0.097001642475935,0.168034647060867,-0.323840992378705,0.0563984590094212,5,0,0,0.999123450623938
"Sst-10","EDNRA",0.0309398365409181,0.145914802141535,0.832075497349577,-0.255047920467778,0.316927593549614,5,0,0,0.999123450623938
"Sst-10","FCHO2",0.0211298941302471,0.106349672134249,0.842510559485245,-0.187311633020523,0.229571421281018,5,0.00909690604580945,14.6926368826012,0.999123450623938
"Sst-10","STX8",-0.0948858273650244,0.105969920808211,0.370571483919055,-0.302583055593679,0.11281140086363,5,0.0110707712022218,18.8326615708578,0.999123450623938
"Sst-10","UBE2G1",-0.00445313101267741,0.118315543378256,0.969976507941379,-0.236347334845346,0.227441072819992,5,0.018148213184929,25.7028876388362,0.999123450623938
"Sst-10","WNK2",-0.103591174981519,0.0836363485752833,0.215497240386889,-0.267515405987512,0.0603330560244744,5,0,0,0.999123450623938
"Sst-10","ABCA10",-0.00454914334160836,0.106151043009476,0.965816817228597,-0.212601364561543,0.203503077878326,5,0.0178915876749038,31.6350186082301,0.999123450623938
"Sst-10","PTCD3",0.168398309762708,0.0876617210592223,0.0547315009593073,-0.0034155063361645,0.34021212586158,5,0,0,0.999123450623938
"Sst-10","SRRM2",-0.142160134055062,0.150539551262223,0.344997240725836,-0.43721223277784,0.152891964667715,5,0.0788107617746252,72.8985329688072,0.999123450623938
"Sst-10","SASH1",-0.0135780069608425,0.0810394896127958,0.866938857919626,-0.17241248792743,0.145256474005745,5,0,0,0.999123450623938
"Sst-10","SUMF1",-0.025948838679149,0.133496161156897,0.845879200105507,-0.287596506621021,0.235698829262723,5,0.0490184377848034,57.263052945119,0.999123450623938
"Sst-10","TMEM181",-0.00939807910667377,0.08245116401502,0.909250807393608,-0.170999391059518,0.15220323284617,5,0,0,0.999123450623938
"Sst-10","CDK19",0.0680445568120194,0.12978862717124,0.600089295615809,-0.186336478046508,0.322425591670547,5,0.0276401833460981,32.9767736696534,0.999123450623938
"Sst-10","MRPS31",0.12185290863654,0.0973427492569003,0.210645539205161,-0.0689353740630976,0.312641191336178,5,0,0,0.999123450623938
"Sst-10","SAMD4A",-0.132114626874583,0.105633584186361,0.21104843136455,-0.339152647437731,0.0749233936885643,5,0.0202772041809616,36.8279164208005,0.999123450623938
"Sst-10","CLEC16A",-0.0156007557179798,0.0752674221779245,0.835798201744301,-0.163122192395883,0.131920680959924,5,0,0,0.999123450623938
"Sst-10","MSI2",0.0612578960694591,0.0824225216062509,0.457349748399266,-0.100287277793767,0.222803069932685,5,0,0,0.999123450623938
"Sst-10","YPEL2",-0.0785739416762185,0.132949536135359,0.554516561430995,-0.339150244262829,0.182002360910392,5,0.0240412388059112,27.1538226523833,0.999123450623938
"Sst-10","EPS15L1",0.0152745990015448,0.0957486435108628,0.873252822639494,-0.172389293848311,0.202938491851401,5,0,0,0.999123450623938
"Sst-10","GRM7",0.0230494695267253,0.101118654469033,0.819689168931802,-0.175139451397729,0.221238390451179,5,0.0180599694833092,35.782888212501,0.999123450623938
"Sst-10","STX18",-0.00640324109750203,0.0953168626652749,0.946439624027171,-0.193220859040791,0.180414376845787,5,0.00389955664545638,7.58356997097366,0.999123450623938
"Sst-10","BBS7",0.0437572662200117,0.0937015980276226,0.640510415502796,-0.139894491207978,0.227409023648001,5,0,0,0.999123450623938
"Sst-10","HFM1",0.0950709261521287,0.19946228570812,0.63362127171294,-0.295867970109825,0.486009822414082,5,0.105300750900878,57.0472912513039,0.999123450623938
"Sst-10","UBE2D2",0.0519610292352129,0.103477633551851,0.615563808708415,-0.150851405731848,0.254773464202274,5,0.00960355316918007,16.9785868973012,0.999123450623938
"Sst-10","EP400",-0.0614727466970186,0.0881904847239254,0.485774559551137,-0.234322920535042,0.111377427141005,5,0,0,0.999123450623938
"Sst-10","SENP5",0.0463142932541151,0.146686152994277,0.752201895127296,-0.2411852836454,0.33381387015363,5,0.065872829682605,65.4395442398585,0.999123450623938
"Sst-10","FGF12",0.0117741435757822,0.0533424032300773,0.825304496945323,-0.0927750456039824,0.116323332755547,5,0,0,0.999123450623938
"Sst-10","SETD5",0.0732351470998443,0.0614268622269585,0.233169802414217,-0.0471592905482981,0.193629584747987,5,2.29171376621165e-05,0.106459188613144,0.999123450623938
"Sst-10","NFASC",0.0335780373791194,0.0908278555209518,0.711614406821382,-0.144441288234954,0.211597362993192,5,0.0191194557050633,48.848762840996,0.999123450623938
"Sst-10","FAM81A",0.112677236656499,0.127136016327471,0.375470358206717,-0.136504776483241,0.361859249796239,5,0.0264448378655428,33.182830527556,0.999123450623938
"Sst-10","TMBIM6",0.150383645015737,0.0919258536850327,0.101855642916525,-0.0297877174550256,0.3305550074865,5,0,0,0.999123450623938
"Sst-10","RNF111",-0.0446328121213536,0.0744943806168893,0.549077301596851,-0.190639115181075,0.101373490938368,5,0,0,0.999123450623938
"Sst-10","KCTD16",0.016970364353946,0.0734750611380912,0.817339911404122,-0.127038109238591,0.160978837946483,5,0.00860350851764526,32.1955251376124,0.999123450623938
"Sst-10","CEP164",0.000141476849567315,0.0992700795923988,0.998862878359405,-0.194424303893959,0.194707257593093,5,0,0,0.99951797780414
"Sst-10","UST",-0.0843605244775832,0.228581053296303,0.712081695540027,-0.532371156486568,0.363650107531402,5,0.122241406219595,47.2323363704825,0.999123450623938
"Sst-10","PREPL",-0.0499897534179523,0.0613032760252487,0.414814802032767,-0.170141966561757,0.0701624597258529,5,0,0,0.999123450623938
"Sst-10","IGF1",-0.0934737769381842,0.0957863002401761,0.329135098847236,-0.28121147562127,0.0942639217449012,5,0,0,0.999123450623938
"Sst-10","NMT2",-0.0382202499684206,0.110047947597848,0.728361870426321,-0.253910263832753,0.177469763895912,5,0,0,0.999123450623938
"Sst-10","TTC39B",0.113384893466945,0.084040321155349,0.177281553061839,-0.0513311092467189,0.278100896180609,5,0,0,0.999123450623938
"Sst-10","TRIP11",-0.0480352885117653,0.0840723027077817,0.567757752643352,-0.212813973916367,0.116743396892836,5,0,0,0.999123450623938
"Sst-10","VPS35",0.109600013935299,0.117466375941844,0.350802891538543,-0.120629852305157,0.339829880175755,5,0,0,0.999123450623938
"Sst-10","PDXK",0.033716902808085,0.0917703238241792,0.713316723246865,-0.146149626736884,0.213583432353054,5,0,0,0.999123450623938
"Sst-10","NMD3",0.0885318593253151,0.128959734175671,0.492392967275126,-0.16422457511486,0.34128829376549,5,0.031102427915967,38.3501581056218,0.999123450623938
"Sst-10","PANK2",-0.0147468991696179,0.0966250610016569,0.878698096036082,-0.204128538736851,0.174634740397615,5,0,0,0.999123450623938
"Sst-10","LRRN2",-0.2123081572417,0.12836553630853,0.0981408723490826,-0.463899985262588,0.0392836707791881,5,0.0422944684900919,54.3493443012634,0.999123450623938
"Sst-10","ELOVL6",-0.11935687453874,0.0925848874492841,0.197341938444623,-0.300819919452031,0.0621061703745511,5,2.1153265006202e-06,0.00457912052657027,0.999123450623938
"Sst-10","NCOA1",0.0298725504109366,0.0699006597321987,0.669119174332408,-0.107130225159762,0.166875325981635,5,0.00600207536876005,24.1636916522227,0.999123450623938
"Sst-10","CNOT1",0.0466491583442572,0.0949533876032284,0.623225011761718,-0.139456061568142,0.232754378256657,5,0,0,0.999123450623938
"Sst-10","MAP9",-0.0550979789125296,0.102922770541812,0.592419453879789,-0.256822902363561,0.146626944538501,5,0,0,0.999123450623938
"Sst-10","LRP1",0.0545115115314443,0.0924450262704526,0.555415880259992,-0.126677410508502,0.235700433571391,5,0,0,0.999123450623938
"Sst-10","TXNL1",-0.236210183467697,0.097415427891196,0.0153180116099426,-0.427140913673,-0.0452794532623943,5,0,0,0.891144034147969
"Sst-10","RUNDC3B",0.0976351968547191,0.079471471177166,0.219238112819417,-0.0581260244509393,0.253396418160377,5,0.0077349268046103,23.8731511942319,0.999123450623938
"Sst-10","HACL1",-0.0348779852298794,0.0969913974942888,0.719147219028292,-0.224977631128894,0.155221660669135,5,0,0,0.999123450623938
"Sst-10","STARD13",-0.183893075179111,0.0980314476412734,0.0606747813736233,-0.376031181908331,0.00824503155010853,5,0,0,0.999123450623938
"Sst-10","KPNA5",0.00637905942563715,0.0801279144277261,0.93654668565863,-0.150668767009013,0.163426885860288,5,0,0,0.999123450623938
"Sst-10","TBC1D23",-0.0499655049202895,0.0998372190634003,0.616744373107126,-0.24564285860119,0.145711848760611,5,0,0,0.999123450623938
"Sst-10","ZNF280D",0.053918682840971,0.0865412917832754,0.533258263778389,-0.115699132229821,0.223536497911763,5,0,0,0.999123450623938
"Sst-10","OGT",-0.0337668368556484,0.0761308346042335,0.65737741160748,-0.182980530792922,0.115446857081625,5,7.13554940702562e-07,0.0019407556760059,0.999123450623938
"Sst-10","PTPRG",-0.136690790736605,0.0822304689189152,0.0964548744934165,-0.297859548249519,0.0244779667763095,5,0.0133031747846413,40.1528210082528,0.999123450623938
"Sst-10","PDE4A",0.114961649965114,0.102816000538949,0.263511494896852,-0.0865540081256776,0.316477308055905,5,0,0,0.999123450623938
"Sst-10","MRPL33",-0.10714463907045,0.120192626825399,0.372692614268306,-0.342717858855494,0.128428580714595,5,0,0,0.999123450623938
"Sst-10","ZMYM2",-0.0678531287406044,0.0719221886352692,0.345464002029862,-0.208818028155028,0.0731117706738192,5,0.00469776438882187,17.2268879016113,0.999123450623938
"Sst-10","CANX",-0.0267104497623973,0.0829852527330106,0.74755130482947,-0.189358556367052,0.135937656842258,5,0,0,0.999123450623938
"Sst-10","GNAQ",-0.0320037089959711,0.0778095963682041,0.680846708624518,-0.18450771552925,0.120500297537307,5,0.00944558856482747,31.3018883218582,0.999123450623938
"Sst-10","EDIL3",0.103344420787815,0.1307583378307,0.429325320699615,-0.152937212038678,0.359626053614308,5,0.0428122252918193,51.6558296891623,0.999123450623938
"Sst-10","ADCYAP1R1",0.0734483533621565,0.122951660152831,0.550256468960062,-0.167532472376802,0.314429179101115,5,0.0327190935384815,44.8433775065026,0.999123450623938
"Sst-10","ARPP19",-0.088772641839725,0.107724306358716,0.409898346721598,-0.299908402562367,0.122363118882917,5,0,0,0.999123450623938
"Sst-10","HGSNAT",-0.1761295656784,0.226255490689679,0.436301222291078,-0.619582178734608,0.267323047377808,5,0.196814812303661,78.042860691732,0.999123450623938
"Sst-10","ABL1",-0.0222269298969207,0.0984035841300346,0.821298481770379,-0.215094410741446,0.170640550947604,5,0,0,0.999123450623938
"Sst-10","DIXDC1",0.0291646466869482,0.0905340617156998,0.747346602617331,-0.14827885364995,0.206608147023846,5,0,0,0.999123450623938
"Sst-10","CRBN",-0.0305390863283278,0.159784151696031,0.848425992779873,-0.343710268952834,0.282632096296178,5,0.0768094927537673,62.4745757215627,0.999123450623938
"Sst-10","TRAPPC6B",0.122767670311424,0.103495325036673,0.23553754393132,-0.0800794393287218,0.325614779951569,5,0,0,0.999123450623938
"Sst-10","ST3GAL6",0.0647491242715803,0.159253150707948,0.684316589247928,-0.247381315540528,0.376879564083688,5,0.0595318938580076,49.4016936289206,0.999123450623938
"Sst-10","AHCYL1",0.0662901142256033,0.114454563615014,0.562465837625597,-0.158036708326073,0.29061693677728,5,1.96501455470303e-07,0.000269120787058353,0.999123450623938
"Sst-10","ANKFY1",0.0996531630055064,0.105244887126163,0.343705332956691,-0.106623025318756,0.305929351329769,5,0.00883272244429695,15.0241465426164,0.999123450623938
"Sst-10","HECTD1",-0.016594704725472,0.095428334269233,0.861946380046089,-0.203630802997818,0.170441393546874,5,0.0137689667583578,30.3320486752447,0.999123450623938
"Sst-10","RPTOR",0.0989001040731642,0.100308103849075,0.324151147000547,-0.0977001668285258,0.295500374974854,5,0.0165202951216299,33.2288418922548,0.999123450623938
"Sst-10","HNRNPDL",-0.0563769935159678,0.071214376153367,0.428563697779853,-0.195954605958055,0.0832006189261194,5,2.04964466543803e-06,0.00752649175035406,0.999123450623938
"Sst-10","SLC9B2",0.0904633610568813,0.0868807521917394,0.297766062676333,-0.0798197841886773,0.26074650630244,5,0,0,0.999123450623938
"Sst-10","SRRM3",0.0578386019621736,0.0712683408290072,0.417043609495611,-0.0818447793006059,0.197521983224953,5,0,0,0.999123450623938
"Sst-10","CREBBP",0.0086323856841171,0.0764815169865793,0.910134482663466,-0.141268633092567,0.158533404460801,5,0,0,0.999123450623938
"Sst-10","DYNC2LI1",-0.0207591454088614,0.10674191047397,0.845800210970713,-0.229969445578841,0.188451154761118,5,0,0,0.999123450623938
"Sst-10","LATS1",-0.0538835004063888,0.0913179172197029,0.555147119742615,-0.232863329300217,0.125096328487439,5,0,0,0.999123450623938
"Sst-10","PHF20",-0.0777227815231555,0.14883978437064,0.601537418685561,-0.369443398356318,0.213997835310007,5,0.0571278431051815,55.0376459823481,0.999123450623938
"Sst-10","ADCY1",-0.0666014695433001,0.179988548379544,0.711358866809978,-0.419372541996852,0.286169602910252,5,0.118817894167805,74.8870577935467,0.999123450623938
"Sst-10","DROSHA",0.0540863222204551,0.0899430690179053,0.547613870378172,-0.12219885371364,0.23037149815455,5,4.25934306127903e-07,0.000872950896919135,0.999123450623938
"Sst-10","PCDH19",-0.110764707938565,0.0867908189130347,0.201875606501272,-0.28087158719685,0.0593421713197208,5,0,0,0.999123450623938
"Sst-10","GTF2F2",0.163353091478896,0.0948083733904648,0.0848918360952696,-0.0224679057992407,0.349174088757032,5,9.13596256936474e-06,0.0172883803146239,0.999123450623938
"Sst-10","TULP4",-0.0785517910641616,0.0977845548718322,0.421792741235269,-0.270205996857233,0.11310241472891,5,0,0,0.999123450623938
"Sst-10","THSD7B",0.366871019699179,0.30046255726511,0.222078160066757,-0.22202477124324,0.955766810641598,5,0.205712479571791,45.8089055008731,0.999123450623938
"Sst-10","NDST3",0.0122255458464506,0.131219308377277,0.925769458434155,-0.244959572649268,0.269410664342169,5,0,0,0.999123450623938
"Sst-10","BBS9",-0.00825462476301145,0.139243045625504,0.952727391810439,-0.281165979286668,0.264656729760645,5,0.0591005074511546,66.0583916335182,0.999123450623938
"Sst-10","MRPL41",0.118248312363544,0.15711751104701,0.45168391500956,-0.189696350629169,0.426192975356257,5,0.0339008393034043,27.4931901020257,0.999123450623938
"Sst-10","UNC13A",-0.252705911821345,0.130848012877762,0.0534467714281477,-0.509163304510393,0.00375148086770233,5,0.0319663649004531,37.8937365357885,0.999123450623938
"Sst-10","NCAM2",0.0330234324563228,0.162120301780904,0.838590222374236,-0.284726520197014,0.350773385109659,5,0,0,0.999123450623938
"Sst-10","EEA1",-0.0795685484629582,0.0859288489524613,0.354455449281861,-0.247985997642765,0.0888489007168482,5,0,0,0.999123450623938
"Sst-10","GRM1",0.018702447150509,0.0989466870790967,0.850080750749574,-0.175229495914075,0.212634390215093,5,0.0217927015013721,45.498767648475,0.999123450623938
"Sst-10","SLC35G2",-0.0342490901455916,0.105438078062212,0.74531232762534,-0.240903925746649,0.172405745455466,5,0,0,0.999123450623938
"Sst-10","TM9SF3",-0.0235947320736256,0.103988539966688,0.82050350345411,-0.227408525213238,0.180219061065987,5,0.0147039410849252,27.1600001966161,0.999123450623938
"Sst-10","TYW1",-0.146656201137927,0.0989285108838974,0.138221592321809,-0.340552519514544,0.0472401172386908,5,0,0,0.999123450623938
"Sst-10","NMNAT2",0.0447550233802443,0.0737456195062538,0.543928015568604,-0.0997837348696076,0.189293781630096,5,0.00594129767406246,21.2563686746473,0.999123450623938
"Sst-10","IRAK1BP1",0.0902455334765398,0.109455699816163,0.409659101524032,-0.124283696065767,0.304774763018847,5,0.00678418626315122,10.5358759969468,0.999123450623938
"Sst-10","DHX9",-0.0236712939510855,0.091266113536126,0.795353138093658,-0.202549589490836,0.155207001588665,5,0,0,0.999123450623938
"Sst-10","SPEF2",0.227465678486754,0.0982139682709144,0.0205570857173677,0.0349698378970022,0.419961519076506,5,6.69223743741305e-07,0.00117622936155336,0.972557318861204
"Sst-10","DIRAS2",-0.0127884705223152,0.119691107653261,0.914911455623272,-0.247378730792413,0.221801789747782,5,0,0,0.999123450623938
"Sst-10","NTRK2",0.027741908168859,0.0457551218987343,0.544307175144098,-0.0619364828609002,0.117420299198618,5,6.18407977502666e-08,0.000528249979173674,0.999123450623938
"Sst-10","USP11",-0.146579510480333,0.0810202226023461,0.070424300900512,-0.30537622880035,0.0122172078396832,5,0,0,0.999123450623938
"Sst-10","RBBP4",0.270888365720643,0.0933995855074451,0.00372785951304618,0.0878285419550815,0.453948189486205,5,0,0,0.517660947457201
"Sst-10","GRB2",-0.113622835541881,0.118539851043181,0.337800536824686,-0.345956674319258,0.118711003235496,5,0.019076276928109,26.9423236599134,0.999123450623938
"Sst-10","ZFYVE28",0.0894821241884731,0.085006904510905,0.292503556532562,-0.0771283470901362,0.256092595467082,5,0,0,0.999123450623938
"Sst-10","CFAP36",-0.126957767343174,0.0900861926538853,0.158748788517569,-0.303523460449126,0.0496079257627779,5,0,0,0.999123450623938
"Sst-10","HERPUD2",-0.0835986237382345,0.145923309683866,0.566716304200928,-0.369603055223497,0.202405807747028,5,0.0424363588212547,40.5029061299059,0.999123450623938
"Sst-10","NPAS3",0.0443917450898064,0.0652306568328836,0.496165767716074,-0.0834579929905371,0.17224148317015,5,0.00631036784424625,29.9241389125056,0.999123450623938
"Sst-10","CNTRL",-0.0236208467844336,0.094030017935531,0.801655321999491,-0.20791629540373,0.160674601834863,5,0,0,0.999123450623938
"Sst-10","UBE4A",0.000903273740937818,0.104106515637395,0.993077290838063,-0.203141747464313,0.204948294946188,5,0,0,0.99951797780414
"Sst-10","RNF149",0.102453091982457,0.085956090711058,0.233291208541117,-0.0660177500630741,0.270923934027989,5,0,0,0.999123450623938
"Sst-10","PSMD11",0.0501557316751329,0.0972895734051762,0.606182439304565,-0.140528328270278,0.240839791620544,5,2.5916746420134e-08,4.65588560968857e-05,0.999123450623938
"Sst-10","UBQLN1",0.0769664701949687,0.0820023197699339,0.347941834660717,-0.0837551232028387,0.237688063592776,5,0,0,0.999123450623938
"Sst-10","CDS2",-0.101521270435549,0.0830704155523965,0.221665645624278,-0.264336293099022,0.0612937522279236,5,0,0,0.999123450623938
"Sst-10","UBE2E3",0.117334045883538,0.116684455893727,0.314623873367057,-0.111363285223819,0.346031376990896,5,0.0193181469059492,28.2656501164025,0.999123450623938
"Sst-10","CTSB",-0.0571181005380912,0.1053798423707,0.587803954311168,-0.263658796281171,0.149422595204988,5,0,0,0.999123450623938
"Sst-10","SLC22A15",-0.0603462988008149,0.116703492319348,0.605092795921542,-0.289080940616783,0.168388343015153,5,0.011678651577607,16.6805248613217,0.999123450623938
"Sst-10","WDR47",-0.238110168408139,0.143939846128187,0.0980800039638081,-0.520227082759622,0.0440067459433435,5,0.0500187517478632,50.0509536278087,0.999123450623938
"Sst-10","ZFR2",-0.0286547861761401,0.087793735005443,0.744131120555197,-0.200727344855062,0.143417772502781,5,0,0,0.999123450623938
"Sst-10","SEL1L3",0.0889783685702595,0.0823075378445736,0.279675927910049,-0.0723414412612722,0.250298178401791,5,0,0,0.999123450623938
"Sst-10","AKAP12",0.101109417997902,0.0993865502955423,0.308994083089624,-0.0936846411290397,0.295903477124843,5,0,0,0.999123450623938
"Sst-10","OSBPL3",-0.15844793423456,0.120363584865692,0.188036168281063,-0.394356225621447,0.0774603571523266,5,0,0,0.999123450623938
"Sst-10","VSTM2B",-0.0731870978420008,0.0802630816904723,0.361852888398703,-0.230499847243523,0.0841256515595211,5,4.20275567823966e-06,0.0106839502053886,0.999123450623938
"Sst-10","HBS1L",0.0730570103356105,0.0959641623436613,0.446481052106722,-0.115029291664521,0.261143312335742,5,0,0,0.999123450623938
"Sst-10","ATP1B2",0.167909149386485,0.119293240012787,0.159269455113881,-0.0659013046376705,0.40171960341064,5,0,0,0.999123450623938
"Sst-10","NXPH1",0.063599004554352,0.0596960286300574,0.286703627967664,-0.0534030615806325,0.180601070689337,5,0.00244775870954556,13.4013295006953,0.999123450623938
"Sst-10","EPB41L4B",-0.0474309223404088,0.107954650180081,0.660400925078067,-0.259018148656987,0.164156303976169,5,0.0127549681419633,21.4588072745222,0.999123450623938
"Sst-10","PACRGL",0.0150448336548782,0.0967808791596041,0.876464565259813,-0.174642203890069,0.204731871199825,5,0,0,0.999123450623938
"Sst-10","DGCR2",-0.0206538676421246,0.0980832468879081,0.833219018038574,-0.212893499029175,0.171585763744926,5,0,0,0.999123450623938
"Sst-10","MAP3K2",0.0801376405603705,0.0735634027741059,0.275991495469481,-0.064043979457091,0.224319260577832,5,0,0,0.999123450623938
"Sst-10","NUAK1",-0.0830049732630236,0.107606166789902,0.440483222236635,-0.293909184685642,0.127899238159595,5,5.69714655084754e-08,8.7793182089339e-05,0.999123450623938
"Sst-10","ACIN1",0.00713374407952435,0.0927203779515248,0.938672664662877,-0.174594857338406,0.188862345497455,5,1.7810894947313e-06,0.00340634577416511,0.999123450623938
"Sst-10","SCOC",-0.114052295703405,0.153065370080346,0.456198282474903,-0.414054908341179,0.185950316934368,5,0.0275855551199952,23.4451594320207,0.999123450623938
"Sst-10","ABL2",-0.0364752386853874,0.111285297429279,0.743090622106823,-0.254590413655602,0.181639936284827,5,0.0196441082497808,32.4251227772719,0.999123450623938
"Sst-10","GRIP1",0.0345128169304938,0.0468476939567256,0.461303238506374,-0.0573069759834431,0.126332609844431,5,0,0,0.999123450623938
"Sst-10","GNB1",-0.158531628874507,0.073872619145764,0.0318719114654844,-0.303319301843849,-0.0137439559051657,5,0,0,0.999123450623938
"Sst-10","SCG2",-0.311003171610187,0.171451645876537,0.0696868081767379,-0.647042222618315,0.0250358793979404,5,0.0346791451023058,23.5335276703174,0.999123450623938
"Sst-10","ICE1",0.159175653018561,0.098170135088769,0.104926213333164,-0.0332342761128579,0.35158558214998,5,0,0,0.999123450623938
"Sst-10","YIPF4",-0.101880335392428,0.0972978035774215,0.29505438231427,-0.292580526179027,0.0888198553941704,5,0,0,0.999123450623938
"Sst-10","ANKRD12",0.0724494217100012,0.0703172386040121,0.302858716165916,-0.0653698334461719,0.210268676866174,5,0,0,0.999123450623938
"Sst-10","ANKAR",0.0110026024138534,0.0880424901022851,0.900547908273226,-0.16155750729585,0.183562712123556,5,0,0,0.999123450623938
"Sst-10","CEP57",0.0384807339467979,0.0867179735706005,0.657226400197928,-0.131483371063875,0.208444838957471,5,0.00332152251031287,7.7701041949999,0.999123450623938
"Sst-10","VDAC3",-0.109600086428329,0.0983556328218935,0.265140021591037,-0.302373584435886,0.0831734115792274,5,0,0,0.999123450623938
"Sst-10","NUP160",0.132469516116381,0.0837891993903643,0.113881334547532,-0.0317542969821788,0.29669332921494,5,6.52861627566664e-07,0.00155104362246146,0.999123450623938
"Sst-10","RALYL",0.0621135524680476,0.128979591302948,0.630106755614582,-0.190681801226426,0.314908906162522,5,0.0545052934382447,67.7705527601838,0.999123450623938
"Sst-10","ZDHHC14",0.0335790858576803,0.0846166555946062,0.691487088072396,-0.132266511599977,0.199424683315338,5,0,0,0.999123450623938
"Sst-10","ADCY5",-0.000562133275127789,0.101045143739449,0.995561239944675,-0.198606975817121,0.197482709266865,5,0,0,0.99951797780414
"Sst-10","RAB21",0.0253317712461626,0.101111558918115,0.802175271596376,-0.172843242654043,0.223506785146368,5,0,0,0.999123450623938
"Sst-10","ANKRD17",-0.0103897895671431,0.0488786106612871,0.831667746631751,-0.106190106077621,0.0854105269433352,5,0,0,0.999123450623938
"Sst-10","TAF3",-0.0919848589971649,0.106016523722967,0.385587917072817,-0.299773427260316,0.115803709265987,5,0.00667480322082428,10.7648973633873,0.999123450623938
"Sst-10","CMC1",0.107674576462228,0.0908682013848164,0.236035905795121,-0.0704238255919443,0.285772978516401,5,0,0,0.999123450623938
"Sst-10","CTDSPL2",-0.102688589369583,0.0931186723346351,0.270126541061444,-0.285197833433654,0.0798206546944879,5,0,0,0.999123450623938
"Sst-10","MFF",0.0651128391122945,0.115268257997949,0.572154765273173,-0.160808795124357,0.291034473348946,5,0.0120035732695306,17.2330387334206,0.999123450623938
"Sst-10","NR2C2",0.0616961147388444,0.0934647797397395,0.509189565104369,-0.121491487374014,0.244883716851703,5,0,0,0.999123450623938
"Sst-10","ENOX2",0.288097376292256,0.088828177781365,0.00118149307740114,0.113997347028459,0.462197405556052,5,0,0,0.360532612568958
"Sst-10","MAP1LC3B",0.0857941544086862,0.112150068801873,0.444274986436216,-0.134015941306674,0.305604250124047,5,0,0,0.999123450623938
"Sst-10","PRKD1",0.0576761865123531,0.156065746086183,0.711707831754151,-0.248207055036939,0.363559428061645,5,0.0382773499428862,31.6601459682334,0.999123450623938
"Sst-10","DIDO1",0.0130653945505407,0.0865222289500047,0.879970811040778,-0.156515058053597,0.182645847154679,5,0,0,0.999123450623938
"Sst-10","NAA25",-0.0640031064515179,0.0832412242183335,0.441960314967567,-0.227152907948475,0.099146695045439,5,0.000653224938385254,1.49234050310594,0.999123450623938
"Sst-10","RGL1",0.0780998518900334,0.0670733446997943,0.244264065407156,-0.053361488044204,0.209561191824271,5,0,0,0.999123450623938
"Sst-10","MEGF9",0.0118027671399644,0.105213427150627,0.910681252832366,-0.194411760765292,0.218017295045221,5,0,0,0.999123450623938
"Sst-10","BLCAP",0.141537567836396,0.0954561591465087,0.138140990039679,-0.0455530661932852,0.328628201866076,5,1.45389853784366e-06,0.002824071939136,0.999123450623938
"Sst-10","EPB41L2",0.145233538382902,0.062975768774964,0.0211005057250578,0.0218032996852509,0.268663777080554,5,0,0,0.980426242529247
"Sst-10","SLC22A17",0.00792751837180656,0.0934526927723308,0.932397168699794,-0.175236393720248,0.191091430463862,5,0,0,0.999123450623938
"Sst-10","ACTR2",-0.0119830420419006,0.120903564991023,0.921049029764181,-0.248949675026804,0.224983590943003,5,0.0321579394013583,45.1968373084917,0.999123450623938
"Sst-10","MADD",-0.103809038382471,0.102814413169611,0.312651509691266,-0.305321585286529,0.0977035085215871,5,4.10209793803803e-06,0.00689241469319347,0.999123450623938
"Sst-10","CYLD",-0.0110459935333214,0.100926735521003,0.912849017021046,-0.208858760231687,0.186766773165044,5,0,0,0.999123450623938
"Sst-10","ZNF33B",0.0582548755101947,0.103043942468305,0.571842440302543,-0.143707540552701,0.26021729157309,5,0.00138192615376284,2.39492728920426,0.999123450623938
"Sst-10","SH3RF3",0.013674174363222,0.115918123934667,0.906096122414072,-0.213521173704176,0.24086952243062,5,3.55415240031763e-07,0.000507630477012359,0.999123450623938
"Sst-10","KLHL29",0.0814424988609932,0.0893032565422619,0.361780926238811,-0.0935886676639811,0.256473665385968,5,0,0,0.999123450623938
"Sst-10","FOXK2",-0.0691953800879255,0.0842952247142955,0.411720598073357,-0.234410984596655,0.0960202244208044,5,0,0,0.999123450623938
"Sst-10","PIP5K1A",0.00230168120804032,0.166283749888376,0.988956123141606,-0.323608479787443,0.328211842203524,5,0.0809496380807312,61.8593689504151,0.999123450623938
"Sst-10","ZMYND8",0.0360420716995459,0.0822898799281645,0.661394173904954,-0.125243129251782,0.197327272650874,5,0,0,0.999123450623938
"Sst-10","PMS1",0.0544511731449387,0.0804076539004046,0.498286090200037,-0.103144932581216,0.212047278871093,5,0,0,0.999123450623938
"Sst-10","DNM1L",-0.00494765329909202,0.08359841735568,0.952805891048769,-0.168797540480773,0.158902233882589,5,0.00909061393665206,25.6062416463135,0.999123450623938
"Sst-10","ITPK1",0.15193821682884,0.105184413148556,0.148600164777932,-0.0542194446773114,0.35809587833499,5,0,0,0.999123450623938
"Sst-10","RBPJ",0.00401952273892355,0.0790495658103858,0.959446536848071,-0.150914779242961,0.158953824720809,5,0,0,0.999123450623938
"Sst-10","EZH1",0.0668747685768681,0.0984102483453548,0.496788895460832,-0.12600577388967,0.259755311043406,5,0,0,0.999123450623938
"Sst-10","STRN",-0.0240496515685029,0.098205658575163,0.806541069934648,-0.21652920545386,0.168429902316854,5,0,0,0.999123450623938
"Sst-10","MTA3",-0.00132086791811331,0.0873664926422631,0.987937481075411,-0.172556046952533,0.169914311116306,5,0.00211848258169841,4.95892698908665,0.999123450623938
"Sst-10","SYN3",-0.1213233182725,0.188199772890726,0.519152872404825,-0.49018809503694,0.247541458491939,5,0.0736686066669751,42.583990381012,0.999123450623938
"Sst-10","CCDC14",0.0362701916465073,0.113072613569139,0.748385436862992,-0.18534805858682,0.257888441879834,5,0.0150671024798829,23.0063061784031,0.999123450623938
"Sst-10","WIPF2",-0.174699379601526,0.0792225151998887,0.0274419321948862,-0.329972656157985,-0.0194261030450676,5,0.000381255400027826,1.01868556421696,0.999123450623938
"Sst-10","SCN1A",-0.0801702448752478,0.0660062865057336,0.224524416307535,-0.209540189179718,0.0491996994292224,5,0.000554154404154141,2.37557948606937,0.999123450623938
"Sst-10","KHDRBS1",0.0216530579471791,0.0867789551162228,0.802958812332698,-0.148430568696635,0.191736684590994,5,0,0,0.999123450623938
"Sst-10","TEAD1",-0.0383383801793733,0.101663904685782,0.70609255378551,-0.237595971891219,0.160919211532472,5,0,0,0.999123450623938
"Sst-10","COBL",0.00789943898923674,0.132609349243014,0.952498712737702,-0.252010109540364,0.267808987518837,5,0.0273325745105644,32.0184968896753,0.999123450623938
"Sst-10","WDR37",-0.0468636603348856,0.0880701471657885,0.594644666356958,-0.219477976892973,0.125750656223202,5,0,0,0.999123450623938
"Sst-10","WDR26",-0.0694334887671919,0.103603589189596,0.502740373265903,-0.272492792247883,0.133625814713499,5,0,0,0.999123450623938
"Sst-10","PDE8B",0.0570803269851595,0.103352541767327,0.580751326602565,-0.145486932589474,0.259647586559793,5,0.00699383211113368,12.3977303220804,0.999123450623938
"Sst-10","NIN",-0.0190701074361339,0.0759029670971161,0.80162605515922,-0.16783718926621,0.129696974393942,5,0,0,0.999123450623938
"Sst-10","MAX",0.13313612490459,0.097427144899591,0.1717758629925,-0.0578175702151738,0.324089820024353,5,0,0,0.999123450623938
"Sst-10","NPTN",-0.067595324926034,0.0640156266353495,0.291005162388275,-0.193063647579082,0.0578729977270141,5,0,0,0.999123450623938
"Sst-10","NAA50",0.00490538998630467,0.114317493606772,0.965773093605183,-0.219152780285857,0.228963560258466,5,0,0,0.999123450623938
"Sst-10","UBE2R2",-0.00281175805549522,0.0791239420605643,0.971652243391316,-0.157891834809035,0.152268318698045,5,0,0,0.999123450623938
"Sst-10","RASA2",0.09106422972014,0.0735614597242861,0.215740546022511,-0.0531135819896546,0.235242041429934,5,0,0,0.999123450623938
"Sst-10","BTBD10",0.0221971991103906,0.0758213896576187,0.769708336054334,-0.12640999387632,0.170804392097101,5,2.93498145577872e-08,8.33192889144192e-05,0.999123450623938
"Sst-10","CAMK2N1",-0.176218861618341,0.110013027530241,0.109199854893544,-0.391840433407827,0.0394027101711454,5,4.11834967900339e-06,0.0063863073149874,0.999123450623938
"Sst-10","ADK",0.0136029710943972,0.056716045343209,0.810451633826323,-0.0975584351238331,0.124764377312628,5,0,0,0.999123450623938
"Sst-10","THRAP3",0.0225901141878761,0.128614395827512,0.860575054506945,-0.229489469527426,0.274669697903179,5,0.0377382714886979,47.6439120510338,0.999123450623938
"Sst-10","CSTF3",0.121709022070082,0.0768067074848364,0.113053949357565,-0.0288293583713005,0.272247402511464,5,0,0,0.999123450623938
"Sst-10","PARG",-0.156866344637357,0.0913217723712695,0.0858454818703584,-0.33585372948941,0.0221210402146962,5,0,0,0.999123450623938
"Sst-10","TTC8",-0.0569842311485302,0.153649069340191,0.710732417727357,-0.358130873313401,0.244162411016341,5,0.0620112034514136,55.0685656330366,0.999123450623938
"Sst-10","NTN4",-0.187427513467969,0.088969104194374,0.0351471978920751,-0.361803753425734,-0.013051273510205,5,8.25577003832084e-08,0.000192000092044394,0.999123450623938
"Sst-10","STMN3",0.0557190364088457,0.109688916236424,0.611472095759738,-0.159267288917776,0.270705361735468,5,0,0,0.999123450623938
"Sst-10","TLK1",-0.0315554989795135,0.0803506449354726,0.694524516530976,-0.189039869187605,0.125928871228578,5,0,0,0.999123450623938
"Sst-10","C2CD5",0.029983974677208,0.0567385644451468,0.597181167897492,-0.0812215681697845,0.1411895175242,5,0,0,0.999123450623938
"Sst-10","TMA7",0.000387837204415975,0.128517243697113,0.997592160873407,-0.251501331834284,0.252277006243116,5,0,0,0.99951797780414
"Sst-10","GCC2",0.0627174611134872,0.0791326325351175,0.428033471091202,-0.0923796486571855,0.21781457088416,5,0,0,0.999123450623938
"Sst-10","B3GALNT2",-0.142687501877891,0.112264097852424,0.203729176228189,-0.362721090425521,0.0773460866697399,5,5.60033325968356e-07,0.00080072304588947,0.999123450623938
"Sst-10","CHN1",-0.0617071044567082,0.156568765579177,0.69349139625371,-0.36857624609579,0.245162037182373,5,0.0922910586948623,76.6764810389368,0.999123450623938
"Sst-10","RAF1",0.174705972793745,0.0805560247172695,0.0301015803001062,0.0168190656101788,0.332592879977312,5,3.32633549416885e-06,0.00878735441108592,0.999123450623938
"Sst-10","ZBTB20",0.0182362588501851,0.201453960976763,0.927871452193601,-0.376606249207207,0.413078766907577,5,0.141765648455132,70.7297324595057,0.999123450623938
"Sst-10","PARN",0.0300434717682132,0.112768942647908,0.789918699772862,-0.190979594396349,0.251066537932775,5,0.0133826921034939,20.399050625957,0.999123450623938
"Sst-10","LPIN1",0.0471002406684367,0.0929475691972894,0.612337340080118,-0.135073647408795,0.229274128745668,5,4.71669761622137e-06,0.00881037439386635,0.999123450623938
"Sst-10","XPO1",0.103602368379493,0.111801745076022,0.354102333371009,-0.115525025378238,0.322729762137225,5,0.0282440927251635,47.5109575641828,0.999123450623938
"Sst-10","UBXN2B",0.0337128581452489,0.10187197795025,0.740694658188932,-0.1659525496711,0.233378265961597,5,0,0,0.999123450623938
"Sst-10","NUMA1",-0.0886097061168626,0.105101473475275,0.399179681534192,-0.294604808850494,0.117385396616769,5,0,0,0.999123450623938
"Sst-10","SUN1",-0.0633358227943907,0.0778622446868722,0.415969083572996,-0.215943018136105,0.0892713725473239,5,3.43052926953835e-06,0.00897978859304926,0.999123450623938
"Sst-10","FBXO22",-0.0158874097186604,0.0992526305575559,0.872825606401695,-0.21041899098233,0.178644171545009,5,0,0,0.999123450623938
"Sst-10","ZC3H13",-0.0250342502132773,0.0724842568582029,0.729812469294707,-0.167100783101505,0.117032282674951,5,0,0,0.999123450623938
"Sst-10","CERS5",-0.0719539587315684,0.0969370238141222,0.457920552001253,-0.261947034175749,0.118039116712613,5,0,0,0.999123450623938
"Sst-10","CADM3",0.0675380272486431,0.0868538369232467,0.436801577157072,-0.102692365040036,0.237768419537322,5,0,0,0.999123450623938
"Sst-10","ALG13",0.0203330488782748,0.0918788031661712,0.824856564217222,-0.159746096270065,0.200412194026615,5,8.50231564478381e-06,0.0181328810005286,0.999123450623938
"Sst-10","PID1",-0.179924473508643,0.0942242873573942,0.0561932493462197,-0.364600683198088,0.00475173618080255,5,0,0,0.999123450623938
"Sst-10","SRSF4",-0.10629102249372,0.0962402032073896,0.269404603867093,-0.294918354645019,0.0823363096575803,5,2.25635869856793e-07,0.000451385040465519,0.999123450623938
"Sst-10","HECW1",0.185030206873334,0.0887309793403746,0.0370425930604697,0.0111206830532323,0.358939730693436,5,0,0,0.999123450623938
"Sst-10","BAALC",-0.184376271213674,0.150890506665627,0.221737522207333,-0.480116229887303,0.111363687459956,5,0.0394948513215185,35.1862266407152,0.999123450623938
"Sst-10","IFT43",-0.0308615262990901,0.0892331145674838,0.729453310415015,-0.205755217079695,0.144032164481514,5,0,0,0.999123450623938
"Sst-10","KIZ",0.0477785253246498,0.0909992293573763,0.599553169668531,-0.130576686836708,0.226133737486007,5,0.00643106758471711,14.9452081365525,0.999123450623938
"Sst-10","DHX15",-0.00438266235773533,0.0961629016731561,0.963648679659553,-0.192858486285988,0.184093161570517,5,0,0,0.999123450623938
"Sst-10","SPCS2",0.0238338098159441,0.10261355342058,0.81633013012295,-0.17728505921407,0.224952678845959,5,0,0,0.999123450623938
"Sst-10","APC",0.0816511770896918,0.0722219282865216,0.25824060042869,-0.0599012012459252,0.223203555425309,5,0.00417436387541235,15.6217081043865,0.999123450623938
"Sst-10","RRAS2",0.0795814264880169,0.10965344834448,0.467989603863664,-0.135335383047787,0.294498236023821,5,0,0,0.999123450623938
"Sst-10","IGSF3",-0.0705581234648404,0.0961590640897764,0.463092179444578,-0.259026425867881,0.1179101789382,5,0,0,0.999123450623938
"Sst-10","PHACTR2",0.0362832198482595,0.111302782495049,0.74443446486911,-0.181866225221132,0.254432664917651,5,0,0,0.999123450623938
"Sst-10","ST8SIA3",0.0448159025069954,0.097314181458749,0.645137299421362,-0.145916388337148,0.235548193351139,5,0,0,0.999123450623938
"Sst-10","HNRNPU",0.0528198407235048,0.0725400855341682,0.466523647211272,-0.0893561143589198,0.194995795805929,5,0,0,0.999123450623938
"Sst-10","RBL2",0.0608044286003406,0.0852832766880552,0.475864242775029,-0.106347722191812,0.227956579392493,5,0,0,0.999123450623938
"Sst-10","UBE2N",-0.0902427503095757,0.108319724948576,0.40478006904656,-0.30254551002407,0.122060009404919,5,0,0,0.999123450623938
"Sst-10","TSC22D2",0.140461446548253,0.104647575659904,0.179520406652781,-0.064644032814589,0.345566925911095,5,0.0109378558056107,19.4766757505656,0.999123450623938
"Sst-10","ZNF91",0.0394800420510566,0.067815493315825,0.560453208319625,-0.0934358824417772,0.17239596654389,5,0,0,0.999123450623938
"Sst-10","DENND4C",-0.123822347093288,0.0817209989577402,0.129725823076713,-0.283992561831094,0.0363478676445182,5,0,0,0.999123450623938
"Sst-10","ANKRD34C-AS1",0.144675350346934,0.0923390722071319,0.117165265896023,-0.0363059055448879,0.325656606238756,5,0,0,0.999123450623938
"Sst-10","RAB11FIP3",-0.102691320361516,0.0839010623438086,0.220968324191826,-0.26713438082003,0.061751740096999,5,0,0,0.999123450623938
"Sst-10","SIL1",0.11426478558554,0.0835664010887293,0.171514625289606,-0.0495223508659976,0.278051922037079,5,0,0,0.999123450623938
"Sst-10","HTT",-0.0190629469004149,0.0799106612288461,0.811452029771949,-0.175684964889734,0.137559071088905,5,0.00630205612402695,18.8374063132014,0.999123450623938
"Sst-10","AP1G1",-0.123764278437684,0.0835205083916968,0.138382081851526,-0.287461466855885,0.0399329099805167,5,4.53248403136331e-06,0.0109066787837512,0.999123450623938
"Sst-10","SDHC",-0.0134314135482819,0.110544691168349,0.903293341241424,-0.230095026920349,0.203232199823785,5,0,0,0.999123450623938
"Sst-10","SETD2",0.0280943167007053,0.0684862009806018,0.6816455633545,-0.106136170659246,0.162324804060657,5,0,0,0.999123450623938
"Sst-10","MGLL",0.0665945683084175,0.0786856631992161,0.397364913173479,-0.0876264976616947,0.22081563427853,5,0,0,0.999123450623938
"Sst-10","TMEM117",0.103948412246085,0.0781184661988763,0.183303885340552,-0.0491609680312226,0.257057792523392,5,0,0,0.999123450623938
"Sst-10","CACNG3",0.0181474271482659,0.0670212495437025,0.786566977496092,-0.113211808156263,0.149506662452794,5,0,0,0.999123450623938
"Sst-10","SHROOM3",-0.201116109275467,0.154328403431737,0.192516809842829,-0.50359422179324,0.101362003242305,5,0.0321746784798432,27.0475375397543,0.999123450623938
"Sst-10","MIR4435-2HG",0.215946012663797,0.113333950326227,0.0567286640171856,-0.00618444820125966,0.438076473528855,5,0,0,0.999123450623938
"Sst-10","PLXNA2",-0.143902398736022,0.155127128684917,0.35359344137142,-0.447945983983569,0.160141186511525,5,0.0589975221406012,50.7441367414973,0.999123450623938
"Sst-10","CEP70",0.0650429971509937,0.0878800468887278,0.459218783049314,-0.107198729710604,0.237284724012591,5,0,0,0.999123450623938
"Sst-10","IBTK",-0.0327106131887243,0.0803331859302213,0.683870793225707,-0.190160764375318,0.124739537997869,5,0,0,0.999123450623938
"Sst-10","RTF1",0.0687563909159651,0.0861396603833131,0.424756363880695,-0.10007424107584,0.237587022907771,5,0,0,0.999123450623938
"Sst-10","TBC1D1",0.0135697526339296,0.13622242645981,0.920650243428247,-0.253421297113953,0.280560802381812,5,0.0361531279915002,40.0654391662224,0.999123450623938
"Sst-10","HLTF",-0.07876301822044,0.0722811679254878,0.275856109527436,-0.220431504114888,0.0629054676740078,5,0,0,0.999123450623938
"Sst-10","LHX6",0.0407423897409198,0.0792667413032161,0.607258299690183,-0.114617568385237,0.196102347867077,5,0,0,0.999123450623938
"Sst-10","ULK2",0.0109256995580923,0.112121463974893,0.92237284346256,-0.208828331726603,0.230679730842787,5,0.0232824108328938,37.8461870455491,0.999123450623938
"Sst-10","RBM25",0.0712922091643897,0.116742104980779,0.541410652168775,-0.157518112077331,0.300102530406111,5,0.0373331631544797,57.489226767865,0.999123450623938
"Sst-10","NDRG4",-0.118699346437896,0.131095154987216,0.365230113889836,-0.375641128760536,0.138242435884745,5,0.0447450840835114,53.8058680857065,0.999123450623938
"Sst-10","OSBPL6",-0.0152044459104467,0.0574513376896393,0.791279777229686,-0.127806998645788,0.0973981068248949,5,0,0,0.999123450623938
"Sst-10","MAST1",-0.041396173258547,0.0761086770851214,0.586504286930047,-0.190566439256374,0.10777409273928,5,0,0,0.999123450623938
"Sst-10","NEK11",0.0188765276613829,0.0902257407197806,0.834280841723108,-0.157962674627836,0.195715729950602,5,0,0,0.999123450623938
"Sst-10","SCG3",-0.0791059618737809,0.145709331958529,0.58719692852913,-0.364691004723889,0.206479080976327,5,0.0502317746300711,48.8470055781744,0.999123450623938
"Sst-10","CORO1C",0.0528568541890559,0.0932391549994623,0.570785205031765,-0.129888531558838,0.23560223993695,5,0,0,0.999123450623938
"Sst-10","SLC13A3",0.0891942817705144,0.112975373698843,0.429818670168792,-0.132233381819171,0.3106219453602,5,1.78028265527144e-06,0.00246861138281643,0.999123450623938
"Sst-10","SEC61A2",-0.0516896721924684,0.0993244382655131,0.602776148977415,-0.246361993977546,0.142982649592609,5,0,0,0.999123450623938
"Sst-10","CEP95",0.247871533950291,0.093690142617859,0.00815335937284904,0.0642422287128665,0.431500839187716,5,0,0,0.765906503041559
"Sst-10","RAB3IP",-0.194468575232875,0.107496769984916,0.0704410054167103,-0.405158372857696,0.0162212223919456,5,0.000506238922718585,0.820101143000571,0.999123450623938
"Sst-10","EIF1",-0.0519453907194508,0.107702845814752,0.629590814874672,-0.263039089548835,0.159148308109933,5,0,0,0.999123450623938
"Sst-10","PUM2",0.0300967084146833,0.0960253143594988,0.753957996728365,-0.158109449334071,0.218302866163438,5,0.0215754088173208,48.932002342017,0.999123450623938
"Sst-10","GRIA4",0.195665298449142,0.213441269063905,0.359290811581383,-0.222671901730635,0.614002498628919,5,0.136356437093705,61.2622013376414,0.999123450623938
"Sst-10","KIAA1549L",-0.0420999214621286,0.0595022531527145,0.479234124772749,-0.158722194640434,0.0745223517161766,5,0.00119821126447146,6.33677216012806,0.999123450623938
"Sst-10","ZNF462",0.0589878227053577,0.0755719740921398,0.435066287858989,-0.0891305247558303,0.207106170166546,5,0,0,0.999123450623938
"Sst-10","GNG2",0.162145179604277,0.144288041300473,0.261114706928449,-0.120654184744478,0.444944543953031,5,0.0616083588810909,62.4075683950024,0.999123450623938
"Sst-10","LRRN3",-0.0367848421503702,0.110591870064741,0.739422684925163,-0.253540924460195,0.179971240159455,5,0,0,0.999123450623938
"Sst-10","SORCS2",0.0324869708305636,0.139731137003785,0.816152569100693,-0.241381025215687,0.306354966876814,5,0.0426004453257044,45.8056972458114,0.999123450623938
"Sst-10","RAB1A",-0.127449971168018,0.0853524653440785,0.135379722347415,-0.294737729234115,0.0398377868980785,5,0,0,0.999123450623938
"Sst-10","KIAA1549",0.0991748004345128,0.101276321181778,0.327456649817084,-0.0993231415684836,0.297672742437509,5,0.00527018602762925,9.74924298064817,0.999123450623938
"Sst-10","PLXNA4",-0.256342481929866,0.117757486798402,0.0294904320976133,-0.487142914964684,-0.0255420488950482,5,0,0,0.999123450623938
"Sst-10","SPOCK2",0.0352944223443876,0.0864709980583389,0.683152648766311,-0.13418561955719,0.204774464245965,5,0,0,0.999123450623938
"Sst-10","RUBCN",-0.159772236156852,0.0826986223552525,0.0533617479930612,-0.321858557544226,0.0023140852305216,5,0,0,0.999123450623938
"Sst-10","ATP6V1C1",0.12210919715937,0.0990658430076631,0.217722628978684,-0.0720562872337489,0.316274681552489,5,0.0090217294368507,17.4225865979371,0.999123450623938
"Sst-10","RANBP9",-0.0682449304007564,0.0837879135332412,0.415360794584296,-0.232466223265665,0.0959763624641524,5,0,0,0.999123450623938
"Sst-10","NUDCD3",0.138535621016574,0.0756487662946205,0.0670557080450992,-0.00973323639576945,0.286804478428918,5,0,0,0.999123450623938
"Sst-10","FAM184A",0.0281336854690703,0.0952131270262059,0.767626340349029,-0.15848061435773,0.214747985295871,5,0,0,0.999123450623938
"Sst-10","CNIH3",0.0441756284867369,0.099601829420934,0.657388021948202,-0.151040369972596,0.239391626946069,5,2.66817790123726e-06,0.00437811066613002,0.999123450623938
"Sst-10","KMT5B",0.0419341068354743,0.0826242882935075,0.611784674990589,-0.120006522468055,0.203874736139004,5,0,0,0.999123450623938
"Sst-10","GRK5",-0.00518498438546304,0.0944067545059039,0.956200802210276,-0.190218823114349,0.179848854343423,5,0,0,0.999123450623938
"Sst-10","CELF1",0.0349590068737102,0.0998360699021889,0.726215552499052,-0.160716094492603,0.230634108240024,5,0.0217324769947392,45.3305933711524,0.999123450623938
"Sst-10","CSGALNACT1",0.0341514919501363,0.183774252194373,0.852574993828832,-0.326039423636615,0.394342407536888,5,0.0843744009324042,51.0618367557082,0.999123450623938
"Sst-10","LCLAT1",-0.0136476327601715,0.129552603772927,0.916102585227533,-0.267566070258497,0.240270804738154,5,0.0306800409990479,37.3286972573969,0.999123450623938
"Sst-10","ARNT",-0.00343819514615852,0.0959025073386925,0.971401213991019,-0.191403655557084,0.184527265264767,5,0.00113922698366421,2.25284360263718,0.999123450623938
"Sst-10","ZHX3",-0.0380664438600683,0.12918775323911,0.76825373787737,-0.291269787452371,0.215136899732235,5,0.0395067590022932,49.1964253067249,0.999123450623938
"Sst-10","PRKRA",0.162659552766534,0.094339691540455,0.0846735487839121,-0.022242844965376,0.347561950498444,5,0,0,0.999123450623938
"Sst-10","TPM1",0.0998052293216653,0.0851277178715304,0.241029462009965,-0.0670420317926209,0.266652490435952,5,0,0,0.999123450623938
"Sst-10","NAA35",0.0452613678079472,0.0924943966716371,0.624599784173146,-0.136024318440223,0.226547054056117,5,0,0,0.999123450623938
"Sst-10","RIMKLB",0.10843136935573,0.0878156906077893,0.216919553266859,-0.063684221513049,0.28054696022451,5,0,0,0.999123450623938
"Sst-10","WWC2",0.0468671346616082,0.0756358221561479,0.535493486614614,-0.101376352705518,0.195110622028735,5,0,0,0.999123450623938
"Sst-10","CUX2",-0.0689984228136398,0.148334937083229,0.641821981469464,-0.359729557145783,0.221732711518503,5,0.0309791364535948,28.2372344972596,0.999123450623938
"Sst-10","DDHD2",0.113927140219287,0.096616837813365,0.238332699740643,-0.0754383821950558,0.30329266263363,5,0,0,0.999123450623938
"Sst-10","EPC2",-0.012072142841263,0.0864315183051388,0.888918420608863,-0.181474805848449,0.157330520165923,5,0,0,0.999123450623938
"Sst-10","R3HDM2",-0.0707399820137326,0.0664759554451654,0.287263519484417,-0.201030460524146,0.0595504964966809,5,0,0,0.999123450623938
"Sst-10","PRKCZ",-0.0812245609228026,0.0879625284073425,0.35579901564464,-0.253627948590275,0.0911788267446702,5,0,0,0.999123450623938
"Sst-10","MYO9B",0.211400638921324,0.130024409422754,0.103980827724974,-0.0434425206583635,0.466243798501012,5,0.0255309030511574,30.6291930605096,0.999123450623938
"Sst-10","TMEM245",-0.00834535981676654,0.0798306444505836,0.916742176181129,-0.164810547802533,0.148119828169,5,0,0,0.999123450623938
"Sst-10","APBB1",-0.00397074839472255,0.0958627381888494,0.966960122590949,-0.19185826270426,0.183916765914815,5,0,0,0.999123450623938
"Sst-10","LSM14A",-0.0485674859865951,0.0867428007803278,0.575546140252342,-0.21858025143417,0.12144527946098,5,2.0292148312095e-06,0.00476425739592961,0.999123450623938
"Sst-10","PRKAR2A",-0.0874273269299257,0.0864225693156501,0.311716860708191,-0.256812450240016,0.0819577963801648,5,0,0,0.999123450623938
"Sst-10","GNAI1",0.0036914597513668,0.114235071714334,0.974221172431583,-0.220205166580077,0.227588086082811,5,0.0121848456371845,18.0581343806303,0.999123450623938
"Sst-10","MICAL3",0.0535414377163451,0.0653919857277855,0.4129137968555,-0.0746244991876717,0.181707374620362,5,0,0,0.999123450623938
"Sst-10","CMIP",-0.0553701886796061,0.0662729575876886,0.403443613015432,-0.185262798700426,0.074522421341214,5,0,0,0.999123450623938
"Sst-10","PLD3",0.135524206740635,0.0716263602695574,0.0584777132450762,-0.00486087973138846,0.275909293212658,5,0,0,0.999123450623938
"Sst-10","PHACTR1",-0.00267399845200284,0.0565250622583159,0.962269009753525,-0.113461084702186,0.108113087798181,5,0,0,0.999123450623938
"Sst-10","MTCH1",-0.0521081555648955,0.103741988808535,0.615466308457105,-0.255438717314182,0.151222406184391,5,0,0,0.999123450623938
"Sst-10","PI4KA",-0.0526577822195375,0.0685048370402693,0.442087772591297,-0.186924795585251,0.0816092311461758,5,0.00251806408352567,9.63552853263094,0.999123450623938
"Sst-10","SLCO3A1",-0.0409835859560204,0.0729065180966575,0.574021423245701,-0.183877735663687,0.101910563751646,5,0,0,0.999123450623938
"Sst-10","TACC2",-0.075288466016827,0.128242830378506,0.557151732584937,-0.326639794834179,0.176062862800525,5,0.0300671507829505,37.5971070902884,0.999123450623938
"Sst-10","SMARCA4",-0.0822184848188231,0.0845894112868047,0.331064798651016,-0.248010684414406,0.08357371477676,5,0,0,0.999123450623938
"Sst-10","SCAF11",0.0138035941678027,0.0944558272810528,0.883812377879618,-0.171326425432997,0.198933613768602,5,0,0,0.999123450623938
"Sst-10","SKP1",0.134127348929968,0.153441872733332,0.38205028381772,-0.166613195347741,0.434867893207678,5,0.0549712833571402,47.6370604530408,0.999123450623938
"Sst-10","TTC3",-0.00584531149457991,0.0504899448782311,0.907833405342446,-0.104803785037325,0.0931131620481656,5,0,0,0.999123450623938
"Sst-10","CNTNAP3",0.00999492583620644,0.121402217005047,0.934385076260805,-0.227949047137001,0.247938898809414,5,0.0253603177805486,35.2019089578746,0.999123450623938
"Sst-10","CHORDC1",0.223278091099301,0.225831372108592,0.322812947587785,-0.219343264812803,0.665899447011406,5,0.17347603565798,68.7640283333651,0.999123450623938
"Sst-10","AP2M1",-0.0620472743748078,0.119834941327662,0.60461679074301,-0.296919443466496,0.17282489471688,5,0.00294351412577041,3.88929699777083,0.999123450623938
"Sst-10","ATP13A3",-0.000512746866602918,0.130202652886546,0.996857884674781,-0.255705257215804,0.254679763482598,5,0.0363598744713882,44.4120775174356,0.99951797780414
"Sst-10","ASCC3",-0.00984316939919199,0.06839432822756,0.885565285570437,-0.143893589472021,0.124207250673637,5,0,0,0.999123450623938
"Sst-10","FAM219A",-0.0317690074143967,0.0913281323288563,0.727948588978604,-0.210768857554263,0.14723084272547,5,0,0,0.999123450623938
"Sst-10","XPO4",-0.0778553815525266,0.0824738145487277,0.345169024837107,-0.239501087735668,0.0837903246306151,5,3.35822084736815e-06,0.00797013219043646,0.999123450623938
"Sst-10","BAIAP3",0.0311065353048254,0.0985028385200107,0.7521594126277,-0.16195548056936,0.224168551179011,5,8.9618844085571e-07,0.00169486549063634,0.999123450623938
"Sst-10","MCTP1",0.0321477294040692,0.128682842008654,0.802725459606931,-0.220066006361151,0.284361465169289,5,0.0217484897414831,26.2970198532967,0.999123450623938
"Sst-10","PCM1",0.00558113646897626,0.0826879869216781,0.946186575738032,-0.156484339851632,0.167646612789584,5,0.0121487154267625,36.4362363595999,0.999123450623938
"Sst-10","PLPP1",0.00343482210119541,0.0934616775137287,0.970683441667201,-0.17974669976041,0.186616343962801,5,0,0,0.999123450623938
"Sst-10","ANKRD6",-0.114376258707613,0.145653159558188,0.432298492418234,-0.399851205676128,0.171098688260903,5,0.0512995626163788,51.1004226157593,0.999123450623938
"Sst-10","B4GALT5",0.0657642523035058,0.132402252010232,0.619400336223675,-0.193739393108544,0.325267897715556,5,0.0380948755590841,44.6775956541827,0.999123450623938
"Sst-10","CD99L2",-0.269705319847906,0.142323777436247,0.0580907618921813,-0.548654797766644,0.00924415807083256,5,0.0229019253499217,22.3394383918597,0.999123450623938
"Sst-10","FANCL",0.245102549199695,0.160426767317386,0.12655827925265,-0.0693281368985685,0.559533235297959,5,0.0674811480053912,53.3623474756774,0.999123450623938
"Sst-10","TENM2",0.0134630882129578,0.0818584299036196,0.86936277480609,-0.146976486229133,0.173902662655049,5,0.0166941417055663,51.1564476312934,0.999123450623938
"Sst-10","PRLR",0.0776579188798997,0.156238450388701,0.61915561092828,-0.228563816882302,0.383879654642101,5,0.0314122373189081,25.7842711263641,0.999123450623938
"Sst-10","PTPRA",0.0293974533442566,0.073714306827315,0.69003869988322,-0.115079933182616,0.173874839871129,5,0.00615166825933365,22.3236085282301,0.999123450623938
"Sst-10","CAPRIN2",-0.00780973662345491,0.115082843734718,0.945895594552576,-0.233367965581952,0.217748492335043,5,0.0214543907016771,32.6439279260668,0.999123450623938
"Sst-10","CREG2",0.112635248447277,0.0746848486299361,0.131518559690916,-0.0337443650582236,0.259014861952777,5,0,0,0.999123450623938
"Sst-10","RALGPS1",-0.0325562593328454,0.0905845051015799,0.719294320709718,-0.210098626889327,0.144986108223636,5,0.0156100779011484,39.0669958975514,0.999123450623938
"Sst-10","BRD4",0.0166979238997124,0.0820718994869524,0.838779552066754,-0.144160043237506,0.17755589103693,5,0,0,0.999123450623938
"Sst-10","RSPO2",0.0952080797137608,0.121434135880299,0.433022149029412,-0.142798453105368,0.333214612532889,5,0,0,0.999123450623938
"Sst-10","SMG6",-0.216597788791,0.101253236795893,0.032421981052382,-0.415050486229057,-0.0181450913529434,5,0.0152043771474681,29.9814228759657,0.999123450623938
"Sst-10","GAPVD1",0.108174584159959,0.0893834124572026,0.226190233616384,-0.0670136850714474,0.283362853391365,5,0,0,0.999123450623938
"Sst-10","RLF",0.0401707419450098,0.077620688164872,0.604788864951897,-0.111963011313354,0.192304495203373,5,0,0,0.999123450623938
"Sst-10","SGSM1",0.133192834617439,0.0729704575903543,0.0679560629085136,-0.00982663419506311,0.276212303429941,5,0,0,0.999123450623938
"Sst-10","PREX2",0.0737453394330383,0.0851918418360329,0.386688427573524,-0.0932276023422189,0.240718281208295,5,9.00509836180114e-07,0.00217920629396229,0.999123450623938
"Sst-10","RCAN3",-0.0849452061672322,0.100603342361641,0.398469555498772,-0.282124133920401,0.112233721585937,5,0,0,0.999123450623938
"Sst-10","NUFIP2",0.0319201177232738,0.109585542098487,0.7708368960281,-0.182863598016058,0.246703833462606,5,0.0147942421897528,24.5073331710977,0.999123450623938
"Sst-10","DLG2",0.0217455866747357,0.05724892941643,0.704062199820267,-0.0904602531349428,0.133951426484414,5,0.00455019097993923,27.8699389866763,0.999123450623938
"Sst-10","CDC27",0.00224413395273718,0.0819160386204166,0.978144257036755,-0.158308351499472,0.162796619404946,5,0,0,0.999123450623938
"Sst-10","DOK6",0.098567351031568,0.0730326949462057,0.177133663738337,-0.0445741007568956,0.241708802820032,5,6.14270538599331e-06,0.0206332856396755,0.999123450623938
"Sst-10","PHTF2",-0.0586308301617839,0.145958027636585,0.687907394043066,-0.344703307583992,0.227441647260424,5,0.0654913926471538,63.9640222980731,0.999123450623938
"Sst-10","TRAK2",-0.0100323325924265,0.104477137290112,0.923501359651134,-0.214803758888892,0.194739093704039,5,0,0,0.999123450623938
"Sst-10","IPO9",0.0688657845326498,0.0958130766137741,0.472294097036449,-0.118924394878324,0.256655963943624,5,1.76930342159206e-06,0.00342368135567638,0.999123450623938
"Sst-10","MBNL2",0.0150969261015504,0.139730208117526,0.913961269247017,-0.258769249361088,0.288963101564189,5,0.0506720352799475,53.4143697684092,0.999123450623938
"Sst-10","PRKAG2",0.0370943542225004,0.0746705378103811,0.619348691965646,-0.109257210592083,0.183445919037084,5,0,0,0.999123450623938
"Sst-10","CACUL1",0.0114812300482912,0.121994318667961,0.925019532174014,-0.227623240859415,0.250585700955998,5,0.027441657284122,37.9967503462563,0.999123450623938
"Sst-10","USP54",-0.0266719804140728,0.0894332562637335,0.76552506284938,-0.201957941711132,0.148613980882986,5,0,0,0.999123450623938
"Sst-10","TBC1D9",-0.0696769908013417,0.093772954790822,0.457457886628155,-0.253468604915255,0.114114623312572,5,0.00259965531927779,5.14620722114925,0.999123450623938
"Sst-10","DLGAP1",0.0303986819247571,0.0442535956573768,0.492133114475021,-0.0563367717500995,0.117134135599614,5,0,0,0.999123450623938
"Sst-10","GRIP2",-0.0430131757383595,0.0934047708513414,0.645155229812197,-0.226083162591205,0.140056811114486,5,0,0,0.999123450623938
"Sst-10","BEND6",-0.0559789543235584,0.0830425911176632,0.500248170888919,-0.218739442097064,0.106781533449947,5,0,0,0.999123450623938
"Sst-10","UBR4",0.114167605921594,0.0851935858393171,0.180214051228569,-0.0528087540372888,0.281143965880477,5,0,0,0.999123450623938
"Sst-10","ACYP2",-0.0407082588723981,0.108718615206227,0.708079310326538,-0.253792829125673,0.172376311380876,5,0.0204697586001684,35.1111014826485,0.999123450623938
"Sst-10","SMARCC1",0.171330638353136,0.0874567775890336,0.0501090226894475,-8.14959252998515e-05,0.342742772631571,5,0,0,0.999123450623938
"Sst-10","RNF13",0.142057318192421,0.0865007595222445,0.100534741910385,-0.0274810551065384,0.31159569149138,5,0,0,0.999123450623938
"Sst-10","AUH",0.169582217916692,0.0806538744158385,0.0355014207762293,0.0115035288480324,0.327660906985352,5,0,0,0.999123450623938
"Sst-10","FASTKD1",0.150171310900466,0.130768854308531,0.250814963988602,-0.106130933843821,0.406473555644752,5,0.0392417971512632,48.0213209435283,0.999123450623938
"Sst-10","CCDC92",0.0902161523063084,0.100113242433141,0.367513329891845,-0.106002197238176,0.286434501850792,5,0.0176745242844537,35.919400287611,0.999123450623938
"Sst-10","GBF1",-0.0359485668346487,0.0838678823374085,0.668190110735518,-0.200326595675612,0.128429462006315,5,0,0,0.999123450623938
"Sst-10","USP48",0.00850577338500677,0.0739966269711582,0.908486241155739,-0.136524950455908,0.153536497225922,5,0,0,0.999123450623938
"Sst-10","PTMA",-0.0283897758727962,0.107059564619019,0.790872812098069,-0.238222666726612,0.181443114981019,5,0,0,0.999123450623938
"Sst-10","GPD2",0.0145216641370936,0.102166543091705,0.886971652363013,-0.185721080747607,0.214764409021795,5,0,0,0.999123450623938
"Sst-10","FAAH2",0.157938942091507,0.108681260541172,0.146159716731369,-0.0550724143636037,0.370950298546618,5,0,0,0.999123450623938
"Sst-10","KCNQ2",-0.0518581341669346,0.102784084416289,0.613885704918117,-0.253311237806786,0.149594969472917,5,0.00801727984314757,14.5533183246269,0.999123450623938
"Sst-10","FBXW11",0.0713211721332608,0.096236925862477,0.458632895447312,-0.117299736540045,0.259942080806567,5,0.011404393958659,24.418921330093,0.999123450623938
"Sst-10","GNG4",-0.176010777296704,0.166067704848179,0.289202104446878,-0.501497497794363,0.149475943200954,5,0.0753138344631656,56.3886607216093,0.999123450623938
"Sst-10","KIAA0319",-0.0916406286943008,0.182473883678479,0.615518192164887,-0.449282868823271,0.266001611434669,5,0.113120134542154,72.4486347816239,0.999123450623938
"Sst-10","KLHDC10",-0.0180894089831087,0.081569824987114,0.824496094537365,-0.177963328183088,0.14178451021687,5,0,0,0.999123450623938
"Sst-10","FRS2",0.0276089579834173,0.0815348507177957,0.734899462277529,-0.132196412908312,0.187414328875147,5,0,0,0.999123450623938
"Sst-10","LDAH",0.183912170116993,0.120456265259638,0.126811692582239,-0.0521777715040999,0.420002111738086,5,0.027380930805929,39.004183447708,0.999123450623938
"Sst-10","SPIRE1",-0.0831952139123196,0.0626682354519758,0.184326822572796,-0.206022698372868,0.0396322705482292,5,0,0,0.999123450623938
"Sst-10","YME1L1",-0.165268978257398,0.0854768730670279,0.0531754333539099,-0.332800570979875,0.00226261446507825,5,1.34867373077113e-06,0.00328545511850873,0.999123450623938
"Sst-10","RAB11FIP4",0.155921545122976,0.0895939426828108,0.0818039904086399,-0.0196793557682788,0.331522446014231,5,0,0,0.999123450623938
"Sst-10","ELP2",0.109558513372892,0.0976220244550614,0.261746595278561,-0.0817771386569169,0.3008941654027,5,0.0163603654414428,35.4297084615033,0.999123450623938
"Sst-10","BNIP3L",0.0772294702340183,0.145009117645485,0.594321893836584,-0.206983177781064,0.361442118249101,5,0.0416714830260939,40.6295139911448,0.999123450623938
"Sst-10","CFL1",0.151156441781152,0.162367695912662,0.351878679172673,-0.167078394460417,0.46939127802272,5,0.0572340165201738,44.48594589027,0.999123450623938
"Sst-10","TAGLN3",0.0545681591038463,0.125065028559164,0.662605815251651,-0.190554792597589,0.299691110805282,5,0.0190604534336006,24.2297634972377,0.999123450623938
"Sst-10","SLC6A1",0.0302918634530066,0.126982004659974,0.811452669736988,-0.21858829236524,0.279172019271253,5,0.054363438771123,70.7569681569811,0.999123450623938
"Sst-10","ATXN7L1",0.0215468786958128,0.090766456500835,0.812355703283708,-0.156352107050145,0.199445864441771,5,0,0,0.999123450623938
"Sst-10","ADAM17",-0.00432111776743674,0.0873386127339365,0.960540395820991,-0.175501653185644,0.16685941765077,5,0,0,0.999123450623938
"Sst-10","POM121C",-0.104490934401465,0.093840090461312,0.26549377726735,-0.288414132011618,0.0794322632086866,5,2.84206400384847e-06,0.00555518710761366,0.999123450623938
"Sst-10","RUSC2",-0.0915697495086363,0.0880068780568654,0.298115088475164,-0.264060060891901,0.0809205618746283,5,0,0,0.999123450623938
"Sst-10","NR1D2",-0.220526747499116,0.110962179886504,0.0468775775762981,-0.438008623722718,-0.00304487127551437,5,0.0124794656959575,19.6358702608433,0.999123450623938
"Sst-10","PLOD2",0.0627190563412323,0.196231238209041,0.749257848568341,-0.321887103190188,0.447325215872652,5,0.121244309171585,65.1693326181558,0.999123450623938
"Sst-10","GFPT1",-0.0549185574816299,0.0894372922539516,0.539185329930982,-0.230212429174158,0.120375314210898,5,0,0,0.999123450623938
"Sst-10","ARMC2",0.0308694751594549,0.0877497165904986,0.724995738471659,-0.141116809011519,0.202855759330429,5,0,0,0.999123450623938
"Sst-10","SMCHD1",-0.0336790341574516,0.0688052165029831,0.624499269014726,-0.168534780451779,0.101176712136876,5,0,0,0.999123450623938
"Sst-10","ABI1",-0.03343632480644,0.0919728015372224,0.716197213691926,-0.213699703376646,0.146827053763766,5,0,0,0.999123450623938
"Sst-10","HSP90B1",-0.0188749575903985,0.110029968331829,0.863796202632682,-0.234529732740865,0.196779817560069,5,0,0,0.999123450623938
"Sst-10","GTF2I",-0.00905072184071629,0.0701414994261052,0.897329802457345,-0.146525534537519,0.128424090856087,5,0,0,0.999123450623938
"Sst-10","EIF4A2",-0.0699349616165416,0.111135488258854,0.529167991430706,-0.28775651600817,0.147886592775087,5,0.0143062778456169,23.0666563140447,0.999123450623938
"Sst-10","ATXN10",0.059858985446323,0.0899782726071774,0.505883927098077,-0.116495188254872,0.236213159147518,5,0.0147009918441475,37.2007258705902,0.999123450623938
"Sst-10","CLSTN3",0.0118713518325035,0.0980502917531458,0.90363233533518,-0.180303688677307,0.204046392342314,5,0.00847171467421543,17.1478959424847,0.999123450623938
"Sst-10","RBM5",-0.0574066238689338,0.0814581944825719,0.480973766164933,-0.217061751300434,0.102248503562567,5,0,0,0.999123450623938
"Sst-10","MPPED1",-0.0503357284385318,0.0798399352515809,0.528394952855731,-0.20681912605964,0.106147669182577,5,0,0,0.999123450623938
"Sst-10","MAPK8",0.118225622852589,0.0642933453427927,0.0659376984587781,-0.00778701846488082,0.244238264170059,5,0.000101125101944934,0.4343984576759,0.999123450623938
"Sst-10","BPTF",0.0792290696088191,0.0778888114152024,0.309054811527698,-0.0734301955636097,0.231888334781248,5,0.00581225749409288,18.2564063237617,0.999123450623938
"Sst-10","HECTD4",0.021459656662805,0.0561627064852273,0.702388690563019,-0.0886172253225346,0.131536538648145,5,0,0,0.999123450623938
"Sst-10","TSGA10",0.195921842337843,0.0975432171417036,0.0445833402097517,0.00474064980393354,0.387103034871752,5,0,0,0.999123450623938
"Sst-10","UBXN4",-0.00502011276405649,0.0786197799339885,0.949087236362278,-0.159112049907139,0.149071824379026,5,0,0,0.999123450623938
"Sst-10","PHF3",-0.0164586128320407,0.0960052275122992,0.863882091098682,-0.204625401083721,0.17170817541964,5,0.0132798753077701,28.9606947758591,0.999123450623938
"Sst-10","KIF1B",-0.051537429386474,0.0669755102511002,0.441598544742838,-0.182807017324824,0.0797321585518756,5,0.00744343256262718,33.8379043704326,0.999123450623938
"Sst-10","PPM1A",-0.048078417987363,0.0903779169211738,0.594746179559853,-0.225215880150617,0.129059044175891,5,0,0,0.999123450623938
"Sst-10","NRG3",-0.0300592104531706,0.071445217275012,0.673951595856043,-0.170089263179833,0.109970842273492,5,0.009670799839887,39.0591946399908,0.999123450623938
"Sst-10","ESRRG",-0.0198713435581397,0.126459081499884,0.875137234048177,-0.267726588815927,0.227983901699648,5,0.0242082303308817,30.177401727414,0.999123450623938
"Sst-10","CLMP",-0.0734377958035456,0.0843122401035421,0.383742271699828,-0.238686749862382,0.0918111582552906,5,0,0,0.999123450623938
"Sst-10","ATP6V1H",-0.0701075076110957,0.0705090882868973,0.320074619081901,-0.208302781236169,0.0680877660139778,5,0,0,0.999123450623938
"Sst-10","PLCB1",0.0580151661380335,0.133088299016188,0.662898509146531,-0.202833106697393,0.31886343897346,5,0.0682717922023985,79.5607050876334,0.999123450623938
"Sst-10","TRERF1",0.156062410636905,0.16254611236459,0.336999042811765,-0.162522115424691,0.474646936698501,5,0.0707779528640575,56.6146812428479,0.999123450623938
"Sst-10","USP32",0.00491504374567622,0.0880278966413735,0.955473196918638,-0.16761646330623,0.177446550797583,5,0.0110490154791287,28.5078828896995,0.999123450623938
"Sst-10","MCF2L",0.016465748354885,0.0936141771395423,0.860380775139968,-0.167014667280971,0.199946163990741,5,0,0,0.999123450623938
"Sst-10","KIAA0586",0.155047562547192,0.101566496116161,0.126869939984304,-0.0440191118764097,0.354114236970795,5,0,0,0.999123450623938
"Sst-10","CYTH3",-0.0616149125671959,0.0745066506362602,0.408252942015423,-0.207645264422974,0.0844154392885824,5,0,0,0.999123450623938
"Sst-10","LINC00632",0.0394225269601592,0.0992226771837176,0.691136161066703,-0.155050346769571,0.23389540068989,5,0.0277437481369109,58.3223522485838,0.999123450623938
"Sst-10","SPTAN1",0.102186760184371,0.0680122672428431,0.132974369800365,-0.0311148341185149,0.235488354487257,5,0.00102199364640157,4.06128015190241,0.999123450623938
"Sst-10","JMY",-0.029747070650412,0.0868748320936308,0.732040117228526,-0.200018612716893,0.140524471416069,5,1.4457053760522e-06,0.0032549141761192,0.999123450623938
"Sst-10","STX12",0.106407786174545,0.0842474255049949,0.20657515524451,-0.0587141336054662,0.271529705954556,5,0,0,0.999123450623938
"Sst-10","AHCYL2",0.0934011530274843,0.081114301333469,0.24953655561454,-0.0655799562172443,0.252382262272213,5,0,0,0.999123450623938
"Sst-10","WDSUB1",-0.010848720297679,0.119221037865259,0.927495217987091,-0.244517660713072,0.222820220117715,5,0.0170043258273783,23.0603335299857,0.999123450623938
"Sst-10","ATP1B3",-0.449932593338007,0.114751953534644,8.82135765885902e-05,-0.674842289421522,-0.225022897254492,5,0.00737969460030806,9.37457509673525,0.179455819306722
"Sst-10","RAB7A",0.0816481057739348,0.0834577367582418,0.327917664480532,-0.0819260525034437,0.245222264051313,5,0,0,0.999123450623938
"Sst-10","XRRA1",0.138884531408563,0.113687384418705,0.221845541890273,-0.0839386475486585,0.361707710365784,5,0,0,0.999123450623938
"Sst-10","CDC42SE2",-0.0351241143861006,0.0789889793713137,0.656557475302966,-0.189939669129453,0.119691440357251,5,0,0,0.999123450623938
"Sst-10","SOBP",-0.0891626657684026,0.10949390163618,0.415463790357057,-0.303766769502087,0.125441437965282,5,0.0347250548005312,60.8181784278599,0.999123450623938
"Sst-10","WDR70",0.0288405590921821,0.0598569872373437,0.629930669222286,-0.0884769801160853,0.146158098300449,5,0,0,0.999123450623938
"Sst-10","FMNL2",-0.0703456483325431,0.069661922591234,0.312583973701176,-0.206880507705179,0.0661892110400927,5,0,0,0.999123450623938
"Sst-10","GCFC2",0.125391853375025,0.118847560121141,0.291395781274166,-0.10754508411287,0.358328790862921,5,0.0195763676504943,27.7403079525665,0.999123450623938
"Sst-10","PKNOX2",0.0692214154297875,0.0824147433380324,0.400955799837497,-0.0923085133078683,0.230751344167443,5,0,0,0.999123450623938
"Sst-10","PSD3",0.0858066397746455,0.0688069625183346,0.21237427750567,-0.0490525286468877,0.220665808196179,5,0,0,0.999123450623938
"Sst-10","LANCL1",0.0165543412149963,0.0861666850278209,0.847648230011044,-0.152329258106739,0.185437940536732,5,0,0,0.999123450623938
"Sst-10","CLIP1",-0.0462469180755727,0.0687214470512368,0.500971507005454,-0.180938479261473,0.0884446431103276,5,0,0,0.999123450623938
"Sst-10","PCDH10",0.256517330364064,0.113821263116445,0.0242159601519235,0.0334317539809752,0.479602906747153,5,0.00639623430623878,9.66306563802037,0.999123450623938
"Sst-10","GGA2",0.0243186435790546,0.0858019152799167,0.77684896061823,-0.143850020174139,0.192487307332248,5,0,0,0.999123450623938
"Sst-10","MAPRE2",0.0680577932564577,0.0912992453281135,0.456007863130689,-0.110885439402332,0.247001025915247,5,0.0150942329968655,36.508300716565,0.999123450623938
"Sst-10","VGLL4",0.141756654565464,0.0984268733207385,0.149804295666552,-0.0511564722540695,0.334669781384998,5,0.0102896912487801,20.85001736504,0.999123450623938
"Sst-10","PRKCI",-0.0307803128505042,0.0826900062469511,0.709716103142766,-0.19284974697592,0.131289121274912,5,0,0,0.999123450623938
"Sst-10","NFX1",-0.0762569889764328,0.142621554395521,0.592870686779035,-0.355790099010774,0.203276121057908,5,0.0575169059881168,58.3820662633406,0.999123450623938
"Sst-10","CAMK2B",-0.0175713023848885,0.0871730471731087,0.840254413665474,-0.188427335266793,0.153284730497016,5,0.0141983284151428,38.0070715746775,0.999123450623938
"Sst-10","GDAP1",-0.0101791186015375,0.0878425256700348,0.907748307682395,-0.182347305225841,0.161989068022766,5,0.00372596149014391,9.16111221474524,0.999123450623938
"Sst-10","GAS2",-0.121831403129069,0.0909513500628727,0.180400551284456,-0.300092773597595,0.0564299673394561,5,0,0,0.999123450623938
"Sst-10","RC3H1",0.0914721578672109,0.133569363883375,0.493451908956843,-0.170318984782129,0.353263300516551,5,0.048275941749166,57.2542558738378,0.999123450623938
"Sst-10","SPATS2L",0.0670014247906349,0.108949144220005,0.538568655506886,-0.146534974027035,0.280537823608304,5,0.0364035168314244,63.2177840216614,0.999123450623938
"Sst-10","NOS1AP",-0.109402508321547,0.0775153825649471,0.158136977965315,-0.261329866396688,0.042524849753593,5,0,0,0.999123450623938
"Sst-10","PPP6R2",-0.207658737162129,0.105205079186024,0.0483991349475426,-0.41385690335742,-0.00146057096683846,5,0.0205233507069511,37.7360718265699,0.999123450623938
"Sst-10","CUL5",0.0775524299498036,0.0950355852854953,0.414479720203594,-0.108713894459452,0.263818754359059,5,0.0107805469867018,23.0820941726871,0.999123450623938
"Sst-10","CACNG2",0.0380562392853132,0.109976514715613,0.729312885328509,-0.177493768702527,0.253606247273154,5,0.0264740344935074,45.3725600566538,0.999123450623938
"Sst-10","PSMD1",0.105370458196589,0.0783404905455269,0.178614935833782,-0.0481740818038439,0.258914998197023,5,0,0,0.999123450623938
"Sst-10","MAP4",-0.0902536148242822,0.0916474991777281,0.324726836355603,-0.269879412485794,0.0893721828372291,5,0,0,0.999123450623938
"Sst-10","SMG1",-0.081355631400796,0.0807265572886407,0.313554013332025,-0.239576776282441,0.076865513480849,5,0,0,0.999123450623938
"Sst-10","MAPRE3",-0.160526806411746,0.085296775553226,0.0598387618295504,-0.327705414493465,0.00665180166997378,5,0,0,0.999123450623938
"Sst-10","TANK",0.0812687384406059,0.159921120873157,0.611327013584627,-0.232170898838059,0.394708375719271,5,0.0696452570503525,56.7253800457932,0.999123450623938
"Sst-10","LPGAT1",-0.0409259902621351,0.0910851801843313,0.653204022659062,-0.219449662948766,0.137597682424496,5,0.00694877631808073,15.6500025430555,0.999123450623938
"Sst-10","FAXC",0.09423908532759,0.0837617000342979,0.2605527486378,-0.0699308300234814,0.258409000678661,5,4.08707368334885e-06,0.0101347230363115,0.999123450623938
"Sst-10","HLCS",0.0997152263811538,0.0934947320474608,0.286182724290648,-0.0835310811760921,0.2829615339384,5,0,0,0.999123450623938
"Sst-10","DDX10",-0.118426509543895,0.086391233919175,0.170432235934333,-0.287750216605453,0.0508971975176635,5,0,0,0.999123450623938
"Sst-10","ZNF33A",0.131300898357661,0.084402162763419,0.119789442679464,-0.034124300875928,0.29672609759125,5,0,0,0.999123450623938
"Sst-10","AGAP3",-0.0522853690072538,0.158763349520002,0.741907055891914,-0.363455816131401,0.258885078116894,5,0.063381879706703,51.6988510130172,0.999123450623938
"Sst-10","NOL4",0.128192825372882,0.0706451655509339,0.0695851674791798,-0.0102691547888183,0.266654805534582,5,3.37814601951227e-06,0.0122220234591589,0.999123450623938
"Sst-10","HPCAL4",-0.0476897950249421,0.182296054460265,0.793624991881242,-0.404983496290813,0.309603906240929,5,0.107530373243387,67.1182663021581,0.999123450623938
"Sst-10","FHL1",0.10595033070498,0.125979575100148,0.400341228344644,-0.140965099278969,0.352865760688928,5,0.0361100208405741,47.0826177995406,0.999123450623938
"Sst-10","NUP93",-0.0454796760954817,0.0818438043382174,0.578423692282173,-0.205890584956131,0.114931232765167,5,0,0,0.999123450623938
"Sst-10","TUBE1",-0.0524018363925631,0.100853817339234,0.603354889313605,-0.250071686080843,0.145268013295717,5,0,0,0.999123450623938
"Sst-10","GNB5",-0.0543645551243695,0.0755881994138553,0.472005294067617,-0.202514703631758,0.0937855933830185,5,0,0,0.999123450623938
"Sst-10","RANBP2",-0.11550471766951,0.0839848389826674,0.169037096366065,-0.280111977322934,0.0491025419839134,5,1.93057228773593e-06,0.00478135654660659,0.999123450623938
"Sst-10","SLC8A1",0.0855320335895438,0.0536240764786793,0.110705431899576,-0.0195692250128889,0.190633292191977,5,0.0020550960790043,13.2340544729957,0.999123450623938
"Sst-10","HECTD2",-0.0471616165335401,0.108927009989623,0.665039972579769,-0.260654633056836,0.166331399989756,5,0.0142967529492339,23.9071670987405,0.999123450623938
"Sst-10","RNF150",0.0860561089382642,0.10982501936793,0.433289693463087,-0.129196973624292,0.30130919150082,5,0,0,0.999123450623938
"Sst-10","MBTPS1",-0.0985324189380299,0.0852244459205081,0.24761896381138,-0.265569263544607,0.0685044256685475,5,0.00232895386635378,5.73741529432683,0.999123450623938
"Sst-10","SULT4A1",-0.229514908360654,0.104599367979063,0.0282189907419197,-0.43452590240527,-0.0245039143160373,5,0,0,0.999123450623938
"Sst-10","NAP1L4",-0.102420825427669,0.075351691418807,0.174071422702697,-0.250107426782706,0.0452657759273689,5,0,0,0.999123450623938
"Sst-10","MORF4L1",-0.123739506854069,0.093576109796365,0.18605469609436,-0.307145311868311,0.0596662981601716,5,0,0,0.999123450623938
"Sst-10","RASGRF1",-0.0348841754373647,0.0763890026696995,0.647911931080614,-0.18460386948491,0.11483551861018,5,0,0,0.999123450623938
"Sst-10","MAGI3",0.29640124327643,0.124547417693184,0.0173207918066712,0.0522927902303226,0.540509696322537,5,0.0231936786425792,30.0334333170726,0.927270108737848
"Sst-10","SUGP2",-0.0670621175097524,0.125484758978406,0.593047938621418,-0.313007725716117,0.178883490696612,5,0.0421173272425402,55.7276147410117,0.999123450623938
"Sst-10","EPN2",-0.0141434460910173,0.092816684006695,0.87888689251683,-0.196060803908574,0.16777391172654,5,0.00440129662228062,9.4478620460752,0.999123450623938
"Sst-10","SND1",0.175905365965997,0.0763376054644919,0.0212053521241784,0.0262864085895653,0.32552432334243,5,0,0,0.980426242529247
"Sst-10","KDM4C",-0.0209398848989622,0.0640704042764453,0.743799363942489,-0.146515569755716,0.104635799957792,5,0,0,0.999123450623938
"Sst-10","ADD2",0.0490055760639556,0.0853147962388959,0.565691149131759,-0.118208351912654,0.216219504040565,5,0.00952519943913672,25.9933876791711,0.999123450623938
"Sst-10","PER3",-0.0115998457838772,0.143549257279933,0.935595103406373,-0.292951220060019,0.269751528492265,5,0.0424694959899208,42.1739295622358,0.999123450623938
"Sst-10","TTLL7",-0.0676078943026908,0.0694643771017045,0.330416982581902,-0.20375557163054,0.0685397830251588,5,0.00471483227773974,18.6298992179861,0.999123450623938
"Sst-10","CALM3",-0.0999742522078553,0.141200890828644,0.478927571124207,-0.37672291281697,0.17677440840126,5,0.049550336777899,51.4743448142258,0.999123450623938
"Sst-10","CCDC136",-0.0840766663966851,0.102528888662621,0.412199551042524,-0.285029595550339,0.116876262756969,5,0.0160642488977801,30.943879457896,0.999123450623938
"Sst-10","PBX1",0.0675004504666753,0.0960364817795848,0.482141385867967,-0.120727595023248,0.255728495956599,5,0.0273269206804053,61.3852724548877,0.999123450623938
"Sst-10","UBE4B",0.103876964066758,0.101450741891699,0.305875295731584,-0.0949628362458411,0.302716764379358,5,0.020650259756869,41.7520564921088,0.999123450623938
"Sst-10","GRB10",0.0608286818433524,0.079731152900304,0.445509681484572,-0.0954415062870998,0.217098869973805,5,0,0,0.999123450623938
"Sst-10","GMCL1",0.0527265437047869,0.0908542013494021,0.561683751452175,-0.125344418784192,0.230797506193765,5,0,0,0.999123450623938
"Sst-10","JAZF1",-0.0359217129631454,0.0552141435396604,0.515311850184068,-0.144139445738105,0.0722960198118138,5,0,0,0.999123450623938
"Sst-10","SCN9A",-0.0127769591265207,0.12438177173488,0.918182242072283,-0.256560752060168,0.231006833807126,5,0.0205558488989611,26.578817355323,0.999123450623938
"Sst-10","PDE4B",-0.0961092611112199,0.111896008299432,0.390386914382065,-0.315421407391901,0.123202885169462,5,0.013426034950411,21.3458033780275,0.999123450623938
"Sst-10","NRSN1",0.0289312449921039,0.0613611882684876,0.637290180404486,-0.0913344740627134,0.149196964046921,5,0,0,0.999123450623938
"Sst-10","DDX6",0.118011070018971,0.079112315981854,0.135780367569051,-0.0370462200390153,0.273068360076957,5,0,0,0.999123450623938
"Sst-10","MPHOSPH9",0.0312278163251533,0.0898643991819399,0.728216239999646,-0.14490316956378,0.207358802214086,5,7.41061416421773e-06,0.0154941247433993,0.999123450623938
"Sst-10","RAD9A",0.0503677803167209,0.0969758901372463,0.603492594112173,-0.139701471720995,0.240437032354437,5,0,0,0.999123450623938
"Sst-10","PEG10",-0.0978129281638785,0.186633273907177,0.600214841803755,-0.463607423338745,0.267981567010988,5,0.0870869608113897,52.0621747413467,0.999123450623938
"Sst-10","LRFN5",-0.0194196869007564,0.106384868429158,0.855157542469359,-0.227930197521938,0.189090823720425,5,0.0335920410016392,61.4600045703633,0.999123450623938
"Sst-10","GPR158",0.0232604273652131,0.129322827821051,0.857259907124916,-0.230207657542921,0.276728512273347,5,0.0441864161734889,56.0344692527801,0.999123450623938
"Sst-10","SLC6A17",-0.143881523490081,0.100466177751816,0.152104067380212,-0.340791613548039,0.0530285665678768,5,9.3635488967506e-07,0.0016252223213324,0.999123450623938
"Sst-10","ORC3",0.154727642214936,0.0855663260546991,0.0705633581714568,-0.012979275141685,0.322434559571558,5,0,0,0.999123450623938
"Sst-10","SLC30A9",0.181499782450617,0.0800206407331545,0.0233193300987299,0.0246622085938155,0.338337356307419,5,0,0,0.999123450623938
"Sst-10","GRIA1",7.16115895955646e-05,0.0673249019852704,0.99915131297256,-0.131882771564224,0.132025994743415,5,0.00764143750097792,34.2019277343952,0.999570926006698
"Sst-10","RDX",-0.0294803743062053,0.0835563420416274,0.724223158307641,-0.193247795387705,0.134287046775294,5,0,0,0.999123450623938
"Sst-10","NORAD",-0.0885914440705833,0.123296820965686,0.472435659503263,-0.330248772571611,0.153065884430444,5,0.037008637429541,49.7723337568413,0.999123450623938
"Sst-10","EFR3B",0.0539179265071446,0.0691109251437072,0.435293747200938,-0.081536997712765,0.189372850727054,5,0,0,0.999123450623938
"Sst-10","PRMT3",-0.00167872668199975,0.120461825475652,0.988881234837044,-0.237779566126227,0.234422112762228,5,0.016416125912489,21.8718150731476,0.999123450623938
"Sst-10","CAND1",-0.0672983717837933,0.083856572064214,0.422239843166829,-0.23165423289664,0.0970574893290538,5,0.000887633857356264,2.26589790880722,0.999123450623938
"Sst-10","DHX36",-0.0343220863920722,0.0852232672479527,0.687145826050657,-0.201356620842891,0.132712448058747,5,0,0,0.999123450623938
"Sst-10","HERC2",-0.06858231514517,0.0794515850084192,0.388029541186853,-0.224304560276294,0.0871399299859541,5,0,0,0.999123450623938
"Sst-10","ARHGEF9",0.0787436506527092,0.0721037501977102,0.27479436057056,-0.0625771028850756,0.220064404190494,5,0,0,0.999123450623938
"Sst-10","MICU1",0.237015353028774,0.0717913812620239,0.00096187922300357,0.0963068313548234,0.377723874702724,5,4.71227378165099e-07,0.0015051054474018,0.355148836383153
"Sst-10","TCERG1",0.0480613076380977,0.0731874728332437,0.511381793805064,-0.0953835032345635,0.191506118510759,5,0,0,0.999123450623938
"Sst-10","RERE",0.0249474294589269,0.0507471997164479,0.623000665431906,-0.0745152543015722,0.124410113219426,5,0.000624221720833979,4.12554085057785,0.999123450623938
"Sst-10","STRN3",0.0410828209112695,0.0770864304684209,0.59407171439737,-0.110003806503586,0.192169448326126,5,0.00600809280488603,19.4145505337051,0.999123450623938
"Sst-10","CEP85L",-0.108759390780823,0.0865992180809042,0.20915460359309,-0.278490739308725,0.0609719577470794,5,0.00125069768785216,2.96348808758285,0.999123450623938
"Sst-10","LRRC8B",-0.0241015043936162,0.0882171426474621,0.784694417398121,-0.197003926801674,0.148800918014442,5,0,0,0.999123450623938
"Sst-10","PLA2G4C",-0.039635764725509,0.0876082051007839,0.650965943555203,-0.211344691473244,0.132073162022226,5,0,0,0.999123450623938
"Sst-10","AGFG1",-0.0210488514059144,0.090452875771183,0.815990358009229,-0.198333230215509,0.15623552740368,5,0,0,0.999123450623938
"Sst-10","PPP2R3A",-0.0343167965340015,0.102804766125288,0.738526331572895,-0.23581043557863,0.167176842510627,5,0,0,0.999123450623938
"Sst-10","AGPAT4",-0.0551454556789404,0.076329849589427,0.470010159070423,-0.204749211819577,0.094458300461696,5,0.0050705900396118,16.3585790567746,0.999123450623938
"Sst-10","OTUD7A",0.0238941280455706,0.0628138484473929,0.703651585590952,-0.0992187526416767,0.147007008732818,5,0,0,0.999123450623938
"Sst-10","TSC1",-0.0021330841455393,0.0864097932907824,0.980305680633407,-0.171493166907023,0.167226998615945,5,0.00612886431112713,15.2625674183426,0.999123450623938
"Sst-10","CIT",-0.0549606015001055,0.0734330499845659,0.454191768377543,-0.198886734744784,0.0889655317445732,5,0,0,0.999123450623938
"Sst-10","METTL15",0.0096296158074366,0.0949544789206033,0.919222640271318,-0.176477743047714,0.195736974662587,5,0.0026361652011205,5.05994247435385,0.999123450623938
"Sst-10","PCNX4",-0.0148236997570061,0.0750729086855066,0.843469631677702,-0.161963896995263,0.132316497481251,5,0,0,0.999123450623938
"Sst-10","KANSL1L",0.0713492524229769,0.10281217470131,0.487696828957475,-0.130158907163831,0.272857412009785,5,0.0157027253772206,29.962269023516,0.999123450623938
"Sst-10","GAD1",-0.0193593446296671,0.0556168564296306,0.727777008522814,-0.128366380165078,0.0896476909057439,5,8.12268468057829e-07,0.00491782204895762,0.999123450623938
"Sst-10","CDH4",-0.164809277214274,0.110137116273882,0.134549221559823,-0.380674058472182,0.0510555040436346,5,0,0,0.999123450623938
"Sst-10","IL1RAPL1",-0.0283540067760934,0.0794368745086228,0.721138525814326,-0.184047419857422,0.127339406305235,5,0.0150177667130504,49.7316291156471,0.999123450623938
"Sst-10","HOMER1",-0.0814280841216016,0.148923822948243,0.584532117111774,-0.373313413540177,0.210457245296974,5,0.0537864364868563,49.9817123909172,0.999123450623938
"Sst-10","PTPRD",0.16147126482898,0.292049313347436,0.580338454071729,-0.410934871041648,0.733877400699608,5,0.368105043974844,88.6205274932182,0.999123450623938
"Sst-10","AFDN",-0.108659487314197,0.07352226362018,0.139431145926236,-0.252760476071609,0.0354415014432154,5,0,0,0.999123450623938
"Sst-10","UBAC2",-0.0207827190560512,0.081532645505629,0.798799884234638,-0.180583767811355,0.139018329699253,5,0.000691413559256057,1.86918605325155,0.999123450623938
"Sst-10","EP300",-0.0738565666023691,0.075916160401853,0.330617840629477,-0.222649506834567,0.0749363736298285,5,0,0,0.999123450623938
"Sst-10","JAM3",0.115086903145358,0.0973326495810119,0.237043851972048,-0.0756815845532826,0.305855390843999,5,0,0,0.999123450623938
"Sst-10","FOXN3",-0.0922291360420674,0.0719077782726094,0.199631179569909,-0.233165791664674,0.0487075195805389,5,0,0,0.999123450623938
"Sst-10","DIS3L2",-0.0164187018483937,0.116525776814467,0.88794745133582,-0.244805027675302,0.211967623978515,5,0.035138739424169,55.3463576953885,0.999123450623938
"Sst-10","CUX1",0.0116295580834701,0.0666441184826215,0.861470651117737,-0.118990513923888,0.142249630090828,5,0,0,0.999123450623938
"Sst-10","KMT2E",0.076170225289838,0.0671619541924495,0.256741031766239,-0.055464786058692,0.207805236638368,5,0.00341991238253934,14.6021460790608,0.999123450623938
"Sst-10","ZFYVE16",0.00784980820093041,0.0640492442254923,0.90245636146394,-0.117684403718045,0.133384020119905,5,0,0,0.999123450623938
"Sst-10","ARFGEF1",0.00227058050354167,0.0661247823391185,0.972607771103475,-0.127331611366681,0.131872772373764,5,0,0,0.999123450623938
"Sst-10","FBXO34",-0.0794438206410403,0.0791133166180399,0.315293015598753,-0.234503071909913,0.0756154306278321,5,1.02948028626227e-06,0.00258589062042871,0.999123450623938
"Sst-10","MAP3K5",0.121498967305936,0.0785003345231184,0.121682270113247,-0.0323588611337223,0.275356795745594,5,0.00763091230516909,24.4116597310061,0.999123450623938
"Sst-10","BTBD8",-0.0997469956022277,0.0715015358025805,0.163005915448044,-0.239887430614587,0.0403934394101313,5,0,0,0.999123450623938
"Sst-10","FGF14",0.0391068656156055,0.0676186381465107,0.563031574738645,-0.0934232298352016,0.171636961066413,5,0.00991337329777776,45.6441447986089,0.999123450623938
"Sst-10","ASXL3",0.136818452713748,0.121605292435756,0.260545482969868,-0.101523540789796,0.375160446217291,5,0.0371781154625246,51.4298581767298,0.999123450623938
"Sst-10","ACTG1",-0.14247302039183,0.149287467598017,0.339904724700861,-0.435071080227134,0.150125039443474,5,0.0432685929856168,39.5269125657045,0.999123450623938
"Sst-10","PDE5A",-0.10382295561004,0.0910737786694555,0.254291571304204,-0.282324281738145,0.0746783705180651,5,8.36595774663224e-07,0.00159956706796193,0.999123450623938
"Sst-10","CNOT4",-0.0296459939768648,0.0839792535378544,0.724076679332939,-0.194242306359617,0.134950318405888,5,0.00170516774565008,4.33341441457662,0.999123450623938
"Sst-10","ZNF608",-0.0414319799541972,0.0742997610708703,0.577095189458078,-0.187056835713034,0.10419287580464,5,0,0,0.999123450623938
"Sst-10","TTLL11",-0.147418014917165,0.0715239131854263,0.0392933975440583,-0.28760230879397,-0.00723372104035966,5,0,0,0.999123450623938
"Sst-10","FRRS1L",0.0301382959313339,0.0633515106804172,0.634265825752848,-0.0940283833684883,0.154304975231156,5,4.22489652441586e-07,0.00179839144127364,0.999123450623938
"Sst-10","PLCL2",-0.112063725191007,0.0755963952658281,0.138235199578382,-0.260229937273084,0.0361024868910701,5,0,0,0.999123450623938
"Sst-10","ATG5",0.0500967375999549,0.0788088385981735,0.524988860592577,-0.104365747715895,0.204559222915805,5,0,0,0.999123450623938
"Sst-10","KAZN",0.0978274109531955,0.0472131804309325,0.0382620812094547,0.00529127771297656,0.190363544193414,5,0,0,0.999123450623938
"Sst-10","MTHFD1L",-0.0151210248562773,0.133446771563959,0.909783772561242,-0.276671890974781,0.246429841262226,5,0.0340223525490444,39.0135073119534,0.999123450623938
"Sst-10","KLC1",-0.129975954275772,0.204820453649156,0.5256992197746,-0.531416666725273,0.271464758173729,5,0.15544703979647,76.8506070598476,0.999123450623938
"Sst-10","CTIF",-0.00468405301954086,0.0688270881786276,0.94574155674344,-0.139582667010414,0.130214560971332,5,0,0,0.999123450623938
"Sst-10","PKM",-0.0584522910690956,0.0969006838732355,0.546363301710108,-0.248374141537938,0.131469559399747,5,0,0,0.999123450623938
"Sst-10","NRXN1",-0.0532199344179809,0.0872505184822915,0.541883687612515,-0.224227808275719,0.117787939439757,5,0.0178600385424297,49.806535733424,0.999123450623938
"Sst-10","PPME1",-0.0389415317282326,0.0931694731462549,0.675973076973252,-0.221550343553464,0.143667280096999,5,0,0,0.999123450623938
"Sst-10","SRSF11",0.030943969678654,0.100369313774917,0.757853230352469,-0.165776270473183,0.227664209830491,5,0.0268401960666182,55.8470083405325,0.999123450623938
"Sst-10","PRKCA",-0.00524837553807643,0.0831527136622527,0.949673091041181,-0.168224699532863,0.157727948456711,5,0,0,0.999123450623938
"Sst-10","SPTBN4",-0.016879929166395,0.0630159573449168,0.788801283981065,-0.140388936013744,0.106629077680954,5,2.5807651034029e-06,0.0109927131141088,0.999123450623938
"Sst-10","COL25A1",-0.0542502099559059,0.0982463450383095,0.580821248231604,-0.246809507843688,0.138309087931876,5,0.00943680599096169,19.3548273208771,0.999123450623938
"Sst-10","FOXO3",0.0523071091150818,0.0718996694724867,0.466918867261672,-0.0886136535513262,0.19322787178149,5,0,0,0.999123450623938
"Sst-10","PAWR",0.10248281381402,0.0767954715521076,0.182043215436208,-0.0480335446038811,0.252999172231921,5,0,0,0.999123450623938
"Sst-10","CACNA1E",0.0645135135822343,0.0695770119222553,0.353809958769395,-0.0718549239373,0.200881951101768,5,1.22436780414635e-06,0.0043091007276303,0.999123450623938
"Sst-10","NFAT5",-0.00150633457152283,0.0804015757640695,0.985052397553386,-0.159090527369367,0.156077858226322,5,0.0066465269818181,20.1249318431663,0.999123450623938
"Sst-10","FRMD6",-0.184676160386873,0.0974027315214114,0.0579592552048903,-0.375582006164663,0.00622968539091784,5,0,0,0.999123450623938
"Sst-10","ADD3",-0.0330148050884571,0.0789229193154837,0.675715304023046,-0.187700884501566,0.121671274324652,5,0,0,0.999123450623938
"Sst-10","TRAPPC12",0.0342622089302664,0.0823574007746503,0.677396407327329,-0.127155330448379,0.195679748308912,5,0,0,0.999123450623938
"Sst-10","KIF3C",-0.0145136872063375,0.0820334544823322,0.859568083798837,-0.175296303519115,0.146268929106439,5,0,0,0.999123450623938
"Sst-10","BDP1",-0.11026005963317,0.108519118695439,0.309609047708704,-0.322953623910257,0.102433504643917,5,0.0260845045543814,46.2496549067631,0.999123450623938
"Sst-10","PHF14",0.0339929945639297,0.0687501458133651,0.620993699237262,-0.100754815162143,0.168740804290002,5,0,0,0.999123450623938
"Sst-10","INVS",0.148856061581919,0.160677109807469,0.354222667027107,-0.166065286780707,0.463777409944546,5,0.0880377653150167,71.5370759885018,0.999123450623938
"Sst-10","ZNF532",0.0534493050175122,0.0636124614242801,0.400777620580181,-0.0712288283420202,0.178127438377045,5,0,0,0.999123450623938
"Sst-10","RGS4",-0.17763292812707,0.252226502432276,0.481271139466278,-0.671987788840835,0.316721932586694,5,0.239243505641983,76.9014347534808,0.999123450623938
"Sst-10","ANKRD11",-0.00472041716188896,0.0780311146530225,0.951762164684285,-0.157658591555329,0.148217757231551,5,0.0053293478999715,17.0416497291333,0.999123450623938
"Sst-10","RELN",-0.191434548679589,0.101113877869578,0.0583237115635416,-0.389614107641144,0.00674501028196586,5,0,0,0.999123450623938
"Sst-10","UPF3A",-0.0179201828166192,0.0907394247498669,0.843443642056392,-0.195766187304241,0.159925821671002,5,0.00703404182604208,16.0849789941659,0.999123450623938
"Sst-10","ATP1A1",0.0156088978011194,0.0859772806122347,0.855938423925248,-0.152903475687554,0.184121271289793,5,0,0,0.999123450623938
"Sst-10","SLC7A14",-0.0510650750351516,0.0869404590913214,0.556964060873898,-0.221465243653519,0.119335093583216,5,0,0,0.999123450623938
"Sst-10","RAP1GAP2",-0.0205460387954635,0.0950030941479037,0.828779592543278,-0.206748681745223,0.165656604154296,5,0.00697003533205636,14.5505247066867,0.999123450623938
"Sst-10","ITSN2",0.0976463308593299,0.0740787468771427,0.18745601176649,-0.0475453450397288,0.242838006758389,5,0,0,0.999123450623938
"Sst-10","CAP2",-0.0669060006213194,0.111992240851282,0.550229411389157,-0.286406759237768,0.152594757995129,5,0.0102870910705297,16.1316533343373,0.999123450623938
"Sst-10","SMAP1",0.0838217059777054,0.0694040259791787,0.2271490185558,-0.0522076853235671,0.219851097278978,5,5.53650002383297e-06,0.0196718255024459,0.999123450623938
"Sst-10","SCFD2",0.107877466882073,0.0805774321296147,0.180634171291287,-0.0500513980586923,0.265806331822838,5,0,0,0.999123450623938
"Sst-10","ATP6V0A1",0.00622764669875533,0.060648388049787,0.918213411203459,-0.112641009599237,0.125096302996747,5,0,0,0.999123450623938
"Sst-10","ADNP",0.0231188806624244,0.0751256646527677,0.758283131696764,-0.124124716371634,0.170362477696483,5,0,0,0.999123450623938
"Sst-10","BMPR2",-0.0027934737534686,0.0586812062812221,0.962031659266725,-0.117806524634029,0.112219577127092,5,0,0,0.999123450623938
"Sst-10","GABRG3",0.0412789774949755,0.0572695916449585,0.471042720283008,-0.0709673595384592,0.15352531452841,5,0,0,0.999123450623938
"Sst-10","COPA",0.132818515355335,0.086104712292473,0.122946507447733,-0.0359436196370954,0.301580650347765,5,0,0,0.999123450623938
"Sst-10","LARGE1",0.0281682869445994,0.0950624787514319,0.766990748248137,-0.158150747689311,0.21448732157851,5,0.0173823199708281,39.2579207921781,0.999123450623938
"Sst-10","BTBD9",0.0143622203591139,0.0738322051759924,0.845764709511436,-0.130346242685003,0.159070683403231,5,0,0,0.999123450623938
"Sst-10","NR3C1",0.134495511669829,0.0790640990332554,0.0889252253558697,-0.0204672749054594,0.289458298245118,5,0,0,0.999123450623938
"Sst-10","USP25",0.115524405500704,0.0782571473439517,0.139886078592153,-0.0378567848262861,0.268905595827693,5,0,0,0.999123450623938
"Sst-10","CCNY",-0.18513715982626,0.0858049594190231,0.0309549732967357,-0.353311789982467,-0.0169625296700543,5,0.00580543864366846,14.1008915514964,0.999123450623938
"Sst-10","FARS2",0.0856720106925655,0.0849252991461546,0.313074125654552,-0.0807785170101878,0.252122538395319,5,0.00420477865306668,10.7680276226476,0.999123450623938
"Sst-10","DENND5A",0.0453857978296701,0.080032963783769,0.570653848138872,-0.111475928762516,0.202247524421856,5,0,0,0.999123450623938
"Sst-10","JPH4",0.237231035495142,0.082014359687787,0.00382122430315777,0.0764858442919659,0.397976226698318,5,0,0,0.517660947457201
"Sst-10","HTR1E",0.10186240749487,0.1301634129532,0.433877744251027,-0.153253193998216,0.356978008987956,5,0.03387408985081,41.3803812505581,0.999123450623938
"Sst-10","RAPH1",-0.114123441329238,0.0746162349445866,0.126147477767795,-0.260368574482606,0.0321216918241309,5,0,0,0.999123450623938
"Sst-10","IQCJ-SCHIP1",0.0244602614280621,0.0773545058862587,0.751843185466937,-0.127151784150896,0.176072307007021,5,0,0,0.999123450623938
"Sst-10","LMTK2",-0.0847174525687735,0.0792485820533211,0.285065584921185,-0.24004181921915,0.0706069140816031,5,0,0,0.999123450623938
"Sst-10","ATP9A",-0.0419985185418523,0.0599664243654235,0.483697995734843,-0.159530550579728,0.075533513496023,5,0,0,0.999123450623938
"Sst-10","SNX9",0.0372018645553562,0.0952281752548858,0.696048370410945,-0.149441929257688,0.223845658368401,5,0.00922732458555808,19.5389872898191,0.999123450623938
"Sst-10","NCALD",0.0750422682781979,0.0616800839040781,0.223742383102123,-0.0458484747372037,0.1959330112936,5,0,0,0.999123450623938
"Sst-10","SAMD5",0.034791060307551,0.0737601178221225,0.637156299417743,-0.10977611411924,0.179358234734342,5,5.15242711956607e-06,0.0177740671666865,0.999123450623938
"Sst-10","COG5",0.0574019230508388,0.0649129089721076,0.376538963626632,-0.0698250406662191,0.184628886767897,5,0.00120360063050555,5.15917628354595,0.999123450623938
"Sst-10","OSBP2",-0.0597689296158287,0.0732894533800217,0.414775387925305,-0.203413618687299,0.0838757594556411,5,0.000289473990843718,0.878541647845558,0.999123450623938
"Sst-10","TMEM131",0.0529316712092459,0.0729888873147191,0.468328249268855,-0.0901239191992559,0.195987261617748,5,0,0,0.999123450623938
"Sst-10","CASK",0.0842026430661314,0.0669599562785236,0.208569947399027,-0.0470364596461515,0.215441745778414,5,0,0,0.999123450623938
"Sst-10","SVOP",-0.0916593977203532,0.0794889660335085,0.248865877332681,-0.247454908314358,0.0641361128736512,5,0,0,0.999123450623938
"Sst-10","CEP350",-0.0551512740478653,0.0716538681743492,0.441483735042278,-0.195590275022571,0.0852877269268399,5,8.71299578766105e-07,0.00297213573019002,0.999123450623938
"Sst-10","GPI",0.123428974872249,0.115365482714797,0.284666489109004,-0.102683216307831,0.349541166052328,5,0.0337610133826663,54.4129163168234,0.999123450623938
"Sst-10","TIAM1",-0.0546932708375726,0.05427192259342,0.313567940006613,-0.161064284492421,0.0516777428172763,5,0,0,0.999123450623938
"Sst-10","TUBA1B",-0.150593891507801,0.223789610805209,0.500994245544131,-0.589213468800246,0.288025685784644,5,0.184016071449076,74.9566542247151,0.999123450623938
"Sst-10","ARMCX4",0.0617553680235849,0.131317463500956,0.638158295894833,-0.195622130979442,0.319132867026611,5,0.04214936109431,51.0372614664219,0.999123450623938
"Sst-10","NPEPPS",0.101847007095043,0.0788617916431059,0.196543523963979,-0.0527192642817468,0.256413278471832,5,0.00394652316819175,12.2062026939321,0.999123450623938
"Sst-10","STK39",-0.0150463951085103,0.0918477449754039,0.86987372498458,-0.195064667321522,0.164971877104501,5,0,0,0.999123450623938
"Sst-10","ELMOD1",-0.0548331546647679,0.103002499248489,0.594485126336157,-0.256714343509419,0.147048034179884,5,0.0149859301182642,27.9131923133187,0.999123450623938
"Sst-10","TAF15",-0.109731239992093,0.0735060902146958,0.13548474372379,-0.253800529457249,0.0343380494730625,5,0,0,0.999123450623938
"Sst-10","RPAP2",0.040768057953526,0.0739405011903164,0.581384846303048,-0.104152661378335,0.185688777285387,5,0,0,0.999123450623938
"Sst-10","CHPT1",0.0797279434633508,0.139204626874667,0.566821306816373,-0.193108111692333,0.352563998619035,5,0.0563280260488193,59.9210333809909,0.999123450623938
"Sst-10","CDKL5",0.222670992321963,0.0860596496374665,0.00967024292457972,0.053997178510393,0.391344806133533,5,0,0,0.786899900916134
"Sst-10","TAF1D",0.172095519338032,0.0846710478696442,0.0421011353726856,0.00614331498026255,0.338047723695801,5,0.00329641245774728,8.29387989632015,0.999123450623938
"Sst-10","PWRN1",0.0333237654882113,0.222280296796742,0.880829495004641,-0.402337610706277,0.4689851416827,5,0.177741355654322,75.2630135651361,0.999123450623938
"Sst-10","SFPQ",-0.0694435711919387,0.0645419230005106,0.281951772739352,-0.195943415765897,0.0570562733820194,5,0,0,0.999123450623938
"Sst-10","TBC1D4",-0.0974604639561594,0.0906364893447741,0.282245142393459,-0.275104718757065,0.0801837908447461,5,0,0,0.999123450623938
"Sst-10","HNRNPC",0.109754440651607,0.137179833358401,0.423666139088631,-0.159113092136065,0.37862197343928,5,0.0550758775561974,61.2405774388437,0.999123450623938
"Sst-10","ERO1B",0.170037680130871,0.0768847184307721,0.0269948219791403,0.0193464010450546,0.320728959216687,5,0,0,0.999123450623938
"Sst-10","RABGAP1L",0.0240989557004115,0.0529191388652501,0.648827205943166,-0.0796206505683526,0.127818561969176,5,0,0,0.999123450623938
"Sst-10","GNPTAB",0.0133588419642353,0.0735571274909839,0.85588739166044,-0.130810478724314,0.157528162652785,5,0,0,0.999123450623938
"Sst-10","RNF180",0.0462958659891808,0.0660575759374884,0.483402168481524,-0.0831746037543162,0.175766335732678,5,0,0,0.999123450623938
"Sst-10","BRINP2",-0.0206403246266072,0.121216632316364,0.86479281663768,-0.258220558293915,0.216939909040701,5,0.0224355949367197,30.7349422766717,0.999123450623938
"Sst-10","MAGI1",0.0238723808785673,0.0482878550036462,0.621040305411088,-0.0707700758192714,0.118514837576406,5,0,0,0.999123450623938
"Sst-10","LYST",0.153762729256884,0.102871845287804,0.134992292099624,-0.0478623825303882,0.355387841044157,5,0.0257274141769463,50.8535290782398,0.999123450623938
"Sst-10","TET2",0.0728003376796048,0.0751547045348843,0.332708337637677,-0.0745001764775174,0.220100851836727,5,7.53949746289256e-07,0.00224303022447074,0.999123450623938
"Sst-10","COL21A1",0.119880835090061,0.113007181710176,0.288769472518177,-0.101609171056258,0.34137084123638,5,0.00685622083853226,9.65411661172066,0.999123450623938
"Sst-10","SLC12A5",-0.0135561619446146,0.0752204030601927,0.856980474505989,-0.160985442845179,0.13387311895595,5,0,0,0.999123450623938
"Sst-10","TBCA",0.0358268147468911,0.103098920655141,0.728216156957198,-0.166243356582139,0.237896986075921,5,0.0161385509443079,30.5576882501675,0.999123450623938
"Sst-10","GABBR1",-0.193289699588848,0.0767841662587581,0.0118254075471969,-0.343783900038949,-0.0427954991387464,5,0,0,0.869523641693284
"Sst-10","PDE8A",-0.111337157359499,0.135720152088192,0.412020261128761,-0.377343767428654,0.154669452709657,5,0.0435044904968046,48.7774276538432,0.999123450623938
"Sst-10","BBX",0.140666272742893,0.119521922260167,0.239232341336812,-0.0935923902500307,0.374924935735818,5,0.0217358250974144,30.6847514845341,0.999123450623938
"Sst-10","KLHL23",-0.011519141775164,0.0821465043433827,0.888480794495776,-0.172523331744057,0.149485048193729,5,0,0,0.999123450623938
"Sst-10","RAPGEF1",0.0469576929342378,0.146584987394024,0.748707200986831,-0.240343603032308,0.334258988900783,5,0.0674726531514923,66.7093956310514,0.999123450623938
"Sst-10","SPTBN1",-0.0310249649388346,0.0532211765765896,0.559931007005997,-0.135336554243797,0.0732866243661278,5,0,0,0.999123450623938
"Sst-10","ALK",-0.301256328122177,0.143888616905422,0.0362887381466447,-0.583272835042086,-0.0192398212022685,5,0,0,0.999123450623938
"Sst-10","CELF5",0.0248637679038207,0.0935333866884791,0.790371885545949,-0.158458301357656,0.208185837165298,5,0.0149730180535563,34.5994009460288,0.999123450623938
"Sst-10","LSAMP",0.0347328804839154,0.0790117618990901,0.660233167229114,-0.120127327193355,0.189593088161186,5,0.0132922105410628,44.1353964864938,0.999123450623938
"Sst-10","RAB27B",0.136372110096475,0.0947840435097535,0.150216680190109,-0.0494012014917198,0.322145421684669,5,0,0,0.999123450623938
"Sst-10","UBE2D3",-0.0476727161836943,0.089003030034735,0.592214110594063,-0.222115449566712,0.126770017199323,5,0.0109791868349921,27.670703731493,0.999123450623938
"Sst-10","SENP7",0.0531430136605878,0.0643536559096554,0.408919629364164,-0.07298783419582,0.179273861516996,5,0,0,0.999123450623938
"Sst-10","PTBP2",-0.0662223556099783,0.0844588670327365,0.432994231907347,-0.231758693169199,0.0993139819492425,5,0.00853967836736279,22.9515763509734,0.999123450623938
"Sst-10","HACD3",-0.166336195684917,0.0752266666230309,0.0270266001527874,-0.313777752943058,-0.0188946384267747,5,0,0,0.999123450623938
"Sst-10","LONP2",-0.0217733464368849,0.0887383843721441,0.806173366473243,-0.195697383852559,0.152150690978789,5,0.0142950498079206,37.181718021415,0.999123450623938
"Sst-10","TSPYL2",-0.101356222579118,0.0771722850743416,0.189056300211352,-0.252611121929485,0.0498986767712498,5,0,0,0.999123450623938
"Sst-10","HELZ",0.02285473173849,0.0706508792743458,0.746325478574592,-0.115618447115315,0.161327910592295,5,0.000685975699615518,2.28838788403734,0.999123450623938
"Sst-10","ANKH",0.0796774790744153,0.100424176138618,0.427539372173623,-0.117150289334383,0.276505247483213,5,0.0157518666810678,31.4345370550567,0.999123450623938
"Sst-10","SLC9A9",0.0457853302606737,0.116201181120412,0.693567919719594,-0.18196479969635,0.273535460217697,5,0.021251802264603,31.4988118476177,0.999123450623938
"Sst-10","MNAT1",-0.0115429566676543,0.0670189277674283,0.863253350216188,-0.142897641374305,0.119811728038997,5,0,0,0.999123450623938
"Sst-10","REEP1",-0.0889266294790612,0.0832601782249235,0.285494728755784,-0.252113580146297,0.0742603211881748,5,0,0,0.999123450623938
"Sst-10","N4BP2L1",-0.0584979712420352,0.0844737466538711,0.488624116552763,-0.224063472322784,0.107067529838713,5,0,0,0.999123450623938
"Sst-10","PKIA",0.110272161821082,0.17814312515661,0.535910562821493,-0.238881947579285,0.459426271221449,5,0.114112041486305,76.7461927324946,0.999123450623938
"Sst-10","SLC4A8",-0.138660169986768,0.123495634765816,0.261524952082388,-0.38070716637568,0.103386826402143,5,0.0426532713578257,58.8668591832188,0.999123450623938
"Sst-10","ATRN",0.0612281120984738,0.105231172520607,0.560671854809351,-0.145021196092836,0.267477420289783,5,0.0221321962419354,40.9347073255729,0.999123450623938
"Sst-10","DCAF10",0.0850052917581102,0.0807663547123394,0.292577572007181,-0.073293854640662,0.243304438156882,5,0,0,0.999123450623938
"Sst-10","SCN3B",0.043756301478601,0.112478870312188,0.697262855334635,-0.17669823335504,0.264210836312242,5,0.0214991998635357,34.5031478536508,0.999123450623938
"Sst-10","NQO2",0.145580076579856,0.0897977515866746,0.10497484420904,-0.0304202824227007,0.321580435582413,5,0,0,0.999123450623938
"Sst-10","CHM",0.0717406716087789,0.0755853507345998,0.342552158960983,-0.0764038935898649,0.219885236807423,5,0,0,0.999123450623938
"Sst-10","CAPN7",-0.00899320928016793,0.0752145989916977,0.904825895612185,-0.156411114415518,0.138424695855182,5,0,0,0.999123450623938
"Sst-10","ADD1",0.0827770693145989,0.0674294532944373,0.219593416352304,-0.0493822306397239,0.214936369268922,5,0,0,0.999123450623938
"Sst-10","ELF2",0.0248878552153571,0.123866280553654,0.840757075253641,-0.217885593568738,0.267661303999453,5,0.0387170588512257,53.1845614639776,0.999123450623938
"Sst-10","ZNF248",-0.0168865739570519,0.0834779338395007,0.839691677343471,-0.180500317786291,0.146727169872187,5,0,0,0.999123450623938
"Sst-10","PAM",0.117505176623058,0.0567041157971965,0.0382420132427801,0.00636715188536387,0.228643201360752,5,0,0,0.999123450623938
"Sst-10","UBE3C",0.0197082324207412,0.0740791696191444,0.790206218558655,-0.125484272037416,0.164900736878898,5,0,0,0.999123450623938
"Sst-10","GRIK2",0.0750118722770138,0.0558623764607917,0.179337478800963,-0.034476373676956,0.184500118230984,5,0.000492016398072471,2.98412605556524,0.999123450623938
"Sst-10","UBE2K",-0.00574491455849064,0.0689654522669057,0.933611935168619,-0.140914717179142,0.129424888062161,5,0,0,0.999123450623938
"Sst-10","RCAN2",-0.0366101247801479,0.0687756807802551,0.594509876150714,-0.171407982121672,0.0981877325613758,5,0,0,0.999123450623938
"Sst-10","MTR",0.180906368810448,0.0991803901703209,0.0681500340612637,-0.0134836238960112,0.375296361516908,5,0.0171966247663169,35.9273374378073,0.999123450623938
"Sst-10","ALDH1A2",-0.146218525552509,0.207218613161663,0.480421698316417,-0.552359544275706,0.259922493170689,5,0.120564063556986,56.7669825305973,0.999123450623938
"Sst-10","DIP2C",-0.0423715563917197,0.0731779475378122,0.562575113860331,-0.185797698028393,0.101054585244954,5,0.00891985019789437,34.2351416796056,0.999123450623938
"Sst-10","EPB41L1",0.064733393838434,0.092616161632228,0.484587815498867,-0.116790947347073,0.246257735023941,5,0.0143150537221491,34.0715257832936,0.999123450623938
"Sst-10","YEATS2",0.0666798458593119,0.0703551593203566,0.343251358174738,-0.0712137325351646,0.204573424253788,5,6.48685965734643e-07,0.00216261093697632,0.999123450623938
"Sst-10","NBAS",0.0824216382457866,0.0607137523369836,0.174608171468263,-0.0365751297009858,0.201418406192559,5,2.10295635814899e-06,0.0103395852966663,0.999123450623938
"Sst-10","HIBCH",0.102974006314325,0.180969974220379,0.569348298811127,-0.251720625440759,0.45766863806941,5,0.0881671226808753,55.1890003202894,0.999123450623938
"Sst-10","SPECC1",0.0737734459295418,0.0698994216572315,0.291231982773301,-0.063226903058811,0.210773794917895,5,0,0,0.999123450623938
"Sst-10","ORC4",0.0883865924213888,0.0833045148042059,0.288687161415546,-0.0748872563444385,0.251660441187216,5,0,0,0.999123450623938
"Sst-10","NEK10",-0.0776089520384629,0.105294805367493,0.461083767506693,-0.283982978317904,0.128765074240978,5,0.0185282504853148,33.7978568096823,0.999123450623938
"Sst-10","SHC3",-0.191445190277792,0.132808222088615,0.149438932367619,-0.451744522422274,0.0688541418666893,5,0,0,0.999123450623938
"Sst-10","ME3",0.0390467579759795,0.0633710421140519,0.537788335293915,-0.0851582022303333,0.163251718182292,5,0,0,0.999123450623938
"Sst-10","AP2B1",0.0306698707322405,0.0675334396827754,0.649725566420726,-0.101693238798107,0.163032980262588,5,0,0,0.999123450623938
"Sst-10","XRCC5",0.00359485054001584,0.101000876297496,0.971607471428179,-0.194363229410062,0.201552930490094,5,0.0187192091069173,37.5503829006215,0.999123450623938
"Sst-10","SYNJ1",-0.0544113404974059,0.0728011431446773,0.454824084100531,-0.197098959094318,0.0882762780995067,5,0,0,0.999123450623938
"Sst-10","RGS7BP",-0.0112372824806851,0.0705530997063594,0.873452914041713,-0.149518816902813,0.127044251941443,5,2.03865464295396e-06,0.00728876177496032,0.999123450623938
"Sst-10","AGO3",-0.0283311432674092,0.0693801025157951,0.683019080515278,-0.164313645442064,0.107651358907246,5,0,0,0.999123450623938
"Sst-10","TBC1D22A",0.110587717762375,0.0822627768533856,0.17884406023153,-0.0506443621385156,0.271819797663266,5,0.00378302108357559,10.8257786973826,0.999123450623938
"Sst-10","MXI1",0.06297960206594,0.0961155202572773,0.512307427123132,-0.125403355993653,0.251362560125533,5,0.012531907114001,27.0493307446172,0.999123450623938
"Sst-10","FAM120B",0.122340926790842,0.0926314974732854,0.186592382672494,-0.0592134720908106,0.303895325672494,5,0.0103775962795741,23.7379247988852,0.999123450623938
"Sst-10","VPS13A",-0.0406482755435299,0.0810769317363331,0.616121734020618,-0.199556141723755,0.118259590636695,5,0,0,0.999123450623938
"Sst-10","MTMR7",-0.0120008184712743,0.0747135455720019,0.872389235566165,-0.15843667694969,0.134435040007141,5,0,0,0.999123450623938
"Sst-10","CDH2",0.109926828100935,0.148454040620296,0.459010507995071,-0.181037744874293,0.400891401076162,5,0.075486174013296,70.3486179574283,0.999123450623938
"Sst-10","MAN1A1",0.0131414680272906,0.104208696726311,0.899647060090266,-0.191103824432136,0.217386760486717,5,0,0,0.999123450623938
"Sst-10","DNAJB14",0.0158065305261772,0.0705766319190188,0.822786354822922,-0.12252112618524,0.154134187237594,5,0,0,0.999123450623938
"Sst-10","YTHDC2",0.00410593747546947,0.0639592023797665,0.948814006506836,-0.121251795668781,0.12946367061972,5,0,0,0.999123450623938
"Sst-10","FAM66D",0.0676770605302617,0.170545667973777,0.691495321053232,-0.266586306417668,0.401940427478191,5,0.0829897090037532,59.9774943353573,0.999123450623938
"Sst-10","SIK2",0.0336749061521491,0.104806491387041,0.747978859655611,-0.171742042312458,0.239091854616756,5,0.0150552906200443,27.3504202199891,0.999123450623938
"Sst-10","GMDS",-0.140792194757649,0.0759118072234112,0.0636417780665551,-0.289576602916882,0.00799221340158465,5,2.94651899327518e-07,0.000898209032814876,0.999123450623938
"Sst-10","GALNT7",-0.133869297650293,0.1194127844671,0.262260892525884,-0.367914054499453,0.100175459198867,5,0.0317174282705603,45.8985820458566,0.999123450623938
"Sst-10","NCOR1",0.0288701154800989,0.0670578436998795,0.666813380271788,-0.102560843052581,0.160301074012779,5,0,0,0.999123450623938
"Sst-10","YWHAZ",0.0242006323110888,0.081953026518839,0.76776561520233,-0.136424348089892,0.184825612712069,5,0,0,0.999123450623938
"Sst-10","SCAI",-0.0121190747334465,0.0644880782942924,0.850933589456644,-0.138513385622459,0.114275236155566,5,0,0,0.999123450623938
"Sst-10","RNF216",0.0600292354492444,0.0776354633090405,0.439392629894456,-0.0921334765595558,0.212191947458045,5,0,0,0.999123450623938
"Sst-10","PDXDC1",-0.0580493711412269,0.0943923100892093,0.538568010562964,-0.243054899333614,0.12695615705116,5,0,0,0.999123450623938
"Sst-10","TENM4",0.0240595750404939,0.0691887280399631,0.728036682907398,-0.11154784005397,0.159666990134958,5,0,0,0.999123450623938
"Sst-10","FNDC3A",0.0271955670068453,0.0737964769698416,0.712484632744136,-0.117442870039984,0.171834004053674,5,0.000696206556148802,2.34959658662012,0.999123450623938
"Sst-10","CSPP1",0.0659495898919692,0.0652699988611901,0.312297942454961,-0.0619772571469338,0.193876436930872,5,0,0,0.999123450623938
"Sst-10","SERGEF",-0.0428832509908529,0.0859280886267989,0.617737287237107,-0.211299209959745,0.125532707978039,5,0.00982856716531512,26.325332816321,0.999123450623938
"Sst-10","DIP2B",0.139203543418105,0.0774381407997014,0.0722388998373956,-0.0125724235790516,0.290979510415261,5,0,0,0.999123450623938
"Sst-10","TMEM178B",0.102744980979496,0.0536970887828255,0.0556945505343841,-0.00249937910949162,0.207989341068484,5,0.00161229862725817,10.6623693672462,0.999123450623938
"Sst-10","UBR5",0.0699024241416201,0.0737835187545025,0.34343555395794,-0.0747106152698403,0.214515463553081,5,0.00681452558395485,24.5196354467865,0.999123450623938
"Sst-10","TMEM130",-0.0929124443191569,0.0756955910274526,0.219654043900713,-0.241273076521437,0.0554481878831235,5,0,0,0.999123450623938
"Sst-10","TRAPPC9",-0.265145713901988,0.0768711880047141,0.000562206427188593,-0.415810473840035,-0.114480953963941,5,0,0,0.263934294240922
"Sst-10","HP1BP3",0.0198343157026467,0.114324150261725,0.862264782807789,-0.20423690137348,0.243905532778773,5,0.0310405029441884,48.5864182202539,0.999123450623938
"Sst-10","POGZ",0.00793791752088708,0.0673276764165131,0.906147076000155,-0.124021903418245,0.13989773846002,5,0,0,0.999123450623938
"Sst-10","SLC23A2",-0.0494592715651983,0.0639421474390811,0.439226338889293,-0.174783577639947,0.0758650345095506,5,0,0,0.999123450623938
"Sst-10","PPIP5K2",-0.0638107571867525,0.0762814534493631,0.402863935837617,-0.213319658635873,0.0856981442623679,5,0,0,0.999123450623938
"Sst-10","ATP6V1A",-0.053923044413328,0.102981664018903,0.600544317052805,-0.255763396958382,0.147917308131726,5,0.0190908595894035,36.4838182551784,0.999123450623938
"Sst-10","FBXO11",-0.033437683874203,0.0634572791186064,0.598240670056303,-0.157811665503577,0.0909362977551711,5,0,0,0.999123450623938
"Sst-10","TMTC2",0.0302828113098244,0.081286611695976,0.709488116282965,-0.129036020039581,0.18960164265923,5,0,0,0.999123450623938
"Sst-10","ASH1L",0.0139020878015826,0.0537122363427992,0.795770005880544,-0.0913719609594072,0.119176136562572,5,0,0,0.999123450623938
"Sst-10","ANKS1A",-0.134871316572496,0.0755390134410728,0.0741879576587639,-0.282925062344686,0.0131824291996935,5,0,0,0.999123450623938
"Sst-10","SEZ6L",0.137819870128503,0.181625378927613,0.447963863107814,-0.218159331248058,0.493799071505065,5,0.0941400698654439,58.9755744121072,0.999123450623938
"Sst-10","CNTN1",0.0715031279713592,0.0888462037840522,0.420937029948448,-0.102632231608489,0.245638487551208,5,0.0180226167114111,46.7013971709174,0.999123450623938
"Sst-10","LRFN2",-0.0165576543817614,0.0964774584099689,0.86373471045845,-0.205649998185261,0.172534689421739,5,0.0099925437067423,21.0104410880242,0.999123450623938
"Sst-10","PACRG",0.085880502579179,0.0946352154922667,0.364147786245327,-0.0996011114548508,0.271362116613209,5,0.0135047068714256,30.213748121191,0.999123450623938
"Sst-10","KIF1A",0.0378969197166851,0.10088719869569,0.707187111078549,-0.159838356228004,0.235632195661374,5,0.0223522237881053,45.8097525576675,0.999123450623938
"Sst-10","ATP2B1",-0.0547164884654287,0.0563516833703152,0.331557080933378,-0.165163758339451,0.0557307814085938,5,0,0,0.999123450623938
"Sst-10","PPP2R5C",0.109804706754238,0.0687263108391289,0.110107555970861,-0.0248963872807598,0.244505800789235,5,0,0,0.999123450623938
"Sst-10","SERPINI1",0.123527914799387,0.0827781968943116,0.135626811281606,-0.0387143698186296,0.285770199417403,5,0.00962010370000851,27.9931333889282,0.999123450623938
"Sst-10","PHC3",0.044783932558219,0.0919531457712077,0.626237133086228,-0.13544092141851,0.225008786534948,5,0.0139463202555111,33.5164252124717,0.999123450623938
"Sst-10","CCNI",-0.0968631830348206,0.138021882554228,0.482806493335614,-0.367381101919524,0.173654735849883,5,0.0545161119250506,58.5811318650957,0.999123450623938
"Sst-10","PIK3CB",-0.119249342915709,0.074675038580663,0.110285689617279,-0.265609729077947,0.0271110432465295,5,0,0,0.999123450623938
"Sst-10","PDE1C",-0.1510590646927,0.105379104324491,0.151720097404455,-0.35759831389179,0.0554801845063908,5,0,0,0.999123450623938
"Sst-10","LARP1B",-0.0881951715204081,0.0749732255053407,0.239452817790497,-0.235139993315676,0.0587496502748594,5,0,0,0.999123450623938
"Sst-10","GLCCI1",0.0693487867012837,0.0857754533033259,0.418807282699034,-0.0987680125308323,0.2374655859334,5,0,0,0.999123450623938
"Sst-10","ROBO1",-0.123635613986794,0.127151134814428,0.330875643558345,-0.372847258816469,0.125576030842882,5,0.0576796782285272,75.214647413429,0.999123450623938
"Sst-10","PHACTR3",-0.0250125864883479,0.0821212361693582,0.760685123335391,-0.185967251746198,0.135942078769502,5,0.00531799275264044,15.4785505209088,0.999123450623938
"Sst-10","WSB1",-0.349292290327709,0.0844784778829723,3.55434592089085e-05,-0.514867064447098,-0.18371751620832,5,0,0,0.115833330200111
"Sst-10","TIMP2",-0.104325390305066,0.0816536873624885,0.201370457580147,-0.264363676740437,0.0557128961303048,5,0,0,0.999123450623938
"Sst-10","TTC7B",0.035043760130084,0.0715839534265844,0.624453989273745,-0.105258210457014,0.175345730717182,5,0,0,0.999123450623938
"Sst-10","ACSL3",-0.0276723923671364,0.0754442137108187,0.713773598678654,-0.175540334082284,0.120195549348011,5,0,0,0.999123450623938
"Sst-10","PRICKLE1",-0.0679875501125645,0.0798162284714643,0.394324503376223,-0.224424483298455,0.0884493830733259,5,0,0,0.999123450623938
"Sst-10","TRIP12",0.0130588445959681,0.0740643362545809,0.860044450876484,-0.132104587001875,0.158222276193811,5,0.00222219997087728,7.38116703451905,0.999123450623938
"Sst-10","PPP4R4",0.0289447517630888,0.0767279531766145,0.705996237703603,-0.121439273070551,0.179328776596729,5,0,0,0.999123450623938
"Sst-10","FBXW7",-0.0983610855419971,0.087138755053894,0.258987738435462,-0.269149907105287,0.0724277360212928,5,0,0,0.999123450623938
"Sst-10","TLN2",0.0380521410971138,0.0541869074301576,0.482530341595851,-0.0681522458996008,0.144256528093828,5,0,0,0.999123450623938
"Sst-10","TJP1",0.0691090818075604,0.0622849217485203,0.267187125256013,-0.052967121599435,0.191185285214556,5,0,0,0.999123450623938
"Sst-10","SRGAP2",0.0195294439633307,0.0751706766970436,0.795017002607581,-0.127802375056379,0.16686126298304,5,0,0,0.999123450623938
"Sst-10","TRA2A",-0.0371972740202339,0.148315995066559,0.80197070973108,-0.32789128268191,0.253496734641442,5,0.0789395907306605,74.7888803645037,0.999123450623938
"Sst-10","FAM110B",0.0446507054865746,0.0902384651079724,0.620735726814449,-0.132213436145226,0.221514847118375,5,0.005047921987768,12.072124659984,0.999123450623938
"Sst-10","RPS6KA3",0.179918419090698,0.0808547057862445,0.0260673768617445,0.0214461077690767,0.33839073041232,5,0,0,0.999123450623938
"Sst-10","MYH10",0.02528195694177,0.0648960595134861,0.696849991821653,-0.101911982443231,0.152475896326771,5,0,0,0.999123450623938
"Sst-10","NRG2",-0.0066087052023389,0.0774701228749566,0.932017722423318,-0.158447355915146,0.145229945510469,5,0,0,0.999123450623938
"Sst-10","MDGA2",-0.0483677866334037,0.0586912881096486,0.409879873783303,-0.163400597534579,0.0666650242677715,5,0,0,0.999123450623938
"Sst-10","G3BP2",-0.0981281994326406,0.0827354167265835,0.2356032301824,-0.260286636462657,0.0640302375973759,5,0,0,0.999123450623938
"Sst-10","PATJ",-0.105858783028874,0.0746212784740462,0.156011610609206,-0.252113801318339,0.0403962352605902,5,0,0,0.999123450623938
"Sst-10","NEBL",0.0997116930155907,0.0753647796088756,0.185817332825748,-0.0480005607206041,0.247423946751786,5,0.0109540396791266,39.6907582842311,0.999123450623938
"Sst-10","KIAA0232",-0.0381157984480505,0.0676626960812237,0.573216513710711,-0.170732245864128,0.0945006489680275,5,0,0,0.999123450623938
"Sst-10","LPP",-0.0315726372862317,0.138900068334287,0.820186824710883,-0.303811768671587,0.240666494099124,5,0.0529633914384725,55.5810609680402,0.999123450623938
"Sst-10","WWOX",-0.114360253078559,0.0693026191613498,0.0989106787091319,-0.2501908906691,0.021470384511982,5,0,0,0.999123450623938
"Sst-10","PIBF1",0.0426850779178984,0.0737704016948016,0.562845166727274,-0.101902252528965,0.187272408364762,5,0,0,0.999123450623938
"Sst-10","RTN1",-0.0238821692248807,0.090509676215106,0.791885363507246,-0.20127787485887,0.153513536409109,5,0.0239895021921774,60.1561964695161,0.999123450623938
"Sst-10","ATG7",0.0869641077183078,0.0967253507789036,0.368608512069864,-0.102614096200346,0.276542311636962,5,0.0204318263340257,45.0276553440753,0.999123450623938
"Sst-10","SRGAP3",0.0115595981105699,0.0553958672588103,0.834703852974844,-0.0970143066090599,0.1201335028302,5,0,0,0.999123450623938
"Sst-10","RTN4",-0.0890258218747294,0.0704224575694244,0.20616971070031,-0.227051302413601,0.0489996586641426,5,0.00892686599449437,37.0250353016775,0.999123450623938
"Sst-10","SYBU",0.0169584862103434,0.0700367426777106,0.808674015316908,-0.120311007032469,0.154227979453156,5,0.0012487280443199,4.77878970557159,0.999123450623938
"Sst-10","GHR",0.324824046628678,0.0899089726233057,0.000302896506312314,0.148605698400001,0.501042394857354,5,6.27348402224775e-07,0.00123292364508549,0.250904459925137
"Sst-10","ABLIM1",-0.0892730303663055,0.0558244496667524,0.1097818586127,-0.198686941169909,0.0201408804372981,5,0,0,0.999123450623938
"Sst-10","CACNA1C",0.0197766343231517,0.0529285846787918,0.70866657573319,-0.0839614853999588,0.123514754046262,5,0,0,0.999123450623938
"Sst-10","CLTC",0.038782388110823,0.121040487171895,0.748658763160631,-0.198452607417274,0.27601738363892,5,0.0401964430991719,57.7576189883112,0.999123450623938
"Sst-10","ENO2",-0.0959681628557408,0.0881541067755142,0.276312289614294,-0.268747037225047,0.0768107115135654,5,0,0,0.999123450623938
"Sst-10","PTPRJ",-0.0194469804129931,0.069455511220178,0.779483720852973,-0.15557728093236,0.116683320106373,5,0,0,0.999123450623938
"Sst-10","HIVEP3",0.016909651509068,0.0661166422183675,0.798140143779934,-0.112676586017653,0.146495889035789,5,0,0,0.999123450623938
"Sst-10","VPS50",0.0408108354228876,0.077508804303845,0.598518896165438,-0.111103629497412,0.192725300343187,5,0,0,0.999123450623938
"Sst-10","PRKG2",-0.143008226437507,0.111523438695002,0.199732016735871,-0.361590149711772,0.0755736968367571,5,0.0258231291072091,42.8959504757956,0.999123450623938
"Sst-10","KHDRBS3",-0.0130847619842778,0.0715131381094816,0.85482152368924,-0.153247937100301,0.127078413131745,5,0,0,0.999123450623938
"Sst-10","BCL11A",-0.0497182391348307,0.116729637203254,0.670161446093665,-0.278504123981636,0.179067645711974,5,0.0296480443652973,43.9610123357708,0.999123450623938
"Sst-10","NHS",-0.00268976210160473,0.0769357867368731,0.972110735058061,-0.15348113322813,0.148101609024921,5,0,0,0.999123450623938
"Sst-10","ATE1",0.0621192487592306,0.0670002216334507,0.353848711030235,-0.0691987725985341,0.193437270116995,5,0,0,0.999123450623938
"Sst-10","ITM2B",-0.0312919505801854,0.117465978537688,0.789937629797066,-0.261521037922809,0.198937136762438,5,0.0301908009357812,44.5669602509523,0.999123450623938
"Sst-10","ANKS1B",0.0531383485790678,0.0615999123957316,0.388337214942278,-0.0675952611673886,0.173871958325524,5,0.00808179536296666,44.127356944814,0.999123450623938
"Sst-10","MEF2A",0.0786691596436161,0.0784727985028426,0.316101064535437,-0.0751346991880241,0.232473018475256,5,0.00635500506199007,19.390266921783,0.999123450623938
"Sst-10","LRCH1",0.0764730925964067,0.069026902336665,0.267916347117028,-0.0588171499478204,0.211763335140634,5,0,0,0.999123450623938
"Sst-10","L3MBTL4",0.0819947892563105,0.0639196490669884,0.199569481878233,-0.043285420819426,0.207274999332047,5,0,0,0.999123450623938
"Sst-10","LRRFIP2",-0.0610531466972101,0.0652605957125346,0.349516006940934,-0.188961563903407,0.0668552705089867,5,0,0,0.999123450623938
"Sst-10","ARHGEF7",0.0467723716322861,0.0853582225314658,0.583723551771277,-0.120526670313742,0.214071413578314,5,0.0139166806586331,39.1791903540447,0.999123450623938
"Sst-10","ZNF609",0.032625453310433,0.0710334340530345,0.646020799206921,-0.106597519131716,0.171848425752582,5,0,0,0.999123450623938
"Sst-10","CRB1",0.123468162154072,0.0793057381950945,0.119503037652078,-0.0319682284756755,0.27890455278382,5,0,0,0.999123450623938
"Sst-10","ESYT2",0.0568110596616422,0.0916973691645819,0.53555441990972,-0.122912481378012,0.236534600701296,5,0.0153851342959013,37.7512886367871,0.999123450623938
"Sst-10","ASAP1",0.0497050124272091,0.0625698993605447,0.426967400137186,-0.0729297368357543,0.172339761690173,5,0,0,0.999123450623938
"Sst-10","PITPNC1",-0.145725868128814,0.0859150020230066,0.0898549700878186,-0.314116177825593,0.0226644415679648,5,0,0,0.999123450623938
"Sst-10","FUT8",-0.00618490769162001,0.0720361340681426,0.931578976057202,-0.147373136050678,0.135003320667438,5,0,0,0.999123450623938
"Sst-10","USP33",0.0532282604157316,0.127511751242717,0.676358007549539,-0.196690179625625,0.303146700457088,5,0.0527879940740139,67.5001863530825,0.999123450623938
"Sst-10","OLA1",-0.0181373260682765,0.0716717424852903,0.800221040662516,-0.158611360048675,0.122336707912122,5,0,0,0.999123450623938
"Sst-10","RPS6KA2",0.019722886915362,0.0643996859388839,0.759408594366603,-0.106498178140541,0.145943951971265,5,0.00504031851366507,24.226783003774,0.999123450623938
"Sst-10","ANO5",-0.025854743850846,0.0805676345525068,0.748280624954442,-0.183764405893344,0.132054918191652,5,0.00647077918250075,18.84915380203,0.999123450623938
"Sst-10","ENSA",0.0511646577000265,0.0779038373564935,0.511330843949465,-0.101524057776167,0.20385337317622,5,4.31172251321359e-06,0.0130099467274696,0.999123450623938
"Sst-10","MGAT5",0.105870640231639,0.0768247963494031,0.16817889161882,-0.044703193732815,0.256444474196094,5,0,0,0.999123450623938
"Sst-10","BICC1",0.222979353956551,0.111231328870837,0.0450009865589117,0.00496995541717948,0.440988752495922,5,0.0107645921586839,17.2120723455325,0.999123450623938
"Sst-10","INO80D",-0.00700635003306158,0.0911290455105218,0.938715961345877,-0.185615997179196,0.171603297113073,5,0,0,0.999123450623938
"Sst-10","CACNA1B",0.059948893042715,0.0525611883204216,0.254055414833092,-0.0430691430499386,0.162966929135369,5,0,0,0.999123450623938
"Sst-10","MITF",0.111818045681948,0.0697440239463121,0.108876498406476,-0.0248777293897232,0.248513820753619,5,0,0,0.999123450623938
"Sst-10","DCC",0.180498486002013,0.104672699594507,0.0846341360594061,-0.0246562353678021,0.385653207371827,5,0,0,0.999123450623938
"Sst-10","BTRC",0.00241742355584777,0.0696678831617119,0.972319555993996,-0.134129118320252,0.138963965431947,5,0,0,0.999123450623938
"Sst-10","SIK3",-0.162183700992387,0.0594456181453604,0.00636674578328877,-0.278694971596014,-0.0456724303887603,5,0,0,0.692910529236805
"Sst-10","CAMK4",0.0337086939773454,0.09474915751131,0.722014507517217,-0.151996242310335,0.219413630265026,5,0.0036795355908615,7.82578515860198,0.999123450623938
"Sst-10","FYN",-0.0237352094073989,0.0863271239044397,0.783358508810118,-0.192933263149027,0.14546284433423,5,0.0097685944543627,26.0819533897574,0.999123450623938
"Sst-10","UGGT2",0.0199892286343192,0.0754964557006828,0.791186321719567,-0.127981105499443,0.167959562768081,5,0,0,0.999123450623938
"Sst-10","GABBR2",0.0462906526993883,0.0580273409382082,0.425022169103991,-0.0674408456581263,0.160022151056903,5,0.000164437081161352,0.903000870914712,0.999123450623938
"Sst-10","MSRA",0.153298041990939,0.0944201081743067,0.104466737189956,-0.0317619694470783,0.338358053428956,5,0.014824447166984,33.5722727704611,0.999123450623938
"Sst-10","GABRB3",-0.00280101462878558,0.0628094714188409,0.964429794978846,-0.125905316497712,0.12030328724014,5,0,0,0.999123450623938
"Sst-10","SERINC1",-0.199743547306196,0.0732971014093573,0.0064277721166596,-0.343403226239716,-0.0560838683726753,5,0,0,0.692910529236805
"Sst-10","NR6A1",0.0924691656028982,0.123445725303903,0.453816596808252,-0.149480010038177,0.334418341243973,5,0.0331851356439342,44.4778498420881,0.999123450623938
"Sst-10","INPP4A",0.0870624732436888,0.0649327147888897,0.179981948935147,-0.0402033091609464,0.214328255648324,5,0,0,0.999123450623938
"Sst-10","HNRNPA2B1",-0.0131962115808847,0.0894918907702701,0.882771266141558,-0.188597094399007,0.162204671237237,5,0.0123641175407737,31.2952626772625,0.999123450623938
"Sst-10","ANKRD28",0.0361385393059198,0.0698832586723132,0.605067313080295,-0.10083013081411,0.17310720942595,5,0,0,0.999123450623938
"Sst-10","ENOX1",0.0016096796679542,0.0593749660327526,0.978371671900303,-0.11476311533953,0.117982474675438,5,1.9819576752069e-06,0.0105344361959972,0.999123450623938
"Sst-10","PDE4D",0.0472999393984963,0.0488787150447448,0.333194148121782,-0.0485005816997996,0.143100460496792,5,8.30329268605461e-05,0.603964580171826,0.999123450623938
"Sst-10","HDAC9",-0.092129743847331,0.100875990059727,0.361086334965567,-0.289843051269217,0.105583563574555,5,0.0045716307561332,8.84482426095635,0.999123450623938
"Sst-10","PARM1",0.124750639886955,0.152321393807514,0.412788592206038,-0.173793806050714,0.423295085824624,5,0.074218992715419,65.6127922188821,0.999123450623938
"Sst-10","MYO6",-0.0229253595912637,0.0770082175848251,0.765932012428668,-0.173858692571145,0.128007973388618,5,0.00353602634984076,11.1692151843027,0.999123450623938
"Sst-10","GRID1",-0.00400538740168072,0.0828552716205434,0.961443703078137,-0.166398735707229,0.158387960903868,5,0.0140943646905274,42.1943723144698,0.999123450623938
"Sst-10","KIAA1328",-0.0617438566891824,0.118710913391282,0.60298031279612,-0.294412971507949,0.170925258129584,5,0.036095351344678,53.6522001917941,0.999123450623938
"Sst-10","ICA1L",0.085335414065665,0.0699219635401545,0.222298918860982,-0.0517091162013607,0.222379944332691,5,0,0,0.999123450623938
"Sst-10","TTC17",0.126430603733671,0.0658851503329631,0.0549900961940665,-0.00270191803494393,0.255563125502286,5,0,0,0.999123450623938
"Sst-10","GRK3",0.0179295794827833,0.0829437813016952,0.828858786829617,-0.144637244610106,0.180496403575673,5,0,0,0.999123450623938
"Sst-10","UBR1",0.0214440192656213,0.0648744709232756,0.740987180119066,-0.10570760726009,0.148595645791332,5,0,0,0.999123450623938
"Sst-10","PKD2",-0.0256524145176811,0.0804218474454284,0.749746830794701,-0.183276339080895,0.131971510045533,5,0.00383593467427679,11.3709149343606,0.999123450623938
"Sst-10","PSPC1",0.00495167036810496,0.0688753617969209,0.942686899265555,-0.130041558176026,0.139944898912236,5,0,0,0.999123450623938
"Sst-10","AFF3",0.0117241090074695,0.0611367393899442,0.847923441270267,-0.108101698329033,0.131549916343971,5,0,0,0.999123450623938
"Sst-10","NAV1",0.072719843526409,0.0709515492437915,0.305399728562851,-0.0663426376387425,0.21178232469156,5,0.00211105686898656,7.41908806286197,0.999123450623938
"Sst-10","ARNT2",-0.0115743276446637,0.0525460501168893,0.825660746788591,-0.114562693403604,0.0914140381142761,5,0,0,0.999123450623938
"Sst-10","HUNK",-0.030199230195693,0.0996101662107453,0.761757126986182,-0.225431568462802,0.165033108071416,5,9.55424118183439e-07,0.00166538860617604,0.999123450623938
"Sst-10","GALNTL6",0.00879501870249019,0.0616455689059466,0.886550229332775,-0.112028076159647,0.129618113564628,5,0,0,0.999123450623938
"Sst-10","EXOC6",-0.00751820016948851,0.0761203903811671,0.921323087231923,-0.156711423805705,0.141675023466728,5,0,0,0.999123450623938
"Sst-10","PDS5A",-0.0181176159528921,0.070236602104334,0.796444567946588,-0.155778826473857,0.119543594568073,5,0,0,0.999123450623938
"Sst-10","ABAT",0.0531459575306027,0.077061172398467,0.490408439185479,-0.0978911649768246,0.20418308003803,5,0.00419383607964003,13.0747076303894,0.999123450623938
"Sst-10","FBN1",0.06389006327814,0.0680575236052906,0.347851094557301,-0.0695002318652141,0.197280358421494,5,0,0,0.999123450623938
"Sst-10","PAK5",0.0941246607014744,0.0745155544120239,0.206533647346768,-0.0519231422341271,0.240172463637076,5,0,0,0.999123450623938
"Sst-10","PLPPR1",0.0238892060186066,0.145838615639928,0.869884053079399,-0.261949228190833,0.309727640228046,5,0.0714530880140984,69.8693540991877,0.999123450623938
"Sst-10","AMPH",0.0159978516865354,0.0825877990895701,0.846405150329666,-0.145871260091452,0.177866963464523,5,0.0122513568270227,36.6713192065128,0.999123450623938
"Sst-10","PIK3C3",-0.00673062783254107,0.0670263386322716,0.920012752954158,-0.138099837567379,0.124638581902297,5,0,0,0.999123450623938
"Sst-10","HSPH1",0.0533431789474175,0.268811905681226,0.842700403976499,-0.473518474803364,0.580204832698199,5,0.261652099060181,76.8827510345161,0.999123450623938
"Sst-10","PJA2",-0.0685677784903171,0.0687218894399659,0.31839697829546,-0.203260206742194,0.0661246497615595,5,0,0,0.999123450623938
"Sst-10","SPIN1",-0.00362554233324854,0.101271632248226,0.971441692140476,-0.202114294195356,0.194863209528859,5,0.025474715487721,52.100010075739,0.999123450623938
"Sst-10","NDFIP1",-0.0264472102081383,0.0640214108444801,0.679533745499374,-0.151926869702761,0.0990324492864847,5,0,0,0.999123450623938
"Sst-10","APBA2",-0.111308329518588,0.0978983548165783,0.255547252700171,-0.303185579104804,0.080568920067629,5,0.0180273612502759,38.2397345445786,0.999123450623938
"Sst-10","FBXL20",-0.0304122785292819,0.0653000920100634,0.641408044857248,-0.158398107056158,0.0975735499975941,5,4.44265347236329e-06,0.0178117891826903,0.999123450623938
"Sst-10","ADAMTSL3",-0.0771949212840009,0.0913583471295022,0.398128452683712,-0.256253991344933,0.101864148776932,5,0.00451292543595045,9.53500022786227,0.999123450623938
"Sst-10","LUC7L3",-0.00752112100305326,0.0859490684748017,0.930268744748732,-0.175978199718432,0.160935957712325,5,0.0153873610219511,43.3006007672459,0.999123450623938
"Sst-10","WNK1",0.013974421361451,0.0627262298902622,0.823703361129853,-0.108966730109443,0.136915572832345,5,0,0,0.999123450623938
"Sst-10","BICD1",0.0389118182960878,0.0591059967357556,0.510319936904597,-0.0769338065763352,0.154757443168511,5,0,0,0.999123450623938
"Sst-10","MPHOSPH8",0.0686206477816543,0.0665034860535924,0.30214925627622,-0.0617237897297486,0.198965085293057,5,0,0,0.999123450623938
"Sst-10","TSHZ3",0.0435281625883334,0.0887296832563278,0.623730275227655,-0.130378820953716,0.217435146130383,5,0.0112822582191692,28.5911773095122,0.999123450623938
"Sst-10","MAP4K5",-0.0537332701983766,0.0691458281215225,0.437099371581283,-0.189256602997757,0.0817900626010043,5,0,0,0.999123450623938
"Sst-10","ACACA",-0.0426356283730703,0.0680594973826016,0.531022171272632,-0.176029792048867,0.0907585353027269,5,0,0,0.999123450623938
"Sst-10","KIAA1217",0.0268257166879161,0.0481387021188607,0.577350602006987,-0.0675244057275528,0.121175839103385,5,0,0,0.999123450623938
"Sst-10","EVL",0.0758771704318022,0.0573571925981806,0.185872460514332,-0.0365408613149592,0.188295202178564,5,0,0,0.999123450623938
"Sst-10","TMEM132D",-0.0173186173437508,0.0958444297861557,0.856606917239719,-0.205170247843394,0.170533013155892,5,0,0,0.999123450623938
"Sst-10","FREM1",-0.0411332054368394,0.0927422528811385,0.657388397470103,-0.222904680928977,0.140638270055298,5,0,0,0.999123450623938
"Sst-10","RBM6",0.00892283082248524,0.0792119119806536,0.910311957210435,-0.146329663806153,0.164175325451123,5,0.0117854758052388,38.403374792215,0.999123450623938
"Sst-10","KCNB2",0.0946497398593649,0.0740272972269862,0.201045386046284,-0.0504410965783698,0.2397405762971,5,0.0069308136497959,25.1847266533836,0.999123450623938
"Sst-10","SCD5",0.0373028772901109,0.0694989058036978,0.59144687802342,-0.0989124750500785,0.1735182296303,5,0,0,0.999123450623938
"Sst-10","TENM3",-0.0351660706798938,0.0768998504049115,0.647457587697293,-0.185887007890038,0.115554866530251,5,0.0105392006814203,36.1980955930783,0.999123450623938
"Sst-10","MCF2L2",0.00361989980872395,0.0875269200300696,0.96701084638872,-0.16792971112793,0.175169510745378,5,0.0117844204107829,30.8174633850853,0.999123450623938
"Sst-10","PHF20L1",-0.230330004034711,0.0742853807533144,0.00193122382910594,-0.375926674889052,-0.0847333331803701,5,4.55251149630296e-06,0.0150649745689384,0.45331765496283
"Sst-10","TSPAN7",-0.079252828154658,0.109151499814243,0.467789127115389,-0.293185836649105,0.134680180339789,5,0.0172690807679243,29.1901574552124,0.999123450623938
"Sst-10","CACNA1A",0.0654472444104399,0.0595907619908836,0.272082957871152,-0.0513485029029903,0.18224299172387,5,0,0,0.999123450623938
"Sst-10","WASF3",-0.0923368397832599,0.0668707289836929,0.16733247378879,-0.223401060211237,0.0387273806447168,5,0,0,0.999123450623938
"Sst-10","KIF3A",-0.0908119545211285,0.0668331883356994,0.174214629662991,-0.221802596631082,0.0401786875888248,5,0,0,0.999123450623938
"Sst-10","CACNA1D",0.00289064888386769,0.0923287556063627,0.975023735952234,-0.178070386842004,0.183851684609739,5,0.0220547318031415,53.7800127691534,0.999123450623938
"Sst-10","NKAIN2",0.05976073634824,0.123610399716086,0.628768853217904,-0.182511195209888,0.302032667906368,5,0.0454140062933035,61.6851166469914,0.999123450623938
"Sst-10","MAPT",0.0133764164112538,0.0598232485128984,0.823069369599317,-0.103874996112216,0.130627828934724,5,0,0,0.999123450623938
"Sst-10","LMBRD1",0.0677901444462932,0.0881245464482341,0.441742642908479,-0.104930792746173,0.240511081638759,5,0.0124655245255519,32.391610582564,0.999123450623938
"Sst-10","PAFAH1B1",-0.128984406588658,0.0595170214873139,0.0302207373814592,-0.24563562517089,-0.0123331880064266,5,0,0,0.999123450623938
"Sst-10","KIDINS220",0.174042988949561,0.0584870148276333,0.00292268869496826,0.0594105463241401,0.288675431574983,5,0,0,0.488009768980311
"Sst-10","VEZT",-0.0965508534543659,0.0627682568434065,0.123996914183362,-0.219574376239802,0.0264726693310707,5,0,0,0.999123450623938
"Sst-10","RPH3A",-0.0807617131623097,0.0698715960185877,0.24773883499452,-0.217707524901074,0.0561840985764544,5,0,0,0.999123450623938
"Sst-10","KLHL32",-0.0241591178200169,0.0689801542110995,0.726163935572239,-0.159357735721791,0.111039500081757,5,0,0,0.999123450623938
"Sst-10","APP",0.0191212284383732,0.0915595459006771,0.834573716626158,-0.160332183967796,0.198574640844542,5,0.0208347292366157,51.3616634641503,0.999123450623938
"Sst-10","PTK2",0.0363996482162956,0.0526525987063432,0.489366211945506,-0.0667975489405773,0.139596845373169,5,0,0,0.999123450623938
"Sst-10","RASGRF2",-0.146693499370416,0.105745839876128,0.165372511122725,-0.353951537042567,0.0605645383017355,5,0.0267642465516185,48.598884199706,0.999123450623938
"Sst-10","COL19A1",-0.00560725606927494,0.155975540495612,0.971322557679712,-0.311313697909844,0.300099185771294,5,0.087272586468638,74.2430837421608,0.999123450623938
"Sst-10","XKR6",0.0495982484196212,0.0606427542614344,0.413428041576687,-0.069259365856103,0.168455862695345,5,0,0,0.999123450623938
"Sst-10","SCN3A",0.061164025037084,0.0671648239526944,0.362476849613115,-0.0704766109381701,0.192804661012338,5,0.00141822522609688,5.80259903468413,0.999123450623938
"Sst-10","DYNC1I1",-0.0338585922986093,0.0570876170419371,0.55311509051465,-0.145748265664021,0.0780310810668024,5,0,0,0.999123450623938
"Sst-10","SPIDR",-0.00340441917485499,0.0751543640016502,0.963868967113464,-0.150704265899103,0.143895427549393,5,0.00845065468284307,30.2465449293081,0.999123450623938
"Sst-10","GALNT13",0.0401912168719823,0.112587853346026,0.721109404887997,-0.180476920782907,0.260859354526871,5,0.0257363487121669,41.3858610035627,0.999123450623938
"Sst-10","KCND3",-0.0231566362684612,0.0705523350893743,0.742745875088078,-0.161436672068836,0.115123399531914,5,0,0,0.999123450623938
"Sst-10","WDPCP",0.0670617214519971,0.0833376426824431,0.420993371003173,-0.0962770567620593,0.230400499666053,5,0.0056885323409908,15.9862107188104,0.999123450623938
"Sst-10","NR2F2-AS1",0.147853093454081,0.0779708503636412,0.0579255223219811,-0.00496696510261763,0.30067315201078,5,0,0,0.999123450623938
"Sst-10","ITGA8",0.202226570116064,0.206007889261656,0.326274876029051,-0.201541473367897,0.605994613600026,5,0.135057250946921,67.2118319845369,0.999123450623938
"Sst-10","AGAP1",0.0219918037960299,0.0648153905378451,0.734384419176555,-0.105044027302045,0.149027634894105,5,0.00388149762849183,17.853888371533,0.999123450623938
"Sst-10","MAP3K13",-0.0173668374691857,0.0736085190000749,0.8134829870721,-0.161636883664665,0.126903208726293,5,0,0,0.999123450623938
"Sst-10","BACH2",-0.154627010422296,0.104791389878899,0.140059416834825,-0.360014360474833,0.0507603396302416,5,0.00496011153905453,8.64304604597354,0.999123450623938
"Sst-10","KCTD8",0.106439444013062,0.0984790861358746,0.279771415751165,-0.0865760180436695,0.299454906069794,5,0,0,0.999123450623938
"Sst-10","CLASP2",0.064229523163764,0.0476174611321878,0.177380355941048,-0.0290989856905599,0.157558032018088,5,0,0,0.999123450623938
"Sst-10","GPATCH8",-0.0334433152636276,0.0588002075479786,0.569517762758927,-0.148689604341146,0.0818029738138906,5,0,0,0.999123450623938
"Sst-10","CLASP1",0.0711415037780799,0.0564523075368277,0.20759526911052,-0.0395029858382814,0.181785993394441,5,0.000767641523078609,4.26577185609764,0.999123450623938
"Sst-10","ZMAT4",0.00215506908284648,0.0745878841388355,0.97694991408655,-0.144034497512317,0.14834463567801,5,0.00929954493690369,33.9763895135896,0.999123450623938
"Sst-10","AKAP9",0.0268289360268324,0.0587375806062929,0.647844064748304,-0.0882946065005201,0.141952478554185,5,0,0,0.999123450623938
"Sst-10","ASTN1",0.0669140633255445,0.0543969042166089,0.218656690337501,-0.039701909809484,0.173530036460573,5,0,0,0.999123450623938
"Sst-10","TRAF3IP2-AS1",0.232624685813948,0.0715216524482666,0.00114391718713073,0.0924448229005545,0.372804548727342,5,0.00337752315921535,12.3247149072531,0.360532612568958
"Sst-10","STXBP1",0.0184146149151279,0.0600824603052898,0.759232331827013,-0.0993448433857976,0.136174073216053,5,0,0,0.999123450623938
"Sst-10","HSPA12A",0.0874791108458267,0.0791964720574157,0.269340133733307,-0.0677431220893408,0.242701343780994,5,0.00938600807485765,29.9079652887557,0.999123450623938
"Sst-10","CACNB4",0.0220350861575373,0.0572974399850865,0.700553312851892,-0.0902658326195775,0.134336004934652,5,0,0,0.999123450623938
"Sst-10","DTNA",0.00289569677833049,0.0533419062337083,0.956707631233015,-0.10165251830645,0.107443911863111,5,0,0,0.999123450623938
"Sst-10","PTCHD4",0.110776583435279,0.0750109798303759,0.13972793961927,-0.036242235477318,0.257795402347876,5,0,0,0.999123450623938
"Sst-10","PRICKLE2",0.0265873392955437,0.0856890589328896,0.756350362977518,-0.14136013008205,0.194534808673138,5,0.0113424309061044,31.2975142107231,0.999123450623938
"Sst-10","TSC22D1",-0.0584984335732245,0.0986312682312478,0.553112680903294,-0.25181216705598,0.134815299909531,5,0.0237762255314174,51.0670867275086,0.999123450623938
"Sst-10","SGCZ",0.212312615356369,0.221826428636172,0.338511003603251,-0.222459195589672,0.64708442630241,5,0,0,0.999123450623938
"Sst-10","CDH10",0.00373220701637853,0.0890009906984938,0.966550958591204,-0.170706529341054,0.178170943373811,5,0,0,0.999123450623938
"Sst-10","SIPA1L1",0.105441619982284,0.074601917106646,0.157541019810493,-0.040775450724385,0.251658690688952,5,0.00572871276666439,20.1782535372218,0.999123450623938
"Sst-10","TMSB4X",-0.0808114808295827,0.110345389831668,0.463954777243686,-0.297084470759684,0.135461509100519,5,5.56604518606561e-06,0.00874493407064523,0.999123450623938
"Sst-10","TSPAN5",0.159887607618917,0.0822634796052356,0.0519432530242389,-0.00134584965029005,0.321121064888124,5,0.0142164861845039,43.2335830386272,0.999123450623938
"Sst-10","MAN1A2",-0.0364297605065898,0.0786187544708924,0.643097462444006,-0.190519687778936,0.117660166765757,5,0.00896505614247969,29.0961466346738,0.999123450623938
"Sst-10","IGF1R",0.0688278121344354,0.0658980363717322,0.296272973825447,-0.0603299658060702,0.197985590074941,5,0,0,0.999123450623938
"Sst-10","DNM1",-0.106784956012376,0.0592928802832598,0.0717069242814928,-0.22299686590721,0.00942695388245868,5,0,0,0.999123450623938
"Sst-10","GNAO1",-0.0168764263937412,0.0596881221781211,0.77737349603708,-0.133862996167685,0.100110143380203,5,0,0,0.999123450623938
"Sst-10","SNAP25",-0.0225082852449955,0.0756357751334619,0.76601777379058,-0.170751680449351,0.12573510995936,5,0.0103275534272371,37.0600733970622,0.999123450623938
"Sst-10","TMTC1",0.0370627587375355,0.0606741678262084,0.541299507117999,-0.081856424993772,0.155981942468843,5,0,0,0.999123450623938
"Sst-10","FARP1",-0.119140155804077,0.0650801265111604,0.0671499956520768,-0.246694859875262,0.0084145482671077,5,0,0,0.999123450623938
"Sst-10","TOX3",-0.0718898725832974,0.145209540509285,0.620545919641634,-0.356495342193106,0.212715597026511,5,0.0676442161490427,65.4496786892486,0.999123450623938
"Sst-10","MAP7",0.0342643140450304,0.0830895794287674,0.680062390477316,-0.128588269125934,0.197116897215995,5,0.00923029843702428,26.4683877525388,0.999123450623938
"Sst-10","PCDH9",-0.0235371226871395,0.191279594175384,0.902066806426496,-0.398438238248329,0.35136399287405,5,0.123620005481655,69.571500760273,0.999123450623938
"Sst-10","SORBS1",0.0368785425641183,0.0591185420721203,0.532754539837595,-0.0789916707157534,0.15274875584399,5,0.000274840811992275,1.41533370918816,0.999123450623938
"Sst-10","EPB41L3",-0.0976057727624592,0.0685229166253749,0.154323408736691,-0.231908221463835,0.0366966759389164,5,0.00489615118283151,20.2375536207324,0.999123450623938
"Sst-10","UBE2E2",-0.0518419402755715,0.0676783302463475,0.443673319071397,-0.18448903009222,0.0808051495410775,5,0.00109630710931318,4.3717357236486,0.999123450623938
"Sst-10","NCAM1",-0.00319693012038543,0.0481412673631715,0.947053582681644,-0.0975520803223152,0.0911582200815443,5,0,0,0.999123450623938
"Sst-10","RAPGEF4",-0.029388405023451,0.079036679824591,0.710017575915186,-0.184297450937273,0.125520640890371,5,0.0129034407413527,42.543852433335,0.999123450623938
"Sst-10","CACNA2D3",-0.0239237869820192,0.0863389213171662,0.781709797130394,-0.193144963227703,0.145297389263664,5,0.0257123459331058,72.0474303919464,0.999123450623938
"Sst-10","ARHGAP20",0.00370963552794613,0.0635684532019904,0.953464624958303,-0.120882243300875,0.128301514356767,5,0,0,0.999123450623938
"Sst-10","GLS",0.0366499924196074,0.0588820097719983,0.53365845480021,-0.0787566260708448,0.15205661091006,5,0,0,0.999123450623938
"Sst-10","SRPK2",-0.0509801132186638,0.0520491756488073,0.327352481188689,-0.152994622915325,0.0510343964779977,5,0,0,0.999123450623938
"Sst-10","MYO5A",0.0588435850050607,0.0572345775805554,0.303896908380469,-0.0533341257231914,0.171021295733313,5,0.00190080014017238,10.4741068341563,0.999123450623938
"Sst-10","SLIT2",0.220182949978193,0.236966114321204,0.352798487179055,-0.244262099647769,0.684627999604154,5,0.19682418248612,73.1683415659962,0.999123450623938
"Sst-10","PPP2R2B",0.0496076902051768,0.0534203748035198,0.353081572120495,-0.055094320450353,0.154309700860707,5,0.000339949632800944,2.05345716403332,0.999123450623938
"Sst-10","TMEFF2",-0.0551604433548994,0.102014008437361,0.58870445159206,-0.255104225810692,0.144783339100893,5,0.0272751237325795,54.8576988949274,0.999123450623938
"Sst-10","ASIC2",0.0138078887831316,0.0871595012649516,0.87412512648515,-0.157021594606647,0.18463737217291,5,0.00910111080831594,23.8352998013045,0.999123450623938
"Sst-10","AAK1",-0.00297014229812554,0.0630417808425622,0.962422472561182,-0.126529762270815,0.120589477674564,5,0.00741094268717849,38.5367811869452,0.999123450623938
"Sst-10","SBF2",-0.0153935664831062,0.0534300022816448,0.773264708187467,-0.120114446649023,0.0893273136828105,5,0,0,0.999123450623938
"Sst-10","DMD",-0.0359088286614784,0.0957768575943446,0.707718650385102,-0.223628020098815,0.151810362775859,5,0.0215117367540166,49.0096901898978,0.999123450623938
"Sst-10","RTN3",-0.0135460854053266,0.048066181065817,0.778080349819918,-0.107754069168709,0.0806618983580558,5,0,0,0.999123450623938
"Sst-10","DPP6",-0.0414892506062523,0.0536964134907751,0.439721643518472,-0.146732287147142,0.0637537859346377,5,0,0,0.999123450623938
"Sst-10","KSR2",0.108076010230762,0.0547448279734315,0.048361558061273,0.000778119062995561,0.215373901398529,5,0,0,0.999123450623938
"Sst-10","ZNF704",0.0181535827434457,0.0526397809368964,0.730196368477458,-0.0850184920469493,0.121325657533841,5,0,0,0.999123450623938
"Sst-10","ZEB2",0.078442416222033,0.0691542990319491,0.25666451602282,-0.0570975192567003,0.213982351700766,5,0,0,0.999123450623938
"Sst-10","SST",-0.643393051126117,0.16958022225303,0.000148219638756538,-0.975764179232353,-0.31102192301988,5,0,0,0.180916891066231
"Sst-10","GRIN3A",-0.0733191389019668,0.0763483022101771,0.336891964341639,-0.222959061514694,0.0763207837107601,5,2.34714198925646e-06,0.00747109903747593,0.999123450623938
"Sst-10","DENND5B",0.0935341198868205,0.0823651114167019,0.256122487057421,-0.0678985320725441,0.254966771846185,5,0.013993436952466,42.5763538994187,0.999123450623938
"Sst-10","DNM3",0.0295449315235222,0.0811544751368076,0.715814739322583,-0.129514916928872,0.188604779975916,5,0.0148268468246799,46.6288893664862,0.999123450623938
"Sst-10","CTTNBP2",-0.0262045329910676,0.0607336659105899,0.666129316841289,-0.145240330824912,0.0928312648427767,5,0.00291930151075364,14.8847417501791,0.999123450623938
"Sst-10","MTUS2",0.028011570221774,0.0573218809388996,0.625074275665782,-0.0843372519445622,0.14036039238811,5,0.00280705125573126,16.2915299085636,0.999123450623938
"Sst-10","SCN2A",-0.00469193068822265,0.0465856199842305,0.919775681692111,-0.0959980680547838,0.0866142066783385,5,0,0,0.999123450623938
"Sst-10","CDH9",0.0786602750979249,0.0694209186784351,0.25717569609703,-0.0574022252854918,0.214722775481341,5,0,0,0.999123450623938
"Sst-10","LINGO1",0.0764179998236982,0.114495040595113,0.504494302331688,-0.147988156151176,0.300824155798572,5,0,0,0.999123450623938
"Sst-10","KIF26B",-0.109504627204641,0.0631334523654646,0.0828303771060082,-0.233243920060627,0.0142346656513444,5,0,0,0.999123450623938
"Sst-10","RORA",0.171156225517804,0.0581020447504077,0.00322134549606682,0.057278310378871,0.285034140656738,5,0,0,0.51736504111831
"Sst-10","PRKCE",0.023700337064584,0.0795362968408969,0.76571735995738,-0.132187940207261,0.179588614336429,5,0.00731401225452451,23.0771800224307,0.999123450623938
"Sst-10","TNIK",0.19514587044617,0.0560904250815711,0.000503044833528455,0.0852106574087488,0.305081083483592,5,0,0,0.256215998077676
"Sst-10","CELF2",0.0226619902884225,0.0464279851948949,0.625471525001264,-0.0683351885683302,0.113659169145175,5,1.79445380508164e-06,0.014532543400966,0.999123450623938
"Sst-10","SPOCK1",-0.0754996981272107,0.0951082296556879,0.427294820474142,-0.261908402885723,0.110909006631302,5,0.0177562825724603,40.3148619872171,0.999123450623938
"Sst-10","CELF4",0.0481745074274197,0.0544468274868662,0.376264960597827,-0.0585393135193034,0.154888328374143,5,0,0,0.999123450623938
"Sst-10","PLCH1",-0.061385337444845,0.0876329369230083,0.483626039506328,-0.233142737673412,0.110372062783722,5,0.0140844652558049,37.8005604336093,0.999123450623938
"Sst-10","ALCAM",0.114887680896027,0.120799844285292,0.341574838905227,-0.121875663241192,0.351651025033246,5,0.0375357989714007,52.5220176900772,0.999123450623938
"Sst-10","RIMS1",-0.0283198457033777,0.0638272007444387,0.657262704552983,-0.153418860396486,0.0967791689897302,5,0,0,0.999123450623938
"Sst-10","MACF1",-0.034774370034754,0.0563300891943601,0.537015724107925,-0.145179316101629,0.0756305760321206,5,0.00275229590398538,16.2579702671003,0.999123450623938
"Sst-10","PDE10A",-0.287993148201826,0.0954201814465343,0.00254316588121036,-0.475013267235311,-0.100973029168342,5,0.00429603003686626,8.97281452513242,0.488009768980311
"Sst-10","FLRT2",0.0144837520926372,0.16331149695527,0.929329956915863,-0.305600900201014,0.334568404386288,5,0.100892104250048,77.4789801667018,0.999123450623938
"Sst-10","CAMTA1",-0.0125014289311357,0.0486717908308679,0.797293309804605,-0.107896386022704,0.0828935281604323,5,0,0,0.999123450623938
"Sst-10","VSNL1",-0.199798268293088,0.0666057772821742,0.0027023340731365,-0.330343192928446,-0.069253343657731,5,0,0,0.488009768980311
"Sst-10","STXBP6",0.0311972036413396,0.0774458614049633,0.687076260500287,-0.120593895464069,0.182988302746748,5,0.0127869810846906,44.6107811703113,0.999123450623938
"Sst-10","SH3GL3",0.059493191618048,0.0915789891271845,0.515926079136027,-0.119998328811819,0.238984712047915,5,0.0200904966426682,49.8903827884039,0.999123450623938
"Sst-10","RBFOX2",-0.00891410411560744,0.0501822397771546,0.8590099180854,-0.107269486742384,0.0894412785111688,5,0,0,0.999123450623938
"Sst-10","GRIN2B",0.00552028981726166,0.0477211270770551,0.907907654959436,-0.0880114005554256,0.0990519801899489,5,0,0,0.999123450623938
"Sst-10","WLS",-0.0139751734588814,0.0750109324380498,0.852202850986034,-0.160993899484226,0.133043552566463,5,0.00947836104111051,34.1403526637523,0.999123450623938
"Sst-10","DANT2",0.0478592215435813,0.136681804310442,0.726225646636873,-0.220032192246836,0.315750635333999,5,0.0711304084729609,79.6089240096302,0.999123450623938
"Sst-10","RGS6",0.0459762651620543,0.0558294415167967,0.410216385692762,-0.0634474294878524,0.155399959811961,5,0,0,0.999123450623938
"Sst-10","TANC2",0.11558366510325,0.0585687502165615,0.0484420516582162,0.000791024059266551,0.230376306147233,5,0.000331691514821058,1.76849812747611,0.999123450623938
"Sst-10","PDE1A",-0.0122641329707397,0.0877734815606145,0.888877423721334,-0.184296995627235,0.159768729685755,5,0.0177666602452607,48.9436055681652,0.999123450623938
"Sst-10","SHISA6",0.0119682039361084,0.0566076610163738,0.832556626245339,-0.0989807729050363,0.122917180777253,5,0,0,0.999123450623938
"Sst-10","ATXN1",-0.0460154705926998,0.0556462637835205,0.408277699097403,-0.155080143482616,0.0630492022972159,5,0.00130290438797343,7.48637925854428,0.999123450623938
"Sst-10","SPOCK3",0.117349861650171,0.0842024912822003,0.16341951972543,-0.0476839886714893,0.282383711971831,5,0.0164914168805596,48.8321383425659,0.999123450623938
"Sst-10","AGBL4",0.112506433239881,0.0501329813691614,0.0248221063718716,0.0142475953187067,0.210765271161054,5,0,0,0.999123450623938
"Sst-10","FTX",0.0340070756565172,0.0884211881905374,0.700531391650097,-0.139295268667174,0.207309419980209,5,0.0263903169753931,71.5744056471579,0.999123450623938
"Sst-10","TRIM9",0.053007941603013,0.0477570584408089,0.267020621747553,-0.040594172948547,0.146610056154573,5,4.14675075860201e-06,0.0309865474881969,0.999123450623938
"Sst-10","SAMD12",0.0866186963035414,0.061109009623249,0.156352691043485,-0.0331527616889382,0.206390154296021,5,0,0,0.999123450623938
"Sst-10","STXBP5L",0.129004572665817,0.0531388785533892,0.0151954446623334,0.024854284522326,0.233154860809307,5,0,0,0.891144034147969
"Sst-10","DST",-0.00025879750234413,0.0593427924884963,0.996520388267854,-0.116568533521831,0.116050938517143,5,0.00212209904259522,11.2009099224124,0.99951797780414
"Sst-10","SLC24A2",0.0621523811221879,0.0551328138407543,0.259606769151789,-0.0459059483720419,0.170210710616418,5,0,0,0.999123450623938
"Sst-10","NRXN3",0.0510130376371301,0.0478606809105036,0.286484550028641,-0.0427921732230206,0.144818248497281,5,0.00292310058192411,25.5827989312174,0.999123450623938
"Sst-10","SYNE1",0.0590869701574266,0.0532454284611997,0.267124127778631,-0.0452721519679287,0.163446092282782,5,0,0,0.999123450623938
"Sst-10","KALRN",-0.0113372526421668,0.0544421038152348,0.835038294266063,-0.118041815362618,0.095367310078284,5,0,0,0.999123450623938
"Sst-10","MAP1B",-0.160785990040145,0.0537279575669412,0.00276617018227595,-0.266090851834246,-0.0554811282460437,5,0,0,0.488009768980311
"Sst-10","LRP1B",0.0608709299992606,0.163770289900236,0.710127531766096,-0.260112939942885,0.381854799941406,5,0.080820767291214,64.747998856993,0.999123450623938
"Sst-10","SETBP1",-0.00266169825309452,0.0572994240322644,0.962949637786677,-0.114966505691222,0.109643109185033,5,0.000562772711093394,3.13790659712891,0.999123450623938
"Sst-10","JMJD1C",0.11819931255683,0.0480302078839827,0.0138574722206879,0.0240618349342527,0.212336790179408,5,0,0,0.891144034147969
"Sst-10","ATP8A2",-0.00987702591298704,0.0517031137115024,0.848499360276199,-0.111213266676111,0.0914592148501368,5,0.000325565778963091,2.17060939722963,0.999123450623938
"Sst-10","FRMD4A",0.0142748368430427,0.0465677994935625,0.759194451295829,-0.0769963730036223,0.105546046689708,5,0.00111188261620582,9.79540710007404,0.999123450623938
"Sst-10","TRIO",0.0957109580286161,0.0474470828757184,0.043673101730755,0.00271638442072096,0.188705531636511,5,0,0,0.999123450623938
"Sst-10","MYT1L",0.0811811985519484,0.0464143403089886,0.0802816447068853,-0.00978923681985497,0.172151633923752,5,0,0,0.999123450623938
"Sst-10","CACNB2",0.000301145432173137,0.0470843623276824,0.994896869346236,-0.0919825089651189,0.0925847998294652,5,0,0,0.99951797780414
"Sst-10","AKAP6",0.00219964955279932,0.0484230563487615,0.963768024109851,-0.0927077969121268,0.0971070960177254,5,0,0,0.999123450623938
"Sst-10","RIMS2",0.00758792032220981,0.068670357209376,0.91201463003965,-0.127003506613668,0.142179347258087,5,0.0103736742018108,45.9942743897419,0.999123450623938
"Sst-10","AHI1",-0.0678209947001928,0.115812394582587,0.558137056204753,-0.294809117045405,0.159167127645019,5,0.0478977816586745,74.9533301312399,0.999123450623938
"Sst-10","RYR2",0.0392320628253531,0.0521064152863603,0.451496828390217,-0.0628946344994004,0.141358760150107,5,0,0,0.999123450623938
"Sst-10","PTPRM",0.0627730150250591,0.0556504738625294,0.259325379303347,-0.0462999094680861,0.171845939518204,5,5.65338628973725e-07,0.0033619510897856,0.999123450623938
"Sst-10","C8orf34",0.0183883766052243,0.0726674200802241,0.800230788555858,-0.124037149601458,0.160813902811906,5,5.59236009747186e-07,0.00180905048904667,0.999123450623938
"Sst-10","PCDH11X",0.0195118440192916,0.100132325451024,0.845502087319215,-0.176743907552958,0.215767595591541,5,0,0,0.999123450623938
"Sst-10","FRMPD4",0.10280871596478,0.049393013522979,0.0373934249370628,0.00600018837184106,0.199617243557718,5,0,0,0.999123450623938
"Sst-10","MACROD2",0.117125157973737,0.0536328886314219,0.0289746781275114,0.0120066278693028,0.222243688078172,5,0,0,0.999123450623938
"Sst-10","DCLK1",-0.00387710473886963,0.0515921742807353,0.940096093274145,-0.104995908213225,0.0972416987354853,5,0.000138195351338151,0.968383291174814,0.999123450623938
"Sst-10","RGS7",0.03652331137129,0.0632637697709325,0.563724674072514,-0.0874713989059714,0.160518021648551,5,0.00543389170158984,27.1819940869515,0.999123450623938
"Sst-10","KCNMA1",0.00465528376482634,0.0513273635135817,0.927732644241756,-0.095944500143189,0.105255067672842,5,0,0,0.999123450623938
"Sst-10","MAP2",0.112164868990413,0.0886959009879278,0.206014621247223,-0.0616759025222559,0.286005640503082,5,0.0217931292533151,57.6652656048176,0.999123450623938
"Sst-10","ST6GALNAC5",0.0130488702236876,0.0592014249674903,0.825548120360349,-0.102983790546044,0.129081530993419,5,0,0,0.999123450623938
"Sst-10","ANK3",0.0798071851324259,0.0617904598727982,0.19650340232128,-0.0412998908064258,0.200914261071278,5,0.00561070826719961,29.6465355944116,0.999123450623938
"Sst-10","GPM6A",-0.0637403659420742,0.0467821489222785,0.17304224722142,-0.155431692949129,0.0279509610649811,5,0,0,0.999123450623938
"Sst-10","CTNND2",0.0638998119515542,0.047464675821148,0.178218562288574,-0.0291292431957649,0.156928867098873,5,0.000709563337529182,5.68506389790161,0.999123450623938
"Sst-10","PTPRT",-0.0292450341825396,0.0743769377127927,0.69417154854535,-0.175021153379992,0.116531085014913,5,0.00833243818526876,30.3626259477985,0.999123450623938
"Sst-10","OPCML",0.0222984474862529,0.0542725400018872,0.681174766041676,-0.0840737762669553,0.128670671239461,5,0,0,0.999123450623938
"Sst-10","ASTN2",0.0261888904347915,0.0401326153468164,0.514040767913265,-0.0524695902503681,0.104847371119951,5,0,0,0.999123450623938
"Sst-10","XKR4",-0.0263570652564582,0.0552115656735029,0.633089386462177,-0.134569745506592,0.0818556149936754,5,0.00318799483355951,20.6248241040496,0.999123450623938
"Sst-10","RBFOX1",0.0115626904907219,0.0350631200413463,0.741575364871941,-0.0571597619759215,0.0802851429573652,5,0,0,0.999123450623938
