"cell_type","genes","estimate","se","pval","ci.lb","ci.ub","k","tau2","I2","padj"
"VLMC-2","OAF",-0.516992051075009,0.148577211924064,0.000502127799495662,-0.808198035369548,-0.225786066780469,5,0.0181930750412709,15.736386119608,0.120493044343179
"VLMC-2","FKBP5",0.616772440695703,0.268654726706957,0.0216884013230785,0.0902188520736165,1.14332602931779,5,0.138948598408874,41.8924089876882,0.450369025005162
"VLMC-2","ITSN1",-0.261119231015304,0.0698745252117902,0.000186248735185114,-0.398070783867248,-0.124167678163359,5,0,0,0.0898993349782368
"VLMC-2","SYNE1",-0.359816159357631,0.20862725368009,0.0845843729587303,-0.768718062764109,0.0490857440488474,5,0.136588407320134,78.5455893213412,0.702572421316466
"VLMC-2","CDC73",0.29513404812893,0.0999202741287718,0.00313993817523509,0.0992939095111676,0.490974186746692,5,0.0120600881822812,24.6350229378888,0.245645395848624
"VLMC-2","PIK3C2A",-0.249552360195252,0.147352449201912,0.0903461545053154,-0.538357853664767,0.0392531332742643,5,0.0485774032554518,51.9421593290797,0.711766894041876
"VLMC-2","FGF1",-0.502278978780565,0.122892818699278,4.36741612432557e-05,-0.74314447738976,-0.261413480171371,5,0.00388601687342915,4.56511203267971,0.0489732928074374
"VLMC-2","TSC22D3",0.276302742721543,0.272748763758025,0.311045722054614,-0.25827501107201,0.810880496515096,5,0.196013884556087,62.8738573302185,0.877270724002829
"VLMC-2","EPSTI1",-0.239405360142034,0.259871658446658,0.356922741560507,-0.748744451300178,0.269933731016109,5,0.172883852968018,59.4487354109075,0.89567209561799
"VLMC-2","PIP4K2A",0.0285171682933931,0.153738160720233,0.852843310642505,-0.272804089767694,0.329838426354481,5,0.060649749381091,61.2305316790247,0.980957024980027
"VLMC-2","OSBPL10",0.226552939329,0.229343563111768,0.323234871485672,-0.222952184456155,0.676058063114155,5,0.135015490176234,60.8482023603327,0.885943206465361
"VLMC-2","PAM",0.232378655392192,0.0734669485775078,0.00156132641617439,0.0883860821262204,0.376371228658163,5,1.07117695909796e-06,0.00342116450136666,0.169071176269731
"VLMC-2","ARHGAP26",0.180207256505864,0.0946675406558515,0.0569648788023135,-0.00533771368458602,0.365752226696314,5,0.00638934592364045,13.2384142772527,0.625460221972044
"VLMC-2","HIGD1B",-0.0684467042667979,0.254277876840821,0.787790609144625,-0.566822184940118,0.429928776406522,5,0.172898146467255,59.7753694176184,0.974616458884373
"VLMC-2","HIVEP2",0.286454937219171,0.107179621099089,0.00752519530247481,0.0763867399883081,0.496523134450035,5,0.0129580940261563,22.546298995803,0.308846212508015
"VLMC-2","A2M",0.102508406408485,0.291697339718309,0.725272952884058,-0.469207873825545,0.674224686642516,5,0.285957752842019,76.7798486993012,0.970230263441742
"VLMC-2","ASAP2",-0.175386544148901,0.0994008061696182,0.0776582913689041,-0.3702085442756,0.0194354559777971,5,0.0126338386362522,26.3571533347104,0.678937344705764
"VLMC-2","ISYNA1",-0.258190012206331,0.183837798270864,0.160186482957238,-0.618505475814363,0.102125451401702,5,0.0579221408370767,37.3026580734017,0.795488448309157
"VLMC-2","PEX1",-0.383595302504257,0.121237283414435,0.00155614423749999,-0.621216011580026,-0.145974593428489,5,7.22235004536313e-07,0.000828850511231815,0.169071176269731
"VLMC-2","INTS12",0.27152581802282,0.174633934604662,0.119986920343815,-0.0707504042808402,0.613802040326481,5,0.0499845931470267,35.409289459001,0.755872659244558
"VLMC-2","CD63",-0.095078098990138,0.199821785786979,0.634206553374483,-0.486721602459094,0.296565404478817,5,0.0949575423779568,56.1202337587743,0.948488775291622
"VLMC-2","LRP1",-0.159254733367155,0.0879369375439796,0.0701391979282589,-0.331607963864103,0.0130984971297936,5,0.00767834030360905,19.5632991926743,0.657237498135552
"VLMC-2","CAMK2G",-0.36797431088761,0.107997144439829,0.000656186757276907,-0.579644824422845,-0.156303797352375,5,3.69500318086818e-06,0.00518863935804392,0.135692395482355
"VLMC-2","RNF213",-0.22658957975301,0.113633134728912,0.0461471411976193,-0.449306431272064,-0.00387272823395526,5,0.0159725453707264,25.2168764012309,0.590992023566818
"VLMC-2","CPD",0.299753521548024,0.100416065504108,0.00283471562159977,0.102941649690759,0.49656539340529,5,0,0,0.23839958377654
"VLMC-2","RUFY2",-0.0749251686229488,0.184004331083702,0.683866669350077,-0.435567030546389,0.285716693300492,5,0.0937752026391382,71.2369915531511,0.964986357254052
"VLMC-2","GLI3",-0.250773658323552,0.259791616998228,0.33440071947186,-0.759955871125501,0.258408554478398,5,0.217406493733862,76.6536850176299,0.889971535050108
"VLMC-2","DYNC1H1",-0.00988089579160387,0.168169070334727,0.9531466731603,-0.339486216961251,0.319724425378044,5,0.0840039410901315,72.9359459130734,0.996582809694757
"VLMC-2","TBX3",-0.0630155144534033,0.389032283839493,0.87132147174647,-0.825504779602173,0.699473750695367,5,0.546781446941815,82.0851833633536,0.984193499791697
"VLMC-2","SRRM2",-0.138288063360689,0.133775615289749,0.301261717041601,-0.400483451338283,0.123907324616906,5,0.043933830090583,60.972237122985,0.875167889575082
"VLMC-2","RERGL",-0.263444504010078,0.373117127742806,0.480148450864963,-0.994740636401009,0.467851628380852,5,0.497054188101061,77.2196351782705,0.920413727425774
"VLMC-2","CHD8",-0.259003632384578,0.0942798583275999,0.00601103463191246,-0.443788759174212,-0.0742185055949433,5,0,0,0.308846212508015
"VLMC-2","ARNT",-0.375378378900269,0.459532369447366,0.414002509387208,-1.27604527274746,0.525288514946923,5,0.909477614969856,93.7592111410469,0.915968683628608
"VLMC-2","ESCO1",0.0305880518091604,0.20244973618021,0.879905027942704,-0.366206139783687,0.427382243402008,5,0.10789766555851,65.0309695286895,0.984193499791697
"VLMC-2","AFF1",0.175883485284067,0.0833320818229758,0.0348038240926681,0.0125556061542899,0.339211364413845,5,0.00250343141443382,6.34067676495866,0.525022709631101
"VLMC-2","ATP1A2",-0.43873457775787,0.120724583565266,0.000278868722339674,-0.675350413594387,-0.202118741921353,5,0,0,0.0898993349782368
"VLMC-2","NTM",-0.471073695018493,0.377715963576187,0.212337425311194,-1.21138338001366,0.269235989976677,5,0.584592283536221,92.0375100246357,0.818296084893299
"VLMC-2","KPNA1",-0.133425673948097,0.196101149520363,0.496256218578822,-0.517776864334913,0.250925516438719,5,0.113411442387958,74.5806003123972,0.921578486413796
"VLMC-2","SMARCA4",-0.174629476070383,0.143764605821526,0.224484223170132,-0.456402925732171,0.107143973591404,5,0.0341266716026617,36.5480883336864,0.832596391118329
"VLMC-2","TSPAN14",0.241612427918539,0.125792304350254,0.0547663819528757,-0.00493595814026021,0.488160813977339,5,0.0158944841654085,19.7538967336983,0.612073451460046
"VLMC-2","CPM",0.0225432526500835,0.337101066532125,0.946682115769188,-0.638162696902922,0.683249202203089,5,0.366457810276991,68.6832304708438,0.996560244620392
"VLMC-2","NCL",0.0739412598741552,0.219844319203008,0.736618531203802,-0.356945687969468,0.504828207717778,5,0.136672961991105,69.4142976807695,0.970230263441742
"VLMC-2","NCOR1",-0.0906501328071956,0.0926232380685439,0.327729460946454,-0.272188343553021,0.0908880779386296,5,0.0174636164322195,47.7336367845672,0.885943206465361
"VLMC-2","ARL3",-0.345487718620834,0.107317031096253,0.00128495613401507,-0.555825234497255,-0.135150202744413,5,1.99213716314007e-07,0.000260365961515411,0.161310513183539
"VLMC-2","EYA1",-0.445687461805442,0.227628800764949,0.0502350286843215,-0.891831713148786,0.000456789537901625,5,0.124380255656652,55.3031753376426,0.596885940543393
"VLMC-2","BRWD3",0.0249542222969199,0.154570977684948,0.871745419120986,-0.277999327020722,0.327907771614562,5,0.0490478560346575,47.2837117800834,0.984193499791697
"VLMC-2","PIAS1",0.208132857510111,0.180573269417111,0.249065263223549,-0.145784247118074,0.562049962138297,5,0.108460925325289,79.9510362557281,0.842480864401571
"VLMC-2","COLEC12",-0.362207388757627,0.115000265932489,0.00163481731308512,-0.587603768197835,-0.136811009317419,5,5.07446753156752e-07,0.000686102591632858,0.169071176269731
"VLMC-2","ZBTB16",0.37295741806106,0.162991755894395,0.0221259902075473,0.0534994467311023,0.692415389391018,5,0.0349143339539046,26.1280198834661,0.450619954828599
"VLMC-2","HIPK2",0.0288893447444026,0.268815706027573,0.914416947871871,-0.497979757548348,0.555758447037153,5,0.223508347997034,73.4407068803355,0.991152181757771
"VLMC-2","IFNAR1",0.0631632631670785,0.223661458246985,0.777632470587783,-0.375205139726721,0.501531666060878,5,0.135697229227857,63.8631816189907,0.974616458884373
"VLMC-2","FAT1",-0.236178037577519,0.156455861261183,0.131158137360212,-0.542825890819632,0.0704698156645945,5,0.0329937989686607,27.8787675195267,0.769238322363113
"VLMC-2","ZCCHC2",0.434403057658379,0.116077489809562,0.000182304457546421,0.206895358215822,0.661910757100936,5,0.00507333066994569,6.73145435458582,0.0898993349782368
"VLMC-2","DGKZ",-0.58589435077875,0.331917017698518,0.0775329774466028,-1.23643975132379,0.0646510497662884,5,0.400490924096336,85.7285447301633,0.678937344705764
"VLMC-2","CEP85L",-0.0772934583685339,0.320775399714311,0.809587524639537,-0.706001688935023,0.551414772197955,5,0.413657736411703,92.8022655815312,0.975765582377835
"VLMC-2","RNF19A",0.158295878512531,0.124274882108033,0.20274989811496,-0.0852784146021752,0.401870171627238,5,0.0240236290979852,33.7841837379664,0.816827134441586
"VLMC-2","RAPGEF5",-0.0174104911582327,0.176795245445946,0.921552520524946,-0.363922804870207,0.329101822553741,5,0.0830927699951864,65.7436186832584,0.991398362342794
"VLMC-2","DNAJC9",-0.0239267458981721,0.209108480155293,0.908902761848107,-0.433771835864454,0.38591834406811,5,0.105238164356285,56.0032352760326,0.991152181757771
"VLMC-2","NFYC",0.239392666891545,0.177791608797415,0.178148089768953,-0.109072483104823,0.587857816887912,5,0.0706913763178246,52.2895087943156,0.812975415007207
"VLMC-2","ZNF736",0.0238567860432907,0.238276769481595,0.920247338577408,-0.443157100493189,0.49087067257977,5,0.159872307148137,65.1756472510282,0.991152181757771
"VLMC-2","TRPC3",-0.455941355496733,0.131719793046828,0.000537275762529037,-0.714107405919585,-0.197775305073881,5,0,0,0.120493044343179
"VLMC-2","MBOAT2",-0.0334307971507191,0.182422156173545,0.854593533015117,-0.390971653233009,0.32411005893157,5,0.0880754822367274,62.2720456941584,0.980957024980027
"VLMC-2","UBE2R2",0.0184290349591052,0.193076583370816,0.923957916973371,-0.359994114705739,0.396852184623949,5,0.110289810632399,72.2394133570783,0.992159394239645
"VLMC-2","NFE2L1",-0.00549815592536851,0.185231099780391,0.97632012319331,-0.36854444031168,0.357548128460943,5,0.0740952754260423,50.7638171235862,0.997384538104912
"VLMC-2","LRRC37A3",0.0965221992806998,0.187329936730843,0.606376657458117,-0.270637729937919,0.463682128499319,5,0.0702626772187302,44.6487844286502,0.943501885147598
"VLMC-2","DDHD2",-0.00348279070709311,0.236125263352688,0.988231821796517,-0.466279802718397,0.459314221304211,5,0.161528756686983,71.1439411333755,0.997919280210293
"VLMC-2","MZF1",-0.132984610197166,0.168979180217177,0.431288810798489,-0.464177717559936,0.198208497165605,5,0.0493212329979937,38.3429031282384,0.919892706275207
"VLMC-2","GAK",0.0418443726167153,0.176550856366986,0.812648794447548,-0.304188947302281,0.387877692535711,5,0.0749745327852716,57.452915084052,0.975765582377835
"VLMC-2","NFIB",-0.218980848049232,0.0957792807701594,0.0222362997923744,-0.406704788823895,-0.0312569072745701,5,3.14965053061828e-06,0.00522913279018618,0.450619954828599
"VLMC-2","SLC12A7",-0.463350144845468,0.14332056603729,0.00122513256552822,-0.744253292522451,-0.182446997168485,5,0,0,0.161310513183539
"VLMC-2","FBXO34",0.240964583179238,0.0918941917715132,0.00873651679542716,0.0608552769186554,0.421073889439821,5,0,0,0.322043304442591
"VLMC-2","UBAC2",0.169434356139784,0.0828868637177442,0.0409373325185144,0.00697908846152617,0.331889623818043,5,0.000607732223410812,1.46852498441984,0.561522852959611
"VLMC-2","USP4",-0.157460326381182,0.110218681346815,0.153114229213184,-0.373484972244437,0.0585643194820725,5,0.00942208436047798,14.5588682204331,0.78041858647447
"VLMC-2","GABBR1",-0.12824465875635,0.0871456094326268,0.141125267224219,-0.299046914655093,0.0425575971423925,5,0.00505912370404586,12.131127162224,0.771582957702176
"VLMC-2","COL5A3",-0.629316507282801,0.406077300534258,0.121202590089745,-1.42521339126919,0.166580376703593,5,0.693611935684524,92.241684692825,0.758021384856679
"VLMC-2","BIN3",0.410847795373743,0.128326597993023,0.00136676391759722,0.159332285048868,0.662363305698618,5,0,0,0.162069771176496
"VLMC-2","RNF145",0.0741150979668595,0.149717626277426,0.620577145804581,-0.219326057387722,0.367556253321441,5,0.0441238850853275,44.9157884152074,0.94585748103133
"VLMC-2","DHX40",-0.223183880568177,0.165761734591564,0.178169115311616,-0.54807091038253,0.101703149246175,5,0.0417552036289612,32.3627294996322,0.812975415007207
"VLMC-2","TRIO",0.081262738119471,0.0880411268564281,0.356002599954617,-0.0912946996774502,0.253820175916392,5,0.0083893126670709,21.5791222249785,0.89567209561799
"VLMC-2","DTWD1",0.170325990077463,0.152444135969122,0.263865635412372,-0.128459026076344,0.469111006231269,5,0.0285819023838605,24.989866521402,0.853503843776174
"VLMC-2","PRELP",0.199916857142709,0.359718135355988,0.578375111699773,-0.505117732740932,0.90495144702635,5,0.479904889147461,82.6437982390102,0.935184809587821
"VLMC-2","MFGE8",-0.141410236343551,0.184249908296145,0.442789351952502,-0.502533420758803,0.219712948071701,5,0.0829971869473532,57.5784870865997,0.920413727425774
"VLMC-2","AFF3",0.271457007663425,0.0989075346078054,0.00605933004994669,0.0776018020324776,0.465312213294373,5,4.95593341256492e-08,7.7461149652546e-05,0.308846212508015
"VLMC-2","TMTC1",0.447568403842874,0.252315624803938,0.0760890583482212,-0.0469611335095649,0.942097941195312,5,0.205873911808864,75.6251310686115,0.678937344705764
"VLMC-2","CAMKMT",-0.227313779102141,0.0864716412208752,0.00856951055769076,-0.396795081579125,-0.0578324766251561,5,1.94310899802989e-06,0.00435880405638242,0.320309261289686
"VLMC-2","PTN",-0.29562296117633,0.102911997675509,0.00407134796337378,-0.497326770197397,-0.0939191521552634,5,1.02876605694789e-06,0.00170698479585154,0.279101876090624
"VLMC-2","PI4KA",0.0918067581756792,0.0932770693266839,0.324998916824412,-0.0910129382880671,0.274626454639425,5,0.0104856133104057,24.6277207182034,0.885943206465361
"VLMC-2","MKLN1",0.189520540375716,0.0717002209566568,0.00821179954645647,0.048990689617105,0.330050391134328,5,0.00372396024302641,13.701180390785,0.313649544900922
"VLMC-2","KNOP1",-0.335054415013692,0.146484946684455,0.022178558819706,-0.622159634792494,-0.0479491952348901,5,0,0,0.450619954828599
"VLMC-2","NSMAF",0.0938888159801803,0.134141488663366,0.483974914178756,-0.169023670632604,0.356801302592965,5,0.0295902672785321,35.9132632052175,0.920413727425774
"VLMC-2","CLOCK",0.036470168400399,0.138023443500575,0.791601389741143,-0.234050809882926,0.306991146683724,5,0.0391134223499166,47.168559441226,0.974616458884373
"VLMC-2","RAP1A",0.158330473566861,0.0819196760447748,0.0532666719574882,-0.00222914110608671,0.318890088239808,5,0,0,0.60536852859794
"VLMC-2","FXR1",0.248232624844345,0.0836312836056748,0.00299569760267869,0.0843183209963676,0.412146928692323,5,3.51070701060024e-06,0.00824510370199914,0.239941112747884
"VLMC-2","CD9",-0.199382130501744,0.155709243810133,0.200377371976833,-0.504566640429571,0.105802379426084,5,0.0311469906465817,26.1943237306637,0.81467224296579
"VLMC-2","SP100",0.203473371604072,0.325749709430293,0.532213259035609,-0.43498432685369,0.841931070061834,5,0.372865354211922,83.4294365567481,0.925314633394202
"VLMC-2","YWHAZ",-0.114502621003647,0.0742496777654401,0.12304211922866,-0.260029315287614,0.0310240732803198,5,0.00139199862778653,4.25890093620099,0.758021384856679
"VLMC-2","TAF15",0.137958458485605,0.0806532139739451,0.0871708511571165,-0.0201189361407302,0.29603585311194,5,0.00337198941009684,9.34536788972612,0.705731682680206
"VLMC-2","IP6K1",0.0756909756777787,0.153350474491026,0.621601683753128,-0.22487043133676,0.376252382692318,5,0.0452066612879578,43.2145676976238,0.946447242677937
"VLMC-2","GPM6A",-0.388767573981822,0.302653301159834,0.198956193496056,-0.98195714405725,0.204421996093607,5,0.342435527222319,87.3106037656762,0.814219750511838
"VLMC-2","RALGAPA1",0.0790589380234244,0.0678485030277585,0.243926937984975,-0.0539216843159391,0.212039560362788,5,0.003313711115622,13.6831581985206,0.840926918484417
"VLMC-2","BMPR1A",0.0847974917239953,0.10761921408236,0.43073175804303,-0.126132291921936,0.295727275369927,5,0.0212993017210696,40.762940688648,0.919892706275207
"VLMC-2","RNF149",0.0346583299022091,0.134347349501863,0.796425785455165,-0.228657636539858,0.297974296344276,5,0.033885005587553,42.8780671659007,0.974861328880033
"VLMC-2","GOLIM4",-0.176956804024356,0.084590265659633,0.0364448947669324,-0.342750678159912,-0.0111629298887999,5,0.000123138063575625,0.269051258626192,0.536251459404502
"VLMC-2","CEP95",0.092618011636247,0.149663037983822,0.536019403365339,-0.200716152628894,0.385952175901388,5,0.0470201929948756,48.2178597804927,0.925314633394202
"VLMC-2","SKI",0.189290852272661,0.100620214900528,0.0599391717355797,-0.00792114504905397,0.386502849594377,5,9.27742654437361e-07,0.00151531565707379,0.634472119547043
"VLMC-2","CIRBP",-0.223210428877209,0.0878407150133616,0.0110510109363046,-0.395375066679644,-0.051045791074773,5,0.000246256255910514,0.484443605638431,0.350881715809722
"VLMC-2","JARID2",-0.0724413108988744,0.145068409901605,0.617526037225905,-0.356770169600514,0.211887547802765,5,0.0524954307306592,59.4776988947343,0.944682850944951
"VLMC-2","MKNK1",0.21205225479881,0.111408526389198,0.0569915712053505,-0.00630444449469908,0.430408954092319,5,0,0,0.625460221972044
"VLMC-2","GAB2",0.0581730430924965,0.175655115662503,0.740510324163105,-0.286104657306227,0.40245074349122,5,0.0622409001689148,45.4315399153091,0.970230263441742
"VLMC-2","VSTM4",-0.298292293395738,0.117391319978736,0.0110533362901395,-0.528375052651679,-0.068209534139798,5,4.74825096040234e-07,0.000592597333208541,0.350881715809722
"VLMC-2","ESAM",-0.166782509525143,0.191230966229778,0.383125347601839,-0.541588316064302,0.208023297014017,5,0.0738513161092309,44.4838232720602,0.903121483964797
"VLMC-2","SH3YL1",-0.183158600659435,0.107238225646108,0.0876437634278056,-0.393341660691787,0.0270244593729172,5,3.30464170064664e-06,0.00496122200880126,0.705731682680206
"VLMC-2","TRERF1",-0.00259185723752786,0.236231005611355,0.991246020485047,-0.465596120267462,0.460412405792407,5,0.142170478427258,59.9927852826821,0.997919280210293
"VLMC-2","CHORDC1",0.378703153479662,0.142409627641551,0.00783142539442945,0.0995854122504617,0.657820894708863,5,0,0,0.308846212508015
"VLMC-2","SIMC1",0.0330683466371112,0.225087532642823,0.883200473493166,-0.408095110711806,0.474231803986029,5,0.12947215389314,59.6783696171824,0.984639696506893
"VLMC-2","TBCK",0.0254479026520142,0.118644360580227,0.830165794075653,-0.207090771054015,0.257986576358044,5,0.0300171515039809,49.0105738540106,0.977652301355658
"VLMC-2","KAZN",0.171601164968641,0.162756391551322,0.291725619415332,-0.147395500725649,0.490597830662931,5,0.0457432434808309,38.5098598371655,0.868360199133212
"VLMC-2","XPO1",0.249515288677888,0.082050847859203,0.00235806617378266,0.0886985819728745,0.410331995382901,5,0,0,0.214392827259591
"VLMC-2","DGCR2",-0.0335528711853247,0.211565153571757,0.87398910180548,-0.448212952569653,0.381107210199004,5,0.115236954102975,61.7964663299957,0.984193499791697
"VLMC-2","KIFAP3",-0.142186902258438,0.135121285462397,0.29266609469995,-0.407019755309493,0.122645950792616,5,0.04290873812665,55.1353366346176,0.868360199133212
"VLMC-2","CPE",-0.185176397431002,0.0831605572943872,0.0259650912210961,-0.34816809466228,-0.0221847001997231,5,0.00423715773610896,11.1572279646394,0.474709602542213
"VLMC-2","USP15",0.00335474373750082,0.152246534017981,0.982420081613901,-0.295042979708795,0.301752467183796,5,0.0637634072367012,66.8504421668789,0.997919280210293
"VLMC-2","NUDT4",0.313428338714483,0.120710557126883,0.00941712362932026,0.0768399941920274,0.550016683236939,5,0,0,0.326589730814777
"VLMC-2","ERO1B",0.214427976419747,0.115692681926164,0.0638211357463842,-0.0123255134303835,0.441181466269877,5,7.1618448848966e-06,0.0089317999877891,0.638749171054839
"VLMC-2","ARGLU1",-0.022065382079907,0.0834435842934586,0.791444949304045,-0.185611802036018,0.141481037876204,5,0.0122747046753709,39.7427848816248,0.974616458884373
"VLMC-2","GLCCI1",-0.0632887356169942,0.182509164790489,0.728763982817177,-0.421000125454839,0.294422654220851,5,0.0707075787932074,48.7272844345455,0.970230263441742
"VLMC-2","CEP83",-0.20722594566133,0.175509871069468,0.237718659002361,-0.551218971888755,0.136767080566095,5,0.0521892615209051,36.5744140239708,0.837992378025636
"VLMC-2","RBBP6",-0.00452322745561623,0.126075312886933,0.97138028705568,-0.251626300053624,0.242579845142392,5,0.0289409718256458,40.8670735809431,0.996582809694757
"VLMC-2","ADORA2B",-0.49358283889023,0.172792717015668,0.0042833654717306,-0.83225034103176,-0.154915336748699,5,0.0361749117231935,24.4110286386729,0.279101876090624
"VLMC-2","CPQ",-0.27901617596336,0.0865233522121101,0.00126082739092984,-0.44859883012077,-0.10943352180595,5,0,0,0.161310513183539
"VLMC-2","MGLL",-0.20197577766388,0.0896697470759468,0.0242944433521796,-0.377725252435552,-0.026226302892209,5,0,0,0.463446268066844
"VLMC-2","NRG2",-0.343430836952532,0.112283739480887,0.00222375226961302,-0.563502922384548,-0.123358751520516,5,1.17299070989404e-06,0.00155818703658322,0.207797295416061
"VLMC-2","SNX9",0.231935045220512,0.0990592837147801,0.0192127987701692,0.0377824168052077,0.426087673635816,5,0,0,0.412227190647226
"VLMC-2","VOPP1",-0.270076716715306,0.0928785881366785,0.00363926431554944,-0.452115404398125,-0.0880380290324871,5,2.67707034213146e-06,0.00486065025805487,0.266140981684963
"VLMC-2","LINC00662",-0.152026912617029,0.094943993836597,0.109326589662518,-0.338113721085152,0.0340598958510938,5,7.92122081358235e-07,0.00144678595198202,0.743385681091789
"VLMC-2","GPER1",-0.297041560011407,0.284768142850096,0.296902126737468,-0.855176863941953,0.261093743919139,5,0.229001910725231,64.8420014986499,0.871534689655184
"VLMC-2","COL6A1",-0.20940107938061,0.105880807926342,0.0479619147111665,-0.416923649570243,-0.00187850919097579,5,0.00864862138582558,14.3933019047264,0.593176033413103
"VLMC-2","PSMD12",0.0114005035900652,0.213440791252996,0.957402882560443,-0.406935760097538,0.429736767277669,5,0.111587507822531,58.1363879322265,0.996582809694757
"VLMC-2","NDRG2",-0.16134343130294,0.292840281542208,0.581660744638645,-0.735299836348238,0.412612973742358,5,0.310088583823122,85.8515731193082,0.935326469316026
"VLMC-2","FNBP4",0.0181048808596919,0.106702842035225,0.865265174875306,-0.191028846577415,0.227238608296799,5,0.0182069511117322,34.8335800686905,0.983030073718517
"VLMC-2","SRSF2",-0.227154378708481,0.107371815261631,0.03437997844197,-0.437599269575966,-0.0167094878409963,5,0,0,0.520965078733275
"VLMC-2","UBR4",-0.254434222534901,0.162227389564063,0.116792433682205,-0.572394063386414,0.063525618316611,5,0.0645201451377893,59.3542653479288,0.745521341379386
"VLMC-2","POM121C",-0.0649170672280842,0.188051322044363,0.729937019728939,-0.433490885680179,0.30365675122401,5,0.0813694146424149,53.708169879546,0.970230263441742
"VLMC-2","SEC23IP",0.20955222876229,0.114793329480153,0.0679295438142916,-0.0154385626842499,0.434543020208831,5,0,0,0.654770731780163
"VLMC-2","EPHA3",-0.185497573874646,0.154203890482004,0.229000679627303,-0.487731645495333,0.11673649774604,5,0.0121122253678439,9.40336511212383,0.835476015240007
"VLMC-2","TMEM204",-0.0971064881630514,0.24256613858651,0.688913517332376,-0.572527383661563,0.37831440733546,5,0.128195864841493,48.7285585989179,0.96509154879379
"VLMC-2","CAMSAP2",0.105894584194364,0.0653326763182105,0.105049432088298,-0.0221551084029411,0.23394427679167,5,1.88367333457153e-06,0.00724688314981226,0.743385681091789
"VLMC-2","ATP11C",-0.089123012553894,0.185619354701421,0.631128860105104,-0.452930262602244,0.274684237494456,5,0.0667478764640381,42.6005569933315,0.948488775291622
"VLMC-2","ST7",-0.189696939275925,0.120475562073524,0.115356243020153,-0.425824701957252,0.0464308234054013,5,0.0109974997602782,13.9243597645038,0.743406899463208
"VLMC-2","AAMDC",-0.256348887229635,0.145406754441173,0.07790422564103,-0.541340889043195,0.0286431145839243,5,0.0204031787037564,18.9035120709406,0.678937344705764
"VLMC-2","HNRNPUL1",0.301387814516293,0.112746796888499,0.00751451967470522,0.0804081532425824,0.522367475790004,5,0,0,0.308846212508015
"VLMC-2","CDC27",0.215058731991422,0.0840997004642082,0.0105522217101649,0.0502263479709674,0.379891116011877,5,3.67122504077868e-08,8.80104040958538e-05,0.350881715809722
"VLMC-2","KCTD20",0.116370628914035,0.126980546126088,0.359433780347108,-0.132506668230324,0.365247926058394,5,0.0109852991283822,12.7278954454144,0.89631967167359
"VLMC-2","TP63",-0.295333038124037,0.252799407851768,0.242705730136209,-0.790810772826555,0.200144696578481,5,0.133584512138942,45.6657884668829,0.840926918484417
"VLMC-2","B2M",-0.0851477704533453,0.158831393461929,0.591897009174285,-0.396451581253036,0.226156040346346,5,0.0418362218191266,35.5902808905225,0.936247531492292
"VLMC-2","WDPCP",0.00253785301151287,0.196672011874314,0.989704394021907,-0.382932207029176,0.388007913052202,5,0.120650337246201,73.7581165052522,0.997919280210293
"VLMC-2","MIA3",-0.0690252447191634,0.159001205979471,0.664202941445089,-0.380661881937361,0.242611392499034,5,0.051259983834037,47.1216821045313,0.958475335575627
"VLMC-2","MT2A",0.340038058281233,0.143679339442044,0.0179501183412811,0.0584317276523218,0.621644388910145,5,5.93810153024216e-07,0.00047292771505119,0.406956425281991
"VLMC-2","ADIPOR2",0.00844178610367251,0.186986006026751,0.963990442133171,-0.358044051321749,0.374927623529094,5,0.06887455619947,44.8230441092693,0.996582809694757
"VLMC-2","LUC7L3",-0.150677279318827,0.0562045039815816,0.00734298233066862,-0.260836082891665,-0.0405184757459888,5,0,0,0.308846212508015
"VLMC-2","ADGRF5",-0.354485173468076,0.119237733293891,0.00294973817921546,-0.588186836322295,-0.120783510613858,5,0,0,0.239941112747884
"VLMC-2","SMC3",-0.0834411840057361,0.15267392149115,0.584700295795594,-0.382676571506887,0.215794203495415,5,0.0320507900481267,28.3661491244777,0.935326469316026
"VLMC-2","PDIA3",-0.147047688687741,0.111283005751067,0.186373042534641,-0.365158372051196,0.0710629946757147,5,0.00616973623850388,9.13936069991295,0.812975415007207
"VLMC-2","LTN1",0.128057080666612,0.110516494810984,0.246572520716619,-0.0885512688605247,0.344665430193749,5,0.00542570065994802,7.94944217435418,0.842480864401571
"VLMC-2","ZFP36L2",-0.294288175988551,0.249601039341355,0.238384535085732,-0.783497223601372,0.194920871624271,5,0.153720554632891,57.8038047045951,0.837992378025636
"VLMC-2","GANAB",-0.10505602150196,0.170736759575779,0.538350069040619,-0.439693921107561,0.229581878103641,5,0.0507900155354402,37.9810439640127,0.925314633394202
"VLMC-2","TCF7L1",-0.175972340833064,0.101239020749107,0.0821778845276358,-0.374397175331416,0.0224524936652877,5,9.23359185239673e-06,0.0137163864970409,0.692848129200418
"VLMC-2","CLCN6",-0.417909812362223,0.413262015557241,0.311898412343167,-1.22788847903285,0.392068854308401,5,0.675599694037056,89.3339733793322,0.877270724002829
"VLMC-2","AZI2",0.212704714081314,0.116232655558893,0.0672512839966658,-0.0151071046415651,0.440516532804193,5,0,0,0.651969220071423
"VLMC-2","THOC1",-0.197048223580773,0.16940252487635,0.244750266232702,-0.52907107122857,0.134974624067023,5,0.0692340663620135,57.1449513643622,0.842480864401571
"VLMC-2","ANKS1B",0.0184301268244111,0.175904757238972,0.916555674722826,-0.326336862073235,0.363197115722057,5,0.0711697678620177,54.7961142516367,0.991152181757771
"VLMC-2","PCID2",0.192882841280606,0.190277392421673,0.310729314129268,-0.180053994938069,0.565819677499281,5,0.0784225467822348,49.9966264771578,0.877270724002829
"VLMC-2","NAP1L1",0.124094314803744,0.0769140039794826,0.106654074203408,-0.0266543629028122,0.274842992510301,5,0,0,0.743385681091789
"VLMC-2","XAF1",-0.198252606418597,0.175695790346539,0.259157090678131,-0.542610027733113,0.146104814895919,5,0.0393549189995131,25.9095974781789,0.842604428159728
"VLMC-2","PPP1R12C",-0.366722539162718,0.108512399949302,0.000726059191047081,-0.579402934939355,-0.154042143386081,5,0,0,0.135692395482355
"VLMC-2","FAM110B",0.20778667740009,0.0961601739981798,0.0307077596622245,0.0193161996165525,0.396257155183627,5,0,0,0.499038181177406
"VLMC-2","NCOR2",-0.0803641509878614,0.13663751243439,0.556427694793448,-0.348168754296409,0.187440452320686,5,0.0394007356187324,49.5316320802166,0.930792026496847
"VLMC-2","YWHAE",-0.171783149651785,0.0981274360986231,0.0800126219282258,-0.364109390300342,0.0205430909967718,5,0.00907093517732665,18.3568575440431,0.684891756148987
"VLMC-2","PFDN1",-0.163082513321317,0.130049419093791,0.209840491230439,-0.417974690955503,0.0918096643128683,5,0,0,0.817562161019663
"VLMC-2","RUNX2",0.178603064897316,0.183968569171311,0.331630615523902,-0.18196870496582,0.539174834760452,5,0.0531793312265687,33.622425829533,0.887514232794276
"VLMC-2","JADE1",0.440689059800911,0.12442421297917,0.000397365718032967,0.196822083556996,0.684556036044826,5,0.0097090533277348,11.4515008030754,0.111394856288575
"VLMC-2","RSRC1",0.175716140432961,0.0860412492876798,0.0411285838025193,0.00707839064427579,0.344353890221646,5,0,0,0.561522852959611
"VLMC-2","RAD23B",-0.0392204339612014,0.193833000656937,0.839649864005631,-0.419126134264127,0.340685266341724,5,0.104847959360921,67.794986057353,0.978379682201228
"VLMC-2","FGF2",0.0195645945709061,0.195014233218659,0.920087158763893,-0.362656279010359,0.401785468152172,5,0.0669132244894627,38.0535071865648,0.991152181757771
"VLMC-2","KLHL7",0.0100076009906137,0.190305351451408,0.958060918722842,-0.362984033919383,0.38299923590061,5,0.0839694315485244,53.5146135764572,0.996582809694757
"VLMC-2","KMT2E",0.0801661076976668,0.0614296327968392,0.191890426018526,-0.0402337601676585,0.200565975562992,5,0,0,0.812975415007207
"VLMC-2","GAPVD1",0.0993217929672872,0.0875045442857893,0.256355518608193,-0.0721839623164499,0.270827548251024,5,0.00134177679367449,3.02513262432425,0.842480864401571
"VLMC-2","AKAP9",-0.099538753472628,0.0633915843101933,0.116363864986836,-0.223783975643541,0.0247064686982851,5,0,0,0.745521341379386
"VLMC-2","ADAMTS10",-0.298064109087649,0.102331277026122,0.00358276073151051,-0.49862972655084,-0.0974984916244576,5,7.2071007792748e-06,0.0115726581292253,0.266140981684963
"VLMC-2","BCL6",0.443549984753919,0.127155431163567,0.000486192508399976,0.194329919234665,0.692770050273174,5,2.58119390106058e-06,0.00271571261666211,0.120493044343179
"VLMC-2","HMGN3",-0.26177077046596,0.101738736934882,0.0100829797004354,-0.461175030690924,-0.062366510240996,5,0,0,0.339210289936291
"VLMC-2","DPP10",-0.0615205763770155,0.327177627169383,0.850849858391206,-0.702776942176279,0.579735789422248,5,0.307363658490773,70.8524259468242,0.980957024980027
"VLMC-2","FOXJ3",0.180692462987263,0.0708429992848053,0.0107536322971709,0.0418427358322474,0.319542190142278,5,0,0,0.350881715809722
"VLMC-2","C1D",0.0929150883631495,0.148926081172528,0.532692791435432,-0.198974667093693,0.384804843819992,5,0.0257455025649424,23.4456378541632,0.925314633394202
"VLMC-2","RASAL2",0.175090684405132,0.0744163255398526,0.0186299909314585,0.029237366485213,0.320944002325051,5,1.262497210027e-06,0.00373992034894345,0.406956425281991
"VLMC-2","DIP2C",0.146837584951102,0.0669711839174212,0.0283399077472158,0.0155764764709479,0.278098693431255,5,0,0,0.4900634783087
"VLMC-2","CKB",-0.2891093958047,0.102913012078574,0.00496555455455884,-0.490815193019241,-0.0874035985901583,5,0.00173325040749903,2.69717198783119,0.303803742892161
"VLMC-2","RNF4",0.117342470094079,0.119080793246253,0.324426572325894,-0.116051595919039,0.350736536107196,5,0.00255585213283023,3.05582516567586,0.885943206465361
"VLMC-2","SERF2",-0.00969383772603756,0.184908931295368,0.958190110389698,-0.372108683484751,0.352721008032676,5,0.0604177232587307,37.9959695041872,0.996582809694757
"VLMC-2","PHC2",0.251059171238361,0.106402046127825,0.0182979384548309,0.0425149929464544,0.459603349530267,5,0,0,0.406956425281991
"VLMC-2","STIM2",-0.219648688394459,0.0995523971954907,0.0273586197520629,-0.414767801472247,-0.0245295753166709,5,0,0,0.4900634783087
"VLMC-2","HERC2",0.0609692698372412,0.128995385539955,0.63646511201418,-0.19185703999293,0.313795579667413,5,0.0391638726116048,56.3608430269855,0.948488775291622
"VLMC-2","ZEB1-AS1",-0.521323511202286,0.240198466198945,0.0299775777422122,-0.992103854093978,-0.0505431683105929,5,0.139333902612513,53.5400242685849,0.494336134925498
"VLMC-2","TMEM50B",0.184433001663772,0.0953707170499837,0.0531311340833555,-0.00249016893395623,0.3713561722615,5,0,0,0.60536852859794
"VLMC-2","TRA2A",0.0935149359938977,0.0702817630326693,0.18332992762718,-0.0442347883201126,0.231264660307908,5,0.00167942465128561,5.90943965742292,0.812975415007207
"VLMC-2","NUS1",0.170896502657092,0.133741760208129,0.201316575128544,-0.0912325305798327,0.433025535894016,5,0.0155685059212541,16.8415671836943,0.81467224296579
"VLMC-2","DCP1A",0.119311840137963,0.146190870342252,0.414421542457766,-0.167217000601416,0.405840680877342,5,0.0393673143631547,41.1185430345617,0.915968683628608
"VLMC-2","TMEM242",-0.118756532104857,0.132817914995163,0.371252139221867,-0.379074861997079,0.141561797787366,5,0.00679367607001061,6.91839094408131,0.898483594490906
"VLMC-2","FANCC",-0.20834142705296,0.118107683996917,0.0777327311701966,-0.439828233984355,0.023145379878436,5,0.00466250996195421,5.52478835039252,0.678937344705764
"VLMC-2","TBC1D8",0.226275705846339,0.111129285169865,0.0417354652160452,0.0084663092857224,0.444085102406957,5,0,0,0.562058281753763
"VLMC-2","ARHGAP29",-0.217087520875656,0.124276065630338,0.0806691192351833,-0.460664133651454,0.0264890919001413,5,0.0277287287841864,39.8172374917108,0.687014980018118
"VLMC-2","PJA2",-0.134123470178487,0.0939990856002843,0.153620452168201,-0.318358292534742,0.0501113521777682,5,0.0124503512904621,29.588287360493,0.781814222532268
"VLMC-2","CTTN",-0.00302916518980298,0.127761246358887,0.981084266303204,-0.25343660667317,0.247378276293564,5,0.0279093582764846,37.6332434017663,0.997919280210293
"VLMC-2","CLCN3",-0.108585694446307,0.16260243635205,0.504262101093167,-0.427280613494791,0.210109224602178,5,0.0639574569838813,58.4511305855708,0.921922667433377
"VLMC-2","PUM1",0.0416435401474041,0.0908619111824562,0.646724857851326,-0.136442533336687,0.219729613631495,5,0.0120906375699936,31.0715828682459,0.950035992057582
"VLMC-2","ACYP2",0.0367694630366251,0.0832035267374312,0.65854570150576,-0.126306452755455,0.199845378828706,5,0.00794306223262642,23.1385309266629,0.954885922421834
"VLMC-2","FNIP2",0.147229574216752,0.102934979713249,0.152626272857708,-0.0545192787705765,0.348978427204081,5,0.00498294675040605,8.32368210677224,0.78041858647447
"VLMC-2","PSME4",0.0128138815286277,0.119743399889717,0.914780116894483,-0.221878869641596,0.247506632698851,5,0.0200623924192124,29.2497200972014,0.991152181757771
"VLMC-2","PLEKHB2",0.200108641717593,0.117476962079804,0.0884958094613097,-0.0301419729720002,0.430359256407185,5,1.28475619702972e-06,0.00160837881266595,0.707366615719582
"VLMC-2","PRKX",0.0846233050231877,0.153240045472966,0.580792773471984,-0.215721665093107,0.384968275139482,5,0.0269232540735727,23.0216026736221,0.935326469316026
"VLMC-2","NCOA2",0.146890495768317,0.0659402054206064,0.0259050810506536,0.0176500680107556,0.276130923525878,5,0,0,0.474709602542213
"VLMC-2","ATXN7L1",-0.0720077004475986,0.152314519229093,0.636386811584558,-0.370538672459155,0.226523271563958,5,0.0513905190166127,51.6453890349447,0.948488775291622
"VLMC-2","TCEAL4",0.0625002498078851,0.191085710013837,0.743607632495344,-0.312020859779499,0.43702135939527,5,0.0672665280852528,41.3642804475969,0.970230263441742
"VLMC-2","PTCH1",-0.41952503387413,0.127618473556928,0.00101139428472147,-0.669652645807686,-0.169397421940575,5,4.8869616850118e-06,0.004987206973778,0.154651380627409
"VLMC-2","LAMB2",-0.160722675233628,0.122941313068782,0.191106711376893,-0.401683221060504,0.080237870593248,5,0.000253636587027774,0.270113541582738,0.812975415007207
"VLMC-2","STRN",-0.226393315165683,0.0966972930155063,0.0192188786169416,-0.415916526878592,-0.0368701034527741,5,0,0,0.412227190647226
"VLMC-2","GSPT1",0.091886734728496,0.123602687591468,0.45723711174038,-0.150370081343137,0.334143550800129,5,0.0140015805360885,17.8489299857913,0.920413727425774
"VLMC-2","CCNI",0.0281393429128781,0.11200222954708,0.801629231759543,-0.191380993187587,0.247659679013343,5,0.0153503698516102,24.8758012070141,0.974861328880033
"VLMC-2","PACSIN2",0.128147267980943,0.101971461168665,0.208863237581785,-0.0717131233605648,0.32800765932245,5,5.06832730901829e-06,0.0084719144190787,0.817137998846356
"VLMC-2","ZFYVE16",-0.0324133781538701,0.107079983537026,0.762116596407363,-0.242286289351583,0.177459533043843,5,0.0182642028036601,34.8037256056131,0.972218195929783
"VLMC-2","KIFC3",-0.502757354625002,0.343117126540213,0.142848760256353,-1.17525456512269,0.169739855872688,5,0.414867887965599,82.5534125280317,0.7729329533465
"VLMC-2","PDGFRB",-0.240492195496785,0.0906627556239379,0.00798740204762107,-0.418187931258859,-0.0627964597347101,5,0,0,0.308846212508015
"VLMC-2","DHX36",0.23099004854676,0.0769798870685425,0.00269400000554441,0.0801122423584557,0.381867854735064,5,1.67894667458265e-06,0.00484112438129413,0.23237476970901
"VLMC-2","ANKAR",-0.163661222387808,0.132847277134395,0.217967707862186,-0.424037101015434,0.0967146562398179,5,0.0278448490793309,33.3418644362106,0.827330836192111
"VLMC-2","XRN2",0.227971169581664,0.0949725440970109,0.0163776007653952,0.041828403631381,0.414113935531948,5,2.06549169501407e-06,0.003913891102827,0.406956425281991
"VLMC-2","PPP4R1",-0.00282480666596012,0.156088128779092,0.985561063365306,-0.308751917487231,0.30310230415531,5,0.0450518452614255,41.1542702630598,0.997919280210293
"VLMC-2","PHF20",-0.125172909580899,0.0869011476051666,0.149752647962644,-0.295496029102224,0.045150209940427,5,0.00244411079783211,5.63462206388016,0.774161722178758
"VLMC-2","RNF144A",-0.172479095293847,0.238290860883677,0.469177783892398,-0.639520600470899,0.294562409883205,5,0.1621994363362,70.7580461670071,0.920413727425774
"VLMC-2","PPM1G",0.499367605419076,0.408872467294643,0.221961659141524,-0.302007704748456,1.30074291558661,5,0.652952229834223,88.1461805766708,0.830814583687978
"VLMC-2","NHSL1",-0.363759958881703,0.19756373308631,0.0655880931552317,-0.750977760382155,0.0234578426187498,5,0.111886297050303,66.1471007980275,0.642615392238224
"VLMC-2","MYO10",-0.216459687829181,0.124103934350057,0.0811275845832144,-0.459698929495016,0.0267795538366548,5,0,0,0.689174733681649
"VLMC-2","ARMCX4",-0.147207354937227,0.091554986777437,0.107866432925265,-0.326651831626045,0.03223712175159,5,0.00364527319077982,7.73437236250718,0.743385681091789
"VLMC-2","RUFY3",0.0392425297437533,0.071332588928148,0.582227013561679,-0.100566775479417,0.179051834966924,5,0.00501465022131043,19.3423415193669,0.935326469316026
"VLMC-2","CLTCL1",-0.356322609140379,0.129982197031305,0.00611931471639501,-0.611083033953126,-0.101562184327633,5,0,0,0.308846212508015
"VLMC-2","ROR1",-0.319177681513305,0.155473661833494,0.0400786576492753,-0.623900459251512,-0.0144549037750985,5,0.0274664164475934,22.739707382527,0.559438192249635
"VLMC-2","FAM162B",-0.0998408633723492,0.139493470707841,0.474152762970652,-0.37324304203821,0.173561315293511,5,0.0047948644640975,4.20273745871849,0.920413727425774
"VLMC-2","MSANTD2",0.218067296756677,0.125644389552851,0.0826361431640839,-0.0281911816264321,0.464325775139786,5,5.1399794609502e-06,0.00562809039060207,0.693222146719586
"VLMC-2","KLHL36",0.113827769112552,0.14085316415643,0.419015334126578,-0.162239359742559,0.389894897967662,5,0.0102063483054255,9.35091196956485,0.917504708559754
"VLMC-2","CLPTM1",-0.0894490482545285,0.138397446081066,0.518072087044564,-0.360703058125742,0.181804961616685,5,0.0221288479512466,23.2022352253462,0.925314633394202
"VLMC-2","DYNC1LI1",-0.222556445823246,0.114863188376546,0.0526746659404952,-0.447684158190715,0.00257126654422418,5,0.00874621324938373,12.2349946049361,0.603452798111825
"VLMC-2","HLCS",-0.0306387552235363,0.163524372571314,0.851374409080164,-0.351140636057821,0.289863125610749,5,0.0530707007021112,44.2626621059196,0.980957024980027
"VLMC-2","ASAH1",-0.0554747924654502,0.170621652467487,0.745080135933059,-0.389887086284435,0.278937501353534,5,0.0569918156332325,43.8566185027216,0.970230263441742
"VLMC-2","CLU",-0.11342709539544,0.115233123488091,0.32495467006026,-0.339279867258155,0.112425676467274,5,0.00640157258909844,8.5695520543336,0.885943206465361
"VLMC-2","EIF2AK3",0.128380687452778,0.232713645604525,0.581175790884717,-0.327729676643108,0.584491051548664,5,0.12208897154742,50.7719137961268,0.935326469316026
"VLMC-2","SEMA5A",-0.459919244615176,0.0923509869879298,6.35439797433821e-07,-0.640923853048245,-0.278914636182106,5,0,0,0.00213761947856737
"VLMC-2","ZBTB1",-0.0683856790755458,0.102309945998436,0.503867622145366,-0.268909488492719,0.132138130341627,5,0.00822409912730364,14.6645657198349,0.92181451095742
"VLMC-2","FAXDC2",-0.423251632662334,0.134561702362973,0.00165854602167097,-0.686987722992159,-0.159515542332509,5,0,0,0.169071176269731
"VLMC-2","RAB3GAP2",0.00514781638081339,0.149714958801079,0.972570850268368,-0.2882881108162,0.298583743577827,5,0.0519703316578677,54.2078420657821,0.996582809694757
"VLMC-2","STAT4",0.276357058588645,0.13538855750433,0.0412295317125517,0.0110003619613286,0.541713755215961,5,0,0,0.561522852959611
"VLMC-2","ACOX1",-0.187180972988501,0.257518939992124,0.467309923810521,-0.691908820709995,0.317546874732993,5,0.194152194607773,70.9656515692239,0.920413727425774
"VLMC-2","COMMD10",-0.0647620336000424,0.119742556454818,0.588615167614835,-0.29945313166824,0.169929064468156,5,0.0259459530636335,40.1173042166396,0.935326469316026
"VLMC-2","MPPED2",-0.349404542581359,0.103001665610548,0.000693281790731838,-0.551284097525671,-0.147524987637047,5,0,0,0.135692395482355
"VLMC-2","NAA38",-0.0351930599203888,0.193926933040168,0.855994067456185,-0.415282864311428,0.344896744470651,5,0.085447647476762,52.9807237111953,0.980957024980027
"VLMC-2","MTR",0.02310796943959,0.130625312947958,0.859584824449116,-0.232912939407682,0.279128878286862,5,0.0296573182051957,38.4786565876255,0.981579833098383
"VLMC-2","ARFGAP3",0.234785929010364,0.117933368434182,0.0464989821318242,0.00364077430387341,0.465931083716854,5,0,0,0.590992023566818
"VLMC-2","RPSA",0.337094583321068,0.121678470703537,0.00559923664069975,0.098609163048224,0.575580003593911,5,7.1372363922033e-06,0.00818349185192324,0.303803742892161
"VLMC-2","RBFOX1",0.0579943239632495,0.169420832021907,0.732118148374774,-0.274064405030499,0.390053052956998,5,0.0617896479690608,51.397631984391,0.970230263441742
"VLMC-2","PCSK7",0.0311357843002698,0.189885490252456,0.869753680828201,-0.341032937781275,0.403304506381814,5,0.0913477183071579,59.7090994025221,0.984193499791697
"VLMC-2","KLF9",0.265727883432446,0.129131991846987,0.0396092835684982,0.0126338301604316,0.51882193670446,5,8.27316571164826e-07,0.000831986788486244,0.559438192249635
"VLMC-2","GPBP1L1",-0.10949180582483,0.156291073129544,0.483575525131588,-0.415816680263852,0.196833068614193,5,0.0592620227636302,59.0222725612173,0.920413727425774
"VLMC-2","TMF1",0.137569749235531,0.0986078609754663,0.162979808200445,-0.0556981068689156,0.330837605339978,5,0,0,0.802884254678729
"VLMC-2","IFT88",-0.055425297648832,0.178733330399663,0.75648452130558,-0.405736188069069,0.294885592771405,5,0.0757183809197519,55.7558704035033,0.971989194774757
"VLMC-2","SNAP23",0.2666116293187,0.125707342075614,0.0339309368011759,0.0202297662582408,0.51299349237916,5,8.08617981416354e-06,0.0087253215896127,0.516487200901157
"VLMC-2","MECP2",0.220592500190397,0.0810486707165186,0.00649414153507205,0.0617400245911747,0.37944497578962,5,0,0,0.308846212508015
"VLMC-2","ERLEC1",0.162959215755588,0.31717879027323,0.607407803391836,-0.458699789839926,0.784618221351102,5,0.351566857131904,81.696053604977,0.944232832999139
"VLMC-2","HMG20A",0.0324414645446971,0.130295016000898,0.803372621929468,-0.222932074182133,0.287815003271527,5,0.0180975836454555,21.2232367481437,0.974861328880033
"VLMC-2","WIPI1",-0.061458138012734,0.277905911717915,0.824977753047167,-0.606143716070616,0.483227440045148,5,0.206090694647337,61.7274493660827,0.977652301355658
"VLMC-2","MSI2",-0.3185858015934,0.236022470701358,0.177076514376654,-0.781181343710222,0.144009740523421,5,0.202219847253534,84.6772052663847,0.812975415007207
"VLMC-2","KIF13A",-0.295706174734797,0.0777805659718016,0.000143648523918999,-0.44815328273667,-0.143259066732924,5,0,0,0.0898993349782368
"VLMC-2","PARG",-0.143112049796491,0.172690258408287,0.40726227972454,-0.481578736757649,0.195354637164666,5,0.0646654658208252,51.4426731627346,0.915088506917903
"VLMC-2","BTRC",0.145666080409608,0.0742699458767758,0.0498433535858909,9.96613573886473e-05,0.291232499461828,5,4.7935415674401e-06,0.0146088460692724,0.596885940543393
"VLMC-2","TBC1D20",-0.0846746403263842,0.124337651423023,0.495867929623591,-0.328371959037805,0.159022678385036,5,0.00321220780534076,3.73057340696361,0.921578486413796
"VLMC-2","ZMYND8",0.00926075666484456,0.123004775617814,0.939985742875954,-0.231824173472501,0.25034568680219,5,0.0205237214222017,28.2769956732295,0.994661788902949
"VLMC-2","N4BP2L1",0.0689028639561593,0.127667235145384,0.589399309082514,-0.181320318934599,0.319126046846917,5,0.0147361668871543,17.6081965125118,0.935326469316026
"VLMC-2","CLTA",-0.201868060566511,0.0991748128822193,0.0418028904101759,-0.39624712198916,-0.00748899914386275,5,2.56487173963726e-08,4.39944887106498e-05,0.562058281753763
"VLMC-2","IRAK3",0.374548594569864,0.14064678534523,0.00774372603990968,0.0988859607518773,0.65021122838785,5,0.00218476188072655,1.84945508063547,0.308846212508015
"VLMC-2","ABHD2",0.126055688325708,0.0841881600870611,0.134312878666565,-0.0389500733696244,0.29106145002104,5,1.35032428841611e-06,0.00294052407562327,0.771582957702176
"VLMC-2","KLC1",-0.172138311273175,0.0788207114804745,0.0289679564207265,-0.326624067010727,-0.0176525555356218,5,2.92505440317746e-07,0.000690011660786198,0.4900634783087
"VLMC-2","ZFP36L1",0.215268980167451,0.339598665289967,0.526151108836922,-0.450332172998756,0.880870133333658,5,0.446898586520687,86.6326191476161,0.925314633394202
"VLMC-2","OTUD4",0.193454348371122,0.103939781764874,0.0627137293296964,-0.0102638804489839,0.397172577191228,5,0,0,0.634472119547043
"VLMC-2","C5orf24",0.175390568084591,0.117422766905994,0.135262552959338,-0.0547538260161989,0.405534962185381,5,4.01896242582219e-06,0.00486684704247069,0.771582957702176
"VLMC-2","PRKAR2A",0.0165322860463043,0.180266246262136,0.926928149660946,-0.336783064255709,0.369847636348318,5,0.0801416989047347,58.0714713622523,0.992159394239645
"VLMC-2","TCERG1",0.116080062377041,0.0929926614554739,0.2119317523506,-0.066182204902214,0.298342329656296,5,0.00255058995988528,5.2837049065834,0.818296084893299
"VLMC-2","CHD9",-0.118671079407536,0.0575469990343671,0.0391925718976003,-0.231461124933257,-0.00588103388181524,5,0,0,0.556303003643575
"VLMC-2","HDX",0.139382701960899,0.129099640091241,0.280297116310703,-0.113647943035016,0.392413346956815,5,5.04096193818211e-08,5.17235206594239e-05,0.85839310941465
"VLMC-2","NT5C2",0.110973059671638,0.0760158813994449,0.144326691969722,-0.0380153301243418,0.259961449467618,5,0,0,0.774161722178758
"VLMC-2","ZNF609",0.0525504547881982,0.082858397757091,0.525937243152341,-0.109849020632395,0.214949930208791,5,0.003176770590804,8.2837849085292,0.925314633394202
"VLMC-2","HK1",0.106678919509685,0.0889362750902585,0.23033420723902,-0.0676329765863686,0.280990815605738,5,0.00210839651484926,4.57317320542864,0.835476015240007
"VLMC-2","TBL1XR1",-0.167208669295816,0.0689690911807669,0.0153337028706188,-0.302385604056579,-0.0320317345350542,5,0,0,0.406956425281991
"VLMC-2","TMEM263",0.243122039786817,0.167066880940461,0.145603440369079,-0.0843230298659285,0.570567109439562,5,0.0393762012454216,29.4087391479728,0.774161722178758
"VLMC-2","ITGB5",-0.213903632848392,0.10515662831617,0.0419371666825786,-0.42000683708375,-0.00780042861303321,5,3.56640642048886e-06,0.00524691045711576,0.562058281753763
"VLMC-2","NUP107",-0.191321103595287,0.131349751275353,0.145233018606461,-0.448761885473272,0.0661196782826982,5,0,0,0.774161722178758
"VLMC-2","SNX3",0.100490587866803,0.239780828888337,0.675147797695289,-0.369471200937499,0.570452376671105,5,0.169792472174292,70.9342198133767,0.961522787115495
"VLMC-2","GPCPD1",-0.100269208802517,0.115067359966729,0.383538103824802,-0.325797090133412,0.125258672528377,5,0,0,0.903121483964797
"VLMC-2","CLSTN1",-0.147552661142562,0.102397845302442,0.149591949883655,-0.348248750029852,0.0531434277447273,5,0.0130327289896191,25.6242911784747,0.774161722178758
"VLMC-2","B3GNT2",0.00502772304781625,0.181183834469317,0.977862109845945,-0.350086067092911,0.360141513188543,5,0.0612413995481929,40.5219478011421,0.997919280210293
"VLMC-2","EMC2",-0.0964779159045449,0.0905916111436441,0.286886669519306,-0.274034211047545,0.0810783792384551,5,0.00290861211106495,6.05282481142465,0.864730219597247
"VLMC-2","OFD1",-0.135839638446456,0.147169426137152,0.35599920923048,-0.424286413300702,0.15260713640779,5,0.036621959608497,37.5841344051646,0.89567209561799
"VLMC-2","POLA1",-0.306757260182468,0.291511516568786,0.292662417390981,-0.878109333735939,0.264594813371003,5,0.293555903372749,82.3219792161203,0.868360199133212
"VLMC-2","ZBTB10",0.22207700526112,0.171699323441151,0.195870534857628,-0.114447484853429,0.558601495375669,5,0.0400911121899032,27.8855199611145,0.812975415007207
"VLMC-2","SAR1A",-0.173747217103962,0.147367102261582,0.238394383403845,-0.462581430042694,0.11508699583477,5,0.0279626100821775,26.5178129193066,0.837992378025636
"VLMC-2","FAM177A1",0.175001629451062,0.10089819539316,0.082840458674576,-0.0227551996246173,0.372758458526741,5,0,0,0.693222146719586
"VLMC-2","RCSD1",-0.0511218509706287,0.219741882279804,0.816037078231231,-0.481808026134084,0.379564324192827,5,0.126032685042256,58.8673789252371,0.975901409921425
"VLMC-2","ARHGAP35",-0.0336066304871555,0.126889822072549,0.791125860593468,-0.282306111754047,0.215092850779736,5,0.0327550113701206,47.6372986306719,0.974616458884373
"VLMC-2","CGGBP1",-0.156985618673773,0.0946792758963496,0.0973017360129865,-0.342553589512949,0.0285823521654036,5,0,0,0.726436447418101
"VLMC-2","L3MBTL4",0.0430394018394258,0.243392302644641,0.859640823379161,-0.434000745458344,0.520079549137196,5,0.184444137816365,75.3532139888312,0.981579833098383
"VLMC-2","KIF3A",-0.236614757743526,0.0851447858971449,0.00545316555857453,-0.403495471573304,-0.0697340439137482,5,3.00171008088861e-06,0.00670428656387523,0.303803742892161
"VLMC-2","ITIH5",-0.365115141502313,0.131369192959577,0.00544752389427662,-0.622594028381177,-0.107636254623448,5,9.1966809157529e-07,0.000941852600791362,0.303803742892161
"VLMC-2","ATP8A1",-0.251109025766351,0.106385386846069,0.0182566463799035,-0.459620552466007,-0.0425974990666946,5,1.65500810175286e-06,0.00243571036635352,0.406956425281991
"VLMC-2","CDKN1B",0.263276064890144,0.121273363318642,0.0299364129003843,0.025584640501565,0.500967489278723,5,0,0,0.494336134925498
"VLMC-2","FRA10AC1",0.105881481810853,0.107393804805079,0.324173368908451,-0.104606507769826,0.316369471391533,5,0.000865229309428776,1.242710380936,0.885943206465361
"VLMC-2","MBD2",0.15542763152003,0.0992445669231777,0.11732352114659,-0.0390881453106739,0.349943408350733,5,0,0,0.746125543188687
"VLMC-2","G3BP1",0.128458125190708,0.101623361074825,0.206208141202292,-0.0707200025038599,0.327636252885275,5,0,0,0.817137998846356
"VLMC-2","CD46",-0.202546350486869,0.077433293035698,0.00890309967692062,-0.354312816041173,-0.0507798849325651,5,2.07842776722307e-06,0.00562098471170499,0.322043304442591
"VLMC-2","CEBPD",0.974349158267933,0.374678786992799,0.00930902111468856,0.239992229990893,1.70870608654497,5,0.354175732775575,56.3012127548279,0.326589730814777
"VLMC-2","ANO6",0.00350225285411207,0.141661140609632,0.980276109367938,-0.274148480749632,0.281152986457856,5,0.0368795865833353,39.9604596126767,0.997919280210293
"VLMC-2","ZC3HAV1",0.179379502809409,0.136462636645189,0.188679558228628,-0.0880823502505358,0.446841355869355,5,6.43761018904573e-06,0.00607019848651202,0.812975415007207
"VLMC-2","ZNF346",-0.276482596330897,0.119215178843609,0.0203847611331532,-0.510140053274873,-0.0428251393869215,5,2.5012625251152e-06,0.0030112669209447,0.43198504689658
"VLMC-2","ADGRA2",-0.416873112407631,0.130466977497452,0.00139715319979738,-0.672583689474435,-0.161162535340826,5,0,0,0.162069771176496
"VLMC-2","TMEM50A",-0.125084195463237,0.122122217528249,0.305715219664859,-0.36443934353077,0.114270952604297,5,0.00424890474579993,5.08923980982994,0.876748507205956
"VLMC-2","TMEM184B",-0.125561560930654,0.205533600524262,0.541262291873491,-0.528400015571049,0.277276893709741,5,0.109669123364461,61.4423805602551,0.925314633394202
"VLMC-2","RNF24",0.296614602639524,0.118574888660734,0.0123669860206698,0.0642120913936388,0.52901711388541,5,0,0,0.372115996060855
"VLMC-2","ZNF680",0.203778330454465,0.101593548817606,0.044875499760189,0.00465863371034642,0.402898027198584,5,3.38503153118112e-06,0.00553655511063064,0.582861703448941
"VLMC-2","ACIN1",0.116982832918012,0.112262573265136,0.297390073842207,-0.103047767493444,0.337013433329467,5,0.0166875355401162,27.6272237414089,0.871703380673317
"VLMC-2","KHDRBS3",0.0563844027238707,0.160073344079409,0.724657494060186,-0.257353586556659,0.3701223920044,5,0.0455469263265349,39.8483301415006,0.970230263441742
"VLMC-2","RTN1",0.00302337275425806,0.147688915667676,0.983667467838037,-0.286441582870161,0.292488328378677,5,0.0469580525694216,51.7516393253264,0.997919280210293
"VLMC-2","VMP1",0.24122914318011,0.119169585555888,0.0429443407586987,0.00766104743800514,0.474797238922214,5,2.27441265142761e-07,0.000273679755236131,0.567519890948202
"VLMC-2","MCAM",-0.272267462764955,0.279888500135299,0.330667046081573,-0.820838842717075,0.276303917187165,5,0.214245491988542,62.3669769601008,0.886230977327376
"VLMC-2","CALU",-0.10860448479937,0.124618029387096,0.383481765627062,-0.352851334222433,0.135642364623692,5,0.00840088450377645,9.96095170491418,0.903121483964797
"VLMC-2","NOTCH1",-0.0677462184013568,0.175661075860874,0.69974525275042,-0.412035600574227,0.276543163771514,5,0.0506099121616727,35.1458046070534,0.967813462982102
"VLMC-2","LRCH1",0.0746389386164343,0.110377310663639,0.49890331359462,-0.141696614994687,0.290974492227555,5,0.0126528389509147,20.7050528783693,0.92181451095742
"VLMC-2","LSM8",-0.0647546812325756,0.188269290730269,0.730886050982691,-0.433755710458803,0.304246347993652,5,0.0731011823159637,46.6586575494704,0.970230263441742
"VLMC-2","HES4",-0.175796029385321,0.193824033441112,0.364413260525184,-0.555684154268186,0.204092095497545,5,0.0769518961668063,46.3783495199537,0.89782846718252
"VLMC-2","CTNNA1",0.0118909431139684,0.11933310932319,0.920626197119659,-0.221997653322665,0.245779539550602,5,0.0273993843408734,43.5980746820379,0.991152181757771
"VLMC-2","CCSER2",-0.108495888407267,0.106938085377312,0.31031211626811,-0.318090684322468,0.101098907507933,5,0.0237188311691001,47.9042227917816,0.877270724002829
"VLMC-2","UBAP2",-0.131123759713568,0.231308509781175,0.570796912539254,-0.584480108202302,0.322232588775165,5,0.163594724918834,73.8191309602381,0.933407795281386
"VLMC-2","KLF12",-0.0931420201060024,0.130544377118814,0.475543013658397,-0.349004297643093,0.162720257431088,5,0.0408714566814186,56.3645194887575,0.920413727425774
"VLMC-2","ARHGAP12",-0.219590696205914,0.0964743928252338,0.0228367189213149,-0.408677031573742,-0.0305043608380863,5,0,0,0.451898367360608
"VLMC-2","LMF1",-0.325312290335948,0.120906296466537,0.00713204570783856,-0.562284276914483,-0.0883403037574136,5,1.39459345362767e-07,0.000163909865842452,0.308846212508015
"VLMC-2","SORT1",0.182797792382181,0.0856891869329273,0.0329029467439738,0.0148500721291234,0.350745512635239,5,4.69827974448783e-06,0.010574476000425,0.510102882978777
"VLMC-2","HERPUD1",-0.121195331701713,0.119328003185961,0.309796703561908,-0.355073920293278,0.112683256889851,5,3.3782838976819e-06,0.00393919470462677,0.877270724002829
"VLMC-2","DENND5A",0.0198837928870097,0.129701378045486,0.878158225239771,-0.234326236827357,0.274093822601376,5,0.0327133859940287,43.8890712192126,0.984193499791697
"VLMC-2","EMX2OS",-0.239910516828936,0.123372244594807,0.0518223094691738,-0.481715672926625,0.00189463926875233,5,0,0,0.599073020805157
"VLMC-2","DCUN1D4",0.0983805853185629,0.0829928426560131,0.235855190753224,-0.0642823972618224,0.261043567898948,5,1.26607547767689e-07,0.000302836759704234,0.836055702522492
"VLMC-2","ZCCHC7",0.0930321802268189,0.0739968912149328,0.208665134944432,-0.0519990615223776,0.238063421976015,5,0,0,0.817137998846356
"VLMC-2","TAF1D",0.179502628071031,0.0878773314640217,0.0410871011534283,0.00726622334405991,0.351739032798002,5,0,0,0.561522852959611
"VLMC-2","PDE10A",0.538525375944413,0.292228487189299,0.0653548582984174,-0.0342319342032378,1.11128268609206,5,0.164758298113566,42.7251217831533,0.642615392238224
"VLMC-2","CDC42SE1",0.41298731870153,0.111654321139951,0.000216618793390063,0.194148870548957,0.631825766854103,5,0,0,0.0898993349782368
"VLMC-2","DERA",-0.301035911247542,0.161798311851514,0.0628059500027245,-0.618154775235889,0.0160829527408048,5,0.0345661078524197,26.5172984925228,0.634472119547043
"VLMC-2","ALG13",-0.178376421170911,0.107210764560503,0.0961539868853565,-0.388505658464501,0.031752816122679,5,0.00308016759866601,4.7706389854219,0.722013419380222
"VLMC-2","SAT2",-0.31366602501354,0.131040802353059,0.0166815863668659,-0.570501278130767,-0.0568307718963132,5,0,0,0.406956425281991
"VLMC-2","CBFB",0.148207995740698,0.100406499578805,0.139922497879474,-0.0485851272474951,0.345001118728891,5,2.42941517357196e-07,0.000379115428753283,0.771582957702176
"VLMC-2","DENR",-0.166430262284563,0.236002689645366,0.480682708307808,-0.628987034244064,0.296126509674937,5,0.153748899933091,64.9876018929188,0.920413727425774
"VLMC-2","SSBP2",0.00286039955967229,0.101502906943784,0.97751821422613,-0.196081642376265,0.20180244149561,5,0.0216744124095549,48.0226552347094,0.997919280210293
"VLMC-2","SPAST",-0.0764117379191138,0.165308873239752,0.643911978578906,-0.400411175793925,0.247587699955698,5,0.0521310634782442,42.0645828570646,0.950035992057582
"VLMC-2","RNF34",-0.121345177607707,0.159384871939729,0.446457389624516,-0.433733786290105,0.19104343107469,5,0.0331695784174583,26.9725291503403,0.920413727425774
"VLMC-2","STAT6",0.24751519421539,0.133628927615977,0.0639888438304045,-0.014392691204634,0.509423079635415,5,0.0115898883277456,11.6581555177303,0.638749171054839
"VLMC-2","NRXN1",-0.613514511799728,0.463892317110439,0.1859895703593,-1.52272674604102,0.295697722441567,5,0.928359750578065,94.7202344782264,0.812975415007207
"VLMC-2","ANXA2",0.138124385759078,0.206240449672591,0.503033109904179,-0.266099467754546,0.542348239272702,5,0.0593244468962948,28.4659440778023,0.92181451095742
"VLMC-2","PHLPP1",-0.150611440060107,0.10455309004572,0.149718651789243,-0.355531731022092,0.054308850901877,5,0.0127886701230774,23.5592446066159,0.774161722178758
"VLMC-2","GTF2IRD2B",-0.137888202151397,0.126810615622526,0.276879792964785,-0.3864324416289,0.110656037326106,5,0,0,0.85839310941465
"VLMC-2","VRK2",-0.0906563676917277,0.222002456571257,0.68301123209824,-0.525773187050808,0.344460451667353,5,0.119217592162205,55.2651023340389,0.964183711614973
"VLMC-2","ARID4A",-0.205084684379434,0.0964532550685787,0.033481628525314,-0.394129590505503,-0.0160397782533641,5,0,0,0.511964537996164
"VLMC-2","GFPT1",-0.194019240950786,0.102552840727338,0.0585049274863836,-0.39501911528864,0.00698063338706861,5,0,0,0.628079503888753
"VLMC-2","COL27A1",-0.265143922210762,0.141562039752689,0.0610701196336872,-0.542600421704061,0.0123125772825363,5,0.00897382718949355,8.26895849375864,0.634472119547043
"VLMC-2","GSN",-0.340569536773439,0.0940653686525415,0.000293963342675566,-0.524934271524903,-0.156204802021975,5,2.39719592203594e-06,0.004650369261506,0.0898993349782368
"VLMC-2","KIF21A",-0.209534758484373,0.107107992394115,0.0504304914511956,-0.419462566033229,0.000393049064482565,5,0,0,0.596885940543393
"VLMC-2","GPRC5C",-0.60112530004677,0.143013144139886,2.63066609684191e-05,-0.881425911876783,-0.320824688216757,5,0,0,0.0442478037488809
"VLMC-2","ATM",-0.165599142526018,0.0749285144222339,0.0270985629130179,-0.312456332208686,-0.0187419528433492,5,0,0,0.4900634783087
"VLMC-2","RIC1",-0.105586380394406,0.0966883457644065,0.274820796272221,-0.295092055817398,0.0839192950285871,5,0.00939730994194413,19.2131474664178,0.85839310941465
"VLMC-2","ANKRD50",-0.357186772048391,0.118234328717314,0.00251935272755646,-0.588921798070596,-0.125451746026187,5,6.32173469267448e-06,0.00786039754830608,0.223029015144735
"VLMC-2","CCDC7",-0.197675320177629,0.0875009128172251,0.023875738005715,-0.369173957913769,-0.0261766824414884,5,0,0,0.458959900864145
"VLMC-2","DCN",-0.0833632023254993,0.163486942715469,0.610116335533557,-0.403791721990382,0.237065317339384,5,0.0509139371043417,41.7642135406652,0.94447592451941
"VLMC-2","WWOX",-0.167309890406728,0.0700542065605297,0.0169268939313237,-0.304613612230896,-0.0300061685825606,5,1.03825262463753e-06,0.00351003810770863,0.406956425281991
"VLMC-2","METTL16",0.263470723817515,0.110754586313866,0.0173658156775189,0.0463957235197045,0.480545724115325,5,0,0,0.406956425281991
"VLMC-2","ARAP2",-0.120514458711135,0.0836810927002669,0.149821135734137,-0.284526386590616,0.0434974691683458,5,0,0,0.774161722178758
"VLMC-2","CCND3",0.0240659455760788,0.151339077817567,0.873653088384703,-0.272553196399858,0.320685087552015,5,0.0327887375554072,30.0883052299588,0.984193499791697
"VLMC-2","TGFBR1",-0.139688773089965,0.160713063600397,0.384748029965598,-0.454680589591839,0.175303043411909,5,0.0258481266000007,19.7428644526956,0.903835455868905
"VLMC-2","RHOJ",-0.182381052172424,0.114867740769657,0.112343282062891,-0.407517687066436,0.0427555827215873,5,0.00294678786649711,3.92835974405848,0.743385681091789
"VLMC-2","MSC-AS1",-0.0215307182212139,0.158675213417881,0.892065962270243,-0.332528421759468,0.28946698531704,5,0.0432232510999922,36.3141847170648,0.987614395094408
"VLMC-2","UNC5B",-0.238081839853604,0.188073172827429,0.205548866670284,-0.606698485053542,0.130534805346335,5,0.0482798460354306,27.9688140835464,0.817137998846356
"VLMC-2","NUP133",0.0904657008776551,0.161405955357104,0.575148313379355,-0.225884158512548,0.406815560267858,5,0.0507640656098699,44.3191698105029,0.934846106911697
"VLMC-2","ZNF264",-0.01931684691463,0.177602338613875,0.913389204109131,-0.367411034167912,0.328777340338651,5,0.0549751585622981,37.5868445663422,0.991152181757771
"VLMC-2","MINPP1",0.362809523811339,0.165917451922925,0.0287653862858882,0.0376172936357507,0.688001753986928,5,0.0315175746051435,23.0472041451355,0.4900634783087
"VLMC-2","SIN3A",0.105690056376359,0.113945545571604,0.353641656332854,-0.117639109142753,0.329019221895471,5,0,0,0.89567209561799
"VLMC-2","PRPF39",-0.0122676578852274,0.146455898610597,0.933244472998792,-0.299315944485447,0.274780628714992,5,0.0281083770659301,27.0837577406507,0.994661788902949
"VLMC-2","ATG13",0.238978419902851,0.109540481915658,0.0291357597091974,0.0242830204989993,0.453673819306702,5,0,0,0.4900634783087
"VLMC-2","OLFML2A",-0.207390047650057,0.144623464491022,0.151572263698824,-0.490846829371868,0.0760667340717534,5,0,0,0.779227370879275
"VLMC-2","RHOBTB3",0.116968169976852,0.184715114693745,0.526579859494054,-0.245066802223074,0.479003142176777,5,0.0838636845165022,57.2999391413062,0.925314633394202
"VLMC-2","NIPAL2",0.0591702011602109,0.158652362117509,0.709181891925351,-0.251782714652314,0.370123116972736,5,0.0265326248719639,20.9166558978207,0.96950880300858
"VLMC-2","TTC3",-0.104083735026041,0.0951085533978375,0.273793715634647,-0.290493074307507,0.0823256042554248,5,0.0166407208395847,41.3926413148847,0.85839310941465
"VLMC-2","TAOK1",0.0222419110072471,0.093044225969208,0.811069405587442,-0.160121420861807,0.204605242876301,5,0.0134822915449724,33.7892081651129,0.975765582377835
"VLMC-2","PTPRM",0.0581045308459634,0.085098420279713,0.494738209288862,-0.108685308043527,0.224894369735454,5,0.00239642441471863,5.99835863171687,0.921176095252687
"VLMC-2","WDR45B",-0.399649300466309,0.119087538977802,0.000790989329522007,-0.63305658787031,-0.166242013062308,5,1.23798950960566e-07,0.000145870254217339,0.139952662578224
"VLMC-2","ADCY1",0.02836977485113,0.31465395520321,0.928158619950155,-0.588340644940241,0.645080194642501,5,0.307086941912667,76.848234517422,0.992159394239645
"VLMC-2","GIPC1",-0.169131107424059,0.127377261802563,0.184245278601358,-0.418785953006411,0.0805237381582934,5,0,0,0.812975415007207
"VLMC-2","TDG",0.228272208455855,0.11661587332399,0.0502920996782164,-0.000290703284851257,0.456835120196562,5,1.06228989126009e-06,0.00132398489378632,0.596885940543393
"VLMC-2","GRM3",-0.365084395062395,0.14348223011666,0.0109447720278595,-0.646304398512537,-0.0838643916122535,5,0.0310777852256662,31.3558044395261,0.350881715809722
"VLMC-2","ANKH",0.211160139602018,0.0939874422800156,0.0246601908394664,0.0269481377341506,0.395372141469886,5,0,0,0.463446268066844
"VLMC-2","FMNL3",0.121981768161966,0.112345119051187,0.277577578466472,-0.0982106190172261,0.342174155341158,5,3.82169732385455e-06,0.00449454624871204,0.85839310941465
"VLMC-2","NOTCH2",-0.207318494401822,0.0947766379679679,0.0287101991535369,-0.39307729139483,-0.021559697408813,5,0,0,0.4900634783087
"VLMC-2","MSL1",-0.232457841306161,0.150702094809204,0.122952363411412,-0.527828519526942,0.0629128369146198,5,0.0436277062914093,43.1382106160624,0.758021384856679
"VLMC-2","MAN1C1",-0.00508743976122684,0.145632370530562,0.972132815158663,-0.29052164098432,0.280346761461867,5,0.0259015651368291,24.7766413131514,0.996582809694757
"VLMC-2","NACA",-0.174498066102856,0.118847302393009,0.142035151937806,-0.407434498452894,0.0584383662471829,5,0,0,0.771770043142483
"VLMC-2","SNRNP40",0.00242195751433231,0.200107884761655,0.990343232448218,-0.389782289641002,0.394626204669667,5,0.0827095196131847,46.5681963726501,0.997919280210293
"VLMC-2","COL6A2",-0.202060825554609,0.130671813409783,0.122026589138442,-0.458172873632322,0.0540512225231047,5,7.17381477552896e-06,0.00642504916134028,0.758021384856679
"VLMC-2","CNTLN",-0.0471898487394129,0.110804205453779,0.670191647503374,-0.264362100764396,0.16998240328557,5,0.00563933856041748,8.50642936901816,0.960936616113552
"VLMC-2","TBX15",0.211191741048769,0.133238491552642,0.112951444919579,-0.0499509037488527,0.472334385846391,5,0,0,0.743385681091789
"VLMC-2","WLS",-0.105913767043756,0.0857213300486859,0.216622505830331,-0.273924486646051,0.0620969525585396,5,0,0,0.823539031660366
"VLMC-2","PDXDC1",-0.431792013084518,0.345185697296206,0.210971783822943,-1.10834354776343,0.244759521594391,5,0.465004740686197,91.1837273431364,0.817604588663371
"VLMC-2","KHDRBS1",0.120918161447552,0.091215296301507,0.184960728390352,-0.057860534142551,0.299696857037656,5,0.0045928206224567,9.7963615418085,0.812975415007207
"VLMC-2","PLAC9",-0.110827382481908,0.354923563396607,0.75484518348567,-0.806464784003876,0.58481001904006,5,0.439208171582831,77.260674168276,0.971794564579332
"VLMC-2","MAPK9",-0.0887096591099523,0.127123053310271,0.485286571503192,-0.337866265202848,0.160446946982944,5,0.0108046216351753,12.472787807626,0.920413727425774
"VLMC-2","PARP14",-0.162722711511933,0.127414923431286,0.201563861903947,-0.412451372530182,0.0870059495063157,5,0,0,0.81467224296579
"VLMC-2","KRAS",0.10080820993798,0.195399143141196,0.605917848515738,-0.282167073228751,0.483783493104711,5,0.0754728588078823,44.4420877499824,0.943224267657076
"VLMC-2","RSBN1",0.158386140348458,0.137534794149885,0.249482278801353,-0.111177102806447,0.427949383503363,5,0.0189643695497034,19.6924216747992,0.842480864401571
"VLMC-2","LINC00486",-0.167854821462637,0.0769224137775258,0.0290998296708073,-0.318619982070475,-0.0170896608547989,5,0,0,0.4900634783087
"VLMC-2","ARFGEF2",-0.0579296132533284,0.137030152789741,0.672477052691623,-0.326503777517243,0.210644551010586,5,0.0385158554629022,48.0001651464207,0.961522787115495
"VLMC-2","APLP2",-0.188877658946115,0.139474878978324,0.175670800291086,-0.462243398491713,0.0844880805994834,5,0.0357297155687274,40.8880264381184,0.812975415007207
"VLMC-2","DNMT3A",-0.10241515778424,0.108534112188478,0.345362931676588,-0.315138108767686,0.110307793199206,5,0.00719672910965429,11.21469703818,0.89567209561799
"VLMC-2","SEMA6D",-0.0893588247514334,0.198827207739433,0.653121810404206,-0.479052991067386,0.300335341564519,5,0.0925010856789385,55.7278598136917,0.954314219034483
"VLMC-2","GOLGB1",-0.0292520411474851,0.109291955418285,0.788968393021156,-0.243460337567282,0.184956255272312,5,0.0184212627803518,33.2364568212349,0.974616458884373
"VLMC-2","SLC17A5",-0.0475154104729622,0.167072975803973,0.776104518730426,-0.374972425838681,0.279941604892757,5,0.0426745347466824,32.1566337097435,0.974616458884373
"VLMC-2","RILPL1",-0.0888404613380629,0.107628942203338,0.409125908000568,-0.299789311750749,0.122108389074623,5,0,0,0.915088506917903
"VLMC-2","ENO2",0.04186036161439,0.128867295929146,0.745307401119977,-0.210714897191802,0.294435620420582,5,0.0132235935196234,15.0346023090004,0.970230263441742
"VLMC-2","STAT1",-0.103521808306599,0.110252453888417,0.34775517401916,-0.319612647135059,0.112569030521861,5,0,0,0.89567209561799
"VLMC-2","AHCTF1",0.230526143203454,0.0984788629336627,0.0192389027739639,0.0375111186150183,0.423541167791889,5,0.0101949307405121,20.9030678707899,0.412227190647226
"VLMC-2","DLGAP1",0.0195522822000676,0.159826889470265,0.902634409464928,-0.293702664922716,0.332807229322851,5,0.0535512905586386,50.1452397104915,0.989766922754412
"VLMC-2","NPEPPS",0.0192193217449962,0.0873017092564932,0.825755669557312,-0.151888884186518,0.19032752767651,5,0.00778121111742447,20.2482677498533,0.977652301355658
"VLMC-2","C6orf62",0.0230190968202844,0.12568847745851,0.854684993220964,-0.22332579227007,0.269363985910638,5,0.0167282314580836,20.9746408652761,0.980957024980027
"VLMC-2","CYLD",-0.225565150670564,0.093477401218033,0.0158198778328888,-0.40877749042631,-0.0423528109148191,5,0,0,0.406956425281991
"VLMC-2","EML2",0.0136491316014347,0.147875627608911,0.926458553799021,-0.276181772703288,0.303480035906158,5,0.0300298090395859,28.6935096510515,0.992159394239645
"VLMC-2","MIR4435-2HG",0.331791436116892,0.140021087864048,0.0178082102612594,0.0573551468272397,0.606227725406545,5,0,0,0.406956425281991
"VLMC-2","MYO6",-0.255640770447904,0.141959368212378,0.071734031068713,-0.533876019412225,0.0225944785164165,5,0.0568033141945247,67.8184797107778,0.659325903046859
"VLMC-2","FAM219A",0.0989225514416463,0.166975810908786,0.55355838509802,-0.228344024228944,0.426189127112236,5,0.0557110416620821,45.4143193279934,0.92835871011191
"VLMC-2","DGKG",-0.259820107258389,0.212769099740516,0.222034353509579,-0.67683987977281,0.157199665256032,5,0.123874671637826,63.9699569247542,0.830814583687978
"VLMC-2","ATP1B1",-0.273197086629073,0.112314381025581,0.0149978102720041,-0.493329228385122,-0.0530649448730249,5,5.17012121036155e-06,0.00657390710089377,0.406956425281991
"VLMC-2","PIGN",-0.0372813829338534,0.132369233085901,0.778214281403644,-0.296720312443406,0.2221575465757,5,0.028758419974615,35.2637593353711,0.974616458884373
"VLMC-2","DPYSL2",0.0704043369997434,0.0709891057939869,0.321313367376435,-0.0687317536511746,0.209540427650661,5,5.20080017301045e-06,0.0168315862821364,0.885943206465361
"VLMC-2","TASP1",0.00406224971841027,0.115663437879198,0.971983020959444,-0.222633922852904,0.230758422289724,5,0.0121028151682774,17.5982818500752,0.996582809694757
"VLMC-2","HSP90B1",0.345352625869781,0.317329755102036,0.276459000432515,-0.276602265353124,0.967307517092687,5,0.360804761285578,85.5735154329673,0.85839310941465
"VLMC-2","SRP9",-0.0792375257278376,0.115314316649863,0.491992071716911,-0.305249433263417,0.146774381807742,5,0.00529404773581955,6.85686338266381,0.920413727425774
"VLMC-2","ACBD3",-0.122970649965615,0.236429808427324,0.602983541665769,-0.586364559354875,0.340423259423646,5,0.152249961551028,64.5287642996993,0.941038996099029
"VLMC-2","HSPA5",0.121390073826315,0.646135152423113,0.850977756417882,-1.14501155406829,1.38779170172092,5,1.83830901817141,94.6409383506698,0.980957024980027
"VLMC-2","GTF2IRD1",-0.501198779768205,0.361924687306636,0.166109005982128,-1.21055813200513,0.208160572468721,5,0.488123355561361,86.2758086041283,0.80480499206555
"VLMC-2","NCKAP1",0.0636383430642833,0.0672871224228748,0.344264384009403,-0.0682419935078888,0.195518679636455,5,0.00349364768940599,14.4778831303214,0.89567209561799
"VLMC-2","TNRC6C",0.0520143990647175,0.0719798030952897,0.469910357140864,-0.089063422616335,0.19309222074577,5,2.41913893405881e-07,0.000789756856113329,0.920413727425774
"VLMC-2","FANCL",0.112310251228188,0.110904317793655,0.311214469895609,-0.105058217377361,0.329678719833737,5,0,0,0.877270724002829
"VLMC-2","SBNO1",0.105260115615754,0.0827167120557179,0.203182219094314,-0.0568616609330228,0.267381892164532,5,0,0,0.816980597666283
"VLMC-2","MCMBP",0.0168174782973502,0.181853814725701,0.926318264438546,-0.339609449016242,0.373244405610943,5,0.0540055677774911,34.5878685262562,0.992159394239645
"VLMC-2","ACTR3",0.0818952421368859,0.11388975557733,0.472094893148673,-0.14132457700275,0.305115061276522,5,0.00926748813457976,13.5738509911459,0.920413727425774
"VLMC-2","ZNF91",0.0188408473476245,0.123739972483844,0.878980603140173,-0.223685042168687,0.261366736863936,5,0.0310776522663333,46.8175862787275,0.984193499791697
"VLMC-2","PLEKHA5",0.0697907536719921,0.149270822189414,0.640110353716852,-0.222774681761942,0.362356189105926,5,0.0632290973413617,71.3274788557244,0.949022137462974
"VLMC-2","GJC1",-0.290400586687549,0.107057975273322,0.00667668123003287,-0.500230362481039,-0.0805708108940582,5,3.61363444490424e-06,0.00465522397390091,0.308846212508015
"VLMC-2","SLC16A1-AS1",-0.33723317345979,0.362483588301582,0.352194799505695,-1.04768795151774,0.373221604598156,5,0.492365137924319,89.2822559523242,0.89567209561799
"VLMC-2","TRIM13",-0.30399308277223,0.274448920273665,0.268013416042462,-0.841903082104517,0.233916916560058,5,0.233749653175531,72.6951416112783,0.85839310941465
"VLMC-2","SLC9A9",0.15138034238029,0.0957890657907299,0.114026514829984,-0.0363627766822785,0.339123461442858,5,0,0,0.743385681091789
"VLMC-2","WDR41",0.0432295118386381,0.132198426129424,0.743664300856703,-0.215874642187912,0.302333665865189,5,0.0258758203682911,31.3534829136897,0.970230263441742
"VLMC-2","DNAJC13",-0.0544890636274059,0.097458055037231,0.576091618745625,-0.245503341503701,0.136525214248889,5,0.00326596493311646,6.1491614463616,0.934863581987593
"VLMC-2","ELL2",0.416091400835049,0.260547591342144,0.110268361585145,-0.0945724944542121,0.92675529612431,5,0.121625892400037,38.7405534139017,0.743385681091789
"VLMC-2","CACNB2",-0.319414929405085,0.213195975151239,0.134075546095961,-0.73727136235041,0.0984415035402391,5,0.151160935982786,79.7419066134358,0.771582957702176
"VLMC-2","KATNAL1",-0.302590845598943,0.356874753136411,0.396498748572785,-1.00205250873793,0.396870817540046,5,0.483300667234034,87.6848326274544,0.911188476363418
"VLMC-2","SOS1",0.00560713843387586,0.07567218525302,0.940932608009673,-0.142707619293486,0.153921896161238,5,0.00265724514607933,8.16515108996075,0.994661788902949
"VLMC-2","AAK1",0.0742961750915697,0.0753259013569035,0.32397134088588,-0.0733398786709779,0.221932228854117,5,0.00403237558759543,13.2947614746519,0.885943206465361
"VLMC-2","RUNX1T1",-0.0381908552393844,0.11872690676982,0.747702891566977,-0.270891316504076,0.194509606025307,5,0.0269593712217641,42.8281244806685,0.970230263441742
"VLMC-2","EFR3A",0.0175427221905101,0.113874876729655,0.877568252364923,-0.205647934943552,0.240733379324572,5,0.0199939242142404,32.9994345556927,0.984193499791697
"VLMC-2","GOLGA8A",-0.0230298862674268,0.117428084169477,0.844516973006015,-0.25318470201314,0.207124929478286,5,0.0096931572872511,13.265890799627,0.980315768527341
"VLMC-2","CHD7",-0.18244682298501,0.0989004066805537,0.0650734756672663,-0.37628805813526,0.0113944121652396,5,0,0,0.642615392238224
"VLMC-2","NFATC4",-0.104637463413065,0.11394759221837,0.35846463157776,-0.327970640286126,0.118695713459996,5,0.00125256437963785,1.60385148939116,0.89567209561799
"VLMC-2","ZMYM5",-0.199094260756737,0.126757564488054,0.116259399996708,-0.447534521921336,0.0493460004078623,5,0.013375861599014,15.9596330320806,0.745521341379386
"VLMC-2","PRKAA1",-0.0809059112584204,0.1147578124259,0.480801269482457,-0.305827090557787,0.144015268040946,5,1.70881653549069e-05,0.0213841014067867,0.920413727425774
"VLMC-2","PER1",-0.344686727900001,0.363307646533189,0.342749740162294,-1.05675663041306,0.367383174613058,5,0.457246363658458,79.8368175012347,0.89567209561799
"VLMC-2","RASGRF2",-0.0497644536128699,0.214428858689629,0.816476588131622,-0.470037293890571,0.370508386664831,5,0.126322983727725,68.1935480472067,0.975901409921425
"VLMC-2","EDIL3",0.0915433340855892,0.0728290652069701,0.20876756192216,-0.0511990107477913,0.23428567891897,5,0,0,0.817137998846356
"VLMC-2","DDX3X",0.173493680902196,0.0880692595649387,0.0488419629284907,0.000881104009806122,0.346106257794585,5,0,0,0.596885940543393
"VLMC-2","ERICH1",-0.0583946846552637,0.109015269508683,0.592196309024915,-0.272060686657211,0.155271317346683,5,0,0,0.936247531492292
"VLMC-2","IPO9",-0.206308169784473,0.0904346852666283,0.0225310131009286,-0.38355689586028,-0.029059443708667,5,0,0,0.451156714711452
"VLMC-2","GABRB2",0.0579424137998782,0.16611540772902,0.727233318480183,-0.267637802626187,0.383522630225943,5,0.0515568375733051,43.2697574253491,0.970230263441742
"VLMC-2","ESF1",-0.0516358021497918,0.189972819327369,0.785770989057577,-0.42397568607297,0.320704081773387,5,0.0787876418930168,50.7693142664067,0.974616458884373
"VLMC-2","LAMC3",-0.317822623279081,0.138354750830095,0.0216097990695715,-0.588992951996081,-0.0466522945620818,5,0,0,0.450369025005162
"VLMC-2","ZBTB11",0.131970530210694,0.164748101940951,0.423105992387193,-0.190929816114902,0.454870876536291,5,0.0444422139440546,35.2177123822936,0.918385553453722
"VLMC-2","GHR",0.0118562191395947,0.172689447408422,0.945263200717205,-0.326608878291037,0.350321316570226,5,0.0572107433933055,42.2116431351605,0.996560244620392
"VLMC-2","DHRSX",-0.145816811638084,0.102393688744266,0.154423294389835,-0.34650475382105,0.0548711305448824,5,0,0,0.784712934029313
"VLMC-2","NFE2L2",0.13439175983601,0.136704998640199,0.32556875159766,-0.133545114005377,0.402328633677398,5,0.0325505081709868,38.652077913897,0.885943206465361
"VLMC-2","URI1",-0.256996229328455,0.0948116351950355,0.00671619969079871,-0.442823619626074,-0.0711688390308349,5,1.11330611796985e-06,0.00205716231730281,0.308846212508015
"VLMC-2","MED13L",0.0546544507678668,0.0592047017300904,0.35593229429218,-0.0613846323385467,0.17069353387428,5,0,0,0.89567209561799
"VLMC-2","TMED10",0.0772440022256156,0.114050379251203,0.498228532814833,-0.146290633529877,0.300778637981108,5,0.00129099727353264,1.70851407209523,0.92181451095742
"VLMC-2","TECPR2",-0.141058177543625,0.102573382491009,0.169071678474437,-0.342098312998454,0.0599819579112043,5,0,0,0.805485535647258
"VLMC-2","SMIM14",-0.150561385220926,0.098068600257296,0.124718508220569,-0.342772309739481,0.0416495392976301,5,0,0,0.758021384856679
"VLMC-2","RALBP1",-0.0737836386560718,0.121502618396316,0.543678605468507,-0.311924394740165,0.164357117428021,5,0.00495396020826599,5.78660812395506,0.926981666901194
"VLMC-2","ZRANB3",-0.00214008491700337,0.133270335695139,0.987187941549475,-0.263345143087038,0.259064973253031,5,0.0211324411223347,24.174835471534,0.997919280210293
"VLMC-2","CEP57",0.0383319575758311,0.10068590090815,0.703419713731046,-0.159008781955112,0.235672697106775,5,0.000561727418465993,0.933440180898949,0.967813462982102
"VLMC-2","REST",-0.152407765886167,0.132101406018415,0.248615814428079,-0.411321763989363,0.106506232217029,5,2.59181733505462e-06,0.00253574021276333,0.842480864401571
"VLMC-2","BTBD9",0.215271492456859,0.0872123053594486,0.0135733185765005,0.04433851494363,0.386204469970088,5,0,0,0.390261911891861
"VLMC-2","YWHAH",-0.31645164138097,0.125492880506234,0.0116799198279527,-0.562413167489376,-0.0704901152725636,5,4.40617408357488e-06,0.00473330568568501,0.363807873159564
"VLMC-2","RPL23A",-0.138105923924248,0.150966271749578,0.360289753396615,-0.433994379433707,0.157782531585211,5,0.0171185297233348,14.3578384402498,0.897124152795125
"VLMC-2","PPP2R5C",0.119543817866908,0.0776170359945737,0.123517703747765,-0.0325827772692057,0.271670413003021,5,0,0,0.758021384856679
"VLMC-2","PNN",0.11966253367227,0.165889944109309,0.470702275276386,-0.205475782179339,0.444800849523878,5,0.0586639387142645,48.3032317469749,0.920413727425774
"VLMC-2","PAIP2",-0.192053096478224,0.0995823944639603,0.0537824223269046,-0.387231003121847,0.00312481016539953,5,1.95139871235148e-06,0.00329282562533063,0.607420642592734
"VLMC-2","SLC30A10",-0.217885801503115,0.106859628195182,0.0414509432112072,-0.427326824167013,-0.00844477883921682,5,0,0,0.562058281753763
"VLMC-2","PSEN1",0.0389737469231336,0.105014352885022,0.710542337603162,-0.166850602591289,0.244798096437556,5,0.00115306442924863,1.80439244534173,0.969681307787844
"VLMC-2","ATP2A2",-0.121401990379572,0.0789625345782168,0.124179922275602,-0.276165714280876,0.0333617335217316,5,0,0,0.758021384856679
"VLMC-2","GOLGA2",-0.243758969960599,0.20587976232286,0.236418193899387,-0.647275889259072,0.159757949337874,5,0.103477137711657,56.654466954464,0.836318476507681
"VLMC-2","ZCCHC14",-0.0425512669800017,0.129613408094311,0.742689597409521,-0.296588878758344,0.211486344798341,5,0.0217313819813728,26.5089748386958,0.970230263441742
"VLMC-2","UBE2Q2",-0.0235455357255169,0.181101675181741,0.89655630036587,-0.378498296621601,0.331407225170567,5,0.0687158287406493,46.9482861975186,0.988046445118134
"VLMC-2","FBLN1",0.43775669271039,0.499670534834254,0.380980745468862,-0.541579559700615,1.41709294512139,5,1.07606218566857,92.1662752392883,0.903121483964797
"VLMC-2","RC3H1",-0.0157036677281181,0.10300451022358,0.878827198832043,-0.217588798011523,0.186181462555287,5,0.0158624765732097,31.8794779041724,0.984193499791697
"VLMC-2","SWAP70",-0.22236076459249,0.118896218436522,0.0614548158092119,-0.455393070626081,0.0106715414411004,5,0,0,0.634472119547043
"VLMC-2","CLDND1",0.0810746878329408,0.10236318318753,0.428343321453297,-0.119553464557494,0.281702840223376,5,5.35328520959465e-07,0.000831350479041361,0.918385553453722
"VLMC-2","MAGED2",-0.0556918401268984,0.183178805516313,0.761105086001951,-0.414715701669938,0.303332021416141,5,0.0509446407428513,32.350278523605,0.972159088634865
"VLMC-2","NUCB1",0.0880304845956792,0.126246662015646,0.48562157455827,-0.159408426123388,0.335469395314747,5,0,0,0.920413727425774
"VLMC-2","FOXN3",-0.125735141082381,0.0744728453714305,0.0913468637141055,-0.271699235836605,0.0202289536718433,5,5.0962734224295e-07,0.00150610637230713,0.713929693424544
"VLMC-2","PLXDC1",-0.25402800000067,0.115745084204391,0.0281837209188463,-0.480884196428832,-0.0271718035725086,5,0,0,0.4900634783087
"VLMC-2","CTSB",-0.148464228979455,0.116551548888856,0.202731671250009,-0.376901067143972,0.0799726091850628,5,0,0,0.816827134441586
"VLMC-2","MIR99AHG",-0.271759143209396,0.0813186782382915,0.000832061014139262,-0.431140823826848,-0.112377462591944,5,0.00551827461856347,15.8548449992442,0.139952662578224
"VLMC-2","EXD3",-0.150426220608825,0.168685615536407,0.372524331520311,-0.481043951770153,0.180191510552504,5,0.0494656780451522,37.7853568545674,0.898777822153478
"VLMC-2","PTPRA",-0.0940373988254026,0.0805663069220336,0.243127579388658,-0.251944458759989,0.0638696611091834,5,0.00382573684594631,10.5372325144189,0.840926918484417
"VLMC-2","XPR1",0.0237004357847331,0.128709520126181,0.853904451849276,-0.228565588130014,0.27596645969948,5,0.0329131086232146,45.1478908217265,0.980957024980027
"VLMC-2","PCGF3",-0.101439544750904,0.113593172721836,0.371853205485633,-0.32407807217534,0.121198982673533,5,5.45306758967233e-06,0.00702706833361899,0.898777822153478
"VLMC-2","RNF13",-0.162193090863036,0.0855684458108534,0.0580291278881396,-0.329904162865376,0.00551798113930421,5,0,0,0.627861965555468
"VLMC-2","ELAVL1",0.127147838281526,0.115753015618193,0.272012042683995,-0.099723903432035,0.354019579995087,5,3.74583004626855e-07,0.000468563369615573,0.85839310941465
"VLMC-2","TMOD1",0.333018717312975,0.167864152568708,0.0472716221363328,0.00401102398296932,0.66202641064298,5,0.0372738751811474,27.2456753651535,0.590992023566818
"VLMC-2","RFTN2",-0.0677317032760189,0.15119757430292,0.654176156092009,-0.364073503459561,0.228610096907523,5,0.0287161047902962,25.4303746770227,0.954314219034483
"VLMC-2","HUWE1",-0.013878273257244,0.113405838786966,0.902600404576184,-0.236149632916253,0.208393086401765,5,0.0245033851643161,43.4160911733169,0.989766922754412
"VLMC-2","TSPYL1",-0.139601094045508,0.110980133799938,0.208430584009603,-0.357118159292823,0.0779159712018071,5,0,0,0.817137998846356
"VLMC-2","PPP1R10",-0.0299761241772981,0.254053519492273,0.906074491619747,-0.527911872527798,0.467959624173201,5,0.19874390607552,75.7501926958421,0.991102003209437
"VLMC-2","SMARCA2",-0.0479647663757338,0.129032802874417,0.710097333992274,-0.300864412833848,0.20493488008238,5,0.0356646789623385,51.7847139926543,0.969515728521859
"VLMC-2","DTX3",-0.12007094888096,0.182778207527563,0.51123134154617,-0.478309652793771,0.23816775503185,5,0.0744923533381047,53.4166621621135,0.925111475503666
"VLMC-2","HSF2",0.0598868998855813,0.126575623830116,0.636119448503582,-0.188196764142135,0.307970563913298,5,2.20786729111139e-06,0.00239062021597969,0.948488775291622
"VLMC-2","C6orf89",0.0619344925312097,0.107458055516982,0.564372078753666,-0.148679426130781,0.272548411193201,5,0,0,0.931979399500039
"VLMC-2","TWSG1",0.119992879536776,0.1242777041838,0.334283333456052,-0.123586944744795,0.363572703818348,5,0,0,0.889971535050108
"VLMC-2","TCF7L2",-0.117753125722697,0.0811680425677176,0.146854333040218,-0.276839565851037,0.0413333144056436,5,0.00123881858319278,3.27814148967414,0.774161722178758
"VLMC-2","GRM5",0.0729982875219334,0.155832124332536,0.639468651118132,-0.232427063804205,0.378423638848072,5,0.0272253116900181,22.5089307237969,0.948488775291622
"VLMC-2","DNAJB1",0.327926984411608,0.157607992610494,0.0374660033998522,0.0190209952193846,0.636832973603831,5,5.33823379927159e-06,0.00366440498816953,0.541782501191336
"VLMC-2","RAB2A",-0.0214430254823226,0.0816521215382896,0.792847775626117,-0.181478242958657,0.138592191994012,5,0.00563266194814582,16.3482138222051,0.974616458884373
"VLMC-2","CNOT1",0.158000951907407,0.0821631887601257,0.0544783075019409,-0.00303593891740522,0.31903784273222,5,0,0,0.612073451460046
"VLMC-2","JADE2",-0.13174675973874,0.133411482022202,0.32338685396567,-0.393228459626369,0.12973494014889,5,2.31737150203386e-07,0.000224604878670907,0.885943206465361
"VLMC-2","TM7SF3",-0.080416294402768,0.163004655158532,0.62177419926226,-0.399899547825861,0.239066959020325,5,0.0476245451558659,39.2097754891855,0.946447242677937
"VLMC-2","ZNF407",0.00861862285394858,0.110735899658167,0.937962939020865,-0.2084197522717,0.225656997979597,5,0.0207609546762467,37.1325681519298,0.994661788902949
"VLMC-2","SHISA6",0.128344448845656,0.122286504155886,0.293930139606701,-0.111332695095187,0.368021592786499,5,0,0,0.868360199133212
"VLMC-2","DESI2",0.234884105787747,0.129653608451698,0.0700436973918093,-0.0192322972432395,0.489000508818734,5,4.83807643465709e-07,0.000502627017206493,0.657237498135552
"VLMC-2","FRS2",-0.159291207874372,0.194322613447594,0.412372590949969,-0.540156531613356,0.221574115864611,5,0.111272938843532,72.763537970178,0.915968683628608
"VLMC-2","ITGA9",0.01576172071115,0.144561145848119,0.913177494148889,-0.267572918715004,0.299096360137304,5,0.0167704164143566,15.2581590691761,0.991152181757771
"VLMC-2","FBXO33",0.143906339415682,0.121620905056371,0.236715283216831,-0.0944662542619712,0.382278933093335,5,0,0,0.836460307501492
"VLMC-2","RPL23",0.0370455409752891,0.145251360376568,0.798688833636777,-0.247641894068233,0.321732976018811,5,0.0143388150159418,12.7100753974621,0.974861328880033
"VLMC-2","WIPF2",0.100729628338198,0.0979852228152231,0.303945894595509,-0.0913178793967719,0.292777136073168,5,0,0,0.87660931198739
"VLMC-2","ABL1",0.00775318249374157,0.142642683527434,0.95665322745062,-0.271821339878174,0.287327704865657,5,0.0458194527873875,52.8313812066946,0.996582809694757
"VLMC-2","AKT3",-0.0331785036331687,0.0792541386063976,0.675483392253139,-0.188513760927453,0.122156753661116,5,0.0106248210753795,37.260823104574,0.961522787115495
"VLMC-2","NRDE2",-0.0589746223752469,0.143576877499918,0.681253714774998,-0.340380131287805,0.222430886537312,5,0.0214596004069594,20.2435375960075,0.963875255518011
"VLMC-2","RGS7BP",0.206000718300177,0.0991029772386481,0.0376492397053192,0.0117624521517337,0.40023898444862,5,0,0,0.541782501191336
"VLMC-2","SRP54",-0.126791293824093,0.152757128058402,0.406528133323906,-0.426189763200334,0.172607175552148,5,0.0428379579770876,40.8716309269137,0.915088506917903
"VLMC-2","MACF1",-0.0835055034661808,0.104351717855654,0.423576839169681,-0.288031112188149,0.121020105255787,5,0.0185211117419195,37.4073836009541,0.918385553453722
"VLMC-2","ACTN1",0.17674590169224,0.130953470384673,0.177117126683805,-0.0799181839122505,0.433409987296731,5,0,0,0.812975415007207
"VLMC-2","B4GALT5",-0.325769509265755,0.345575033709848,0.345840406662513,-1.00308412929327,0.351545110761761,5,0.445790227104674,86.9049835667453,0.89567209561799
"VLMC-2","SLC22A3",0.268050176436635,0.220927852547353,0.225017888427282,-0.164960457737953,0.701060810611223,5,0.0918989574006824,40.552651146185,0.833656582234995
"VLMC-2","AXL",-0.0814554059251129,0.167039022607855,0.625802750025013,-0.40884587424928,0.245935062399055,5,0.0506344227427709,39.5106905024502,0.948488775291622
"VLMC-2","YWHAB",-0.0190918315901582,0.118848947620891,0.872377368441821,-0.252031488527593,0.213847825347276,5,0.0120100126943491,16.2608913819045,0.984193499791697
"VLMC-2","PCDH18",-0.158744250754683,0.126625647186857,0.209969225588273,-0.406925958759999,0.0894374572506327,5,0,0,0.817562161019663
"VLMC-2","PDXK",0.245263130943995,0.10148854042066,0.0156637105085813,0.0463492468759648,0.444177015012025,5,0,0,0.406956425281991
"VLMC-2","SIAH1",-0.0529543685528363,0.179953918985822,0.768554444642091,-0.405657568641886,0.299748831536213,5,0.0565479726119736,38.1957239168554,0.972430163885711
"VLMC-2","TSC2",-0.305073691141032,0.109462893564806,0.00531975690089254,-0.519617020171592,-0.0905303621104712,5,2.41453329547411e-06,0.0033598182040916,0.303803742892161
"VLMC-2","ATN1",-0.0464161885943672,0.12029740559341,0.699611243377247,-0.282194770991058,0.189362393802324,5,0.0140404977234539,19.0028842356149,0.967813462982102
"VLMC-2","CEP128",-0.0571998052970442,0.172007680442475,0.739479911432111,-0.394328664028569,0.27992905343448,5,0.0497554102414338,35.8944001040262,0.970230263441742
"VLMC-2","RPTOR",0.103272273711625,0.084233267263859,0.220188453283541,-0.0618218964256752,0.268366443848925,5,0,0,0.828820901475049
"VLMC-2","LRCH3",0.112695789666482,0.0748631616823858,0.132232300148931,-0.0340333109997926,0.259424890332758,5,0.000104883229909267,0.309510913106004,0.770254180677166
"VLMC-2","VPS13A",-0.0898769757877309,0.114684110037621,0.433221081858908,-0.314653701060497,0.134899749485035,5,0.0173794811794167,27.2952583241126,0.920413727425774
"VLMC-2","RPL7",0.187762863180565,0.240713491098608,0.435375372001252,-0.28402690996561,0.65955263632674,5,0.131666166672877,51.9144337529711,0.920413727425774
"VLMC-2","TOM1L1",0.136392425405756,0.135087651021999,0.312658824137006,-0.128374505353479,0.40115935616499,5,3.22372264374678e-06,0.00305503566150356,0.877270724002829
"VLMC-2","ELMOD3",-0.0773667467106959,0.253162456558233,0.759908318150301,-0.573556043802519,0.418822550381127,5,0.181839234955331,66.9420240454383,0.971989194774757
"VLMC-2","TMEM117",-0.0633492349818786,0.0986301885350989,0.520684569054661,-0.256660852299068,0.129962382335311,5,0.00418933221279684,7.4022177084803,0.925314633394202
"VLMC-2","RFX7",-0.10821013243035,0.102327768117661,0.290290062540548,-0.308768872559332,0.0923486076986322,5,0,0,0.868360199133212
"VLMC-2","CAB39L",0.202903050884133,0.206850141005512,0.326633122402469,-0.202515775683702,0.608321877451967,5,0.110214673543295,61.0155741344706,0.885943206465361
"VLMC-2","MMP16",0.313637727636823,0.358290351863777,0.381370944116736,-0.388598458024364,1.01587391329801,5,0.477616308368404,87.2485257332109,0.903121483964797
"VLMC-2","CPEB2",-0.329089052947645,0.282128282622244,0.243431811486322,-0.882050325907381,0.223872220012092,5,0.270907104452644,81.3060836665986,0.840926918484417
"VLMC-2","GTF2F2",0.15751343185742,0.124754725759938,0.20673840047143,-0.0870013375332309,0.40202820124807,5,2.47490359680138e-06,0.00277702860032502,0.817137998846356
"VLMC-2","TGS1",0.130612533630919,0.118386550480742,0.269909182143902,-0.101420841565269,0.362645908827107,5,0,0,0.85839310941465
"VLMC-2","NOTCH3",-0.349404029020368,0.129074855950599,0.00678968020978825,-0.602386097993239,-0.0964219600474977,5,0.0166670395914201,19.4646653535952,0.308846212508015
"VLMC-2","SET",0.111259214574596,0.184990004969643,0.547551189322392,-0.25131453266579,0.473832961814983,5,0.0653348889616658,42.9762999100501,0.928293059793464
"VLMC-2","GPI",-0.252552934535491,0.0981569050821897,0.0100835401289028,-0.444936933330499,-0.0601689357404823,5,0,0,0.339210289936291
"VLMC-2","AGL",-0.0610902246779408,0.156268338823915,0.695847828872099,-0.367370540696716,0.245190091340834,5,0.0338560831578907,28.8534300780134,0.967813462982102
"VLMC-2","TUBGCP3",0.0435201592055567,0.107790420150295,0.686398088682949,-0.167745182167463,0.254785500578576,5,0,0,0.96509154879379
"VLMC-2","ANKRD17",0.154786296621562,0.057821159015076,0.00742882626892058,0.0414589074076497,0.268113685835474,5,0,0,0.308846212508015
"VLMC-2","TRIM44",-0.108381117945344,0.0687359770197885,0.114847480879009,-0.243101157346302,0.0263389214556141,5,2.66506484052663e-07,0.000935001660788487,0.743385681091789
"VLMC-2","MAST2",0.0173999372770229,0.108106233788622,0.872131040434476,-0.194484387452944,0.22928426200699,5,0.00543069342726904,8.32043548284765,0.984193499791697
"VLMC-2","SERPINB6",-0.308534028848647,0.140966837993248,0.0286186981498713,-0.584823954329905,-0.0322441033673894,5,0.0285394630763848,29.8845763547368,0.4900634783087
"VLMC-2","EVA1C",0.135391622346404,0.0990858998357476,0.171811394711661,-0.0588131727074049,0.329596417400212,5,6.59401859111335e-07,0.00110106535029609,0.81176057838487
"VLMC-2","PSD3",-0.210378423570227,0.0873870402753327,0.0160651202476352,-0.38165387522543,-0.0391029719150233,5,0.0078229838889802,20.2189915144748,0.406956425281991
"VLMC-2","SLC6A12",-0.218649179641545,0.129397675150229,0.0910765947471705,-0.472263962619207,0.0349656033361174,5,0,0,0.713929693424544
"VLMC-2","YBX1",0.341687342304251,0.126587735437397,0.00695035420230929,0.0935799399624672,0.589794744646035,5,0,0,0.308846212508015
"VLMC-2","PARD6G",-0.287047260862474,0.167086243234457,0.0858041534136193,-0.614530279914108,0.0404357581891613,5,0.028914903840147,20.3341176302608,0.705731682680206
"VLMC-2","MYSM1",-0.0953507689908588,0.0849143750691035,0.261477880510806,-0.261779885896028,0.0710783479143099,5,1.53607718648279e-07,0.000319589306237352,0.847648954246906
"VLMC-2","TMEM38B",0.303285351584027,0.251135917920961,0.227180293363629,-0.188932002765463,0.795502705933518,5,0.161796562218972,60.7288831408042,0.835476015240007
"VLMC-2","CAPRIN2",-0.115269682916855,0.117880279314057,0.328146621657503,-0.346310784859929,0.115771419026219,5,0,0,0.885943206465361
"VLMC-2","KANSL1L",0.176349348661159,0.080004367504385,0.0275070117774875,0.0195436697466579,0.333155027575661,5,0,0,0.4900634783087
"VLMC-2","FADS1",-0.0750510773097026,0.120071293615354,0.531935426275709,-0.31038648837293,0.160284333753525,5,0,0,0.925314633394202
"VLMC-2","EIF3A",-0.0742862646523588,0.0941342230839093,0.430022835887578,-0.25878595160948,0.110213422304762,5,1.87005194323566e-06,0.00355169091833689,0.919057700079932
"VLMC-2","SSH1",0.145110429115384,0.105868899670974,0.170480489126443,-0.0623888013226087,0.352609659553376,5,3.23547551774907e-07,0.00049351099150108,0.810023115001912
"VLMC-2","UGGT1",0.124206369970365,0.0991225462324345,0.210184340990302,-0.0700702507011129,0.318482990641843,5,0,0,0.817562161019663
"VLMC-2","PHLDB2",0.0696997948237406,0.262446690437081,0.790565029998385,-0.444686266294671,0.584085855942152,5,0.232192739538987,73.639599871369,0.974616458884373
"VLMC-2","SLC22A23",0.0676493819647538,0.206905602784248,0.743699871716376,-0.337878147691923,0.473176911621431,5,0.123776728378973,69.5707848289793,0.970230263441742
"VLMC-2","OLA1",-0.11259959478572,0.0837224037030955,0.178652383918232,-0.27669249074291,0.0514933011714696,5,1.51876290259754e-06,0.003551294306088,0.812975415007207
"VLMC-2","RASSF1",-0.183298033055944,0.242897998679576,0.450471224844595,-0.659369362384772,0.292773296272883,5,0.120410413624241,46.5368945725826,0.920413727425774
"VLMC-2","PTBP2",0.0480148392523493,0.0696615599198871,0.490660455630116,-0.0885193092975083,0.184548987802207,5,0,0,0.920413727425774
"VLMC-2","COL4A5",-0.214552843329416,0.112846677157035,0.0572656802518994,-0.435728266332223,0.00662257967339014,5,0,0,0.625460221972044
"VLMC-2","SLC6A17",0.335910791811273,0.283716595502879,0.236426537205352,-0.220163517190689,0.891985100813234,5,0.189537997698859,55.3794303561629,0.836318476507681
"VLMC-2","BLCAP",-0.126385257763212,0.135575735097056,0.351227239600546,-0.392108815730985,0.139338300204561,5,0.0323348872121279,38.4440948386516,0.89567209561799
"VLMC-2","PEX3",-0.146310680651786,0.196227629125421,0.455898735099588,-0.530909766509294,0.238288405205723,5,0.0824036771590605,47.9865703950511,0.920413727425774
"VLMC-2","GULP1",0.128132770126827,0.1191988208014,0.282397123175432,-0.105492625643561,0.361758165897215,5,0.00713036282124783,9.27299430815596,0.858762445500743
"VLMC-2","CTNNA3",-0.0715946903048489,0.10414230032624,0.491786701598783,-0.275709848211432,0.132520467601735,5,0.00226145796820267,3.59453959723757,0.920413727425774
"VLMC-2","PARP8",0.106833354504439,0.0910360733457996,0.240584252212204,-0.0715940705472753,0.285260779556153,5,0,0,0.840926918484417
"VLMC-2","RADIL",-0.0793414689076226,0.13096010135053,0.54461795690293,-0.336018550966377,0.177335613151132,5,0.00275260504264825,2.73211380922714,0.927642940264029
"VLMC-2","ZNF251",-0.208602346329453,0.107688836686224,0.05273504909454,-0.419668587771467,0.00246389511256179,5,7.82331585296575e-06,0.0112531341829204,0.603452798111825
"VLMC-2","COL1A2",-0.275498534008475,0.106045029723671,0.00937851128589207,-0.48334297300635,-0.0676540950106004,5,4.5313165809549e-06,0.00569225706560098,0.326589730814777
"VLMC-2","MAGI1",0.105287934051003,0.0734494735360219,0.15172233291496,-0.0386703887630282,0.249246256865033,5,0,0,0.779227370879275
"VLMC-2","CHM",0.0879059350945142,0.121500329623575,0.469370496604154,-0.150230335077438,0.326042205266467,5,0.0273696635687907,41.2612755259958,0.920413727425774
"VLMC-2","METTL21A",-0.0259066400205195,0.152377524647602,0.864997436036895,-0.324561100383184,0.272747820342145,5,0.0171400554176993,13.9238689446886,0.983030073718517
"VLMC-2","NBEAL1",0.142808506422871,0.0787428892252307,0.0697385428834623,-0.0115247204972081,0.29714173334295,5,0,0,0.657237498135552
"VLMC-2","MGRN1",-0.0606838607633888,0.107617678680827,0.572833246399632,-0.271610635077614,0.150242913550836,5,0,0,0.934534937385238
"VLMC-2","PITPNB",0.175889482000374,0.0924103325673982,0.0569945018745671,-0.00523144163109518,0.357010405631843,5,3.36394273607245e-08,6.53843085594769e-05,0.625460221972044
"VLMC-2","STRN3",0.0529393470074272,0.093540992559693,0.571429062234554,-0.1303976294877,0.236276323502555,5,0.0145249861099151,36.277110303118,0.933407795281386
"VLMC-2","AP2B1",0.137337884358069,0.0780215405629979,0.078364412043967,-0.0155815251637381,0.290257293879875,5,4.74009832313521e-07,0.00123807230846049,0.6795900952725
"VLMC-2","PICALM",0.0743083819088763,0.067815999745537,0.273194648697208,-0.0586085351679538,0.207225298985706,5,0,0,0.85839310941465
"VLMC-2","PDS5A",0.133996449799994,0.0857412558423345,0.118099602581142,-0.034053323640216,0.302046223240204,5,0,0,0.749598232232002
"VLMC-2","IL6ST",0.253929785906296,0.0961966882593631,0.00829810032585673,0.0653877414859177,0.442471830326675,5,0.00571205082851918,11.0588522805231,0.313649544900922
"VLMC-2","SNRK",-0.361616944170945,0.099048563261245,0.000261317385031315,-0.555748560883422,-0.167485327458467,5,0,0,0.0898993349782368
"VLMC-2","SLC20A2",-0.272680670786483,0.188993353661847,0.149075238589116,-0.643100837281143,0.0977394957081778,5,0.0842666563962003,53.9672617910515,0.774161722178758
"VLMC-2","SUB1",-0.191241232551812,0.114683916620737,0.095404974188125,-0.416017578734452,0.0335351136308276,5,0,0,0.719601643876351
"VLMC-2","DCP2",0.129883491597396,0.100909535493427,0.198049667165533,-0.0678955636663878,0.327662546861179,5,0,0,0.814219750511838
"VLMC-2","SYMPK",-0.125130020951845,0.106252942404316,0.238931500897844,-0.333381961315714,0.0831219194120233,5,0,0,0.839003725490967
"VLMC-2","NEDD9",0.276305711396025,0.1531370230679,0.0711836956852076,-0.0238373385167377,0.576448761308789,5,0,0,0.659325903046859
"VLMC-2","KCNB1",0.0735323231874609,0.119012948449269,0.536673262494917,-0.159728769467029,0.306793415841951,5,0.00436785205638484,4.75931345580075,0.925314633394202
"VLMC-2","UACA",-0.0998989946400789,0.241470042735234,0.679085218787615,-0.573171581746486,0.373373592466328,5,0.205254855178088,82.3895366700724,0.963087131535217
"VLMC-2","PPCDC",0.0690755285402828,0.200220399050198,0.730096282416916,-0.323349242568343,0.461500299648908,5,0.0886295094389885,49.5104849700138,0.970230263441742
"VLMC-2","SEC11A",0.0092093548856377,0.122350176140358,0.939999518789676,-0.230592583851595,0.249011293622871,5,0.000943329203671804,1.06305944591137,0.994661788902949
"VLMC-2","FOXK1",0.105472147928887,0.182892421278506,0.564149193707872,-0.252990410822312,0.463934706680086,5,0.0712896685460453,50.8605101967954,0.931979399500039
"VLMC-2","BTAF1",0.110191913595744,0.0821046774040478,0.179566629905924,-0.0507302970784694,0.271114124269957,5,0,0,0.812975415007207
"VLMC-2","MED23",-0.244537405937547,0.111934681288067,0.028914974822164,-0.463925349883127,-0.0251494619919667,5,0,0,0.4900634783087
"VLMC-2","PLEKHG3",-0.0281927872391193,0.166035094414047,0.865167293316569,-0.35361559246036,0.297230017982121,5,0.0531235200081685,42.6101853108302,0.983030073718517
"VLMC-2","PUS7L",0.109090149181705,0.123494294859497,0.377040794397061,-0.132954221039079,0.351134519402489,5,2.70221704292493e-06,0.00308261426606706,0.901467826831352
"VLMC-2","HNRNPDL",-0.112379637063051,0.0700115529464674,0.108458934874699,-0.249599759339846,0.024840485213744,5,1.31680448039934e-06,0.00446665143483858,0.743385681091789
"VLMC-2","CEBPZOS",-0.184656995817851,0.203983326668939,0.36533012999603,-0.58445696953564,0.215142977899938,5,0.105547528122845,59.7012221915628,0.89782846718252
"VLMC-2","NT5DC1",-0.214169934072142,0.101647115402755,0.0351180384330812,-0.413394619393928,-0.0149452487503556,5,0,0,0.527397684325379
"VLMC-2","XRCC6",-0.194249417570751,0.113622097898502,0.0873381084062119,-0.416944637299698,0.0284458021581964,5,0,0,0.705731682680206
"VLMC-2","ATP6V0A1",-0.0367865353706498,0.113853332304232,0.746616026805117,-0.259934966206815,0.186361895465515,5,0.0203504892869379,33.9590483932346,0.970230263441742
"VLMC-2","HLTF",-0.268368327645444,0.109382914454825,0.0141483080173646,-0.482754900500927,-0.0539817547899616,5,0.00360112046129828,5.09162645945325,0.399957211516088
"VLMC-2","CAPN2",-0.219468635638816,0.0982128569621135,0.025442158688863,-0.411962298103343,-0.0269749731742901,5,1.30539885793835e-06,0.00218278446468929,0.472858684139972
"VLMC-2","UNC5C",-0.0348531345671662,0.136212972478719,0.798049398763008,-0.301825654852601,0.232119385718269,5,0.0398601406537712,50.071637096375,0.974861328880033
"VLMC-2","STIM1",0.0324683027502668,0.108038717118455,0.763776960883963,-0.179283691737816,0.24422029723835,5,0.0151490171747649,26.9277393135255,0.972218195929783
"VLMC-2","GTF3C1",0.103256508975065,0.161498461209785,0.522585329803542,-0.213274658554752,0.419787676504882,5,0.0496729833788407,44.3171277626549,0.925314633394202
"VLMC-2","LARGE1",-0.0633143866255028,0.116070302491042,0.585421311323426,-0.290807999182615,0.164179225931609,5,0.0284323889701113,48.7973416301406,0.935326469316026
"VLMC-2","SF3B2",-0.0447779375585375,0.111216920354001,0.687229242528286,-0.262759095923839,0.173203220806763,5,0.000727297035782116,0.97111623468129,0.96509154879379
"VLMC-2","PSMA3",-0.0977021194529531,0.127420569241864,0.443218978108076,-0.3474418460566,0.152037607150693,5,0.0125499003182803,14.5950833207478,0.920413727425774
"VLMC-2","CUL2",-0.0206551589698715,0.13639636237329,0.879632721561934,-0.287987116843793,0.24667679890405,5,0.0194296857728426,20.6798787336552,0.984193499791697
"VLMC-2","DNM3",-0.0192996879871101,0.1366036937948,0.887646909126785,-0.287038007980056,0.248438632005836,5,0.0449643663202877,60.7001329570782,0.986266783844257
"VLMC-2","ZCCHC17",-0.00201938377832611,0.125878933866514,0.987200669861935,-0.248737560568992,0.24469879301234,5,0.0102189547303905,12.0701134050568,0.997919280210293
"VLMC-2","PEAR1",-0.0257326444875641,0.179496817415482,0.886005956706991,-0.377539941961471,0.326074652986343,5,0.0365740966139966,21.734658877408,0.985694421989932
"VLMC-2","PPP2CB",0.137864813937213,0.119728034608599,0.249533525111257,-0.0967978218354054,0.372527449709832,5,0.0226112854972603,33.9165871039151,0.842480864401571
"VLMC-2","MAPK8",-0.0386083981120202,0.093695864402298,0.680294818561897,-0.222248917840873,0.145032121616833,5,0.0123192666576708,29.5675900305634,0.963875255518011
"VLMC-2","USP32",-0.0305920250646408,0.105955890197486,0.772792475087584,-0.238261753801594,0.177077703672312,5,0.0132692786408306,24.045069879725,0.973752354617262
"VLMC-2","IL1RAPL1",0.0437972868822971,0.137887502219117,0.750765177325016,-0.226457251385359,0.314051825149953,5,0.0333276383785272,39.0662636072668,0.970230263441742
"VLMC-2","BICD2",-0.00435144857074854,0.131684209770204,0.973639042386347,-0.262447757052966,0.253744859911469,5,0.00486184621433656,4.98782176636893,0.996582809694757
"VLMC-2","USP39",-0.0689620741718583,0.150001212672059,0.645700382022856,-0.362959048646426,0.22503490030271,5,0.0223292937649875,19.1116010673425,0.950035992057582
"VLMC-2","SNX6",0.0257657568102462,0.140419530050233,0.854412574119019,-0.249451464814251,0.300982978434743,5,0.0347928596977468,38.6906388603012,0.980957024980027
"VLMC-2","ZNF236",-0.0776273913986558,0.110883617717664,0.483877411068929,-0.294955288600784,0.139700505803473,5,0,0,0.920413727425774
"VLMC-2","CAMSAP1",-0.124007575835747,0.111598853244935,0.266486396939858,-0.342737308911791,0.0947221572402973,5,0,0,0.857110408398436
"VLMC-2","SPEN",0.185937133089066,0.0689791752613502,0.00702715602666578,0.0507404338935436,0.321133832284589,5,0,0,0.308846212508015
"VLMC-2","GATAD2A",0.174823431094304,0.118024908106212,0.138542142678032,-0.0565011380725209,0.406148000261128,5,9.21422365694506e-07,0.00116143266896661,0.771582957702176
"VLMC-2","PDPK1",-0.0630176526545407,0.117324819574679,0.591183869645915,-0.292970073513571,0.16693476820449,5,0,0,0.935878841171228
"VLMC-2","LBH",-0.129600391435805,0.173134372882286,0.454126191412608,-0.468937526771013,0.209736743899403,5,0.0244090649571063,15.731445088756,0.920413727425774
"VLMC-2","ITGB3BP",0.134957445375315,0.132194161088898,0.307300291076717,-0.124138349325411,0.39405324007604,5,0,0,0.877270724002829
"VLMC-2","CNTNAP2",0.234270779729674,0.332053985568718,0.480486592955557,-0.416543072907996,0.885084632367344,5,0.392690272347042,86.6777891383688,0.920413727425774
"VLMC-2","KANK2",-0.318245349901512,0.137398581419427,0.0205462566894925,-0.587541621010483,-0.0489490787925407,5,0.0217481674812757,22.7334257812414,0.43198504689658
"VLMC-2","ADGRL2",0.14924575269882,0.156362052040287,0.339836517696018,-0.157218237848921,0.455709743246561,5,0.0484353681890041,45.1124685415162,0.89567209561799
"VLMC-2","P4HA1",0.376514996030703,0.115844298330948,0.00115331373250141,0.149464343487731,0.603565648573674,5,0,0,0.161310513183539
"VLMC-2","CORO1C",-0.0047680868277737,0.119041102818787,0.968049977950009,-0.238084361032527,0.228548187376979,5,0.00931157721263006,12.3614856754661,0.996582809694757
"VLMC-2","ITGA7",-0.359335001271044,0.0982731543974398,0.000255690403397057,-0.55194684453717,-0.166723158004918,5,3.02776982932798e-06,0.00527245798719595,0.0898993349782368
"VLMC-2","DCUN1D1",-0.053908039622908,0.106045284920931,0.611208446329975,-0.261752978798221,0.153936899552405,5,0.00236894263419289,3.58570629067756,0.94447592451941
"VLMC-2","DDAH1",-0.184806099558007,0.102785146247285,0.0721794644294395,-0.386261284348369,0.0166490852323544,5,0,0,0.659814452012594
"VLMC-2","UBR3",0.0603055570724437,0.0564335615466128,0.285244730763062,-0.0503021910782419,0.170913305223129,5,1.0997161133407e-06,0.00563343878326704,0.862141306636964
"VLMC-2","BBS4",-0.120539526396511,0.127488345729134,0.344406490644487,-0.370412092474205,0.129333039681182,5,2.50361766764665e-06,0.00270917211975513,0.89567209561799
"VLMC-2","PLCL2",-0.073144355735058,0.114110408200192,0.521525051087078,-0.296796646068598,0.150507934598482,5,0.00991455634133561,14.3849306272583,0.925314633394202
"VLMC-2","CASP8AP2",-0.0251844868558705,0.110705626183237,0.820042295091262,-0.242163527060969,0.191794553349228,5,0,0,0.976895319762814
"VLMC-2","PPM1L",-0.121491604365402,0.0753135572791349,0.106713251490591,-0.269103464180101,0.0261202554492971,5,0,0,0.743385681091789
"VLMC-2","VAPB",-0.0712060023197472,0.119306883507095,0.550620466389309,-0.30504319710137,0.162631192461876,5,0.00468897972711276,5.73305917019807,0.928293059793464
"VLMC-2","YY1AP1",0.0405552758298681,0.164283535239521,0.805015432190396,-0.281434536492509,0.362545088152245,5,0.0507873364683851,41.3801555326382,0.974899275204814
"VLMC-2","TIPRL",0.0780406232910774,0.118219289686136,0.509167566383664,-0.153664926771657,0.309746173353812,5,0,0,0.923861754754394
"VLMC-2","NAE1",-0.13421630641184,0.117081732856275,0.251651556418626,-0.36369228605768,0.0952596732339992,5,0,0,0.842480864401571
"VLMC-2","TACC2",-0.646782632074449,0.567248852182919,0.254198955723785,-1.75856995262466,0.465004688475757,5,1.4011690552005,94.639308748483,0.842480864401571
"VLMC-2","PARN",-0.0144098708077369,0.107607538784016,0.893472674984201,-0.225316771289406,0.196497029673932,5,0.00714849902299769,11.3732576974971,0.9877336927716
"VLMC-2","BRD8",-0.175138259497597,0.11036134666947,0.112523311751162,-0.391442524255098,0.0411660052599048,5,0,0,0.743385681091789
"VLMC-2","PPFIBP2",-0.297108256437088,0.146862784331388,0.0430697472528105,-0.584954024395882,-0.00926248847829386,5,0,0,0.567519890948202
"VLMC-2","PHYKPL",-0.0921783400808338,0.146799218779084,0.53005556916632,-0.379899521846455,0.195542841684787,5,0.032481752520247,31.970214311492,0.925314633394202
"VLMC-2","TSPAN3",0.02810600165298,0.106079024394801,0.791045335372528,-0.179805065675975,0.236017068981935,5,0.00083189272514214,1.26930857578016,0.974616458884373
"VLMC-2","NTN4",-0.173132949258783,0.196564916075059,0.37843001479184,-0.558393105390036,0.212127206872471,5,0.0771935007033397,42.806489669572,0.902864233872162
"VLMC-2","EZH1",-0.0545379031329289,0.0908541952526378,0.548320035526236,-0.232608853672469,0.123533047406611,5,0,0,0.928293059793464
"VLMC-2","MON2",0.0557035661848919,0.0681328386387404,0.413601075940023,-0.0778343437115183,0.189241476081302,5,0.0020436022553549,7.93696164807118,0.915968683628608
"VLMC-2","FAM135A",0.0245276099202161,0.102423008562362,0.810738339876424,-0.176217798050251,0.225273017890684,5,0.00980657986818046,18.1228025887021,0.975765582377835
"VLMC-2","CTNNB1",0.170953033677148,0.0816693256109366,0.0363282442121823,0.0108840968380378,0.331021970516259,5,0,0,0.536251459404502
"VLMC-2","MACROD2",-0.135044529232647,0.109095230546092,0.215768291876761,-0.348867251988081,0.0787781935227864,5,0.00269788298009179,3.81785950819707,0.823539031660366
"VLMC-2","EBF1",-0.160239619935792,0.123079112328362,0.192942451400624,-0.401470247348541,0.0809910074769571,5,0.0221920353395343,30.6782052336284,0.812975415007207
"VLMC-2","DNMBP",-0.0887964007169991,0.108200703423531,0.41183779441065,-0.30086588252902,0.123273081095022,5,0.00367313000629991,5.28769084013729,0.915968683628608
"VLMC-2","ATG7",-0.113971513868804,0.137278186855213,0.406412689935895,-0.383031815967981,0.155088788230373,5,0.0439418454885223,57.4583722522275,0.915088506917903
"VLMC-2","SYNPO2",0.108534551736865,0.239339839347567,0.65020698770296,-0.360562913449968,0.577632016923699,5,0.168435292331767,65.5335345896916,0.95224044694504
"VLMC-2","LRCH2",-0.000881814110883552,0.143533336391401,0.995098132209174,-0.282201984018903,0.280438355797136,5,0.0245461117416522,24.0124260981391,0.998660536023765
"VLMC-2","KALRN",0.076541776446026,0.0757874256019437,0.312517564371179,-0.0719988482147924,0.225082401106844,5,0,0,0.877270724002829
"VLMC-2","EIF2B3",-0.148902558851018,0.394286588844302,0.705690185184486,-0.921690072573002,0.623884954870966,5,0.611136693181767,89.3450916778032,0.968434829738745
"VLMC-2","ZNF385D",-0.0793134439975561,0.232687740527034,0.733210594036765,-0.535373035074544,0.376746147079431,5,0.11711267163497,50.0566134687807,0.970230263441742
"VLMC-2","TOR1AIP2",0.159435209406416,0.115419633086181,0.167170574748761,-0.0667831145513272,0.385653533364159,5,0,0,0.804902642351254
"VLMC-2","R3HCC1L",0.0986320269330596,0.112696220450627,0.381463670176731,-0.122248506343955,0.319512560210074,5,0,0,0.903121483964797
"VLMC-2","OSBPL9",0.0118289268527863,0.0673014052260126,0.860482123694991,-0.120079403499134,0.143737257204707,5,0,0,0.981579833098383
"VLMC-2","ADAM33",0.0680236263527183,0.315989204608471,0.829555262820115,-0.551303834183343,0.68735108688878,5,0.340887869547048,80.4672196608945,0.977652301355658
"VLMC-2","RBBP7",-0.0936563752544995,0.117845513373698,0.426765588919398,-0.324629337206581,0.137316586697582,5,7.86207065053587e-06,0.00970742735111409,0.918385553453722
"VLMC-2","EIF4G1",0.0678637094743126,0.177243125802354,0.701805137236899,-0.279526433605603,0.415253852554228,5,0.0606851288061884,43.3218066417843,0.967813462982102
"VLMC-2","PIGK",-0.107664858423421,0.120867459798016,0.373053676831698,-0.344560726530375,0.129231009683534,5,4.11191621731339e-06,0.00445281534428736,0.898963158210482
"VLMC-2","USF3",-0.0690028753269432,0.109336758122362,0.527972466524271,-0.283298983433139,0.145293232779253,5,6.78809099313779e-08,9.77316600026191e-05,0.925314633394202
"VLMC-2","KDM5B",-0.0260115082608446,0.104771103187886,0.803925608900213,-0.231359097129631,0.179336080607942,5,0.0064572271296212,10.6731597357194,0.974861328880033
"VLMC-2","FER",-0.0582498408459527,0.100324919247423,0.561502057853276,-0.254883069322791,0.138383387630886,5,0.0209146052026717,48.6986066806484,0.931813702202331
"VLMC-2","MITF",0.0827682137912388,0.145280690407302,0.568872764443576,-0.201976707056187,0.367513134638664,5,0.0256268194518057,24.6781370119572,0.933407795281386
"VLMC-2","ARMC8",0.00918770392597298,0.0976865370433561,0.925067119963357,-0.182274390453443,0.200649798305389,5,0.00518070986532863,9.96349840393065,0.992159394239645
"VLMC-2","PRKRA",-0.181153553034134,0.108139251025424,0.0938973922607507,-0.393102590359102,0.0307954842908337,5,0,0,0.719601643876351
"VLMC-2","TRIM56",0.198834064108458,0.136046157947394,0.143873026138756,-0.0678115057034818,0.465479633920398,5,0,0,0.774161722178758
"VLMC-2","TBC1D4",-0.0895574982229868,0.175299454467326,0.609433037513222,-0.433138115488466,0.254023119042492,5,0.0516006005125652,36.6054557133836,0.94447592451941
"VLMC-2","USP45",-0.103388751840771,0.163870938055912,0.528095628809761,-0.424569888543153,0.217792384861612,5,0.0484126470029708,39.9171710413525,0.925314633394202
"VLMC-2","UBP1",-0.0158276384785858,0.104860044611882,0.880022569974107,-0.221349549335137,0.189694272377965,5,0.0034738121820678,5.50608700712351,0.984193499791697
"VLMC-2","SMAD1",0.176932974106609,0.129936728850695,0.17329712396979,-0.077738334709701,0.431604282922918,5,0,0,0.812307012480575
"VLMC-2","TIAM2",-0.0946699931235114,0.115698712861322,0.413216811981084,-0.321435303389344,0.132095317142321,5,0.0244267365788617,41.0268481071568,0.915968683628608
"VLMC-2","NEDD4L",-0.226515945189752,0.0840688854547805,0.00705136198259479,-0.391287932901545,-0.0617439574779591,5,0,0,0.308846212508015
"VLMC-2","TMEM87B",0.024379686604532,0.1274705843262,0.848323971269377,-0.225458067763097,0.274217440972161,5,0,0,0.980957024980027
"VLMC-2","MAU2",-0.0647437394657721,0.112884688511282,0.566279991848418,-0.285993663353908,0.156506184422363,5,0.0032848024251532,4.48018293450432,0.931979399500039
"VLMC-2","AFAP1",-0.230497604060546,0.116255567210132,0.0474031695343847,-0.458354328794679,-0.0026408793264126,5,1.31432522547435e-06,0.00159990881379429,0.590992023566818
"VLMC-2","STAT2",0.104127736509877,0.110742463414792,0.347079452193911,-0.112923503342359,0.321178976362113,5,0,0,0.89567209561799
"VLMC-2","CTDSP2",-0.063762554961406,0.104086529980188,0.540146280246962,-0.267768404998324,0.140243295075512,5,0,0,0.925314633394202
"VLMC-2","NPLOC4",0.118443424950146,0.124433208845256,0.341166232018681,-0.125441182867305,0.362328032767598,5,3.96819550755651e-07,0.000449555388248767,0.89567209561799
"VLMC-2","NORAD",0.156832105965708,0.0992019527507837,0.113892285627553,-0.0376001486218726,0.351264360553288,5,4.8135993673634e-06,0.00799580227748854,0.743385681091789
"VLMC-2","TRAM1",-0.163118050626498,0.12658787153921,0.197545648389466,-0.411225719722934,0.084989618469937,5,0,0,0.813394811728476
"VLMC-2","RNPC3",0.0157358591023597,0.0895334249002698,0.860487196137673,-0.159746429114691,0.19121814731941,5,0.00668868515304722,16.0165110695593,0.981579833098383
"VLMC-2","DCTN4",-0.15973929956684,0.0930335629055203,0.0859778521070485,-0.342081732215101,0.0226031330814213,5,1.33349307023664e-06,0.00257563448360707,0.705731682680206
"VLMC-2","WAPL",-0.0451550848751346,0.0897704352635342,0.614959918123912,-0.221101904868146,0.130791735117877,5,0,0,0.94447592451941
"VLMC-2","APOD",0.2434391349367,0.184594316589418,0.187242958466619,-0.118359077329344,0.605237347202743,5,0.00174317793246702,0.868067530746981,0.812975415007207
"VLMC-2","STAM",0.0698596146646856,0.123181494134775,0.570627550233582,-0.171571677401306,0.311290906730677,5,0,0,0.933407795281386
"VLMC-2","SLCO3A1",-0.00184328746877991,0.148272968900503,0.990081181072507,-0.292452966394594,0.288766391457034,5,0.0438460398109628,44.6191583735914,0.997919280210293
"VLMC-2","SIRT2",-0.144236881520533,0.167885387398582,0.390263840461791,-0.473286194352309,0.184812431311243,5,0.0428986457712392,32.1866228036305,0.906036962949251
"VLMC-2","ATP1B2",0.132207285402371,0.100226595722287,0.187141076227427,-0.0642332325063674,0.328647803311109,5,1.89327149555958e-06,0.00277999364362309,0.812975415007207
"VLMC-2","VGLL4",0.0696182717195162,0.128599963419779,0.58826271129026,-0.182433024996419,0.321669568435452,5,0.0302393369474395,41.4253427474516,0.935326469316026
"VLMC-2","ZNF248",0.0959307718889151,0.120517590060126,0.426037966535535,-0.140279364132494,0.332140907910324,5,0.0191113418002079,27.315732949895,0.918385553453722
"VLMC-2","PTPN21",-0.378669117284254,0.132335666009857,0.00421735905027779,-0.638042256533695,-0.119295978034813,5,3.85746332603973e-07,0.000379456407027338,0.279101876090624
"VLMC-2","SNX25",0.303741989509561,0.106418654136486,0.0043142977279169,0.095165260118824,0.512318718900297,5,0.00633733083343903,10.1829591091133,0.279101876090624
"VLMC-2","MBTD1",0.0740070535388877,0.103083467677436,0.472798417762771,-0.128032830510385,0.276046937588161,5,4.3420871640604e-07,0.000681546604226618,0.920413727425774
"VLMC-2","DYNLT3",0.213178883800156,0.328612293935129,0.516516391297555,-0.430889377189788,0.857247144790099,5,0.380137893759277,80.7936369991522,0.925314633394202
"VLMC-2","NUTM2A-AS1",0.0737071445606706,0.119169631675546,0.536241775631644,-0.159861041574302,0.307275330695644,5,0.0172513623368201,24.4019624004905,0.925314633394202
"VLMC-2","TRAPPC10",-0.00844036469683797,0.0966988443168527,0.930444926878407,-0.197966616904515,0.181085887510839,5,0,0,0.994287399624829
"VLMC-2","SLC39A9",0.229227419998721,0.212248319421195,0.280143785136791,-0.186771641845974,0.645226481843417,5,0.103459112930787,52.1101717528233,0.85839310941465
"VLMC-2","RALA",-0.0866596506590628,0.158914548651689,0.585531854408969,-0.398126442635811,0.224807141317686,5,0.0466126063232304,40.8185942958963,0.935326469316026
"VLMC-2","SETDB1",0.017341412923166,0.148186201282146,0.90684065573087,-0.273098204595644,0.307781030441976,5,0.0211655222745343,19.0240521112778,0.991102003209437
"VLMC-2","INO80D",0.118821379163995,0.0846323303887058,0.160327338868492,-0.0470549403255635,0.284697698653553,5,3.12720339394652e-06,0.00661501569750681,0.795488448309157
"VLMC-2","GPC5",-0.314488972506968,0.138072101044815,0.022743530250658,-0.585105317824581,-0.0438726271893545,5,0.0395539016308809,45.2337478218084,0.451898367360608
"VLMC-2","JUNB",0.26124402381798,0.257586144356555,0.310487039312354,-0.243615542037404,0.766103589673364,5,0.104825688687075,33.5461857073365,0.877270724002829
"VLMC-2","CCDC141",-0.216476151504993,0.247443760763402,0.381655577260264,-0.701457010800406,0.268504707790421,5,0.119323929967619,42.2119093756205,0.903121483964797
"VLMC-2","APPBP2",-0.173946720502975,0.194177142486167,0.370351787390847,-0.554526926396764,0.206633485390814,5,0.111855991930543,72.7909717184431,0.89782846718252
"VLMC-2","SCFD1",0.0299673260690453,0.0728936347821498,0.680991637533389,-0.112901572806184,0.172836224944275,5,0,0,0.963875255518011
"VLMC-2","APOLD1",0.172370899145988,0.312692611930129,0.581464288566835,-0.440495358468824,0.7852371567608,5,0.296623593912275,69.4839310402044,0.935326469316026
"VLMC-2","TIAL1",-0.0324403529579406,0.0841161559283034,0.69974746687561,-0.197304989095371,0.132424283179489,5,3.87929794052931e-07,0.000887149890967017,0.967813462982102
"VLMC-2","LNPEP",-0.0218213504949463,0.101673636738713,0.8300624140954,-0.221098016680033,0.17745531569014,5,0.011248998691499,21.7023699366078,0.977652301355658
"VLMC-2","COBLL1",-0.217264584287358,0.0871337348182465,0.0126504420487654,-0.388043566369585,-0.0464856022051315,5,0,0,0.376602540283599
"VLMC-2","SLC19A1",-0.253535195312516,0.130305382322346,0.0516907747367653,-0.508929051656036,0.00185866103100446,5,0,0,0.599073020805157
"VLMC-2","DOCK6",-0.0711685387385351,0.114021764028279,0.532518398297182,-0.294647089687686,0.152310012210616,5,0,0,0.925314633394202
"VLMC-2","LONRF1",0.0499489770642827,0.104755881526135,0.633495213478416,-0.155368777895687,0.255266732024252,5,0,0,0.948488775291622
"VLMC-2","RBL2",-0.179360410974911,0.158182624483989,0.256844100567023,-0.489392657943554,0.130671835993732,5,0.0504516871091231,45.5807016854153,0.842480864401571
"VLMC-2","MYO9A",-0.0438751911506701,0.11067168042986,0.691777062414983,-0.260787698901721,0.173037316600381,5,0.0251573265354375,48.1326795448707,0.965199197679177
"VLMC-2","XPA",0.127318084109885,0.112547208069221,0.257953415675867,-0.0932703902663231,0.347906558486094,5,4.85297152442638e-07,0.000640358257860162,0.842480864401571
"VLMC-2","INTU",-0.166167497154438,0.114291930390733,0.145977770167673,-0.390175564443833,0.0578405701349579,5,0.000450890305659539,0.576039971476773,0.774161722178758
"VLMC-2","HLA-A",0.0801851677720722,0.232363656411588,0.730030614172949,-0.37523923011068,0.535609565654825,5,0.129947429060675,56.5536680577364,0.970230263441742
"VLMC-2","FN1",-0.204992933594178,0.11784500673963,0.0819445490980398,-0.435964902561733,0.0259790353733776,5,0.0108320452933068,14.6053439502279,0.692616741622628
"VLMC-2","YTHDC1",0.0985910791784811,0.0856601857682729,0.249750460473184,-0.0692997998363443,0.266481958193307,5,0,0,0.842480864401571
"VLMC-2","PRKCB",0.121873198858131,0.241713059741594,0.614116555200168,-0.351875692828372,0.595622090544634,5,0.191293624713403,80.6792611099188,0.94447592451941
"VLMC-2","OAZ2",-0.0530645578934726,0.179132831035505,0.767054271962583,-0.404158455171762,0.298029339384817,5,0.0674787497995654,48.7795312202215,0.972218195929783
"VLMC-2","GABPB2",-0.00277342484447011,0.107736388114782,0.979462570444286,-0.213932865373871,0.208386015684931,5,0,0,0.997919280210293
"VLMC-2","RPL6",-0.0412327875904006,0.123551855001656,0.738584366044036,-0.283389973616761,0.20092439843596,5,7.74946590760104e-06,0.00868183940582286,0.970230263441742
"VLMC-2","YBX3",0.466989682853788,0.219100478810255,0.0330566077554618,0.0375606353902056,0.896418730317369,5,0.0664092285637685,28.5534670789166,0.510102882978777
"VLMC-2","KLHL20",-0.048620889940021,0.124663340955705,0.696523574716937,-0.292956548405639,0.195714768525597,5,0.0101680590318063,12.3412765729941,0.967813462982102
"VLMC-2","TRAF3IP2-AS1",-0.0581927196920796,0.122877498030692,0.635797152314341,-0.299028190342627,0.182642750958468,5,0.0315811106218591,48.940915356564,0.948488775291622
"VLMC-2","ZNF652",-0.0279487255485074,0.144554067425195,0.846689222978977,-0.311269491520664,0.255372040423649,5,0.0344899723955732,35.3515998533121,0.980957024980027
"VLMC-2","GNA13",0.13932594305578,0.106330142741543,0.190089415744289,-0.0690773071886467,0.347729193300206,5,0,0,0.812975415007207
"VLMC-2","SPAG9",-0.0657794341512898,0.0846921390876216,0.437342408311459,-0.231772976536685,0.100214108234106,5,0.0103022138288951,30.5338974532604,0.920413727425774
"VLMC-2","LAPTM4A",-0.0440659914004949,0.169329146330746,0.794679679182524,-0.375945019741669,0.287813036940679,5,0.0551280257635034,42.8253318500151,0.974861328880033
"VLMC-2","TAF2",-0.0654828472054928,0.0968436646386193,0.498932281514351,-0.255292942028062,0.124327247617076,5,0,0,0.92181451095742
"VLMC-2","AFAP1L2",-0.23995683048678,0.126602637494314,0.0580455027609246,-0.488093440323417,0.00817977934985636,5,0,0,0.627861965555468
"VLMC-2","FBXW8",-0.373138443982803,0.14777907725675,0.011570659057444,-0.662780113074596,-0.0834967748910105,5,0.0206148671176376,18.0645513297165,0.363772869805997
"VLMC-2","STXBP4",0.341617306030761,0.144319564445132,0.0179286032017493,0.0587561574537945,0.624478454607727,5,0.0175595055428009,16.2038680611298,0.406956425281991
"VLMC-2","TMEM59",0.0435418636231486,0.166817557487471,0.794081037537266,-0.283414541041234,0.370498268287532,5,0.0595616954162711,48.0362561951068,0.974616458884373
"VLMC-2","KIF5B",-0.00190029798203303,0.120928319789257,0.987462357669148,-0.23891544947992,0.235114853515854,5,0.0243923498805544,36.4404422627728,0.997919280210293
"VLMC-2","ING5",0.0178229046257245,0.138868481553144,0.897876927088625,-0.254354317806203,0.290000127057652,5,0.0205954648278417,21.1556043710469,0.988046445118134
"VLMC-2","TTC27",0.20877555433933,0.120848003500617,0.0840621251423919,-0.0280821801254496,0.44563328880411,5,0,0,0.699962844007442
"VLMC-2","TTLL7",0.411661853104816,0.379832779068763,0.278454551041849,-0.332796714017718,1.15612042022735,5,0.586341705256997,93.9356339951416,0.85839310941465
"VLMC-2","VPS35",-0.198453686967516,0.1257016709459,0.11438944286644,-0.444824434817984,0.047917060882953,5,1.98468073192907e-08,2.15766457953459e-05,0.743385681091789
"VLMC-2","CTSL",-0.0904199296053575,0.192229922983367,0.63808794125779,-0.467183655403664,0.286343796192949,5,0.0658732003088362,38.8209249581626,0.948488775291622
"VLMC-2","PLXND1",-0.0739905009130099,0.141289845178994,0.600501941939044,-0.350913508845078,0.202932507019059,5,0.0184698544775674,18.0060806184544,0.940888929987399
"VLMC-2","HM13",0.0815526810297928,0.103576315173951,0.431066445884471,-0.12145316636252,0.284558528422106,5,0,0,0.919892706275207
"VLMC-2","TRRAP",-0.0430187718744544,0.0757741186701053,0.570222516738711,-0.191533315428125,0.105495771679216,5,6.67931550901409e-06,0.0195322864671807,0.933407795281386
"VLMC-2","GALNT2",0.172646014153885,0.18973519101009,0.362858671764693,-0.199228126825719,0.544520155133488,5,0.0818990639402643,51.6717484492401,0.897542929460831
"VLMC-2","SREK1",-0.110710345035694,0.0789328766360117,0.160739583081699,-0.26541594043842,0.0439952503670324,5,0,0,0.796359289376781
"VLMC-2","ST3GAL5",0.0413924759897744,0.127463173382585,0.745377353180773,-0.208430753195277,0.291215705174826,5,0.0142067346636743,16.1074231480373,0.970230263441742
"VLMC-2","PKD1",-0.0985226762667071,0.0970538285376561,0.310041784032074,-0.288744684762239,0.0916993322288245,5,2.61136797516959e-06,0.00469883490589069,0.877270724002829
"VLMC-2","RPRD1A",-0.0213281859168882,0.0939206043824117,0.820355780967331,-0.20540918791265,0.162752816078874,5,0.00726691700501194,15.6249332825392,0.976895319762814
"VLMC-2","AP2A1",0.2338228887853,0.112888631137305,0.0383335266966669,0.0125652374921555,0.455080540078445,5,0,0,0.54641518562537
"VLMC-2","SLC6A1",-0.360848514804497,0.135703199470843,0.00783494690992641,-0.626821898354204,-0.0948751312547896,5,0.0104045898139372,9.94038141389123,0.308846212508015
"VLMC-2","SLC39A10",-0.210045111239808,0.114627371335092,0.0668893596178975,-0.434710630699087,0.0146204082194714,5,0,0,0.650334698712737
"VLMC-2","WDTC1",-0.0112917352873121,0.125165712995276,0.928116932935429,-0.256612024857329,0.234028554282705,5,0.00954688215701707,11.2329003991936,0.992159394239645
"VLMC-2","TRIM37",-0.459385980132615,0.290913173372401,0.114309189519817,-1.02956532257078,0.110793362305547,5,0.299806687098608,85.5622853972186,0.743385681091789
"VLMC-2","DDB1",-0.310469942895784,0.381062108592964,0.415216042698075,-1.05733795161088,0.436398065819317,5,0.566449906269286,90.4036551749671,0.916043676533149
"VLMC-2","AVL9",0.0680203236335769,0.0784729057173629,0.38605153955887,-0.0857837453346616,0.221824392601815,5,0,0,0.905390969574045
"VLMC-2","ESD",0.159235379347953,0.113919772341332,0.162177560027096,-0.0640432715680609,0.382514030263966,5,0,0,0.801123806066302
"VLMC-2","EPAS1",-0.099091325282865,0.109643269213603,0.366122074868851,-0.313988184088756,0.115805533523025,5,3.5457942479148e-06,0.00479207536596213,0.89782846718252
"VLMC-2","ANXA7",0.0881473832127166,0.106182457662109,0.406453895488898,-0.119966409594965,0.296261176020399,5,0,0,0.915088506917903
"VLMC-2","PUM2",0.0822458462880175,0.060778099646033,0.175986901119908,-0.0368770400669939,0.201368732643029,5,0,0,0.812975415007207
"VLMC-2","RAPGEF4",0.0922697206226759,0.0862529772493486,0.284728731086805,-0.0767830083454001,0.261322449590752,5,5.76423826365712e-06,0.0128622425863287,0.861355621741019
"VLMC-2","SP3",-0.00947264458721298,0.0949959291733472,0.920569542673073,-0.195661244444891,0.176715955270465,5,0.00407628946803632,7.90318290863415,0.991152181757771
"VLMC-2","TAF11",0.217238096507406,0.122265150568449,0.0756046829918377,-0.0223971951711204,0.456873388185933,5,0,0,0.676420621235484
"VLMC-2","CCNH",0.141593533052353,0.0792680830984047,0.0740569110819417,-0.0137690549440482,0.296956121048754,5,0,0,0.669697443224871
"VLMC-2","CEP192",0.0199662959460798,0.106186202111511,0.850852363555916,-0.188154835847574,0.228087427739733,5,0.0058363294113147,9.48711207950778,0.980957024980027
"VLMC-2","MTPN",-0.300036722321069,0.103681130510603,0.00380560629743113,-0.503248003998247,-0.0968254406438898,5,0,0,0.272384246479965
"VLMC-2","BMP2K",-0.262659035953692,0.17008011845214,0.122509537918114,-0.596009942606192,0.0706918706988075,5,0.0647350059827598,51.3906220401237,0.758021384856679
"VLMC-2","ELF1",0.195378603071516,0.179780090712874,0.277140943029765,-0.156983899863061,0.547741106006093,5,0.0740532921118521,51.6950208031394,0.85839310941465
"VLMC-2","SCAP",-0.0495385870243273,0.107789609806195,0.645813467150223,-0.260802340152095,0.16172516610344,5,0,0,0.950035992057582
"VLMC-2","FAM20C",0.0902245498219591,0.123265070586547,0.464195712241986,-0.15137054907946,0.331819648723378,5,0,0,0.920413727425774
"VLMC-2","TBC1D15",0.253399497754705,0.0954235031799617,0.0079185065160698,0.0663728682433368,0.440426127266073,5,0,0,0.308846212508015
"VLMC-2","OTUD7B",0.0416019905302993,0.0999405127767986,0.677214248670794,-0.154277815108691,0.23748179616929,5,0,0,0.961568997417038
"VLMC-2","ZNF451",0.0316651388962636,0.116609043140022,0.785968357741457,-0.196884385929858,0.260214663722385,5,0.0189238976040023,29.4153923859347,0.974616458884373
"VLMC-2","ATG10",-0.06630104850789,0.103291610720631,0.520949658757172,-0.268748885425457,0.136146788409677,5,1.20104649703359e-06,0.00188674505795921,0.925314633394202
"VLMC-2","SF3B3",-0.184307496181077,0.0973750866164897,0.0583900292668773,-0.375159158940865,0.00654416657871135,5,0,0,0.628079503888753
"VLMC-2","PCNP",-0.0570342703112303,0.0931789537383305,0.540475625246306,-0.239661663755482,0.125593123133021,5,0,0,0.925314633394202
"VLMC-2","OSTF1",-0.334497207810851,0.342803453173582,0.329178624673889,-1.00637962980704,0.337385214185334,5,0.411643306884406,81.1163876680742,0.886230977327376
"VLMC-2","PRPSAP2",-0.0553699578278191,0.117509535260198,0.637501170783665,-0.285684414777846,0.174944499122208,5,2.74103560981068e-06,0.00330778506107856,0.948488775291622
"VLMC-2","RFC1",-0.0362178062742268,0.0937633632273448,0.699298043323766,-0.21999062126917,0.147555008720716,5,2.78418002219024e-06,0.00502951695886544,0.967813462982102
"VLMC-2","PSMB7",0.0296744132511805,0.147768624659268,0.840841874142494,-0.259946769126002,0.319295595628363,5,0.0374559407780044,37.4345002710742,0.978910805678949
"VLMC-2","SPIN1",-0.138004769151001,0.0741645211485647,0.06277351470222,-0.283364559532847,0.00735502123084478,5,4.78565988562848e-06,0.0137474956555726,0.634472119547043
"VLMC-2","TBC1D19",-0.0814932723705075,0.0909893634957395,0.370447655305986,-0.25982914779838,0.0968426030573655,5,6.6299356549849e-07,0.00136498851255926,0.89782846718252
"VLMC-2","RPS20",0.0763075332019122,0.152096287775062,0.615874745529177,-0.221795713019449,0.374410779423273,5,0.0250341757087992,21.6519025310554,0.94447592451941
"VLMC-2","SUPT20H",0.188356894340116,0.0936204844043119,0.0442284052668266,0.00486411669247111,0.371849671987761,5,0,0,0.576683547742654
"VLMC-2","PCF11",0.110299808532487,0.0966035206325939,0.253546163095562,-0.0790396126871694,0.299639229752143,5,0,0,0.842480864401571
"VLMC-2","ZNF438",-0.11338157181263,0.136296286613461,0.405479096941832,-0.380517384801563,0.153754241176302,5,0.0347873979840004,41.3966690777265,0.915088506917903
"VLMC-2","ITGA10",0.0656237114325509,0.206634315866421,0.750800663464672,-0.339372105635708,0.47061952850081,5,0.0985051703328998,52.8257897429202,0.970230263441742
"VLMC-2","PSAP",-0.193831077032824,0.0823507173180353,0.0185862737693181,-0.355235517077213,-0.0324266369884363,5,8.56021715216642e-07,0.00206290671677667,0.406956425281991
"VLMC-2","CYB5R4",-0.023803667140957,0.122782697272768,0.846279041708613,-0.264453331720266,0.216845997438352,5,0.000290597036860695,0.332260605576049,0.980957024980027
"VLMC-2","TMEM30A",-0.0887984428130339,0.0998471523814851,0.373818355408726,-0.284495265439627,0.10689837981356,5,5.13071501908162e-07,0.000831343705654316,0.899802381302255
"VLMC-2","PWWP2A",-0.122297456639426,0.0901120297614809,0.174726801535057,-0.29891378954573,0.0543188762668781,5,0,0,0.812975415007207
"VLMC-2","SON",0.0121024979957918,0.0941337017760177,0.897700192642754,-0.172396167216637,0.196601163208221,5,0.0160933760770403,40.9518457823522,0.988046445118134
"VLMC-2","ZNF75D",-0.0247178844143399,0.225758627227494,0.912815355421257,-0.467196662979431,0.417760894150752,5,0.125175411227658,58.4037019947998,0.991152181757771
"VLMC-2","WDR48",0.121796447961017,0.115449312849213,0.291435533997601,-0.104480047263337,0.348072943185371,5,0,0,0.868360199133212
"VLMC-2","BAZ1A",0.265417380606458,0.116260141946778,0.0224326603273827,0.0375516895532581,0.493283071659657,5,6.91970133832097e-07,0.000840503343308642,0.451156714711452
"VLMC-2","SIRT1",0.209336499750119,0.106441319709862,0.0492195882926921,0.000715346651876864,0.417957652848361,5,0,0,0.596885940543393
"VLMC-2","STMN2",-0.158603444176424,0.162806801220411,0.329966214092304,-0.477698911006602,0.160492022653754,5,0.0327234198747409,25.2553087389057,0.886230977327376
"VLMC-2","CALM1",-0.180010775951821,0.0835322785148072,0.0311630373262338,-0.343731033387412,-0.0162905185162301,5,6.24657171449878e-06,0.0144507652705568,0.504002199833897
"VLMC-2","UBE2O",0.0652317199063984,0.105019768585601,0.534509136327156,-0.14060324418611,0.271066683998907,5,0,0,0.925314633394202
"VLMC-2","EIF3M",-0.0470160268630649,0.314809510376318,0.881279402076745,-0.664031329191336,0.569999275465206,5,0.331776792875395,76.565083408583,0.984270885984785
"VLMC-2","TRIQK",-0.157002229065684,0.194357385098944,0.419204737531612,-0.537935703988995,0.223931245857627,5,0.088486664779714,54.1865906467909,0.917504708559754
"VLMC-2","PGRMC2",0.0746305463014222,0.130708995350336,0.568021891380393,-0.181554377040651,0.330815469643495,5,8.60637584438649e-07,0.000851380978854773,0.93302033330256
"VLMC-2","LEMD3",0.185700250403703,0.11122777064023,0.0950085618408771,-0.0323021741318295,0.403702674939235,5,0.00105382322438393,1.44374065975034,0.719601643876351
"VLMC-2","RNF115",0.075487200982657,0.0855112640946126,0.377357883192126,-0.0921117969152768,0.243086198880591,5,8.9234693951589e-07,0.00208266464894981,0.901585169785733
"VLMC-2","ERI3",-0.172181007815487,0.0885304583219629,0.0517895722094458,-0.345697517661359,0.00133550203038404,5,0,0,0.599073020805157
"VLMC-2","CLK1",0.0447447531051353,0.0899731291265295,0.6189687662669,-0.131599339559234,0.221088845769505,5,5.165244397235e-05,0.105549456030111,0.945249098747183
"VLMC-2","CWC22",0.00973231184892568,0.129051560310631,0.939885212776604,-0.243204098508609,0.26266872220646,5,0.0119141280665592,13.4666351871375,0.994661788902949
"VLMC-2","GANC",0.114102296360869,0.18326067349547,0.533532343334584,-0.245082023472807,0.473286616194545,5,0.0605853983817687,39.189888061603,0.925314633394202
"VLMC-2","NCOA6",0.113458672912614,0.0787309950664562,0.149558457372346,-0.0408512418846409,0.267768587709869,5,0,0,0.774161722178758
"VLMC-2","TNFAIP8",0.0839383438386118,0.149421748505729,0.574283277118088,-0.208922901739618,0.376799589416842,5,0,0,0.934846106911697
"VLMC-2","ANKRD36",-0.149091439463716,0.158718704872878,0.347554231226285,-0.460174384687398,0.161991505759967,5,0.0569955657919671,53.4929479408288,0.89567209561799
"VLMC-2","SOX13",-0.107005486474329,0.143059056763025,0.454471490930464,-0.387396085392128,0.173385112443471,5,0.0241577259896699,23.7943637631594,0.920413727425774
"VLMC-2","PAPSS1",0.086394988906353,0.123235754411306,0.483268959881329,-0.155142651347429,0.327932629160135,5,5.05365022558747e-06,0.00540545773990073,0.920413727425774
"VLMC-2","EP300",0.00496346994985426,0.0943764391856522,0.958056786406984,-0.180010951843159,0.189937891742867,5,0.0103440473507718,23.5185665733735,0.996582809694757
"VLMC-2","MCM3AP",-0.174728892817941,0.105209593206599,0.0967597311707907,-0.380935906330984,0.0314781206951022,5,1.29654259853591e-07,0.000201865687420717,0.724943731978931
"VLMC-2","NR2C2",0.0478766729051699,0.0825691572153656,0.562024376268885,-0.113955901470772,0.209709247281112,5,0,0,0.931813702202331
"VLMC-2","UBXN4",-0.0554914630457535,0.0888133184104529,0.5320956663783,-0.229562368477729,0.118579442386222,5,0.00336315039553684,7.54811808464072,0.925314633394202
"VLMC-2","EHMT1",-0.040576183411343,0.108895226538548,0.709433718167612,-0.254006905515228,0.172854538692542,5,0.0149809251784545,25.8364678054996,0.96950880300858
"VLMC-2","PLCE1",0.110806880150116,0.0836399795604578,0.185234975180378,-0.053124467456047,0.27473822775628,5,0,0,0.812975415007207
"VLMC-2","SCAF4",0.188961973907802,0.179494619363758,0.292458106116003,-0.162841015463891,0.540764963279494,5,0.0786030934225098,58.2182992738374,0.868360199133212
"VLMC-2","FGD5-AS1",-0.0883182982723796,0.146903014640843,0.547705851191467,-0.376242916188793,0.199606319644033,5,0.0290671946036042,27.924505544508,0.928293059793464
"VLMC-2","SUGP2",-0.113469260060489,0.0883302058648354,0.198930999875725,-0.286593282302575,0.0596547621815968,5,0,0,0.814219750511838
"VLMC-2","GPR155",-0.135835638333036,0.16652343283182,0.414663239213408,-0.462215569265378,0.190544292599305,5,0.049348471397998,39.0693282171515,0.915968683628608
"VLMC-2","SPIDR",0.137691489424282,0.0987025068178146,0.163011280007602,-0.0557618691224538,0.331144847971018,5,0.0166683757213678,37.7643543554436,0.802884254678729
"VLMC-2","PPP1CB",-0.102262676084096,0.208038563063442,0.623033009500198,-0.510010767083906,0.305485414915715,5,0.0921937642981294,47.9063785370998,0.947077742412412
"VLMC-2","NEO1",-0.0289735813566715,0.157830723246159,0.854347839570388,-0.338316114573052,0.280368951859709,5,0.0491331698126786,46.0992762239869,0.980957024980027
"VLMC-2","RPS18",0.0773483315750498,0.169800592406009,0.64873193892491,-0.255454714094292,0.410151377244392,5,0.0477013077152012,35.657875735635,0.951322686374629
"VLMC-2","UBE2D3",0.18260316790611,0.0806320798508182,0.0235343729996997,0.0245671953999484,0.340639140412271,5,5.93079885282592e-07,0.00151101748186912,0.458959900864145
"VLMC-2","RALGPS1",-0.17088289801002,0.170268403588612,0.315567126834171,-0.50460283674883,0.16283704072879,5,0.0619058115689682,51.4469934427408,0.878781303534892
"VLMC-2","PSIP1",-0.00347727344004363,0.159856706286601,0.982645432441739,-0.316790660448979,0.309836113568892,5,0.0635746513081685,59.0382084405725,0.997919280210293
"VLMC-2","ETNK1",0.102828109944371,0.0810346210090722,0.204462297388854,-0.055996828734263,0.261653048623006,5,0,0,0.817137998846356
"VLMC-2","ARHGEF9",-0.27770703012717,0.129578260554275,0.0321002001574774,-0.531675753992895,-0.0237383062614442,5,0.023221881468949,28.8895333587407,0.509214268609216
"VLMC-2","ZC3H7A",0.0291257151496819,0.13540369045144,0.829687158232496,-0.23626064150895,0.294512071808313,5,0.0308406523534999,36.7626788203626,0.977652301355658
"VLMC-2","AKIRIN1",0.00541294606254709,0.121943157051387,0.964594256105841,-0.233591249919283,0.244417142044377,5,0,0,0.996582809694757
"VLMC-2","FAM228B",-0.106549155341062,0.108165277145539,0.324595201797146,-0.318549202924111,0.105450892241987,5,1.77972133065329e-06,0.00244590391502514,0.885943206465361
"VLMC-2","RAB11B",0.0387630705517089,0.14319411336495,0.786619498914649,-0.24189223444174,0.319418375545157,5,0.0237596198448369,23.3235808723555,0.974616458884373
"VLMC-2","LARP4B",0.148120923781834,0.0801554112423338,0.064613670869302,-0.00898079541913771,0.305222642982805,5,0,0,0.642615392238224
"VLMC-2","TRPC4",0.418597384463368,0.207033193913897,0.0431881962196016,0.0128197807878336,0.824374988138903,5,0.0759585763012743,38.0280017997872,0.567519890948202
"VLMC-2","USP33",0.0326561145839906,0.0735541460718178,0.657061518047183,-0.111507362630371,0.176819591798352,5,0,0,0.954885922421834
"VLMC-2","SYAP1",-0.137998379790314,0.223308283644149,0.536593461958901,-0.5756745731823,0.299677813601672,5,0.116310092349292,53.7525733823267,0.925314633394202
"VLMC-2","RBM20",-0.00598669853365717,0.175612554733977,0.972805080538432,-0.350180981045322,0.338207583978008,5,0.0161774438285492,9.57598414842612,0.996582809694757
"VLMC-2","CAV1",0.0129525860000425,0.150971673739826,0.931629532623683,-0.282946457215749,0.308851629215833,5,0.0114219531653478,8.82075038943365,0.994661788902949
"VLMC-2","ATG4B",-0.130652612866673,0.245946061089763,0.595263105797915,-0.612698034742096,0.35139280900875,5,0.175649778234859,70.9042864281673,0.938425631284051
"VLMC-2","WAC",0.059297684125251,0.0688213582772767,0.388898058040533,-0.0755896994653388,0.194185067715841,5,1.39440990342384e-06,0.00506788614310781,0.905390969574045
"VLMC-2","CSGALNACT2",-0.0864844095803103,0.122601649332023,0.480555223463731,-0.326779226716285,0.153810407555664,5,0.00783047785149331,9.38944350330004,0.920413727425774
"VLMC-2","GNPTAB",0.065416465199654,0.106315450702832,0.538353087587839,-0.14295798917804,0.273790919577348,5,0,0,0.925314633394202
"VLMC-2","ZNF207",0.0535670474655792,0.101806729512388,0.598774186416298,-0.145970475762512,0.253104570693671,5,0.0163824119158738,33.817082450288,0.940423033887883
"VLMC-2","C1GALT1",-0.563865657724156,0.399561184247197,0.158182024510021,-1.34699118846884,0.219259873020523,5,0.599792305084132,86.8324746403632,0.794708818531634
"VLMC-2","CCDC82",-0.110488105745289,0.104650213127,0.291066538014267,-0.31559875444865,0.0946225429580731,5,0,0,0.868360199133212
"VLMC-2","UNC13B",0.0338370407185943,0.0806595921356805,0.674847658255785,-0.12425285487503,0.191926936312218,5,0,0,0.961522787115495
"VLMC-2","MOB1B",0.106741897894831,0.0941604990452269,0.256955437483726,-0.0778092890001319,0.291293084789794,5,0,0,0.842480864401571
"VLMC-2","MRC2",-0.362922356462243,0.116630678979906,0.00185998987723519,-0.591514286755312,-0.134330426169173,5,5.9230241379239e-07,0.000657119087590076,0.179363646976999
"VLMC-2","EEF2",-0.0630804854879175,0.108033014996754,0.559287543164432,-0.274821304022832,0.148660333046997,5,2.89431616441347e-07,0.000398483352042438,0.931813702202331
"VLMC-2","ZC3H18",-0.11846657691228,0.154443382772323,0.44304878492385,-0.421170044796568,0.184236890972007,5,0.0260508145088958,21.8012629185577,0.920413727425774
"VLMC-2","PPM1A",-0.262375089996627,0.214075707857799,0.220342374611915,-0.681955767362831,0.157205587369577,5,0.139144754510111,74.7763989877547,0.828820901475049
"VLMC-2","BEX3",-0.239997869682231,0.124455948069925,0.053808368457977,-0.483927045561071,0.00393130619660931,5,0,0,0.607420642592734
"VLMC-2","PIKFYVE",-0.0947781720540712,0.0863122314151833,0.272167347221162,-0.263947037053117,0.0743906929449747,5,0,0,0.85839310941465
"VLMC-2","CUX1",0.175341636588672,0.113448448324595,0.12221032932501,-0.0470132362294872,0.397696509406831,5,0.0232730262007601,39.9854809782403,0.758021384856679
"VLMC-2","TRIM33",-0.0707381698417832,0.0800138007918878,0.376655937430911,-0.227562337660046,0.0860859979764793,5,0,0,0.901188174621326
"VLMC-2","GPALPP1",0.146589720095959,0.101594003717064,0.14904938602061,-0.0525308682347135,0.345710308426632,5,1.70578986313612e-06,0.00268318243277033,0.774161722178758
"VLMC-2","CCNL2",-0.0289235355033977,0.104142174838302,0.781218676501282,-0.233038447458143,0.175191376451347,5,0.0132866437227025,25.1015252216022,0.974616458884373
"VLMC-2","GCLC",0.256523864265312,0.108547157659248,0.0181155373283843,0.0437753446289955,0.469272383901629,5,0,0,0.406956425281991
"VLMC-2","MYL12B",-0.160515745043572,0.12987408240652,0.216483238176057,-0.415064269085538,0.0940327789983934,5,4.56915057059648e-06,0.00462995497909369,0.823539031660366
"VLMC-2","MARK1",-0.0654383155598566,0.0735987086248965,0.373936899245111,-0.209689133773311,0.0788125026535979,5,0,0,0.899802381302255
"VLMC-2","DDX10",0.173413731547969,0.101976561589335,0.0890321458941694,-0.0264566564343583,0.373284119530297,5,0,0,0.707366615719582
"VLMC-2","SYT11",-0.173931710960023,0.132735313274648,0.190072382417726,-0.434088144454975,0.0862247225349285,5,0.0240103098329166,28.4474246614553,0.812975415007207
"VLMC-2","RPS6KA5",-0.0623096484365894,0.0916339823327028,0.49651454637015,-0.241908953568667,0.117289656695488,5,0,0,0.921578486413796
"VLMC-2","RCOR1",0.106043593234899,0.113069824904787,0.348316692479277,-0.115569191316735,0.327656377786532,5,0,0,0.89567209561799
"VLMC-2","DGKH",0.0889112245239436,0.0871549711384176,0.307656887438032,-0.0819093799809828,0.25973182902887,5,2.15228357350134e-06,0.00441177202752061,0.877270724002829
"VLMC-2","ANXA11",-0.0621590826610236,0.181506431038039,0.732003123531465,-0.417905150457983,0.293586985135936,5,0.0576671271754777,37.9787548695255,0.970230263441742
"VLMC-2","PDE4DIP",-0.0562322867126624,0.111079495179619,0.612691949840324,-0.273944096685606,0.161479523260281,5,0,0,0.94447592451941
"VLMC-2","FOXK2",-0.177864588312653,0.0980522948772094,0.0696812972731164,-0.370043554873485,0.0143143782481782,5,0,0,0.657237498135552
"VLMC-2","RASGRP2",0.00916219114552785,0.124867479650278,0.941507457269169,-0.235573571809306,0.253897954100361,5,5.40829876140009e-06,0.00589399424057045,0.994733381361019
"VLMC-2","POLR1D",-0.0614824887550095,0.121971992324101,0.614211803980008,-0.300543200832844,0.177578223322824,5,0,0,0.94447592451941
"VLMC-2","VPS13B",0.0885883145360162,0.0577080707473909,0.124756478171498,-0.0245174257461594,0.201694054818192,5,0,0,0.758021384856679
"VLMC-2","RAB8B",-0.0632159718935921,0.106481573945782,0.552726218420424,-0.271916021844464,0.145484078057279,5,1.93734304319794e-06,0.00269061255449183,0.928293059793464
"VLMC-2","HEY2",-0.149970508453942,0.131859569635639,0.255391915097693,-0.408410515956745,0.108469499048861,5,0.00638053441923231,6.48505600614128,0.842480864401571
"VLMC-2","CYP4X1",-0.305864587293034,0.127692939396176,0.0166061720686828,-0.556138149589594,-0.055591024996473,5,2.03682711534763e-06,0.00206284599543246,0.406956425281991
"VLMC-2","ENOSF1",0.0480658286106899,0.117204085993937,0.681729883092104,-0.181649958778363,0.277781615999742,5,0,0,0.963875255518011
"VLMC-2","ANGPTL4",0.19286678375763,0.197106006620098,0.327830712213763,-0.193453890354275,0.579187457869534,5,0,0,0.885943206465361
"VLMC-2","ATP6AP2",-0.150733681838438,0.11471217997786,0.188840696850137,-0.37556542318312,0.0740980595062435,5,8.26570371341988e-06,0.0103422736884158,0.812975415007207
"VLMC-2","ZDHHC20",-0.122490084389535,0.0991237484380278,0.216559337191378,-0.316769061340678,0.0717888925616074,5,3.64306367427386e-06,0.00599432103523873,0.823539031660366
"VLMC-2","APIP",0.00994276167953983,0.134667268100738,0.941144017264591,-0.254000233694306,0.273885757053386,5,0,0,0.994661788902949
"VLMC-2","HSD17B12",-0.16588868625549,0.128629813175836,0.197168837767272,-0.417998487418244,0.0862211149072642,5,0,0,0.812975415007207
"VLMC-2","DKK3",-0.132766746772517,0.0880102504610964,0.131417064286775,-0.305263667946615,0.0397301744015817,5,0,0,0.769238322363113
"VLMC-2","RPRD1B",0.0577227168071737,0.116283305374809,0.619614141870751,-0.170188373730725,0.285633807345073,5,0.00998745661283496,13.6878377581431,0.945308338711526
"VLMC-2","AGO4",-0.177671697027157,0.0945559878140288,0.0602430550719168,-0.362998027665262,0.00765463361094723,5,0,0,0.634472119547043
"VLMC-2","CYFIP1",-0.0307670537728978,0.117305347427497,0.793104218133252,-0.26068130992475,0.199147202378954,5,0.0154833817520453,22.5872777787089,0.974616458884373
"VLMC-2","FOCAD",-0.0693389193819018,0.106016762111441,0.513087759514481,-0.277127954877876,0.138450116114072,5,0.0152722445865574,28.1757699213507,0.925314633394202
"VLMC-2","PABPC1",0.191930001461091,0.105901580326312,0.069933194357189,-0.0156332818843558,0.399493284806539,5,0,0,0.657237498135552
"VLMC-2","MTA3",-0.0039399126569851,0.128810021313948,0.975598906484546,-0.25640291528016,0.24852308996619,5,0.029052204419984,38.2872859497791,0.997376486984618
"VLMC-2","HNRNPF",0.344450803384787,0.125964011109452,0.00624717584865965,0.097565878262058,0.591335728507515,5,1.50897061188555e-06,0.00156827834336886,0.308846212508015
"VLMC-2","RANBP3L",-0.159811777077253,0.115447417703024,0.166272137183578,-0.386084557883332,0.0664610037288268,5,0,0,0.80480499206555
"VLMC-2","HIF1A",0.166362632054318,0.107977329557281,0.123385396105345,-0.0452690450247639,0.377994309133401,5,0.00338912508726164,5.07058392095448,0.758021384856679
"VLMC-2","NBN",-0.184974321371703,0.111102341191852,0.0959326480217348,-0.402730908705814,0.0327822659624088,5,2.35890007849123e-06,0.00321562762667974,0.721962926051714
"VLMC-2","ARHGEF7",0.136406144208546,0.108382246859343,0.208187356567505,-0.0760191561992947,0.348831444616387,5,0.0152296674766122,26.5602831536693,0.817137998846356
"VLMC-2","CUL5",0.00392399842801013,0.0796445123378388,0.960704994464932,-0.15217637732041,0.16002437417643,5,0.000876900898753471,2.3421817285577,0.996582809694757
"VLMC-2","RASL12",-0.11025264569764,0.139069475028105,0.427901203609126,-0.382823808101619,0.162318516706339,5,0.00728910849231046,6.6384939048725,0.918385553453722
"VLMC-2","SGCE",-0.179625272620771,0.0917278286920909,0.0502016409833544,-0.359408513237329,0.000157967995787184,5,0,0,0.596885940543393
"VLMC-2","BTG1",0.234427370480265,0.119062571413916,0.0489596813956225,0.00106901860226119,0.467785722358269,5,0.00495383828444378,6.41018791768098,0.596885940543393
"VLMC-2","RIC3",-0.13966353670572,0.125397559829824,0.265379593196735,-0.385438237721382,0.106111164309943,5,0.00929072020916139,10.8030503573657,0.856753312393297
"VLMC-2","DCTN2",-0.016192276256571,0.112504419499589,0.885559148835512,-0.23669688657735,0.204312334064208,5,0,0,0.985694421989932
"VLMC-2","PARP4",-0.0616336837164977,0.13407949734763,0.645745818093594,-0.324424669583086,0.20115730215009,5,0,0,0.950035992057582
"VLMC-2","USP53",0.209115735398581,0.111883968293455,0.0616170962192444,-0.010172812904012,0.428404283701173,5,4.20071915197484e-06,0.00573371231818345,0.634472119547043
"VLMC-2","LMAN1",-0.0411157306759525,0.115486219152294,0.721823467330283,-0.267464560925149,0.185233099573244,5,0,0,0.970230263441742
"VLMC-2","C1orf52",-0.0273873838593422,0.134453700830368,0.838592795569473,-0.290911795074986,0.236137027356302,5,0.0119362921324458,12.3842486038008,0.977981353679454
"VLMC-2","ZEB1",-0.197380058564486,0.11641263342468,0.0899766398541979,-0.425544627422322,0.0307845102933511,5,0.0253204549049916,41.1360576944193,0.711766894041876
"VLMC-2","ERCC6L2",-0.0775093483656322,0.0698808094402909,0.267359006133453,-0.214473218079109,0.0594545213478445,5,0,0,0.858202000603948
"VLMC-2","USP7",0.100347940012841,0.0967564777239491,0.299680600801096,-0.0892912715970511,0.289987151622734,5,2.25983554935784e-06,0.00387298686267155,0.873487156780301
"VLMC-2","RMDN2",-0.0635986749061495,0.174855846216993,0.716066652044401,-0.406309835977729,0.27911248616543,5,0.0490092061424328,34.329824209399,0.970230263441742
"VLMC-2","RBX1",-0.0705122653220281,0.095787675106504,0.461651053237282,-0.2582526586936,0.117228128049544,5,0,0,0.920413727425774
"VLMC-2","CDV3",0.122338436743094,0.113176319087642,0.279717411373049,-0.0994830725714981,0.344159946057686,5,0,0,0.85839310941465
"VLMC-2","ERP44",0.0303205545456137,0.0942466217238805,0.747668591956477,-0.154399429697762,0.21504053878899,5,0,0,0.970230263441742
"VLMC-2","DCAF10",-0.0600910499372247,0.160138807059079,0.707479365284226,-0.373957344300227,0.253775244425778,5,0.0619866064374027,57.2468078915843,0.969039326065201
"VLMC-2","PIK3CA",0.00763901477391855,0.0986826998180079,0.938297490753774,-0.185775522766554,0.201053552314391,5,0.0108993732589714,22.5530156493782,0.994661788902949
"VLMC-2","UIMC1",0.0832479183078567,0.0855797088937422,0.330676078500919,-0.0844852289313001,0.250981065547013,5,0,0,0.886230977327376
"VLMC-2","KIAA0586",0.0256073820856908,0.127686650329534,0.8410515335075,-0.224653853866755,0.275868618038137,5,0.0122679734970522,14.2548000101424,0.978910805678949
"VLMC-2","C2CD2",0.0738156956296261,0.0971968082028495,0.447585999456868,-0.116686547860206,0.264317939119458,5,0,0,0.920413727425774
"VLMC-2","NFKB1",0.108994525092564,0.10841266519393,0.3147201234517,-0.103490394155538,0.321479444340665,5,1.68422306171596e-07,0.000241974380484782,0.877791514365272
"VLMC-2","PAXBP1",-0.00671514184670315,0.0828310196818185,0.935385985254781,-0.169060957225796,0.155630673532389,5,1.29791447029817e-06,0.00316684579333154,0.994661788902949
"VLMC-2","ZRANB1",0.210970241899961,0.0969680896631848,0.0295801932585981,0.0209162785104682,0.401024205289454,5,5.90890769692873e-07,0.00104722893445327,0.492612723375861
"VLMC-2","ECM2",-0.254549575241709,0.136648922565304,0.0624904488934947,-0.522376541995907,0.013277391512489,5,0,0,0.634472119547043
"VLMC-2","TFPI",0.00844707531860857,0.111629435497581,0.939681102874009,-0.210342597871187,0.227236748508404,5,1.02553990932802e-06,0.00128529613490109,0.994661788902949
"VLMC-2","CPNE1",0.0149630980789853,0.120037809710843,0.900798102857606,-0.220306685737338,0.250232881895309,5,0.00295928958599248,3.52874273508316,0.989422229526237
"VLMC-2","THUMPD3-AS1",-0.0183796791522049,0.100569562584989,0.854989566262062,-0.21549239975973,0.17873304145532,5,0,0,0.980957024980027
"VLMC-2","DDX52",0.0763729032333046,0.138989027027411,0.58267010019423,-0.196040583986686,0.348786390453295,5,0.0214820064194376,22.1816887004567,0.935326469316026
"VLMC-2","DUSP16",-0.0921196192305553,0.220143794414487,0.675616647046846,-0.52359352770294,0.339354289241829,5,0.133410774823612,65.9653332011729,0.961522787115495
"VLMC-2","PNRC1",0.139171363220779,0.171937416710128,0.418267651206983,-0.197819781125928,0.476162507567485,5,0.0540306597439376,39.3184109421224,0.917504708559754
"VLMC-2","MDGA2",-0.00133343362634936,0.152401037714619,0.993018994195672,-0.300033978753533,0.297367111500834,5,0.0207509399002824,17.2657546730392,0.997934736721569
"VLMC-2","ARID1B",-0.0106525447001254,0.0707585380847224,0.88033241405268,-0.149336730944887,0.128031641544636,5,0.00516054498186277,20.2962897838242,0.984193499791697
"VLMC-2","EMC3",-0.123010320433917,0.122169212294889,0.313990146863499,-0.362457576551528,0.116436935683693,5,8.3760358099388e-09,9.38495603871937e-06,0.877312357012117
"VLMC-2","MAP2",0.0693842913085398,0.0749782532316628,0.354761930497621,-0.0775703846492431,0.216338967266323,5,0,0,0.89567209561799
"VLMC-2","PGK1",0.124938587467292,0.171408051368751,0.466065480017692,-0.211015019875652,0.460892194810235,5,0.0596838958935403,46.2136573825343,0.920413727425774
"VLMC-2","NEK1",-0.110767913673726,0.0803678417348504,0.16812252092608,-0.268285988989248,0.0467501616417953,5,0,0,0.805485535647258
"VLMC-2","MBIP",0.0726624714104313,0.129922718368081,0.575974353319349,-0.181981377364548,0.327306320185411,5,0.00271837135344548,2.81032845768598,0.934863581987593
"VLMC-2","GPATCH2",-0.11156934617541,0.101160333695531,0.270072250859187,-0.309839956882704,0.0867012645318848,5,0,0,0.85839310941465
"VLMC-2","TRIB2",0.0458551717927184,0.13177957121546,0.727863657526712,-0.212428041687713,0.30413838527315,5,0.0183244315652438,20.9079518955558,0.970230263441742
"VLMC-2","FOXP2",-0.143640796015125,0.10384737386139,0.166606181334853,-0.347177908672516,0.0598963166422651,5,0,0,0.804902642351254
"VLMC-2","IFNGR2",-0.0698601968297748,0.116825923883767,0.549849674913041,-0.298834800102576,0.159114406443026,5,0,0,0.928293059793464
"VLMC-2","RBM5",-0.234291556792726,0.276994767919529,0.397645427319596,-0.777191325821033,0.308608212235581,5,0.276258222979784,87.7280367982119,0.91281110754561
"VLMC-2","TBCA",0.042235715928493,0.0864791338590206,0.62527221726815,-0.127260271849406,0.211731703706392,5,0,0,0.948488775291622
"VLMC-2","THUMPD2",-0.138107113607435,0.127143646812296,0.277377699511078,-0.387304082222616,0.111089855007747,5,0,0,0.85839310941465
"VLMC-2","RECQL",0.141026235210645,0.169697851504538,0.405949259678632,-0.191575441992075,0.473627912413365,5,0.0330333716704785,23.1092419613318,0.915088506917903
"VLMC-2","SEC63",-0.108879172484949,0.10755323631731,0.311381163054658,-0.319679642087601,0.101921297117704,5,0.00940128272568501,15.6206037890849,0.877270724002829
"VLMC-2","PRRX1",0.0810454913877241,0.149506203415236,0.587758011279062,-0.211981282771459,0.374072265546907,5,0.0418178831858654,40.008191394319,0.935326469316026
"VLMC-2","PRKD3",0.0130793449730844,0.125241415028113,0.916825683191607,-0.232389317854851,0.25854800780102,5,0.0123165685539196,14.4922739127843,0.991152181757771
"VLMC-2","ARL6IP6",-0.0622713824179096,0.138881504161941,0.653880565342323,-0.334474128694064,0.209931363858245,5,0.0147983446783271,14.4687926339451,0.954314219034483
"VLMC-2","ZNF280D",0.00337657751522412,0.0986697182828459,0.972700911993008,-0.190012516683867,0.196765671714315,5,0.00639812545762685,11.8730391353812,0.996582809694757
"VLMC-2","DENND6A",-0.237668712842219,0.0852046779773394,0.00528081281755138,-0.404666812992138,-0.070670612692301,5,0,0,0.303803742892161
"VLMC-2","RASSF4",-0.401774977284071,0.121204573644376,0.000916923225644026,-0.63933157638858,-0.164218378179562,5,0,0,0.146882368146024
"VLMC-2","PREX2",-0.227130951603058,0.0829341446751267,0.00616844181971017,-0.38967888825494,-0.064583014951175,5,0,0,0.308846212508015
"VLMC-2","NOP58",0.268911891523606,0.202828647745773,0.184903224520474,-0.12862495309107,0.666448736138281,5,0.0992423541965154,56.3045280216544,0.812975415007207
"VLMC-2","SOS2",-0.182372229934305,0.0983773470510371,0.0637673362803121,-0.375188287048935,0.0104438271803255,5,0.0137382101130594,29.8423520978307,0.638749171054839
"VLMC-2","CTBP1",-0.0331045374530998,0.114816689100778,0.773097868309381,-0.258141112914756,0.191932038008557,5,4.71085502907172e-08,6.14513158058137e-05,0.973752354617262
"VLMC-2","STAT5B",0.0662603917472428,0.0974808368014268,0.496677109354403,-0.12479853756638,0.257319321060866,5,0,0,0.921578486413796
"VLMC-2","C9orf72",0.159322819643893,0.127225778156973,0.210466358930746,-0.0900351234488572,0.408680762736644,5,0,0,0.817562161019663
"VLMC-2","RASGEF1B",0.246413591112831,0.149158866563914,0.0985302546299352,-0.045932415327256,0.538759597552919,5,0,0,0.731690456015678
"VLMC-2","FAM222B",-0.137773315556166,0.0993605962452774,0.165564036078316,-0.332516505679335,0.0569698745670037,5,0,0,0.80480499206555
"VLMC-2","NCOA3",0.156186602686972,0.102177061690327,0.1263666799507,-0.0440767582721955,0.35644996364614,5,0,0,0.759027798013261
"VLMC-2","CCDC14",-0.0501678594227214,0.123373091959861,0.684275835940313,-0.291974676325397,0.191638957479955,5,0.0156757272144295,20.3485807046383,0.965061237727067
"VLMC-2","CNRIP1",-0.00968690346035228,0.118860825096701,0.935046022830595,-0.242649839822601,0.223276032901896,5,2.27744611180097e-07,0.000269085077233625,0.994661788902949
"VLMC-2","PALD1",-0.346836557344479,0.146507638930758,0.0179154196481419,-0.633986253108762,-0.0596868615801958,5,0.0241035099462866,22.2097792860061,0.406956425281991
"VLMC-2","HSP90AB1",0.244383717995983,0.183712850719929,0.183436455993885,-0.115686852912261,0.604454288904227,5,0.0908768673816367,64.6273241662188,0.812975415007207
"VLMC-2","EDF1",-0.0582262327351133,0.122689358839596,0.635084523416473,-0.298692957347032,0.182240491876805,5,8.88693646600049e-07,0.000992277533412509,0.948488775291622
"VLMC-2","PRPF38B",0.0955173575253205,0.154278342716884,0.535834960438992,-0.2068626377943,0.397897352844941,5,0.0409635949862826,37.7254779030266,0.925314633394202
"VLMC-2","SLC44A1",-0.178511938372368,0.0836724981830053,0.0328869994250385,-0.342507021307552,-0.0145168554371847,5,0,0,0.510102882978777
"VLMC-2","RTF1",-0.0943677813794057,0.28822069347228,0.743354014837606,-0.659269960184233,0.470534397425422,5,0.28054576205187,83.1034042295562,0.970230263441742
"VLMC-2","IFT122",-0.13218135571078,0.115090952276641,0.250764374607348,-0.357755477119416,0.0933927656978548,5,0,0,0.842480864401571
"VLMC-2","ADH5",0.0314416798120146,0.125781951431525,0.802610761460545,-0.215086414898942,0.277969774522971,5,0,0,0.974861328880033
"VLMC-2","MAML3",-0.194747479393622,0.240716072130864,0.418495607091319,-0.666542311270062,0.277047352482819,5,0.165546414853642,64.7290049011093,0.917504708559754
"VLMC-2","HES1",-0.0454819482283161,0.169487164315203,0.788429615243065,-0.377670686127936,0.286706789671304,5,0.0192842317706554,12.484740515907,0.974616458884373
"VLMC-2","HIPK3",-0.0188086797045051,0.104399975530834,0.857027109475081,-0.223428871731803,0.185811512322793,5,2.60388281791665e-06,0.00415961140134907,0.981010747570559
"VLMC-2","VSNL1",-0.234661437262465,0.155647066964923,0.131643903675661,-0.539724082813008,0.0704012082880773,5,0.034428102209474,30.1016483441829,0.769238322363113
"VLMC-2","SERINC1",-0.127563245621586,0.0863158257175212,0.139443581610703,-0.296739155323764,0.0416126640805915,5,0,0,0.771582957702176
"VLMC-2","FYTTD1",-0.0161090481122367,0.112173085888465,0.885809350076593,-0.235964256488346,0.203746160263873,5,0,0,0.985694421989932
"VLMC-2","SGCB",-0.19404947863086,0.119063461390221,0.103144041474404,-0.427409574830369,0.0393106175686485,5,0,0,0.743385681091789
"VLMC-2","PLEKHA8",0.0100931182338993,0.120709443278257,0.933362552716678,-0.226493043185365,0.246679279653164,5,0.00106857339198981,1.23416168117812,0.994661788902949
"VLMC-2","GBE1",0.273344553233285,0.130392181728617,0.0360532597650051,0.0177805731795936,0.528908533286976,5,0.00912524144768974,9.90071812671867,0.536251459404502
"VLMC-2","EXOSC10",-0.0551121520704123,0.124736945566932,0.65861438951055,-0.299592072923132,0.189367768782308,5,6.71766541299059e-06,0.00733024636479896,0.954885922421834
"VLMC-2","TBK1",0.154219810104703,0.109370127269763,0.158518272854208,-0.0601417003285938,0.368581320538,5,1.22795563893132e-06,0.00166825847469194,0.794708818531634
"VLMC-2","ZNHIT6",-0.0897273618878257,0.117246848512716,0.444101308643385,-0.319526962273572,0.140072238497921,5,2.62662457352133e-06,0.00319193844436029,0.920413727425774
"VLMC-2","RBM23",0.129343836116849,0.117811321446404,0.272252657025902,-0.101562110889173,0.360249783122871,5,0,0,0.85839310941465
"VLMC-2","TSC22D1",0.105338892519729,0.0671459578373662,0.116693458911162,-0.0262647665489538,0.236942551588411,5,3.09608752052677e-06,0.0113455874993648,0.745521341379386
"VLMC-2","RASA1",-0.087628334019325,0.0734504426585068,0.232858944186315,-0.231588556278523,0.0563318882398728,5,0,0,0.835476015240007
"VLMC-2","MCM9",-0.0863541703041095,0.114715963975056,0.451591102127043,-0.311193328147013,0.138484987538794,5,0.00135398284370402,1.77551648758205,0.920413727425774
"VLMC-2","SFSWAP",-0.00426651132232077,0.0846150491008549,0.95978562193858,-0.170108960110085,0.161575937465443,5,0,0,0.996582809694757
"VLMC-2","MOB1A",-0.0197598926388865,0.192242858531557,0.918132741725535,-0.396548971645767,0.357029186367994,5,0.0714476147648763,43.2035972152827,0.991152181757771
"VLMC-2","TMEM51",-0.322583811123768,0.131936183737032,0.0144852623268215,-0.581173979506009,-0.0639936427415267,5,0,0,0.406070187228563
"VLMC-2","COL18A1",-0.054940169820328,0.137850730336464,0.690226086002148,-0.325122636522341,0.215242296881685,5,0,0,0.965199197679177
"VLMC-2","NPAS2",-0.122458963009098,0.120686751781546,0.310256297891401,-0.359000649912054,0.114082723893858,5,4.73774481992152e-07,0.000546012694344475,0.877270724002829
"VLMC-2","CSPG4",-0.209929871461841,0.133652243255396,0.116248362311341,-0.471883454695405,0.0520237117717222,5,0,0,0.745521341379386
"VLMC-2","WDR1",0.040715109992168,0.126304699696518,0.747182820229869,-0.206837552491155,0.288267772475491,5,0,0,0.970230263441742
"VLMC-2","GGA2",-0.236200189631872,0.113138078519933,0.0368234503931153,-0.457946748811006,-0.0144536304527385,5,0,0,0.536251459404502
"VLMC-2","RPS7",0.0573041675376855,0.231387335793837,0.804401563159497,-0.396206677096911,0.510815012172282,5,0.136029382147827,58.3037825801629,0.974861328880033
"VLMC-2","RAB31",0.173419405043807,0.107875585198831,0.10792562741579,-0.0380128567570844,0.384851666844699,5,0,0,0.743385681091789
"VLMC-2","FGF12",-0.085313227756505,0.225569230827925,0.70527232853582,-0.52742079619964,0.35679434068663,5,0.136060727253388,67.0214937962802,0.968434829738745
"VLMC-2","LAMA5",0.0363848711122753,0.125205593744688,0.771356492954782,-0.209013583290267,0.281783325514817,5,5.78834719368299e-07,0.000623281117225651,0.973697506837294
"VLMC-2","TMEM106B",-0.0971796015204889,0.16733702015463,0.561414488380306,-0.425154134303817,0.23079493126284,5,0.0566678395946085,46.265025182882,0.931813702202331
"VLMC-2","NOSTRIN",0.0159959417476891,0.142362233851184,0.910537295074046,-0.2630289093593,0.295020792854678,5,0,0,0.991152181757771
"VLMC-2","RCBTB1",-0.241087571812524,0.129968486064231,0.0636005884988002,-0.495821123623613,0.0136459799985656,5,0,0,0.638749171054839
"VLMC-2","CRBN",-0.0447123247509976,0.11860061122473,0.706174267108619,-0.277165251295905,0.18774060179391,5,0.0147944834713552,20.9149404817492,0.968434829738745
"VLMC-2","DNAJC5",-0.111274291989814,0.107112420645592,0.29887209833198,-0.321210778752078,0.0986621947724499,5,6.09296160804002e-07,0.000857139721771513,0.871991100423922
"VLMC-2","ANAPC16",0.0554693835156288,0.158490032678881,0.726348773791021,-0.255165372443554,0.366104139474812,5,0.0514237260813735,46.2513530543042,0.970230263441742
"VLMC-2","ATG12",0.147957419977007,0.113927412844088,0.19404723884098,-0.0753362060492315,0.371251046003245,5,0,0,0.812975415007207
"VLMC-2","NDFIP2",-0.0699097684014463,0.111731942224913,0.531517063715536,-0.288900351084986,0.149080814282093,5,0,0,0.925314633394202
"VLMC-2","ZZEF1",0.152212077251919,0.0830512642516628,0.0668399859573135,-0.0105654095518591,0.314989564055697,5,0,0,0.650334698712737
"VLMC-2","FOXO3",0.0422656674196739,0.070368207452344,0.548082561029636,-0.0956534848435633,0.180184819682911,5,0,0,0.928293059793464
"VLMC-2","RPL35",-0.0441414294312899,0.118762641283845,0.710132804719935,-0.276911929056477,0.188629070193897,5,0.00543194710058405,6.91549769111573,0.969515728521859
"VLMC-2","RAD9A",-0.134685594298571,0.11298823250771,0.233248678944593,-0.35613846069052,0.086767272093378,5,3.54452816251619e-06,0.00481419068026158,0.835476015240007
"VLMC-2","PURA",0.0814092924360289,0.161347779495401,0.613869404610727,-0.234826544360467,0.397645129232525,5,0.0614969974129742,55.1511979278709,0.94447592451941
"VLMC-2","OTULIN",0.117817980222816,0.154979200117836,0.447124277014268,-0.185935670360967,0.4215716308066,5,0.0241509008758473,19.8816075763365,0.920413727425774
"VLMC-2","PPP1CC",0.0793750334115436,0.130322559632015,0.542480726825083,-0.176052489840279,0.334802556663366,5,0.00901129258602349,9.87830016122474,0.92654474973621
"VLMC-2","LEF1",-0.0419396074142611,0.152299355360019,0.78302727923481,-0.340440858788566,0.256561643960044,5,0.0274565967459235,23.6163148179653,0.974616458884373
"VLMC-2","CACNA2D3",0.0056066468544459,0.100361769428382,0.955449856428012,-0.191098806649896,0.202312100358787,5,0.0112886773787361,22.4868705558805,0.996582809694757
"VLMC-2","TOLLIP",0.0293061869217572,0.148210016820001,0.843253041789736,-0.26118010819352,0.319792482037035,5,0.0264742844938539,24.4899586912743,0.980031138417521
"VLMC-2","CTBP2",0.235954161035181,0.097575787162673,0.0155990861398505,0.0447091324331964,0.427199189637166,5,8.50964104270222e-08,0.000148597557952855,0.406956425281991
"VLMC-2","ANO10",-0.205238278356933,0.0795481219798839,0.00987854850626377,-0.361149732475305,-0.0493268242385617,5,0,0,0.339096297704809
"VLMC-2","MPHOSPH10",0.0476266496595215,0.133534304098664,0.721344645228928,-0.21409577707448,0.309349076393523,5,0,0,0.970230263441742
"VLMC-2","CDYL",0.160884045798884,0.101302033045055,0.112249697170014,-0.0376642905301102,0.359432382127878,5,0,0,0.743385681091789
"VLMC-2","EIF3E",0.0266637040572107,0.139730951033469,0.848665250829666,-0.247203927493919,0.30053133560834,5,0.0332942592757838,37.2918856056111,0.980957024980027
"VLMC-2","DCAF5",0.143787936868876,0.149177577616748,0.33511061838508,-0.148594742560878,0.436170616298631,5,0.0535870655039855,57.3752712346609,0.891155826282537
"VLMC-2","UBQLN1",0.0386955995728623,0.103892313090894,0.70955132966918,-0.164929592355849,0.242320791501573,5,0,0,0.96950880300858
"VLMC-2","EXT2",-0.0532913177883856,0.105036809903887,0.611903302256381,-0.259159682250983,0.152577046674212,5,0,0,0.94447592451941
"VLMC-2","NEURL1B",-0.0916145909882291,0.129194922670496,0.478250553413656,-0.34483198640784,0.161602804431381,5,0,0,0.920413727425774
"VLMC-2","VPS4B",0.164069415025501,0.107580749053884,0.127238759593261,-0.0467849785499539,0.374923808600955,5,0,0,0.759027798013261
"VLMC-2","NAMPT",0.285296929785096,0.166184400583871,0.0860250140720509,-0.0404185101516685,0.61101236972186,5,0,0,0.705731682680206
"VLMC-2","SESN1",0.212907708088454,0.121576292689446,0.0799067855571895,-0.0253774469567604,0.451192863133668,5,0.0227301534216824,33.1397291270384,0.684891756148987
"VLMC-2","WWC3",0.0854845808999329,0.115077379634465,0.457575923074196,-0.140062938618861,0.311032100418727,5,2.17562819483886e-07,0.000275628488246705,0.920413727425774
"VLMC-2","GPM6B",-0.209837037375953,0.0905444159514259,0.0204762982782671,-0.387300831641961,-0.0323732431099438,5,5.99204602199009e-07,0.00116900760822928,0.43198504689658
"VLMC-2","MAP3K3",-0.111725722075745,0.133960004909186,0.404268036264685,-0.374282507066559,0.150831062915068,5,0.0215418760635604,24.4279770675311,0.915088506917903
"VLMC-2","RIOK3",0.0448313544772169,0.149198314210471,0.763809797194241,-0.247591967929397,0.337254676883831,5,0.0370421422962762,36.8581964388599,0.972218195929783
"VLMC-2","DDX1",0.201404043234949,0.165578302446503,0.223845010566589,-0.123123466181476,0.525931552651374,5,0.0566037436142355,46.7586870064332,0.831141959763804
"VLMC-2","COG4",-0.0860277839618429,0.130644878866464,0.510226085563994,-0.342087041304711,0.170031473381025,5,0,0,0.92478478008474
"VLMC-2","ACAP3",-0.139955246693847,0.107393891898443,0.19250799413559,-0.350443406974384,0.0705329135866894,5,0,0,0.812975415007207
"VLMC-2","LEMD2",0.056551972127778,0.119461379275044,0.635934068526766,-0.177588028794788,0.290691973050344,5,0,0,0.948488775291622
"VLMC-2","ITGB1BP1",-0.0269801033114766,0.140220098265421,0.847419081346458,-0.301806445820369,0.247846239197416,5,0.0272515096834542,28.8376642126595,0.980957024980027
"VLMC-2","APPL2",-0.12103840794783,0.0909141816045864,0.183074552413666,-0.299226929576753,0.0571501136810937,5,0,0,0.812975415007207
"VLMC-2","SH2B3",-0.0382840887472172,0.132818199332364,0.773159741415642,-0.298602975930113,0.222034798435678,5,1.69278260791104e-06,0.00158528475567781,0.973752354617262
"VLMC-2","TTLL11",-0.0335031808398685,0.119180992132893,0.778624666212664,-0.26709363306209,0.200087271382353,5,0.00191057007240884,2.3289984937977,0.974616458884373
"VLMC-2","ITFG1",0.0364067405945436,0.072906037786961,0.617522106797434,-0.106486467723416,0.179299948912503,5,0.00551948023530083,20.6396580967341,0.944682850944951
"VLMC-2","SETD2",-0.0926621604954416,0.0680362950772725,0.173213069424604,-0.226010848488436,0.0406865274975523,5,0.000739824865176174,2.68620351429588,0.812307012480575
"VLMC-2","NOC3L",0.337241746075297,0.134712108438225,0.0122997524159113,0.0732108652549207,0.601272626895673,5,5.15943382712237e-07,0.000486340026452355,0.372115996060855
"VLMC-2","DUBR",-0.165573913784821,0.103131758953756,0.108392609137199,-0.367708446996449,0.0365606194268076,5,2.51030868342314e-06,0.00403666822170649,0.743385681091789
"VLMC-2","PMM2",-0.00889776771588193,0.125443272954173,0.943452982450014,-0.254762064808888,0.236966529377124,5,1.15329034515323e-06,0.00119817557589957,0.995850590825807
"VLMC-2","CCT2",0.0486546033075796,0.132857622826108,0.714203813534416,-0.211741552503198,0.309050759118357,5,0.00812278425205434,8.33246760999405,0.970230263441742
"VLMC-2","CERS6",0.123660333871886,0.0840250406640604,0.141099716361942,-0.0410257196291861,0.288346387372958,5,0,0,0.771582957702176
"VLMC-2","EIF2AK4",-0.0368249635524414,0.0996476607365026,0.711716536492386,-0.232130789739653,0.15848086263477,5,8.62573195560635e-05,0.146442031263553,0.969908194340326
"VLMC-2","WDR19",0.102991178382841,0.17755796180908,0.561885903468801,-0.245016031931293,0.450998388696976,5,0.066153815002166,47.0508019573138,0.931813702202331
"VLMC-2","VEZF1",0.224937933449326,0.119524228830495,0.059843587481755,-0.00932525033836942,0.459201117237021,5,0,0,0.634472119547043
"VLMC-2","TUBGCP2",-0.0740007287768934,0.10216399703702,0.468861476381704,-0.274238483486109,0.126237025932322,5,9.28222342734055e-08,0.000144382465145849,0.920413727425774
"VLMC-2","EXOC1",-0.0397759205013975,0.10276871157962,0.6987243020484,-0.241198893935038,0.161647052932243,5,0.00999674112050019,18.3818701799344,0.967813462982102
"VLMC-2","TPR",0.0132966884522116,0.146474668440344,0.927668931642047,-0.273788386338307,0.300381763242731,5,0.047680171204983,51.1539431804199,0.992159394239645
"VLMC-2","CAPNS1",-0.0823641890971181,0.119164915652484,0.489453576652594,-0.315923131996739,0.151194753802503,5,0,0,0.920413727425774
"VLMC-2","PPP6R3",0.136712792922373,0.0615249148699499,0.0262784376694819,0.0161261756253787,0.257299410219368,5,0,0,0.477841428757499
"VLMC-2","TNFRSF1A",0.237393123418239,0.223993793122387,0.28922645234678,-0.201626643862154,0.676412890698633,5,0.102011366709651,45.819869798724,0.868360199133212
"VLMC-2","ORC3",0.235512717120791,0.105585020825228,0.0257109212282486,0.0285698789964339,0.442455555245149,5,1.90270817230254e-06,0.00282919488661233,0.474709602542213
"VLMC-2","ANPEP",-0.275083170908988,0.172987780767546,0.111792333263547,-0.614132990978889,0.0639666491609129,5,0.014492077577109,8.73470802793654,0.743385681091789
"VLMC-2","WDR43",0.246202150169704,0.192211012794946,0.200230503706832,-0.130524512340357,0.622928812679764,5,0.0778791612061428,48.8969940302992,0.81467224296579
"VLMC-2","RAPH1",-0.0084959693334869,0.129948094876,0.94787167505958,-0.263189555150041,0.246197616483067,5,0.0255527189930151,32.4121390737691,0.996582809694757
"VLMC-2","SUCO",-0.180931861278906,0.0957457204514158,0.0587964542212338,-0.368590025037521,0.00672630247970935,5,0,0,0.628079503888753
"VLMC-2","PLD3",-0.0841647448374382,0.0937827757850474,0.369482296373594,-0.267975607746326,0.0996461180714497,5,5.48242213974685e-06,0.0105013486603952,0.89782846718252
"VLMC-2","NSRP1",0.0678038227974177,0.079316518100698,0.392633514618987,-0.0876536960590697,0.223261341653905,5,2.63798708424744e-07,0.00064651048657316,0.907779479847611
"VLMC-2","CTNNBL1",-0.105367468076597,0.102513512712886,0.304025192614325,-0.306290260922544,0.0955553247693488,5,0,0,0.87660931198739
"VLMC-2","KANSL1",-0.00645449076158581,0.0840166736760162,0.93876361640596,-0.171124145267432,0.15821516374426,5,0.00375362414891495,9.68506173142501,0.994661788902949
"VLMC-2","MAPKAP1",0.101866163011707,0.0785709080410421,0.194807746501587,-0.052129986981344,0.255862313004758,5,0,0,0.812975415007207
"VLMC-2","FCHO2",-0.0505046720867713,0.135130584648789,0.708592436044298,-0.315355751208239,0.214346407034697,5,0.0376167817941634,46.2906311056106,0.96950880300858
"VLMC-2","EIF2A",-0.0420438787034908,0.127931530604128,0.742425089292475,-0.292785071174665,0.208697313767683,5,0,0,0.970230263441742
"VLMC-2","MCC",-0.0613767538666031,0.178839579558312,0.731452168229371,-0.411895888811181,0.289142381077974,5,0.0825715774119369,58.3010520175111,0.970230263441742
"VLMC-2","CANX",-0.0600955495761791,0.0871797635576904,0.490616177658266,-0.23096474632997,0.110773647177612,5,6.68341592992624e-06,0.014084603738661,0.920413727425774
"VLMC-2","ERC1",0.0902092477327051,0.0608109995848101,0.137958513649147,-0.0289781213174029,0.209396616782813,5,0,0,0.771582957702176
"VLMC-2","ATP6V1G1",-0.0757945217214953,0.218111875304851,0.72821349706801,-0.503285941919494,0.351696898476503,5,0.111349681688678,55.7283064975746,0.970230263441742
"VLMC-2","SPPL2A",0.0827638088194904,0.0950287104980309,0.383789766539407,-0.103489041253933,0.269016658892914,5,0,0,0.903121483964797
"VLMC-2","TAX1BP1",0.0131075528975044,0.0702058338178513,0.851894474282382,-0.124493352890088,0.150708458685097,5,0,0,0.980957024980027
"VLMC-2","UBE2J2",0.0240081344646761,0.123995340062631,0.846472447055256,-0.219018266308876,0.267034535238229,5,0,0,0.980957024980027
"VLMC-2","MAP3K13",0.101908599831491,0.0989954947315126,0.303279234525851,-0.0921190044739984,0.29593620413698,5,0,0,0.87660931198739
"VLMC-2","VPS28",0.0414544545638043,0.123678300548061,0.737489541056824,-0.200950560179516,0.283859469307125,5,2.02800609054894e-06,0.00223287670466915,0.970230263441742
"VLMC-2","MXRA7",0.00407260653092372,0.126170695888955,0.974249918607015,-0.243217413315784,0.251362626377632,5,0,0,0.996582809694757
"VLMC-2","RPL29",0.129865959609683,0.128767336996144,0.313199209134185,-0.122513383287892,0.382245302507258,5,0,0,0.877270724002829
"VLMC-2","GNG11",0.0867903653855818,0.244895741803491,0.723041232047992,-0.393196468516481,0.566777199287644,5,0.119326523311641,42.9975930598794,0.970230263441742
"VLMC-2","PPARGC1B",-0.438413841955074,0.136273935211649,0.00129470388108072,-0.70550584700145,-0.171321836908698,5,5.97302928086456e-06,0.00538028356728276,0.161310513183539
"VLMC-2","PLOD1",0.190906825453756,0.124731961114452,0.125883973553645,-0.0535633260516201,0.435376976959132,5,0,0,0.759027798013261
"VLMC-2","PROS1",-0.14084805462356,0.140033427819994,0.314503428212014,-0.415308529782439,0.133612420535318,5,3.55869594033751e-06,0.00303736999124281,0.877791514365272
"VLMC-2","WTIP",-0.240489372007194,0.147929165334324,0.104012155016212,-0.53042520832554,0.0494464643111514,5,0.00334816779445827,2.60768172574343,0.743385681091789
"VLMC-2","GNAI3",0.119512741914871,0.11121233395147,0.282537871739899,-0.0984594272666516,0.337484911096394,5,0,0,0.858762445500743
"VLMC-2","DNAJC7",0.10393146548813,0.0991275880195145,0.294426004228749,-0.0903550369044422,0.298217967880703,5,2.28339790972677e-06,0.00388780949619915,0.86881498089957
"VLMC-2","FARP2",-0.132231188275184,0.146543692278413,0.366880077435443,-0.419451547302394,0.154989170752026,5,0.0403235536038886,41.3584812549742,0.89782846718252
"VLMC-2","ODF2L",0.0429936371640698,0.0906977826554119,0.635477199302335,-0.134770750318179,0.220758024646319,5,0,0,0.948488775291622
"VLMC-2","CD38",-0.229493857589104,0.150562105733462,0.127446988732728,-0.524590162263201,0.0656024470849936,5,0,0,0.759027798013261
"VLMC-2","CLEC2D",-0.174619365313437,0.134778739288283,0.195113250639993,-0.438780840200186,0.0895421095733114,5,5.71241907645735e-06,0.00504160511620646,0.812975415007207
"VLMC-2","UBA2",-0.0241201000013286,0.0762184956074301,0.751653432564316,-0.173505606347716,0.125265406345059,5,0,0,0.970230263441742
"VLMC-2","TERF1",-0.0645807733685556,0.104271660557295,0.53568505177529,-0.26894947266904,0.139787925931928,5,7.58736425094532e-06,0.0115795018074684,0.925314633394202
"VLMC-2","KANK3",-0.0449625984160876,0.134830106489108,0.738775037478031,-0.30922475116644,0.219299554334265,5,0,0,0.970230263441742
"VLMC-2","KLHL28",0.0429962235228007,0.112894349494092,0.703311857141247,-0.178272635543696,0.264265082589298,5,0,0,0.967813462982102
"VLMC-2","GSTA4",0.0690026819310872,0.124148268728298,0.578341670002081,-0.174323453519377,0.312328817381552,5,2.84702401383544e-06,0.00306836361763613,0.935184809587821
"VLMC-2","BRI3",0.174459301893524,0.102597964003773,0.0890525535087241,-0.026629012441009,0.375547616228056,5,0,0,0.707366615719582
"VLMC-2","MARK4",0.0185439745927235,0.110914095856743,0.867218800996371,-0.198843658664316,0.235931607849763,5,0,0,0.98392042042219
"VLMC-2","FKBP15",-0.123105874754928,0.283787430381424,0.664436528704626,-0.679319017567687,0.433107268057831,5,0.263373822110826,77.7892085502131,0.958475335575627
"VLMC-2","FNBP1L",-0.0638770301557572,0.102005191255371,0.531174898647197,-0.263803531252404,0.136049470940889,5,0,0,0.925314633394202
"VLMC-2","GNB5",0.0369615253939847,0.151136509277993,0.806799287439484,-0.259260589539986,0.333183640327956,5,0.0286781485285589,25.7584960164219,0.975583322410648
"VLMC-2","ATXN1",-0.0922058498514192,0.0999398682018391,0.35620877128072,-0.288084392146704,0.103672692443865,5,0.0192144994513613,43.5954723805406,0.89567209561799
"VLMC-2","CTPS2",-0.191388988646256,0.127206147971944,0.132437829925125,-0.440708457283339,0.0579304799908264,5,2.56727764173334e-06,0.00270731446378042,0.770254180677166
"VLMC-2","RSRP1",-0.159759670784635,0.0710860278954638,0.0246136381549711,-0.299085725263754,-0.0204336163055168,5,0,0,0.463446268066844
"VLMC-2","PAXIP1",0.000370797817304385,0.136950575641102,0.997839706107465,-0.268047398101284,0.268788993735892,5,0,0,0.999325028682796
"VLMC-2","BTF3L4",-0.117624562644582,0.124700274420391,0.345548825127215,-0.362032609370811,0.126783484081647,5,3.28883888229155e-06,0.00366871353309578,0.89567209561799
"VLMC-2","CCT4",0.0334876476679891,0.121477278228471,0.782801499282616,-0.204603442599765,0.271578737935743,5,0,0,0.974616458884373
"VLMC-2","SMAD3",0.0204863342336671,0.100386226423697,0.838294772970906,-0.176267054100662,0.217239722567996,5,0.00107741608813534,1.73984778624203,0.977981353679454
"VLMC-2","HLA-C",-0.129342157886194,0.222927620654901,0.561781107537957,-0.566272265529007,0.30758794975662,5,0.106231464595924,47.2229578227268,0.931813702202331
"VLMC-2","NFAT5",0.0591032675588219,0.0604339508538108,0.328083624178119,-0.059345099558111,0.177551634675755,5,0,0,0.885943206465361
"VLMC-2","DIO3OS",-0.117526731880224,0.152189209797748,0.439971763400879,-0.41581210191942,0.180758638158971,5,0,0,0.920413727425774
"VLMC-2","ATP13A3",0.0264315084706264,0.112087168100136,0.813578492470493,-0.193255304134726,0.246118321075979,5,1.48967989503349e-06,0.00204302744112096,0.975765582377835
"VLMC-2","CFDP1",-0.0237169381789669,0.153123480508174,0.876909879088644,-0.32383344516241,0.276399568804476,5,0.0520840823464173,51.2023624966992,0.984193499791697
"VLMC-2","RPS11",0.0809901192832718,0.18533503936523,0.662116407289565,-0.282259882945891,0.444240121512435,5,0.0763561900289009,52.126880923835,0.95688784956429
"VLMC-2","RNF114",0.174877386521621,0.220533581389075,0.427792996607925,-0.257360490382599,0.607115263425841,5,0.111982587648356,52.0978432542596,0.918385553453722
"VLMC-2","CCDC102B",-0.0823688844837881,0.119791209988602,0.491702349876306,-0.317155341725923,0.152417572758347,5,0,0,0.920413727425774
"VLMC-2","CDC16",-0.23661747287261,0.198379418098411,0.232966464066994,-0.625433987619509,0.152199041874289,5,0.101317558645808,60.2420819044122,0.835476015240007
"VLMC-2","CST3",0.130568003247902,0.196054697782984,0.505425528498764,-0.253692143406631,0.514828149902434,5,0.0855564722036833,51.8919209922032,0.922278861515846
"VLMC-2","SMIM12",0.154527071711279,0.122972690532097,0.208899726221126,-0.0864949728136207,0.395549116236178,5,0,0,0.817137998846356
"VLMC-2","UFSP2",0.0612167266321237,0.238997706195079,0.797843207549558,-0.407210169897917,0.529643623162164,5,0.146006189498534,59.0507775293509,0.974861328880033
"VLMC-2","WDR7",-0.201060627820204,0.155393325453591,0.195706180426717,-0.505625949147154,0.103504693506747,5,0.063014401115065,61.9864083013231,0.812975415007207
"VLMC-2","FILIP1L",0.072380742706375,0.275631025647248,0.792858801138129,-0.467846140584068,0.612607625996818,5,0.262095499963794,76.7107068823539,0.974616458884373
"VLMC-2","NUP54",0.0195108147592703,0.117430006492201,0.868040118384209,-0.210647768669749,0.249669398188289,5,0,0,0.984188391723788
"VLMC-2","CLK4",-0.0768472885548909,0.102540053072591,0.45359398165299,-0.277822099549994,0.124127522440213,5,0,0,0.920413727425774
"VLMC-2","GSK3B",-0.0908312963442246,0.116252863950435,0.434611231269671,-0.318682722786711,0.137020130098262,5,0.0285432847634351,48.7664102761923,0.920413727425774
"VLMC-2","BSDC1",0.00759394359106323,0.188059907328537,0.967789816573157,-0.36099670170881,0.376184588890936,5,0.081838810831797,54.0362481967765,0.996582809694757
"VLMC-2","NSUN6",0.023315907105369,0.115586570172511,0.840137086113465,-0.203229607529264,0.249861421740002,5,0,0,0.978608434101696
"VLMC-2","LIMA1",-0.141293950768528,0.149785135051854,0.345521901444209,-0.434867420889629,0.152279519352573,5,0.0251299937996366,22.4209344177787,0.89567209561799
"VLMC-2","KLF3",-0.179144881756059,0.150731410058494,0.234634910138346,-0.474573016809646,0.116283253297528,5,0,0,0.835476015240007
"VLMC-2","TRIM23",0.261725793468989,0.211843439805439,0.216656374262611,-0.15347971891075,0.676931305848728,5,0.112543615932582,60.1131514758554,0.823539031660366
"VLMC-2","EXOC2",-0.0739470436141326,0.0984764601103111,0.452706302479548,-0.266957358755338,0.119063271527072,5,0.0103605618545645,21.2344550786425,0.920413727425774
"VLMC-2","SAV1",0.114899138415478,0.139278946437028,0.40939601751232,-0.15808258040578,0.387880857236736,5,0,0,0.915088506917903
"VLMC-2","AP2A2",0.0230562413815684,0.0913597528646668,0.800756942809407,-0.156005583869658,0.202118066632795,5,0,0,0.974861328880033
"VLMC-2","RBM12B",0.0218399137335158,0.17266749768902,0.899347722659604,-0.316582163037617,0.360261990504649,5,0.0566778656177053,41.9138143193263,0.989017894418734
"VLMC-2","ZNF274",0.153564486781586,0.196248483666813,0.433920640737185,-0.231075473225964,0.538204446789136,5,0.0743634042397485,41.6839617518603,0.920413727425774
"VLMC-2","PHF11",0.121117367791222,0.12222625081113,0.321720924564285,-0.118441681763952,0.360676417346395,5,0,0,0.885943206465361
"VLMC-2","GLRX3",-0.0729492102913906,0.10825013019706,0.500378136932768,-0.285115566799401,0.139217146216619,5,0,0,0.92181451095742
"VLMC-2","GPHN",0.113716055279142,0.0564011341911181,0.0437789023850376,0.00317186357733967,0.224260246980944,5,0,0,0.573043687250065
"VLMC-2","RNF14",-0.0126011671238713,0.117166733220662,0.914353439894719,-0.242243744422582,0.217041410174839,5,0.00151257262688677,1.8516190700824,0.991152181757771
"VLMC-2","LPP",0.152972142120911,0.132659299528345,0.248860976960635,-0.107035307168957,0.412979591410779,5,0.0394739948842702,51.5305963764564,0.842480864401571
"VLMC-2","TGFB1",-0.0202950642250726,0.217836409974074,0.925771257330968,-0.447246582295759,0.406656453845614,5,0.0956257791015562,45.0698696644782,0.992159394239645
"VLMC-2","REV1",-0.0356446590386836,0.115570616483055,0.757760332925721,-0.262158905016563,0.190869586939196,5,0.0198262352550857,31.3983195412405,0.971989194774757
"VLMC-2","RPL7A",0.00898404610506565,0.161718447774605,0.955697408800174,-0.307978287168882,0.325946379379013,5,0.0256745751205435,19.4169625364351,0.996582809694757
"VLMC-2","TRPC1",-0.00453185688161451,0.0727145527853642,0.950304870119425,-0.147049761492865,0.137986047729636,5,0.00112042314761306,3.58140112176165,0.996582809694757
"VLMC-2","COPS4",-0.0836819623110678,0.126848187906552,0.509445290167953,-0.332299842112079,0.164935917489944,5,0,0,0.92386736179245
"VLMC-2","FAM76B",0.00274782006031604,0.15325302785748,0.98569473134735,-0.297622595062058,0.30311823518269,5,0.0302425889595414,26.313991382695,0.997919280210293
"VLMC-2","TESC",-0.322312200822612,0.128880402845889,0.0123891175858549,-0.574913148713568,-0.0697112529316558,5,0.00553873064570388,5.94376617660117,0.372115996060855
"VLMC-2","CABIN1",0.00658599484377332,0.0986865571249385,0.94679148091759,-0.186836102879361,0.200008092566907,5,0,0,0.996560244620392
"VLMC-2","SORCS1",-0.239485011293325,0.189724463245166,0.206848779115337,-0.611338126240043,0.132368103653394,5,0.0700253955918127,45.4232021586439,0.817137998846356
"VLMC-2","CASK",0.0976558886125617,0.149933667177187,0.514835237821509,-0.196208699124739,0.391520476349863,5,0.0553365930953785,60.0969757712426,0.925314633394202
"VLMC-2","SMURF2",-0.100698491796711,0.173195292081467,0.560960202675678,-0.440155026568281,0.238758042974859,5,0.074473872971405,58.6505122537288,0.931813702202331
"VLMC-2","INTS4",0.113667814215128,0.128081184115191,0.374827567430548,-0.13736669374789,0.364702322178145,5,0,0,0.900014230432808
"VLMC-2","RFX3",0.0541526831683444,0.0651845029836265,0.406109176170103,-0.0736065950297072,0.181911961366396,5,0,0,0.915088506917903
"VLMC-2","CDC123",0.17291742885094,0.11972357821077,0.1486530444203,-0.0617364725424332,0.407571330244314,5,0,0,0.774161722178758
"VLMC-2","COMMD1",-0.138026197989632,0.120448055658553,0.251820140169858,-0.374100049088271,0.0980476531090074,5,0.0272151410899578,42.0410644553734,0.842480864401571
"VLMC-2","MIS18BP1",0.173985631227605,0.142161604480717,0.221005762033933,-0.104645993539027,0.452617255994238,5,4.12228063647975e-08,3.6340844501211e-05,0.829758240493472
"VLMC-2","ZNF235",-0.173270585736415,0.114947983421512,0.131712625945646,-0.398564493338086,0.0520233218652551,5,1.42157483760454e-06,0.00176489105485166,0.769238322363113
"VLMC-2","COL24A1",-0.214618300977057,0.267255219314746,0.421948004431594,-0.738428905514312,0.309192303560198,5,0.139187014534946,42.97445623251,0.918385553453722
"VLMC-2","ZNF611",0.018312551296017,0.124609676058787,0.883164141990484,-0.225917925904409,0.262543028496443,5,0,0,0.984639696506893
"VLMC-2","CA2",-0.0909551187709368,0.225236459530762,0.686344658272597,-0.532410467456543,0.350500229914669,5,0.102957079195865,45.5434050499754,0.96509154879379
"VLMC-2","ZNF141",-0.0171671963885811,0.218314130569693,0.937322711902161,-0.445055029621353,0.410720636844191,5,0.117832432209376,57.2377544774523,0.994661788902949
"VLMC-2","OS9",0.112326395486176,0.118715966589195,0.344057978554764,-0.120352623418507,0.345005414390859,5,0,0,0.89567209561799
"VLMC-2","ANO3",-0.253997645595769,0.142683410013705,0.0750516756394165,-0.533651990413994,0.0256566992224549,5,0,0,0.675063734895714
"VLMC-2","SYNM",-0.0453519077281073,0.117716700333826,0.70004245437159,-0.2760724007613,0.185368585305085,5,0.013634080349333,19.3640294205954,0.967813462982102
"VLMC-2","VEZT",0.07167155621975,0.080020761950834,0.370433307927826,-0.0851662552193377,0.228509367658838,5,0,0,0.89782846718252
"VLMC-2","ZC3H12C",-0.111988429939566,0.146253577097157,0.44384642009765,-0.398640173660147,0.174663313781015,5,0.0297876428778669,29.117148987902,0.920413727425774
"VLMC-2","TMEM123",0.0167782216812753,0.121108455282417,0.889814596730851,-0.220589988895542,0.254146432258092,5,0,0,0.98659733137857
"VLMC-2","COL4A2",0.207763469662181,0.164657524294443,0.207023810430269,-0.114959347738456,0.530486287062819,5,0.0293921765048946,21.3121972039542,0.817137998846356
"VLMC-2","MED13",0.0861285120897736,0.0658572657118493,0.190939196674515,-0.0429493568257357,0.215206381005283,5,4.21755164548002e-06,0.0164504134169002,0.812975415007207
"VLMC-2","PANK3",0.012662775803598,0.127268816724759,0.92074422902699,-0.236779521331958,0.262105072939154,5,0.0132467713966772,15.4972890562259,0.991152181757771
"VLMC-2","SZRD1",-0.0756510402839998,0.13457158305149,0.574005598520601,-0.33940649640746,0.188104415839461,5,5.94656077972768e-08,5.61140846727152e-05,0.934846106911697
"VLMC-2","SRSF10",-0.0632748136777401,0.091448577841169,0.488989536169297,-0.242510732683839,0.115961105328359,5,0,0,0.920413727425774
"VLMC-2","DIDO1",0.0749151764094057,0.0969156110123609,0.439525989016736,-0.115035930714515,0.264866283533326,5,0,0,0.920413727425774
"VLMC-2","SLC35F5",-0.0300014840661649,0.0836307864173061,0.719791607942773,-0.193914813442846,0.133911845310517,5,1.43969582862452e-06,0.00334463966698862,0.970230263441742
"VLMC-2","ZNF800",0.0742214513854334,0.121495871398439,0.541267836240491,-0.163906080825818,0.312348983596685,5,0,0,0.925314633394202
"VLMC-2","CCDC146",-0.0903832965432219,0.119618934961772,0.449892920120848,-0.324832100937334,0.14406550785089,5,8.85372294293262e-06,0.0105881225862515,0.920413727425774
"VLMC-2","FBXO42",0.0480775967503088,0.0864165639415826,0.57797365785922,-0.121295756242896,0.217450949743513,5,0,0,0.935184809587821
"VLMC-2","C2CD3",-0.0123741461468689,0.114452948773302,0.913904015036636,-0.236697803666949,0.211949511373211,5,0,0,0.991152181757771
"VLMC-2","PHF12",-0.0191947303819706,0.103442256353997,0.852789935575137,-0.221937827315363,0.183548366551422,5,0,0,0.980957024980027
"VLMC-2","CMPK1",0.165580625974589,0.147480184015979,0.261551609544675,-0.123475223130069,0.454636475079246,5,0.0330611740128134,32.3965375250445,0.847648954246906
"VLMC-2","NR1D2",-0.0702248248495388,0.104504550229798,0.501597298796402,-0.275049979520499,0.134600329821422,5,0,0,0.92181451095742
"VLMC-2","IRF2BP2",-0.0333273556578895,0.115139845396842,0.772236190490343,-0.258997305821209,0.19234259450543,5,0,0,0.973752354617262
"VLMC-2","CRYAB",0.185420175658641,0.161386270184775,0.250588300097911,-0.130891101502768,0.501731452820051,5,0,0,0.842480864401571
"VLMC-2","FAM107B",-0.117773568608705,0.126717795479168,0.352673449116538,-0.366135883948187,0.130588746730778,5,0,0,0.89567209561799
"VLMC-2","INPP5A",-0.139642884233034,0.108260486493424,0.19709281369498,-0.351829538708931,0.0725437702428623,5,0,0,0.812975415007207
"VLMC-2","TRIM52",-0.0437256098233341,0.123867859526216,0.724086894705538,-0.286502153336783,0.199050933690115,5,0,0,0.970230263441742
"VLMC-2","ABTB1",-0.208023947000607,0.130839387721244,0.111853204696942,-0.464464434693517,0.0484165406923037,5,8.74973479433455e-06,0.00886718556518896,0.743385681091789
"VLMC-2","HMBOX1",0.0937678820482307,0.102709456212831,0.361272505486269,-0.107538953000612,0.295074717097073,5,0.0161462369224615,32.5655472985668,0.897542929460831
"VLMC-2","PRRC2C",0.0455330946572475,0.0954130328419518,0.63320482066538,-0.141473013368715,0.23253920268321,5,0.0157614402473488,38.657766408123,0.948488775291622
"VLMC-2","PRICKLE2",0.151022614803408,0.0884947619177282,0.0879017761721184,-0.0224239313757856,0.324469160982603,5,0,0,0.705731682680206
"VLMC-2","HMGXB4",0.131864247693634,0.11568505316603,0.254346494160347,-0.0948742900613865,0.358602785448654,5,0,0,0.842480864401571
"VLMC-2","SPECC1",-0.145394045556522,0.0894172454608984,0.103945838337777,-0.320648626256661,0.0298605351436165,5,0,0,0.743385681091789
"VLMC-2","PPP2R2A",0.0516887151268996,0.121608152188444,0.670805201067206,-0.186658883388917,0.290036313642716,5,0.0219769695593657,31.330224954691,0.960936616113552
"VLMC-2","PPP1R2",0.133452902113313,0.159516234883018,0.402811735154697,-0.179193173206834,0.44609897743346,5,0.0406605357148965,34.4084670141372,0.915088506917903
"VLMC-2","RPS6KA3",0.211580142084233,0.102954928147304,0.0398717207439279,0.00979219088460845,0.413368093283857,5,2.26763205995343e-06,0.00366841534881999,0.559438192249635
"VLMC-2","UFL1",0.103844644176069,0.0981921736447377,0.290253629441709,-0.0886084797313195,0.296297768083459,5,0,0,0.868360199133212
"VLMC-2","NSF",-0.268656085158677,0.370611267985564,0.468513418962008,-0.995040822675104,0.457728652357751,5,0.497637154360879,86.1096953333545,0.920413727425774
"VLMC-2","SERPING1",0.170766488103464,0.134856434085084,0.205411573558567,-0.0935472657868004,0.435080241993728,5,0,0,0.817137998846356
"VLMC-2","RNF146",-6.46583702737669e-05,0.120539552343306,0.999572008424694,-0.236317839675733,0.236188522935186,5,0.0130475338279506,17.4502351447297,0.999572008424694
"VLMC-2","ZEB2",0.0177475145081974,0.0716854795190708,0.80446345094262,-0.122753443563665,0.15824847258006,5,0,0,0.974861328880033
"VLMC-2","RABGAP1L",-0.0833798916867315,0.0593616423165868,0.160137605784399,-0.19972657269039,0.0329667893169275,5,0,0,0.795488448309157
"VLMC-2","FUBP3",0.00592320699712517,0.0878385270323438,0.946237074861637,-0.166237142441317,0.178083556435567,5,0,0,0.996560244620392
"VLMC-2","ARL15",-0.137055364959512,0.152539479474701,0.368923787054809,-0.436027250950414,0.161916521031389,5,0.0298755174074548,26.3483834395166,0.89782846718252
"VLMC-2","MTMR9",0.128801921684093,0.122320151836455,0.29234548158603,-0.11094117049883,0.368545013867016,5,0.00834219090210817,10.3866631152774,0.868360199133212
"VLMC-2","CLTC",-0.0898776692574979,0.0882948177128125,0.308712701217456,-0.26293233199614,0.0831769934811437,5,0.00943034452712419,24.7195609316272,0.877270724002829
"VLMC-2","CTDSP1",0.0500682664992891,0.130111690580468,0.700378264576238,-0.204945961006048,0.305082494004626,5,0,0,0.967813462982102
"VLMC-2","ANKRD13D",-0.0456179835821044,0.115368718702523,0.692540083811781,-0.271736517181583,0.180500550017374,5,0,0,0.965480663880163
"VLMC-2","PSMC1",0.0826591902946994,0.132206808930514,0.53182246197888,-0.176461393720077,0.341779774309476,5,2.7024900703489e-06,0.00267149266269274,0.925314633394202
"VLMC-2","LMO4",-0.120774217734691,0.103509919976266,0.243295661684373,-0.323649932930796,0.0821014974614139,5,0,0,0.840926918484417
"VLMC-2","CCAR1",0.00676602656162127,0.0873874924329151,0.938284998558509,-0.164510311306159,0.178042364429401,5,0,0,0.994661788902949
"VLMC-2","DCP1B",-0.00220090450135963,0.173656034956205,0.989887937320532,-0.34256047871355,0.338158669710831,5,0.0410030579591775,27.8542456236256,0.997919280210293
"VLMC-2","APBB2",-0.0492989078508288,0.148436055460697,0.739796994864837,-0.340228230560985,0.241630414859328,5,0.0484474854155042,50.6886985130142,0.970230263441742
"VLMC-2","COPB1",-0.167939413635676,0.10180183749545,0.0990104967867781,-0.367467348686758,0.0315885214154064,5,0,0,0.731904948901596
"VLMC-2","IFT74",0.00397262872043517,0.114961107551061,0.972433560706409,-0.22134700170248,0.22929225914335,5,0,0,0.996582809694757
"VLMC-2","AIDA",0.0447147885463627,0.129431111421854,0.7297397680103,-0.208965528319462,0.298395105412187,5,0,0,0.970230263441742
"VLMC-2","CDK5RAP2",0.0207316978885374,0.0911337522678109,0.820045469335069,-0.157887174332367,0.199350570109442,5,0.000571195505022108,1.16427874463865,0.976895319762814
"VLMC-2","ZNF846",-0.229109311754913,0.157866884216485,0.146701449632792,-0.538522719170778,0.0803040956609515,5,0.0327643643846616,26.7164185260127,0.774161722178758
"VLMC-2","ATL3",0.0271359106000985,0.116520807910716,0.815850958080488,-0.201240676354415,0.255512497554612,5,2.68250883922648e-06,0.00330537734673739,0.975901409921425
"VLMC-2","PPM1E",-0.383870739968162,0.367486346852891,0.296214797194355,-1.10413074461002,0.336389264673699,5,0.511008175839,86.1726831610238,0.87103721832326
"VLMC-2","KLHL18",0.0562281796334715,0.127863535292331,0.660117108430426,-0.194379744475464,0.306836103742407,5,0,0,0.955933686078327
"VLMC-2","JADE3",0.0576476692424944,0.12767423136353,0.651613683354058,-0.192589225983858,0.307884564468847,5,0,0,0.953885304962163
"VLMC-2","UBXN7",-0.162124061152681,0.237486277475172,0.49481724260452,-0.627588611826505,0.303340489521142,5,0.164516715659491,70.5333293152928,0.921176095252687
"VLMC-2","SMU1",0.0533483385080259,0.11838081564268,0.652241678329226,-0.178673796612103,0.285370473628155,5,0,0,0.953974350391093
"VLMC-2","ARHGAP44",0.0676969062374481,0.243309952467106,0.780833352074997,-0.409181837678233,0.544575650153129,5,0.186060223539719,76.0666763707048,0.974616458884373
"VLMC-2","ATF1",0.0535181608493819,0.122640460273288,0.662559173445871,-0.186852724333677,0.293889046032441,5,0,0,0.956998308060073
"VLMC-2","CMTM4",-0.178546806941969,0.11331831934639,0.115113004018545,-0.400646631649501,0.0435530177655636,5,0,0,0.743385681091789
"VLMC-2","SNAP25",-0.2739861203979,0.0967192408018977,0.00461424621111591,-0.463552348981677,-0.084419891814124,5,0,0,0.292874042531961
"VLMC-2","API5",-0.0841361308292377,0.108389234248671,0.437606902181461,-0.296575126268509,0.128302864610033,5,0,0,0.920413727425774
"VLMC-2","NFX1",0.00820575035455961,0.0869897423409512,0.924846946922661,-0.162291011658124,0.178702512367243,5,4.97520715974858e-06,0.0106076773474961,0.992159394239645
"VLMC-2","ADGRD1",0.273971306307518,0.169891230739638,0.106825414648054,-0.0590093872313566,0.606951999846392,5,0.0142095316049207,8.69241117240612,0.743385681091789
"VLMC-2","GABARAPL2",-0.0116449881188808,0.122659803557151,0.924364645053163,-0.252053785441654,0.228763809203892,5,2.49769395704296e-06,0.00278827417957535,0.992159394239645
"VLMC-2","ZC3H7B",-0.150357537996839,0.116249638408084,0.195871989836985,-0.378202642492487,0.0774875664988089,5,3.47563475737372e-06,0.00425794944044867,0.812975415007207
"VLMC-2","WDFY3",-0.0564070075334435,0.0772712920449185,0.465398377228681,-0.20785595698036,0.0950419419134731,5,0.00890200061724975,32.0046645263074,0.920413727425774
"VLMC-2","SPCS2",0.184795330174619,0.116706058491408,0.113324551467805,-0.0439443412461657,0.413535001595404,5,0,0,0.743385681091789
"VLMC-2","STMN1",-0.0843473561280867,0.119660881017467,0.48088078617072,-0.318878373280654,0.150183661024481,5,0,0,0.920413727425774
"VLMC-2","MDH1",-0.319178391996055,0.12561559695939,0.0110563204149318,-0.565380437932959,-0.072976346059151,5,1.13712598412034e-06,0.00124901708929003,0.350881715809722
"VLMC-2","LUC7L",0.00388067129078788,0.0887436954298452,0.965120438532642,-0.1700537756067,0.177815118188276,5,0.00219924460052311,4.77886582113825,0.996582809694757
"VLMC-2","FBXO3",-0.0658112507350614,0.135964651111089,0.628363113483679,-0.332297070083351,0.200674568613228,5,0.0281831426510566,32.8314372132221,0.948488775291622
"VLMC-2","DOCK11",-0.170127116642908,0.122755059149147,0.165775251124486,-0.41072261149532,0.0704683782095036,5,0.00536143856121113,6.03294552387287,0.80480499206555
"VLMC-2","COPB2",0.278622550347046,0.112422216362523,0.0131988469515081,0.0582790552143306,0.498966045479761,5,0,0,0.382766561593734
"VLMC-2","LRP2BP",0.14590089033854,0.189972680616671,0.442481331774294,-0.226438721716665,0.518240502393745,5,0.0532657448605839,30.8444715567576,0.920413727425774
"VLMC-2","DNM1",-0.135209345321391,0.105133821633412,0.198418993618401,-0.341267849279936,0.0708491586371546,5,4.49335862511595e-06,0.00681407788742048,0.814219750511838
"VLMC-2","ZC4H2",0.00461206621501859,0.135207735997905,0.972788665567053,-0.260390226772075,0.269614359202112,5,0,0,0.996582809694757
"VLMC-2","CAP1",-0.0857656863555383,0.118672652758481,0.469859243492966,-0.31835981171199,0.146828439000913,5,5.0759711081223e-06,0.00611406145571312,0.920413727425774
"VLMC-2","RPL30",0.0541404106685561,0.140945390429692,0.700887051414186,-0.222107478360577,0.330388299697689,5,0.010702305947157,9.76548009684512,0.967813462982102
"VLMC-2","NCOA7",-0.0256077886291324,0.0943207423230292,0.786008887862174,-0.210473046577352,0.159257469319088,5,0,0,0.974616458884373
"VLMC-2","SMC1A",0.0388613119428399,0.11946980634579,0.744968068259441,-0.195295205734883,0.273017829620563,5,0,0,0.970230263441742
"VLMC-2","AP3D1",0.0392950106909692,0.116958850458442,0.736891260441002,-0.189940123880782,0.268530145262721,5,0.0119761525700766,16.8858851967106,0.970230263441742
"VLMC-2","NPM1",0.0341835555423005,0.180314866666533,0.849640594028669,-0.319227089001245,0.387594200085847,5,0.0637430570059719,44.5680347923798,0.980957024980027
"VLMC-2","ZNF337",0.0863357161637222,0.101823530943923,0.396496157309827,-0.113234737265067,0.285906169592512,5,5.53359146835683e-06,0.00850614050401139,0.911188476363418
"VLMC-2","NRIP1",0.219450048155954,0.100705600738957,0.0293224160250327,0.022070697666127,0.416829398645781,5,0,0,0.490749291085621
"VLMC-2","PSMB4",0.00726519560005195,0.130417891033403,0.955575185438941,-0.248349173765087,0.26287956496519,5,3.24797714037734e-06,0.00328984365794018,0.996582809694757
"VLMC-2","HIVEP3",0.146872515364812,0.10194531156885,0.149669718328289,-0.0529366237028483,0.346681654432472,5,0,0,0.774161722178758
"VLMC-2","RAP1B",0.0725674671635864,0.0863393168630026,0.400632831532248,-0.0966544843376903,0.241789418664863,5,1.93694359468673e-06,0.00414076312034093,0.914955088441603
"VLMC-2","CEP44",-0.061459073324156,0.140677185305076,0.662198250233552,-0.337181289968573,0.214263143320261,5,0.0199790566106416,19.8100720423141,0.95688784956429
"VLMC-2","RGS4",-0.40258780015545,0.177317068163618,0.0231808875716439,-0.750122867600374,-0.055052732710525,5,0.0516799939671969,36.361270624155,0.456026349655029
"VLMC-2","RC3H2",-0.0359293006942694,0.0914044511013825,0.69426007975005,-0.215078732879631,0.143220131491093,5,0,0,0.967477592493441
"VLMC-2","ASAP1",0.0497084080102781,0.0708501016900146,0.482928857095152,-0.089155239603151,0.188572055623707,5,0,0,0.920413727425774
"VLMC-2","HNRNPH1",-0.00658732800457444,0.0705543474337405,0.925613354517476,-0.144871307927432,0.131696651918283,5,0,0,0.992159394239645
"VLMC-2","CCNC",-0.145278979826481,0.158070488194795,0.358055200091507,-0.455091443706943,0.164533484053981,5,0.0391159024642689,33.6711659920381,0.89567209561799
"VLMC-2","ZIC4",-0.17209816494042,0.115683017201341,0.136837918451764,-0.398832712277976,0.0546363823971361,5,0,0,0.771582957702176
"VLMC-2","ZBTB40",0.0272856948632963,0.160595525789871,0.865086258963708,-0.287475751763125,0.342047141489718,5,0.0302752588609179,23.4887145458178,0.983030073718517
"VLMC-2","TMSB4X",-0.122607118517054,0.10264182926977,0.232276904903192,-0.323781407193111,0.0785671701590039,5,4.80791763295495e-06,0.00790439194961599,0.835476015240007
"VLMC-2","ARHGEF17",-0.279324010960017,0.0952306575413447,0.00335562078171096,-0.46597266996512,-0.0926753519549135,5,0,0,0.256552461583538
"VLMC-2","SGIP1",0.234649490577642,0.0963004594314256,0.0148244556326317,0.0459040583973876,0.423394922757897,5,0.00305760557014448,5.97844131996566,0.406956425281991
"VLMC-2","DTNA",-0.296939254910298,0.31451106157179,0.345103340256126,-0.913369608330465,0.319491098509869,5,0.358826301357465,84.0730715586074,0.89567209561799
"VLMC-2","SRSF5",-0.0585375748687358,0.0637180641106146,0.358254239341515,-0.183422685690155,0.0663475359526829,5,0,0,0.89567209561799
"VLMC-2","SLC7A11",-0.173896351511123,0.123159371851468,0.157961153944501,-0.415284284698577,0.0674915816763307,5,6.31685380284012e-08,7.45364940855252e-05,0.794708818531634
"VLMC-2","STAT3",0.118427076577647,0.234675124714566,0.613809849045899,-0.341527715930348,0.578381869085643,5,0.14046604275314,59.8845778697262,0.94447592451941
"VLMC-2","NOL7",-0.0155522936188533,0.125256796283798,0.901186002160639,-0.261051103153967,0.22994651591626,5,0,0,0.989422229526237
"VLMC-2","NUB1",-0.0235675967547477,0.112327813419448,0.833815285411691,-0.243726065519001,0.196590872009506,5,0,0,0.977981353679454
"VLMC-2","WNT5B",0.0619067756834008,0.127000679080609,0.625937823892931,-0.187009981326723,0.310823532693524,5,0,0,0.948488775291622
"VLMC-2","CCDC50",-0.0267306481728862,0.166301792085803,0.872301507901113,-0.352676171225528,0.299214874879756,5,0.062749916624851,54.2789204634307,0.984193499791697
"VLMC-2","KAT7",-0.324671802063412,0.377467543732807,0.389716445880861,-1.06449459311251,0.415150988985688,5,0.549048650040387,86.0354659914634,0.905390969574045
"VLMC-2","INTS6",0.124985516897185,0.105003081147747,0.23392719338437,-0.0808167404181355,0.330787774212506,5,0,0,0.835476015240007
"VLMC-2","UBN2",0.0387278529665871,0.118360149598051,0.743513988178881,-0.193253777450366,0.27070948338354,5,0.0229427438456216,35.1015522592363,0.970230263441742
"VLMC-2","GRID1",0.064057953445933,0.0900152441330948,0.476691136122577,-0.112368683114513,0.240484590006379,5,2.14033255160331e-07,0.000442922633305188,0.920413727425774
"VLMC-2","TANC1",0.0150558621953133,0.0991732044109559,0.879333788124383,-0.179320046681589,0.209431771072216,5,0,0,0.984193499791697
"VLMC-2","UFM1",0.168705737229307,0.114368766779586,0.140184792347433,-0.0554529266149431,0.392864401073558,5,0,0,0.771582957702176
"VLMC-2","EPG5",0.048979324588695,0.178331611081019,0.78358278909645,-0.300544210435106,0.398502859612496,5,0.0736392480047766,55.4673663828839,0.974616458884373
"VLMC-2","SMARCAD1",0.156649483833923,0.0931804563606788,0.0927355339256833,-0.0259808546960137,0.339279822363859,5,0,0,0.717154795691951
"VLMC-2","PTPN1",0.0314505648169964,0.0996124730018888,0.752208073290954,-0.163786294677674,0.226687424311667,5,0,0,0.970230263441742
"VLMC-2","JMY",-0.0565058965480292,0.156855303838341,0.718666034363994,-0.363936642855264,0.250924849759206,5,0.0407703138728667,35.6684520963163,0.970230263441742
"VLMC-2","DLC1",-0.224131720283369,0.0855821649364905,0.00882120245473869,-0.391869681277857,-0.0563937592888815,5,0,0,0.322043304442591
"VLMC-2","P4HB",0.138523398555895,0.113064278881348,0.220509722598148,-0.0830785159895405,0.360125313101331,5,0,0,0.828820901475049
"VLMC-2","RBM19",-0.0330360397763498,0.123353313646655,0.788840650173427,-0.274804091897467,0.208732012344767,5,0,0,0.974616458884373
"VLMC-2","TNKS1BP1",0.0595804474682201,0.117948444579264,0.613460686129219,-0.171594255939655,0.290755150876096,5,1.50383771340841e-06,0.00181733322306568,0.94447592451941
"VLMC-2","ZBTB8OS",0.223186260263854,0.101869541200836,0.0284588290636561,0.0235256283885955,0.422846892139112,5,1.1443889884819e-07,0.000188197757362189,0.4900634783087
"VLMC-2","PLEKHG2",-0.182651627817715,0.246064586708445,0.457910798151379,-0.664929355637001,0.299626100001571,5,0.132926027583094,51.1899725283878,0.920413727425774
"VLMC-2","ABCA8",0.158457178401635,0.126522563693697,0.210423226245301,-0.0895224896696854,0.406436846472956,5,5.16018328238104e-07,0.000498325845997692,0.817562161019663
"VLMC-2","ARHGEF6",-0.182532402825023,0.133465098913814,0.171424331916845,-0.444119189889174,0.0790543842391273,5,0.0192474496585963,21.1304238195191,0.81156708412236
"VLMC-2","LCMT1",0.0774995266120553,0.124473739081645,0.53353591703412,-0.166464519009004,0.321463572233115,5,0.00669666426894542,7.76615268476626,0.925314633394202
"VLMC-2","ARHGEF12",-0.0253501158625581,0.0865688630819436,0.769650721497331,-0.195021969685747,0.14432173796063,5,0.00857980599176699,22.9527156537076,0.972981971859084
"VLMC-2","CMTM8",0.0191241434534762,0.151900316585334,0.89981163717443,-0.27859500629401,0.316843293200962,5,0,0,0.989162663751122
"VLMC-2","CD81",-0.0804194204161656,0.124165160664808,0.517191269596488,-0.323778663453818,0.162939822621487,5,0.0183656143627265,24.2220890489602,0.925314633394202
"VLMC-2","CYSTM1",-0.0956866548029944,0.0920645946384122,0.298645430974166,-0.276129944545562,0.0847566349395728,5,0,0,0.871991100423922
"VLMC-2","CSRNP3",-0.0586277001792746,0.252842661694175,0.816635692309397,-0.554190210855102,0.436934810496553,5,0.201857032893667,75.3944109195308,0.975901409921425
"VLMC-2","FAN1",0.0446417445297605,0.116686082888871,0.702031310192738,-0.184058775429481,0.273342264489002,5,0,0,0.967813462982102
"VLMC-2","RND3",0.221794111124916,0.153114542232397,0.147463218308116,-0.07830487715992,0.521893099409751,5,0,0,0.774161722178758
"VLMC-2","ARID4B",0.0710234292108575,0.0647116472880963,0.272406702296483,-0.0558090688540703,0.197855927275785,5,0,0,0.85839310941465
"VLMC-2","SEC24D",0.142936185829414,0.136196097336474,0.293953521204754,-0.124003259784985,0.409875631443814,5,0.0119478701771503,11.8492690821416,0.868360199133212
"VLMC-2","ENOX1",0.0197894453866956,0.0972346296883242,0.838726577100245,-0.170786926852509,0.2103658176259,5,0.00255299082755593,4.77766788501771,0.977981353679454
"VLMC-2","RBFOX2",-0.0881219469716391,0.095332629101536,0.355297395960258,-0.274970466562165,0.0987265726188864,5,0.0195872666374279,51.0103768010973,0.89567209561799
"VLMC-2","RPS3",0.287751589205345,0.215299241836671,0.181379600724117,-0.134227170693309,0.709730349103999,5,0.114567589249717,58.472984309436,0.812975415007207
"VLMC-2","FAM13B",-0.06292863952368,0.0840892443138336,0.454245820542765,-0.227740529865983,0.101883250818623,5,0.00646003181469014,17.653960240862,0.920413727425774
"VLMC-2","DDX5",0.0981639108966579,0.100727711320269,0.329784906098151,-0.0992587755362172,0.295586597329533,5,0.0178068644880947,38.9532060021359,0.886230977327376
"VLMC-2","SCYL2",-0.0157285508615936,0.0893600396417653,0.860283534160232,-0.190871010216525,0.159413908493338,5,0,0,0.981579833098383
"VLMC-2","HSPA2",-0.110080623965463,0.15474727047399,0.476862758304021,-0.413379700800362,0.193218452869436,5,7.77590163637059e-07,0.000570535685985064,0.920413727425774
"VLMC-2","AVEN",0.165390644425653,0.30526109422564,0.587955877072958,-0.432910106137889,0.763691394989195,5,0.307393627497672,75.7952726718821,0.935326469316026
"VLMC-2","MAF",0.0758787168746328,0.12659733448476,0.548925796004866,-0.172247499254268,0.324004933003534,5,6.80399499148079e-06,0.00732877071020605,0.928293059793464
"VLMC-2","PSMD1",-0.0205605627239945,0.0885656996791086,0.816421199395231,-0.194146144360638,0.153025018912649,5,0.00423034848656984,9.73120941883136,0.975901409921425
"VLMC-2","USF2",-0.0916058623724218,0.110757241306282,0.408187813756644,-0.308686066359746,0.125474341614903,5,0,0,0.915088506917903
"VLMC-2","PLEKHM2",0.0337985678195953,0.156735313615025,0.829267554148817,-0.273397001971444,0.340994137610635,5,0.0448960506745946,40.3956423955026,0.977652301355658
"VLMC-2","ERBIN",0.0783132110346466,0.0684529819547525,0.252605464147318,-0.0558521682310385,0.212478590300332,5,8.04929132604868e-07,0.00290555365577402,0.842480864401571
"VLMC-2","AGTPBP1",-0.0529681907987202,0.148083882188595,0.720574978981761,-0.343207266579239,0.237270884981799,5,0.0422313471135584,43.9016800799701,0.970230263441742
"VLMC-2","AIMP1",0.171885642776304,0.19691402156839,0.382719265662927,-0.214058747548683,0.557830033101292,5,0.0761498257537725,43.1140700797338,0.903121483964797
"VLMC-2","CAV2",0.117056454370424,0.200797416115303,0.559921593540333,-0.276499249404272,0.51061215814512,5,0.074582358028715,39.5687375568342,0.931813702202331
"VLMC-2","EEPD1",0.00701399350145204,0.119589893797588,0.953230577043174,-0.22737789125679,0.241405878259694,5,1.26631651645295e-06,0.00153911900415797,0.996582809694757
"VLMC-2","ATAD2",0.0265982570877263,0.136645507085686,0.845665759061971,-0.241222015449431,0.294418529624884,5,0.00515462704802601,4.929296248793,0.980957024980027
"VLMC-2","TOM1L2",-0.0997528510831894,0.0810028352701024,0.218145794204043,-0.258515490858221,0.0590097886918421,5,1.46624141049612e-07,0.000376956048173009,0.827330836192111
"VLMC-2","NECTIN2",-0.112481983692904,0.186495058694428,0.546417862654506,-0.478005582028666,0.253041614642859,5,0.0570453038751055,35.5107755584881,0.928293059793464
"VLMC-2","NOL10",0.0343340580507408,0.108887649912292,0.75252146022316,-0.179081814138558,0.24774993024004,5,0,0,0.970230263441742
"VLMC-2","RAD21",-0.101141420247396,0.0980118331377664,0.302104579782107,-0.293241083256167,0.0909582427613754,5,5.88678578752789e-07,0.00100132577996881,0.87660931198739
"VLMC-2","TXNDC11",-0.0796136586730716,0.126233331883472,0.528245525709738,-0.327026442813168,0.167799125467025,5,0,0,0.925314633394202
"VLMC-2","BCAS3",-0.146493493619927,0.0666009237164857,0.0278373111510347,-0.277028905441339,-0.0159580817985155,5,0,0,0.4900634783087
"VLMC-2","TBX18",-0.115011571952572,0.151431431659361,0.447555884893742,-0.411811724132257,0.181788580227113,5,0.0193680923585738,15.6276932764052,0.920413727425774
"VLMC-2","CTNNA2",-0.543912940044302,0.416405252405531,0.191480960950148,-1.36005223773245,0.27222635764385,5,0.691935442330783,90.1328702055492,0.812975415007207
"VLMC-2","RAB14",0.0615129870789324,0.0967654667556122,0.524977501703849,-0.128143842709275,0.25116981686714,5,0,0,0.925314633394202
"VLMC-2","TAGLN",0.507498859070447,0.392151077687968,0.195616659029858,-0.261103129696539,1.27610084783743,5,0.459640917299717,67.4740844398739,0.812975415007207
"VLMC-2","SRSF3",-0.0466780918784645,0.10288190339312,0.650040762571164,-0.24832291718991,0.154966733432981,5,0,0,0.95224044694504
"VLMC-2","GNG12",0.165361085248202,0.151726236476693,0.275772701716737,-0.132016873755925,0.462739044252328,5,0.035492771118342,32.2949125019017,0.85839310941465
"VLMC-2","HCFC2",0.018004281583393,0.116253098425462,0.876922691056871,-0.209847604421702,0.245856167588488,5,0,0,0.984193499791697
"VLMC-2","MEF2D",-0.0919765461104263,0.102027737803924,0.367330136360197,-0.291947237630214,0.107994145409361,5,3.66983588410085e-06,0.00556451051837661,0.89782846718252
"VLMC-2","LARP7",0.092251157502907,0.114629790393283,0.420949692145957,-0.132419103223304,0.316921418229118,5,0,0,0.918385553453722
"VLMC-2","PKD2",-0.0959395568175848,0.11754876075519,0.414403959636815,-0.326330894325072,0.134451780689903,5,0.0244777776852016,39.5852671601105,0.915968683628608
"VLMC-2","ELF2",0.251086459662998,0.096470702383483,0.00924868025748527,0.062007357428089,0.440165561897907,5,0.00987860995273305,20.3805019350494,0.326589730814777
"VLMC-2","SSB",0.130523671947295,0.109868824936733,0.234835174234045,-0.0848152679524385,0.345862611847028,5,0,0,0.835476015240007
"VLMC-2","BCAR3",-0.30698752997067,0.205091454832324,0.13443687925192,-0.708959394978949,0.0949843350376085,5,0.104200894661423,56.1791891869245,0.771582957702176
"VLMC-2","AKAP12",-0.0790397997963433,0.12998659869143,0.543146922259158,-0.333808851704407,0.17572925211172,5,0,0,0.92654474973621
"VLMC-2","DHX29",-0.111519647227672,0.112203372013368,0.320268448327207,-0.331434215317823,0.108394920862479,5,8.37880961070809e-07,0.00112395110169378,0.885943206465361
"VLMC-2","ELK4",0.0595869893075272,0.128309683766348,0.642361345480982,-0.19189536974224,0.311069348357294,5,0,0,0.949847721405724
"VLMC-2","NUP98",0.0808090807260066,0.0923607438221032,0.381612612391138,-0.100214650750646,0.261832812202659,5,0,0,0.903121483964797
"VLMC-2","SPOP",0.00993547925636606,0.0985474743290937,0.919693971147322,-0.183214021196043,0.203084979708775,5,0,0,0.991152181757771
"VLMC-2","TNPO1",-0.0879045923468686,0.1010132506507,0.384175637203812,-0.285886925583558,0.110077740889821,5,0.0113979661734434,22.5336199207988,0.903121483964797
"VLMC-2","ERGIC2",-0.000467784730069119,0.121207854439974,0.996920683984669,-0.238030814075791,0.237095244615653,5,0,0,0.999018306132421
"VLMC-2","PPP1R21",-0.112224801913308,0.0991360401008151,0.257622541118528,-0.306527870080824,0.0820782662542082,5,2.03442255307676e-07,0.000356928868623578,0.842480864401571
"VLMC-2","BEX4",0.0249542799208328,0.127047557407041,0.844283915545027,-0.224054356920752,0.273962916762418,5,0,0,0.980315768527341
"VLMC-2","DDHD1",-0.196663484861097,0.145266156624104,0.175795444162423,-0.481379920016895,0.0880529502947004,5,0.0410582797009055,44.1567355539658,0.812975415007207
"VLMC-2","CLINT1",0.0601104050586656,0.0991401011286433,0.54430376063108,-0.134200622577134,0.254421432694465,5,9.85613877105958e-07,0.00170016384737993,0.927577431997444
"VLMC-2","HEATR5B",0.150360142068866,0.100233189437517,0.133587636394248,-0.0460932992842469,0.346813583421979,5,0,0,0.77082128444297
"VLMC-2","TSHZ3",-0.0178762162446981,0.117059015477394,0.878626071699674,-0.247307670646107,0.211555238156711,5,4.89242161951404e-06,0.00589989812639575,0.984193499791697
"VLMC-2","INTS6L",0.012982510900844,0.162624457225498,0.936371483422068,-0.305755568266506,0.331720590068194,5,0.0373620041294626,29.1732459221309,0.994661788902949
"VLMC-2","AP3S1",-0.0395174875113344,0.0932496490337132,0.671725082320095,-0.222283441188412,0.143248466165744,5,0,0,0.961432440814459
"VLMC-2","MARCKS",-0.0538818709905234,0.114755147260253,0.638685324777401,-0.278797826661209,0.171034084680162,5,0,0,0.948488775291622
"VLMC-2","PRKDC",0.00283333233647259,0.0843653959345305,0.973208835100814,-0.162519805236669,0.168186469909614,5,0.00424845435826589,10.9822155250831,0.996582809694757
"VLMC-2","PDCD10",0.0600155826029226,0.106957398580046,0.574717983851874,-0.149617066494064,0.269648231699909,5,0,0,0.934846106911697
"VLMC-2","SH3PXD2A",0.194427468330841,0.106359308609667,0.0675458093003121,-0.0140329459646865,0.402887882626368,5,4.20512365759663e-07,0.000619590656091635,0.65294282323635
"VLMC-2","RHOQ",0.17990531358223,0.16806276486584,0.284410039005746,-0.14949165269704,0.509302279861501,5,0.0586959658408566,46.307880896293,0.861165950688865
"VLMC-2","SEH1L",0.0495070669403337,0.15429607742491,0.748318317240495,-0.252907687768294,0.351921821648961,5,0.022789344614339,18.6317917941449,0.970230263441742
"VLMC-2","THRB",-0.0950250279091959,0.141098851612262,0.50065200490773,-0.371573695329191,0.1815236395108,5,0.0256218260870401,26.3931748436059,0.92181451095742
"VLMC-2","SEC16A",0.160540291410648,0.12565026110412,0.201363779610863,-0.0857296950014816,0.406810277822777,5,9.0496258324121e-07,0.000955334024423449,0.81467224296579
"VLMC-2","BRWD1",-0.0257541994187213,0.0741659345449876,0.728402713889291,-0.171116760006652,0.119608361169209,5,0.00366799615098403,12.1327130760866,0.970230263441742
"VLMC-2","PPP6R2",-0.0664932791476359,0.0803806890000637,0.408106980212784,-0.224036534640276,0.0910499763450038,5,2.22012060222031e-06,0.00576887166336498,0.915088506917903
"VLMC-2","GBA2",-0.0996177277147739,0.115671543302691,0.389121260853061,-0.326329786624213,0.127094331194665,5,2.63744070030455e-06,0.00340808294150231,0.905390969574045
"VLMC-2","DLGAP4",0.0767244421070813,0.173767596907375,0.658825869780344,-0.263853789511447,0.41730267372561,5,0.0661213810656996,51.4824327995629,0.954885922421834
"VLMC-2","RPS9",0.021890066396924,0.114755658812842,0.848718565354451,-0.203026891898412,0.246807024692261,5,3.71752249462668e-06,0.00476114947668366,0.980957024980027
"VLMC-2","VPS36",0.0750411618049232,0.102047099541715,0.462121429259863,-0.124967478023611,0.275049801633457,5,9.4567588902952e-08,0.000154676230713634,0.920413727425774
"VLMC-2","ARHGAP6",-0.0520098204870804,0.111545767910116,0.64102625789488,-0.270635508218771,0.16661586724461,5,0.00843545583851793,12.1626558553011,0.94954307862544
"VLMC-2","ZSWIM8",-0.193400606004432,0.198904806723726,0.330887665732219,-0.583246863534834,0.196445651525971,5,0.089956687523027,53.192392770545,0.886230977327376
"VLMC-2","OTUD5",0.0414825407858168,0.112049095712468,0.711220407191343,-0.178129651310903,0.261094732882536,5,0,0,0.969819801293749
"VLMC-2","CCNT2",0.0743179940777867,0.0819701845411788,0.364593678523013,-0.0863406154290257,0.234976603584599,5,0,0,0.89782846718252
"VLMC-2","SFT2D1",0.0901292339752977,0.118457880714669,0.44674386499063,-0.142043945910395,0.322302413860991,5,0,0,0.920413727425774
"VLMC-2","SENP2",-0.119643082307012,0.227996060630588,0.599750439269419,-0.566507149759975,0.327220985145952,5,0.149288167184595,68.6827612030171,0.940888929987399
"VLMC-2","CYP20A1",0.0567888490613479,0.103760987565301,0.584169594876574,-0.14657894956695,0.260156647689646,5,0,0,0.935326469316026
"VLMC-2","CWC27",0.08512625614088,0.116102676481783,0.463437643758831,-0.142430808272119,0.312683320553879,5,0.0156798725882701,23.4882840069687,0.920413727425774
"VLMC-2","TP53BP2",-0.304781544315729,0.30214761744776,0.313110207993278,-0.896979992527924,0.287416903896466,5,0.299362408511557,78.2735061070173,0.877270724002829
"VLMC-2","SRRM1",-0.0783484937392147,0.0840636706905673,0.351329439300453,-0.243110260700962,0.0864132732225326,5,0,0,0.89567209561799
"VLMC-2","DNAJC24",0.0682643378613176,0.137996327040857,0.620824410855285,-0.202203493137574,0.338732168860209,5,1.23547149548325e-06,0.00113788140559199,0.94585748103133
"VLMC-2","EIF2S2",0.143142533048767,0.134785669665711,0.288235173697843,-0.121032525128138,0.407317591225673,5,0.0115342199013447,11.884839647003,0.866508600821756
"VLMC-2","BOC",-0.247831499282162,0.131986709086102,0.0604221590359161,-0.506520695528886,0.0108576969645627,5,0,0,0.634472119547043
"VLMC-2","TRIP4",0.219296980455668,0.122152589946649,0.07261056161981,-0.0201176964580537,0.458711657369389,5,0,0,0.661079380119432
"VLMC-2","NBAS",0.0983511797865602,0.0782005629638445,0.208507990404316,-0.0549191071933319,0.251621466766452,5,0.00345330401615212,10.5190061520409,0.817137998846356
"VLMC-2","KPNB1",-0.0383011123188499,0.0859690452562633,0.655942469399594,-0.20679734480642,0.13019512016872,5,2.17397015164608e-06,0.0047319058168268,0.954885922421834
"VLMC-2","NAA50",0.185735789705298,0.15544802573163,0.23214886844784,-0.118936742196553,0.490408321607149,5,0.0288071514631715,24.0706050773403,0.835476015240007
"VLMC-2","SPPL3",-0.0351081334831162,0.086484185716571,0.684780372905621,-0.204614022719869,0.134397755753636,5,0.00476294794372667,11.8200092863765,0.965061237727067
"VLMC-2","RBM17",0.148871465789557,0.108046779728632,0.168251861921447,-0.0628963311240939,0.360639262703209,5,0,0,0.805485535647258
"VLMC-2","PLSCR1",0.185776109709833,0.136329987640662,0.172978845782715,-0.0814257560786548,0.452977975498321,5,0,0,0.812307012480575
"VLMC-2","PHACTR4",0.0138392969398384,0.0782162222611287,0.859558345088688,-0.139461681698754,0.167140275578431,5,0,0,0.981579833098383
"VLMC-2","WRNIP1",0.233319360500846,0.117442753564987,0.0469595777298534,0.00313579326825858,0.463502927733434,5,8.44936180981754e-07,0.00105429678641214,0.590992023566818
"VLMC-2","MOB3B",-0.0260940187167177,0.155029866139768,0.866334627540774,-0.329946972878728,0.277758935445293,5,0.0450897022605073,42.0844864592574,0.983912791035504
"VLMC-2","SPATA7",-0.271112590388436,0.182348212111334,0.137071598884856,-0.628508518771921,0.0862833379950493,5,0.0615901307355639,40.841446941196,0.771582957702176
"VLMC-2","WTAP",0.0781596740352932,0.0962658018748047,0.41684025467067,-0.110517830582192,0.266837178652779,5,0,0,0.917103084834619
"VLMC-2","SLC38A6",-0.00159770355965694,0.0928181116958409,0.986266472888256,-0.183517859596521,0.180322452477207,5,0,0,0.997919280210293
"VLMC-2","PITPNM2",-0.337485687367453,0.157439895356034,0.0320662101212319,-0.646062211995034,-0.0289091627398716,5,0.0410893771227259,35.7380642386698,0.509214268609216
"VLMC-2","MAP1LC3A",0.151231905827842,0.107522611904928,0.159571972942221,-0.0595085410294949,0.361972352685179,5,0,0,0.795488448309157
"VLMC-2","DYNLL1",-0.0959576016290015,0.102609710479191,0.349700301333869,-0.297068938632298,0.105153735374295,5,4.26175564081126e-06,0.00618120642897516,0.89567209561799
"VLMC-2","ARFIP1",-0.0556329303629608,0.0936875438560505,0.55263684411416,-0.239257142120837,0.127991281394915,5,0,0,0.928293059793464
"VLMC-2","TRMT10B",-0.268673297279528,0.129278674906994,0.0376864165513593,-0.522054844066299,-0.0152917504927573,5,0,0,0.541782501191336
"VLMC-2","GABRE",0.586507872537822,0.216836757983176,0.00683381156027616,0.161515636366368,1.01150010870928,5,0.0680238928421977,29.9411380170798,0.308846212508015
"VLMC-2","TM9SF3",0.0779919339213318,0.113776747412987,0.493039695844603,-0.145006393286233,0.300990261128897,5,0.0233965106456618,40.2591719798783,0.920413727425774
"VLMC-2","DNAH11",0.21593670990438,0.344201854018944,0.53042664249902,-0.458686527384663,0.890559947193423,5,0.282848863687914,53.3110508763816,0.925314633394202
"VLMC-2","CD99",0.0374756483295593,0.122550438471226,0.759758641804642,-0.202718797363635,0.277670094022754,5,0,0,0.971989194774757
"VLMC-2","TTC17",-0.00323425382639158,0.0707821031333507,0.963554862233855,-0.141964626717759,0.135496119064976,5,0.00371919462557119,14.0081186079028,0.996582809694757
"VLMC-2","COL14A1",-0.285335119642222,0.18219742027951,0.117330681434844,-0.642435501466168,0.0717652621817247,5,2.07461281319657e-06,0.00109428351246147,0.746125543188687
"VLMC-2","CBX6",0.126933589191522,0.108887371239001,0.243722460823071,-0.0864817368081618,0.340348915191206,5,0,0,0.840926918484417
"VLMC-2","ARID5B",0.130815000290807,0.103270806289096,0.205256103052357,-0.0715920606902336,0.333222061271848,5,0,0,0.817137998846356
"VLMC-2","ZNF706",0.0645864587438879,0.0872791879526592,0.459300970003302,-0.106477606243226,0.235650523731002,5,0,0,0.920413727425774
"VLMC-2","GCFC2",-0.140495697262401,0.100994556660808,0.16418859192568,-0.338441390952175,0.0574499964273725,5,0,0,0.80480499206555
"VLMC-2","ZMYND11",-0.0376274808157408,0.0904605046008448,0.67744308081997,-0.214926811856716,0.139671850225235,5,0.0107525262570781,27.3224904023136,0.961568997417038
"VLMC-2","NXN",-0.0968672241403419,0.239748865045688,0.686186087941126,-0.566766364964245,0.373031916683561,5,0.158568008098746,61.4970388101796,0.96509154879379
"VLMC-2","ZBTB38",0.157424377365508,0.129335637081487,0.223536836079951,-0.0960688132317495,0.410917567962766,5,0.0275928212086078,35.8609676747438,0.831141959763804
"VLMC-2","PCNX2",-0.00631130604982415,0.153160707911114,0.96713080681058,-0.306500777402267,0.293878165302619,5,0.0360428729355493,33.0266464475322,0.996582809694757
"VLMC-2","CDC5L",0.155136582927358,0.119103332480506,0.192732632813588,-0.0783016591731334,0.388574825027849,5,0,0,0.812975415007207
"VLMC-2","ANAPC5",-0.0226870376884307,0.0937248140170214,0.808733595867033,-0.206384297619507,0.161010222242646,5,5.52445576853643e-06,0.0101290780321011,0.97564162259267
"VLMC-2","RNLS",-0.0815599912171905,0.117634806208217,0.488101141473135,-0.312119974713644,0.148999992279264,5,0,0,0.920413727425774
"VLMC-2","PLEKHH2",-0.0465403572676026,0.115099256851248,0.685955536480767,-0.272130755343374,0.179050040808168,5,0,0,0.96509154879379
"VLMC-2","HDAC1",-0.0344998675098101,0.122885944730394,0.778904412226594,-0.275351893387561,0.206352158367941,5,3.74611050402115e-06,0.004070580571635,0.974616458884373
"VLMC-2","ZNF791",0.230012607644621,0.117672965564798,0.050621238262846,-0.000622166816404396,0.460647382105646,5,0,0,0.596885940543393
"VLMC-2","YTHDC2",0.00689485489197143,0.0891809248171619,0.938374459696577,-0.16789654585764,0.181686255641583,5,0.00685730502491069,16.7190643543225,0.994661788902949
"VLMC-2","MERTK",-0.0247244144478974,0.273492305349225,0.927967293663137,-0.56075948298121,0.511310654085415,5,0.219486720533576,70.5848253082277,0.992159394239645
"VLMC-2","MTHFR",0.0314409478597767,0.122189963707583,0.796937904848064,-0.208046980279343,0.270928875998896,5,3.14948241221222e-07,0.000366569630603865,0.974861328880033
"VLMC-2","EDRF1",-0.018983746398809,0.157392674986512,0.90399684836476,-0.327467720802791,0.289500228005173,5,0.034630789427311,29.0587506528308,0.990245977824505
"VLMC-2","SUPT16H",0.0247763592354082,0.111545455803614,0.824221288326078,-0.19384871677878,0.243401435249596,5,0.00406976883073155,5.75596458634976,0.977652301355658
"VLMC-2","ATP6V0E1",0.131470215352326,0.11412129516893,0.24931213156384,-0.0922034130478422,0.355143843752494,5,0,0,0.842480864401571
"VLMC-2","CNTRL",-0.0319600122173387,0.121043816588624,0.791751624549628,-0.269201533282314,0.205281508847637,5,0.00269599600628395,3.27189782166658,0.974616458884373
"VLMC-2","AP1G1",-0.0619220043305062,0.0912625992349795,0.497452426727349,-0.240793411966579,0.116949403305566,5,0,0,0.92181451095742
"VLMC-2","PGAP1",0.166299990216281,0.159075141405148,0.295829896450473,-0.145481557773425,0.478081538205986,5,0.0326859516035962,26.1861021210432,0.870972079210987
"VLMC-2","JOSD1",0.0369060625141238,0.120400399291342,0.759202860775293,-0.199074383821148,0.272886508849395,5,0,0,0.971989194774757
"VLMC-2","KDM3A",0.163328011008846,0.119452358595839,0.171529190490784,-0.0707943097073613,0.397450331725054,5,0.0139593873820833,19.0666737440383,0.81156708412236
"VLMC-2","ARPP19",-0.00185490579227675,0.0890706522090317,0.983385170222043,-0.176430176201472,0.172720364616918,5,7.79168301468329e-07,0.00163914872407267,0.997919280210293
"VLMC-2","ATP6V1D",-0.011121303639553,0.110877399337429,0.920104006016573,-0.228437013040379,0.206194405761274,5,0,0,0.991152181757771
"VLMC-2","PTBP1",0.00840990877863681,0.121306137056503,0.944728558858071,-0.229345750955788,0.246165568513062,5,1.35443650703087e-08,1.53615115011215e-05,0.996560244620392
"VLMC-2","FAR2",-0.0494081251581283,0.176820883608799,0.77991890565549,-0.395970688745924,0.297154438429667,5,0.0533862919479792,37.8426822906901,0.974616458884373
"VLMC-2","PHF21A",0.0314645956491358,0.181469335668564,0.862346498112891,-0.324208766559659,0.38713795785793,5,0.103942171008347,77.2058683929405,0.982701090667942
"VLMC-2","TTC1",-0.00968493006464624,0.105016484244253,0.926520903607589,-0.2155134569664,0.196143596837107,5,1.45735158256427e-06,0.00223774939107942,0.992159394239645
"VLMC-2","DNAJC3",0.0581860202535769,0.0977221639633178,0.551560780948001,-0.133345901605844,0.249717942112998,5,8.81838534444763e-08,0.000153507478334621,0.928293059793464
"VLMC-2","NRF1",-0.0211795282460371,0.0832757188143319,0.799240488768097,-0.184396937908812,0.142037881416738,5,0.00195729100510084,4.72199892765175,0.974861328880033
"VLMC-2","DCBLD1",0.193290096785765,0.165659204788771,0.243293739876238,-0.131395978307772,0.517976171879302,5,0.0351320654214316,25.8840981862761,0.840926918484417
"VLMC-2","NAPG",0.0937782037119498,0.102316736572766,0.35937952615431,-0.106758914986344,0.294315322410243,5,0,0,0.89631967167359
"VLMC-2","KPNA4",-0.0737505244234173,0.126005162201541,0.558347599533113,-0.320716104204565,0.17321505535773,5,0.0189680198079957,24.176490098738,0.931813702202331
"VLMC-2","FGD4",0.0375588850744409,0.0846725646601695,0.657347729909338,-0.12839629213813,0.203514062287012,5,3.54397547930251e-07,0.000816641226850026,0.954885922421834
"VLMC-2","STX2",-0.0807005668755415,0.229057671703508,0.724601669240367,-0.529645353797016,0.368244220045933,5,0.128947643035692,57.4240599633392,0.970230263441742
"VLMC-2","MAP2K1",-0.0258026679318581,0.16997462302738,0.87934226841981,-0.358946807351294,0.307341471487578,5,0.0612184172953944,49.0538623856052,0.984193499791697
"VLMC-2","UTP6",-0.157078867963507,0.124555954037315,0.207268903653606,-0.401204051936671,0.0870463160096566,5,0,0,0.817137998846356
"VLMC-2","SUZ12",-0.0700265662725843,0.104348749836796,0.502168302055419,-0.274546357784483,0.134493225239315,5,0,0,0.92181451095742
"VLMC-2","CD2AP",-0.0913549781819982,0.107114660996956,0.393730896302593,-0.301295855952249,0.118585899588252,5,5.3251547801566e-06,0.00787802805366345,0.908129750349204
"VLMC-2","PTPN14",0.0661215635101609,0.110311972821096,0.548902750222497,-0.150085930282748,0.28232905730307,5,8.0097594122317e-07,0.00110278045563729,0.928293059793464
"VLMC-2","DOK6",-0.0346620997035755,0.104946519275371,0.741185787922479,-0.240353497786142,0.171029298378991,5,1.19874437251415e-06,0.00178503003484355,0.970230263441742
"VLMC-2","TMEM87A",0.128636757222214,0.0928759042287846,0.166040517073377,-0.053396670097795,0.310670184542223,5,0,0,0.80480499206555
"VLMC-2","RPS24",0.0671051384554019,0.144477363635518,0.642312350440885,-0.21606529085151,0.350275567762314,5,0.0298817287668069,29.7606564865341,0.949847721405724
"VLMC-2","SLMAP",0.0510555943719665,0.0875471877103306,0.5597734754699,-0.120533740488049,0.222644929231982,5,0,0,0.931813702202331
"VLMC-2","RASSF8",-0.0698399745808645,0.112454219015415,0.534565076619297,-0.290246193760657,0.150566244598928,5,0.0125244933610124,19.5208926187569,0.925314633394202
"VLMC-2","S1PR3",0.330273844019051,0.138966418435743,0.0174708930894647,0.0579046688244721,0.602643019213631,5,0,0,0.406956425281991
"VLMC-2","UBE2V2",-0.221182164841152,0.111610963325605,0.0475100992726181,-0.439935633239158,-0.00242869644314472,5,0.00360187588212206,5.03212091248385,0.590992023566818
"VLMC-2","SSR3",-0.0221196505573347,0.119359977187056,0.852978974641804,-0.256060907039487,0.211821605924818,5,2.98538859276047e-07,0.000349930404404503,0.980957024980027
"VLMC-2","SLC30A6",0.0662380476619204,0.118296355583977,0.57552505571169,-0.165618548785019,0.29809464410886,5,0,0,0.934846106911697
"VLMC-2","RPS3A",0.106887000545466,0.133454000126386,0.423173523901066,-0.154678033295055,0.368452034385986,5,0,0,0.918385553453722
"VLMC-2","SMOC2",-0.137855907167682,0.127219892318981,0.278540685114104,-0.387202314229948,0.111490499894584,5,6.53140034892044e-07,0.000637946165609481,0.85839310941465
"VLMC-2","ZCCHC10",0.0988745000914584,0.132301952914383,0.454858541947936,-0.160432562705046,0.358181562887963,5,4.97547235934386e-06,0.00477762366284759,0.920413727425774
"VLMC-2","MIPOL1",0.0549920716687341,0.0775336804778751,0.47815887710059,-0.0969711496567373,0.206955292994206,5,0,0,0.920413727425774
"VLMC-2","NRP2",0.118350639093989,0.371759182045855,0.750217209660822,-0.610283968637955,0.846985246825933,5,0.516463006332212,84.5981315945629,0.970230263441742
"VLMC-2","TRNAU1AP",-0.0465837188944072,0.145074217610402,0.748132585580339,-0.330923960496121,0.237756522707307,5,0.0176331779071517,15.8862605428998,0.970230263441742
"VLMC-2","FAM13C",-0.212370146492351,0.108949805889292,0.0512658642361468,-0.425907842157994,0.00116754917329215,5,0,0,0.598813775313882
"VLMC-2","FAM114A1",0.18598866714668,0.126952675494808,0.142914475916029,-0.062834004564144,0.434811338857505,5,0,0,0.7729329533465
"VLMC-2","TAPT1-AS1",-0.231506187748005,0.108770718884234,0.0333050072846859,-0.444692879333634,-0.0183194961623757,5,3.03873254572778e-06,0.00421397527490269,0.511589244318189
"VLMC-2","ZNF420",-0.203820825388429,0.115446947886232,0.0774808772614929,-0.430092685370515,0.0224510345936576,5,0.00978384495577407,13.8434208338362,0.678937344705764
"VLMC-2","MYEF2",-0.0833936726783215,0.14861872380776,0.574712366488672,-0.374681018769837,0.207893673413194,5,0.0290389963441028,26.9032024142838,0.934846106911697
"VLMC-2","TPP2",0.0695915757407929,0.0972592831195035,0.474283890881695,-0.121033116335618,0.260216267817204,5,0.000716978382738042,1.33123952950624,0.920413727425774
"VLMC-2","IFI16",0.12848475033809,0.140646929861558,0.360965505603024,-0.147178166726694,0.404147667402873,5,0,0,0.897478167663395
"VLMC-2","BTG2",-0.0296005829286418,0.291651501183047,0.919159121898743,-0.601227021284454,0.54202585542717,5,0.195163827329902,52.2212853373684,0.991152181757771
"VLMC-2","PTPN12",0.0410154103368257,0.0728911860373157,0.573643482707754,-0.101848689086722,0.183879509760373,5,0,0,0.934846106911697
"VLMC-2","MSH6",0.155646102585002,0.125090086138031,0.213399440419219,-0.089525961068551,0.400818166238556,5,9.51116191282316e-07,0.00101227331606057,0.820035441990574
"VLMC-2","DHX38",-0.0539591486565536,0.157137819961334,0.731307031435263,-0.361943616389907,0.254025319076799,5,0.0293142288395233,24.0911433246242,0.970230263441742
"VLMC-2","RPL31",0.160895465907268,0.113821170744254,0.157484907577514,-0.0621899294296529,0.383980861244189,5,0,0,0.794708818531634
"VLMC-2","WDR73",-0.0934834750678866,0.1246695059112,0.453344828523563,-0.337831216624241,0.150864266488468,5,0,0,0.920413727425774
"VLMC-2","ELP3",-0.23111926469704,0.122311676202868,0.0588124386816163,-0.470845744943386,0.00860721554930555,5,0,0,0.628079503888753
"VLMC-2","KCTD3",0.141549124714592,0.261838917691905,0.588785935548228,-0.371645723712489,0.654743973141673,5,0.223887731213284,78.8765596245991,0.935326469316026
"VLMC-2","TUBB6",-0.23802129780885,0.309954371476963,0.442532535351244,-0.845520702754446,0.369478107136747,5,0.290170120293801,70.015827414669,0.920413727425774
"VLMC-2","RHOB",0.138081512274295,0.181830513987133,0.447615221229095,-0.218299746430894,0.494462770979483,5,0.0636034355133038,42.1306927050103,0.920413727425774
"VLMC-2","GPATCH8",-0.0856524709732967,0.140773983875314,0.542895932660736,-0.361564409329135,0.190259467382541,5,0.05738738612831,72.2949890042059,0.92654474973621
"VLMC-2","PTOV1",0.195798716514346,0.142208711819219,0.168561560555213,-0.0829252369391587,0.474522669967851,5,0.0221703891295246,21.9538970259729,0.805485535647258
"VLMC-2","DCAF1",-0.0436864461401759,0.12177772027535,0.719790174557192,-0.282366391999254,0.194993499718903,5,0,0,0.970230263441742
"VLMC-2","FEM1B",-0.0357356644434353,0.164806918803123,0.82833808761235,-0.358751289700573,0.287279960813702,5,0.0483870226695963,39.7752611678155,0.977652301355658
"VLMC-2","ABHD5",0.122612912925028,0.148474970928138,0.408908834351522,-0.168392682699755,0.413618508549811,5,0,0,0.915088506917903
"VLMC-2","CREB1",-0.0205104455524029,0.0860323488524049,0.811567860349492,-0.189130750808502,0.148109859703697,5,0,0,0.975765582377835
"VLMC-2","RUSC2",-0.069175618734117,0.116856188484534,0.553869182875922,-0.298209539534428,0.159858302066194,5,0.0168002687191558,25.2115361818703,0.92835871011191
"VLMC-2","SEC22A",-0.0310522560097537,0.173208246726917,0.857720200344486,-0.370534181419838,0.308429669400331,5,0.0683352911380779,53.3684255772535,0.981084921441296
"VLMC-2","LATS2",-0.0639568166945742,0.132681632662664,0.629783086074562,-0.324008038123369,0.196094404734221,5,0,0,0.948488775291622
"VLMC-2","ADCY5",0.0837138625035966,0.121469154711954,0.490711293758562,-0.154361305964357,0.32178903097155,5,0,0,0.920413727425774
"VLMC-2","PHLDB3",-0.0627260412094012,0.148841628334941,0.67344252039751,-0.354450272146182,0.228998189727379,5,0.0110991806580203,8.89325743865451,0.961522787115495
"VLMC-2","SRFBP1",0.0799545465924325,0.143138987612186,0.576448531434336,-0.200592713910978,0.360501807095843,5,0.0179772695840911,17.0466202233599,0.934991735653378
"VLMC-2","LANCL1",-0.0533806750514811,0.133688732807778,0.689678978388903,-0.315405776493525,0.208644426390563,5,0.0251912857956224,29.5786120750267,0.96509154879379
"VLMC-2","ZC3H15",0.0313614710114166,0.125403524629182,0.802522043998826,-0.214424920796162,0.277147862818995,5,0.015599001978555,19.5705877012301,0.974861328880033
"VLMC-2","CD164",0.0404458529271247,0.112326324849084,0.718791370567033,-0.179709698292826,0.260601404147075,5,0,0,0.970230263441742
"VLMC-2","BAZ2A",0.0933045256433646,0.086446591610754,0.280439994701188,-0.0761276804999557,0.262736731786685,5,0,0,0.85839310941465
"VLMC-2","CCNK",0.14008064299139,0.124437154683016,0.260286610071637,-0.10381169852596,0.38397298450874,5,2.23384105214155e-06,0.00240164043027551,0.84517775702798
"VLMC-2","KCTD9",-0.0724328898926772,0.111978851817405,0.517732672486252,-0.291907406484939,0.147041626699585,5,2.52517282398328e-07,0.00033776762323584,0.925314633394202
"VLMC-2","CSRP2",0.33045005478736,0.262853600244794,0.208694295718529,-0.184733534899124,0.845633644473844,5,0.179441563818693,58.4366515522163,0.817137998846356
"VLMC-2","TBC1D2B",0.0438435144936512,0.173873523086255,0.800919319794626,-0.296942328620503,0.384629357607805,5,0.0684121042398857,52.4681658834723,0.974861328880033
"VLMC-2","ITPR2",-0.0489823779620315,0.0665141328881671,0.461474768995094,-0.17934768288575,0.0813829269616871,5,0.000459957056713625,1.68793614432307,0.920413727425774
"VLMC-2","PCBP1",0.13828677406988,0.121007468928887,0.253123565567012,-0.0988835068910884,0.375457055030849,5,0,0,0.842480864401571
"VLMC-2","TANC2",-0.0379145494960413,0.186260078055257,0.838699670060312,-0.402977594241964,0.327148495249882,5,0.106556594969659,75.4804981553778,0.977981353679454
"VLMC-2","CUL1",0.169674460748933,0.0751033741617887,0.023870186987106,0.0224745522743914,0.316874369223475,5,0,0,0.458959900864145
"VLMC-2","TUBB4B",-0.0836357882228244,0.127149094074437,0.510681240711416,-0.332843433275615,0.165571856829967,5,0,0,0.925066110997523
"VLMC-2","SLC38A9",-0.0572392664240743,0.140163191232731,0.682997739373366,-0.331954073198427,0.217475540350278,5,0.0176255314704049,17.1598161593842,0.964183711614973
"VLMC-2","SIDT2",-0.0607974606509517,0.130376367310855,0.640984527043975,-0.316330445015392,0.194735523713489,5,0,0,0.94954307862544
"VLMC-2","RCBTB2",-0.388481748356575,0.134942393285252,0.00399101494134634,-0.652963979183308,-0.123999517529843,5,6.42682534276242e-06,0.00587518594447934,0.279101876090624
"VLMC-2","PRDM5",-0.196756622867923,0.16725541665398,0.239441398472769,-0.524571215728963,0.131057969993118,5,0.044678473706778,33.456190508559,0.839042567148328
"VLMC-2","NEK7",0.0562679685804808,0.0808375098328895,0.486389616968253,-0.102170639291885,0.214706576452847,5,0,0,0.920413727425774
"VLMC-2","SPRED2",0.0517210725777567,0.164526734013283,0.753245562641036,-0.270745400582279,0.374187545737792,5,0.0625250778785414,56.3663211628411,0.97047800563939
"VLMC-2","CCDC174",0.192602600902832,0.127566127172352,0.131087938163331,-0.0574224140022336,0.442627615807898,5,0,0,0.769238322363113
"VLMC-2","AGO3",-0.0844482290110569,0.0938832670550142,0.368385089813592,-0.268456051189841,0.0995595931677268,5,0.00809702479877655,17.8769902340674,0.89782846718252
"VLMC-2","RNMT",-0.14411632419033,0.0904751654855823,0.111186512167138,-0.321444390037373,0.0332117416567123,5,0,0,0.743385681091789
"VLMC-2","EAPP",-0.0896919263092248,0.143141849881292,0.530924934997774,-0.370244796756996,0.190860944138547,5,0.0181598851365191,17.2267537777622,0.925314633394202
"VLMC-2","PCBP2",0.101965935920246,0.0950609004562755,0.283433559739375,-0.0843500053120014,0.288281877152493,5,1.18123128114819e-06,0.00226727079373151,0.859756983736029
"VLMC-2","ADAP2",-0.31426694947836,0.149732586495267,0.0358297073138149,-0.607737426321112,-0.020796472635608,5,0.0296044773703492,26.96776181887,0.535693935127437
"VLMC-2","TOX4",0.0600365603546994,0.119922652484803,0.616633406654373,-0.175007519446028,0.295080640155427,5,6.56006374191281e-06,0.00784857336958187,0.94447592451941
"VLMC-2","TXNDC15",0.167744252862007,0.137438848239001,0.22227500752651,-0.101630939763101,0.437119445487114,5,0.00833288938997225,8.17077906384664,0.830814583687978
"VLMC-2","MYO1C",0.185735221774733,0.121741536406875,0.127096547806022,-0.0528738050053142,0.424344248554781,5,1.614860240321e-06,0.00168743036831234,0.759027798013261
"VLMC-2","ADIRF",0.381718348880586,0.39958387397641,0.339431227715873,-0.40145165291617,1.16488835067734,5,0.592330705120363,80.1577209378028,0.895566000028389
"VLMC-2","SIPA1L2",0.142600219572619,0.107409906706657,0.184301583877572,-0.0679193291552347,0.353119768300473,5,0,0,0.812975415007207
"VLMC-2","NUP160",0.131737227755169,0.0986387274784009,0.181695489464645,-0.0615911255833581,0.325065581093696,5,0,0,0.812975415007207
"VLMC-2","MFSD6",-0.197566327504272,0.203819448946827,0.332385408519946,-0.597045106788853,0.201912451780309,5,0.0927662354222945,50.3315385701948,0.888286079781949
"VLMC-2","SMURF1",0.160709836773812,0.0937693867362641,0.0865500611906781,-0.0230747840816735,0.344494457629298,5,4.36505868106988e-06,0.00871003778817279,0.705731682680206
"VLMC-2","PTMS",0.229212929375683,0.31348101537157,0.464665550929836,-0.38519857058964,0.843624429341006,5,0.333736136187213,80.9961970292769,0.920413727425774
"VLMC-2","CCT3",0.386826119039168,0.145027878405159,0.00764739607289908,0.102576700610803,0.671075537467534,5,0.0243930272580333,23.4209321559881,0.308846212508015
"VLMC-2","ZNF718",-0.0365482761626792,0.105893965452964,0.729988889517502,-0.244096634630618,0.171000082305259,5,0,0,0.970230263441742
"VLMC-2","DDX21",0.36934384549644,0.221373450771885,0.0952324230774414,-0.0645401451498056,0.803227836142685,5,0.0958787585091404,43.9557725041442,0.719601643876351
"VLMC-2","ITM2B",-0.0504769875440806,0.0796515678252783,0.526261964233586,-0.206591191793775,0.105637216705614,5,0,0,0.925314633394202
"VLMC-2","PPHLN1",-0.0198913512002486,0.0852001960868744,0.815399547944438,-0.186880667006273,0.147097964605776,5,0,0,0.975901409921425
"VLMC-2","CBFA2T2",0.0297287758122842,0.07700182675405,0.699438281817546,-0.121192031369446,0.180649582994015,5,1.44713029107235e-06,0.00378118338322377,0.967813462982102
"VLMC-2","GLUL",-0.334728895593986,0.367813556718864,0.36279590027663,-1.05563021978854,0.386172428600567,5,0.541259440929312,89.5824224743375,0.897542929460831
"VLMC-2","CHD3",0.457207027121702,0.183846694184762,0.0128864209144894,0.0968741278428188,0.817539926400584,5,0.0721776388112604,50.5991921937769,0.38026245575739
"VLMC-2","CPSF6",0.0328522879658327,0.0695125612059694,0.636491894162471,-0.103389828471003,0.169094404402669,5,0,0,0.948488775291622
"VLMC-2","FAM118A",0.0438204291299069,0.150755562551694,0.771302146281474,-0.251655043940489,0.339295902200302,5,0.0162497736869464,13.6078848849943,0.973697506837294
"VLMC-2","RSU1",-0.236537579493896,0.192396855548434,0.218912354948355,-0.613628487107582,0.140553328119791,5,0.0895058834916549,54.4017426854952,0.828820901475049
"VLMC-2","EPC2",-0.0598272039876363,0.0694100065156654,0.388720988121048,-0.195868316925031,0.0762139089497584,5,0,0,0.905390969574045
"VLMC-2","CRLF3",-0.152601713843168,0.130862839421864,0.243566118256939,-0.409088166024669,0.103884738338333,5,0.014218072377812,16.0004786745149,0.840926918484417
"VLMC-2","RGS5",-0.314507843640796,0.112194236926098,0.0050591347355971,-0.534404507288901,-0.0946111799926905,5,0,0,0.303803742892161
"VLMC-2","RIPK1",0.0827347813667854,0.115487854464599,0.47374823045756,-0.143617254035631,0.309086816769202,5,6.96953450071048e-06,0.00889035683031201,0.920413727425774
"VLMC-2","DPM1",0.0357979701859162,0.116101086349908,0.75782781823602,-0.191755977625878,0.26335191799771,5,4.88285214659113e-06,0.00579919180724173,0.971989194774757
"VLMC-2","ATF2",0.113535461063278,0.0873618384289349,0.193738037512332,-0.0576905958806419,0.284761518007198,5,0,0,0.812975415007207
"VLMC-2","HSPA8",0.0861108666204796,0.150543729182467,0.567322633803762,-0.208949420675507,0.381171153916466,5,0.0254980007490391,22.5615309176819,0.932782668678326
"VLMC-2","ZNF24",0.158575930524328,0.120354666599987,0.187646986876093,-0.0773148813829732,0.394466742431629,5,0,0,0.812975415007207
"VLMC-2","ASCC1",0.0987474802723979,0.109596340389851,0.367582606842771,-0.116057399729102,0.313552360273897,5,1.08583578487496e-07,0.00014746346044116,0.89782846718252
"VLMC-2","RER1",-0.0619133398283634,0.195870615329295,0.751931883268808,-0.445812691503481,0.321986011846754,5,0.0739065156115624,42.3441182508629,0.970230263441742
"VLMC-2","IREB2",-0.0406683667826782,0.091711808794075,0.657450014060514,-0.220420208976089,0.139083475410732,5,0.000353529952407683,0.709876836208043,0.954885922421834
"VLMC-2","PMP22",0.0197459811078772,0.0991574042906958,0.842155002398396,-0.174598960102364,0.214090922318118,5,0,0,0.979602153550555
"VLMC-2","LMBR1L",0.21072630006095,0.125180205822299,0.0923008644279442,-0.0346223949280671,0.456074995049967,5,0,0,0.717090318557978
"VLMC-2","S100PBP",-0.145383545425493,0.107618790056078,0.176723532904175,-0.356312497995183,0.0655454071441961,5,3.37590632502492e-07,0.000496641938867677,0.812975415007207
"VLMC-2","CTDSPL",0.0500946048681373,0.112784918040583,0.656926552712644,-0.170959772490706,0.271148982226981,5,0.0193628368583703,32.341850054724,0.954885922421834
"VLMC-2","LRSAM1",-0.0431904984579772,0.117254891878669,0.712614442636344,-0.273005863551306,0.186624866635352,5,0,0,0.970186884242891
"VLMC-2","MLH3",-0.0404064067650523,0.100656361889072,0.688104125812392,-0.237689250882463,0.156876437352358,5,3.6311921584669e-07,0.00060542539420736,0.96509154879379
"VLMC-2","BANP",0.0973420660382065,0.126371453356125,0.441130706322012,-0.150341431213782,0.345025563290195,5,0,0,0.920413727425774
"VLMC-2","ATG14",0.0642824865671709,0.120082946233324,0.59243041939539,-0.171075763207603,0.299640736341945,5,0,0,0.936247531492292
"VLMC-2","CDK8",0.0368130838548227,0.119732310573375,0.758492072085381,-0.197857932654757,0.271484100364403,5,0.0232887046055829,34.996017137241,0.971989194774757
"VLMC-2","DSE",0.0805995870357811,0.0900953230900225,0.370999105927367,-0.095984001396163,0.257183175467725,5,4.35197184879533e-06,0.00891728945982211,0.898483594490906
"VLMC-2","VPS37A",0.0767760316742371,0.124338693619739,0.536921482881678,-0.166923329705212,0.320475393053686,5,0,0,0.925314633394202
"VLMC-2","EBF4",-0.0516208098061461,0.133965987076491,0.699994618551347,-0.314189319629427,0.210947700017134,5,0,0,0.967813462982102
"VLMC-2","TNIP1",0.0505556293625018,0.138336514285987,0.714772555195091,-0.220578956384843,0.321690215109847,5,0,0,0.970230263441742
"VLMC-2","ZNF44",-0.0925632144319557,0.108562067968421,0.393864835243605,-0.305340957737251,0.12021452887334,5,0,0,0.908129750349204
"VLMC-2","MAEA",0.0851671226567266,0.144473937792701,0.555527136064049,-0.197996592121648,0.368330837435101,5,0.0195960991583835,18.2746529459349,0.930210694733431
"VLMC-2","KRCC1",0.0723864480466386,0.115095257019102,0.529397228015612,-0.153196110502181,0.297969006595459,5,0,0,0.925314633394202
"VLMC-2","GCC2",-0.000205984249743158,0.115130564529177,0.998572476686543,-0.225857744246694,0.225445775747208,5,0.024204147386774,41.5569438527964,0.999463793982009
"VLMC-2","EIF4EBP2",0.248069769540382,0.115465403724551,0.0316793146031205,0.0217617367798845,0.474377802300879,5,0,0,0.507472449166178
"VLMC-2","RGL3",0.308640035211903,0.267551088791702,0.248674777807608,-0.215750462844311,0.833030533268117,5,0.18759083020608,59.2568520685374,0.842480864401571
"VLMC-2","TEX2",-0.0524667151329113,0.131009221555629,0.68880221274447,-0.309240071024572,0.20430664075875,5,0,0,0.96509154879379
"VLMC-2","GNG12-AS1",-0.247528511874838,0.173177824226361,0.152908988644713,-0.586950810279515,0.0918937865298381,5,0.0344741155306044,23.1686702439225,0.78041858647447
"VLMC-2","PURB",-0.0323139466593008,0.123614682129557,0.793777390376877,-0.274594271593599,0.209966378274998,5,1.64214974193372e-06,0.00181024717409907,0.974616458884373
"VLMC-2","SLC10A7",-0.155532730599682,0.110363358055869,0.158752772310719,-0.371840937602083,0.0607754764027194,5,0,0,0.794708818531634
"VLMC-2","CYBRD1",0.00626336959744809,0.111551593623011,0.955224114859704,-0.2123737363217,0.224900475516597,5,1.09324790901149e-06,0.00144649895288183,0.996582809694757
"VLMC-2","CACUL1",0.0738568975357508,0.1060146048797,0.486011092548964,-0.133927909863705,0.281641704935207,5,0,0,0.920413727425774
"VLMC-2","FTO",0.0421303671255182,0.0734455517094666,0.566220092769905,-0.10182026904971,0.186081003300747,5,0.0025287316756669,8.57838250836236,0.931979399500039
"VLMC-2","EIF3J",0.0619318449999073,0.125842564568434,0.622622144603986,-0.18471504927638,0.308578739276194,5,0.0165143830351085,20.6346941339246,0.947077742412412
"VLMC-2","SHC2",-0.0638565687262934,0.233156019739432,0.784177507511295,-0.52083397019429,0.393120832741704,5,0.139847851668628,62.1317817093523,0.974616458884373
"VLMC-2","PCNX4",0.0241506586095936,0.0933205773111832,0.79579540193631,-0.158754311936811,0.207055629155998,5,3.14393261767116e-06,0.00621999450988042,0.974861328880033
"VLMC-2","SATB2",-0.155096830110101,0.115677526164199,0.179995494839224,-0.381820615212621,0.0716269549924185,5,0,0,0.812975415007207
"VLMC-2","WDR37",-0.0700584498731426,0.10532438167633,0.505942793002526,-0.2764904446527,0.136373544906415,5,0.000796153416305868,1.22951143303549,0.92248864805447
"VLMC-2","MED27",0.145351482423006,0.0879675998850585,0.0984673475448312,-0.0270618451581388,0.31776481000415,5,0,0,0.731690456015678
"VLMC-2","TMEM267",-0.0358055543621066,0.173730004172064,0.836713695744367,-0.376310105573345,0.304698996849132,5,0.0419039245920921,28.6536002097223,0.977981353679454
"VLMC-2","EIF4E",-0.0143206907659396,0.104824935678518,0.891334876734834,-0.219773789377562,0.191132407845683,5,1.44405240559543e-06,0.00214684173550849,0.987614395094408
"VLMC-2","HMGB1",0.0904082998410347,0.124281295895082,0.466950969304547,-0.153178564065291,0.33399516374736,5,0.0343777197953657,52.3168095604402,0.920413727425774
"VLMC-2","ZFPM2",-0.0515095949677301,0.120611125712545,0.669327126184708,-0.287903057499152,0.184883867563692,5,0.0225873686216714,33.0784992605351,0.960936616113552
"VLMC-2","NUMA1",-0.10425486519387,0.101502084295878,0.304363756361853,-0.30319529476954,0.0946855643818001,5,0,0,0.87660931198739
"VLMC-2","CBLB",0.143364316545742,0.0934181709783461,0.12486950689758,-0.0397319340734215,0.326460567164905,5,5.9691785981982e-06,0.0113654789350127,0.758021384856679
"VLMC-2","TMEM62",-0.106905698879673,0.118516741011788,0.367040738918742,-0.339194242827839,0.125382845068493,5,8.51980905908706e-06,0.0101058542392359,0.89782846718252
"VLMC-2","NT5C3A",-0.0773864948628374,0.121264718104335,0.523368446303785,-0.315060974942736,0.160287985217061,5,0,0,0.925314633394202
"VLMC-2","RPL3",-0.0711582983580158,0.114650846921938,0.534828497784348,-0.295869829122029,0.153553232405998,5,0,0,0.925314633394202
"VLMC-2","EIF4H",0.00129499989201863,0.121626510630563,0.991504805224742,-0.237088580509164,0.239678580293201,5,0,0,0.997919280210293
"VLMC-2","ARPC5",-0.0595889251572825,0.117938511071146,0.613380323861765,-0.290744159247007,0.171566308932442,5,2.49926956765718e-06,0.00290997106907487,0.94447592451941
"VLMC-2","TXNDC16",-0.00596434061574867,0.121276725380298,0.960776169929762,-0.243662354524088,0.231733673292591,5,0,0,0.996582809694757
"VLMC-2","FOXC1",0.195723826500364,0.153188178606527,0.201366069092153,-0.104519486425718,0.495967139426446,5,0.00741839016383427,5.43909572160566,0.81467224296579
"VLMC-2","EIF4ENIF1",-0.0565609098153988,0.127627377202664,0.657641161029154,-0.306705972573929,0.193584152943131,5,0,0,0.954885922421834
"VLMC-2","PDGFA",0.220240822714583,0.168142454440468,0.190247734125325,-0.109312332260902,0.549793977690068,5,0.0187732021316999,12.4835853441697,0.812975415007207
"VLMC-2","CSNK1E",-0.0328428251490848,0.207336481740086,0.874138853095861,-0.439214862040899,0.373529211742729,5,0.118856657800265,66.7385835948246,0.984193499791697
"VLMC-2","ZBTB37",0.120533387693918,0.14809955023788,0.415720949886448,-0.169736396898907,0.410803172286742,5,0.0195783220012628,16.9566765279545,0.916043676533149
"VLMC-2","TSG101",-0.0191218587185751,0.103525228716892,0.853458671346366,-0.222027578494956,0.183783861057806,5,1.15579439232706e-06,0.00177386688539069,0.980957024980027
"VLMC-2","OPTN",-0.113095545390173,0.158508810889545,0.475538329947139,-0.423767105965951,0.197576015185604,5,0.0538791473107571,50.2429144014825,0.920413727425774
"VLMC-2","WIPI2",0.0201273431716127,0.135137645927396,0.88160131534891,-0.244737575801609,0.284992262144834,5,0.0218910412915787,24.3704674298913,0.984303625899015
"VLMC-2","ICE2",0.0298538267662914,0.105315961402202,0.77681722180518,-0.176561664579235,0.236269318111817,5,0,0,0.974616458884373
"VLMC-2","CUEDC1",-0.208913125218051,0.172727898881623,0.226473630767123,-0.547453586151309,0.129627335715207,5,0.0591854396439076,44.1151339715305,0.835322470888226
"VLMC-2","FBXL20",-0.153407083912454,0.149346785777458,0.304332396030151,-0.44612140524309,0.139307237418182,5,0.054608265642022,57.7797065982563,0.87660931198739
"VLMC-2","KDM2A",-0.0215646224412982,0.0655627082159909,0.742219195263269,-0.150065169273549,0.106935924390952,5,0,0,0.970230263441742
"VLMC-2","ACTA2",0.354734233552491,0.366517637542543,0.333119100330563,-0.363627135729598,1.07309560283458,5,0.424949184806164,68.3301217487645,0.888669828320391
"VLMC-2","DROSHA",-0.183639692252656,0.0948038369190869,0.0527393349122701,-0.369451798210275,0.00217241370496349,5,2.45030284135865e-06,0.00451075945052849,0.603452798111825
"VLMC-2","PRMT9",-0.37123913094667,0.210913903738657,0.0783831619993252,-0.784622786113186,0.0421445242198451,5,0.059126884521066,27.2064883091828,0.6795900952725
"VLMC-2","KCNQ1OT1",0.0478094190264347,0.224108616331845,0.831068434304258,-0.391435397609087,0.487054235661956,5,0.107195438950434,50.5611336366239,0.977652301355658
"VLMC-2","ANXA5",-0.0124656964411183,0.151473038710837,0.934410961143393,-0.309347396943201,0.284416004060964,5,0.0249761683374282,21.6392347738765,0.994661788902949
"VLMC-2","KMT5B",-0.0937330819685303,0.107638030375663,0.383853801080477,-0.304699744871657,0.117233580934597,5,0.0152208570798882,27.087595539594,0.903121483964797
"VLMC-2","GTF3C3",0.255056347527139,0.122128628342056,0.0367596125296511,0.0156886344954317,0.494424060558847,5,0,0,0.536251459404502
"VLMC-2","MAN1A1",-0.047122861700455,0.114833718242423,0.681543819008695,-0.272192813666423,0.177947090265513,5,1.4872778284212e-07,0.000189290577042813,0.963875255518011
"VLMC-2","LBR",0.108844463384077,0.124995612162428,0.383870861189114,-0.136142434679819,0.353831361447972,5,4.39525076746811e-06,0.00478989822724623,0.903121483964797
"VLMC-2","HIKESHI",0.0250204833215918,0.122778221413275,0.838520729246153,-0.215620408734313,0.265661375377496,5,0,0,0.977981353679454
"VLMC-2","CNST",0.0488126437250805,0.101769046361361,0.631482431892649,-0.150651021884174,0.248276309334335,5,0,0,0.948488775291622
"VLMC-2","TAF1",-0.000982472916292131,0.0976670097324841,0.991973883986477,-0.192406294469684,0.1904413486371,5,4.26915291312208e-07,0.000762437269536706,0.997919280210293
"VLMC-2","COL4A1",0.188177241273993,0.17024094185356,0.269004357064586,-0.145488873453161,0.521843356001148,5,0,0,0.85839310941465
"VLMC-2","CHFR",-0.0460606454456715,0.104213989121533,0.658502661120069,-0.250316310809126,0.158195019917783,5,0,0,0.954885922421834
"VLMC-2","SNAPC3",-0.0780994866195429,0.0979725805074634,0.42536010311444,-0.270122215886622,0.113923242647536,5,0,0,0.918385553453722
"VLMC-2","WDR33",-0.0848599242263615,0.098350967321985,0.388232289080101,-0.277624278022128,0.107904429569405,5,0.0108860493632507,22.7417401050665,0.905390969574045
"VLMC-2","KLF7",0.00192759723978337,0.108223637791584,0.985789437565978,-0.21018683510763,0.214042029587197,5,2.64142594117141e-06,0.00376978627909191,0.997919280210293
"VLMC-2","GDAP2",0.0353784608393707,0.119159953368874,0.766543684722671,-0.198170756163095,0.268927677841837,5,0,0,0.972218195929783
"VLMC-2","EIF4G2",-0.0503609183998633,0.0925942370353978,0.586518368727187,-0.231842288165208,0.131120451365481,5,0,0,0.935326469316026
"VLMC-2","IAH1",0.0180397937426865,0.12254803624999,0.882969505266783,-0.222149943683403,0.258229531168776,5,0,0,0.984639696506893
"VLMC-2","NMD3",-0.0875179077553191,0.112353064230815,0.436006608135057,-0.307725867200433,0.132690051689795,5,0.0127402697710152,19.7260825079392,0.920413727425774
"VLMC-2","CRY2",-0.315889957374924,0.303198874121516,0.297477848101358,-0.910148830806189,0.278368916056342,5,0.285413575339817,77.6014130481221,0.871703380673317
"VLMC-2","PIK3CD",-0.0255030911086605,0.248651508034065,0.918307746044277,-0.512851091556999,0.461844909339678,5,0.139136695248924,51.690291547004,0.991152181757771
"VLMC-2","KAT6A",0.135514786517985,0.0751499834916215,0.0713477522122657,-0.011776474564373,0.282806047600342,5,0,0,0.659325903046859
"VLMC-2","USPL1",0.381427734099306,0.168552391513716,0.0236380036700523,0.0510711172243287,0.711784350974283,5,0.0409274501165719,30.0770719623575,0.458959900864145
"VLMC-2","PRPF8",-0.0300681175011353,0.0991854056254743,0.761775076587843,-0.224467940319061,0.164331705316791,5,0,0,0.972159088634865
"VLMC-2","PSMB1",0.197621878488383,0.133407136836463,0.138514895666596,-0.0638513049916917,0.459095061968457,5,0.00269200667874832,2.6914812072826,0.771582957702176
"VLMC-2","ANTXR2",-0.0946585764761068,0.12469463060197,0.447778912627699,-0.339055561521494,0.149738408569281,5,0,0,0.920413727425774
"VLMC-2","CDC42SE2",0.0476034898935852,0.0958998318052482,0.61962095328743,-0.14035672656815,0.235563706355321,5,0,0,0.945308338711526
"VLMC-2","EMP2",0.232927981045935,0.360594114855302,0.518307763159361,-0.473823497107556,0.939679459199426,5,0.488878624709047,84.2830591235559,0.925314633394202
"VLMC-2","SMC6",-0.109846421852258,0.101619475173494,0.279715633874763,-0.309016933320169,0.0893240896156535,5,7.17439183189409e-06,0.0115676611576809,0.85839310941465
"VLMC-2","ARF4",-0.5992461999536,0.473811972779524,0.205966630665487,-1.52790060204534,0.329408202138139,5,0.924234013358443,91.9910921027044,0.817137998846356
"VLMC-2","ZNF160",0.143610907221264,0.126083710318072,0.254697989816563,-0.103508624039339,0.390730438481867,5,0.00906248812476275,10.583759290696,0.842480864401571
"VLMC-2","KCMF1",0.128745447907912,0.113975622273637,0.258650044756872,-0.0946426668639582,0.352133562679783,5,0.0068299245102473,9.76312588481652,0.842556617303398
"VLMC-2","PDZD8",-0.0032607587420672,0.100295794669538,0.974064208704985,-0.199836904095186,0.193315386611051,5,0,0,0.996582809694757
"VLMC-2","CPED1",-0.050115427293626,0.153798558711878,0.744537025638021,-0.351555063243076,0.251324208655824,5,0,0,0.970230263441742
"VLMC-2","ZNF81",0.0498284957001932,0.116426890243574,0.668664961011508,-0.178364016009209,0.278021007409596,5,0,0,0.960936616113552
"VLMC-2","RPS27A",-0.0739361080846155,0.127280764606551,0.561314673305794,-0.323401822638176,0.175529606468945,5,0,0,0.931813702202331
"VLMC-2","BTBD10",-0.137919620010802,0.104915302160201,0.188650896340779,-0.343549833671932,0.0677105936503289,5,0,0,0.812975415007207
"VLMC-2","NAPA",-0.0205013310062027,0.108270094414283,0.849815696637783,-0.232706816660948,0.191704154648542,5,0,0,0.980957024980027
"VLMC-2","KAT6B",-0.180680049870822,0.0999625855216278,0.0706879755783416,-0.376603117294718,0.0152430175530734,5,0.0136490817303215,28.6768450071275,0.65871011037546
"VLMC-2","GGA1",0.227425511392158,0.150220642986486,0.130040262278053,-0.0670015385958049,0.52185256138012,5,0.0246420892772743,21.7675896684081,0.768814485594677
"VLMC-2","KRR1",0.198377633379541,0.133707377611541,0.137896472060084,-0.0636840112063761,0.460439277965458,5,0.0103183018747071,10.6028561372954,0.771582957702176
"VLMC-2","XKR6",-0.0613705115875709,0.136708355934535,0.653492552882678,-0.329313965604942,0.2065729424298,5,0.0444869775567891,55.4919795512983,0.954314219034483
"VLMC-2","MORF4L2",0.0670769148749501,0.121974581943588,0.582370574972726,-0.171988872763812,0.306142702513712,5,0.0133022528235532,17.0852372260499,0.935326469316026
"VLMC-2","TMEM168",-0.0493511304750952,0.0967392005298129,0.609949076955327,-0.238956479406727,0.140254218456536,5,0,0,0.94447592451941
"VLMC-2","MMS19",-0.0879128581159259,0.116784411633974,0.451582699713699,-0.316806098874215,0.140980382642363,5,0.00610785885137961,8.1096162896682,0.920413727425774
"VLMC-2","EEF1A1",0.1256808292912,0.098952930314761,0.20404644715152,-0.0682633502904336,0.319625008872833,5,0,0,0.817137998846356
"VLMC-2","STAMBPL1",-0.115357045836192,0.150021450284518,0.441930703552962,-0.409393685302313,0.178679593629929,5,0.0207199114268046,17.6673078884821,0.920413727425774
"VLMC-2","TRIP12",0.00324842156838606,0.0699911003769022,0.962981933494904,-0.13393161440867,0.140428457545442,5,0,0,0.996582809694757
"VLMC-2","TOR1AIP1",0.0860119883851789,0.128113524104031,0.501982804688084,-0.165085904791225,0.337109881561583,5,3.90159443791359e-06,0.00402421231988463,0.92181451095742
"VLMC-2","ZNFX1",0.0723250408211739,0.116039695437994,0.533101560557669,-0.15510858301429,0.299758664656638,5,0.00153728122944362,1.96846366471557,0.925314633394202
"VLMC-2","TNFRSF21",0.123622268810009,0.149813709228736,0.409273224810732,-0.170007205668669,0.417251743288687,5,0.0111735048017771,9.0137220754009,0.915088506917903
"VLMC-2","MAPK14",-0.083492818529022,0.0993036026439681,0.400469300416735,-0.278124303246276,0.111138666188232,5,0,0,0.914955088441603
"VLMC-2","HMGN2",-0.0150522745357191,0.121091549721993,0.901073857577161,-0.252387350822966,0.222282801751528,5,0,0,0.989422229526237
"VLMC-2","RNPS1",-0.0719939991142751,0.110973172990681,0.516499088318315,-0.289497421426143,0.145509423197593,5,0,0,0.925314633394202
"VLMC-2","MYOF",0.0624184628008096,0.264757888490169,0.813621420502326,-0.456497463262794,0.581334388864413,5,0.222455297961385,73.0091383730226,0.975765582377835
"VLMC-2","CEP162",-0.07318829712462,0.109210400476308,0.502756645240268,-0.28723674879538,0.14086015454614,5,4.14571007440357e-06,0.00581929726132023,0.92181451095742
"VLMC-2","GNG4",0.139407115511722,0.141167839615527,0.323384136906742,-0.137276765910037,0.416090996933481,5,8.40464989082349e-08,7.33799906044576e-05,0.885943206465361
"VLMC-2","AEBP2",0.0648650512222499,0.0810254907605455,0.42339153046215,-0.0939419924981021,0.223672094942602,5,1.678531599141e-06,0.00419856199477088,0.918385553453722
"VLMC-2","ABHD12",-0.0337323570072765,0.11489742438373,0.769073731065582,-0.258927170715801,0.191462456701248,5,0,0,0.972618056881435
"VLMC-2","DTNBP1",-0.0181839535637621,0.217919524585111,0.933498953219043,-0.445298373278671,0.408930466151146,5,0.125347700671419,61.5234442294134,0.994661788902949
"VLMC-2","TTC23",0.0308105294001464,0.127274383846579,0.808718500407793,-0.218642679093675,0.280263737893967,5,1.90971167549496e-06,0.00194966473427969,0.97564162259267
"VLMC-2","ANKRD44",-0.0676334119948008,0.0861116002837475,0.432209816141457,-0.236409047202055,0.101142223212453,5,1.26077594006312e-07,0.000285807527797193,0.920413727425774
"VLMC-2","GNAI1",-0.00570021405711371,0.170093286208299,0.973266072260946,-0.339076929037443,0.327676500923216,5,0.0670172841452504,56.4454749690242,0.996582809694757
"VLMC-2","FARSB",0.143074942384081,0.148900307597541,0.336613808801775,-0.148764297794035,0.434914182562197,5,0.025608010184598,23.2839197449313,0.893673326246222
"VLMC-2","ADNP",-0.0493036034615938,0.0837024640664959,0.555838415868461,-0.213357418449184,0.114750211525996,5,0.00316530575739528,8.09465883708149,0.930268871135076
"VLMC-2","ZNF483",0.0315555124402941,0.0906188023920251,0.727673037349958,-0.146054076570227,0.209165101450815,5,2.43473295227669e-06,0.00463285416807697,0.970230263441742
"VLMC-2","RBMS2",0.0286763379133977,0.129617755225735,0.824907332874218,-0.225369794085972,0.282722469912767,5,0.0183718405979863,21.5481396767751,0.977652301355658
"VLMC-2","FAM117B",-0.152892825185974,0.149222049894749,0.305552240165502,-0.445362668678922,0.139577018306973,5,0.0225780839880065,19.9159269128395,0.876748507205956
"VLMC-2","MORC3",-5.45112400650567e-05,0.0914777069734301,0.999524543457602,-0.179347522296297,0.179238499816166,5,0,0,0.999572008424694
"VLMC-2","RALY",0.103270087438012,0.099401080442661,0.29884046095037,-0.0915524502539726,0.298092625129996,5,0,0,0.871991100423922
"VLMC-2","RGL1",-0.0787898499848381,0.111486471999171,0.479739770687095,-0.297299319866647,0.139719619896971,5,0.0182713313572105,31.5292766532509,0.920413727425774
"VLMC-2","SLC4A10",-0.0175045543479384,0.168749776717726,0.917382960073722,-0.348248039113857,0.31323893041798,5,0.0491172675197558,38.1822580959719,0.991152181757771
"VLMC-2","FRYL",0.00545122433543855,0.0707732534427009,0.93860461809945,-0.133261803480981,0.144164252151858,5,6.89211911059417e-05,0.232828616166109,0.994661788902949
"VLMC-2","PPP2R3C",0.158076017755712,0.194380548804512,0.41608642620174,-0.222902857196262,0.539054892707686,5,0.0895863223756309,54.7854830524938,0.916043676533149
"VLMC-2","USP8",0.157595918830923,0.0892684624817769,0.0774939762466719,-0.0173670525886244,0.332558890250471,5,0,0,0.678937344705764
"VLMC-2","CSMD1",-0.00150451912934601,0.15688560233979,0.99234847451152,-0.308994649408207,0.305985611149515,5,0.0460974389386134,43.1724869745251,0.997919280210293
"VLMC-2","UBE2J1",0.0712598353261063,0.11798014899946,0.545844626476747,-0.159977007603505,0.302496678255718,5,0,0,0.928293059793464
"VLMC-2","GINM1",-0.164415489597692,0.218613988004888,0.452002176250881,-0.592891032603945,0.26406005340856,5,0.113115702332689,54.63851208012,0.920413727425774
"VLMC-2","KLF13",-0.210485221211841,0.129716895898184,0.10466408050075,-0.464725665358612,0.0437552229349313,5,0,0,0.743385681091789
"VLMC-2","SUPT3H",0.0344775569495456,0.0764726892064117,0.652099122740364,-0.115406159695946,0.184361273595037,5,0.00221810424594414,6.81322712594586,0.953974350391093
"VLMC-2","UBA6",-0.0556941625986915,0.0952761189079769,0.55884675491023,-0.242431924245082,0.131043599047699,5,0.000755233732347424,1.40862288590033,0.931813702202331
"VLMC-2","CALM3",-0.132715043380754,0.119835128483886,0.26808632739328,-0.367587579291901,0.102157492530393,5,2.45496992920273e-07,0.000293624187736923,0.85839310941465
"VLMC-2","TMCO1",0.0266776752249066,0.113640393490495,0.814398728138644,-0.196053403205423,0.249408753655237,5,0,0,0.975901409921425
"VLMC-2","REEP5",-0.0338095266222273,0.257670103018337,0.895607244014835,-0.538833648430894,0.471214595186439,5,0.220309481326111,79.3101293754069,0.988046445118134
"VLMC-2","CAPN7",0.0798601662680943,0.141166737044971,0.571587413281705,-0.196821554155086,0.356541886691274,5,0.045697221003842,55.826168255177,0.933407795281386
"VLMC-2","CORO2B",0.0361863047853407,0.106051621826382,0.732942437051785,-0.171671054496429,0.24404366406711,5,0,0,0.970230263441742
"VLMC-2","IL1R1",0.123760508129967,0.205596898848275,0.547202709856801,-0.279202008945775,0.52672302520571,5,0.0716258093638023,36.033861922732,0.928293059793464
"VLMC-2","DAZAP2",0.00534286241253084,0.123492589939746,0.965490578226272,-0.236698166226944,0.247383891052006,5,0,0,0.996582809694757
"VLMC-2","PAPSS2",-0.0852798462666874,0.125607378738223,0.497176018190362,-0.331465784786086,0.160906092252711,5,0,0,0.92181451095742
"VLMC-2","PI4KB",-0.0350422689714067,0.112929548140967,0.756331281275425,-0.256380116118085,0.186295578175271,5,0,0,0.971989194774757
"VLMC-2","SENP5",-0.0361395850976911,0.094072875243865,0.700855535381331,-0.220519032497796,0.148239862302414,5,0,0,0.967813462982102
"VLMC-2","SLC2A12",0.14340053651503,0.175597116693108,0.414131235919063,-0.200763487992538,0.487564561022598,5,0.0385960845477376,25.2664339258898,0.915968683628608
"VLMC-2","ANAPC1",0.1680889859873,0.123263670353701,0.1726765165055,-0.0735033685081726,0.409681340482772,5,0,0,0.812307012480575
"VLMC-2","SMTN",-0.0276424175800206,0.214726496898522,0.89756880652158,-0.448498618027575,0.393213782867533,5,0.100105828682081,48.4015096356045,0.988046445118134
"VLMC-2","IKBKB",-0.0122487776006808,0.111891539104244,0.91282963861323,-0.231552164419753,0.207054609218392,5,0,0,0.991152181757771
"VLMC-2","SNRNP200",-0.0269167614643829,0.101434027650993,0.790730416701397,-0.225723802467169,0.171890279538404,5,3.58673530551707e-08,5.60739349202544e-05,0.974616458884373
"VLMC-2","ENDOD1",0.0133991578965937,0.117745203547898,0.909397996619619,-0.217377200409624,0.244175516202811,5,1.88964561880005e-06,0.00232511012860311,0.991152181757771
"VLMC-2","CDC42",-0.102103382687544,0.162702617935274,0.530301370424674,-0.420994654031062,0.216787888655974,5,0.0601564796142513,53.6495199836741,0.925314633394202
"VLMC-2","SBDS",-0.0224827176892817,0.130715611978862,0.8634397396991,-0.278680609384963,0.233715174006399,5,0,0,0.982876395608656
"VLMC-2","ZNF146",-0.015263477309038,0.11373526065992,0.893242998388913,-0.238180491974756,0.20765353735668,5,0,0,0.9877336927716
"VLMC-2","AMN1",-0.223031207239976,0.14462237338489,0.123034099575186,-0.506485850433064,0.0604234359531127,5,0.0175986611330681,16.2606754098794,0.758021384856679
"VLMC-2","PHIP",0.0116962626868003,0.0895893677181793,0.896128024584695,-0.163895671438546,0.187288196812147,5,0.0137909649804616,38.144666197256,0.988046445118134
"VLMC-2","FAM91A1",0.0531313637340834,0.159870924322576,0.739633196711118,-0.260209890113294,0.366472617581461,5,0.0415416220890055,34.8537939139001,0.970230263441742
"VLMC-2","ANKRD36B",-0.190123583881073,0.147354873136817,0.19696632347821,-0.478933828175704,0.0986866604135568,5,0.0235566240040339,21.3661893114002,0.812975415007207
"VLMC-2","GLO1",0.0104860610791464,0.0949347779256846,0.91204820055938,-0.175582684535503,0.196554806693796,5,0,0,0.991152181757771
"VLMC-2","HOOK2",0.0893615318847343,0.118996245303148,0.452676165081375,-0.14386682320493,0.322589886974399,5,4.82391281017849e-07,0.000552358686753187,0.920413727425774
"VLMC-2","CENPP",-0.143290709070577,0.432074993133743,0.740165728869103,-0.990142134233103,0.70356071609195,5,0.772946077758064,90.8159195552134,0.970230263441742
"VLMC-2","NCBP3",0.0469867495121219,0.09371689233312,0.616111415786344,-0.136694984203811,0.230668483228055,5,0,0,0.94447592451941
"VLMC-2","ZFP14",-0.023126287642436,0.395381071965906,0.95335742368085,-0.798058948864451,0.751806373579579,5,0.585132685388203,85.8370855993848,0.996582809694757
"VLMC-2","CCDC66",-0.0741665153039682,0.117033564025212,0.526263541767934,-0.303548085775746,0.15521505516781,5,0.0181873747279673,27.4512314738199,0.925314633394202
"VLMC-2","BRD2",-0.0102966651291503,0.200277208400091,0.958997169922913,-0.402832780517551,0.38223945025925,5,0.0935828597654685,54.8612896032351,0.996582809694757
"VLMC-2","RPAIN",-0.0823171766182291,0.121889953655725,0.49945969623166,-0.321217095860706,0.156582742624247,5,5.66982987173563e-07,0.000646147748664201,0.92181451095742
"VLMC-2","AIG1",-0.0226505568619368,0.0807762105257763,0.779162019250786,-0.180969020300083,0.13566790657621,5,0.00198549126203315,5.22599039393879,0.974616458884373
"VLMC-2","BASP1",-0.0475292966203308,0.169983420585981,0.779775685128875,-0.380690678937779,0.285632085697117,5,0.0525914785601843,41.5197170840235,0.974616458884373
"VLMC-2","ARIH2",-0.200722675004568,0.0834906393754096,0.0162108351027433,-0.364361321226592,-0.0370840287825433,5,0,0,0.406956425281991
"VLMC-2","NR2F2-AS1",-0.181460881688218,0.0883738284046114,0.0400403105476279,-0.354670402537179,-0.00825136083925662,5,1.01566261663451e-06,0.00201642887280509,0.559438192249635
"VLMC-2","ZSWIM7",-0.188378777367498,0.350118864136308,0.59054780950885,-0.874599141382734,0.497841586647738,5,0.444332078062525,85.7159777827458,0.935326469316026
"VLMC-2","VPS26A",0.0324029449634692,0.123104151621722,0.792384333499313,-0.208876758562464,0.273682648489403,5,1.79738399599486e-07,0.000191359442194947,0.974616458884373
"VLMC-2","GPBP1",0.062182625559091,0.075743995403638,0.41167029296477,-0.0862728774772068,0.210638128595389,5,0,0,0.915968683628608
"VLMC-2","RNH1",0.118681065323202,0.143429012197577,0.407979170288165,-0.162434632922205,0.399796763568609,5,0.0211919317982528,20.4977793517311,0.915088506917903
"VLMC-2","RPS8",0.295727058921146,0.255851164375382,0.24774013384749,-0.20573200865724,0.797186126499532,5,0.187611428401253,66.232600703967,0.842480864401571
"VLMC-2","EPHX1",-0.0324633412680432,0.126245459323533,0.797067129854544,-0.279899894753885,0.214973212217798,5,3.53452051211298e-06,0.00386755097807538,0.974861328880033
"VLMC-2","C1QTNF1",0.184287388667725,0.217945467818393,0.397794614643836,-0.242877878850058,0.611452656185509,5,0.0844886134252563,38.3026215741724,0.91281110754561
"VLMC-2","SRP72",0.0191123731610367,0.114069493098413,0.866937105094157,-0.204459725046593,0.242684471368667,5,0,0,0.98392042042219
"VLMC-2","SYPL1",0.0384222576623951,0.119542779458234,0.747899624051315,-0.195877284687558,0.272721800012349,5,0,0,0.970230263441742
"VLMC-2","ASXL2",-0.056652867712641,0.0904365137566677,0.531027699384158,-0.233905177563071,0.120599442137789,5,0,0,0.925314633394202
"VLMC-2","ATP11B",-0.0570539739538252,0.0959109763700419,0.551934474199628,-0.245036033361179,0.130928085453529,5,1.25266301278389e-06,0.00231171750033276,0.928293059793464
"VLMC-2","CDKAL1",0.0384881042154912,0.0630116116082012,0.54132556436379,-0.0850123851444091,0.161988593575392,5,0,0,0.925314633394202
"VLMC-2","YIPF4",0.0789886552339665,0.0963267113165974,0.412211657032248,-0.109808229695751,0.267785540163684,5,0,0,0.915968683628608
"VLMC-2","SCPEP1",-0.0475447410766699,0.164690932888133,0.772818078402606,-0.370333038117714,0.275243555964374,5,0.0445903203038797,35.5306026810685,0.973752354617262
"VLMC-2","RPL28",0.17690466817993,0.123544541661964,0.152169571798687,-0.0652381839640271,0.419047520323887,5,6.26309396496658e-07,0.00070160418892829,0.78033298708961
"VLMC-2","RHOA",0.209310414064818,0.0886653291310215,0.0182414939713982,0.035529562290626,0.38309126583901,5,0,0,0.406956425281991
"VLMC-2","HCN2",0.0397103726717742,0.132418839116103,0.76426516952351,-0.219825782870392,0.29924652821394,5,0,0,0.972218195929783
"VLMC-2","MBNL1",0.0953749007130717,0.0906409847942008,0.292695368134852,-0.0822781650068046,0.273027966432948,5,0.0113406721186074,28.8361257693502,0.868360199133212
"VLMC-2","IFNGR1",0.0446462915336231,0.112549126558513,0.691601458295064,-0.175945943012502,0.265238526079748,5,0,0,0.965199197679177
"VLMC-2","DIP2A",0.013146593476373,0.0833597733105898,0.874686042224178,-0.150235559971806,0.176528746924552,5,0,0,0.984193499791697
"VLMC-2","SLC9A1",-0.212442630957183,0.191385303087562,0.266987893717727,-0.587550932179086,0.162665670264721,5,0.0628596100463594,37.5692488592553,0.857829297484656
"VLMC-2","GRB10",0.076576615800493,0.119316466790377,0.521006819032256,-0.157279361871215,0.310432593472201,5,0,0,0.925314633394202
"VLMC-2","ATL1",0.052874548344194,0.153526838277776,0.730545952973715,-0.248032525340553,0.353781622028941,5,0.0359225457967136,32.8901179631606,0.970230263441742
"VLMC-2","CFAP97",-0.0195045094028917,0.120749284146938,0.871676783745416,-0.256168757489884,0.217159738684101,5,4.06317365900715e-08,4.70805250608511e-05,0.984193499791697
"VLMC-2","CCDC92",-0.0112556267962584,0.094980603584134,0.905667947599091,-0.197414189051037,0.17490293545852,5,0.00168794465017833,3.19843120289493,0.991102003209437
"VLMC-2","MYOM1",-0.307502401886724,0.168997874365469,0.0688254700065556,-0.638732149106867,0.0237273453334199,5,0.0158679044553265,10.1446237927916,0.657237498135552
"VLMC-2","MEF2A",-0.120392995424636,0.0720716735585967,0.0948279822126159,-0.261650879905013,0.0208648890557416,5,0,0,0.719601643876351
"VLMC-2","CCDC91",-0.114430407947596,0.0723107846888535,0.113539916548917,-0.25615694163158,0.0272961257363869,5,0,0,0.743385681091789
"VLMC-2","DNASE1",-0.25917691163204,0.113125079172724,0.0219596534739584,-0.480897992558821,-0.0374558307052584,5,0.000772482557871778,0.989797231203634,0.450619954828599
"VLMC-2","RPN2",0.0137417653931245,0.123469176529081,0.911380728614352,-0.228253373804692,0.255736904590941,5,0,0,0.991152181757771
"VLMC-2","NCOA5",0.0503480583839968,0.12543132395223,0.688126089846636,-0.19549281909555,0.296188935863544,5,0,0,0.96509154879379
"VLMC-2","OGT",0.168133402031384,0.0785158127951489,0.0322421638566478,0.0142452367360033,0.322021567326765,5,0,0,0.509214268609216
"VLMC-2","STARD3NL",0.0232677385125742,0.113674051032958,0.837815729118744,-0.199529307488791,0.246064784513939,5,0,0,0.977981353679454
"VLMC-2","ETF1",0.0400151052641127,0.128138223017377,0.754827139416484,-0.211131196892908,0.291161407421133,5,0,0,0.971794564579332
"VLMC-2","PHF10",0.116460942781504,0.169411193803083,0.491802108069546,-0.215578895650473,0.448500781213481,5,0.0472290919846556,35.1399283411312,0.920413727425774
"VLMC-2","APPL1",-0.0444910808689975,0.0963737201341964,0.644331193990127,-0.233380101388165,0.14439793965017,5,0,0,0.950035992057582
"VLMC-2","PPP4R3B",0.0438248189964677,0.0908862960172885,0.629668198328584,-0.134309047885664,0.221958685878599,5,0,0,0.948488775291622
"VLMC-2","CDR2",0.0181610848830384,0.123794232683017,0.883365815712784,-0.224471152669446,0.260793322435523,5,0.0131579688466885,16.4605072771986,0.984639696506893
"VLMC-2","XIAP",0.048341057309485,0.096468863337769,0.616297027186011,-0.140734440462059,0.237416555081029,5,0.00537682493878526,10.4358981933495,0.94447592451941
"VLMC-2","PRRC2A",0.0849999681476264,0.106745226398423,0.425864521003507,-0.124216831114856,0.294216767410109,5,1.05788319634379e-06,0.00150424846757937,0.918385553453722
"VLMC-2","TOP2B",0.0341687243264402,0.0788583155201359,0.664802215626904,-0.120390733974522,0.188728182627403,5,0,0,0.958591793128549
"VLMC-2","ANKFY1",-0.0721348293812181,0.1128991700275,0.522867533337073,-0.293413136519583,0.149143477757147,5,0.0110174036615516,16.6291286060435,0.925314633394202
"VLMC-2","CSTF3",0.0321475903093316,0.103253447344998,0.755537288014587,-0.170225447766467,0.23452062838513,5,7.39166756637904e-07,0.00112798470391046,0.971989194774757
"VLMC-2","ATP6V0D1",-0.0917270236270679,0.11997360015378,0.444533556434756,-0.326870959024085,0.14341691176995,5,9.7886768520943e-07,0.00115907036624274,0.920413727425774
"VLMC-2","DCAF6",-0.0555109111324583,0.0762188009327357,0.466423872547156,-0.204897015905448,0.0938751936405316,5,0,0,0.920413727425774
"VLMC-2","PPIA",0.110537612535676,0.13383433290479,0.408844556158658,-0.151772859852656,0.372848084924008,5,0.02094564309387,23.6075841861414,0.915088506917903
"VLMC-2","TNRC6B",-0.0688988332324305,0.057769078084021,0.233002797499883,-0.182124145697194,0.0443264792323328,5,0,0,0.835476015240007
"VLMC-2","APP",0.0618877148587601,0.107734020445032,0.56566391142118,-0.149267085123204,0.273042514840724,5,0.0198332214455388,37.8707392499845,0.931979399500039
"VLMC-2","SERP1",-0.0303784760184015,0.110625703705609,0.783618997652751,-0.247200871045794,0.186443919008991,5,0,0,0.974616458884373
"VLMC-2","LRRFIP1",0.17746220414695,0.0891054467599562,0.0464152143124498,0.00281873767108423,0.352105670622815,5,0.000438083890599487,0.87910612002286,0.590992023566818
"VLMC-2","KDM5A",0.086504093634722,0.0747033956539283,0.246877357813494,-0.0599118713698234,0.232920058639267,5,0,0,0.842480864401571
"VLMC-2","MPZL1",0.0273765437863637,0.11532911390337,0.812363895929699,-0.198664365833158,0.253417453405886,5,0,0,0.975765582377835
"VLMC-2","PRR14L",-0.0255418854219536,0.0974947113224305,0.793335114288656,-0.216628008297047,0.16554423745314,5,0,0,0.974616458884373
"VLMC-2","WASL",0.0445355019801652,0.0844407920868843,0.597904100348431,-0.120965409336163,0.210036413296493,5,0,0,0.940423033887883
"VLMC-2","UPF2",-0.109620440849344,0.0838117380500515,0.190894809580238,-0.27388842890915,0.054647547210462,5,0,0,0.812975415007207
"VLMC-2","GTF2A1",-0.0615145149196356,0.117037272976157,0.599167794128691,-0.290903354801687,0.167874324962415,5,0,0,0.940550844353204
"VLMC-2","NMT2",0.0347856208949275,0.107307641416613,0.745811430152421,-0.175533491547572,0.245104733337427,5,0,0,0.970230263441742
"VLMC-2","SLC8A1",-0.0346400920199097,0.169483510974584,0.83805170762081,-0.366821669503493,0.297541485463674,5,0.0582995817234173,46.6932252711018,0.977981353679454
"VLMC-2","CDK12",0.0925742300570482,0.102734790434268,0.367535616622246,-0.108782259153387,0.293930719267483,5,0,0,0.89782846718252
"VLMC-2","LIMS1",0.064546928565932,0.0856180861018938,0.450913103997875,-0.103261436619029,0.232355293750893,5,0,0,0.920413727425774
"VLMC-2","YY1",0.0394612883027559,0.0931747852806417,0.671916667168488,-0.143157935114555,0.222080511720066,5,0.00099138765348819,1.87530285265447,0.961432440814459
"VLMC-2","PLPP1",0.043113320354066,0.0918228189187252,0.638692775046843,-0.136856097685579,0.223082738393711,5,0,0,0.948488775291622
"VLMC-2","ANAPC4",-0.234144401590186,0.196484359979767,0.233390896580047,-0.619246670675932,0.15095786749556,5,0.0851733063075693,51.0467101349943,0.835476015240007
"VLMC-2","TTN-AS1",0.0561275433852052,0.0905859410550854,0.535517573304256,-0.12141763858843,0.233672725358841,5,0,0,0.925314633394202
"VLMC-2","DHX32",0.0267796058984485,0.11599017489,0.81740940633239,-0.200556959446453,0.25411617124335,5,3.28638471135054e-06,0.00413558744021408,0.976132496592887
"VLMC-2","KDSR",0.0968872162444115,0.119850492817555,0.418859978153304,-0.138015433207373,0.331789865696196,5,0,0,0.917504708559754
"VLMC-2","PON2",-0.164136277643475,0.0961377825513875,0.0877658394691846,-0.352562868997738,0.0242903137107873,5,0,0,0.705731682680206
"VLMC-2","MAX",-0.077391255734603,0.102420052752674,0.449873457232727,-0.278130870424537,0.123348358955331,5,0,0,0.920413727425774
"VLMC-2","DENND4A",0.128635962139134,0.0794475438437461,0.105419131471159,-0.027078362454775,0.284350286733043,5,0,0,0.743385681091789
"VLMC-2","KTN1",-0.0249549249374978,0.0997460241020197,0.802444549126142,-0.220453539778521,0.170543689903525,5,0.0177511695797148,39.2631086455284,0.974861328880033
"VLMC-2","ZNF592",-0.0276984286641951,0.116308285433437,0.811767353071964,-0.255658479217336,0.200261621888946,5,0,0,0.975765582377835
"VLMC-2","INPP5B",-0.0704157283390606,0.100473767894981,0.483404780123455,-0.26734069480426,0.126509238126139,5,0,0,0.920413727425774
"VLMC-2","RPS6KC1",0.00178517422355954,0.0841717256823121,0.983079161500481,-0.163188376630357,0.166758725077476,5,0.00494734023928547,12.8357137616772,0.997919280210293
"VLMC-2","GATAD1",-0.0223616646644599,0.109037620906375,0.83750797853926,-0.236071474600886,0.191348145271966,5,2.46986856230466e-06,0.00333015925038219,0.977981353679454
"VLMC-2","ACAP2",0.0619722019109554,0.0599381170593005,0.301165889511964,-0.0555043488264194,0.17944875264833,5,0,0,0.875167889575082
"VLMC-2","ZNF644",-0.062478400532024,0.0933775909067799,0.503435416569968,-0.245495115672427,0.120538314608379,5,0.0137124686148684,33.7126322858278,0.92181451095742
"VLMC-2","ZCCHC8",0.0873781601446499,0.103764846009747,0.399743937954977,-0.115997200895798,0.290753521185098,5,0,0,0.914955088441603
"VLMC-2","PPP1R14A",0.247265479691368,0.201659925006795,0.220141929554809,-0.147980710446997,0.642511669829734,5,0.0689410726975512,35.6275045117027,0.828820901475049
"VLMC-2","UHMK1",0.147562891927467,0.1354240391612,0.275873571824016,-0.117863347469427,0.412989131324361,5,0.013122687931625,13.5044457945197,0.85839310941465
"VLMC-2","HERPUD2",-0.121956289103213,0.105226349529367,0.246460252457369,-0.328196144405395,0.084283566198969,5,1.26806252605855e-06,0.00194910976894058,0.842480864401571
"VLMC-2","WDR82",0.136615514729085,0.104828952018825,0.192498596471769,-0.0688454557648887,0.342076485223059,5,3.37408975655444e-06,0.00509217112740683,0.812975415007207
"VLMC-2","ATP6V1C1",-0.0892360562004705,0.106287702329592,0.401149051033903,-0.297556124765985,0.119084012365044,5,0,0,0.915088506917903
"VLMC-2","MYLK",-0.21284693968368,0.123063545225743,0.0837072406211674,-0.454047056135952,0.0283531767685929,5,0.00591623518923414,6.85900398043989,0.698737363398529
"VLMC-2","CCDC93",0.0608050794703772,0.0959012588670453,0.526055770610252,-0.127157933981084,0.248768092921838,5,0,0,0.925314633394202
"VLMC-2","EDA",-0.159559553509424,0.138142203872216,0.248074691778797,-0.430313297843956,0.111194190825108,5,0,0,0.842480864401571
"VLMC-2","SLC30A7",0.113558439979793,0.106683758310774,0.287129505139752,-0.095537884044699,0.322654764004285,5,0,0,0.864730219597247
"VLMC-2","PITPNC1",-0.208375743999841,0.450047338833292,0.643358273278962,-1.09045231945119,0.673700831451505,5,0.845806597960935,91.2772902730274,0.950035992057582
"VLMC-2","SAP30BP",0.138314324812297,0.12558558319076,0.270742131035869,-0.107828895219051,0.384457544843646,5,0.00881592309483046,10.3138188108863,0.85839310941465
"VLMC-2","PARP11",0.185273966396218,0.106322190188515,0.0814085775012471,-0.0231136971306889,0.393661629923126,5,0,0,0.689819785174295
"VLMC-2","SPARCL1",0.078082513850031,0.168051087414644,0.642192450755293,-0.251291565045464,0.407456592745525,5,0.080946658636068,67.4025521818269,0.949847721405724
"VLMC-2","RECK",0.030124654936229,0.0996709754820422,0.762468354129802,-0.165226867312548,0.225476177185006,5,0,0,0.972218195929783
"VLMC-2","XRCC5",0.0866116908329226,0.093568432303659,0.354627502948136,-0.0967790665721233,0.270002448237968,5,0.0100134912699534,23.0845541483985,0.89567209561799
"VLMC-2","PPA1",0.10060012942786,0.160478494341385,0.530740468084117,-0.21393193977447,0.41513219863019,5,0.026025402921831,19.9786218332691,0.925314633394202
"VLMC-2","SAR1B",0.113005920846445,0.111718977085331,0.311767865702438,-0.105959250630459,0.331971092323349,5,0.0001254831583949,0.161071636580025,0.877270724002829
"VLMC-2","HNRNPH3",0.158845468161986,0.0846644617770457,0.0606310566198125,-0.00709382769149169,0.324784764015463,5,8.62952174634598e-07,0.00198041198410905,0.634472119547043
"VLMC-2","SRSF7",0.00547763917339089,0.109121601100994,0.959964948239435,-0.208396768919904,0.219352047266686,5,0,0,0.996582809694757
"VLMC-2","MAP2K5",0.0384721652076901,0.0821150458670585,0.639416046403626,-0.122470367280599,0.199414697695979,5,9.18169852165205e-08,0.000229907915416781,0.948488775291622
"VLMC-2","ULK1",-0.0978587798398719,0.126461475779038,0.43903555685298,-0.34571871779857,0.150001158118826,5,0,0,0.920413727425774
"VLMC-2","GAPDH",-0.0996249598828402,0.116181555354207,0.391172056511235,-0.327336624044933,0.128086704279253,5,0,0,0.906269144699582
"VLMC-2","TMTC3",0.0760835127744541,0.109472682849117,0.487055311896529,-0.138479002900791,0.290646028449699,5,1.04869150799398e-06,0.00149517840778972,0.920413727425774
"VLMC-2","CAMK2D",0.198257221346089,0.0788823980889871,0.0119598590731192,0.0436505620775228,0.352863880614655,5,0,0,0.369109779100671
"VLMC-2","PPP2R3A",-0.0625243737735884,0.110827759410247,0.572646567442792,-0.279742790704942,0.154694043157765,5,0,0,0.934534937385238
"VLMC-2","XPO4",-0.106289141202558,0.0937682950379229,0.256991903643509,-0.290071622368613,0.0774933399634966,5,1.31078423920337e-06,0.0024858412949376,0.842480864401571
"VLMC-2","KCNT2",0.0241282740859076,0.102875652046561,0.814567151836945,-0.177504298811426,0.225760846983241,5,0.00718076261710981,12.3582085657063,0.975901409921425
"VLMC-2","CPPED1",-0.129421792483364,0.114375670167381,0.257823660486178,-0.353593986719064,0.0947504017523359,5,7.54532362989863e-06,0.00949461583449033,0.842480864401571
"VLMC-2","SMAP1",-0.00433003053153496,0.0871380812858916,0.960368151778383,-0.175117531533806,0.166457470470736,5,0.00239731993025024,5.5623129461985,0.996582809694757
"VLMC-2","ZNF431",-0.0348392383197394,0.113831599172656,0.759559370278002,-0.257945073000745,0.188266596361266,5,3.31638093880889e-07,0.000441026656203226,0.971989194774757
"VLMC-2","FRZB",-0.153399794086089,0.134447697740857,0.253885489132828,-0.416912439462496,0.110112851290317,5,4.92507183812681e-06,0.0041035083802216,0.842480864401571
"VLMC-2","MDFIC",-0.337783326581927,0.220859997823995,0.126165260955785,-0.770660967942551,0.0950943147786981,5,0.112347367696731,52.609301069265,0.759027798013261
"VLMC-2","ZSCAN18",-0.0513508088464469,0.119013603909085,0.666126605478179,-0.28461318617857,0.181911568485676,5,0,0,0.959678758384837
"VLMC-2","PPP6C",0.0258020541562998,0.105810179298295,0.807345223602955,-0.181582086466084,0.233186194778684,5,0,0,0.97564162259267
"VLMC-2","CERS5",0.00310059595956873,0.152015560260591,0.983727020321697,-0.294844427240867,0.301045619160005,5,0.0387813192310329,36.6546178112531,0.997919280210293
"VLMC-2","APBB1",0.0688387896361887,0.125224600004725,0.58250967011609,-0.176596916351507,0.314274495623884,5,0.00813694875075338,9.35949715678194,0.935326469316026
"VLMC-2","SSU72",-0.0245672061248005,0.114039552238251,0.829434369891812,-0.248080621324846,0.198946209075245,5,0,0,0.977652301355658
"VLMC-2","MAP4K3",0.0654714650513986,0.0850556773466054,0.441449198942462,-0.101234599228607,0.232177529331405,5,0.0092895425529013,26.5144137247938,0.920413727425774
"VLMC-2","PSMD7",0.0829637993308424,0.1241377120672,0.50392891963457,-0.160341645444073,0.326269244105758,5,0,0,0.92181451095742
"VLMC-2","SIN3B",-0.132974525814833,0.168236220028693,0.42929205931999,-0.462711457966228,0.196762406336562,5,0.0567939356947039,45.9507462903234,0.91890743196137
"VLMC-2","SAP130",-0.154893753708904,0.121076648912171,0.200790279117848,-0.39219962494556,0.0824121175277511,5,2.05667371349722e-07,0.000238987005106608,0.81467224296579
"VLMC-2","VKORC1L1",-0.0697898024224475,0.113953086751757,0.540244513078887,-0.29313374838306,0.153554143538165,5,0,0,0.925314633394202
"VLMC-2","AFTPH",0.0126471752344548,0.0980767421097695,0.897395765720408,-0.179579707021716,0.204874057490626,5,0,0,0.988046445118134
"VLMC-2","GNB4",-0.0564682891938796,0.117376984239997,0.630456193023794,-0.286522950918199,0.17358637253044,5,0,0,0.948488775291622
"VLMC-2","ATP6V1E1",0.0429430374732136,0.111367632747073,0.699795072982064,-0.175333511754534,0.261219586700961,5,0,0,0.967813462982102
"VLMC-2","SETD5",0.107912293338216,0.0634829540640467,0.089156791041945,-0.0165120102595261,0.232336596935958,5,0,0,0.707366615719582
"VLMC-2","CTTNBP2",-0.613198292221734,0.366205277860206,0.0940390481870755,-1.33094744777622,0.104550863332753,5,0.503841893342225,89.3019789378119,0.719601643876351
"VLMC-2","SCLT1",-0.38455557710959,0.291101291642146,0.186489027363822,-0.955103624581286,0.185992470362107,5,0.306652995520127,84.9279020911291,0.812975415007207
"VLMC-2","PCBP3",-0.0233529565094182,0.166063785372666,0.88816507130922,-0.348831994976232,0.302126081957396,5,0.006632937504872,4.4279409940041,0.986330502840143
"VLMC-2","CDKL1",0.110455136542443,0.126795296069454,0.38368338946747,-0.138059077162779,0.358969350247665,5,2.65026921623196e-06,0.00286204139320523,0.903121483964797
"VLMC-2","CREB3L2",0.121001973726327,0.132958760737479,0.362784823832755,-0.139592408748209,0.381596356200864,5,0.00362387287099742,3.64663697624018,0.897542929460831
"VLMC-2","NCK1",-0.0172146289039834,0.116614876220574,0.882643070458115,-0.245775586357904,0.211346328549937,5,2.68225527350132e-06,0.0034179021169676,0.984639696506893
"VLMC-2","PTPRS",-0.139518597128325,0.0935158276277638,0.135718819213339,-0.322806251263197,0.0437690570065482,5,0,0,0.771582957702176
"VLMC-2","PSMD4",0.0545775000213285,0.118946684648759,0.646349048428525,-0.178553717970683,0.28770871801334,5,0,0,0.950035992057582
"VLMC-2","SLC38A2",0.129897505647463,0.102852042037095,0.206605335151188,-0.0716887924816434,0.331483803776569,5,0,0,0.817137998846356
"VLMC-2","PRIM2",-0.0464873694806699,0.12768019489627,0.715789123614419,-0.296735953016414,0.203761214055074,5,0,0,0.970230263441742
"VLMC-2","MXD4",-0.140503394537477,0.11288736372813,0.213266500727352,-0.361758561754286,0.0807517726793314,5,0,0,0.820035441990574
"VLMC-2","GMDS",0.020498608458229,0.0909104189383129,0.821604794155847,-0.157682538480312,0.19867975539677,5,0,0,0.97732621200151
"VLMC-2","HABP4",0.0104451477941664,0.124366714938095,0.933067020225677,-0.23330913436006,0.254199429948393,5,0.00537171095177973,6.19872605178195,0.994661788902949
"VLMC-2","TLN1",0.124069539158214,0.112923142424853,0.271895532373399,-0.0972557530155838,0.345394831332013,5,1.10010250859304e-06,0.00141777770128777,0.85839310941465
"VLMC-2","POLK",0.0338875051333804,0.082808219465715,0.682371788874755,-0.12841362264331,0.19618863291007,5,0,0,0.964090171261939
"VLMC-2","REPS1",-0.120744071133736,0.121446430859925,0.320117373807306,-0.358774701670123,0.117286559402651,5,0.0227447663655115,33.0959609512258,0.885943206465361
"VLMC-2","LASP1",-0.153580530751894,0.132434457412469,0.246182378474505,-0.413147297592437,0.105986236088649,5,0.00688040767845919,6.98295176402308,0.842480864401571
"VLMC-2","RTTN",-0.0112559364723623,0.109558704947652,0.918170230830117,-0.225987052362611,0.203475179417887,5,0,0,0.991152181757771
"VLMC-2","MTF2",0.0374027636130133,0.102069741260735,0.714034381795701,-0.16265025316935,0.237455780395376,5,1.28097112543493e-06,0.00207828418769855,0.970230263441742
"VLMC-2","MDM2",-0.120785333355882,0.220884009058997,0.584497612467822,-0.553710035872336,0.312139369160572,5,0.127344488558794,64.0637884150033,0.935326469316026
"VLMC-2","FAR1",-0.0837598203875857,0.0821750811901062,0.30806772492454,-0.244820019946849,0.0773003791716773,5,5.26508767412353e-06,0.0132980732715242,0.877270724002829
"VLMC-2","ABCA5",0.068169153776542,0.0852085988898567,0.423695330556414,-0.0988366312206968,0.235174938773781,5,2.86932530172345e-07,0.000664202879266088,0.918385553453722
"VLMC-2","ZBTB46",0.102543384206378,0.0937144518537264,0.273862447566094,-0.0811335662578386,0.286220334670594,5,0,0,0.85839310941465
"VLMC-2","ZNF568",-0.0583425054702603,0.121290223822734,0.630505319574713,-0.296066975839621,0.1793819648991,5,3.9982878919583e-06,0.00470549578281224,0.948488775291622
"VLMC-2","CDH6",-0.185841098974145,0.201435755207807,0.356224828360833,-0.580647924380072,0.208965726431783,5,0.092826288213521,51.667007855785,0.89567209561799
"VLMC-2","SUMO1",0.0381826284984701,0.123784775595144,0.757732476360652,-0.204431073502384,0.280796330499325,5,1.58510013780765e-06,0.00172974902245376,0.971989194774757
"VLMC-2","PSMC6",-0.0810256259411403,0.148529552963856,0.585396927935657,-0.372138200390132,0.210086948507851,5,0.0321789834265982,30.5745146656504,0.935326469316026
"VLMC-2","TULP4",-0.153902297554686,0.104275610096555,0.139965784017954,-0.358278737809874,0.0504741427005027,5,7.0875341799098e-06,0.0109721890693229,0.771582957702176
"VLMC-2","IRAK1BP1",-0.0775742859586681,0.114988767974642,0.4999141097912,-0.3029481298156,0.147799557898264,5,3.17990161781881e-06,0.00421416237429864,0.92181451095742
"VLMC-2","RRBP1",0.106512193311306,0.240507640139851,0.657864054538773,-0.364874119369522,0.577898505992133,5,0.145162697956466,58.4481890144815,0.954885922421834
"VLMC-2","RPL10A",0.157170919723787,0.228530105675867,0.491612047771277,-0.290739856784045,0.605081696231619,5,0.122551062494299,53.7683448213823,0.920413727425774
"VLMC-2","STAG2",0.0206379621917466,0.0811000051491874,0.799128250049023,-0.138315127046673,0.179591051430167,5,0,0,0.974861328880033
"VLMC-2","TMEM259",-0.149218803209411,0.145202718476029,0.304110510732725,-0.433810901879736,0.135373295460915,5,0.0330664056587672,34.2084756614603,0.87660931198739
"VLMC-2","HNRNPLL",0.0224655231801732,0.108842503920048,0.83647538242964,-0.190861864490281,0.235792910850627,5,0,0,0.977981353679454
"VLMC-2","TXNL4A",-0.128357894925522,0.193615861970657,0.507361719843039,-0.507838011223689,0.251122221372644,5,0.0804616737850202,48.8299771555543,0.923074540590581
"VLMC-2","PSMD2",0.562779684088549,0.511677798550073,0.271388236256657,-0.440090372758334,1.56564974093543,5,1.1017889036921,92.2639692398122,0.85839310941465
"VLMC-2","IPO8",0.272912069941158,0.177553041709999,0.124275318839071,-0.0750854971559787,0.620909637038294,5,0.0701426292403569,50.1155162204588,0.758021384856679
"VLMC-2","EIF4B",0.117080149702828,0.106192649951354,0.270233093726775,-0.091053619624696,0.325213919030351,5,0,0,0.85839310941465
"VLMC-2","AZIN1",0.0998026135523801,0.107054075829699,0.351200336315935,-0.11001951947205,0.30962474657681,5,2.56513522272946e-06,0.0037344271066579,0.89567209561799
"VLMC-2","FERMT2",-0.0513504768102158,0.101411593004362,0.612606008025646,-0.250113546713599,0.147412593093167,5,0.0166256583693529,35.0180364533791,0.94447592451941
"VLMC-2","CKMT2-AS1",-0.101919217826667,0.128230977294697,0.426724238360742,-0.353247315026647,0.149408879373312,5,0.0152647068683239,17.6800838985883,0.918385553453722
"VLMC-2","ZNF84",-0.0923560744253568,0.114448603814893,0.419686361929185,-0.316671215983441,0.131959067132727,5,0,0,0.917851335206336
"VLMC-2","DNAJC8",-0.0982455984250649,0.135419258792752,0.468150207832317,-0.363662468471967,0.167171271621837,5,0,0,0.920413727425774
"VLMC-2","PEAK1",-0.0333939856724652,0.0762277689725299,0.661327106707909,-0.182797667480464,0.116009696135533,5,0,0,0.95688784956429
"VLMC-2","UBE2I",0.198561637423419,0.107806174151473,0.0654986744038051,-0.0127345812245205,0.409857856071359,5,0,0,0.642615392238224
"VLMC-2","LRRC58",0.0694378272694518,0.119859911922793,0.562369991012399,-0.165483283289365,0.304358937828269,5,0.00638037767785885,8.05255271283116,0.93192741367769
"VLMC-2","MTMR3",-0.0344317182060599,0.07117106416551,0.628536218429595,-0.173924440711849,0.105061004299729,5,0,0,0.948488775291622
"VLMC-2","FBXO25",0.0263354163965125,0.106177003283588,0.80410875939334,-0.181767686025711,0.234438518818736,5,1.02012192092183e-06,0.0015193129047888,0.974861328880033
"VLMC-2","RBPJ",0.0532214453968205,0.0753656977991637,0.480078706806938,-0.0944926079592699,0.200935498752911,5,0,0,0.920413727425774
"VLMC-2","MBTPS1",0.124386518603731,0.133116297223722,0.350087330904116,-0.136516629710092,0.385289666917555,5,0.0282234133934504,34.0279602346493,0.89567209561799
"VLMC-2","PRKD1",-0.00115234806666585,0.0991954445771532,0.990731227072746,-0.195571846868325,0.193267150734993,5,0.00681420831571168,12.9141683131929,0.997919280210293
"VLMC-2","VTA1",0.143975216518559,0.119098060239128,0.226709101046656,-0.0894526921787143,0.377403125215832,5,0.000912019372995277,1.12591220603092,0.835322470888226
"VLMC-2","SCARB1",-0.0795469336112162,0.108361258367158,0.462893789627979,-0.291931097330286,0.132837230107854,5,0,0,0.920413727425774
"VLMC-2","WBP4",0.0493055985175901,0.251150096578957,0.844360295483041,-0.442939545490922,0.541550742526102,5,0.181954160807168,70.3847745881442,0.980315768527341
"VLMC-2","PLEKHA1",0.0128946463811409,0.111096091604745,0.907599040448389,-0.204849691987323,0.230638984749604,5,0,0,0.991152181757771
"VLMC-2","PKNOX1",0.158329618383481,0.109999219869125,0.150045613216573,-0.0572648908875058,0.373924127654469,5,0,0,0.774161722178758
"VLMC-2","ZNF780B",0.0332139122891689,0.132308480867571,0.801787909503594,-0.226105945060478,0.292533769638816,5,0.0209891253606072,24.4662115071303,0.974861328880033
"VLMC-2","ZNF618",-0.00292125645497232,0.209778678911156,0.988889480539172,-0.414079911845231,0.408237398935286,5,0.100974175419283,51.4634744811143,0.997919280210293
"VLMC-2","BTBD7",-0.0308071411088382,0.0790214660630365,0.696641642406777,-0.185686368597944,0.124072086380267,5,0,0,0.967813462982102
"VLMC-2","TSHZ1",0.193476386213564,0.127132787332335,0.128047943733975,-0.0556992982120025,0.44265207063913,5,0.0120473740250315,13.7357097051922,0.76104820268744
"VLMC-2","WDR26",-0.00572161769268081,0.0831887878702122,0.945165763219378,-0.168768645835839,0.157325410450477,5,1.79594973134316e-06,0.00432094479705995,0.996560244620392
"VLMC-2","JAZF1",-0.0543944681680855,0.111339328906167,0.625162614735542,-0.272615542887031,0.16382660655086,5,0.0125135983204219,19.6742146073798,0.948488775291622
"VLMC-2","CLNS1A",-0.038215188022043,0.107699411151502,0.722715519358751,-0.249302155035159,0.172871778991073,5,0,0,0.970230263441742
"VLMC-2","ATP10D",0.0353287676304706,0.0959216749020322,0.712643219668307,-0.152674260514272,0.223331795775213,5,0,0,0.970186884242891
"VLMC-2","COL4A4",-0.0262560543537313,0.126247069606686,0.835249600598487,-0.273695763936557,0.221183655229095,5,0,0,0.977981353679454
"VLMC-2","CWF19L2",0.109848431559064,0.0930362425521898,0.237719615048216,-0.0724992531001611,0.292196116218289,5,0.000879218994700838,1.71547565803698,0.837992378025636
"VLMC-2","LARP4",0.117955998443299,0.123067224710784,0.337826813161478,-0.123251329667135,0.359163326553733,5,0.0162904139553041,21.6210071921346,0.893673326246222
"VLMC-2","RNF180",0.0282125167193209,0.0983241475273044,0.774163045027167,-0.164499271244799,0.220924304683441,5,0.00406799658249648,7.61868926737838,0.974250021904829
"VLMC-2","KCNE4",0.531799962362957,0.292588271196658,0.0691297244111244,-0.0416625114813306,1.10526243620724,5,0.206306367274248,54.4884919621218,0.657237498135552
"VLMC-2","TTC33",0.27023671126635,0.144025187747194,0.06061195169777,-0.0120474695847687,0.552520892117469,5,0.0197491251474274,18.7452687230573,0.634472119547043
"VLMC-2","COG3",0.0461758117481156,0.108054317322631,0.669132512512117,-0.165606758578304,0.257958382074536,5,0,0,0.960936616113552
"VLMC-2","FBXW4",-0.0545181616481849,0.0855955771130214,0.524172185475137,-0.222282410025628,0.113246086729258,5,2.37730903981377e-06,0.00521319143571544,0.925314633394202
"VLMC-2","FHL5",0.528020898133553,0.439380246088746,0.229464206700424,-0.333148559718735,1.38919035598584,5,0.751047420540991,83.2304753276145,0.835476015240007
"VLMC-2","FBXL3",0.0542661145685053,0.0984648462092046,0.58155024286299,-0.138721437744811,0.247253666881822,5,1.95813446663936e-08,3.43092947569688e-05,0.935326469316026
"VLMC-2","LATS1",0.00201761325865699,0.108719493614937,0.985193730980081,-0.211068678644052,0.215103905161366,5,0.00666509743931934,10.4566400738975,0.997919280210293
"VLMC-2","TMEM131",0.114825811643263,0.0718311397125779,0.109920183679002,-0.0259606351618549,0.25561225844838,5,0,0,0.743385681091789
"VLMC-2","RHEB",-0.212405896995996,0.216425429360296,0.326381904574371,-0.636591943880794,0.211780149888802,5,0.134507910605421,68.2971600845384,0.885943206465361
"VLMC-2","GOSR1",-0.126089733850041,0.111197813611009,0.256826941040507,-0.344033443687216,0.0918539759871346,5,0.0101081609657685,15.6542490961061,0.842480864401571
"VLMC-2","MAP2K2",0.0506915923875227,0.119158348114785,0.670535129065861,-0.182854478374742,0.284237663149787,5,1.71221498998059e-06,0.00207865687379726,0.960936616113552
"VLMC-2","CCM2",-0.0769192256045094,0.102975011257376,0.455081778668039,-0.278746538976573,0.124908087767555,5,0,0,0.920413727425774
"VLMC-2","CLIP2",0.0213242759937384,0.100599265814164,0.832128503204928,-0.175846661873195,0.218495213860671,5,0,0,0.977981353679454
"VLMC-2","PRPF3",0.118123407964983,0.120553431844904,0.327163738914637,-0.118156976663733,0.354403792593698,5,0,0,0.885943206465361
"VLMC-2","R3HDM2",-0.102774645672038,0.0698667673422812,0.141288674775428,-0.239710993379148,0.0341617020350722,5,0,0,0.771582957702176
"VLMC-2","PLS3",0.148256664968836,0.21985853986679,0.500103108575457,-0.282658154863637,0.579171484801308,5,0.138711699321476,69.0059775781638,0.92181451095742
"VLMC-2","CNBP",0.183645817012351,0.119540816694812,0.124474539618651,-0.0506498783919842,0.417941512416687,5,0.0132242714955611,17.7627547196368,0.758021384856679
"VLMC-2","PLEC",0.0135799725748308,0.104727303071377,0.896827645695718,-0.191681769643079,0.218841714792741,5,0.00351844078884938,5.15022881625039,0.988046445118134
"VLMC-2","PIK3C3",-0.0388573278032991,0.0810352717588165,0.631574937448028,-0.197683541927995,0.119968886321397,5,0,0,0.948488775291622
"VLMC-2","CNOT6L",0.0783692091328681,0.0966427704373879,0.417413671762577,-0.111047140290584,0.26778555855632,5,0,0,0.917504708559754
"VLMC-2","WDR44",-0.1309081863212,0.107525757656766,0.223429680084321,-0.341654798738843,0.0798384260964435,5,0,0,0.831141959763804
"VLMC-2","CSNK1A1",0.0842632825985063,0.0772706065187799,0.275494741301204,-0.0671843232418682,0.235710888438881,5,0,0,0.85839310941465
"VLMC-2","KLHDC2",0.0414789089912579,0.110137099899715,0.70646226878088,-0.174385840173873,0.257343658156388,5,0.00287897159730752,4.09413429874995,0.968434829738745
"VLMC-2","SGPL1",0.0962149677127171,0.100209100287349,0.336983744051046,-0.100191259773648,0.292621195199083,5,0,0,0.893673326246222
"VLMC-2","PLXNB2",-0.0863831924161309,0.123489122054104,0.48422670497798,-0.328417424124646,0.155651039292384,5,3.9640705497284e-07,0.000438905223683138,0.920413727425774
"VLMC-2","MSH2",0.0550186293262981,0.124173863988181,0.657709771642329,-0.188357671911712,0.298394930564308,5,0,0,0.954885922421834
"VLMC-2","LYST",0.101775786772023,0.0934020706969007,0.275866308992468,-0.0812889078753665,0.284840481419412,5,0.00521250667429899,11.0015704594015,0.85839310941465
"VLMC-2","KANSL3",0.0479201321999502,0.104518689778038,0.646604856416153,-0.156932735476318,0.252772999876219,5,0,0,0.950035992057582
"VLMC-2","AMFR",-0.0670087898562043,0.104309417919392,0.520610887363676,-0.271451492226549,0.13743391251414,5,0,0,0.925314633394202
"VLMC-2","IST1",0.0796075241831704,0.104596018156055,0.446600225389071,-0.125396904328994,0.284611952695335,5,0,0,0.920413727425774
"VLMC-2","RPS25",0.0186360045933872,0.130283396218623,0.886256968406124,-0.236714759778676,0.27398676896545,5,0,0,0.985694421989932
"VLMC-2","PLA2R1",-0.141506051959143,0.139831099402619,0.311548382214148,-0.415569970706917,0.13255786678863,5,0.0147734721483516,13.7769438582022,0.877270724002829
"VLMC-2","PCMTD1",-0.0621634214194194,0.0744536820994317,0.403758569689902,-0.2080899568507,0.0837631140118613,5,0.000343892958132637,1.05526143657704,0.915088506917903
"VLMC-2","TRAPPC6B",-0.0377983749086624,0.114865332604517,0.742105148580595,-0.26293028988573,0.187333540068405,5,0,0,0.970230263441742
"VLMC-2","SEC61A1",0.026047033505645,0.116612587448979,0.823252357042149,-0.202509438038382,0.254603505049672,5,0,0,0.977652301355658
"VLMC-2","PHACTR1",-0.0427428660163941,0.195594005948997,0.827017349944276,-0.426100073268341,0.340614341235553,5,0.0942406047938147,58.7129700343395,0.977652301355658
"VLMC-2","MYO9B",0.0757119451408996,0.107440554260207,0.481005140089332,-0.134867671688127,0.286291561969926,5,0,0,0.920413727425774
"VLMC-2","ICE1",-0.0188983311937707,0.0840509312557186,0.82210078701466,-0.183635129322031,0.14583846693449,5,0,0,0.977570536414745
"VLMC-2","HBP1",0.069686381926155,0.107260233999106,0.515889590396238,-0.140539813685431,0.27991257753774,5,0,0,0.925314633394202
"VLMC-2","CALCOCO2",0.203507215007762,0.124329606073313,0.101664674324301,-0.0401743351079845,0.447188765123509,5,0.0126360778070209,15.7514641279411,0.743385681091789
"VLMC-2","SF3B1",-0.054216031145962,0.0759327191359915,0.475226611993419,-0.203041425900701,0.0946093636087768,5,0,0,0.920413727425774
"VLMC-2","FBRSL1",0.0771390124902531,0.119612668146147,0.518987642026352,-0.157297509170936,0.311575534151442,5,0,0,0.925314633394202
"VLMC-2","ACVR1",-0.129486858242114,0.118857865146305,0.275966035269052,-0.362443993208191,0.103470276723963,5,0,0,0.85839310941465
"VLMC-2","RAB1A",-0.00873243407189784,0.142086961713272,0.950994161985792,-0.287217761702633,0.269752893558838,5,0.0488663567729147,57.4714734689654,0.996582809694757
"VLMC-2","MSL2",0.0171142929593575,0.110662469527682,0.877094812975991,-0.19978016175516,0.234008747673875,5,0,0,0.984193499791697
"VLMC-2","TGFBR3",-0.000247806999213546,0.123146777864944,0.998394426157791,-0.241611056426658,0.241115442428231,5,2.10979096593889e-06,0.00240617539445392,0.999463793982009
"VLMC-2","ZNF33A",0.00744967091832061,0.0995614134174934,0.940354045073892,-0.187687113629869,0.202586455466511,5,1.11761547731553e-06,0.00186339686301668,0.994661788902949
"VLMC-2","TRPC6",-0.00223371954992647,0.184899560670047,0.990361215650517,-0.364630199220497,0.360162760120644,5,0.0408781010992183,24.3327958293946,0.997919280210293
"VLMC-2","TCEA1",-0.0255499771814167,0.111677342033328,0.819036885544697,-0.244433545455901,0.193333591093068,5,0,0,0.976895319762814
"VLMC-2","OPHN1",-0.0948028184858917,0.0897538780069783,0.290852563253671,-0.270717186852371,0.0811115498805874,5,7.42809262149639e-07,0.00155381837899886,0.868360199133212
"VLMC-2","DNAJA1",0.299128431372504,0.199237238879596,0.133260384409664,-0.0913693812107076,0.689626243955716,5,0.0705124992626026,38.6501157156488,0.770254180677166
"VLMC-2","MAPK6",-0.0966715644057681,0.104977240069978,0.357112466871647,-0.30242317413934,0.109080045327804,5,0,0,0.89567209561799
"VLMC-2","CNTN6",-0.271887905938187,0.225869781902203,0.228691088624655,-0.714584543662422,0.170808731786047,5,0.0807792008206414,33.4523342989012,0.835476015240007
"VLMC-2","LDAH",-0.0709806460618322,0.110780463790696,0.521696479884289,-0.28810636528224,0.146145073158576,5,0,0,0.925314633394202
"VLMC-2","SNX2",-0.0807423374113184,0.114895186915607,0.482212946330509,-0.305932765762906,0.144448090940269,5,2.26146016640667e-06,0.00283613051102444,0.920413727425774
"VLMC-2","FAM120B",-0.110779837604679,0.0719237305419134,0.123501758417718,-0.251747759100593,0.0301880838912344,5,1.52051622084257e-06,0.00496805658577719,0.758021384856679
"VLMC-2","TBC1D12",-0.050571063136097,0.11094677465879,0.648523930398129,-0.268022745668206,0.166880619396012,5,0,0,0.951322686374629
"VLMC-2","SCAI",-0.12885000463648,0.143108289883581,0.367924890879175,-0.409337098697416,0.151637089424456,5,0.0283822385229239,29.2603746099519,0.89782846718252
"VLMC-2","CCDC57",-0.141377945232167,0.125179394685275,0.258727998119622,-0.386725050421831,0.103969159957497,5,0,0,0.842556617303398
"VLMC-2","ST13",0.152150618034569,0.147117215857267,0.301036341108033,-0.13619382655148,0.440495062620617,5,0.026134465143595,24.4172734310896,0.875167889575082
"VLMC-2","BRD1",-0.0202150818894589,0.11361412410805,0.858779880219107,-0.2428946732763,0.202464509497383,5,0,0,0.981579833098383
"VLMC-2","ST7L",0.0360213703203488,0.100541769774669,0.720139253632749,-0.16103687737992,0.233079618020618,5,0,0,0.970230263441742
"VLMC-2","NRXN3",-0.0453787214949157,0.16617985328368,0.784799458233383,-0.371085248887078,0.280327805897247,5,0.0554601459577688,47.2993596203489,0.974616458884373
"VLMC-2","RPL18",0.384892142425339,0.355094384802649,0.278402472818629,-0.31108006290026,1.08086434775094,5,0.446867794899377,84.2132371844736,0.85839310941465
"VLMC-2","EEFSEC",-0.0643451754962078,0.118072682343407,0.585779359589519,-0.295763380447324,0.167073029454909,5,4.5797365990716e-06,0.00551812014325794,0.935326469316026
"VLMC-2","KITLG",-0.0651621560966251,0.130181275174721,0.616688297891886,-0.320312766900577,0.189988454707327,5,0,0,0.94447592451941
"VLMC-2","BBS7",-0.0632665802721639,0.121312740633843,0.602007104074916,-0.301035182780344,0.174502022236016,5,0,0,0.941038996099029
"VLMC-2","UBAP2L",0.0176377002530896,0.10709522486071,0.869186608988481,-0.192265083390121,0.2275404838963,5,0,0,0.984193499791697
"VLMC-2","FSTL1",0.0892412746712131,0.155261123039689,0.565438847012986,-0.215064934685819,0.393547484028245,5,0.0380286207308845,33.3847252808544,0.931979399500039
"VLMC-2","MSN",0.11651856752586,0.124735770852478,0.350240386768462,-0.127959050928838,0.360996185980557,5,0,0,0.89567209561799
"VLMC-2","CTCF",0.0674691524226485,0.13987043064602,0.629543876130697,-0.206671854145659,0.341610158990956,5,0.0174092256445828,17.1738344562968,0.948488775291622
"VLMC-2","TMEM260",-0.00903684308914139,0.0939559955220949,0.923376300933094,-0.193187210444054,0.175113524265771,5,1.31233303767798e-06,0.00239621607107286,0.992159394239645
"VLMC-2","DDX50",0.0791216118192684,0.10846423878405,0.465713064743208,-0.133464389808021,0.291707613446558,5,0,0,0.920413727425774
"VLMC-2","ADCY6",-0.212530388408078,0.133761178937113,0.112087611547709,-0.474697481654437,0.0496367048382821,5,0.022602949913305,25.9895368548953,0.743385681091789
"VLMC-2","ZNF254",-0.0432811795989318,0.087358474477662,0.620287165861862,-0.214500643319511,0.127938284121647,5,1.99456697565273e-06,0.00435814751813061,0.94585748103133
"VLMC-2","TPK1",-0.00172305575692669,0.216217901182268,0.993641668765083,-0.425502354887012,0.422056243373158,5,0.124700663608464,62.0921552328131,0.99809213906412
"VLMC-2","POR",0.0569925930551419,0.111640844052226,0.60970157742167,-0.161819440490874,0.275804626601158,5,0,0,0.94447592451941
"VLMC-2","TNKS2",0.0903941704863683,0.083095259005209,0.276666683174762,-0.0724695444498689,0.253257885422606,5,2.35139371427158e-06,0.00573080948386041,0.85839310941465
"VLMC-2","PRICKLE1",0.178993775142853,0.393477048440964,0.64917923412637,-0.592207068544558,0.950194618830265,5,0.556712997699998,82.4771281462289,0.951563809847978
"VLMC-2","DDX18",-0.00599469853937542,0.118475057939803,0.959645200380748,-0.238201545167686,0.226212148088935,5,0,0,0.996582809694757
"VLMC-2","FBXO11",0.0472133946356818,0.0636801711422741,0.45844222782539,-0.0775974473325224,0.172024236603886,5,2.16399086461288e-06,0.00879143885351068,0.920413727425774
"VLMC-2","TET2",-0.0340291803050412,0.0895211655923353,0.703853066397562,-0.209487440720065,0.141429080109982,5,4.88203915791933e-06,0.0101068863944916,0.967982104088269
"VLMC-2","FAM204A",0.054387785184265,0.0993913833865135,0.584235667431637,-0.140415746626914,0.249191316995444,5,7.40821833892896e-06,0.0127308859215647,0.935326469316026
"VLMC-2","MGAT5",0.072795528679694,0.084268710702011,0.387670277591745,-0.0923681093198726,0.237959166679261,5,3.07495345528226e-07,0.000689296514422426,0.905390969574045
"VLMC-2","ZNF83",0.175403406748387,0.0971766282119234,0.0710753377085316,-0.015059284686022,0.365866098182795,5,0,0,0.659325903046859
"VLMC-2","FRMD6",-0.286952620902276,0.15592081748035,0.065713345698558,-0.592551807603805,0.0186465657992532,5,0.0366754981728503,31.4346940685338,0.642615392238224
"VLMC-2","DDX6",0.0149277315302812,0.0823477503536705,0.856150364251296,-0.146470893370808,0.176326356431371,5,0,0,0.980957024980027
"VLMC-2","HACE1",0.0515763163570658,0.0971000645847443,0.595303298799098,-0.138736313125546,0.241888945839678,5,0,0,0.938425631284051
"VLMC-2","MFSD11",-0.181247359041049,0.120221049835556,0.131652450276502,-0.416876286902334,0.0543815688202356,5,0.000771216417321446,0.922389044059519,0.769238322363113
"VLMC-2","TTC8",-0.118175951280881,0.143242712221704,0.409368762005142,-0.398926508283256,0.162574605721494,5,0.0195480425860072,18.6047436770794,0.915088506917903
"VLMC-2","VPS29",0.12797863293488,0.111382586129104,0.250555827126296,-0.0903272243830945,0.346284490252855,5,0,0,0.842480864401571
"VLMC-2","PKIG",-0.0544736142008095,0.0907042068574821,0.54813091450951,-0.232250592887745,0.123303364486126,5,0,0,0.928293059793464
"VLMC-2","SEC23A",-0.138321185707018,0.100633711571192,0.169286050446674,-0.335559636017147,0.0589172646031105,5,0.0048365773926519,8.3009563451172,0.805485535647258
"VLMC-2","LRPAP1",-0.0581942381528327,0.110442295689236,0.598249246937727,-0.274657160073658,0.158268683767992,5,0,0,0.940423033887883
"VLMC-2","CENPC",0.144340374013163,0.0839979311503623,0.085727306197128,-0.0202925458174219,0.308973293843748,5,0,0,0.705731682680206
"VLMC-2","ZNF532",-0.0725641502702527,0.0737441152621219,0.325115907264887,-0.217099960255782,0.0719716597152768,5,0.00110751606580344,3.41117943580196,0.885943206465361
"VLMC-2","MTMR1",-0.00352313424476674,0.105840875633086,0.973445652571664,-0.210967438577799,0.203921170088265,5,0,0,0.996582809694757
"VLMC-2","STUB1",-0.013704486633298,0.124969558881825,0.912676963072653,-0.258640321205533,0.231231347938937,5,1.02908865214414e-06,0.00113626752134467,0.991152181757771
"VLMC-2","VPS45",0.0900356857579958,0.0958940475288431,0.347777995478783,-0.0979131937303088,0.2779845652463,5,0,0,0.89567209561799
"VLMC-2","ANKRD6",-0.0392937590088809,0.112916972362068,0.727849144819127,-0.260606958081839,0.182019440064077,5,0,0,0.970230263441742
"VLMC-2","UBE3A",0.0229134086809537,0.0867862856635566,0.791763677096727,-0.147184585571622,0.193011402933529,5,0.0109011152573585,30.7767880304994,0.974616458884373
"VLMC-2","LIN52",-0.182381702788557,0.131915187291536,0.166797398930923,-0.440930718893823,0.0761673133167099,5,0.00314192153142864,3.20494443207581,0.804902642351254
"VLMC-2","REV3L",0.144668079486891,0.0762065390659987,0.0576475799156181,-0.00469399246891139,0.294030151442693,5,0,0,0.627593717916309
"VLMC-2","GLMN",-0.0590252856838998,0.116592667662045,0.612679667469105,-0.287542715162956,0.169492143795157,5,0,0,0.94447592451941
"VLMC-2","SYTL2",-0.208038296828865,0.225274576973635,0.355753116907485,-0.649568354329686,0.233491760671957,5,0.124094128087846,55.9646138524206,0.89567209561799
"VLMC-2","TM2D1",-0.00657390872939383,0.100993614120647,0.948100494578905,-0.204517755074398,0.19136993761561,5,0,0,0.996582809694757
"VLMC-2","ULK2",-0.0215873751394689,0.102045157218494,0.832460245136743,-0.221592208084445,0.178417457805507,5,0,0,0.977981353679454
"VLMC-2","FSD1L",-0.122464417912689,0.205103409357931,0.550449822423904,-0.524459713360608,0.279530877535231,5,0.0975180326881615,53.6721025833745,0.928293059793464
"VLMC-2","RUBCN",-0.136729172635511,0.109361029915054,0.211206417226061,-0.351072852581224,0.0776145073102019,5,7.06835389861101e-07,0.000975113810809181,0.817604588663371
"VLMC-2","ZNF302",0.016784615641233,0.120112114759634,0.88886444267579,-0.218630803394591,0.252200034677057,5,0,0,0.98651454704958
"VLMC-2","SLC3A2",0.0943025369903472,0.203586138719823,0.643215955434035,-0.304718962652082,0.493324036632776,5,0.0939940985572609,52.4858614228575,0.950035992057582
"VLMC-2","ITGA1",-0.0965759026890742,0.094486054320652,0.306725025651996,-0.281765166198847,0.0886133608206989,5,0,0,0.877270724002829
"VLMC-2","LMNA",-0.202790316642716,0.116833308308274,0.0826127395156782,-0.431779393121597,0.026198759836165,5,0,0,0.693222146719586
"VLMC-2","RPS2",0.199367778799381,0.135855564726765,0.142240614372277,-0.0669042351644289,0.465639792763191,5,0,0,0.771770043142483
"VLMC-2","GDI2",-0.051865649812005,0.0994881292440772,0.602140382442087,-0.246858800019662,0.143127500395652,5,0,0,0.941038996099029
"VLMC-2","NISCH",-0.0360032801520881,0.109699979790215,0.742762192995446,-0.251011289645682,0.179004729341505,5,0.00521430665133529,7.58667265429642,0.970230263441742
"VLMC-2","USP37",0.00100168255858039,0.100911746319605,0.99208007043017,-0.196781705844889,0.198785070962049,5,0,0,0.997919280210293
"VLMC-2","SDC3",-0.13673719315545,0.105642461550921,0.195548236121617,-0.343792613033412,0.0703182267225122,5,4.21628048643061e-06,0.0059584410134858,0.812975415007207
"VLMC-2","WASF2",0.0961679455514439,0.135653334411313,0.478371452665503,-0.169707704277498,0.362043595380385,5,0.0391147435156366,48.1634774338722,0.920413727425774
"VLMC-2","GNA11",-0.24598184774068,0.253950871561755,0.332734910196093,-0.743716409844278,0.251752714362918,5,0.186158449539734,69.4047875439135,0.888349395158458
"VLMC-2","LPL",0.0651734589027402,0.149047849155114,0.661918926215818,-0.226954957414442,0.357301875219923,5,0,0,0.95688784956429
"VLMC-2","RPS16",0.211589316084045,0.187549144547413,0.259243633515255,-0.156000252560181,0.57917888472827,5,0.0487698241951997,28.9423408635619,0.842604428159728
"VLMC-2","ANP32A",0.00850990882113891,0.109025969630552,0.937785128919767,-0.205177065034301,0.222196882676578,5,0,0,0.994661788902949
"VLMC-2","CSNK2A1",0.0792048543998184,0.0854763650459838,0.354119340033151,-0.0883257426197081,0.246735451419345,5,6.72030894216909e-07,0.00157240028292829,0.89567209561799
"VLMC-2","RPL37A",-0.0244658212182384,0.103639964742734,0.813381836032395,-0.227596419472999,0.178664777036522,5,0,0,0.975765582377835
"VLMC-2","KLHDC1",-0.251853036788624,0.112015069780418,0.024551631424507,-0.471398539283985,-0.032307534293263,5,1.27429136506274e-07,0.000172238410320427,0.463446268066844
"VLMC-2","CLMN",-0.0517228188107838,0.0906906056238712,0.568459537201426,-0.229473139569697,0.126027501948129,5,2.3096092104623e-06,0.00441191317201722,0.933283495922693
"VLMC-2","PLAGL1",-0.113789947355118,0.115600561348545,0.324949683051324,-0.340362884190879,0.112782989480643,5,4.75391372948144e-05,0.0601905511142505,0.885943206465361
"VLMC-2","HMGN1",0.0810716689637863,0.114711079305647,0.479723944845697,-0.143757915103,0.305901253030573,5,0,0,0.920413727425774
"VLMC-2","GGT7",0.000850470237255007,0.11378047453021,0.994036140595828,-0.222155161985834,0.223856102460344,5,4.88584039342842e-08,6.3773625835857e-05,0.998105664113923
"VLMC-2","ABCA10",0.342897122269437,0.456941518431588,0.453003017186765,-0.55269179689752,1.23848604143639,5,0.875252219206844,91.2011970881413,0.920413727425774
"VLMC-2","GALK2",-0.042115177227642,0.10546630321878,0.689654826459607,-0.248825333119031,0.164594978663747,5,0,0,0.96509154879379
"VLMC-2","GMPS",-0.161954996231423,0.110974878535862,0.14445936273836,-0.37946176135042,0.0555517688875748,5,4.71807818010409e-07,0.000644509201960314,0.774161722178758
"VLMC-2","EYA3",-0.0189889702818285,0.11006287069281,0.863022141121657,-0.234708232874826,0.196730292311169,5,6.59596184144976e-07,0.00091957412490086,0.98280517357253
"VLMC-2","RAC1",0.0593995006519792,0.0927276492515661,0.52179543529895,-0.122343352252153,0.241142353556111,5,0.00179707191409255,3.59803927341802,0.925314633394202
"VLMC-2","LAMP2",0.010692314850029,0.107853316477642,0.921029048803446,-0.20069630105935,0.222080930759408,5,0.00820464593917494,13.2739820758792,0.991152181757771
"VLMC-2","SFPQ",-0.032118960102906,0.0762956755954382,0.673769623207956,-0.181655736446116,0.117417816240304,5,0.00458892727089118,15.0578481561233,0.961522787115495
"VLMC-2","NAA35",-0.0157244258298262,0.0906027559605253,0.862216375254529,-0.193302564412527,0.161853712752875,5,9.84606054184643e-08,0.000197616188892336,0.982701090667942
"VLMC-2","ANKRD36C",-0.117346341448073,0.128961885459152,0.36285921048357,-0.37010699232639,0.135414309430245,5,0.0283956818366477,38.3727766636749,0.897542929460831
"VLMC-2","CASD1",-0.0615506114910251,0.0953290192452011,0.518496330076239,-0.248392055893145,0.125290832911095,5,0,0,0.925314633394202
"VLMC-2","ATRN",-0.184021844676422,0.0862575179975925,0.0328918740635423,-0.353083473347519,-0.0149602160053255,5,0,0,0.510102882978777
"VLMC-2","STK24",-0.125233970497154,0.110770429661099,0.258235185743391,-0.342340023184935,0.0918720821906263,5,0.0117526239561865,18.4949638124207,0.842556617303398
"VLMC-2","PCMT1",-0.126658208001774,0.118297075048032,0.284313735161926,-0.358516214572347,0.1051997985688,5,0,0,0.861165950688865
"VLMC-2","HSPA1A",0.444751315543965,0.355474544262349,0.210880434115497,-0.251965988631029,1.14146861971896,5,0.344034693437436,60.1135854798167,0.817604588663371
"VLMC-2","SMG7",0.0120509280997574,0.093707015308892,0.897672427312869,-0.171611447004414,0.195713303203929,5,0.00216023112079061,4.18310696177094,0.988046445118134
"VLMC-2","CFH",0.0252218532677938,0.117764048365155,0.830412324342703,-0.205591440201544,0.256035146737131,5,7.56248562352997e-07,0.000851426648709499,0.977652301355658
"VLMC-2","MAP3K1",-0.296210177543211,0.186396619718787,0.112028966513377,-0.661540839032043,0.069120483945621,5,0.0767975719785571,50.003251656373,0.743385681091789
"VLMC-2","NAA16",0.0527883615333463,0.104675852692687,0.614048368999828,-0.15237253979534,0.257949262862033,5,4.09512754877754e-06,0.00641763749679076,0.94447592451941
"VLMC-2","EIF3B",0.00437583782902634,0.11626320633742,0.969976835969387,-0.223495859319467,0.232247534977519,5,2.18348192780342e-07,0.00026258216887989,0.996582809694757
"VLMC-2","PPP2R1B",0.0634258078319537,0.177211421218378,0.720410379443819,-0.283902195405225,0.410753811069132,5,0.068961022766353,49.5918559283544,0.970230263441742
"VLMC-2","PTAR1",0.0104601341966415,0.0958518908682207,0.913100891834702,-0.177406119755135,0.198326388148418,5,0,0,0.991152181757771
"VLMC-2","PTBP3",-0.108753413015446,0.100761369054573,0.280446638481663,-0.306242067395359,0.0887352413644659,5,0,0,0.85839310941465
"VLMC-2","CPNE8",0.108152151177481,0.106328228510993,0.309080317099815,-0.10024734724401,0.316551649598971,5,0,0,0.877270724002829
"VLMC-2","NLK",0.004609305597665,0.0940121763499245,0.960896332534748,-0.179651174156415,0.188869785351745,5,0.00677121765675877,14.450470329527,0.996582809694757
"VLMC-2","ZSWIM5",-0.217333814645125,0.0902282908083125,0.0160089994284375,-0.394178015016024,-0.0404896142742261,5,0,0,0.406956425281991
"VLMC-2","UBXN2A",-0.0270327929959047,0.0992817240692023,0.785403905285228,-0.221621396494585,0.167555810502775,5,6.81945405438336e-07,0.00118824160578234,0.974616458884373
"VLMC-2","TGFBR2",0.02518333601208,0.111208603657161,0.82085041038969,-0.192781521926944,0.243148193951104,5,0,0,0.977119879883552
"VLMC-2","HBS1L",0.170053704811415,0.137399557186483,0.215842780741278,-0.0992444787658439,0.439351888388673,5,0.0312521249721217,35.782392246657,0.823539031660366
"VLMC-2","PRKRIP1",-0.0845116878303373,0.0939270700449126,0.368248737494739,-0.268605362291737,0.0995819866310622,5,4.76680084617026e-07,0.00089943499953793,0.89782846718252
"VLMC-2","CC2D2A",-0.133194337071951,0.0962009994316709,0.166192515919131,-0.321744831234784,0.0553561570908821,5,0,0,0.80480499206555
"VLMC-2","ILK",0.0814891006987532,0.123958857460448,0.510931282471284,-0.161465795488459,0.324443996885966,5,0,0,0.925066110997523
"VLMC-2","BCLAF1",-0.000241367997570597,0.0783647838061169,0.997542473993021,-0.153833521913827,0.153350785918686,5,0,0,0.999324860783955
"VLMC-2","PIP5K1A",-0.0695235501298954,0.0901421689137413,0.440549543319671,-0.246198954689155,0.107151854429364,5,0,0,0.920413727425774
"VLMC-2","KLHL2",0.0362687137847489,0.118498389251044,0.759551915823547,-0.195983861373306,0.268521288942804,5,0,0,0.971989194774757
"VLMC-2","SUDS3",0.0515167787359264,0.109853594833778,0.639099288981653,-0.163792310710534,0.266825868182387,5,0,0,0.948488775291622
"VLMC-2","SNX29",-0.135181841959791,0.0809786435734759,0.0950476860107688,-0.293897066880709,0.023533382961128,5,0,0,0.719601643876351
"VLMC-2","LPIN2",-0.0564115605040254,0.107222433876933,0.598806818842998,-0.266563669237542,0.153740548229491,5,5.66133307455047e-06,0.00793370509528883,0.940423033887883
"VLMC-2","PHLDB1",-0.145188794909254,0.153219761483828,0.343340608419636,-0.445494009137374,0.155116419318866,5,0.0468249219857148,46.5095948038961,0.89567209561799
"VLMC-2","UBE2G2",0.123605400969766,0.153693683542969,0.421262916738166,-0.177628683425751,0.424839485365282,5,0.0489495632041999,47.8742172696533,0.918385553453722
"VLMC-2","CPEB3",-0.110888157158671,0.0846556521982263,0.190238786267476,-0.276810186554944,0.0550338722376014,5,7.9650986686521e-06,0.0174908847733665,0.812975415007207
"VLMC-2","INO80",-0.0474074058300809,0.086836968606637,0.585110101024471,-0.217604736825725,0.122789925165563,5,0,0,0.935326469316026
"VLMC-2","WBP1L",-0.113373142253994,0.0953520144395289,0.234441329725434,-0.300259656408814,0.0735133719008261,5,4.06131428645464e-07,0.000724622813442432,0.835476015240007
"VLMC-2","LGALS1",-0.00144690481163506,0.147739255625844,0.992185932233043,-0.291010524941046,0.288116715317776,5,0,0,0.997919280210293
"VLMC-2","SCAF11",-0.0344772381306408,0.0745924784983854,0.643932187715881,-0.180675809505054,0.111721333243773,5,5.12716161524583e-06,0.0153399265890173,0.950035992057582
"VLMC-2","STRAP",-0.0307785790531978,0.109874428836799,0.779381572349197,-0.246128502395233,0.184571344288838,5,4.02256495878503e-06,0.00557748814377577,0.974616458884373
"VLMC-2","RAB4A",0.128273921217633,0.171060911229712,0.453331329238155,-0.206999303955205,0.46354714639047,5,0.0528789504926236,39.1974967011565,0.920413727425774
"VLMC-2","USP10",-0.19436476790298,0.264704640494818,0.462783987422031,-0.713176329813446,0.324446794007486,5,0.236232325525069,79.4006407433639,0.920413727425774
"VLMC-2","INF2",-0.0973437690884573,0.0974706271568264,0.317940767767754,-0.288382687866369,0.0936951496894541,5,1.55815840849653e-06,0.00273481106317551,0.882469259711818
"VLMC-2","PTPN2",0.155134460892226,0.11878792169415,0.191559900344426,-0.0776855874266709,0.387954509211124,5,0,0,0.812975415007207
"VLMC-2","EIF5B",0.0828738877027914,0.12330935384726,0.501532060004132,-0.158808004794744,0.324555780200327,5,0.013136127891294,16.66759203576,0.92181451095742
"VLMC-2","EDNRA",0.0936476596438352,0.111712100451281,0.401865222304627,-0.125304033877995,0.312599353165666,5,1.83156527081267e-06,0.00228253638625412,0.915088506917903
"VLMC-2","USP14",-0.0265400390757583,0.0882475036181731,0.763608574551494,-0.199501967892946,0.146421889741429,5,0,0,0.972218195929783
"VLMC-2","CDC14B",0.0121566213254291,0.0932430285079229,0.896269223197635,-0.170596356359541,0.194909599010399,5,5.66686838698753e-06,0.0106548493986942,0.988046445118134
"VLMC-2","PRPSAP1",-0.050375906917121,0.105094934494693,0.631698793825446,-0.256358193484316,0.155606379650074,5,0,0,0.948488775291622
"VLMC-2","IQGAP1",-0.0443444109462659,0.0901979832494297,0.622977980608816,-0.221129209593295,0.132440387700763,5,6.7094510625869e-06,0.0129908303165517,0.947077742412412
"VLMC-2","EPS15",-0.123816970599009,0.0767508830755374,0.106694141988709,-0.274245937208707,0.0266119960106888,5,0.00457295391938352,14.8004890760911,0.743385681091789
"VLMC-2","SAMD8",0.0319288324590395,0.0972372128698197,0.742639318018879,-0.158652602722862,0.222510267640941,5,0,0,0.970230263441742
"VLMC-2","SCAF8",0.0258392314479694,0.0745737732839891,0.728972838249615,-0.120322678379904,0.172001141275843,5,0,0,0.970230263441742
"VLMC-2","HLA-B",0.079265328034117,0.132767781757354,0.550492484117775,-0.180954742517572,0.339485398585806,5,0.00299383385577708,2.80898494628876,0.928293059793464
"VLMC-2","IGF1R",0.036349041954784,0.0996368567217647,0.715249341949533,-0.158935608752652,0.23163369266222,5,4.53496623737798e-06,0.0070617071285833,0.970230263441742
"VLMC-2","HNRNPL",-0.0428087041156313,0.11236834254517,0.703227248439224,-0.263046608506625,0.177429200275362,5,1.11325883776224e-07,0.000145143142540561,0.967813462982102
"VLMC-2","PTTG1IP",-0.0545088951395781,0.112926971389337,0.629314762180444,-0.275841691945864,0.166823901666708,5,0,0,0.948488775291622
"VLMC-2","MAPK8IP3",-0.138523916573208,0.0876799051508907,0.114133859045541,-0.310373372836842,0.0333255396904259,5,5.48174502606603e-08,0.000112426334459828,0.743385681091789
"VLMC-2","BORCS5",-0.083482238212408,0.11245734870386,0.457877861437802,-0.303894591468837,0.136930115044021,5,5.14319504028891e-06,0.00700756853152456,0.920413727425774
"VLMC-2","SSBP4",-0.0839028345730692,0.116458194237088,0.471245180913268,-0.312156700982332,0.144351031836193,5,0,0,0.920413727425774
"VLMC-2","ATF4",-0.081503206456388,0.122418155231525,0.505553573316059,-0.321438381764011,0.158431968851235,5,0,0,0.922278861515846
"VLMC-2","CBX7",0.0681942032737147,0.111130429062839,0.539452490937893,-0.149617435275933,0.286005841823362,5,0,0,0.925314633394202
"VLMC-2","ZNF708",0.00164246708796763,0.108815416282939,0.987957134976247,-0.211631829789326,0.214916763965261,5,2.29056766413628e-07,0.000314555177990596,0.997919280210293
"VLMC-2","PPP3CC",-0.0990834296366175,0.121414443588392,0.414456593370803,-0.337051366272836,0.138884506999601,5,0.0286201311760886,43.56764924868,0.915968683628608
"VLMC-2","SUSD6",0.0155026042484277,0.100342997556689,0.877218566694139,-0.181166057063474,0.212171265560329,5,0,0,0.984193499791697
"VLMC-2","TBX2",-0.0309017022293348,0.148158523953876,0.834782462428451,-0.321287073181547,0.259483668722877,5,0.0239157611732537,21.6892636734858,0.977981353679454
"VLMC-2","ASXL3",-0.0489792943449042,0.122304944027893,0.688811378441865,-0.288692579770762,0.190733991080954,5,0,0,0.96509154879379
"VLMC-2","CAPZA2",0.00384439067023414,0.100396590618543,0.969454834065765,-0.192929311112723,0.200618092453191,5,2.83264595183327e-06,0.00481238626509889,0.996582809694757
"VLMC-2","EIF1B",0.026218173354516,0.123444266350641,0.831803762225497,-0.215728142790709,0.268164489499741,5,0,0,0.977981353679454
"VLMC-2","MAN2A1",0.067229903344539,0.0780904181291526,0.38927998555293,-0.0858245037262738,0.220284310415352,5,0,0,0.905390969574045
"VLMC-2","HSPA12A",-0.22961178041159,0.171621928976599,0.180931313677025,-0.565984580163015,0.106761019339835,5,0.0636565683690921,51.4029714118171,0.812975415007207
"VLMC-2","IFITM3",0.388646207526068,0.249703624778575,0.119605880989734,-0.100763903849043,0.878056318901179,5,0.144621495520409,52.5170004105317,0.754885898029018
"VLMC-2","AKAP8L",-0.00165974503028197,0.0838372871501687,0.984205137353945,-0.165977808406155,0.162658318345591,5,0,0,0.997919280210293
"VLMC-2","PCMTD2",-0.163643204758042,0.175122453150571,0.350071732610749,-0.506876905817464,0.179590496301381,5,0.062749607276745,46.5679582176391,0.89567209561799
"VLMC-2","TMEM47",-0.025230147639317,0.125980855028317,0.841269660885209,-0.272148086236379,0.221687790957745,5,2.81473787577201e-06,0.0030393856939974,0.978910805678949
"VLMC-2","FLOT1",-0.103000247374472,0.132920812391194,0.438399152933858,-0.363520252457018,0.157519757708073,5,0,0,0.920413727425774
"VLMC-2","POMP",0.0898714883882842,0.126006354951021,0.475703563784389,-0.157096429138888,0.336839405915457,5,0,0,0.920413727425774
"VLMC-2","MED12L",-0.228639862675284,0.109485575190803,0.0367698461041992,-0.443227646875909,-0.0140520784746589,5,0.0018189124149005,2.58889782598343,0.536251459404502
"VLMC-2","FBXO28",0.00215609574941279,0.106827004678647,0.983897342010023,-0.207220985997027,0.211533177495852,5,0,0,0.997919280210293
"VLMC-2","TAPBP",-0.0723864744908423,0.198654539884005,0.715571512251391,-0.461742218028869,0.316969269047184,5,0.0845739130493474,49.2132972587667,0.970230263441742
"VLMC-2","UBE2N",0.150611414612298,0.109052082467796,0.167249389715674,-0.0631267394636739,0.36434956868827,5,0,0,0.804902642351254
"VLMC-2","EML4",-0.102240304791328,0.0947743215560067,0.280687402008357,-0.28799456170032,0.0835139521176629,5,0,0,0.85839310941465
"VLMC-2","SMARCA1",-0.026470549529075,0.0961337052485073,0.7830462849062,-0.214889149516538,0.161948050458388,5,0,0,0.974616458884373
"VLMC-2","INTS10",0.123140438350937,0.104863149426467,0.240276250358682,-0.0823875578303796,0.328668434532254,5,0,0,0.840926918484417
"VLMC-2","TBRG1",-0.0912935474388921,0.11491343546597,0.426930626292114,-0.316519742291961,0.133932647414177,5,1.25187199861455e-08,1.63568754131483e-05,0.918385553453722
"VLMC-2","SAMD4B",0.11984927412247,0.111229274854428,0.281258032766935,-0.0981560986187154,0.337854646863656,5,0.00805964520167219,12.1860408900611,0.858762445500743
"VLMC-2","CATSPER2",0.0218703757557222,0.112550586528411,0.845928486156185,-0.198724720278823,0.242465471790268,5,0,0,0.980957024980027
"VLMC-2","IFT43",-0.103054475989559,0.11961886525985,0.388949726309475,-0.337503143770414,0.131394191791296,5,0.00759303092741554,9.69099507225961,0.905390969574045
"VLMC-2","PRPF6",0.00158626978160056,0.109878315228035,0.988481656249658,-0.213771270747287,0.216943810310488,5,0,0,0.997919280210293
"VLMC-2","USP40",-0.128337565168414,0.09248835533188,0.165256498750237,-0.309611410608242,0.0529362802714138,5,0,0,0.80480499206555
"VLMC-2","DEK",0.043122830034373,0.0942476747361472,0.647277248136134,-0.141599218075121,0.227844878143867,5,0,0,0.950432414984703
"VLMC-2","PCYOX1",0.358034437683405,0.321209149858219,0.26500222510367,-0.271523927543433,0.987592802910243,5,0.349359087722535,79.0883346305463,0.8563568542255
"VLMC-2","TYW1",-0.0703665639371268,0.0882781590213303,0.425392670988829,-0.243388576240434,0.10265544836618,5,0,0,0.918385553453722
"VLMC-2","NUP58",0.132097779189974,0.102407834699271,0.197078893459762,-0.0686178885553287,0.332813446935277,5,0,0,0.812975415007207
"VLMC-2","CREM",0.0193467102509974,0.222702660902709,0.93077295383104,-0.417142484379548,0.455835904881543,5,0.112466976543013,51.108226002379,0.994322075797909
"VLMC-2","PALM",-0.0500061462515554,0.117364863743489,0.670053743123829,-0.280037052239244,0.180024759736133,5,0,0,0.960936616113552
"VLMC-2","EXOC5",-0.0205640320476839,0.106502599756923,0.846892564783382,-0.229305291831137,0.188177227735769,5,0,0,0.980957024980027
"VLMC-2","SPCS3",0.0330280332889253,0.146339977201819,0.821439539414181,-0.253793051525053,0.319849118102904,5,0.0373721775016723,39.3774580864739,0.97732621200151
"VLMC-2","TMX3",0.0521344252392184,0.134820052632055,0.698981002266057,-0.212108022313404,0.316376872791841,5,0.0271118413266149,31.6938924204139,0.967813462982102
"VLMC-2","RPL14",0.0378524032640054,0.119423789441847,0.751274977076129,-0.19621392293931,0.271918729467321,5,0,0,0.970230263441742
"VLMC-2","RPS28",0.0570402477917601,0.162984663268583,0.726358885972849,-0.262403822247051,0.376484317830571,5,0.0374426726251334,29.382461068873,0.970230263441742
"VLMC-2","ENSA",0.103281002233571,0.0767143064505212,0.178203552544671,-0.0470762755084189,0.253638279975562,5,2.3275237865537e-06,0.00631821764411786,0.812975415007207
"VLMC-2","ZDBF2",0.0162520600244699,0.173038939237979,0.925171591496974,-0.322898028804984,0.355402148853924,5,0.0501147038413643,36.3491094217817,0.992159394239645
"VLMC-2","DYM",0.0566666338867822,0.0733469333521437,0.439768885111234,-0.0870907138598792,0.200423981633444,5,0.00181441363293975,5.92360241934608,0.920413727425774
"VLMC-2","CSNK1G3",-0.00498095621046838,0.0968482219650607,0.958982450745492,-0.194799983228728,0.184838070807791,5,0,0,0.996582809694757
"VLMC-2","KDM3B",-0.137149966520034,0.0979620385999051,0.161503804304519,-0.32915203402797,0.0548521009879025,5,0.00677537690666092,12.4959152436563,0.798968820118239
"VLMC-2","SLC44A2",-0.0649952500450662,0.116844061499238,0.578035628949722,-0.294005402390956,0.164014902300824,5,0,0,0.935184809587821
"VLMC-2","MYO1B",-0.284644739464601,0.0915036713960736,0.00186614971587247,-0.463988639854093,-0.105300839075109,5,0,0,0.179363646976999
"VLMC-2","MAP2K6",0.101786452701926,0.24286245528136,0.675134632133169,-0.374215212846509,0.577788118250362,5,0.136442831577933,50.6130038980928,0.961522787115495
"VLMC-2","NAPB",-0.0175416904947517,0.109262043102211,0.872450220853029,-0.231691359852349,0.196607978862845,5,0.00622035226348201,9.34082242109891,0.984193499791697
"VLMC-2","NPC1",-0.020713968869711,0.104854734398308,0.84339778410188,-0.226225471898908,0.184797534159486,5,4.77866497314993e-06,0.00706497209726457,0.980031138417521
"VLMC-2","DZIP1",-0.106521704753196,0.095292389656779,0.263635065855972,-0.29329135648124,0.0802479469748479,5,0.00495127734341022,9.84915136349558,0.853503843776174
"VLMC-2","STAM2",-0.0300320832572132,0.110525862793876,0.785837350999579,-0.246658793693425,0.186594627178999,5,0.0109154252975819,17.341228682037,0.974616458884373
"VLMC-2","SNRNP70",-0.0408243821413632,0.0741381728390386,0.581871801916224,-0.186132530785485,0.104483766502758,5,0,0,0.935326469316026
"VLMC-2","SETD3",-0.197583491002426,0.182208293759236,0.278195225328308,-0.554705184455022,0.15953820245017,5,0.0860869023787745,62.9039002771475,0.85839310941465
"VLMC-2","LIN7A",0.0655951950241376,0.0978492887395904,0.502622166722738,-0.12618588681832,0.257376276866595,5,0,0,0.92181451095742
"VLMC-2","DCAF7",0.051820638663474,0.22412655822271,0.817150493048441,-0.387459343431958,0.491100620758906,5,0.137948593370912,62.9592730089989,0.976132496592887
"VLMC-2","CNOT2",-0.0362923661094115,0.135792756116746,0.789266747825673,-0.302441277459664,0.229856545240842,5,0.0427763132666878,54.302980016556,0.974616458884373
"VLMC-2","RBPMS",0.157570257996276,0.210491605283591,0.454109095348237,-0.254985707407584,0.570126223400136,5,0.13303358196171,70.4878554989383,0.920413727425774
"VLMC-2","NEK9",-0.0369257454020092,0.0985960168186975,0.708020760079926,-0.230170387385762,0.156318896581743,5,0,0,0.969386177008087
"VLMC-2","CTIF",-0.32341798564344,0.347741760278715,0.352344063281529,-1.00497931171028,0.358143340423401,5,0.465969024339727,90.6129337295196,0.89567209561799
"VLMC-2","BHLHE40",-0.0432666313536074,0.178880748944134,0.808877671049631,-0.393866456811662,0.307333194104447,5,0.0275106295922108,16.754964109407,0.97564162259267
"VLMC-2","PELI2",-0.0203969959549525,0.0956752357023852,0.831178829333288,-0.207917012144008,0.167123020234103,5,0,0,0.977652301355658
"VLMC-2","FEZ2",-0.16822437118459,0.0959480480379589,0.0795529241159992,-0.356279089725909,0.0198303473567282,5,0,0,0.684891756148987
"VLMC-2","PSMA7",0.0163680108559951,0.122509412260274,0.893714021152769,-0.223746024941312,0.256482046653302,5,0,0,0.9877336927716
"VLMC-2","SCMH1",-0.0957323649155693,0.138175560092232,0.488415372625406,-0.366551486239994,0.175086756408856,5,0.0423131634027149,52.0578745615681,0.920413727425774
"VLMC-2","SMAD4",0.0283497351881883,0.0919701181755577,0.757892553544381,-0.151908384089797,0.208607854466174,5,0,0,0.971989194774757
"VLMC-2","NHLRC2",-0.0977904534424177,0.0987187519368238,0.321882631143715,-0.291275651837336,0.0956947449525007,5,0,0,0.885943206465361
"VLMC-2","TNS3",-0.131632718436504,0.0991007101841998,0.184088199839175,-0.325866541239877,0.0626011043668695,5,0,0,0.812975415007207
"VLMC-2","PRMT2",0.0173212800806679,0.128558796435392,0.892821949068446,-0.234649330828517,0.269291890989853,5,0.0287643249120012,38.5151008458654,0.9877336927716
"VLMC-2","PSMF1",0.0226443035194275,0.104059287454489,0.82773327705998,-0.181308152148272,0.226596759187127,5,0,0,0.977652301355658
"VLMC-2","UBE4A",0.0382696387945257,0.113433966182695,0.735835195298533,-0.184056849547092,0.260596127136143,5,2.64114425168593e-07,0.000352242935093917,0.970230263441742
"VLMC-2","EXOC7",-0.00708428498844929,0.114880202379859,0.950828245078637,-0.232245344189645,0.218076774212746,5,0,0,0.996582809694757
"VLMC-2","LNPK",-0.0681315818015912,0.0996360559836258,0.494098635052629,-0.263414663091114,0.127151499487932,5,3.04944394798187e-06,0.00512489454137055,0.920905474632577
"VLMC-2","POLR2A",-0.0349343171924085,0.108379497204043,0.747200234991559,-0.247354228374892,0.177485593990075,5,3.63079099747386e-06,0.00525230173601172,0.970230263441742
"VLMC-2","SEC24B",-0.0207147883852133,0.0735847646812484,0.778319871168352,-0.164938276971315,0.123508700200888,5,1.3071505719661e-07,0.000388486987530355,0.974616458884373
"VLMC-2","GOLM1",-0.191322806467424,0.450407056484853,0.670998844010325,-1.07410441556043,0.691458802625585,5,0.838645090184065,91.2553747708842,0.960936616113552
"VLMC-2","STXBP5L",-0.0120039966361747,0.203671045938102,0.953001363802537,-0.411191911368457,0.387183918096107,5,0.0967388930677923,57.9161944199564,0.996582809694757
"VLMC-2","UGP2",-0.082335953934351,0.0875819615863836,0.34716537958897,-0.253993444339033,0.0893215364703313,5,0,0,0.89567209561799
"VLMC-2","USP11",-0.0614962882134659,0.097817210406586,0.529554796194483,-0.253214497678551,0.130221921251619,5,0.00126260972100107,2.21319512985922,0.925314633394202
"VLMC-2","ATP1B3",-0.0425847222468993,0.195324081798448,0.827412866580097,-0.425412887885212,0.340243443391413,5,0.0155718863717166,7.12178365986918,0.977652301355658
"VLMC-2","ZNF717",0.0593178385686234,0.0991134548878618,0.549516886151248,-0.134940963394921,0.253576640532168,5,0,0,0.928293059793464
"VLMC-2","DHX15",0.0724488669061925,0.0921020791108745,0.431507339626123,-0.10806789105238,0.252965624864765,5,0,0,0.919892706275207
"VLMC-2","TBC1D23",-0.0684394280352445,0.127156170302267,0.590417388925864,-0.317660942239729,0.18078208616924,5,0.0172338204205638,20.8965609916269,0.935326469316026
"VLMC-2","RPS6",0.0353161285992703,0.129781118913987,0.785529215551036,-0.219050190345455,0.289682447543995,5,0,0,0.974616458884373
"VLMC-2","UBA1",-0.069810007351185,0.104713027195764,0.504977005697457,-0.275043769367045,0.135423754664675,5,0,0,0.922227278591882
"VLMC-2","CCNL1",0.172875809494991,0.128012269662145,0.176867574999721,-0.0780236286220421,0.423775247612024,5,0.0123948454776265,14.3655597369151,0.812975415007207
"VLMC-2","GGNBP2",-0.0666451711561411,0.0905318101588298,0.461638213101338,-0.244084258522665,0.110793916210383,5,0,0,0.920413727425774
"VLMC-2","SMAD5",0.0419338468602732,0.0949487517230076,0.658744549468736,-0.144162286893857,0.228029980614403,5,1.16113792837508e-06,0.00205775745959705,0.954885922421834
"VLMC-2","FGFR1OP2",0.0865828085861439,0.1183977418474,0.464603461085535,-0.14547250128563,0.318638118457918,5,0.0161789158216404,23.0115304007574,0.920413727425774
"VLMC-2","MAPK1IP1L",0.228707658322753,0.120108133712345,0.0568865804833822,-0.00669995800376438,0.46411527464927,5,0.00302824132479626,3.66898733755431,0.625460221972044
"VLMC-2","TKT",-0.00960268809980834,0.143454823568706,0.946630455681356,-0.29076897570302,0.271563599503403,5,0.0198321717618698,18.6806167100965,0.996560244620392
"VLMC-2","HGSNAT",-0.0430713197945726,0.209983802072351,0.837480445860045,-0.454632009193168,0.368489369604023,5,0.130668656268176,71.7320280237413,0.977981353679454
"VLMC-2","LAMP1",-0.14497740303601,0.110061878540813,0.187759730026448,-0.360694721046826,0.0707399149748054,5,0,0,0.812975415007207
"VLMC-2","PMEPA1",0.129534780344621,0.129618420572633,0.317622886554625,-0.124512655710705,0.383582216399947,5,0.016549007050102,19.4383438671585,0.882314938373047
"VLMC-2","HSPA4",0.233832963115003,0.161388710350846,0.147370944267355,-0.0824830966840222,0.550149022914029,5,0.0439393926881022,36.1175067326402,0.774161722178758
"VLMC-2","APC",-0.231191665849336,0.127433717680189,0.0696452310367266,-0.480957162918551,0.0185738312198799,5,0.0280127255343074,37.8233023904701,0.657237498135552
"VLMC-2","CCDC186",0.0497118911852848,0.110928011220163,0.654048178552427,-0.16770301568289,0.26712679805346,5,0,0,0.954314219034483
"VLMC-2","JAG1",0.190934916308207,0.112266340289237,0.0889933921644736,-0.0291030673348162,0.410972899951231,5,7.57801258557838e-07,0.00101686872962565,0.707366615719582
"VLMC-2","SH3BGRL",-0.156577430640184,0.104248465481852,0.133106435055872,-0.36090066842818,0.0477458071478123,5,0.00418090572769498,6.86533116501877,0.770254180677166
"VLMC-2","PDCD7",0.209334774613228,0.155613513569096,0.178553444420295,-0.0956621074899347,0.514331656716391,5,0.039877057213694,36.1480499582628,0.812975415007207
"VLMC-2","RUFY1",-0.144084059323446,0.0912977440122017,0.114524802713082,-0.323024349457119,0.0348562308102264,5,0,0,0.743385681091789
"VLMC-2","RELL1",0.00690247364553349,0.0913330480373227,0.9397574136164,-0.172107011105886,0.185911958396953,5,0,0,0.994661788902949
"VLMC-2","ELOVL5",-0.0512184084866578,0.186124983593275,0.783175741414003,-0.416016672952586,0.31357985597927,5,0.0826425069733386,55.6074590061602,0.974616458884373
"VLMC-2","STARD9",-0.109949039811372,0.0959104692563842,0.25164142114471,-0.297930105294221,0.0780320256714771,5,1.5529732977878e-06,0.00273848365836319,0.842480864401571
"VLMC-2","VPS50",-0.0260893958476361,0.163305348463139,0.873071420818062,-0.346161997318152,0.29398320562288,5,0.0679623097370319,60.181805643199,0.984193499791697
"VLMC-2","POLR2B",-0.0676024414421967,0.0970517359673471,0.486077652552399,-0.257820348575288,0.122615465690894,5,0,0,0.920413727425774
"VLMC-2","STX12",-0.0121855174639523,0.104507071649927,0.907177091492333,-0.217015614027556,0.192644579099652,5,0,0,0.991147689438196
"VLMC-2","STXBP3",-0.0968800664209631,0.0993710428658538,0.329593707786149,-0.291643731544222,0.0978835987022963,5,0,0,0.886230977327376
"VLMC-2","STK38",0.0232808871891695,0.163043831962604,0.886456720798881,-0.296279151358935,0.342840925737274,5,0.0623071102826641,54.2661814033886,0.985694421989932
"VLMC-2","PMS1",-0.058343254339375,0.12286966064682,0.634902037094657,-0.2991633639998,0.18247685532105,5,0.0112776544952555,14.1065994767108,0.948488775291622
"VLMC-2","MAP1LC3B",0.16540961487114,0.149733004856603,0.269290864393956,-0.128061681944763,0.458880911687042,5,0.0189597189348917,16.4000102679527,0.85839310941465
"VLMC-2","SDCBP",0.161570051379526,0.16422883803117,0.325208707291486,-0.160312556384429,0.483452659143481,5,0.0482634872290779,39.1671276696757,0.885943206465361
"VLMC-2","DLG5",0.210807471249798,0.129745134091724,0.104209161016743,-0.0434883187393001,0.465103261238896,5,0.0195378998593198,23.3476117758924,0.743385681091789
"VLMC-2","PLEKHA2",0.0159716776216229,0.100891823633227,0.874216488064868,-0.181772663034069,0.213716018277315,5,0,0,0.984193499791697
"VLMC-2","CRIP2",-0.03129635559822,0.116680445374081,0.788527827022049,-0.259985826231512,0.197393115035072,5,7.18082077438099e-07,0.000869529276285749,0.974616458884373
"VLMC-2","SNX1",0.0318202548756715,0.0901178138593513,0.724016344487535,-0.144807414654142,0.208447924405485,5,3.2719978280206e-07,0.000666916164649972,0.970230263441742
"VLMC-2","EEA1",-0.0503128335147725,0.0735821907210711,0.494124370306718,-0.194531277231629,0.0939056102020841,5,0,0,0.920905474632577
"VLMC-2","DLG2",-0.118566183783394,0.11646838446728,0.308672372580723,-0.346840022676827,0.109707655110039,5,0.02904166529394,51.4010689044764,0.877270724002829
"VLMC-2","ACTR10",0.0483402845802369,0.0993634738491012,0.626613029549012,-0.146408545542789,0.243089114703263,5,0,0,0.948488775291622
"VLMC-2","NAA15",0.153774279098972,0.0896481123736581,0.0862884562738029,-0.0219327924353975,0.329481350633341,5,0.00128948199321651,2.70746900360258,0.705731682680206
"VLMC-2","STAU1",0.023039935229628,0.105223358343919,0.82667951403908,-0.183194057456805,0.229273927916061,5,0,0,0.977652301355658
"VLMC-2","INTS3",-0.127820091754681,0.105070718928588,0.223788850804229,-0.333754916684443,0.0781147331750817,5,1.30965243175709e-06,0.0019650615954658,0.831141959763804
"VLMC-2","RGS6",-0.0382361722000996,0.120309699778588,0.750625618846351,-0.274038850756959,0.19756650635676,5,4.90727703516745e-06,0.00592085667958916,0.970230263441742
"VLMC-2","ETS1",-0.197047010254873,0.124962728065911,0.114830904672992,-0.441969456673932,0.0478754361641862,5,0,0,0.743385681091789
"VLMC-2","MLLT6",0.0858207112827828,0.0985701482520143,0.383941897414747,-0.107373229241939,0.279014651807505,5,0,0,0.903121483964797
"VLMC-2","PPP3CB",-0.121710745934954,0.0757780702586121,0.108241540622508,-0.27023303445978,0.026811542589871,5,0,0,0.743385681091789
"VLMC-2","UBL3",0.0961287228747794,0.0865138305209794,0.266509360043033,-0.0734352691109423,0.265692714860501,5,0,0,0.857110408398436
"VLMC-2","ACVR2A",-0.0944706341750059,0.104575266879452,0.366327144889789,-0.299434390932396,0.110493122582384,5,2.90586127882469e-06,0.00458571793629736,0.89782846718252
"VLMC-2","XPO6",-0.105578618648258,0.0989011659847182,0.285738702956473,-0.299421342007323,0.0882641047108077,5,0,0,0.862859063505903
"VLMC-2","RHBDD1",-0.0301631416894406,0.101938308451923,0.767309476144463,-0.229958554900144,0.169632271521263,5,0,0,0.972218195929783
"VLMC-2","TDRP",0.0765192201026524,0.146854658731149,0.602329093802465,-0.211310621972319,0.364349062177624,5,0.0318736545070913,31.0762651501717,0.941038996099029
"VLMC-2","RNF11",-0.0774898509453272,0.104425552401142,0.458051995834366,-0.282160172717267,0.127180470826612,5,0,0,0.920413727425774
"VLMC-2","KIAA1958",-0.099727167990401,0.0972015656475035,0.304899529090246,-0.290238735900414,0.0907843999196116,5,3.62890683849878e-06,0.00625677716808349,0.876651295606484
"VLMC-2","AMD1",0.0766848504409502,0.114339783509743,0.502427502452922,-0.147417007238252,0.300786708120152,5,7.74658747865177e-08,9.94639468689986e-05,0.92181451095742
"VLMC-2","PSMD11",0.107055828363818,0.112759113578825,0.342406723322805,-0.11394797317934,0.328059629906976,5,1.41592972145868e-06,0.00180368735007815,0.89567209561799
"VLMC-2","POM121",-0.0293879691631832,0.0926446149678014,0.751082863345999,-0.210968077861654,0.152192139535288,5,9.1372550588989e-07,0.00180208077189186,0.970230263441742
"VLMC-2","NUFIP2",-0.00372191700630091,0.0850950443898795,0.965112967967614,-0.170505139273302,0.1630613052607,5,0,0,0.996582809694757
"VLMC-2","ETV1",-0.106495465246412,0.130456092806834,0.414310355491495,-0.362184708711621,0.149193778218797,5,0,0,0.915968683628608
"VLMC-2","TTN",-0.145273713231669,0.104344708573155,0.163847307965152,-0.349785584012381,0.0592381575490424,5,0.00564985371669361,8.7014177905233,0.8046457576566
"VLMC-2","RNF169",-0.0745727650787075,0.149973523061456,0.619020144036874,-0.368515468913749,0.219369938756334,5,0.0414839382447281,41.3170860570812,0.945249098747183
"VLMC-2","CSNK1D",0.102834989301604,0.110843640219798,0.353538192060857,-0.114414553444515,0.320084532047723,5,0,0,0.89567209561799
"VLMC-2","TPT1",0.195859875150078,0.15188070754263,0.197202122070714,-0.101820841579938,0.493540591880094,5,0.0349700694498311,31.984828142034,0.812975415007207
"VLMC-2","PRKCH",0.059307389074627,0.118379265469691,0.6163748262887,-0.172711707762273,0.291326485911528,5,0,0,0.94447592451941
"VLMC-2","CLASP2",-0.12914855345561,0.0596315086272645,0.0303282271078859,-0.246024162708838,-0.0122729442023817,5,0,0,0.497678809711844
"VLMC-2","ACTR2",0.0512942255095483,0.0863260480697879,0.552383870565874,-0.117901719634909,0.220490170654006,5,0,0,0.928293059793464
"VLMC-2","CREBZF",-0.0787633298872718,0.145492606141851,0.588262064721552,-0.36392359794217,0.206396938167627,5,0.0399945984382922,42.3564610284918,0.935326469316026
"VLMC-2","TRAPPC8",0.119406493321182,0.0735763650560414,0.104612496688212,-0.0248005323020301,0.263613518944395,5,0,0,0.743385681091789
"VLMC-2","WDR11",-0.107760029567704,0.15257615622286,0.480019970128171,-0.406803800664068,0.191283741528659,5,0.050953781291684,51.6301314804842,0.920413727425774
"VLMC-2","KPNA3",-0.0809992954234462,0.121969294021402,0.506629000549159,-0.32005471892517,0.158056128078278,5,0.00726075050859749,9.04055959675807,0.922739554871343
"VLMC-2","CREBRF",0.078921597777432,0.0888915397858879,0.374626017576259,-0.0953026187332176,0.253145814288082,5,6.13641189936681e-07,0.0013024251607228,0.900014230432808
"VLMC-2","LRBA",-0.131546831132807,0.0964360491606231,0.172541262168862,-0.320558014298963,0.057464352033348,5,0.0167254365458049,40.046000071178,0.812307012480575
"VLMC-2","SH3GLB1",0.14335895507908,0.0981540896310782,0.144138977907237,-0.0490195255331498,0.335737435691309,5,0,0,0.774161722178758
"VLMC-2","NR3C2",-0.207033869046361,0.131352840275772,0.114987572606637,-0.464480705253917,0.0504129671611949,5,0.0369358379003226,48.8352466004575,0.743385681091789
"VLMC-2","ARFGEF1",0.126888698357506,0.0667359242219705,0.0572554997979295,-0.00391130959255018,0.257688706307562,5,5.0354890440955e-06,0.01888016117871,0.625460221972044
"VLMC-2","IPO7",0.135022054565147,0.102682184120599,0.18852632555155,-0.0662313281651372,0.33627543729543,5,0,0,0.812975415007207
"VLMC-2","RACK1",0.0557926260775084,0.114433657237125,0.625865544936561,-0.168493220726459,0.280078472881475,5,0,0,0.948488775291622
"VLMC-2","PPP4R3A",-0.125358254402749,0.0859916545315751,0.144896895333346,-0.293898800255646,0.0431822914501488,5,0,0,0.774161722178758
"VLMC-2","PAFAH1B2",0.0609665630035153,0.106203674827492,0.565931778413742,-0.147188814684172,0.269121940691202,5,2.64991328860315e-06,0.00385539770226662,0.931979399500039
"VLMC-2","SNED1",-0.0587150449502598,0.11062753093076,0.595595272071949,-0.27554102127314,0.15811093137262,5,0,0,0.938446133606574
"VLMC-2","PIAS2",0.023428758239345,0.0949788505327232,0.805160975903024,-0.162726368097805,0.209583884576495,5,4.49762909006362e-06,0.00849192095908586,0.974899275204814
"VLMC-2","SSR1",-0.134916176314696,0.108463271962336,0.213540739353075,-0.347500283006247,0.0776679303768546,5,0,0,0.820035441990574
"VLMC-2","SHOC2",-0.108610724244141,0.0944133387194284,0.249989540830262,-0.293657467794402,0.0764360193061195,5,1.9952598792425e-06,0.00379453385808499,0.842480864401571
"VLMC-2","RPL15",0.100511619507582,0.145246726036535,0.48893350218503,-0.184166732396383,0.385189971411546,5,0.0236843508534454,22.4190143171856,0.920413727425774
"VLMC-2","GGT5",-0.102720679859455,0.10951821876006,0.34827917902259,-0.317372444280151,0.111931084561241,5,0,0,0.89567209561799
"VLMC-2","FAM193B",-0.0938485033281502,0.112121900390517,0.40258017177996,-0.313603389971752,0.125906383315451,5,0,0,0.915088506917903
"VLMC-2","PRKCE",-0.0199011768534904,0.0808827197102434,0.805643683850646,-0.178428394457215,0.138626040750235,5,0,0,0.974899275204814
"VLMC-2","LCOR",0.0115124803552239,0.0946843072459189,0.90322527738547,-0.174065351747902,0.19709031245835,5,0.0104888776071218,23.6128239763494,0.990045563090492
"VLMC-2","RSBN1L",0.00119904408744951,0.0868969057962863,0.988990765570699,-0.169115761641241,0.17151384981614,5,0,0,0.997919280210293
"VLMC-2","SERBP1",0.240291207358879,0.140202990783108,0.0865506286401669,-0.0345016051008129,0.515084019818572,5,0.0348190213807888,39.1584232919458,0.705731682680206
"VLMC-2","CAPRIN1",-0.08797248265514,0.11147055798173,0.429995550320709,-0.306450761635914,0.130505796325634,5,0.00967623582041157,14.7531364219067,0.919057700079932
"VLMC-2","CHD1",-0.0487640541138735,0.17710105235936,0.783050479961629,-0.395875738362362,0.298347630134615,5,0.0713602717973106,51.1963516514942,0.974616458884373
"VLMC-2","ATAD2B",0.177864276071378,0.115696656379816,0.12421180919247,-0.0488970035647671,0.404625555707524,5,0.0258756509486706,43.4425342378276,0.758021384856679
"VLMC-2","MARK2",-0.0407005131791887,0.106562073220834,0.70250451279009,-0.249558338809943,0.168157312451565,5,0,0,0.967813462982102
"VLMC-2","GNB2",-0.014337006239754,0.118507123859821,0.90370678030038,-0.24660670091643,0.217932688436922,5,0,0,0.990245977824505
"VLMC-2","ARIH1",0.0548034172478122,0.0775643188018054,0.479843382864871,-0.0972198540891092,0.206826688584734,5,1.98352036248473e-06,0.00563358937672628,0.920413727425774
"VLMC-2","ILKAP",0.0505024552003544,0.124354328468518,0.684656349483759,-0.193227549919605,0.294232460320314,5,0.0185640804237544,24.4960972214543,0.965061237727067
"VLMC-2","JAM3",0.172417683904644,0.134383016865595,0.199480935618536,-0.0909681892857613,0.435803557095048,5,0.0215413326775206,24.2406429611448,0.81467224296579
"VLMC-2","SMAD2",-0.0916312655822857,0.079298501079628,0.247876197125279,-0.247053471726367,0.0637909405617957,5,0,0,0.842480864401571
"VLMC-2","MAP1B",-0.0802609540429124,0.0762270695589771,0.292377971822672,-0.229663265025537,0.0691413569397122,5,0,0,0.868360199133212
"VLMC-2","NR6A1",-0.285796886568037,0.173516493118993,0.099540015011945,-0.625882963804954,0.0542891906688808,5,0.0597488824250215,45.4443368122533,0.731904948901596
"VLMC-2","ZNF586",0.0401268745001015,0.165152262349743,0.808029438309879,-0.283565611670705,0.363819360670908,5,0.0570962449577059,49.2389884102611,0.97564162259267
"VLMC-2","ZDHHC17",0.0554493920807499,0.0838714529819895,0.508533088739451,-0.108935635094994,0.219834419256494,5,0.00511817622637952,13.7092804024204,0.923861754754394
"VLMC-2","CDC42EP4",-0.113854655460498,0.221311601946961,0.606934561009491,-0.547617424637406,0.31990811371641,5,0.126516130259973,58.7361255575859,0.943933362568622
"VLMC-2","TRAPPC12",0.029051622427342,0.122475066678329,0.812498237445541,-0.210995097266325,0.269098342121009,5,0.0217826321560453,30.6808711758879,0.975765582377835
"VLMC-2","RPL19",0.0901706251674541,0.130831823595091,0.490691009188301,-0.166255037110621,0.34659628744553,5,0,0,0.920413727425774
"VLMC-2","ATE1",0.00601608173687465,0.0773552881227407,0.938009355265679,-0.145597496997416,0.157629660471165,5,0,0,0.994661788902949
"VLMC-2","ARHGAP17",-0.0967607956761248,0.129836042666787,0.456118344217433,-0.351234763198233,0.157713171845984,5,0.0236178001893722,29.1584418717503,0.920413727425774
"VLMC-2","VAPA",-0.0593463128151205,0.0858808600166002,0.489546233830707,-0.227669705408983,0.108977079778742,5,0.00517957076942027,13.2408786851774,0.920413727425774
"VLMC-2","SMARCA5",0.0476743797209414,0.0880689924986538,0.588280208620134,-0.124937673731148,0.220286433173031,5,0,0,0.935326469316026
"VLMC-2","TFCP2",-0.0937679732384266,0.0824298395391793,0.25530889486489,-0.255327489986634,0.0677915435097807,5,0,0,0.842480864401571
"VLMC-2","CYSLTR2",0.0496632002142355,0.155183747657627,0.748946832270471,-0.254491356180665,0.353817756609136,5,2.11905434098261e-06,0.00154434912331121,0.970230263441742
"VLMC-2","DYNC2LI1",-0.0525769353229318,0.108880458058121,0.62917611904282,-0.265978711737072,0.160824841091209,5,0,0,0.948488775291622
"VLMC-2","RPL27A",0.0595903216398584,0.113982138784398,0.601110634039262,-0.163810565258408,0.282991208538125,5,0,0,0.940966111171745
"VLMC-2","ARL8B",0.0737477203295616,0.0962472891236028,0.443538472013648,-0.114893499962313,0.262388940621437,5,5.56394701278467e-06,0.0101270690524595,0.920413727425774
"VLMC-2","ZFX",-0.0960278486811777,0.0957436433777558,0.315876108805902,-0.283681941450226,0.0916262440878706,5,0,0,0.878914168753561
"VLMC-2","PPME1",0.0308017255440546,0.11204065821768,0.783381076457595,-0.18879392936676,0.250397380454869,5,4.5090382723334e-06,0.00599503734207228,0.974616458884373
"VLMC-2","SS18",-0.0805102529976016,0.0967884076921654,0.405512187961263,-0.270212046195225,0.109191540200022,5,0.00437935797544476,8.42601424455165,0.915088506917903
"VLMC-2","MCPH1",0.0128845257107468,0.0964929261749776,0.893775672056109,-0.176238134355091,0.202007185776585,5,0,0,0.9877336927716
"VLMC-2","KMT2A",0.03603342528022,0.0663434432421866,0.587037071585528,-0.0939973340848429,0.166064184645283,5,0,0,0.935326469316026
"VLMC-2","UBE2G1",-0.106934609338156,0.0966994946835753,0.268793807949493,-0.296462136241186,0.0825929175648739,5,3.91608200580125e-07,0.000701851476805829,0.85839310941465
"VLMC-2","RPS4X",-0.204264733090389,0.132463187965407,0.123061674783209,-0.463887810779945,0.0553583445991673,5,8.42823424731489e-07,0.000818665572437913,0.758021384856679
"VLMC-2","ADAMTS9-AS2",0.187603020730929,0.0859432549401186,0.0290453267407884,0.019157336334153,0.356048705127706,5,5.35775802563391e-07,0.0011013117613126,0.4900634783087
"VLMC-2","SUN1",-0.135007060539695,0.100614458019248,0.179652533371603,-0.332207774581439,0.0621936535020489,5,0.0134719175646896,27.7242504917309,0.812975415007207
"VLMC-2","SORBS3",-0.0808850128233822,0.112610826723396,0.472590636208972,-0.30159817747052,0.139828151823755,5,0,0,0.920413727425774
"VLMC-2","SERINC5",-0.0653451517689252,0.143383765442675,0.648579790852932,-0.346372168004306,0.215681864466456,5,0.0414256446550572,44.7193272472578,0.951322686374629
"VLMC-2","WDR20",-0.0762430762396266,0.0941406157978379,0.418006251600758,-0.260755292685811,0.108269140206558,5,0,0,0.917504708559754
"VLMC-2","CNOT4",0.118180153493298,0.0800703283575241,0.139956133951709,-0.0387548063177451,0.275115113304342,5,0.00430009407834279,12.4104099523516,0.771582957702176
"VLMC-2","KLF6",-0.0449331533728742,0.166908858485635,0.787769839195153,-0.372068504705412,0.282202197959664,5,0.0466796816172329,35.7545396320678,0.974616458884373
"VLMC-2","NUP214",-0.0573317903151743,0.0979154639149837,0.558195871712335,-0.249242573118074,0.134578992487725,5,0,0,0.931813702202331
"VLMC-2","ZNF277",0.00338372345087582,0.102760836541178,0.973731890631419,-0.19802381519104,0.204791262092792,5,0,0,0.996582809694757
"VLMC-2","INSR",-0.0453790185769624,0.101169209257933,0.653759377958266,-0.243667025066907,0.152908987912982,5,0.00980291906395507,18.6768646843677,0.954314219034483
"VLMC-2","SMARCD3",-0.0446599634639303,0.10894877129894,0.681866767142024,-0.258195631369744,0.168875704441884,5,2.43335579530891e-06,0.00333440757827561,0.963875255518011
"VLMC-2","TFG",-0.113458451154779,0.212003195189735,0.592530022160252,-0.528977078334076,0.302060176024517,5,0.128494420407451,70.2544465798668,0.936247531492292
"VLMC-2","ANK2",-0.161625893228891,0.277952045154026,0.560911326231836,-0.706401891160033,0.383150104702252,5,0.27150270390664,87.0779503681953,0.931813702202331
"VLMC-2","TPM3",-0.00392826798892544,0.11330654913641,0.972343376192822,-0.226005023508807,0.218148487530956,5,5.74818041174139e-06,0.00747335398148699,0.996582809694757
"VLMC-2","XRRA1",-0.0326381845646112,0.115382134970979,0.777276226219523,-0.258783013567069,0.193506644437846,5,0.00431301427662159,5.7847764636928,0.974616458884373
"VLMC-2","SRP14",-0.101872410857158,0.127554749345507,0.424489702144509,-0.351875125631385,0.148130303917068,5,4.79730015249239e-06,0.00504679924615099,0.918385553453722
"VLMC-2","HLF",0.0109910230519964,0.129329780286353,0.932273735836745,-0.242490688437733,0.264472734541726,5,2.56972019550049e-06,0.00262526021749714,0.994661788902949
"VLMC-2","ADAM17",-0.0224466464318767,0.134767820920534,0.867717914848037,-0.286586721711066,0.241693428847313,5,0.0358268623628132,45.7547353050343,0.984154775977342
"VLMC-2","SECISBP2L",-0.0400399217305488,0.0832085056046272,0.630374456233984,-0.203125595923017,0.12304575246192,5,0.00425223950416176,11.0204985910393,0.948488775291622
"VLMC-2","TCAF1",-0.0040971326678318,0.092797425226337,0.964783752111619,-0.185976743969501,0.177782478633837,5,0,0,0.996582809694757
"VLMC-2","TTC39B",-0.0478970793504062,0.102109748040658,0.639016382978074,-0.248028507980555,0.152234349279743,5,0,0,0.948488775291622
"VLMC-2","YTHDF3",-0.00976916375922719,0.0916208932197767,0.915085739652201,-0.189342814701379,0.169804487182925,5,0,0,0.991152181757771
"VLMC-2","LRRK2",-0.238623737491054,0.173556632630235,0.16916115710305,-0.578788486724364,0.101541011742256,5,0.0588455512270775,43.9232281766329,0.805485535647258
"VLMC-2","MPHOSPH9",-0.120963539548233,0.125164940439523,0.33382751526739,-0.366282314936799,0.124355235840334,5,0.0123814434710204,15.076290069192,0.889854010585974
"VLMC-2","WDFY2",-0.143382415178886,0.0958774048006634,0.134790102890104,-0.331298675519354,0.044533845161582,5,0.00206583656253429,3.82438774852138,0.771582957702176
"VLMC-2","TAB2",0.0425930136619181,0.0812263149002055,0.60001804275198,-0.116607638139394,0.20179366546323,5,0,0,0.940888929987399
"VLMC-2","SPATS2",0.0192954423846031,0.103126946670651,0.851579258079783,-0.182829658925455,0.221420543694661,5,0,0,0.980957024980027
"VLMC-2","TTC14",-0.0352150805873068,0.0994013946762266,0.723135428767222,-0.230038234165762,0.159608072991149,5,0.0133793660001149,28.2269554003949,0.970230263441742
"VLMC-2","ZFAND6",-0.00295433708252267,0.091934165874721,0.974364108527365,-0.183141991145707,0.177233316980662,5,0,0,0.996582809694757
"VLMC-2","EIF3H",0.0757833025549675,0.0912144827428637,0.406072312083098,-0.102993798489496,0.254560403599431,5,0,0,0.915088506917903
"VLMC-2","ATG2B",-0.00268506851680612,0.0882700701415796,0.975733061434714,-0.175691226907126,0.170321089873514,5,0,0,0.997376486984618
"VLMC-2","PHTF2",-0.407712700400856,0.339016021834329,0.22911740665629,-1.07217189337819,0.256746492576473,5,0.41990348144286,86.5486402186188,0.835476015240007
"VLMC-2","PPP2R2D",0.113046969879071,0.0990497838502098,0.253739005763697,-0.0810870391438175,0.307180978901959,5,0.00833390340027432,16.323818679822,0.842480864401571
"VLMC-2","ATP6V1B2",0.101001485870889,0.122173580675202,0.408404398717145,-0.138454332114805,0.340457303856584,5,0.00853234764961791,10.2234378009008,0.915088506917903
"VLMC-2","MYL9",0.426763593526705,0.336207618914334,0.204317901676185,-0.232191230873356,1.08571841792677,5,0.395127838319519,75.0814528353468,0.817137998846356
"VLMC-2","BMPR1B",-0.216127468302997,0.176857711755423,0.22169192310492,-0.562762213731792,0.130507277125798,5,0.0655229282566675,47.7282618137991,0.830814583687978
"VLMC-2","UBA52",0.051427061208535,0.131837448759745,0.69647790070903,-0.206969590174211,0.309823712591281,5,4.83924427021483e-06,0.00482063548513585,0.967813462982102
"VLMC-2","EPB41L4A",-0.122447061225473,0.0948922344767209,0.196918680676786,-0.308432423212376,0.0635383007614298,5,0,0,0.812975415007207
"VLMC-2","S100A6",-0.168241322760522,0.282509387744808,0.551492783244527,-0.721949548034807,0.385466902513762,5,0.233221128644572,68.835603206736,0.928293059793464
"VLMC-2","NAB1",-0.124037054978391,0.0971592712687105,0.201730671340815,-0.314465727429221,0.0663916174724389,5,0,0,0.81467224296579
"VLMC-2","GOPC",0.0727157866835856,0.106039946880966,0.49287735458915,-0.135118690125648,0.280550263492819,5,0,0,0.920413727425774
"VLMC-2","IBTK",-0.0440372147104427,0.0883662237558248,0.618238112737166,-0.217231830721667,0.129157401300782,5,0,0,0.944912772034451
"VLMC-2","EPB41L5",-0.031616382815928,0.174282212743681,0.856046461053726,-0.37320324293949,0.309970477307634,5,0.073037100980933,56.2160649879008,0.980957024980027
"VLMC-2","CLIC4",0.220139346220073,0.121672191347692,0.0704071522493235,-0.0183337667414692,0.458612459181616,5,0.0102291270296313,12.8570605454115,0.657915722685345
"VLMC-2","MRFAP1",-0.157056350139642,0.131809141867949,0.233440219155438,-0.415397521033952,0.101284820754669,5,0,0,0.835476015240007
"VLMC-2","NAA25",0.0817607209729084,0.0960836731139135,0.394806845287939,-0.106559817832682,0.270081259778498,5,3.9953605539e-06,0.00739089314209998,0.909678238047004
"VLMC-2","PER3",-0.0443388853271897,0.11468067574276,0.699030818739199,-0.269108879505715,0.180431108851335,5,0,0,0.967813462982102
"VLMC-2","AMOTL1",0.114848113269359,0.11002134588251,0.296544989007299,-0.100789762190985,0.330485988729704,5,0,0,0.871246587790877
"VLMC-2","RAF1",-0.165721949970377,0.268831106423373,0.537595072364206,-0.692621236484243,0.361177336543489,5,0.246322743659333,85.4398553853152,0.925314633394202
"VLMC-2","TAF3",-0.0324083149675622,0.105496279027531,0.758692169634031,-0.239177222364511,0.174360592429386,5,0,0,0.971989194774757
"VLMC-2","TRPM7",0.0295705165253652,0.08104973194264,0.715227783584225,-0.129284039038835,0.188425072089565,5,0,0,0.970230263441742
"VLMC-2","CSAD",-0.0314082478035342,0.0948652277732088,0.740581922830375,-0.217340677624212,0.154524182017144,5,0,0,0.970230263441742
"VLMC-2","DHX9",0.161513734314398,0.118634814071404,0.173375872461669,-0.0710062285781602,0.394033697206956,5,0.0184805599331615,27.2554807874097,0.812307012480575
"VLMC-2","NUMB",-0.0216162537596545,0.0726920015590912,0.766185795894413,-0.164089958779603,0.120857451260294,5,6.7604225738909e-06,0.021495459126756,0.972218195929783
"VLMC-2","CAND1",-0.065107914867805,0.147947633848928,0.659883473806242,-0.355079948809622,0.224864119074013,5,0.0435439269060252,44.9421261647885,0.955933686078327
"VLMC-2","DDX42",-0.0439575765602129,0.0958781680210417,0.646612467020396,-0.231875332785135,0.143960179664709,5,1.50395824078547e-06,0.0026679864739173,0.950035992057582
"VLMC-2","UBR1",0.195098627868224,0.080499765979822,0.0153678396292292,0.0373219857838699,0.352875269952578,5,0,0,0.406956425281991
"VLMC-2","ITCH",-0.0594832617480828,0.0716888831383107,0.406684792092951,-0.199990890791072,0.0810243672949068,5,0,0,0.915088506917903
"VLMC-2","ANKRD13C",-0.247644999928988,0.363244901443648,0.495392190627243,-0.959591924326339,0.464301924468363,5,0.521444884209388,91.8212004619177,0.921578486413796
"VLMC-2","MGMT",-0.104694039945991,0.145548135844424,0.471950738465826,-0.389963144218005,0.180575064326023,5,0.0226184166675871,21.1565387238722,0.920413727425774
"VLMC-2","RAPGEF1",-0.188745046654648,0.110510940444447,0.0876491704073041,-0.405342509823416,0.027852416514119,5,0,0,0.705731682680206
"VLMC-2","PPP4R2",0.0513848602753197,0.08750893275062,0.557072347103587,-0.120129496241433,0.222899216792073,5,5.63463003670737e-07,0.00117103037371584,0.931407244362061
"VLMC-2","CAPZB",0.151473572638256,0.0745580528765128,0.0421922202143714,0.00534247424285836,0.297604671033655,5,0,0,0.563232653972799
"VLMC-2","NCK2",-0.0307176698293192,0.0904144931932871,0.734050254172664,-0.207926820168604,0.146491480509966,5,0,0,0.970230263441742
"VLMC-2","MAT2A",-0.0287366679462438,0.0934168947910539,0.758373432490284,-0.211830417284277,0.154357081391789,5,5.33131657886471e-07,0.000988324981189385,0.971989194774757
"VLMC-2","GON4L",0.0377913110332669,0.0954150444933522,0.692051267777103,-0.14921873975699,0.224801361823524,5,1.6883410444575e-06,0.00317003499594006,0.965199197679177
"VLMC-2","TMCC1",-0.0758164316287463,0.0812637120140339,0.350836562144015,-0.235090380426288,0.0834575171687951,5,0.00494510749091838,14.3023485034234,0.89567209561799
"VLMC-2","DNM2",0.036624794727744,0.088416154909894,0.678704257842628,-0.136667684547162,0.20991727400265,5,5.31067617711009e-07,0.00109105590604092,0.962952814585661
"VLMC-2","AQR",0.0456169479829681,0.113286884997491,0.68719283780306,-0.176421266532845,0.267655162498782,5,0.00971657741524963,13.8894663862581,0.96509154879379
"VLMC-2","TSPAN9",-0.155449886901903,0.201951172913957,0.441454163651037,-0.55126691244888,0.240367138645074,5,0.101421403108889,59.4677510949514,0.920413727425774
"VLMC-2","KPNA6",0.00627093463165166,0.121133983367536,0.958713089370556,-0.231147310072593,0.243689179335897,5,0.0135814916354825,17.9418534171855,0.996582809694757
"VLMC-2","RANBP2",-0.0675086489333807,0.0951767007904665,0.478139533983363,-0.25405155465004,0.119034256783278,5,0.00172038823364787,3.2954775304113,0.920413727425774
"VLMC-2","TACC1",0.0483524177175593,0.159277557795985,0.761452977087587,-0.263825859108069,0.360530694543187,5,0.0594934527103882,52.9081395853412,0.972159088634865
"VLMC-2","RAB11A",-0.05645749760595,0.0993739004410383,0.569945307737604,-0.251226763473654,0.138311768261754,5,0,0,0.933407795281386
"VLMC-2","HNRNPA2B1",0.04273493460886,0.0755223768645289,0.571490373451851,-0.105286204072478,0.190756073290198,5,0.00656308396687125,23.3908701434684,0.933407795281386
"VLMC-2","UPF3A",-0.2269826361288,0.121471617936806,0.0616776022330044,-0.465062632428749,0.0110973601711483,5,0.0143878146796239,18.8681349920375,0.634472119547043
"VLMC-2","EMSY",0.0163142883520535,0.0889716675849437,0.854511649192594,-0.158066975758906,0.190695552463013,5,0,0,0.980957024980027
"VLMC-2","ITGAV",0.0600440743819866,0.0860684205277419,0.48540743647074,-0.108646930058635,0.228735078822609,5,0,0,0.920413727425774
"VLMC-2","FGF14",0.0198860541174876,0.161501485663709,0.902002310976704,-0.296651041233094,0.336423149468069,5,0.0423893391052422,35.7823167982696,0.989766922754412
"VLMC-2","SPG11",-0.151899624717991,0.0761001852754693,0.0459286953226908,-0.301053247074736,-0.00274600236124586,5,0,0,0.590992023566818
"VLMC-2","SUGT1",0.211656104735083,0.126213350357992,0.0935481894497007,-0.0357175163347161,0.459029725804883,5,0.0137142761519766,16.471655046941,0.719601643876351
"VLMC-2","MTMR2",-0.0314795130572481,0.08152813710228,0.6994089905355,-0.191271725504361,0.128312699389864,5,0,0,0.967813462982102
"VLMC-2","TLK2",-0.0293542913950892,0.0917511515575263,0.749018540976628,-0.209183243987917,0.150474661197738,5,0,0,0.970230263441742
"VLMC-2","CSPP1",0.00482136590853831,0.0805287165330853,0.952258069298395,-0.153012018217544,0.162654750034621,5,0,0,0.996582809694757
"VLMC-2","RBMX",-0.0152138482945403,0.0798146564204753,0.848827457649843,-0.171647700317111,0.14122000372803,5,0,0,0.980957024980027
"VLMC-2","RTN3",-0.0775459707940311,0.0791838683980646,0.3274242319365,-0.232743501010797,0.0776515594227348,5,0,0,0.885943206465361
"VLMC-2","AHDC1",-0.0250957584369967,0.109107846623999,0.818084977453342,-0.238943208250755,0.188751691376761,5,0,0,0.976246138401222
"VLMC-2","RAB18",-0.0724511524059819,0.0976170223144652,0.457967419398824,-0.263777000420376,0.118874695608413,5,0,0,0.920413727425774
"VLMC-2","TLE1",-0.0353070133407417,0.083026352125077,0.670653937199649,-0.198035673273633,0.12742164659215,5,0,0,0.960936616113552
"VLMC-2","GALNT7",-0.146992584591592,0.0985622270993274,0.135864816674869,-0.340170999942331,0.0461858307591473,5,0,0,0.771582957702176
"VLMC-2","CBL",-0.0798978982410728,0.097954131423879,0.414690934948386,-0.271884467968779,0.112088671486633,5,5.17121671818424e-06,0.00896630950911567,0.915968683628608
"VLMC-2","RSRC2",0.0431086537041983,0.0896444584408607,0.630598406179999,-0.132591256253486,0.218808563661883,5,0,0,0.948488775291622
"VLMC-2","ZC3H6",-0.11054619207498,0.107499963797313,0.303791324278504,-0.321242249457073,0.100149865307114,5,2.47982402532475e-07,0.000369978795271953,0.87660931198739
"VLMC-2","GPR107",-0.0291448495570818,0.0985419448304848,0.767412721723979,-0.222283512391365,0.163993813277201,5,0,0,0.972218195929783
"VLMC-2","TXNIP",0.15704777630181,0.143260020412734,0.272972502197106,-0.123736704131622,0.437832256735242,5,0.0162907778169713,15.0405859357152,0.85839310941465
"VLMC-2","EIF3K",0.0308521214382427,0.107648763539871,0.774418715390461,-0.180135578080173,0.241839820956659,5,0,0,0.974250021904829
"VLMC-2","PEBP1",-0.0745411624583272,0.0883916336460168,0.399057533906733,-0.247785580939179,0.0987032560225244,5,0,0,0.914955088441603
"VLMC-2","DAB2IP",0.00230218110103365,0.110112388405626,0.983319397864478,-0.21351413442568,0.218118496627747,5,0,0,0.997919280210293
"VLMC-2","PPP2R5A",-0.207499797986817,0.0973041376135008,0.0329668409469469,-0.398212403256008,-0.0167871927176262,5,0,0,0.510102882978777
"VLMC-2","CYP7B1",-0.162598381201494,0.191787143019371,0.396545757846624,-0.538494274217294,0.213297511814306,5,0.078683177095391,47.4338406029984,0.911188476363418
"VLMC-2","SECISBP2",0.108412929801164,0.0905370191072958,0.231133888809177,-0.0690363669167506,0.285862226519078,5,7.01116962152199e-07,0.0014636945916907,0.835476015240007
"VLMC-2","ZC3H14",0.120818206769641,0.12023051427944,0.314950760356386,-0.11482927106079,0.356465684600073,5,0.0219667617227576,32.349406787728,0.877791514365272
"VLMC-2","ANK3",0.0773420482809272,0.137378738758372,0.573445697697998,-0.191915331927019,0.346599428488873,5,0.0266197295325144,30.0535812622157,0.934846106911697
"VLMC-2","CDC40",-0.185331799868443,0.187564473745912,0.323105390152167,-0.552951413189639,0.182287813452753,5,0.0824313462808882,56.2564973519546,0.885943206465361
"VLMC-2","TMA7",0.0990652346706846,0.154047525306506,0.520170708239579,-0.20286236683759,0.400992836178959,5,0.0240029968192425,20.020207058916,0.925314633394202
"VLMC-2","SCARB2",0.0877869213008888,0.0806296703199398,0.276256663678125,-0.0702443286115313,0.245818171213309,5,0,0,0.85839310941465
"VLMC-2","TANK",-0.00299290844801267,0.0923564505089731,0.974148231820138,-0.184008225185556,0.178022408289531,5,0,0,0.996582809694757
"VLMC-2","UBAP1",0.00567709191944045,0.103135272368033,0.956102529471765,-0.196464327457633,0.207818511296514,5,0,0,0.996582809694757
"VLMC-2","TMOD3",0.0541061119407201,0.14122406614148,0.701628965553163,-0.222687971446883,0.330900195328323,5,0.0322671280295427,34.5110812056419,0.967813462982102
"VLMC-2","EIF2AK2",-0.0314737116906253,0.110400237577955,0.775577217722578,-0.247854201228082,0.184906777846832,5,6.14458940858368e-07,0.000847613075310095,0.974616458884373
"VLMC-2","ATXN10",0.0811085050420032,0.0630754583491225,0.198479219039541,-0.042517121630633,0.20473413171464,5,1.15452476168993e-06,0.00467866910582169,0.814219750511838
"VLMC-2","NUP153",0.0816935607381591,0.0886252231321777,0.356639794581932,-0.0920086847227352,0.255395806199053,5,4.95362243487001e-07,0.00105750007103744,0.89567209561799
"VLMC-2","CEMIP",-0.0240504006546722,0.228473744788319,0.916165145937582,-0.471850711852774,0.42374991054343,5,0,0,0.991152181757771
"VLMC-2","TRA2B",0.0736314555137259,0.0913649718713016,0.420297830903606,-0.10544059880254,0.252703509829992,5,9.35769737406753e-07,0.00183106791727548,0.918105131921903
"VLMC-2","ZNF385B",-0.136475172801449,0.142247325091257,0.337346339277967,-0.415274806877474,0.142324461274576,5,0.0235178458341866,23.2097893725431,0.893673326246222
"VLMC-2","PAK2",0.132802796036024,0.123289581493554,0.281408101896117,-0.108840343360357,0.374445935432405,5,0.0224477067407931,31.1358862347874,0.858762445500743
"VLMC-2","USP3",-0.0718919268495202,0.107757146192191,0.504665971859724,-0.283092052463031,0.139308198763991,5,0,0,0.922159874707285
"VLMC-2","ETS2",0.0241979139438085,0.117983782842332,0.837497704155733,-0.207046051186956,0.255441879074573,5,2.11326929364899e-06,0.00238754309610425,0.977981353679454
"VLMC-2","ATG5",-0.00382223819805578,0.0884905542068408,0.965547093323238,-0.177260537415453,0.169616061019341,5,3.49575570040448e-07,0.000730053932843203,0.996582809694757
"VLMC-2","RIMS2",0.0750656333692926,0.15785497548985,0.634405387450011,-0.234324433371266,0.384455700109851,5,0.0379639221787892,33.072240127331,0.948488775291622
"VLMC-2","ORC4",-0.16603611463975,0.110576185483705,0.133212328420527,-0.382761455735633,0.050689226456133,5,0.00592571407351151,8.97527180082883,0.770254180677166
"VLMC-2","NASP",0.0746814136698334,0.0995390112896947,0.453090415170457,-0.120411463514694,0.269774290854361,5,0,0,0.920413727425774
"VLMC-2","VPS8",0.0484529721726001,0.0786091692207729,0.537644988677143,-0.105618168354729,0.202524112699929,5,0,0,0.925314633394202
"VLMC-2","ALMS1",-0.0537384559658896,0.0929452164399623,0.563147025370172,-0.235907732723496,0.128430820791717,5,0,0,0.931979399500039
"VLMC-2","N4BP1",-0.0975236381981553,0.106494979755193,0.35979379476,-0.306249963052656,0.111202686656346,5,0,0,0.89655283375751
"VLMC-2","REEP3",-0.0116517238947883,0.0907191891897745,0.897802947801467,-0.189458067413422,0.166154619623845,5,7.33712561352853e-07,0.00145503095860439,0.988046445118134
"VLMC-2","FBXO9",0.0996945530670837,0.10403388069204,0.337916905762543,-0.104208106261252,0.30359721239542,5,0,0,0.893673326246222
"VLMC-2","ARPC2",-0.0337108015393255,0.101907099582368,0.740796057551486,-0.233445046489703,0.166023443411052,5,0,0,0.970230263441742
"VLMC-2","ELP2",-0.00641963795852739,0.109179611005438,0.953112307023674,-0.220407743375278,0.207568467458223,5,3.10808773625094e-06,0.00445359155148507,0.996582809694757
"VLMC-2","RB1",-0.0232662995685828,0.0675877450299576,0.730666979703356,-0.155735845623576,0.10920324648641,5,0,0,0.970230263441742
"VLMC-2","BGN",0.0757117207830918,0.140716722580972,0.590547003403671,-0.200087987498128,0.351511429064312,5,6.62784492605549e-08,5.55767586048497e-05,0.935326469316026
"VLMC-2","VCP",0.150185825526206,0.109639758538479,0.170745684581674,-0.0647041524828813,0.365075803535293,5,0.00332726497952409,4.71452074606398,0.810138903995418
"VLMC-2","ZXDC",0.0819353032135756,0.0945128852823058,0.385984727149814,-0.103306548014709,0.267177154441861,5,0,0,0.905390969574045
"VLMC-2","SLC23A2",0.023656829513522,0.092128503852526,0.797348004404579,-0.156911719986989,0.204225379014033,5,0,0,0.974861328880033
"VLMC-2","SLF2",-0.107413239207545,0.103616833368379,0.2999041813559,-0.310498500801656,0.0956720223865666,5,0.00514298041032739,8.63745293821515,0.873487156780301
"VLMC-2","LENG8",-0.029308995587454,0.0961907599288116,0.760597254525284,-0.217839420693463,0.159221429518555,5,0,0,0.972159088634865
"VLMC-2","SPATS2L",-0.090746216821086,0.0752040647286502,0.227560650176583,-0.238143475180259,0.0566510415380874,5,0,0,0.835476015240007
"VLMC-2","DNAJB14",-0.0517945898182167,0.0868050315143096,0.55072286648904,-0.221929325263128,0.118340145626695,5,2.03022110271442e-06,0.0046042019950361,0.928293059793464
"VLMC-2","GNA12",-0.0294700567146624,0.0880512786029427,0.737857452457045,-0.202047391569132,0.143107278139807,5,0.000934993582119937,2.00033396810493,0.970230263441742
"VLMC-2","ANKS1A",-0.0388095667010914,0.0943619925593469,0.68086438620728,-0.223755673626848,0.146136540224665,5,0,0,0.963875255518011
"VLMC-2","SEL1L",0.0359801656003571,0.0908084652670662,0.691942449951808,-0.142001155814449,0.213961487015163,5,0,0,0.965199197679177
"VLMC-2","SLAIN2",-0.0357576313989209,0.085260050748236,0.674927542663369,-0.202864260185521,0.131348997387679,5,9.31013519467548e-07,0.0019656349913341,0.961522787115495
"VLMC-2","DNAJC1",0.0437432346745494,0.132846433018977,0.741946556016757,-0.216630989517259,0.304117458866358,5,0.0396815064999107,53.3511153695331,0.970230263441742
"VLMC-2","STT3B",0.00540118289739155,0.0960028393057235,0.955134159634119,-0.182760924555413,0.193563290350196,5,0,0,0.996582809694757
"VLMC-2","TP53BP1",-0.0697035649839802,0.0853218461237944,0.413957787411206,-0.236931310481086,0.0975241805131253,5,0.00112802946818762,2.54233328251548,0.915968683628608
"VLMC-2","AGPAT3",-0.160154715506836,0.186658257759844,0.390886752971342,-0.525998178133124,0.205688747119451,5,0.082537377772338,56.0525751332961,0.906269144699582
"VLMC-2","KLHL5",-0.110229774444903,0.0946097672968618,0.243978796801662,-0.295661510932468,0.0752019620426613,5,0,0,0.840926918484417
"VLMC-2","CTDSPL2",0.0979174939896564,0.107584817888863,0.362747467108372,-0.112944874355817,0.308779862335129,5,0.0160843792809768,29.2115001177985,0.897542929460831
"VLMC-2","AKAP7",-0.0369506420717679,0.105765693863396,0.726816651210961,-0.244247592843914,0.170346308700378,5,0,0,0.970230263441742
"VLMC-2","CUL4A",0.0533687776679663,0.0876492560458512,0.542597185447019,-0.118420607453632,0.225158162789564,5,0,0,0.92654474973621
"VLMC-2","SLK",0.101800420288378,0.110591192210033,0.35730573376527,-0.114954333450634,0.31855517402739,5,0.0108788869073652,17.0824078382418,0.89567209561799
"VLMC-2","CALR",-0.00971891200993917,0.115280118159748,0.932812408485507,-0.235663791736567,0.216225967716689,5,0,0,0.994661788902949
"VLMC-2","JAK2",0.0372508717006405,0.0957816253048377,0.697339327642846,-0.150477664277552,0.224979407678833,5,0,0,0.967813462982102
"VLMC-2","KDM4B",-0.053951248680538,0.0937086845751042,0.564795185981176,-0.237616895486366,0.12971439812529,5,0,0,0.931979399500039
"VLMC-2","HERC4",0.0640816536845476,0.0689210832465843,0.352483433902876,-0.0710011872542445,0.19916449462334,5,8.10229861846727e-07,0.00282283506064265,0.89567209561799
"VLMC-2","NUAK1",0.014517934029575,0.106780577926139,0.891852557234522,-0.19476815295403,0.22380402101318,5,0,0,0.987614395094408
"VLMC-2","PPFIA1",-0.109615578693714,0.137738882026862,0.426135730035251,-0.379578826737175,0.160347669349746,5,0.0372141390542735,44.045721339418,0.918385553453722
"VLMC-2","USP12",-0.239318153920528,0.11068537803665,0.0306067805237343,-0.456257508487563,-0.0223787993534923,5,0.00372990125187685,5.55132122605717,0.499038181177406
"VLMC-2","KLHL42",-0.172889443020545,0.2019680659418,0.391984692457352,-0.568739578293684,0.222960692252595,5,0.102258691030972,59.6712203356299,0.906902685987987
"VLMC-2","TBL1X",-0.137141802904173,0.089972637306652,0.127443467657585,-0.313484931619296,0.0392013258109498,5,0,0,0.759027798013261
"VLMC-2","UBE2D2",-0.0379393854625308,0.0890415270638672,0.670044875484351,-0.212457571636159,0.136578800711097,5,0,0,0.960936616113552
"VLMC-2","CAPZA1",-0.00594470723867071,0.0912232278007281,0.948041357046069,-0.184738948281591,0.172849533804249,5,1.92268330142986e-06,0.00386873595208198,0.996582809694757
"VLMC-2","PTGES3",0.317232233536709,0.155036910925891,0.0407394210433704,0.0133654718476188,0.6210989952258,5,0.0406930420552236,36.0907675588154,0.561522852959611
"VLMC-2","CRTC3",0.0457325093730709,0.137316451012091,0.739100579304759,-0.223402789095485,0.314867807841627,5,0.0423030009405149,52.5767309668546,0.970230263441742
"VLMC-2","ITGB1",-0.0201829595175135,0.0929463533698279,0.828094309149429,-0.202354464616709,0.161988545581682,5,3.27489382347231e-06,0.00621926754788172,0.977652301355658
"VLMC-2","PFKL",0.023853192206592,0.126691556653447,0.850658982198135,-0.224457695979479,0.272164080392663,5,0,0,0.980957024980027
"VLMC-2","PPP3CA",0.0917012578691047,0.0694340974531873,0.186603117794297,-0.0443870724381866,0.227789588176396,5,2.24274969451921e-06,0.00748199822367593,0.812975415007207
"VLMC-2","GABRB1",-0.193406033771968,0.165177991327192,0.241641107780977,-0.517148947811933,0.130336880267997,5,0.0485043033365994,39.0267327016236,0.840926918484417
"VLMC-2","PRPF40A",0.04854611334781,0.0856454682269892,0.570832125094923,-0.119315919816158,0.216408146511778,5,0,0,0.933407795281386
"VLMC-2","DYRK1A",0.112568169523841,0.0624867595972122,0.0716284619070523,-0.00990362879730745,0.23503996784499,5,0,0,0.659325903046859
"VLMC-2","CFL1",-0.0772656872102631,0.143405300143771,0.590030101655101,-0.358334910684211,0.203803536263685,5,0.0285413998800065,29.2190330486461,0.935326469316026
"VLMC-2","SAFB",0.0918149349947788,0.103573512861906,0.375363673254613,-0.111185419966853,0.294815289956411,5,0,0,0.900016676285472
"VLMC-2","WWP1",-0.068310543941107,0.104921033846502,0.515003722485192,-0.273951991500959,0.137330903618745,5,0,0,0.925314633394202
"VLMC-2","NBL1",0.220804195345968,0.125160228471322,0.0777029920359734,-0.0245053447546272,0.466113735446564,5,0.00776479412133206,9.01263414902041,0.678937344705764
"VLMC-2","NME7",-0.046576189747771,0.0926917637033897,0.615326637403316,-0.228248708269912,0.13509632877437,5,2.30166700055257e-06,0.00438056651255011,0.94447592451941
"VLMC-2","DNAJC10",-0.0287326870929701,0.0889503960982881,0.746680690252079,-0.203072259856187,0.145606885670247,5,0,0,0.970230263441742
"VLMC-2","PSPC1",0.0478914139435251,0.0733951804041429,0.514069370269433,-0.0959604962874149,0.191743324174465,5,5.98789080679155e-07,0.0019092180984532,0.925314633394202
"VLMC-2","FAM193A",-0.354322989210242,0.29746146345891,0.233592372556594,-0.937336744378284,0.2286907659578,5,0.316219137993367,87.4993206471669,0.835476015240007
"VLMC-2","RAB28",0.0388997719404165,0.0820993288148966,0.635632892860711,-0.122011955691692,0.199811499572525,5,0,0,0.948488775291622
"VLMC-2","COPA",0.122484039943012,0.0847017320970253,0.148159535226933,-0.0435283043953177,0.288496384281342,5,0,0,0.774161722178758
"VLMC-2","ZBTB4",-0.00136219111471572,0.136267247027133,0.992024105707339,-0.26844108756032,0.265716705330889,5,0.0286843879689654,33.2051128456397,0.997919280210293
"VLMC-2","FAM168B",-0.0614646207751941,0.106271203811134,0.563010884414393,-0.269752352838732,0.146823111288344,5,3.47072864567715e-06,0.00507749820947636,0.931979399500039
"VLMC-2","SETX",-0.0543444696011305,0.0789477809000279,0.491226304712466,-0.209079276824544,0.100390337622283,5,0,0,0.920413727425774
"VLMC-2","TNS2",0.00562556871988735,0.0900743952760354,0.950200741072938,-0.170917001950367,0.182168139390141,5,0,0,0.996582809694757
"VLMC-2","CBX5",-0.164315893331275,0.22532964122824,0.465864351290092,-0.605953874787957,0.277322088125407,5,0.144246106734413,70.7256715174903,0.920413727425774
"VLMC-2","TM9SF2",-0.154743251730001,0.0997467929288746,0.120815274427381,-0.350243373443969,0.040756869983968,5,1.01272036806002e-07,0.000172505865059195,0.758021384856679
"VLMC-2","USO1",-0.102403707816424,0.0882250254655232,0.245759676199778,-0.275321580263979,0.0705141646311302,5,0,0,0.842480864401571
"VLMC-2","RPS23",0.209158806390374,0.128023463534373,0.102310579102383,-0.041762571313074,0.460080184093821,5,8.12880060838485e-07,0.000846804209939748,0.743385681091789
"VLMC-2","NCALD",-0.0420854606914526,0.165829700185586,0.799659937513376,-0.367105700622277,0.282934779239372,5,0.0568096418690177,48.575466616402,0.974861328880033
"VLMC-2","AGFG1",0.111234485772162,0.0789298924799293,0.158751765286987,-0.0434652607921186,0.265934232336442,5,9.60050566194565e-07,0.0025489148927342,0.794708818531634
"VLMC-2","ADAR",0.118629414388596,0.158005345467615,0.452776835036151,-0.191055372092739,0.428314200869931,5,0.0514040714369287,47.3727887677118,0.920413727425774
"VLMC-2","MAGI2",0.00523373991263746,0.0580482955213124,0.928158624753913,-0.108538828673073,0.119006308498347,5,6.85797665684213e-07,0.00336548522904199,0.992159394239645
"VLMC-2","CHIC1",0.0182414007214746,0.0922460526967158,0.843242840844872,-0.162557540280072,0.199040341723022,5,2.40129711818295e-06,0.0047991790557786,0.980031138417521
"VLMC-2","TRPC4AP",-0.0628263016436713,0.0856294622541641,0.463131846348488,-0.230656963677365,0.105004360390022,5,0.00246826802432319,5.84395116589419,0.920413727425774
"VLMC-2","ASCC3",0.147265841235154,0.0754541020325735,0.0509705732292718,-0.00062148123450087,0.295153163704808,5,0.000703485614220669,2.14157016644543,0.597439053460873
"VLMC-2","PACS1",-0.0736173635924383,0.0854001713970564,0.388671951162871,-0.240998623804217,0.0937638966193399,5,0,0,0.905390969574045
"VLMC-2","TECR",0.0950960327509084,0.148305270821822,0.521380953061342,-0.195576956777323,0.385769022279139,5,0.0326339645004804,31.3514491982073,0.925314633394202
"VLMC-2","RNF111",0.0353859845584444,0.0814152272480479,0.663826696896954,-0.124184928640874,0.194956897757762,5,0,0,0.958417600155087
"VLMC-2","RBBP4",0.0646237835420396,0.0942233720790257,0.492803125871753,-0.120050632234768,0.249298199318847,5,0,0,0.920413727425774
"VLMC-2","MIER1",-0.0423129437674204,0.0835947655981401,0.612739150035271,-0.206155673635843,0.121529786101002,5,0.000379862028264614,0.899311529250783,0.94447592451941
"VLMC-2","RNGTT",-0.000435148932011778,0.0815749016301039,0.995743826091531,-0.160319018169413,0.15944872030539,5,3.95855020841775e-06,0.00975829439339013,0.998976468051473
"VLMC-2","CELF1",0.0160802441198297,0.0636264352360001,0.800477651380012,-0.108625277407401,0.14078576564706,5,0,0,0.974861328880033
"VLMC-2","IRF2",0.0471958584089781,0.101524466806701,0.642023288962619,-0.151788440081789,0.246180156899745,5,0,0,0.949847721405724
"VLMC-2","ARID2",0.0710783221199956,0.0787489830018972,0.366741664554757,-0.0832668483828798,0.225423492622871,5,0.000407544442529351,1.13912375882268,0.89782846718252
"VLMC-2","GNAI2",0.0478631092332203,0.114410866316071,0.675695561456905,-0.176378068186306,0.272104286652747,5,0,0,0.961522787115495
"VLMC-2","TPM2",0.403842143846013,0.447023241475931,0.36631204075171,-0.472307309699164,1.27999159739119,5,0.768838680447258,85.0900702059136,0.89782846718252
"VLMC-2","KATNBL1",0.0833429061467524,0.0809571682859957,0.303259275544536,-0.0753302279841474,0.242016040277652,5,0,0,0.87660931198739
"VLMC-2","KIDINS220",0.0566108576281776,0.059018229826808,0.337453122527824,-0.0590627472636738,0.172284462520029,5,1.06141380374374e-06,0.00509092954094633,0.893673326246222
"VLMC-2","ILF3",-0.00537561307413043,0.103111209892984,0.958421819261041,-0.20746987086673,0.196718644718469,5,0,0,0.996582809694757
"VLMC-2","TSC22D2",0.0680254369821961,0.0882322847398836,0.440718046733554,-0.104906663381659,0.240957537346051,5,3.81109909178685e-06,0.00805311451158286,0.920413727425774
"VLMC-2","ZFC3H1",0.165889684523976,0.0927857137796243,0.0737954353732795,-0.0159669727639293,0.347746341811882,5,0.0021573161232868,4.42263007225001,0.669131656592216
"VLMC-2","FBXO21",0.0140019449879155,0.0992043227240637,0.887757378561359,-0.180434954661938,0.208438844637769,5,1.1681387338111e-07,0.000191801569885243,0.986266783844257
"VLMC-2","RALGAPB",-0.149728160692101,0.0823874122513611,0.069160943771251,-0.311204521484223,0.0117482001000209,5,0,0,0.657237498135552
"VLMC-2","KLHL23",-0.0408681328626876,0.0945088099883152,0.665431315718827,-0.226101996661525,0.14436573093615,5,6.71557337239538e-06,0.0128422057402025,0.959087808945216
"VLMC-2","SENP6",-0.017911664672841,0.0542221592773591,0.741144234466449,-0.124185144020459,0.0883618146747772,5,0,0,0.970230263441742
"VLMC-2","IGF2R",-0.00815413486650017,0.0732874894041106,0.911408347446878,-0.151794974615918,0.135486704882917,5,0,0,0.991152181757771
"VLMC-2","KPNA5",-0.0984085827109655,0.0902209468565778,0.275382488633913,-0.27523838920096,0.0784212237790291,5,0,0,0.85839310941465
"VLMC-2","NFATC3",-0.00587634319529744,0.0953801777514121,0.950873660000774,-0.192818056427094,0.181065370036499,5,0,0,0.996582809694757
"VLMC-2","STK39",-0.00595788747152872,0.0800212013889054,0.940649252147718,-0.16279656019341,0.150880785250352,5,8.7237472199471e-07,0.00215934280452803,0.994661788902949
"VLMC-2","ACBD6",-0.0929746382112021,0.0774417251789198,0.229915908044494,-0.244757630462534,0.0588083540401293,5,0.000182827678477012,0.508521737532477,0.835476015240007
"VLMC-2","CDK19",-0.0926911962014985,0.107740004762705,0.38961105833571,-0.303857725230573,0.118475332827576,5,3.82882294199917e-07,0.000530085461854198,0.905390969574045
"VLMC-2","ANKIB1",-0.0803589056468502,0.0754546311397267,0.286877588129299,-0.228247265147469,0.0675294538537686,5,0.00102264383902376,3.06192558114551,0.864730219597247
"VLMC-2","SRSF11",-0.0940413868149931,0.0668039181389166,0.159213220451912,-0.224974660393432,0.0368918867634455,5,0,0,0.795488448309157
"VLMC-2","CHN1",-0.0895615537687883,0.0845440061898356,0.289441161227553,-0.255264761009597,0.0761416534720208,5,2.89353994373644e-06,0.00675421031715995,0.868360199133212
"VLMC-2","RCN2",-0.0462593006796692,0.0965032398182851,0.631686173518516,-0.23540217511494,0.142883573755601,5,4.00503220677474e-07,0.000708713128895822,0.948488775291622
"VLMC-2","RLF",-0.060361540730112,0.0914196820976984,0.50908151014133,-0.239540825119702,0.118817743659478,5,0,0,0.923861754754394
"VLMC-2","MDN1",0.0226844048522864,0.0905879520241629,0.80226794293439,-0.154864718548315,0.200233528252888,5,0,0,0.974861328880033
"VLMC-2","MARK3",0.086307358902792,0.0651424866624989,0.185203922035251,-0.0413695688190868,0.213984286624671,5,2.02743956165907e-06,0.00803782911221644,0.812975415007207
"VLMC-2","ZDHHC14",0.0435381822201747,0.0907034325141542,0.631223201963312,-0.134237278781727,0.221313643222076,5,0,0,0.948488775291622
"VLMC-2","ZER1",-0.253609202231228,0.142718860687647,0.0755707913294406,-0.533333029093605,0.0261146246311496,5,0.031956212328843,33.8968826144533,0.676420621235484
"VLMC-2","VPS54",-0.046235871242987,0.080897644711991,0.567636741694194,-0.204792341312606,0.112320598826632,5,0,0,0.932843184689433
"VLMC-2","PCDH7",-0.152887186007162,0.115810217615117,0.186783998657332,-0.379871041574537,0.074096669560213,5,2.54951650086594e-06,0.0029514943561131,0.812975415007207
"VLMC-2","TTC21B",0.0340444987603073,0.0868022579624669,0.694904884516312,-0.136084800622883,0.204173798143498,5,0,0,0.967813462982102
"VLMC-2","SCAPER",-0.00966280064408018,0.0644751279602202,0.88086824284194,-0.136031729344723,0.116706128056563,5,0,0,0.984270885984785
"VLMC-2","RPL34",-0.10172320350259,0.110814829640362,0.358641591200188,-0.318916278550641,0.115469871545461,5,0,0,0.89567209561799
"VLMC-2","YAF2",-0.0582551804435514,0.0971593829424186,0.548783725784742,-0.248684071770827,0.132173710883724,5,0,0,0.928293059793464
"VLMC-2","CACNA2D1",-0.132862354425975,0.0676653205266371,0.0495855354023227,-0.265483945660543,-0.000240763191407783,5,4.06779417326146e-06,0.0145850188370723,0.596885940543393
"VLMC-2","KIAA0825",-0.0157198496659926,0.104341450167268,0.880245691601702,-0.220225334088519,0.188785634756534,5,0,0,0.984193499791697
"VLMC-2","ARRB1",-0.111435371093109,0.103498923408696,0.281622601648162,-0.314289533412822,0.0914187912266042,5,2.84542771091048e-07,0.000414973197607585,0.858762445500743
"VLMC-2","RTN4",-0.0204380193577769,0.0624148888508013,0.743324355667379,-0.142768953604418,0.101892914888864,5,0,0,0.970230263441742
"VLMC-2","TRAK1",-0.0249185509661943,0.0738807924107199,0.735905454443083,-0.169722243240486,0.119885141308097,5,0,0,0.970230263441742
"VLMC-2","WRN",-0.00770809504129934,0.0943102188328108,0.934860402548175,-0.1925527273277,0.177136537245101,5,0,0,0.994661788902949
"VLMC-2","FTL",0.180919635939562,0.115909832385202,0.118555534846256,-0.0462594609895075,0.408098732868632,5,0,0,0.751074989120161
"VLMC-2","SASH1",-0.00330863092100679,0.072585419745076,0.963642951484264,-0.145573439424078,0.138956177582065,5,3.35557895730803e-06,0.0108128309882106,0.996582809694757
"VLMC-2","DYNC1I2",-0.0233519553633134,0.0790215787129406,0.767601524491529,-0.178231403642174,0.131527492915547,5,0,0,0.972218195929783
"VLMC-2","PAWR",0.0273261812177938,0.116916057321671,0.815198639269191,-0.201825080347101,0.256477442782689,5,0.0154017694208604,22.5281870682959,0.975901409921425
"VLMC-2","HNRNPM",-0.0165914481404184,0.0792437156070288,0.834157524881727,-0.171906276731329,0.138723380450493,5,5.05237454765504e-06,0.0136101055749945,0.977981353679454
"VLMC-2","LGI4",-0.0179917775425643,0.12407345933699,0.884703706890524,-0.261171289280359,0.225187734195231,5,1.91313463846505e-07,0.000211280397520075,0.985694421989932
"VLMC-2","ZIC1",-0.0159360456995405,0.0787254049611612,0.839583933672015,-0.170235004091747,0.138362912692666,5,2.65956058387222e-06,0.00610993791719492,0.978379682201228
"VLMC-2","DICER1",0.072526169290627,0.0690969308098218,0.293888539453217,-0.0629013265388796,0.207953665120134,5,0,0,0.868360199133212
"VLMC-2","SMARCC1",-0.391443282105286,0.302486516421478,0.195636041041649,-0.984305960100365,0.201419395889794,5,0.334044298986824,86.6040922471021,0.812975415007207
"VLMC-2","CRYBG3",0.0307438842295342,0.0964084429077371,0.749808386927515,-0.158213191675217,0.219700960134285,5,4.96504922991234e-06,0.00859557584538177,0.970230263441742
"VLMC-2","CCDC6",0.0528351504188849,0.112659222834483,0.639082484613967,-0.167972868862973,0.273643169700743,5,0,0,0.948488775291622
"VLMC-2","EVI5",-0.0193355816591026,0.0761566693046137,0.799578867832376,-0.168599910678673,0.129928747360467,5,0,0,0.974861328880033
"VLMC-2","TMEM165",0.166920923065159,0.103925397477112,0.1082385341292,-0.0367691130689898,0.370610959199309,5,0.00599932861159638,10.1508059328956,0.743385681091789
"VLMC-2","CDC14A",-0.107543334801913,0.103492043197617,0.298736875724711,-0.310384012155706,0.0952973425518793,5,0,0,0.871991100423922
"VLMC-2","PTPN4",0.0245543393277275,0.171689929701569,0.88627785614312,-0.311951739395561,0.361060418051016,5,0.0782143400800087,64.6818597136283,0.985694421989932
"VLMC-2","RPL24",-0.00434980734844725,0.119813152651445,0.97103922409662,-0.23917927141948,0.230479656722585,5,2.3888531171006e-06,0.00282700338236379,0.996582809694757
"VLMC-2","TEAD1",-0.0775459875665751,0.0741578843648188,0.295705243319078,-0.222892770091306,0.0678007949581558,5,4.15525959187201e-07,0.00128800315134942,0.870972079210987
"VLMC-2","USP22",0.050418309008109,0.0789962699965253,0.523319690103693,-0.104411535098083,0.205248153114301,5,1.51942970461151e-06,0.00392515073661348,0.925314633394202
"VLMC-2","LAMC1",0.188468340752372,0.265217540851085,0.477321027106708,-0.331348487384035,0.708285168888779,5,0.25146719778172,81.5836373411321,0.920413727425774
"VLMC-2","GPATCH2L",-0.00980383322189122,0.0884038158708172,0.911696990746489,-0.183072128424603,0.163464461980821,5,0,0,0.991152181757771
"VLMC-2","HNRNPR",-0.140770511344037,0.0949828329350259,0.138323619414017,-0.326933443046273,0.0453924203581988,5,0.00660719602612438,13.628308356284,0.771582957702176
"VLMC-2","ABCC5",-0.1460185403457,0.128475531961744,0.255727511914996,-0.397825955885342,0.105788875193942,5,0.0217735966187256,27.3138962993893,0.842480864401571
"VLMC-2","COL5A2",-0.0694513297414536,0.108023898273904,0.520272376528853,-0.281174279827924,0.142271620345016,5,4.16718847272847e-06,0.00621548898927283,0.925314633394202
"VLMC-2","TPM4",-0.0431229833836816,0.121279893190568,0.722165752557573,-0.28082720608606,0.194581239318697,5,0,0,0.970230263441742
"VLMC-2","BMPR2",-0.00688547552534812,0.0656539813483855,0.916474824657282,-0.135564914409848,0.121793963359152,5,0,0,0.991152181757771
"VLMC-2","NAV1",0.00942274831582794,0.0841512521624829,0.91084405952552,-0.155510675176587,0.174356171808243,5,1.15659404057434e-07,0.000268881797246569,0.991152181757771
"VLMC-2","NUDCD3",0.0977398740849511,0.0860265220672491,0.255889701296022,-0.0708690108820973,0.266348759051999,5,5.14213105581376e-06,0.0110917630346938,0.842480864401571
"VLMC-2","THOC2",-0.0604518152509611,0.0680536785753515,0.374381512942443,-0.193834574274115,0.0729309437721928,5,0,0,0.900014230432808
"VLMC-2","CECR2",0.131184779661416,0.0888678750644013,0.139896181565704,-0.0429930548474154,0.305362614170248,5,0,0,0.771582957702176
"VLMC-2","PDCD6IP",-0.0217724371796398,0.0790143653747515,0.782893437481822,-0.176637747575441,0.133092873216162,5,0,0,0.974616458884373
"VLMC-2","LCORL",-0.169986151169033,0.149995116942226,0.257097569389685,-0.46397117823267,0.123998875894604,5,0.04376732653252,43.7728365423755,0.842480864401571
"VLMC-2","ENO1",-0.0367435084625604,0.109812554536146,0.737925280438227,-0.251972160403748,0.178485143478627,5,0,0,0.970230263441742
"VLMC-2","CDS2",-0.254924597322232,0.133493809994977,0.0561800849922988,-0.516567657071419,0.00671846242695545,5,0.0259333247832257,30.66262341065,0.625460221972044
"VLMC-2","EXOC6",-0.152505358509458,0.140879394442162,0.279019653246655,-0.428623897779908,0.123613180760991,5,0.0381750075085648,43.9639787661254,0.85839310941465
"VLMC-2","TIMP2",-0.144674554409378,0.0981953441471816,0.14066095530198,-0.337133892387369,0.0477847835686143,5,7.25749051201088e-07,0.0012845023710983,0.771582957702176
"VLMC-2","ULK4",0.10690298136621,0.105963296074819,0.31303793117422,-0.10078126262359,0.31458722535601,5,0,0,0.877270724002829
"VLMC-2","PATJ",-0.245899211467258,0.318874673921949,0.440619873052044,-0.870882087936231,0.379083665001715,5,0.36902676728796,84.7326773943389,0.920413727425774
"VLMC-2","JUN",-0.0899500018012409,0.147036335741983,0.540700819752857,-0.378135924274266,0.198235920671785,5,7.21774582817658e-06,0.00571270442921608,0.925314633394202
"VLMC-2","ITSN2",0.181102049721242,0.0758202378277899,0.0169140225439805,0.0324971142795128,0.329706985162972,5,0,0,0.406956425281991
"VLMC-2","C2CD5",-0.00206137267847505,0.0810916647625,0.979719736663796,-0.160998115059371,0.156875369702421,5,0,0,0.997919280210293
"VLMC-2","WWTR1",-0.0301933921748572,0.107797452587528,0.779405583644176,-0.241472516871575,0.181085732521861,5,0,0,0.974616458884373
"VLMC-2","UBE2E1",-0.0450186491694491,0.0881757891296156,0.609662223018101,-0.217840020171894,0.127802721832996,5,0,0,0.94447592451941
"VLMC-2","KLHDC10",-0.0869997534555195,0.0984025082550261,0.376630736532273,-0.279865125623776,0.105865618712737,5,0,0,0.901188174621326
"VLMC-2","CRADD",-0.0507221126273929,0.0979464509103929,0.604559061274821,-0.242693628825283,0.141249403570497,5,0.00504579521479988,9.50144730984641,0.942417368919601
"VLMC-2","RPS12",0.0652891239145055,0.138685338324752,0.637803820178563,-0.206529144385762,0.337107392214773,5,0,0,0.948488775291622
"VLMC-2","EIF5",-0.104186737566565,0.43479800704256,0.810624075649714,-0.956375171919776,0.748001696786645,5,0.774270198300626,92.4082708540942,0.975765582377835
"VLMC-2","FAM3C",-0.0700749198732706,0.338139898504245,0.835825184374258,-0.732816942677619,0.592667102931078,5,0.42050079631683,86.7248644459065,0.977981353679454
"VLMC-2","WDR59",-0.152496073516911,0.168141071576977,0.364431575885103,-0.482046518129758,0.177054371095936,5,0.0606495821750177,50.8356431222392,0.89782846718252
"VLMC-2","STX7",0.00368203001578932,0.0881573143067316,0.966684772571771,-0.169103130999182,0.176467191030761,5,6.57217684330532e-07,0.00133177904342517,0.996582809694757
"VLMC-2","INVS",0.0533597903307487,0.0737243013582377,0.469204012183421,-0.0911371851167746,0.197856765778272,5,2.43831706652878e-07,0.000742280635250597,0.920413727425774
"VLMC-2","ZMIZ1",-0.0099015266656288,0.09709559978788,0.918774860227681,-0.200205405307188,0.180402351975931,5,0,0,0.991152181757771
"VLMC-2","EEF1D",0.261113196835747,0.158400656868677,0.0992634257964636,-0.0493463857543475,0.571572779425841,5,0.0465965041132721,41.9746532351622,0.731904948901596
"VLMC-2","PKP4",0.0184210071895122,0.0883150887549816,0.834773950391999,-0.15467338606171,0.191515400440734,5,0,0,0.977981353679454
"VLMC-2","SEC31A",-0.0137701670522369,0.0874062151690094,0.874817555737409,-0.185083200808454,0.15754286670398,5,0.00415366336601043,9.71403415642308,0.984193499791697
"VLMC-2","PHF20L1",0.115835885102098,0.0710549293150013,0.103052872819475,-0.0234292172793435,0.25510098748354,5,0,0,0.743385681091789
"VLMC-2","JAK1",-0.151774340337808,0.102010177919294,0.136794342422772,-0.351710615116148,0.0481619344405314,5,0.022755447317512,52.2411525583437,0.771582957702176
"VLMC-2","EGFR",-0.0881335563080319,0.0905693016614524,0.330500482701199,-0.265646125669422,0.0893790130533585,5,0,0,0.886230977327376
"VLMC-2","RPL13A",0.0558138632884834,0.105890885076487,0.59813216180384,-0.151728457752501,0.263356184329468,5,0,0,0.940423033887883
"VLMC-2","ASPH",-0.000331826374998353,0.0865080434550366,0.996939492772455,-0.169884475919896,0.169220823169899,5,0,0,0.999018306132421
"VLMC-2","INPP4A",0.0749704703909883,0.0835372901754731,0.369479293661873,-0.0887596097190106,0.238700550500987,5,0.00221850331166101,5.52186297731534,0.89782846718252
"VLMC-2","ANXA6",-0.0288531387875975,0.109536507052723,0.792233686988221,-0.243540747603252,0.185834470028057,5,0,0,0.974616458884373
"VLMC-2","BAZ1B",0.0588527674863696,0.0742146561437264,0.427773542978185,-0.0866052856803585,0.204310820653098,5,0,0,0.918385553453722
"VLMC-2","DISC1",0.141294010426514,0.0999084333060904,0.157292893360161,-0.0545229206052453,0.337110941458273,5,0,0,0.794708818531634
"VLMC-2","RASA2",-0.00396494067503746,0.0917535017858829,0.965531771786168,-0.1837984996308,0.175868618280725,5,0.00573174259199188,12.4217217289824,0.996582809694757
"VLMC-2","TLE4",0.127099327728126,0.096049257855006,0.185744821346934,-0.0611537584094865,0.315352413865739,5,0,0,0.812975415007207
"VLMC-2","RPLP2",0.0918254237700733,0.122550347188667,0.453684036113882,-0.148368843012593,0.33201969055274,5,1.71013502749271e-06,0.00192034043931547,0.920413727425774
"VLMC-2","FAM120A",0.0191499072361764,0.0872446273416003,0.826263155194275,-0.151846420197979,0.190146234670331,5,2.17578833846641e-08,4.82265095786998e-05,0.977652301355658
"VLMC-2","RPL37",0.0721276195464178,0.107465013198316,0.502110301643409,-0.138499935920404,0.282755175013239,5,1.02931472411783e-06,0.00149555953198703,0.92181451095742
"VLMC-2","GLYR1",-0.0193835441277645,0.0885138420465001,0.826658736476972,-0.192867486672172,0.154100398416643,5,0,0,0.977652301355658
"VLMC-2","DOCK5",-0.0980663528277294,0.0973970739587181,0.313996455957963,-0.288961109986401,0.092828404330942,5,0,0,0.877312357012117
"VLMC-2","PHKB",-0.134068901878102,0.0908095811808346,0.139843526571868,-0.312052410443704,0.0439146066875002,5,0.00856694489795256,20.5774947122107,0.771582957702176
"VLMC-2","CAP2",0.0260750177738452,0.107359325695159,0.80810135583157,-0.184345393993172,0.236495429540862,5,0,0,0.97564162259267
"VLMC-2","FBXW7",-0.0906987909377989,0.0692853339531312,0.190513383624544,-0.226495550142766,0.0450979682671684,5,0,0,0.812975415007207
"VLMC-2","CAPS2",-0.120646915941959,0.111384876729258,0.278740307985302,-0.338957262753739,0.09766343086982,5,4.55371223389386e-06,0.0062949433919164,0.85839310941465
"VLMC-2","CAMKK2",0.0834108822294176,0.109240562514245,0.445134087041725,-0.130696685949399,0.297518450408234,5,0.000246073930048482,0.334043260115921,0.920413727425774
"VLMC-2","IQCJ-SCHIP1",0.00891852745731619,0.194378863209503,0.963404151500865,-0.372057043789148,0.38989409870378,5,0.0720725223008172,42.9103267152192,0.996582809694757
"VLMC-2","NR2F2",-0.187614627614597,0.106999859863618,0.0795316503936378,-0.397330499298121,0.0221012440689272,5,0,0,0.684891756148987
"VLMC-2","EIF1AX",0.0086269985819332,0.107708452145286,0.936161034034016,-0.202477688453384,0.21973168561725,5,0,0,0.994661788902949
"VLMC-2","JUND",-0.024687672913969,0.215434629602946,0.908766358138448,-0.44693178795847,0.397556442130532,5,0.116502287155848,60.5197245752004,0.991152181757771
"VLMC-2","UVRAG",0.0936549714465189,0.0762641873687012,0.21943441962516,-0.05582008910635,0.243130031999388,5,0,0,0.828820901475049
"VLMC-2","RBM25",-0.00830351791614162,0.0679054769497046,0.902676848695165,-0.141395807090577,0.124788771258294,5,1.65904494522694e-06,0.0058392177943276,0.989766922754412
"VLMC-2","PLSCR4",0.125992546084862,0.0944121817683865,0.182041817705567,-0.0590519298830245,0.311037022052749,5,0,0,0.812975415007207
"VLMC-2","TGOLN2",0.182538593821077,0.19819282422393,0.357042517151556,-0.205912203652103,0.570989391294258,5,0.096849280008243,59.3282712457158,0.89567209561799
"VLMC-2","COL4A3",-0.0818437020127305,0.116030935753864,0.480585580356052,-0.309260157182784,0.145572753157323,5,0,0,0.920413727425774
"VLMC-2","TUBB",0.0206962491791547,0.159386381401839,0.896685463091592,-0.291695317994615,0.333087816352924,5,0.0226183778264372,17.3747858289795,0.988046445118134
"VLMC-2","SYNRG",-0.0330814177290183,0.0972138024519423,0.733634019459959,-0.223616969335017,0.15745413387698,5,0,0,0.970230263441742
"VLMC-2","ATF6",0.0598996725698036,0.092719924020745,0.518261183805053,-0.121828039160147,0.241627384299754,5,0,0,0.925314633394202
"VLMC-2","WWC2",0.10577886509193,0.0874925618447495,0.226661274167055,-0.065703405038922,0.277261135222783,5,0,0,0.835322470888226
"VLMC-2","ATL2",-0.110104172951122,0.169044448845019,0.51483176064011,-0.441425204473783,0.221216858571538,5,0.0707112428505761,57.6494217547118,0.925314633394202
"VLMC-2","PKN2",0.0419497758826027,0.0711611543890643,0.555523317049565,-0.0975235238182577,0.181423075583463,5,2.06463097988518e-06,0.00664286014927088,0.930210694733431
"VLMC-2","TNRC18",-0.141063673046155,0.0842995927698823,0.0942561987802698,-0.306287838786517,0.0241604926942076,5,0,0,0.719601643876351
"VLMC-2","KSR1",0.210477181915046,0.234452403061466,0.369324448296146,-0.249041084174295,0.669995448004387,5,0.145515984298854,60.5201762532824,0.89782846718252
"VLMC-2","INPP5F",-0.0516169954044704,0.102544914477422,0.614711276507873,-0.252601334577957,0.149367343769016,5,5.29601689380421e-06,0.00799322760921782,0.94447592451941
"VLMC-2","ARL6IP5",-0.0685590091721649,0.132857217919219,0.605829781829309,-0.328954371380024,0.191836353035694,5,0.0152854536938639,16.6652400739115,0.943224267657076
"VLMC-2","MYO1D",-0.1677621648965,0.106160990790419,0.114046910144539,-0.375833883408809,0.0403095536158095,5,0,0,0.743385681091789
"VLMC-2","PIBF1",0.0310012072233331,0.0743310702883152,0.676627721704498,-0.11468501347408,0.176687427920746,5,0,0,0.961568997417038
"VLMC-2","RPL35A",0.0821825367096087,0.123937766586823,0.507269591951454,-0.160731022124897,0.325096095544114,5,0,0,0.923074540590581
"VLMC-2","SLTM",0.124788727105716,0.0763700253807423,0.102258560164015,-0.0248937721389488,0.274471226350381,5,0,0,0.743385681091789
"VLMC-2","LZTS1",-0.0521989110046361,0.125491017171798,0.677441212227098,-0.298156785044658,0.193758963035386,5,0,0,0.961568997417038
"VLMC-2","BTBD8",-0.19872457907501,0.110454285953755,0.0719938816882225,-0.415211001482458,0.0177618433324372,5,4.44910934767818e-06,0.00614862403390729,0.659814452012594
"VLMC-2","NLGN1",-0.070767524574848,0.110658722047123,0.522490239260544,-0.287654634362438,0.146119585212742,5,0,0,0.925314633394202
"VLMC-2","RPL5",0.0681835838123139,0.103164865850853,0.508664485370458,-0.134015837725264,0.270383005349892,5,0,0,0.923861754754394
"VLMC-2","ZYG11B",-0.0571300052544164,0.0917511849537425,0.533506451825604,-0.236959023302625,0.122699012793792,5,0,0,0.925314633394202
"VLMC-2","SAMD4A",-0.0207571421928948,0.117605567340699,0.85990275473206,-0.251259818562065,0.209745534176275,5,1.02557537896897e-06,0.00123743684757861,0.981579833098383
"VLMC-2","VPS41",0.0117761495016613,0.0991332712883005,0.905440866650121,-0.182521491893046,0.206073790896369,5,0.0115421154978252,23.8198770258249,0.991102003209437
"VLMC-2","WSB1",-0.0852273699581077,0.0688034242452962,0.215453558475347,-0.220079603491918,0.0496248635757028,5,0,0,0.823539031660366
"VLMC-2","UBE2B",0.113206765375855,0.0885065955503296,0.200869883731645,-0.0602629742970444,0.286676505048754,5,0,0,0.81467224296579
"VLMC-2","JPX",-0.136406598104964,0.0688303902721393,0.0475040196982432,-0.271311684080193,-0.00150151212973504,5,0,0,0.590992023566818
"VLMC-2","RAP1GDS1",-0.106426166479795,0.0930037727315198,0.25249055399623,-0.288710211459922,0.0758578785003322,5,0.00559537104023287,11.9640396135941,0.842480864401571
"VLMC-2","LTBP1",-0.029611633575607,0.181482312006854,0.870388209861967,-0.385310428940102,0.326087161788887,5,0.0467929700795012,29.1187378704555,0.984193499791697
"VLMC-2","RIF1",0.041453108148095,0.0721426204429695,0.565562241750495,-0.0999438296704682,0.182850045966658,5,4.58229275015878e-05,0.146148507814335,0.931979399500039
"VLMC-2","SMC5",0.095449936007907,0.131537466576079,0.468054417308085,-0.162358761098849,0.353258633114663,5,0.0359780563115068,47.1175905963055,0.920413727425774
"VLMC-2","PBRM1",0.0401633916260747,0.0673460188237411,0.550925633779794,-0.0918323797706143,0.172159163022764,5,0,0,0.928293059793464
"VLMC-2","CCDC88A",-0.0672297748529966,0.0765376550777264,0.379733073207675,-0.21724082226649,0.0827812725604964,5,0.00201758690296073,6.0712437152413,0.903121483964797
"VLMC-2","CNN3",0.161003616458226,0.197808796234554,0.415681858895856,-0.226694499986722,0.548701732903175,5,0.102869428009373,60.5464172632312,0.916043676533149
"VLMC-2","UBE2E3",-0.217335617553507,0.106026406766506,0.0403814758153349,-0.425143556226052,-0.00952767888096204,5,0.0109949926921769,19.0647091591931,0.561335886953664
"VLMC-2","PARVA",-0.0627738031024234,0.0887348937718662,0.479298758690695,-0.236690999067269,0.111143392862422,5,0,0,0.920413727425774
"VLMC-2","USP47",0.168610333730599,0.068605229790383,0.0139834124095426,0.0341465541903544,0.303074113270844,5,0.00220005577563729,8.26773895584105,0.398645757166961
"VLMC-2","U2SURP",-0.0170019527809115,0.0677369098916405,0.801814241611242,-0.149763856592562,0.115759951030739,5,6.86611148602543e-06,0.023432194088475,0.974861328880033
"VLMC-2","ZMYM2",0.0102348354141621,0.0630752209805815,0.871097990778664,-0.113390326024683,0.133859996853007,5,1.8492195390011e-07,0.000765340465749043,0.984193499791697
"VLMC-2","GATAD2B",0.0398818645246799,0.0767068533915929,0.60311536135241,-0.110460805490236,0.190224534539596,5,0,0,0.941038996099029
"VLMC-2","EWSR1",-0.0556631501630328,0.0884844255947431,0.529301361254287,-0.229089437521444,0.117763137195378,5,2.2135623606596e-06,0.00478612004434306,0.925314633394202
"VLMC-2","DENND2A",-0.122263623213834,0.123685801873946,0.322907011012164,-0.364683340285726,0.120156093858058,5,0.0115042825155803,14.3948739538418,0.885943206465361
"VLMC-2","RDX",-0.00785541721614084,0.0819895813652234,0.923671519361368,-0.168552043799495,0.152841209367213,5,0,0,0.992159394239645
"VLMC-2","NID1",0.214723074752995,0.126986000363695,0.0908522227875617,-0.0341649125006379,0.463611062006627,5,0,0,0.713929693424544
"VLMC-2","GALNT1",-0.145599130122033,0.092412237139854,0.115131967850423,-0.326723786646921,0.0355255264028558,5,0,0,0.743385681091789
"VLMC-2","MAGED1",0.025548291727897,0.0946219769841159,0.787157343351402,-0.159907375306948,0.211003958762742,5,0,0,0.974616458884373
"VLMC-2","WBP2",0.0276633025679417,0.11128230276499,0.803680482493868,-0.190446002968121,0.245772608104005,5,4.88324356081438e-06,0.00665864576651628,0.974861328880033
"VLMC-2","FUBP1",0.032103564796211,0.0700452286237721,0.64671809004256,-0.105182560595256,0.169389690187678,5,0,0,0.950035992057582
"VLMC-2","RPL21",0.148211435844745,0.197766557968256,0.453600377160551,-0.23940389511949,0.53582676680898,5,0.084448874823562,49.3042904815088,0.920413727425774
"VLMC-2","UBE3C",-0.0730339713663461,0.0768005456506358,0.341626502907853,-0.223560274834616,0.0774923321019243,5,0.00294488512835165,9.07483665723013,0.89567209561799
"VLMC-2","SYNJ1",-0.0926693145146683,0.0977358007330924,0.343047289933388,-0.284227963951713,0.0988893349223762,5,0,0,0.89567209561799
"VLMC-2","AGO2",0.0891034686550999,0.100486276050391,0.375228178226936,-0.107846013344216,0.286052950654416,5,0.00714723164275359,13.3818970821289,0.900016676285472
"VLMC-2","MAP3K4",-0.0636563292407029,0.0907570471079532,0.483057983825325,-0.241536872915496,0.11422421443409,5,0,0,0.920413727425774
"VLMC-2","LARP1B",0.0139490438568044,0.0890857113633668,0.875575837726191,-0.160655741952525,0.188553829666134,5,0,0,0.984193499791697
"VLMC-2","AMBRA1",-0.00944079861634312,0.0870776426442313,0.913663988944215,-0.180109842057686,0.161228244824999,5,1.72614687601709e-06,0.00383766799071477,0.991152181757771
"VLMC-2","UBR2",0.0849000740388847,0.115528510228718,0.46241003630537,-0.141531645196971,0.31133179327474,5,0.0295298717621795,51.9113664178732,0.920413727425774
"VLMC-2","DYNC1LI2",-0.0467422172594916,0.0815601382522905,0.566576140293255,-0.206597150808089,0.113112716289105,5,0,0,0.932010824423721
"VLMC-2","PAK1",0.0707711273621848,0.123029397906261,0.56513066191028,-0.170362061573735,0.311904316298105,5,0,0,0.931979399500039
"VLMC-2","USP25",0.0170271118404971,0.0767787821361782,0.824494137774693,-0.133456535923259,0.167510759604254,5,0,0,0.977652301355658
"VLMC-2","SERINC3",-0.0604072294641378,0.0864824865032837,0.484870249528988,-0.229909788304045,0.10909532937577,5,0,0,0.920413727425774
"VLMC-2","CFLAR",0.0538495132247317,0.111332217705539,0.62861078225349,-0.164357623797098,0.272056650246562,5,0.0167372003070922,27.837664897956,0.948488775291622
"VLMC-2","USP54",-0.168845722743483,0.114262662770965,0.13948859599776,-0.392796426552219,0.0551049810652533,5,0.0107074855229774,15.5067952946315,0.771582957702176
"VLMC-2","HNRNPU",0.0646006115814043,0.0639357814970975,0.312304452227636,-0.0607112174763292,0.189912440639138,5,0,0,0.877270724002829
"VLMC-2","RPS15",0.0814188828568166,0.123033973366064,0.508125458499582,-0.15972327381553,0.322561039529163,5,0,0,0.923861754754394
"VLMC-2","DACH1",-0.211753072717557,0.128451252092884,0.0992482213582962,-0.463512900588685,0.0400067551535705,5,0,0,0.731904948901596
"VLMC-2","SLC2A13",0.0316308338607764,0.0886488351515256,0.721233686412363,-0.142117690307642,0.205379358029195,5,0,0,0.970230263441742
"VLMC-2","ZRANB2",0.052780104488921,0.0699230160712069,0.450350010322308,-0.08426648870106,0.189826697678902,5,0,0,0.920413727425774
"VLMC-2","MDM4",0.0675208962601673,0.083421501950886,0.418288324093808,-0.0959822430998071,0.231024035620142,5,0,0,0.917504708559754
"VLMC-2","HSP90AA1",0.351904817300193,0.36710915336415,0.337768552885409,-0.367615901688532,1.07142553628892,5,0.520134342783634,87.0889836332284,0.893673326246222
"VLMC-2","SAFB2",-0.0100046263011785,0.10031081708458,0.920553708241929,-0.20661021504674,0.186600962444383,5,0,0,0.991152181757771
"VLMC-2","APCDD1",-0.246813507712319,0.15823465312174,0.11880850232079,-0.556947728937118,0.063320713512479,5,0.0358272771556991,29.6488852024896,0.751262785351761
"VLMC-2","TSPYL2",0.0557219936190836,0.135964802655304,0.681933147483016,-0.210764122750408,0.322208109988575,5,0.0259435435761549,29.7013764131166,0.963875255518011
"VLMC-2","VTI1A",0.00821481999876474,0.0685497740936373,0.90461203191721,-0.126140268373121,0.142569908370651,5,0,0,0.990597290159341
"VLMC-2","RYK",-0.0989780409606842,0.0823721630303154,0.229520189165779,-0.260424513828764,0.0624684319073956,5,0.00131209832785717,3.20911343317473,0.835476015240007
"VLMC-2","RNF216",0.0656152138715652,0.0846724945704122,0.438381319434856,-0.100339825967606,0.231570253710736,5,0.00395612469100404,9.79593385042019,0.920413727425774
"VLMC-2","UBE2H",0.0508404618847629,0.0811461503062639,0.530967654092964,-0.108203070199588,0.209883993969114,5,0,0,0.925314633394202
"VLMC-2","SESTD1",0.171986409240074,0.086124851096226,0.0458313870365574,0.00318480291759654,0.340788015562552,5,0,0,0.590992023566818
"VLMC-2","MAP4K5",0.0408702625330643,0.0663197939762666,0.537722672546661,-0.0891141451225347,0.170854670188663,5,0,0,0.925314633394202
"VLMC-2","YWHAQ",-0.105766435089478,0.0874297325135385,0.226382229908312,-0.277125561993984,0.0655926918150276,5,0,0,0.835322470888226
"VLMC-2","KANTR",0.000847298115496033,0.0911056081324162,0.992579640779917,-0.177716412613659,0.179411008844651,5,4.1241671997965e-07,0.000795223165416131,0.997919280210293
"VLMC-2","DMXL1",0.104510159387041,0.0739655314601486,0.157668193016467,-0.0404596183722147,0.249479937146297,5,6.07348935947307e-06,0.0187812389708605,0.794708818531634
"VLMC-2","MSH3",-0.0361946289543746,0.086207932789281,0.674593100599583,-0.205159072403015,0.132769814494266,5,0,0,0.961522787115495
"VLMC-2","FBXL17",-0.0728570838761839,0.0707430949070507,0.303065110666528,-0.211511002048902,0.0657968342965344,5,2.81182631149712e-06,0.00937268172972125,0.87660931198739
"VLMC-2","GALNT11",-0.0752161993466257,0.0907697271737046,0.407303328617559,-0.253121595493613,0.102689196800362,5,0,0,0.915088506917903
"VLMC-2","SQSTM1",-0.00150343790623098,0.0979707375349839,0.987756315369189,-0.193522555013626,0.190515679201164,5,0,0,0.997919280210293
"VLMC-2","CCDC3",-0.182291078457932,0.247967110869851,0.462252917966216,-0.66829768511329,0.303715528197427,5,0.185610320101949,70.4769340773835,0.920413727425774
"VLMC-2","TTC7B",-0.0805845214999039,0.0921075544366011,0.381630551527858,-0.261112010899704,0.0999429678998967,5,0.00031941659720669,0.632493923615253,0.903121483964797
"VLMC-2","PUM3",0.284059465322418,0.143755171851532,0.0481553714535439,0.0023045059020485,0.565814424742788,5,0.0448326942458221,50.9956589861718,0.593387068020958
"VLMC-2","RICTOR",-0.0797056114037164,0.136152157904477,0.558268231776739,-0.346558937313902,0.187147714506469,5,0.0455591815345975,59.8174117063471,0.931813702202331
"VLMC-2","ZKSCAN1",-0.0586766180235657,0.0794331279879605,0.460094030597352,-0.214362688059329,0.0970094520121975,5,0,0,0.920413727425774
"VLMC-2","ATP9A",0.0490044115179811,0.18778313451602,0.794121199108819,-0.319043769037458,0.41705259207342,5,0.0865509861897142,59.7238240533329,0.974616458884373
"VLMC-2","MIB1",0.0416082383845169,0.238102291262873,0.861276530062344,-0.42506367712718,0.508280153896214,5,0.190718834117452,81.1550518628727,0.982147202416855
"VLMC-2","STX8",-0.101807593363047,0.0892299499485422,0.253887549964275,-0.276695081604502,0.0730798948784071,5,0,0,0.842480864401571
"VLMC-2","PRKAA2",-0.090375607478451,0.108199848677839,0.403568202485408,-0.302443414019699,0.121692199062797,5,1.17746413490777e-06,0.00169348717586005,0.915088506917903
"VLMC-2","TERF2IP",-0.0312509738233756,0.0893653258308743,0.72656453078087,-0.206403793918576,0.143901846271825,5,0,0,0.970230263441742
"VLMC-2","RANBP9",-0.00413434806911741,0.0845703611185011,0.961009755822135,-0.169889210020926,0.161620513882691,5,0,0,0.996582809694757
"VLMC-2","ATF7IP",-0.0273593216385846,0.0813442303082547,0.73661445962808,-0.186791083392895,0.132072440115726,5,8.34607595221604e-07,0.00206615587470089,0.970230263441742
"VLMC-2","SRSF4",-0.0153330883280247,0.0849860275686653,0.856823692617013,-0.181902641551737,0.151236464895687,5,7.02249565842174e-07,0.001665877197831,0.981010747570559
"VLMC-2","RBMS1",0.224315683409167,0.0808260575274663,0.00551526426092732,0.0658995216429703,0.382731845175363,5,0,0,0.303803742892161
"VLMC-2","FBXL5",0.0242710343636958,0.0764051751326807,0.750741203603114,-0.125480357128834,0.174022425856225,5,0,0,0.970230263441742
"VLMC-2","ZMYM4",0.0364330637792134,0.0684705702999479,0.594658018706031,-0.0977667880096023,0.170632915568029,5,5.61031025709852e-07,0.00196246619962972,0.938287793117771
"VLMC-2","PTPN13",0.0738711045446192,0.0942269518585125,0.433057706840992,-0.110810327471055,0.258552536560293,5,0.00558886202394089,11.5497003146721,0.920413727425774
"VLMC-2","UBE2E2",-0.0194480046998612,0.0689814826571999,0.77799657088778,-0.154649226308147,0.115753216908425,5,0,0,0.974616458884373
"VLMC-2","PTPN9",0.0383054746985071,0.0957499609087613,0.689114283795985,-0.149361000203783,0.225971949600797,5,1.7701495969542e-06,0.00322916908808501,0.96509154879379
"VLMC-2","PRNP",-0.0897482328472012,0.101846004802151,0.378201431590082,-0.28936273422871,0.109866268534307,5,0,0,0.902864233872162
"VLMC-2","PAPOLA",0.131748511485943,0.0886704348778211,0.137326124065334,-0.0420423473680908,0.305539370339976,5,0,0,0.771582957702176
"VLMC-2","ELMO1",-0.0994081897974688,0.116431609529682,0.393221137795668,-0.327609951137676,0.128793571542738,5,0,0,0.908129750349204
"VLMC-2","DIS3L2",0.0116366734342947,0.083714428790272,0.889446676932632,-0.152440591980981,0.175713938849571,5,4.73320987919339e-08,0.000107868988590866,0.98651454704958
"VLMC-2","CEP290",0.0610083551419592,0.0869682043501226,0.482989888396486,-0.109446193184401,0.231462903468319,5,1.42337318977255e-06,0.00309425658581999,0.920413727425774
"VLMC-2","ZNF516",-0.0041257368314175,0.108753421097206,0.969738218290029,-0.21727852537746,0.209027051714625,5,0,0,0.996582809694757
"VLMC-2","YLPM1",-0.00495147263459331,0.0829596243913845,0.952406255137392,-0.167549348612677,0.157646403343491,5,0,0,0.996582809694757
"VLMC-2","RSF1",0.0158387747740063,0.113927285259308,0.889430158322622,-0.207454601190659,0.239132150738671,5,0.0276476451192093,50.2626987608179,0.98651454704958
"VLMC-2","LMBR1",-0.0489506136212087,0.0873934276345681,0.57539909620353,-0.22023858427047,0.122337357028052,5,0,0,0.934846106911697
"VLMC-2","LSM14A",-0.0773683571839839,0.073627976582034,0.293349960465478,-0.221676539539329,0.0669398251713613,5,0,0,0.868360199133212
"VLMC-2","SENP7",-0.0261884282893809,0.0701318843889103,0.70883821058203,-0.163644395859572,0.11126753928081,5,3.70799938569722e-06,0.0120480530530229,0.96950880300858
"VLMC-2","SAT1",-0.0812146659675646,0.121459930259079,0.503716229089957,-0.319271754840107,0.156842422904977,5,1.78620633295072e-06,0.0019611059838421,0.92181451095742
"VLMC-2","ATP2C1",0.0433758047922954,0.146063734162371,0.766493293184879,-0.242903853613385,0.329655463197976,5,0.0481498268770564,52.7514287657777,0.972218195929783
"VLMC-2","PPP2R1A",0.0672931263549996,0.0982554637887938,0.493420133646794,-0.125284043955316,0.259870296665315,5,0,0,0.920613050242827
"VLMC-2","USP48",-0.0356457507283732,0.136114518110509,0.793413502094977,-0.302425303997996,0.23113380254125,5,0.039345628181409,48.8957775768918,0.974616458884373
"VLMC-2","PFKFB3",0.0773085166377537,0.10622779204483,0.466759484380829,-0.130894129927323,0.28551116320283,5,0,0,0.920413727425774
"VLMC-2","TIMP3",0.030803635848965,0.219512268372031,0.888401136624742,-0.399432504324906,0.461039776022837,5,0.146841549414006,69.8815866521764,0.986330502840143
"VLMC-2","LMBRD1",-0.12073455294504,0.109232590327615,0.269030526611718,-0.334826495925183,0.0933573900351027,5,0.0160702584167684,28.093664056591,0.85839310941465
"VLMC-2","GBF1",-0.14998389109523,0.125274271787851,0.231211399679238,-0.3955169519889,0.0955491697984392,5,0.0306060474411738,44.8060520083661,0.835476015240007
"VLMC-2","HELZ",0.0227968457039009,0.0851673357082333,0.78895239527872,-0.144128064943468,0.18972175635127,5,0.00762586265512119,20.790575802122,0.974616458884373
"VLMC-2","SPATA6",-0.0193890611521995,0.0885542763733899,0.826688096645802,-0.19295225352105,0.154174131216651,5,0,0,0.977652301355658
"VLMC-2","KDM4C",0.0594049498618439,0.0843182423207128,0.481101160210743,-0.105855768326474,0.224665668050162,5,0,0,0.920413727425774
"VLMC-2","HOOK3",0.0310859536463152,0.105677234238932,0.768636089706333,-0.176037619447794,0.238209526740424,5,0.0150155014623228,27.7633182758152,0.972430163885711
"VLMC-2","UGGT2",0.00839338690025858,0.0657635355957871,0.898441946938662,-0.120500774363502,0.137287548164019,5,8.41003804041016e-06,0.031694240115365,0.988344901733701
"VLMC-2","ACTN4",-0.0679581741713118,0.177970346123922,0.702571805971089,-0.416773642890326,0.280857294547702,5,0.074723535769047,53.4680099975203,0.967813462982102
"VLMC-2","ARHGEF11",0.0263714635515236,0.0868636507072824,0.761435641026137,-0.143878163400417,0.196621090503464,5,0,0,0.972159088634865
"VLMC-2","SACS",-0.0230253042700346,0.103456092432587,0.823877095681971,-0.225795519419152,0.179744910879083,5,3.4043005558659e-07,0.000517422111547128,0.977652301355658
"VLMC-2","PIP5K1B",0.0305208560490838,0.115958826767127,0.792393155112742,-0.196754268104004,0.257795980202171,5,0,0,0.974616458884373
"VLMC-2","RNF38",0.0565337964591823,0.0871990495617311,0.516771262645152,-0.114373200167934,0.227440793086298,5,0,0,0.925314633394202
"VLMC-2","SLC6A13",-0.201771122582494,0.14843066595245,0.174031659547953,-0.492689882050592,0.0891476368856043,5,0,0,0.812975415007207
"VLMC-2","NHS",0.00459352566106739,0.177682095375676,0.979374990063607,-0.343656981972869,0.352844033295004,5,0.0821431364077877,60.6417867415552,0.997919280210293
"VLMC-2","RBM26",-0.121196555414319,0.0839391782632318,0.148777912880272,-0.28571432170214,0.0433212108735032,5,0.00807909429983088,23.0216742647017,0.774161722178758
"VLMC-2","WDR70",-0.00170094936204378,0.0677766479844238,0.979978077623133,-0.134540738404364,0.131138839680276,5,0,0,0.997919280210293
"VLMC-2","NAP1L4",-0.0418737607767224,0.0800467126724229,0.600893143848748,-0.198762434695497,0.115014913142053,5,0,0,0.940966111171745
"VLMC-2","SCAMP1",-0.0369362994889959,0.0975232878049364,0.704878437671255,-0.228078431240605,0.154205832262614,5,0,0,0.968434829738745
"VLMC-2","TRIP11",0.126776079489562,0.0786111285855755,0.106809942720729,-0.0272989013222131,0.280851060301337,5,0,0,0.743385681091789
"VLMC-2","SCRN1",-0.0362683849392662,0.0896343137359438,0.685752352888152,-0.21194841164068,0.139411641762148,5,0,0,0.96509154879379
"VLMC-2","CAB39",0.0435624803582624,0.0849393466966057,0.608045244527661,-0.122915580037446,0.210040540753971,5,0,0,0.94447592451941
"VLMC-2","GUCY1A2",-0.0599547887821953,0.0947749286450545,0.526993722886094,-0.245710235563856,0.125800657999465,5,0,0,0.925314633394202
"VLMC-2","SCFD2",-0.12994576236308,0.10596913971985,0.220100688714423,-0.337641459686679,0.0777499349605195,5,4.79318530874187e-06,0.00707814828146113,0.828820901475049
"VLMC-2","KAT2B",-0.1603760852893,0.0986401984054713,0.103977429925206,-0.353707321591909,0.0329551510133088,5,0.00126782282267871,2.10384601491972,0.743385681091789
"VLMC-2","SERGEF",-0.127766340864061,0.111653628425605,0.252495181790559,-0.346603431321465,0.0910707495933419,5,0.00791766733240916,11.7021342615596,0.842480864401571
"VLMC-2","MXI1",-0.00144320727138555,0.169047623006223,0.993188317046317,-0.332770460035687,0.329884045492916,5,0.0804580608522973,67.5721188330133,0.997934736721569
"VLMC-2","TTBK2",-0.00514460310492888,0.0781250778292404,0.947496568315407,-0.158266941939629,0.147977735729771,5,0,0,0.996582809694757
"VLMC-2","ENTPD1-AS1",-0.332286094534173,0.208956084935242,0.111785278696909,-0.741832495357741,0.0772603062893942,5,0.119050333967609,66.5182317366211,0.743385681091789
"VLMC-2","PEX5L",-0.11223705688185,0.107384040092652,0.295933735593983,-0.322705907977854,0.0982317942141541,5,0,0,0.870972079210987
"VLMC-2","MNAT1",-0.0851871954171283,0.0674347142261868,0.206497789746941,-0.217356806608205,0.0469824157739486,5,0,0,0.817137998846356
"VLMC-2","TUBA1A",-0.0956362642748258,0.117588870002416,0.416040050584167,-0.326106214462323,0.134833685912671,5,0,0,0.916043676533149
"VLMC-2","ZC3H13",0.0919892083090253,0.084977540082819,0.279025078656515,-0.0745637097481087,0.258542126366159,5,0,0,0.85839310941465
"VLMC-2","PDLIM5",0.149480046306239,0.111039632929029,0.178242402416883,-0.0681536350912059,0.367113727703684,5,0,0,0.812975415007207
"VLMC-2","SMG6",-0.049838471157447,0.0772641774107757,0.518901380543942,-0.201273476177681,0.101596533862787,5,1.04370279537409e-06,0.0028498236432162,0.925314633394202
"VLMC-2","FNBP1",-0.185140449485968,0.123179204226642,0.132834636195686,-0.426567253414491,0.0562863544425548,5,0.032198136043839,48.5753341712473,0.770254180677166
"VLMC-2","HIP1",-0.0799699198650611,0.129820626892849,0.537892416584473,-0.334413673025457,0.174473833295335,5,0.0267775076226763,34.0041606491416,0.925314633394202
"VLMC-2","RIMKLB",-0.252911129999529,0.14429855777267,0.0796546490233749,-0.535731106255035,0.029908846255977,5,0.0412435805561297,44.558713234142,0.684891756148987
"VLMC-2","RPL10",0.110469260781988,0.120122052023602,0.357759972795141,-0.124965634933318,0.345904156497294,5,0,0,0.89567209561799
"VLMC-2","NEMF",-0.00524219845997338,0.0724727439849495,0.942336601635206,-0.147286166531266,0.13680176961132,5,0,0,0.9952968062483
"VLMC-2","ITM2C",-0.0825816812022164,0.122647930466387,0.500741778238123,-0.322967207694708,0.157803845290275,5,0.0149528288532826,19.4371163380611,0.92181451095742
"VLMC-2","FLNA",0.152336313697876,0.283095500555181,0.59050161165474,-0.402520671575618,0.70719329897137,5,0.229100781529175,66.9312771157472,0.935326469316026
"VLMC-2","AHI1",0.165194353613816,0.0832821474873898,0.0473059609235062,0.00196434398337944,0.328424363244253,5,0.00380345076949283,9.96732871538337,0.590992023566818
"VLMC-2","FAU",0.0934516393315543,0.151968576563605,0.538593985290603,-0.204401297514929,0.391304576178038,5,0.014143579383293,11.0600688904902,0.925314633394202
"VLMC-2","SEC14L1",0.161853903448266,0.145408221722722,0.265665448703662,-0.123140974184284,0.446848781080815,5,0.0393824125018446,41.6593192649026,0.856853853728781
"VLMC-2","FMN1",-0.146945816415281,0.128959868200099,0.254507447572978,-0.399702513538507,0.105810880707946,5,5.98612447299586e-06,0.00598282088556856,0.842480864401571
"VLMC-2","TFDP2",-0.119029283471424,0.103751085356021,0.251274924038259,-0.322377674126166,0.0843191071833186,5,0.0107907919168813,19.6213145741641,0.842480864401571
"VLMC-2","PPIP5K2",-0.0663108860445768,0.0874879016188757,0.448484809507872,-0.237784022300557,0.105162250211403,5,0,0,0.920413727425774
"VLMC-2","DMTF1",0.0659184782722363,0.0671229013220273,0.326072038175355,-0.0656399908567732,0.197476947401246,5,0,0,0.885943206465361
"VLMC-2","UBB",0.213548761037846,0.188561832044182,0.257418744202662,-0.156025638627641,0.583123160703334,5,0.0672394970622143,41.6616997442088,0.842480864401571
"VLMC-2","UNC79",-0.103997815713279,0.112340529910998,0.354582532992457,-0.32418120834298,0.116185576916422,5,0,0,0.89567209561799
"VLMC-2","SKP1",0.0347870326338781,0.112683425781644,0.757538542818981,-0.186068423552737,0.255642488820493,5,0,0,0.971989194774757
"VLMC-2","PLCL1",-0.153386839461895,0.130344411820562,0.239282890767059,-0.408857192216253,0.102083513292464,5,0.0296294803777938,38.4717494809741,0.839042567148328
"VLMC-2","DOCK1",-0.0953761280912872,0.0727626036669712,0.18993041800029,-0.237988210699913,0.0472359545173384,5,0,0,0.812975415007207
"VLMC-2","RPAP2",-0.0159153140464595,0.0874602118547767,0.855604660508628,-0.187334179362065,0.155503551269146,5,0,0,0.980957024980027
"VLMC-2","ATP6V1A",-0.0344094261431786,0.0951125921036819,0.717519640253881,-0.220826681142644,0.152007828856287,5,0,0,0.970230263441742
"VLMC-2","ZBTB7A",0.0572850126489683,0.128565139996862,0.655906518200375,-0.194698031412232,0.309268056710169,5,0.0200072835731895,24.6581256407022,0.954885922421834
"VLMC-2","ABCC9",0.110353050910105,0.142626881053781,0.439097300442189,-0.169190499182583,0.389896601002793,5,0.0215513127287246,20.3395465781843,0.920413727425774
"VLMC-2","DIP2B",0.0651804606169058,0.0818448681318563,0.425805203573696,-0.0952325332409625,0.225593454474774,5,0.0032912164609986,8.73746179735785,0.918385553453722
"VLMC-2","N4BP2L2",0.0985918529772582,0.0689664368283723,0.152842536854041,-0.0365798793484083,0.233763585302925,5,0.00644199786235191,28.3346466937685,0.78041858647447
"VLMC-2","THRAP3",0.040483174639091,0.0732489859256247,0.580483251117821,-0.103082199679215,0.184048548957397,5,4.40419842537244e-06,0.0136550984599655,0.935326469316026
"VLMC-2","DTNB",0.0285012053360263,0.0940120973142776,0.761763894771291,-0.155759119511033,0.212761530183085,5,3.08765519501959e-07,0.000556919020204999,0.972159088634865
"VLMC-2","LPGAT1",-0.0208962197931358,0.0861792762860235,0.808413027097914,-0.189804497527469,0.148012057941197,5,5.15056218737612e-06,0.0109010912367404,0.97564162259267
"VLMC-2","PARD3B",0.0102015535683065,0.0682478890330682,0.881176518522868,-0.123561850957393,0.143964958094006,5,0,0,0.984270885984785
"VLMC-2","USP24",0.0394535489246223,0.075773117279802,0.602589688690259,-0.109059031940119,0.187966129789364,5,1.31724004825554e-07,0.00038953228604429,0.941038996099029
"VLMC-2","SVIL",0.0331647804423786,0.0987265514703819,0.736926938068037,-0.16033570475741,0.226665265642167,5,0,0,0.970230263441742
"VLMC-2","AP3B1",-0.0148283641855672,0.0796266806576074,0.852269446512605,-0.17089379048295,0.141237062111815,5,0,0,0.980957024980027
"VLMC-2","JMJD1C",-0.0413513816853084,0.0538499453905552,0.442546502322617,-0.146895335220245,0.0641925718496285,5,5.00415818601101e-06,0.0280848712181,0.920413727425774
"VLMC-2","C11orf58",0.0628902134266289,0.0976607936022708,0.5195975958952,-0.128521424735421,0.254301851588679,5,0.00443387770118848,8.26134751439382,0.925314633394202
"VLMC-2","RFTN1",-0.05396590833253,0.101358898954948,0.594432380679556,-0.252625699796862,0.144693883131802,5,0,0,0.938287793117771
"VLMC-2","SHPRH",0.0280844688579705,0.0674568652137301,0.677166892630656,-0.104128557470913,0.160297495186854,5,0,0,0.961568997417038
"VLMC-2","LRFN5",-0.0976548014644926,0.12886732048958,0.448574690262024,-0.35023010840825,0.154920505479265,5,1.14213723188611e-06,0.00112196811433013,0.920413727425774
"VLMC-2","SRPK2",-0.0478497603832461,0.0650171395949707,0.461757415544274,-0.175281012367202,0.0795814916007095,5,0.00201528658512251,8.36470007038705,0.920413727425774
"VLMC-2","RCOR3",-0.0343930193481271,0.0826657047584572,0.677373833268586,-0.196414823431324,0.12762878473507,5,0,0,0.961568997417038
"VLMC-2","YWHAG",-0.00618551415608585,0.101706675833726,0.951504800588678,-0.205526935777479,0.193155907465307,5,0,0,0.996582809694757
"VLMC-2","MYL6",-0.0638870563542623,0.181453931619001,0.724775142064363,-0.419530227180697,0.291756114472173,5,0.0719761389146656,50.8972240606269,0.970230263441742
"VLMC-2","TBC1D22A",0.0494086726171227,0.0804150054352366,0.538937124792762,-0.108201841852534,0.207019187086779,5,0,0,0.925314633394202
"VLMC-2","MAP3K2",0.0182423377486246,0.0815249822426094,0.822941118937118,-0.141543691287157,0.178028366784406,5,0,0,0.977652301355658
"VLMC-2","NIPBL",0.0648946100045834,0.0583902620328411,0.26639862344559,-0.0495482006276416,0.179337420636808,5,0,0,0.857110408398436
"VLMC-2","CDK17",0.00244164392621186,0.0823061414875604,0.976333913192471,-0.158875429095865,0.163758716948288,5,0.00013748252239685,0.328200214294074,0.997384538104912
"VLMC-2","EPB41L2",-0.0633111229510868,0.0631822811867071,0.316324657165019,-0.187146118538115,0.0605238726359417,5,0,0,0.879434831986052
"VLMC-2","TBC1D1",-0.137781270507335,0.0948074011974901,0.146147285290614,-0.323600362322255,0.0480378213075855,5,0,0,0.774161722178758
"VLMC-2","SNX13",-0.0637571976449044,0.0719993193572458,0.375873539377736,-0.204873270496504,0.0773588752066948,5,0.000134738348927879,0.432878049725869,0.900597283808194
"VLMC-2","ZFYVE9",-0.0441809627644554,0.0820529493909183,0.590270182384781,-0.205001788395943,0.116639862867032,5,0,0,0.935326469316026
"VLMC-2","ABCA1",0.0568672352303639,0.118295897317128,0.63071532558317,-0.174988463030055,0.288722933490783,5,0,0,0.948488775291622
"VLMC-2","FNDC3A",0.0488235654946482,0.0809451169242317,0.546396430261106,-0.10982594840123,0.207473079390526,5,0,0,0.928293059793464
"VLMC-2","MLLT3",-0.0215240507691014,0.0742600278287172,0.771933243470816,-0.167071030804329,0.124022929266126,5,2.97001612799174e-06,0.00852927764968077,0.973752354617262
"VLMC-2","NECAB1",0.0185574920472767,0.107536560535037,0.862990108606751,-0.192210293622706,0.22932527771726,5,0,0,0.98280517357253
"VLMC-2","ANKRD10",0.0465976136403594,0.0773753851634846,0.54702246436064,-0.105055354569985,0.198250581850704,5,0,0,0.928293059793464
"VLMC-2","PPIG",0.0239348650648686,0.0804650284050933,0.766117830234809,-0.133773692624107,0.181643422753844,5,0,0,0.972218195929783
"VLMC-2","ANKRD26",0.0210387733429202,0.0920670696452008,0.819245331244943,-0.159409367323814,0.201486914009655,5,0,0,0.976895319762814
"VLMC-2","AKAP13",0.0312068188629363,0.124484492229676,0.802055025590064,-0.212778302540984,0.275191940266857,5,0.0321445127473617,46.1659890144873,0.974861328880033
"VLMC-2","ARF1",0.107672321771519,0.172645622690508,0.532850316535331,-0.230706880790368,0.446051524333406,5,0.0630024876899937,50.0789929996438,0.925314633394202
"VLMC-2","RPL11",-0.00535523121784267,0.158439168732858,0.973036699792483,-0.315890295674708,0.305179833239023,5,0.0385999232807004,32.5026087044171,0.996582809694757
"VLMC-2","ARHGAP31",-0.107577724092484,0.112445899291648,0.338715410380971,-0.327967636913331,0.112812188728364,5,0,0,0.894771170243801
"VLMC-2","GRID2",-0.3131009796365,0.115717034505396,0.00681510151215593,-0.539902199664854,-0.0862997596081458,5,0.0012927223201437,1.66814117469104,0.308846212508015
"VLMC-2","ACTG1",-0.221151279789045,0.136847792507125,0.106086023520935,-0.489368024466819,0.0470654648887304,5,0.0238634212772449,26.0932190784405,0.743385681091789
"VLMC-2","MORF4L1",0.0300290264348448,0.0701231658451769,0.668481775662562,-0.107409853103631,0.167467905973321,5,0.000710742641989105,2.3891850648544,0.960936616113552
"VLMC-2","HNRNPK",-0.0200194406013202,0.0954531629076203,0.833878011031523,-0.207104202110691,0.16706532090805,5,0.00863052782454121,18.4034696635218,0.977981353679454
"VLMC-2","SIL1",-0.001818540710387,0.0867447585587938,0.983274156245748,-0.171835143333245,0.168198061912471,5,4.4522180971988e-06,0.00969035501037074,0.997919280210293
"VLMC-2","CDKL5",-0.102039254518329,0.144604165399725,0.480408724799072,-0.385458210716263,0.181379701679606,5,0.0374597796707925,40.1793446557814,0.920413727425774
"VLMC-2","PCM1",-0.040592719833097,0.0544632160511132,0.456076122212679,-0.147338661775503,0.0661532221093087,5,0,0,0.920413727425774
"VLMC-2","CUL3",0.0833803661452041,0.0701632560037614,0.234685101935968,-0.0541370886602319,0.22089782095064,5,0,0,0.835476015240007
"VLMC-2","SPARC",0.0485475173340666,0.0959242278826764,0.612784506884814,-0.139460514560792,0.236555549228925,5,0,0,0.94447592451941
"VLMC-2","HECTD4",-0.0826310769576302,0.0704738814590397,0.240993804610559,-0.220757346468093,0.0554951925528326,5,0,0,0.840926918484417
"VLMC-2","MBNL2",-0.0613963502302344,0.0876865533527693,0.483815047493904,-0.233258836730112,0.110466136269643,5,0.00529515057545993,12.9010989267126,0.920413727425774
"VLMC-2","TMEM245",0.0183861703220702,0.107582919964413,0.864300574542467,-0.192472478159835,0.229244818803976,5,0.0147759384064967,26.2863259485009,0.983030073718517
"VLMC-2","SH3KBP1",-0.119091956538394,0.163188780799849,0.465524491314854,-0.4389360895871,0.200752176510311,5,0.0592321736823011,52.4465415945833,0.920413727425774
"VLMC-2","DPH6",-0.151015289732149,0.106136699266553,0.154783229776729,-0.359039397732552,0.0570088182682547,5,0,0,0.785355633437282
"VLMC-2","DENND1A",0.0239275598902342,0.0809685680780888,0.767599236104094,-0.134767917422599,0.182623037203068,5,0.00652047338249677,19.258625992992,0.972218195929783
"VLMC-2","RAB10",0.0218598964979532,0.073622728641859,0.766529288220808,-0.122438000083656,0.166157793079562,5,0,0,0.972218195929783
"VLMC-2","APBA1",-0.222269786278092,0.145836226552534,0.127482373923155,-0.508103537962282,0.0635639654060974,5,0.0295843803422162,28.7479316331985,0.759027798013261
"VLMC-2","INPP4B",-0.137552100817277,0.132146423599481,0.297918840951144,-0.396554331758033,0.121450130123479,5,0.0321708301635009,39.7987933837587,0.871991100423922
"VLMC-2","LRRFIP2",0.0207906881165051,0.0705556604672372,0.768245423401728,-0.117495865304716,0.159077241537726,5,0,0,0.972430163885711
"VLMC-2","NR2F1",0.180128016262382,0.277175772159104,0.515776670606808,-0.363126514556542,0.723382547081305,5,0.284820967913264,84.8955133565059,0.925314633394202
"VLMC-2","GNB1",-0.0342448687274549,0.0643371459819299,0.59453754283412,-0.160343357720133,0.0918536202652235,5,0,0,0.938287793117771
"VLMC-2","TOP1",0.130530769026015,0.141115550677584,0.35497001876977,-0.146050627960587,0.407112166012616,5,0.045444007818901,53.574239111669,0.89567209561799
"VLMC-2","KLHL24",0.115035757795599,0.107059021381828,0.28259513292786,-0.0947960683328875,0.324867583924085,5,0.013656951347818,24.1916433804635,0.858762445500743
"VLMC-2","HNRNPC",0.0438690077331923,0.0697082923317753,0.52913784134193,-0.0927567346608768,0.180494750127261,5,0,0,0.925314633394202
"VLMC-2","ATP1A1",-0.218204586704842,0.117216127493131,0.0626654579691197,-0.447943974998634,0.0115348015889505,5,0,0,0.634472119547043
"VLMC-2","DIAPH2",-0.105308287609082,0.139732931703734,0.451065586630801,-0.379179801202595,0.168563225984431,5,0.0444472105878031,53.5718440680466,0.920413727425774
"VLMC-2","ZNF462",-0.158083037032487,0.109795590118914,0.149925675937433,-0.37327843932688,0.0571123652619064,5,0.00567082663608105,8.602705191729,0.774161722178758
"VLMC-2","USP9X",0.0594836715568562,0.0723800815202852,0.411177202558765,-0.082378681420976,0.201346024534688,5,3.89987183315073e-06,0.0123508919364451,0.915968683628608
"VLMC-2","ADD3",-0.175838189469759,0.0848656493309114,0.0382692170854247,-0.342171805682951,-0.00950457325656692,5,3.23001787540359e-06,0.00757301801747585,0.54641518562537
"VLMC-2","CEP170",-0.0662571385257684,0.096633949979646,0.492933381996435,-0.25565620016972,0.123141923118183,5,0.0121918973301731,27.1024419021446,0.920413727425774
"VLMC-2","MAPK1",-0.0442933307008025,0.0741864763305839,0.550471343899756,-0.18969615244868,0.101109491047075,5,1.49502744320525e-09,4.50483502802079e-06,0.928293059793464
"VLMC-2","AHCYL2",-0.2394912960099,0.471939596066686,0.611830864078787,-1.16447590717898,0.685493315159184,5,0.94151583180231,93.4045951276684,0.94447592451941
"VLMC-2","RPRD2",-0.016852929136923,0.0714352955308782,0.813495680349899,-0.156863535602419,0.123157677328573,5,0,0,0.975765582377835
"VLMC-2","RAB7A",0.00875837670491258,0.0788403210666426,0.911544923810554,-0.145765813115281,0.163282566525107,5,0,0,0.991152181757771
"VLMC-2","PTK2",-0.0327338927058905,0.053118747362237,0.537736183910633,-0.136844724439757,0.0713769390279761,5,0.000921498279814177,5.69367673504168,0.925314633394202
"VLMC-2","PID1",-0.112425372604087,0.0947039399611717,0.235178493969148,-0.298041684122027,0.0731909389138531,5,2.63071118958902e-06,0.00477023514321706,0.835476015240007
"VLMC-2","HTT",-0.0442883980011394,0.0769304200580583,0.564821884338475,-0.195069250630471,0.106492454628193,5,0,0,0.931979399500039
"VLMC-2","PPP2R5E",-0.0731512370669916,0.0820624498228136,0.372709590340101,-0.233990683202831,0.0876882090688483,5,0.00284094366124365,7.52832432392606,0.898777822153478
"VLMC-2","ARID1A",-0.0476470042910437,0.0802460971552907,0.55267196559528,-0.204926464615316,0.109632456033228,5,0,0,0.928293059793464
"VLMC-2","DENND4C",-0.0422202361580808,0.0784720190749146,0.590556902742937,-0.196022567339054,0.111582095022892,5,0,0,0.935326469316026
"VLMC-2","ANTXR1",-0.10988990872533,0.093779310760731,0.241280307246109,-0.293693980311352,0.0739141628606925,5,0,0,0.840926918484417
"VLMC-2","RB1CC1",-0.0562972532067469,0.0720807092144369,0.434784386208757,-0.197572847247148,0.0849783408336539,5,0,0,0.920413727425774
"VLMC-2","VIM",0.289200989876597,0.218905075729349,0.186459655420076,-0.13984507458594,0.718247054339133,5,0.11590835697449,52.3907974626972,0.812975415007207
"VLMC-2","CSMD3",-0.0152050651703376,0.1292901101319,0.906381245053436,-0.268609024586079,0.238198894245404,5,0.00335662581936443,3.43159115980032,0.991102003209437
"VLMC-2","KIAA1328",-0.0701038410051767,0.0968954355392465,0.469372795975249,-0.260015404928422,0.119807722918069,5,0.0111325109242513,23.9968561896465,0.920413727425774
"VLMC-2","GAREM1",-0.102706577122751,0.108446616739956,0.343602923464211,-0.315258040178283,0.109844885932781,5,0.00337705512217546,5.11470963757967,0.89567209561799
"VLMC-2","STAU2",-0.0213941534954631,0.0758344503514949,0.777854143471896,-0.170026944971784,0.127238637980858,5,0,0,0.974616458884373
"VLMC-2","BACH1",0.0746785692518706,0.0990918686699851,0.451071641728998,-0.119537924502073,0.268895063005814,5,1.46108500433608e-06,0.00257222136244663,0.920413727425774
"VLMC-2","NFIC",0.0755191437468459,0.0880288844707626,0.390952930239695,-0.0970142994150859,0.248052586908778,5,4.29777472393006e-06,0.00919682786560379,0.906269144699582
"VLMC-2","PRDM2",0.00204543790307884,0.0798134545577813,0.979554265597393,-0.154386058511897,0.158476934318054,5,0,0,0.997919280210293
"VLMC-2","RPL8",0.0876903733346029,0.112589990835938,0.436069864735372,-0.132981953723531,0.308362700392736,5,5.02036087904614e-07,0.000669700026217647,0.920413727425774
"VLMC-2","NSD1",-0.122009543500949,0.0755099653523258,0.106136010648661,-0.270006356065374,0.0259872690634772,5,0,0,0.743385681091789
"VLMC-2","SF1",0.00977979392159311,0.075549505914577,0.897002524765816,-0.138294516720774,0.15785410456396,5,1.15205366591689e-06,0.00331331644266401,0.988046445118134
"VLMC-2","PHC3",0.108651211149445,0.0610033146194379,0.074900915316912,-0.0109130884422187,0.22821551074111,5,0,0,0.675063734895714
"VLMC-2","NRGN",-0.0938533507369107,0.10962964508197,0.391945437242819,-0.308723506735481,0.121016805261659,5,2.65762001839447e-06,0.00365626477547992,0.906902685987987
"VLMC-2","LDLRAD3",0.0636965839327958,0.103871829446951,0.539728968406901,-0.139888460791516,0.267281628657108,5,0.00318141976204627,5.25141099553112,0.925314633394202
"VLMC-2","GNAQ",-0.0681391363956036,0.0683541409477375,0.318835115651694,-0.202110790847344,0.0658325180561365,5,8.12220334858714e-06,0.028549366659119,0.884222035492415
"VLMC-2","STK3",0.145023880588659,0.073820755440618,0.049467418022799,0.000337858613508768,0.28970990256381,5,0,0,0.596885940543393
"VLMC-2","VCL",-0.137896273356124,0.0873770213161394,0.114525299568728,-0.309152088212146,0.0333595414998974,5,1.68040075403555e-06,0.00321377193549352,0.743385681091789
"VLMC-2","ARHGAP42",0.0526110244996855,0.0840934906446656,0.531560668526766,-0.112209188498115,0.217431237497486,5,0,0,0.925314633394202
"VLMC-2","DYNC2H1",-0.164942884161677,0.132260348329038,0.212358050568326,-0.424168403469314,0.0942826351459602,5,0.038424324586174,51.725655653425,0.818296084893299
"VLMC-2","MTSS1",-0.178130957191363,0.111514322464491,0.110180610791338,-0.396695012982151,0.0404330985994257,5,0.00057426431867746,0.793826775554545,0.743385681091789
"VLMC-2","CHD2",0.0619591934592078,0.0715278762498903,0.386367101548314,-0.0782328678812152,0.202151254799631,5,0,0,0.905390969574045
"VLMC-2","STXBP5",-0.0697534553862663,0.0719703927266652,0.332447138657988,-0.210812833083734,0.071305922311201,5,0,0,0.888286079781949
"VLMC-2","SSBP3",0.148220935617707,0.183764823525896,0.419908800500164,-0.211951500118409,0.508393371353822,5,0.0750985747172566,52.0708214135693,0.917851335206336
"VLMC-2","DDX46",-0.0247624193708012,0.0778709802719867,0.750490317437932,-0.177386736144724,0.127861897403122,5,1.14784228670854e-06,0.00309726024714902,0.970230263441742
"VLMC-2","LARP1",-0.0345702278402385,0.0865583632450482,0.689608557984798,-0.204221502361268,0.135081046680791,5,0.00197519229033211,4.48824591684346,0.96509154879379
"VLMC-2","SPTBN1",-0.155344310905471,0.0657905490290343,0.0182161526411407,-0.284291417525495,-0.026397204285447,5,0.00356086098990788,15.7164019505882,0.406956425281991
"VLMC-2","PCNX1",-0.0460201577086228,0.0748580344521046,0.538709413371755,-0.192739209188206,0.100698893770961,5,5.25028826897194e-07,0.00156505694374809,0.925314633394202
"VLMC-2","DPYD",0.284776417736155,0.340020808197624,0.402296720223821,-0.381652120325389,0.951204955797699,5,0.478484799771734,92.4365037853993,0.915088506917903
"VLMC-2","ANKRD11",-0.0399498102011203,0.0757651100148068,0.597995651008074,-0.188446697114857,0.108547076712616,5,0,0,0.940423033887883
"VLMC-2","HNRNPD",0.0539099016926547,0.0778411129085643,0.488583618937178,-0.0986558761246472,0.206475679509957,5,4.14060559188986e-09,1.10584992228268e-05,0.920413727425774
"VLMC-2","DNAJB6",0.198144411687463,0.133717149350353,0.138388861907153,-0.0639363851545928,0.460225208529518,5,0.0287376725086336,35.0816640035341,0.771582957702176
"VLMC-2","EID1",-0.0292212611942428,0.116542943999339,0.802019886917496,-0.257641234085216,0.19919871169673,5,0,0,0.974861328880033
"VLMC-2","RABEP1",-0.0272431186584302,0.0783084424654945,0.727919011016031,-0.180724845576226,0.126238608259366,5,0,0,0.970230263441742
"VLMC-2","FUS",-0.11114047722932,0.0848981375207871,0.190499181120843,-0.277537769124591,0.0552568146659513,5,3.41979770585056e-07,0.000795304873880544,0.812975415007207
"VLMC-2","ADAM10",0.0974327619249707,0.0731767530435502,0.183033913084455,-0.0459910385459694,0.240856562395911,5,0.00113906358709683,3.66518340367891,0.812975415007207
"VLMC-2","KIF1B",-0.149169189922075,0.063011697233584,0.0179171729831025,-0.272669847104642,-0.0256685327395086,5,5.22709325205236e-07,0.00212868163852061,0.406956425281991
"VLMC-2","MYH9",0.0042109710337298,0.0987891573819073,0.965999795110705,-0.189412219497868,0.197834161565327,5,0,0,0.996582809694757
"VLMC-2","OPCML",-0.213230589036027,0.207730127762839,0.304665913450044,-0.620374157955095,0.193912979883041,5,0.106749046767932,62.4815457700411,0.876651295606484
"VLMC-2","LAMA4",0.0742365575754543,0.102741531583866,0.469952424814008,-0.127133144045407,0.275606259196316,5,2.49105745627234e-06,0.0038934395542483,0.920413727425774
"VLMC-2","ATP6V1H",-0.0302431606328431,0.0881135695286005,0.731425948083432,-0.202942583458166,0.14245626219248,5,3.18471849623251e-06,0.00662801735344354,0.970230263441742
"VLMC-2","AP2M1",-0.0626760625752301,0.112294922844265,0.57675016037978,-0.282770066996694,0.157417941846234,5,2.15534579281846e-09,2.90880396105279e-06,0.935030139526544
"VLMC-2","RPS14",0.114562278523554,0.132447160210238,0.387057499579425,-0.145029385343118,0.374153942390227,5,0.0119694748600438,12.7679070621718,0.905390969574045
"VLMC-2","EFNA5",-0.0822584343055311,0.0939329359029598,0.381185258864614,-0.266363605637442,0.101846737026379,5,0,0,0.903121483964797
"VLMC-2","UBE4B",-0.0174028173684579,0.0755781934016987,0.817887864060225,-0.16553335445239,0.130727719715474,5,0,0,0.976246138401222
"VLMC-2","TPM1",0.123744057239231,0.106734428483041,0.246307831853659,-0.085451578497995,0.332939692976458,5,1.19145984777191e-06,0.00175060971710559,0.842480864401571
"VLMC-2","PCGF5",0.0140738794223091,0.0876355821345317,0.872412005740147,-0.157688705325575,0.185836464170193,5,4.29127434465859e-06,0.00861280110667907,0.984193499791697
"VLMC-2","RAB3GAP1",0.126087404965209,0.0744089476889511,0.0901666295217142,-0.0197514526326601,0.271926262563078,5,8.6058480165644e-06,0.025974579789696,0.711766894041876
"VLMC-2","PDE1C",0.0250312706277571,0.110237204622134,0.820371366923291,-0.191029680187999,0.241092221443513,5,0,0,0.976895319762814
"VLMC-2","SESN3",-0.132299618858594,0.134709394342753,0.326045017425483,-0.396325180149593,0.131725942432405,5,0.0273431929845669,31.7157640275167,0.885943206465361
"VLMC-2","DSTN",0.0632117177180801,0.210656186301035,0.764123342248379,-0.349666820552509,0.476090255988669,5,0.105024592048309,53.8689332491171,0.972218195929783
"VLMC-2","NSMCE2",-0.1783304890921,0.0906576370103295,0.0491744151926637,-0.356016192555851,-0.000644785628349076,5,0.00953730307044823,23.116682255837,0.596885940543393
"VLMC-2","FUT8",-0.0719555416224346,0.076273344242712,0.345481245757621,-0.221448549318576,0.0775374660737064,5,8.08396516518918e-07,0.00227480599032101,0.89567209561799
"VLMC-2","WDR17",-0.17572547165226,0.126491982373293,0.164765189160375,-0.423645201436991,0.0721942581324704,5,0.0161678425090467,19.7544349091583,0.80480499206555
"VLMC-2","DAB1",-0.143416549171673,0.133462408105313,0.282561082771663,-0.404998062348073,0.118164964004727,5,0.0259100602936705,30.1876749589611,0.858762445500743
"VLMC-2","MAML2",0.0999669946100239,0.0820970508072941,0.223349963248176,-0.0609402682092276,0.260874257429275,5,0.00366825611818278,10.0538705532113,0.831141959763804
"VLMC-2","OGFRL1",-0.0724033495930493,0.0961096868965255,0.4512451398848,-0.260774874475661,0.115968175289562,5,0,0,0.920413727425774
"VLMC-2","SLIT2",-0.159159041825757,0.174156998296497,0.360778563418645,-0.500500486142495,0.18218240249098,5,0.0268406227286158,17.0324837278779,0.897478167663395
"VLMC-2","KIAA0319L",-0.155938614114708,0.0969775394237752,0.107838045337413,-0.34601109869462,0.0341338704652051,5,0.00619436116150554,12.2522997856405,0.743385681091789
"VLMC-2","ASTN2",-0.0196003428583216,0.104953955293348,0.851855219115285,-0.22530631526831,0.186105629551667,5,0,0,0.980957024980027
"VLMC-2","PDS5B",0.0973050013293369,0.0722597391761369,0.178108931153417,-0.0443214849881493,0.238931487646823,5,0,0,0.812975415007207
"VLMC-2","SGMS1",-0.0625112535777322,0.112956080406776,0.579981304286196,-0.283901103009824,0.158878595854359,5,0.0240511722670794,41.726684196048,0.935326469316026
"VLMC-2","MPRIP",-0.04785839701255,0.0647072820490564,0.459534382123493,-0.174682339366176,0.0789655453410756,5,0,0,0.920413727425774
"VLMC-2","CDC42BPB",0.0650777831655687,0.0719829251359131,0.365956958648254,-0.0760061576026639,0.206161723933801,5,0,0,0.89782846718252
"VLMC-2","HDAC4",0.0851055846566814,0.115986954994356,0.463100296854512,-0.142224669808724,0.312435839122087,5,0.0121874358276852,17.6663625121999,0.920413727425774
"VLMC-2","SARAF",0.0638697871112281,0.0910537798981238,0.483021452136474,-0.114592342145332,0.242331916367788,5,0,0,0.920413727425774
"VLMC-2","CMSS1",0.157378197742665,0.176262403040976,0.371930483389676,-0.188089764046131,0.502846159531462,5,0.0672917593821818,50.8067865630334,0.898777822153478
"VLMC-2","SPTAN1",-0.139024300513912,0.0824291196520354,0.0916818155646263,-0.300582406309244,0.0225338052814203,5,4.12699367509144e-06,0.00984191780066592,0.713929693424544
"VLMC-2","CSDE1",0.0365070589237172,0.0731772135612147,0.617859971153144,-0.10691764414526,0.179931761992694,5,0,0,0.944764064981443
"VLMC-2","AHNAK",-0.073007734667594,0.10489993988442,0.486444492163648,-0.278607838821474,0.132592369486286,5,4.49521331312665e-06,0.00643276291698999,0.920413727425774
"VLMC-2","XRN1",0.0868343187913606,0.0655519968765942,0.18528287965291,-0.041645234201446,0.215313871784167,5,0,0,0.812975415007207
"VLMC-2","RPL36",-0.0298462042350901,0.120203954230534,0.803905115515876,-0.265441625326238,0.205749216856058,5,0,0,0.974861328880033
"VLMC-2","MLLT10",-0.120586908859219,0.0681353219812329,0.076757978956911,-0.254129686017475,0.0129558682990382,5,0,0,0.678937344705764
"VLMC-2","RGS12",-0.0725232620471481,0.139109161696572,0.602129481685765,-0.345172208891988,0.200125684797692,5,0.0252392979515259,26.8012483265406,0.941038996099029
"VLMC-2","SLC38A11",-0.281855712905962,0.117157004592185,0.0161373259259496,-0.511479222443239,-0.0522322033686857,5,0.0058578710710706,7.5311881036815,0.406956425281991
"VLMC-2","CNNM2",-0.10498735519478,0.134723340969283,0.435814137487545,-0.369040251371484,0.159065540981923,5,0.01088783062121,11.086361804761,0.920413727425774
"VLMC-2","TRPS1",-0.100213373122853,0.140504373399992,0.475697109237775,-0.375596884657205,0.175170138411499,5,0.0451670095013198,54.4512442425542,0.920413727425774
"VLMC-2","TRAPPC9",-0.0610085519708525,0.0861439372491677,0.478810862716246,-0.2298475664657,0.107830462523995,5,0,0,0.920413727425774
"VLMC-2","DMXL2",-0.0863292234217589,0.0940199999455474,0.358513837579764,-0.27060503714149,0.0979465902979718,5,0,0,0.89567209561799
"VLMC-2","YAP1",-0.0555568219230061,0.0865022159947643,0.520705066627134,-0.225098049855649,0.113984406009636,5,2.76732407336929e-06,0.00631018050530574,0.925314633394202
"VLMC-2","ZFAND5",-0.0464300509644744,0.108478229036791,0.668641932795028,-0.259043472983271,0.166183371054323,5,0.000882870283921282,1.23094231095044,0.960936616113552
"VLMC-2","CDH11",-0.153219269608581,0.0908408507366754,0.0916652736458806,-0.331264065377444,0.0248255261602812,5,0,0,0.713929693424544
"VLMC-2","DOCK3",-0.00272967677428081,0.146078711206686,0.985091323762123,-0.289038689647413,0.283579336098851,5,0.0406763447554174,43.4843374213699,0.997919280210293
"VLMC-2","MAN1A2",-0.00368897982983181,0.0849540452293421,0.96536415294109,-0.170195848820329,0.162817889160665,5,0,0,0.996582809694757
"VLMC-2","CEP112",-0.0893037725402005,0.0823363046820667,0.278089079686008,-0.250679964337168,0.0720724192567667,5,0.00189602510339482,4.90525000836042,0.85839310941465
"VLMC-2","ZNF518A",-0.0337361751072181,0.0799542735030299,0.673066357344241,-0.190443671583222,0.122971321368786,5,0,0,0.961522787115495
"VLMC-2","PDE5A",-0.112348055136222,0.0732445188788658,0.125060008500433,-0.255904674203763,0.031208563931319,5,0,0,0.758021384856679
"VLMC-2","HP1BP3",0.101375246514959,0.0664738408520429,0.127249195087245,-0.0289110874690927,0.23166158049901,5,0,0,0.759027798013261
"VLMC-2","TTC28",-0.0257339505266211,0.0684239903445007,0.706845946722817,-0.159842507280359,0.108374606227117,5,0,0,0.968566095631591
"VLMC-2","OSBPL8",0.011624166420382,0.0713934781594956,0.870661480743659,-0.128304479503276,0.15155281234404,5,0,0,0.984193499791697
"VLMC-2","ETV6",-0.0315307576060278,0.106544476456006,0.767276008699128,-0.240354094211475,0.177292578999419,5,0,0,0.972218195929783
"VLMC-2","FAM13A",0.147628034577752,0.157298589155435,0.347976712504007,-0.160671534985863,0.455927604141367,5,0.0481498570227536,42.8423176801183,0.89567209561799
"VLMC-2","SH3D19",-0.130655693397652,0.110064511020925,0.235194942459063,-0.346378170974677,0.0850667841793739,5,0.0133715309975098,21.7578368162716,0.835476015240007
"VLMC-2","TDRD3",0.00536291938142373,0.091702048775492,0.953364698439293,-0.174369793527076,0.185095632289923,5,5.5119805053774e-06,0.0106437616589563,0.996582809694757
"VLMC-2","KIF5C",-8.65475552678097e-05,0.0916750459865168,0.999246742151884,-0.179766335969894,0.179593240859358,5,0,0,0.999572008424694
"VLMC-2","MAPRE2",0.0196472902114386,0.0800268489136685,0.806062547790576,-0.13720245145558,0.176497031878457,5,2.2922425787795e-06,0.0057618946789946,0.97504293806814
"VLMC-2","SPRED1",-0.161855423876499,0.124393599203062,0.193205211436604,-0.405662398221812,0.0819515504688133,5,0.0292395762338582,42.3760011452301,0.812975415007207
"VLMC-2","KIAA0232",0.0281253449414332,0.0761468390100737,0.711861870340744,-0.121119717054881,0.177370406937747,5,0,0,0.969908194340326
"VLMC-2","BIRC6",-0.0487967592322399,0.0575133714422512,0.396191867005875,-0.161520895888527,0.0639273774240469,5,0,0,0.911188476363418
"VLMC-2","TMBIM6",-0.0587799853065068,0.158688119572837,0.711075526668947,-0.369802984443654,0.25224301383064,5,0.0568635430424451,52.7844628003567,0.969819801293749
"VLMC-2","NFIA",0.0772090436374009,0.0615081442172519,0.209382440667488,-0.0433447037843084,0.19776279105911,5,1.50301095894797e-07,0.000634550735320366,0.817562161019663
"VLMC-2","SNTG1",-0.037783389915055,0.123234915345228,0.759150541538549,-0.279319385629545,0.203752605799435,5,0,0,0.971989194774757
"VLMC-2","NAALADL2",-0.508690197128882,0.322522747474163,0.114744292587731,-1.14082316637315,0.123442772115385,5,0.362884674018874,82.9701100377073,0.743385681091789
"VLMC-2","NDFIP1",0.00563968548154192,0.0746891776723122,0.939809946178851,-0.140748412791103,0.152027783754187,5,6.66926757182314e-06,0.0198338720409663,0.994661788902949
"VLMC-2","NIN",-0.0984284407220478,0.0734260876001412,0.180079435987067,-0.242340927944008,0.045484046499912,5,3.26483278052354e-06,0.00997233906444906,0.812975415007207
"VLMC-2","MYH10",-0.136325397966786,0.109954857830192,0.215038055427554,-0.351832959239185,0.0791821633056125,5,0.0113108570749396,17.8178227659564,0.823539031660366
"VLMC-2","BRD4",-0.000398047622768799,0.0795350654704766,0.99600685905013,-0.156283911452938,0.155487816207401,5,0,0,0.998976468051473
"VLMC-2","GRK5",-0.0568208968104624,0.086978365455718,0.513578227497333,-0.227295360537832,0.113653566916908,5,0,0,0.925314633394202
"VLMC-2","PRKAR1A",0.0138576397646981,0.0896738892881696,0.877188925241344,-0.161899953593746,0.189615233123143,5,0,0,0.984193499791697
"VLMC-2","ACTB",0.18421741578406,0.280634380480281,0.511546142171339,-0.365815862781002,0.734250694349122,5,0.304003976187872,85.5326889432369,0.925183452830315
"VLMC-2","PHF3",0.110794116628482,0.0932015248777597,0.234534663464432,-0.0718775154361413,0.293465748693104,5,0.00950061525131499,21.7931163857096,0.835476015240007
"VLMC-2","PTH1R",-0.183289763352393,0.120967504101676,0.129722179281433,-0.42038171469138,0.0538021879865936,5,5.09457728648704e-07,0.00058940209815449,0.768284174476653
"VLMC-2","KMT2C",0.0093986942426041,0.0593717454328995,0.874218458026629,-0.106967788505159,0.125765176990368,5,0,0,0.984193499791697
"VLMC-2","RERG",-0.108297002099975,0.115081629515634,0.346681754190123,-0.3338528512328,0.117258847032849,5,0,0,0.89567209561799
"VLMC-2","ELP4",-0.0179463504260618,0.0841265380855758,0.831072949573322,-0.182831335217827,0.146938634365704,5,3.63213726804335e-06,0.00846859431581608,0.977652301355658
"VLMC-2","FBXW11",-0.0897210504472735,0.0705199028062131,0.203273709942532,-0.227937520140716,0.0484954192461692,5,0,0,0.816980597666283
"VLMC-2","RAB6A",-0.0936451732950158,0.0721692939401057,0.194432932929976,-0.235094390207308,0.0478040436172762,5,0,0,0.812975415007207
"VLMC-2","WNK1",0.00516998343039875,0.0671561199452323,0.938635838685131,-0.126453593003708,0.136793559864506,5,0,0,0.994661788902949
"VLMC-2","PTEN",-0.0307236715959538,0.0891057152153403,0.730244555972994,-0.205367664234703,0.143920321042796,5,0,0,0.970230263441742
"VLMC-2","DSCAM",0.0073510408132809,0.184725774196356,0.968257086318774,-0.354704823627855,0.369406905254417,5,0.0607417487060978,40.1667861991234,0.996582809694757
"VLMC-2","LRRC7",0.0632168534728682,0.159135332478074,0.691181526784066,-0.248682666851964,0.3751163737977,5,0.0472304459665776,43.1035564319533,0.965199197679177
"VLMC-2","CREBBP",-0.0255172419406044,0.0696357104987472,0.714037503119407,-0.162000726556007,0.110966242674798,5,0,0,0.970230263441742
"VLMC-2","ZHX2",-0.261944020948724,0.219255041433656,0.2322042215589,-0.691676005587527,0.167787963690079,5,0.145136647642048,71.5322250187804,0.835476015240007
"VLMC-2","CADM2",-0.134658880923091,0.16414703482632,0.41201362135338,-0.456381157351721,0.187063395505539,5,0.0667080656572889,60.4121619468785,0.915968683628608
"VLMC-2","VPS53",-0.119519181675099,0.0791819698767543,0.131190412136669,-0.274712990858472,0.0356746275082752,5,8.82830247633582e-08,0.000230335589483218,0.769238322363113
"VLMC-2","TCF12",0.0940459918727393,0.0619914725403311,0.12924661452866,-0.0274550616549134,0.215547045400392,5,0,0,0.766817656568626
"VLMC-2","CCNY",-0.118462137437756,0.0719449046581123,0.09964698769231,-0.259471559438824,0.0225472845633117,5,0,0,0.731904948901596
"VLMC-2","RBM33",0.0348843247656562,0.0721074820505863,0.628540365634353,-0.106443743069361,0.176212392600674,5,1.95971102720983e-06,0.00619398787745608,0.948488775291622
"VLMC-2","NF1",-0.00233070503883642,0.072415125963005,0.974324251639241,-0.144261743862258,0.139600333784585,5,0.00596032335386875,22.9331420060749,0.996582809694757
"VLMC-2","ACSL3",-0.000514244045652094,0.0713390441869335,0.994248537587918,-0.140336201343553,0.139307713252249,5,8.54950671665604e-06,0.028405573159321,0.998105664113923
"VLMC-2","RPL32",0.268070196118236,0.124529491291053,0.0313450673932154,0.0239968781746784,0.512143514061794,5,0.00213937584340958,2.43908231991465,0.504520606271658
"VLMC-2","UBE2K",0.0485559446123625,0.0678346232558232,0.474115569036612,-0.0843974738738941,0.181509363098619,5,0,0,0.920413727425774
"VLMC-2","P2RY14",-0.0630638808582993,0.124693278440105,0.613030725544045,-0.307458215715129,0.181330453998531,5,2.42529386814071e-06,0.00268758098206144,0.94447592451941
"VLMC-2","CHST11",0.0663355434287406,0.157222268903443,0.673081908281567,-0.241814441189679,0.37448552804716,5,0.0440034284629909,38.9109821735231,0.961522787115495
"VLMC-2","MPDZ",0.0337814853046431,0.0715808437485485,0.636973386199876,-0.106514390425501,0.174077361034787,5,0,0,0.948488775291622
"VLMC-2","HNRNPA3",0.0412170009873193,0.107722189170415,0.701999219169631,-0.169914610122504,0.252348612097143,5,0.0229410681925078,45.6835922186649,0.967813462982102
"VLMC-2","BBX",-0.0470431739210903,0.0940206934665767,0.616829252725667,-0.231320346917061,0.13723399907488,5,0.0116604004429201,27.2171254810512,0.94447592451941
"VLMC-2","GIGYF2",-0.016135890122219,0.0722989022104564,0.823393036773128,-0.157839134576497,0.125567354332059,5,0,0,0.977652301355658
"VLMC-2","LONP2",-0.0213955829111572,0.0672654114262527,0.750426499890308,-0.153233366711881,0.110442200889567,5,0,0,0.970230263441742
"VLMC-2","ZFR",0.0563121753613481,0.0700376392535834,0.421381197355136,-0.080959075137884,0.19358342586058,5,0,0,0.918385553453722
"VLMC-2","PHACTR2",-0.0234493153306426,0.114916016497551,0.838309651606343,-0.248680568912653,0.201781938251368,5,0.01471442267651,22.1503615165804,0.977981353679454
"VLMC-2","ADGRB3",-0.0785267249273948,0.0770196216041942,0.307933490354077,-0.229482409374518,0.0724289595197288,5,0.00413863731033383,12.7916237414822,0.877270724002829
"VLMC-2","EIF4A2",0.0646051502572662,0.0923911474076783,0.484391477079045,-0.116478171152114,0.245688471666647,5,0,0,0.920413727425774
"VLMC-2","PHF14",-0.0198472707612511,0.0750381933764047,0.791398067336066,-0.166919427243956,0.127224885721454,5,2.57060727823144e-06,0.00769201808905398,0.974616458884373
"VLMC-2","GAB1",-0.144510365091595,0.0934658003718297,0.12207294965498,-0.327699967606592,0.0386792374234013,5,0.00610281488698959,13.0813400459952,0.758021384856679
"VLMC-2","CYTH3",-0.13833742723108,0.0984417115269198,0.159940271090036,-0.331279636400324,0.0546047819381646,5,0,0,0.795488448309157
"VLMC-2","ROBO2",-0.00531662536930442,0.117700591449986,0.963971199230186,-0.236005545570341,0.225372294831732,5,0,0,0.996582809694757
"VLMC-2","RPS19",0.585848195964901,0.492432082063856,0.234162929762851,-0.379300949712329,1.55099734164213,5,1.02340890379081,92.7867690760844,0.835476015240007
"VLMC-2","ITPR1",-0.0690931241510608,0.0882852031780964,0.433854561920076,-0.242128942747931,0.103942694445809,5,4.76660271692631e-06,0.0100363919296802,0.920413727425774
"VLMC-2","CHSY3",0.142221264602091,0.219857773734418,0.517710588411396,-0.288692053638525,0.573134582842706,5,0.122746861815068,63.8941133809638,0.925314633394202
"VLMC-2","UBR5",-0.023544522913011,0.0671601666299642,0.725908918497149,-0.15517603070345,0.108086984877428,5,0.00299449521648017,12.5037893559054,0.970230263441742
"VLMC-2","PAN3",-0.0327451272213646,0.0697862841358386,0.638912319699749,-0.169523730742487,0.104033476299758,5,0.00190241988098919,6.85798290645472,0.948488775291622
"VLMC-2","SEC62",0.0108063583359529,0.0797392477859533,0.892199805794264,-0.145479695478831,0.167092412150737,5,0,0,0.987614395094408
"VLMC-2","COG5",-0.032727869774425,0.0739270793104347,0.657979300303621,-0.177622282705113,0.112166543156263,5,4.4650194073192e-07,0.00139754911298248,0.954885922421834
"VLMC-2","SUMF1",-0.0870150063638984,0.0942758319978958,0.356015975405563,-0.271792241692323,0.0977622289645261,5,0,0,0.89567209561799
"VLMC-2","POU6F2",-0.177016092139618,0.168404627677784,0.293196335378492,-0.507083097217951,0.153050912938715,5,0.0560138506670375,43.7641443448653,0.868360199133212
"VLMC-2","FNDC3B",0.092010876328996,0.109295916394215,0.39987136167841,-0.122205183460967,0.306226936118959,5,0.016383660294916,28.4860803673402,0.914955088441603
"VLMC-2","HECTD1",-0.0141328491813413,0.0655152748732864,0.829207270726457,-0.142540428370224,0.114274730007542,5,0,0,0.977652301355658
"VLMC-2","BOD1L1",0.0699329747215278,0.0758569432860031,0.35657758470139,-0.0787439020963358,0.218609851539391,5,0,0,0.89567209561799
"VLMC-2","PPFIA2",-0.0964244914146458,0.120954788774917,0.425338084327924,-0.333491521171134,0.140642538341842,5,0.0229999222461767,35.1919848174238,0.918385553453722
"VLMC-2","BDP1",0.130824890081226,0.076657628792826,0.0878940455189456,-0.0194213014929532,0.281071081655406,5,0,0,0.705731682680206
"VLMC-2","ABI1",0.00112283104325357,0.0754777428892559,0.988130851871258,-0.146810826654062,0.149056488740569,5,1.85643668000896e-07,0.000541088403997952,0.997919280210293
"VLMC-2","SSH2",-0.279202662260096,0.112464322843892,0.0130431573610615,-0.499628684579809,-0.0587766399403835,5,0.0219844581209878,37.8178190235743,0.381540707500964
"VLMC-2","ADD1",-0.1654156585489,0.141316011474267,0.241784824024168,-0.442389951477311,0.111558634379511,5,0.054654262389323,71.0350903574315,0.840926918484417
"VLMC-2","NFASC",-0.0935672012289629,0.104943066444213,0.372607558252124,-0.299251831886814,0.112117429428888,5,0.00731571780518091,12.3356651765918,0.898777822153478
"VLMC-2","GLG1",0.0429820630650916,0.0669074816747498,0.520606739138627,-0.0881541913136917,0.174118317443875,5,1.91337848506238e-06,0.00711021891031847,0.925314633394202
"VLMC-2","EVL",-0.151947485360605,0.150863377802898,0.313845388942486,-0.447634272440345,0.143739301719135,5,0.0549331644165948,59.0517655261697,0.877312357012117
"VLMC-2","SMG1",0.132043816729464,0.0829954567732091,0.111614877029543,-0.0306242894264772,0.294711922885404,5,0.0057123653454844,15.9554029357854,0.743385681091789
"VLMC-2","TLK1",0.0283788729713805,0.0752937363756455,0.706241370144708,-0.119194138586338,0.175951884529099,5,1.8313163270031e-06,0.00518845639133042,0.968434829738745
"VLMC-2","EXOC6B",0.0013765365778235,0.0598505821116306,0.981650630276938,-0.11592844881473,0.118681521970377,5,0,0,0.997919280210293
"VLMC-2","NPTN",-0.0262502205874928,0.0796286293653305,0.741658336479745,-0.182319466281829,0.129819025106843,5,0,0,0.970230263441742
"VLMC-2","TCF25",0.08141882611139,0.0942085236804263,0.387455761981773,-0.103226487338934,0.266064139561714,5,0.00887053074269483,19.6419899468012,0.905390969574045
"VLMC-2","RPLP1",0.202052730281788,0.254562996597408,0.427356192984965,-0.296881574845723,0.7009870354093,5,0.184630065667158,66.5503748957759,0.918385553453722
"VLMC-2","GRK3",-0.0175777770253226,0.0960231578679791,0.854752756827055,-0.205779708128366,0.17062415407772,5,0,0,0.980957024980027
"VLMC-2","FAM168A",0.0259883722793804,0.0780741164443231,0.739233951815224,-0.127034084076279,0.17901082863504,5,0.000619483331351098,1.65337595668334,0.970230263441742
"VLMC-2","TMEM108",-0.0401255637204797,0.106489203678962,0.706319227314252,-0.248840567673595,0.168589440232636,5,0,0,0.968434829738745
"VLMC-2","MAGI3",0.0804853830031002,0.0930183852779048,0.386894360056083,-0.101827302041664,0.262798068047864,5,0.00917959638457619,21.0796390248607,0.905390969574045
"VLMC-2","SIK2",-0.030584126422737,0.143244144484956,0.830928813666487,-0.311337490609503,0.250169237764029,5,0.0442565304466115,49.4909481601047,0.977652301355658
"VLMC-2","SYNE2",-0.112424425581305,0.0924094329213611,0.223760111024824,-0.293543585938943,0.0686947347763323,5,0,0,0.831141959763804
"VLMC-2","EIF1",0.0640943459594618,0.130754768518944,0.624001263895529,-0.19218029114454,0.320368983063464,5,0.0178846166335263,20.8385004655692,0.948121161582908
"VLMC-2","ATP9B",-0.0565692609749188,0.0690023879711464,0.412321014430601,-0.191811456245626,0.0786729342957881,5,0,0,0.915968683628608
"VLMC-2","CEP350",-0.0102207675059627,0.0813910013035038,0.900067453549995,-0.169744198726483,0.149302663714557,5,0.00446827159865374,12.6730076979522,0.989162663751122
"VLMC-2","RAD51B",-0.135874780969697,0.109311285029519,0.213864955644458,-0.350120962731347,0.078371400791954,5,0,0,0.820344025983989
"VLMC-2","ZNF638",0.12259512110715,0.084109224405588,0.144958976216962,-0.0422559294953997,0.2874461717097,5,0.0109363643495534,33.2418561008389,0.774161722178758
"VLMC-2","CELF2",-0.102305603268872,0.0883381358373619,0.246817649498327,-0.275445167971508,0.0708339614337645,5,0.010512395928086,28.1773008242244,0.842480864401571
"VLMC-2","EPC1",0.0356350933650742,0.0649186082019502,0.583060659304883,-0.0916030406372149,0.162873227367363,5,1.61882442272633e-06,0.00639207311429803,0.935326469316026
"VLMC-2","ESYT2",-0.200301768068145,0.137965992965129,0.146551701323009,-0.470710145371104,0.0701066092348144,5,5.8949037147804e-07,0.000535847824163413,0.774161722178758
"VLMC-2","CAMK1D",-0.223547868430335,0.138455968370021,0.106402256956505,-0.494916579880192,0.0478208430195222,5,0.0441496276626064,54.5080035029846,0.743385681091789
"VLMC-2","ROCK1",0.00795270032227994,0.0790448544967895,0.919860083132073,-0.146972367654636,0.162877768299196,5,1.8496667666044e-07,0.000507607595520131,0.991152181757771
"VLMC-2","CLEC16A",-0.0706164376927921,0.0839925006233024,0.40048971916616,-0.235238713885923,0.0940058385003385,5,0,0,0.914955088441603
"VLMC-2","DDX24",0.0584503724397634,0.0986883849848285,0.553668426621733,-0.134975307822924,0.251876052702451,5,0,0,0.92835871011191
"VLMC-2","SFMBT2",0.000758109845382277,0.185325506492382,0.996736107913709,-0.362473208296331,0.363989427987096,5,0.0811185995210762,53.1974987626912,0.999018306132421
"VLMC-2","PLCB4",-0.249140069886187,0.104653334210258,0.0172834189147836,-0.454256835800327,-0.0440233039720472,5,3.39999878611277e-07,0.000442494126014248,0.406956425281991
"VLMC-2","CDC42BPA",-0.0361508170344598,0.0635079021697905,0.569197778897923,-0.160624018020942,0.0883223839520227,5,0.00159160723883296,7.02979902748041,0.933407795281386
"VLMC-2","ZNF148",0.041815639671951,0.0652058130684023,0.521336239555722,-0.0859854055247687,0.169616684868671,5,0,0,0.925314633394202
"VLMC-2","EPB41L3",-0.0750938199532841,0.101734592521295,0.460432676741046,-0.27448995727688,0.124302317370312,5,0.00601420474566408,10.6811861127142,0.920413727425774
"VLMC-2","PAG1",0.0194068151443563,0.107976988313719,0.857363733013509,-0.192224193109636,0.231037823398348,5,0,0,0.981010747570559
"VLMC-2","GALNT18",-0.142241396619014,0.107256350762662,0.184779559410861,-0.352459981227026,0.0679771879889974,5,0.0133834577039516,23.5571872425238,0.812975415007207
"VLMC-2","ZDHHC21",-0.0800988066634277,0.102658627233159,0.435247103364939,-0.281306018742743,0.121108405415887,5,0.0138026895308146,27.1279909648268,0.920413727425774
"VLMC-2","SMCHD1",-0.0291385371765653,0.0734843425012179,0.691716180245675,-0.173165201906558,0.114888127553428,5,0,0,0.965199197679177
"VLMC-2","MAP2K4",0.120477723264332,0.0722260891750759,0.0953030664948517,-0.0210828102629951,0.262038256791659,5,0,0,0.719601643876351
"VLMC-2","MTDH",0.0218617241291287,0.0736486885994769,0.766590247385735,-0.122487053034452,0.166210501292709,5,0.00406032782919459,14.0605394459921,0.972218195929783
"VLMC-2","MAP4K4",0.00277304080757158,0.0736117491467307,0.969949861690638,-0.141503336359018,0.147049417974161,5,0,0,0.996582809694757
"VLMC-2","SETBP1",0.0963004018404013,0.127934531129803,0.451611040554238,-0.15444667155303,0.347047475233833,5,0.0330565928254088,46.0333669482661,0.920413727425774
"VLMC-2","RBM6",-0.00197019962830564,0.0926162330593667,0.983028101453573,-0.183494680808432,0.179554281551821,5,0.0133383474508792,33.8671188552159,0.997919280210293
"VLMC-2","ARHGAP21",0.00894346804441741,0.0763626653692729,0.906766282362685,-0.140724605842842,0.158611541931676,5,0,0,0.991102003209437
"VLMC-2","JAKMIP2",-0.209167431967316,0.17258876015684,0.225534883229716,-0.547435186011143,0.129100322076512,5,0.0590973668485611,44.7202460976181,0.834652747177959
"VLMC-2","PDE1A",-0.0624651389687301,0.12061161362512,0.604525818989792,-0.298859557791225,0.173929279853765,5,1.93770620371968e-06,0.00214523189859287,0.942417368919601
"VLMC-2","RBM39",0.00210010232497137,0.0588516164295032,0.971533769761072,-0.113246946308821,0.117447150958763,5,0,0,0.996582809694757
"VLMC-2","PLXDC2",-0.0903690977751464,0.108334841609822,0.404188195002679,-0.30270148560125,0.121963290050957,5,0.00767254277249345,11.4850243930668,0.915088506917903
"VLMC-2","STAG1",0.00853998204160314,0.0626691162829529,0.891607062564097,-0.114289228815937,0.131369192899144,5,6.4203269536365e-06,0.0259310623764788,0.987614395094408
"VLMC-2","PRKACB",-0.0900085616180035,0.0909293958892019,0.322236156564716,-0.268226902696824,0.0882097794608166,5,0.00759498569566958,17.8099070595673,0.885943206465361
"VLMC-2","AFF4",0.025085404798543,0.0791935435495223,0.751425162528524,-0.130131088366625,0.180301897963711,5,0,0,0.970230263441742
"VLMC-2","LINGO2",-0.0764435360074229,0.128998702814043,0.553454562724016,-0.329276347575333,0.176389275560487,5,1.34983063116817e-06,0.00128747401674975,0.92835871011191
"VLMC-2","RNF130",-0.0619525213378639,0.0736017017840149,0.399940920693978,-0.206209206035391,0.0823041633596628,5,0,0,0.914955088441603
"VLMC-2","ZFAND3",0.0598140510591071,0.0644943054865092,0.353702537322719,-0.066592464902375,0.186220567020589,5,0,0,0.89567209561799
"VLMC-2","DOCK7",-0.159892994683689,0.111427103841379,0.151299627407287,-0.378286105114396,0.0585001157470171,5,0.0165146729630362,27.6128686441337,0.779227370879275
"VLMC-2","ECE1",0.0851278082183787,0.0872765375377347,0.329371692504101,-0.0859310620509393,0.256186678487697,5,0,0,0.886230977327376
"VLMC-2","ROCK2",0.0841445966386808,0.0648775427679799,0.194639546927522,-0.0430130505920168,0.211302243869378,5,0,0,0.812975415007207
"VLMC-2","ANKRD12",0.0285469005956985,0.0714127636321754,0.689344288452678,-0.111419544159837,0.168513345351234,5,0,0,0.96509154879379
"VLMC-2","CLIP1",0.0499936779834407,0.0916954437237148,0.585606056408598,-0.12972608926146,0.229713445228341,5,0.00453371389401689,9.67314078324571,0.935326469316026
"VLMC-2","RPL41",0.192864153814061,0.138461750895566,0.163648326552989,-0.0785158911776052,0.464244198805728,5,0.0107796358058599,10.3502486820955,0.8046457576566
"VLMC-2","UTRN",-0.0633801729715911,0.0662686746546689,0.338863992535851,-0.193264388597944,0.0665040426547622,5,3.73420262538849e-07,0.00126576844799135,0.894771170243801
"VLMC-2","AK5",-0.0275655824035901,0.297234659824103,0.926110011472643,-0.610134810615847,0.555003645808667,5,0.284249701368711,80.0536129127119,0.992159394239645
"VLMC-2","SCN2A",-0.159159361432867,0.132380362147655,0.229251845831675,-0.418620103502641,0.100301380636907,5,0.0100895481052991,10.4213736708516,0.835476015240007
"VLMC-2","UST",-0.155328228449313,0.0865511285703878,0.0727108711784155,-0.324965323268569,0.0143088663699427,5,0,0,0.661079380119432
"VLMC-2","RPS6KA2",0.0497773233549452,0.0740966809174916,0.501718134113023,-0.0954495026172945,0.195004149327185,5,2.93112484198171e-06,0.00874552099180339,0.92181451095742
"VLMC-2","MPHOSPH8",0.121485170027559,0.0752749294330451,0.10655211189819,-0.0260509806000039,0.269021320655121,5,0.000983352433464023,2.9496707001133,0.743385681091789
"VLMC-2","RABGAP1",-0.154303691707549,0.0689133623611609,0.025149616019682,-0.289371399988982,-0.0192359834261152,5,0,0,0.470018379390056
"VLMC-2","DOCK9",-0.00568261537811863,0.091126939735528,0.950276677734783,-0.184288135281106,0.172922904524868,5,0,0,0.996582809694757
"VLMC-2","DAAM1",-0.0326103986774744,0.0839864368147497,0.697807558789895,-0.197220790024233,0.131999992669284,5,0,0,0.967813462982102
"VLMC-2","TAOK3",0.0394093830428632,0.120127545436929,0.742864154121706,-0.196036279564717,0.274855045650443,5,0.0306802636647494,49.9891910840837,0.970230263441742
"VLMC-2","SDCCAG8",-0.0339926613632752,0.0858211479955492,0.692040673589418,-0.202199020546433,0.134213697819883,5,0.00823138829369946,22.5065276278103,0.965199197679177
"VLMC-2","EHBP1",-0.00484870357158207,0.0677122651238006,0.942914300097758,-0.137562304525859,0.127864897382695,5,0,0,0.995594383405165
"VLMC-2","DAAM2",-0.129901959132629,0.0798852462523192,0.103926892505402,-0.286474164683288,0.0266702464180301,5,3.27118767097504e-07,0.00082987847640715,0.743385681091789
"VLMC-2","ALCAM",-0.260004121106027,0.239101749124674,0.276851056937725,-0.728634938030919,0.208626695818866,5,0.16885298005513,71.0572748538445,0.85839310941465
"VLMC-2","MEF2C-AS1",0.0241786650639103,0.096221937501355,0.801597503447396,-0.164412866961409,0.21277019708923,5,1.74902037535723e-06,0.00298379414262396,0.974861328880033
"VLMC-2","RALGAPA2",-0.0498152424287554,0.0910120117665214,0.584139674288374,-0.228195507651673,0.128565022794162,5,0,0,0.935326469316026
"VLMC-2","ROBO1",-0.0839303475470645,0.109105756294652,0.441740863121909,-0.297773700390586,0.129913005296457,5,0.00132608392963401,1.94455884462241,0.920413727425774
"VLMC-2","DYNC1I1",0.00910565716843244,0.0866121245385745,0.916271513906162,-0.160650987551671,0.178862301888536,5,0,0,0.991152181757771
"VLMC-2","EPN2",-0.0408229403210263,0.0709966336115461,0.565292478265447,-0.179973785223242,0.0983279045811899,5,1.14597631082137e-06,0.0038306726494372,0.931979399500039
"VLMC-2","NOVA1",-0.0162632848313018,0.0904378214401697,0.857287320919518,-0.193518157694299,0.160991588031695,5,0,0,0.981010747570559
"VLMC-2","CRIM1",0.0573392095146946,0.131051686550513,0.661726110864986,-0.199517376237543,0.314195795266932,5,7.91843872336706e-06,0.00808605860504216,0.95688784956429
"VLMC-2","LDB2",-0.117958906720692,0.134989560708791,0.382206890552107,-0.382533583998804,0.146615770557421,5,0.0287491673827915,34.2530206359334,0.903121483964797
"VLMC-2","TBC1D5",-0.0505566424426342,0.0669303602723281,0.450031882040762,-0.181737738048688,0.0806244531634193,5,0.00172117867796456,6.79323034918848,0.920413727425774
"VLMC-2","PDZD2",-0.105074489614914,0.12657919361458,0.406477329735854,-0.353165150291614,0.143016171061786,5,0.0270581468775107,36.4817550766637,0.915088506917903
"VLMC-2","MTUS1",-0.107517433721078,0.159032420186887,0.498994664154258,-0.419215249661617,0.204180382219461,5,0.0649749590288052,60.251129222666,0.92181451095742
"VLMC-2","SIPA1L1",-0.107680635922742,0.091243882317775,0.23794418637137,-0.286515359075192,0.0711540872297079,5,0,0,0.837992378025636
"VLMC-2","CLASP1",-0.0489853060677773,0.061256164227451,0.423896444321143,-0.169045181784652,0.0710745696490974,5,0,0,0.918385553453722
"VLMC-2","NAV2",-0.00193977990538843,0.0894794692124494,0.982704421103243,-0.17731631691755,0.173436757106773,5,0.00653112968683023,15.4975100885853,0.997919280210293
"VLMC-2","RNF152",0.0188427442368274,0.118292413827809,0.873440761061576,-0.213006126509985,0.25069161498364,5,1.16538207695691e-06,0.00135955981749882,0.984193499791697
"VLMC-2","SNTB1",0.0565303027321381,0.11852799600892,0.633407489032527,-0.175780300605052,0.288840906069329,5,0.0144828017703643,20.2019193375777,0.948488775291622
"VLMC-2","SIK3",-0.00643715502634351,0.068728442700357,0.925378678601607,-0.141142427432568,0.128268117379881,5,2.15781323058684e-07,0.000763896497338275,0.992159394239645
"VLMC-2","IQSEC1",-0.0228769349180629,0.0768410247838162,0.765918615629902,-0.173482576029492,0.127728706193367,5,0,0,0.972218195929783
"VLMC-2","TNKS",-0.0172796168455968,0.0600252058913234,0.773444200813711,-0.134926858557192,0.100367624865998,5,1.16770723998763e-06,0.00534126296785873,0.973752354617262
"VLMC-2","POU2F1",-0.0374563764674466,0.118910725464172,0.752764859566869,-0.270517115752754,0.195604362817861,5,0.0288913748094028,46.4550320979002,0.970230263441742
"VLMC-2","TNS1",0.0289550436678885,0.086690588065078,0.738376187815506,-0.140955386738262,0.198865474074039,5,6.54945299801597e-07,0.00136485278332799,0.970230263441742
"VLMC-2","NKTR",-0.0388988660150209,0.0685418734882418,0.570361121034366,-0.173238469484876,0.0954407374548338,5,0,0,0.933407795281386
"VLMC-2","ABI2",-0.0483356645710841,0.0693484478405543,0.485804630912246,-0.184256124722325,0.0875847955801569,5,0,0,0.920413727425774
"VLMC-2","DLG1",-0.00480694888238775,0.0623042018151754,0.938501922642584,-0.126920940525647,0.117307042760871,5,0,0,0.994661788902949
"VLMC-2","GOLGA4",0.000834409533854121,0.0699029222761001,0.990476125275424,-0.136172800541405,0.137841619609113,5,0,0,0.997919280210293
"VLMC-2","DENND5B",-0.0423488416718768,0.0783488164311683,0.588840765133945,-0.195909700108307,0.111212016764553,5,0,0,0.935326469316026
"VLMC-2","SYT1",-0.162752433400852,0.111742410957551,0.145255409194941,-0.381763534423326,0.0562586676216211,5,0.0108893287063066,16.9534421039902,0.774161722178758
"VLMC-2","CPEB4",0.0731505214909436,0.0784883151114835,0.351340398338983,-0.080683749334795,0.226984792316682,5,3.92927777557582e-07,0.00106438033383738,0.89567209561799
"VLMC-2","POGZ",-0.0603445260575474,0.0691074822988758,0.382555080177374,-0.195792702425583,0.0751036503104884,5,1.37422132649154e-06,0.00461702892045319,0.903121483964797
"VLMC-2","ABR",-0.0612774846818921,0.0883483863928063,0.487939882500983,-0.234437140104021,0.111882170740237,5,0,0,0.920413727425774
"VLMC-2","CHD6",0.0884644606548041,0.0637807366413322,0.165438995030391,-0.0365434860696411,0.213472407379249,5,0,0,0.80480499206555
"VLMC-2","CDK13",0.056075594712433,0.0607722164273154,0.356154382723092,-0.0630357607457786,0.175186950170645,5,4.36228646256848e-06,0.019994913915001,0.89567209561799
"VLMC-2","FRMD3",-0.222844635533225,0.119417629259322,0.0620280816569268,-0.456898888000652,0.011209616934202,5,0,0,0.634472119547043
"VLMC-2","IGFBP7",-0.0197611615043708,0.0954097492413715,0.835917008670816,-0.206760833791457,0.167238510782715,5,8.07428527983025e-07,0.00149288281525139,0.977981353679454
"VLMC-2","RERE",0.0838867039976382,0.0564615819681666,0.1373503748413,-0.0267759631701245,0.194549371165401,5,0,0,0.771582957702176
"VLMC-2","DOCK4",-0.27660946016394,0.274225813509078,0.313122236902966,-0.814082178272931,0.260863257945051,5,0.261497517968317,80.2459466074178,0.877270724002829
"VLMC-2","SLC12A2",-0.0479958587122044,0.104674477009887,0.646575345931564,-0.253154063752148,0.157162346327739,5,0,0,0.950035992057582
"VLMC-2","PTMA",0.0683640940149826,0.100325022009546,0.495601877717805,-0.128269335871916,0.264997523901882,5,0,0,0.921578486413796
"VLMC-2","SOBP",-0.117789106566755,0.131280641776341,0.369595483466635,-0.375094436315687,0.139516223182177,5,0.0381448375708461,53.1035235327689,0.89782846718252
"VLMC-2","PKM",-0.168182919279348,0.171080261830868,0.325575731604417,-0.503494070933531,0.167128232374835,5,0.068380807335647,54.9689043267903,0.885943206465361
"VLMC-2","UBC",0.225726367256007,0.137845361266073,0.101519090028718,-0.0444455762614094,0.495898310773424,5,0.0314096354853204,35.6039129502564,0.743385681091789
"VLMC-2","TMTC2",-0.114448600346986,0.109065436844502,0.294013753511513,-0.328212928520338,0.0993157278263651,5,0,0,0.868360199133212
"VLMC-2","TNIK",-0.44829047031666,0.377989547268283,0.235627662117646,-1.18913636949509,0.292555428861775,5,0.56056343712243,89.0198607921756,0.836055702522492
"VLMC-2","FCHSD2",-0.079808389251064,0.0859104290655926,0.352903560265505,-0.248189736116009,0.0885729576138805,5,0,0,0.89567209561799
"VLMC-2","PDE3A",0.174166079006229,0.18660074554581,0.350632999555783,-0.191564661751882,0.53989681976434,5,0.0852751095307041,53.781615882577,0.89567209561799
"VLMC-2","NR3C1",-0.0579705898815792,0.0745539060873782,0.43682485341718,-0.204093560719622,0.0881523809564636,5,0,0,0.920413727425774
"VLMC-2","ZNF292",0.0511590456381091,0.0660030915220577,0.43828012938216,-0.0782046366134249,0.180522727889643,5,0,0,0.920413727425774
"VLMC-2","CADPS2",-0.00403582554993922,0.0801804100961497,0.959855983658439,-0.161186541604044,0.153114890504166,5,0,0,0.996582809694757
"VLMC-2","PIK3R1",-0.124673687872435,0.0844619688220646,0.13991903291549,-0.290216104827026,0.040868729082157,5,0,0,0.771582957702176
"VLMC-2","RAPGEF2",0.00296691534352509,0.0854384770851856,0.972298426395772,-0.164489422637389,0.170423253324439,5,0.0102235421794905,29.6261015185616,0.996582809694757
"VLMC-2","AUTS2",-0.0522106739906604,0.0581237448398879,0.369042927080845,-0.166131120523436,0.0617097725421156,5,0.000683508796430104,3.38800351074097,0.89782846718252
"VLMC-2","PPP1R12B",0.0340226338180914,0.14325442523444,0.812270501275693,-0.246750880267397,0.314796147903579,5,0.0474854103518941,52.2346164898679,0.975765582377835
"VLMC-2","STARD13",0.00466673194222441,0.0805181411896926,0.953781474848421,-0.153145924891684,0.162479388776133,5,0,0,0.996582809694757
"VLMC-2","ATP2B1",-0.18775788979398,0.101763800033461,0.0650322801855263,-0.3872112727895,0.0116954932015397,5,0.00680183632934633,12.2092162339338,0.642615392238224
"VLMC-2","ATRX",0.0406972501343522,0.0560839408405361,0.468054033706796,-0.0692252540241735,0.150619754292878,5,0,0,0.920413727425774
"VLMC-2","PRKCA",0.0645923201459211,0.170083715394119,0.704117779043993,-0.268765636383313,0.397950276675155,5,0.0784543711561394,64.2467356572569,0.967982104088269
"VLMC-2","BRAF",-0.0274286193520673,0.0643315426768059,0.669843020206561,-0.153516126068508,0.0986588873643738,5,2.42546441738103e-08,9.54890457610938e-05,0.960936616113552
"VLMC-2","PPP1R12A",-0.0522811854782569,0.0734671051480156,0.476695699992497,-0.196274065616785,0.0917116946602708,5,0.00340828714213172,11.7798098691035,0.920413727425774
"VLMC-2","GRIA4",-0.129497611073813,0.16154670107866,0.422778018063613,-0.446123327009244,0.187128104861619,5,0.0456309702585888,39.2886664327204,0.918385553453722
"VLMC-2","CAMK2N1",-0.201419245421986,0.141900186623876,0.155769864988782,-0.479538500604295,0.076700009760324,5,0.0338772963957688,37.230091174119,0.789171424431118
"VLMC-2","MEF2C",-0.146049598634385,0.142705465080893,0.306102777784532,-0.425747170589973,0.133647973321204,5,0.0526284695340234,63.8385763700972,0.877112218455847
"VLMC-2","HERC1",-0.14160398412801,0.0601222202125579,0.0185093155679008,-0.25944137041521,-0.0237665978408109,5,0.00112920350219537,5.4185812435506,0.406956425281991
"VLMC-2","PPFIBP1",-0.0961101161641277,0.181540369048933,0.596517894080751,-0.451922701240146,0.259702468911891,5,0.0960150713155286,69.0531373896994,0.939459829441782
"VLMC-2","RCAN2",0.0526603445429819,0.465830957246639,0.909994055311524,-0.860351554544249,0.965672243630213,5,0.922974658919503,90.5483303333935,0.991152181757771
"VLMC-2","CNTN4",-0.126287766054359,0.0985365490581612,0.199971157995359,-0.319415853369219,0.0668403212605011,5,0.00229410665319444,4.06966987212927,0.81467224296579
"VLMC-2","DLEU2",-0.147267997772636,0.100043932506497,0.141011891763306,-0.343350502357125,0.0488145068118533,5,0.0140732902657188,29.3318596744997,0.771582957702176
"VLMC-2","LAMA2",-0.124360819473038,0.103240299661372,0.228366905659787,-0.32670808856245,0.0779864496163743,5,6.60145799982314e-06,0.00981052750053652,0.835476015240007
"VLMC-2","TJP1",-0.0662635513871688,0.0726562933641761,0.361761386536783,-0.20866726963113,0.0761401668567929,5,0.000639682454928021,2.12335073411055,0.897542929460831
"VLMC-2","RPL13",0.103769393287352,0.139838670282359,0.458047909179482,-0.170309364112043,0.377848150686747,5,0.0354574700531805,40.0939402609402,0.920413727425774
"VLMC-2","SLC35F1",-0.221466426655032,0.118120483047792,0.0608037644312388,-0.452978319265179,0.0100454659551145,5,0.00171662865188218,2.04940278372975,0.634472119547043
"VLMC-2","ARHGAP5",0.00810137585671157,0.0734001151416167,0.912113727784958,-0.13576020628195,0.151962957995373,5,1.24326066987626e-06,0.00373629517337728,0.991152181757771
"VLMC-2","ATXN2",0.0216183109029113,0.0600608638038572,0.718891958678856,-0.0960988190330141,0.139335440838837,5,9.46822780464357e-07,0.0043146122906294,0.970230263441742
"VLMC-2","TUBA1B",0.0358584827882055,0.101736079824439,0.72448900657711,-0.163540569595988,0.235257535172399,5,0,0,0.970230263441742
"VLMC-2","SH3RF1",-0.14979899106845,0.0824887898043489,0.0693715831557182,-0.311474048213269,0.0118760660763687,5,1.77971024690387e-08,4.38156931673588e-05,0.657237498135552
"VLMC-2","NEBL",-0.195961009920518,0.0989284259455919,0.047609642802202,-0.389857161821116,-0.00206485801991993,5,0.0150581146103554,33.2586227764914,0.590992023566818
"VLMC-2","NBEA",-0.0459574869561639,0.0788715714793194,0.560103619965869,-0.200542926459706,0.108627952547379,5,0.00657315414302389,20.9443700571608,0.931813702202331
"VLMC-2","PDE8B",-0.0320980745880334,0.119185810462389,0.787690207993075,-0.265697970562534,0.201501821386467,5,0,0,0.974616458884373
"VLMC-2","NUCKS1",0.00297643259312828,0.0611448740776433,0.961175616423827,-0.116865318438289,0.122818183624546,5,0,0,0.996582809694757
"VLMC-2","PNISR",0.0327355735970843,0.0712120527099128,0.645737688971657,-0.106837484979513,0.172308632173681,5,0.00387814525600874,13.5531155047088,0.950035992057582
"VLMC-2","RBMS3",-0.0104098798872209,0.0730330227748707,0.886656159614011,-0.153551974208061,0.132732214433619,5,0,0,0.985694421989932
"VLMC-2","VPS13C",0.00935372713741563,0.0544753960624095,0.863669032526512,-0.0974160871884621,0.116123541463293,5,0,0,0.982876395608656
"VLMC-2","TSPAN7",-0.0821807909617096,0.0940707358412451,0.382332673951463,-0.266556045209731,0.102194463286312,5,2.00722239689074e-06,0.00353083781569717,0.903121483964797
"VLMC-2","ARHGAP32",-0.0932173534935574,0.0711181952202862,0.189946141064883,-0.232606454770807,0.0461717477836921,5,0,0,0.812975415007207
"VLMC-2","PDE4B",0.00540635332572944,0.0799909778496352,0.946114373323211,-0.151373082347697,0.162185788999156,5,0,0,0.996560244620392
"VLMC-2","PAFAH1B1",0.0405508475411506,0.0583973345707768,0.487434202096871,-0.0739058250107078,0.155007520093009,5,0,0,0.920413727425774
"VLMC-2","MAP4",-0.0610992490814378,0.11827602100027,0.605448068620368,-0.29291599047667,0.170717492313794,5,0.0318061265630914,52.8307904321032,0.943224267657076
"VLMC-2","BICD1",-0.219131916576101,0.13030040102707,0.0926184935109986,-0.474516009760285,0.0362521766080834,5,0.0295245469201,38.7715300369602,0.717154795691951
"VLMC-2","FAF1",-0.0285594510809819,0.0559550829110837,0.609771547758199,-0.138229398338659,0.0811104961766948,5,0,0,0.94447592451941
"VLMC-2","GRM8",-0.34113355217043,0.122256103054965,0.00526560994850021,-0.580751111048379,-0.101515993292482,5,0,0,0.303803742892161
"VLMC-2","SBF2",-0.0343681251656202,0.0618624348384635,0.578513551947758,-0.155616269444965,0.0868800191137241,5,0,0,0.935184809587821
"VLMC-2","APOE",0.0994259911355071,0.129661613272994,0.443193712734728,-0.154706101056921,0.353558083327936,5,0,0,0.920413727425774
"VLMC-2","CACHD1",-0.114732876007833,0.0918901208472558,0.211815907982811,-0.294834203403488,0.0653684513878214,5,0,0,0.818296084893299
"VLMC-2","TNRC6A",-0.0729053970505967,0.0576986393558603,0.206389838713552,-0.185992652145048,0.0401818580438549,5,2.58339019143652e-06,0.0131106969634416,0.817137998846356
"VLMC-2","LRIG1",-0.139177221531115,0.0829090345175925,0.0932156406781064,-0.301675943178584,0.0233215001163546,5,4.52312390343098e-06,0.011097507834755,0.719214255140252
"VLMC-2","CACNA1C",-0.004880968875367,0.0720721940658678,0.946005878474055,-0.146139873531249,0.136377935780515,5,0,0,0.996560244620392
"VLMC-2","NR2F1-AS1",-0.158282485642374,0.0823963337228478,0.0547330408507314,-0.319776332197299,0.00321136091255103,5,0.00754374745901703,22.1821908926934,0.612073451460046
"VLMC-2","EXOC4",-0.0116528215003266,0.0572378007243376,0.838676944258421,-0.123836849474309,0.100531206473656,5,0,0,0.977981353679454
"VLMC-2","BPTF",0.0464653412461786,0.0648818441371491,0.47389674818692,-0.080700736513175,0.173631419005532,5,8.86459092379068e-07,0.00324495885989504,0.920413727425774
"VLMC-2","CABLES1",-0.424792746153061,0.536176422168296,0.428207335142853,-1.47567922296247,0.626093730656343,5,1.23218422488642,94.2163779679509,0.918385553453722
"VLMC-2","SOX6",-0.227767535296685,0.122263081023246,0.0624721455662516,-0.46739877074115,0.0118637001477797,5,0.0244859920538447,35.7700593988774,0.634472119547043
"VLMC-2","PDE8A",0.141680161480575,0.105381552431148,0.178803119089999,-0.0648638859193947,0.348224208880544,5,0.0142807058524161,26.1801306381674,0.812975415007207
"VLMC-2","SORBS2",0.172986975169693,0.314660229685545,0.582485376820158,-0.443735742381077,0.789709692720463,5,0.307820712835067,72.0238002849797,0.935326469316026
"VLMC-2","CDK14",0.0599849564115486,0.0751659809689501,0.424851161646273,-0.0873376591502168,0.207307571973314,5,0,0,0.918385553453722
"VLMC-2","FARP1",-0.0397067822808029,0.0597437596120505,0.506294807804308,-0.156802399421441,0.0773888348598347,5,0,0,0.922630408154762
"VLMC-2","DANT2",-0.0831284820730051,0.0921971715350094,0.367249147730701,-0.263831617758085,0.0975746536120746,5,2.88744840318438e-06,0.00465446592234914,0.89782846718252
"VLMC-2","ASH1L",0.00828905549695554,0.0543424657382133,0.878766039777579,-0.0982202201810443,0.114798331174955,5,3.76454998123554e-07,0.00208178233473262,0.984193499791697
"VLMC-2","ADK",-0.133758582088061,0.0910807035414208,0.141948880892957,-0.312273480715815,0.0447563165396941,5,0.00984075165632439,23.8450125800941,0.771770043142483
"VLMC-2","NEAT1",0.061599208249519,0.17883893029571,0.730515717937431,-0.288918654163741,0.412117070662779,5,0.0822866120375307,58.0002894235131,0.970230263441742
"VLMC-2","DCLK2",-0.0906615394886132,0.311873512039946,0.771280993456403,-0.701922390818925,0.520599311841699,5,0.358072704529792,84.7721714818858,0.973697506837294
"VLMC-2","ARHGAP10",0.00425359362348321,0.094983621894097,0.964280761550695,-0.181910884410117,0.190418071657083,5,2.57276083776786e-07,0.000473312963141572,0.996582809694757
"VLMC-2","R3HDM1",-0.0571761268708638,0.0803969071929103,0.476976905241588,-0.214751169437377,0.10039891569565,5,0,0,0.920413727425774
"VLMC-2","ZSWIM6",-0.413890904583885,0.320805860965611,0.196995094881826,-1.04265883810585,0.214877028938077,5,0.400148385967711,90.488712533634,0.812975415007207
"VLMC-2","BBS9",-0.12775571060015,0.072429447520878,0.0777548429407579,-0.269714819161205,0.0142033979609049,5,0,0,0.678937344705764
"VLMC-2","GTF2I",-0.0547094383322537,0.0691422043695001,0.428792473253015,-0.190225668708182,0.0808067920436744,5,0,0,0.918762980906459
"VLMC-2","MYCBP2",-0.0521427788767238,0.050851371436398,0.30517650454907,-0.151809635456533,0.047524077703085,5,0,0,0.876698344409113
"VLMC-2","CCSER1",-0.0358414717190755,0.108028951392387,0.740058000159539,-0.247574325735783,0.175891382297632,5,2.79317257063614e-06,0.00402279690269197,0.970230263441742
"VLMC-2","TMSB10",0.372355652808443,0.381678239162972,0.329275242245605,-0.375719949633648,1.12043125525053,5,0.50753205483119,82.0139411833455,0.886230977327376
"VLMC-2","EIF4G3",-0.0129954650639254,0.0558101073541512,0.81587675053645,-0.122381265451376,0.096390335323525,5,0,0,0.975901409921425
"VLMC-2","DDX17",-0.0426952763050454,0.0464667989620734,0.358182388254265,-0.133768528747572,0.0483779761374816,5,0,0,0.89567209561799
"VLMC-2","ZNRF3",-0.272316776154201,0.287461593575541,0.343478118328562,-0.835731146500751,0.29109759419235,5,0.290718972781105,83.0529194873696,0.89567209561799
"VLMC-2","PDZRN3",-0.0467854824661395,0.0892808568224002,0.600260517024565,-0.221772746346921,0.128201781414642,5,0,0,0.940888929987399
"VLMC-2","PDE4D",0.0102263543233397,0.0885036064752031,0.908011317608223,-0.163237526869964,0.183690235516644,5,7.43957710845165e-06,0.0154735393137064,0.991152181757771
"VLMC-2","FYN",-0.045682100823086,0.0632225825340365,0.469950332333826,-0.169596085599409,0.0782318839532366,5,3.52338610871805e-06,0.0147538028270954,0.920413727425774
"VLMC-2","AGAP1",-0.0875883686925304,0.063706550745825,0.169171054161249,-0.212450913733621,0.0372741763485599,5,0,0,0.805485535647258
"VLMC-2","BSG",0.0837135682163929,0.195519321496673,0.668534578317563,-0.299497260198793,0.466924396631579,5,0.0967551176333422,60.7013206088786,0.960936616113552
"VLMC-2","USP34",-0.01157174015622,0.0540973227253164,0.83062038655463,-0.11760054435788,0.0944570640454404,5,0,0,0.977652301355658
"VLMC-2","QKI",-0.106448106489443,0.0978218106608658,0.276513989183657,-0.298175332287236,0.0852791193083503,5,0.0182167048358628,42.7322197914596,0.85839310941465
"VLMC-2","TENM2",-0.276553810381297,0.257812743955391,0.283409082977268,-0.78185750328931,0.228749882526716,5,0.214385783086821,76.3670667644392,0.859756983736029
"VLMC-2","RGS7",-0.217836501601106,0.255468904007692,0.393829670522914,-0.718546352626102,0.28287334942389,5,0.188034305315457,72.9193678622133,0.908129750349204
"VLMC-2","NAV3",-0.0929073194965216,0.159148311439576,0.559369527005317,-0.404832278118455,0.219017639125412,5,0.0496652800943905,44.1057486442144,0.931813702202331
"VLMC-2","MAPK10",-0.130765904961528,0.0669351148346438,0.0507459509498842,-0.261956319338483,0.000424509415426488,5,0.00363822922234993,15.19007375551,0.596885940543393
"VLMC-2","FRY",-0.111409910296766,0.20041820273652,0.578287980133332,-0.504222369506592,0.28140254891306,5,0.123890615618417,72.5216218217401,0.935184809587821
"VLMC-2","ADARB2",-0.326279239372385,0.160901571758969,0.0425787403041036,-0.641640525075851,-0.0109179536689178,5,0.0194990989208409,14.3868328427349,0.566145780169979
"VLMC-2","CAMTA1",-0.0455472594664,0.0659893977385622,0.490055301383589,-0.174884102395471,0.0837895834626709,5,6.17888504413452e-08,0.000228183998909144,0.920413727425774
"VLMC-2","PBX1",0.0193326908097733,0.0665319729477354,0.771374511213255,-0.111067579988181,0.149732961607728,5,0,0,0.973697506837294
"VLMC-2","PARD3",0.0204983981481571,0.0614542122352991,0.738714908568269,-0.0999496445313099,0.140946440827624,5,0,0,0.970230263441742
"VLMC-2","TRPM3",-0.365628356838353,0.250263728557948,0.144023063394745,-0.85613625144864,0.124879537771934,5,0.164161924267633,58.2965382219796,0.774161722178758
"VLMC-2","SMYD3",-0.241504520590329,0.0990721269061731,0.0147825221795722,-0.43568232119821,-0.0473267199824482,5,0.0206767007259899,50.3124422696987,0.406956425281991
"VLMC-2","NEGR1",0.0183233160996619,0.109127318009319,0.866655898714841,-0.195562296928053,0.232208929127377,5,1.0243400002298e-06,0.00135467350504218,0.98392042042219
"VLMC-2","MBD5",-0.0611717335360486,0.0527455883237748,0.24615031718343,-0.164551186994024,0.0422077199219264,5,0,0,0.842480864401571
"VLMC-2","CALD1",0.0702596215784212,0.07834200282268,0.369808525438825,-0.0832878824307668,0.223807125587609,5,5.47877793448614e-06,0.014017872992348,0.89782846718252
"VLMC-2","ATRNL1",-0.0283089292523015,0.11416595198493,0.80416305292419,-0.252070083403493,0.19545222489889,5,0.00949653615890137,13.7828828731304,0.974861328880033
"VLMC-2","CNTN1",-0.139725772086537,0.107848331650618,0.195121404021405,-0.351104617914479,0.0716530737414044,5,0.0136450935941411,23.1958577544107,0.812975415007207
"VLMC-2","ADGRL3",-0.145746966202655,0.0614874972295973,0.0177711930291942,-0.266260246272173,-0.0252336861331384,5,0.00126085006268356,5.90044976739363,0.406956425281991
"VLMC-2","LRRC4C",-0.424730018590629,0.256226268917727,0.0973908554653875,-0.926924277562448,0.0774642403811898,5,0.203665879383542,76.7009979680982,0.726436447418101
"VLMC-2","EPS8",0.020148291928696,0.0818914756236595,0.805653978914799,-0.140356050934516,0.180652634791908,5,0,0,0.974899275204814
"VLMC-2","DGKB",-0.231140010574631,0.151441644968513,0.126943999253822,-0.527960180472418,0.0656801593231551,5,0.049161967040416,47.8572298115253,0.759027798013261
"VLMC-2","FTX",-0.0761596199901544,0.0511065198782421,0.136168138035387,-0.176326558326689,0.0240073183463805,5,0.000595175978935021,3.95344412851666,0.771582957702176
"VLMC-2","GNAS",0.0338585623597187,0.0713862702512146,0.635285448386453,-0.106055956323305,0.173773081042742,5,0,0,0.948488775291622
"VLMC-2","KCNIP4",0.048352474781611,0.200784669005363,0.809696516444901,-0.345178245116696,0.441883194679918,5,0.0905688962664567,54.4463874235441,0.975765582377835
"VLMC-2","BAZ2B",0.066406138054019,0.060348083111857,0.271164320167244,-0.0518739313812506,0.184686207489289,5,2.66511412909161e-07,0.00115776395404291,0.85839310941465
"VLMC-2","FBXL7",-0.108277958698198,0.0805090211496566,0.178652009589728,-0.266072740582099,0.049516823185702,5,0,0,0.812975415007207
"VLMC-2","NCOA1",0.0650014704661471,0.0541234859883201,0.229757194519238,-0.0410786127887186,0.171081553721013,5,0,0,0.835476015240007
"VLMC-2","ZFHX3",-0.107479596468055,0.0893546134257414,0.229036972205622,-0.282611420635008,0.0676522276988968,5,1.54636146162297e-07,0.000320131135799622,0.835476015240007
"VLMC-2","GRIK2",-0.094668263732743,0.12783079682282,0.458951306704092,-0.345212021620528,0.155875494155042,5,0.0160825020029096,19.3518161176626,0.920413727425774
"VLMC-2","PLCB1",-0.0186745100875936,0.0739433953226461,0.800614868121448,-0.163600901814587,0.1262518816394,5,3.66146879094735e-06,0.0113369842063979,0.974861328880033
"VLMC-2","LRRTM4",-0.230729772019692,0.175932202155627,0.189699086405773,-0.575550551965541,0.114091007926157,5,0.0615578689474106,46.0040205707033,0.812975415007207
"VLMC-2","PDE7B",0.0273916443859529,0.101797820275773,0.787868975620199,-0.172128417059244,0.22691170583115,5,0,0,0.974616458884373
"VLMC-2","DMD",0.152332757251321,0.23682428706202,0.520074127135818,-0.311834316054614,0.616499830557257,5,0.203456355974831,83.9918394327032,0.925314633394202
"VLMC-2","MAST4",-0.407655042190629,0.233055066671474,0.0802600727114112,-0.864434579281298,0.0491244949000407,5,0.201728132727378,88.6349393164245,0.685266204571541
"VLMC-2","PTPRD",-0.113749063996417,0.183746567488685,0.535880726763054,-0.473885718557098,0.246387590564263,5,0.0786318634501495,56.0042033472544,0.925314633394202
"VLMC-2","PTPRK",-0.108931424843067,0.0789524292959677,0.167676075131715,-0.263675342755109,0.0458124930689747,5,0,0,0.805485535647258
"VLMC-2","TCF4",-0.100812850359875,0.0619113066455616,0.103452150686055,-0.222156781620991,0.0205310809012408,5,0,0,0.743385681091789
"VLMC-2","FRMD4A",-0.108975639392692,0.0813762236430502,0.180519168137939,-0.268470106930947,0.0505188281455631,5,0,0,0.812975415007207
"VLMC-2","PRKG1",-0.0855411089227629,0.0731160698698317,0.242026798878795,-0.228845972558747,0.0577637547132214,5,0,0,0.840926918484417
"VLMC-2","ZBTB20",-0.117993657418843,0.0960819901372066,0.219427537008187,-0.306310897650701,0.0703235828130146,5,0.0216631279639269,56.6510285339409,0.828820901475049
"VLMC-2","PTPRG",-0.0183162650940846,0.0770619295762595,0.812127428015783,-0.169354871642715,0.132722341454546,5,1.49991001751538e-06,0.00416365003629237,0.975765582377835
"VLMC-2","SOX5",-0.0799855702319928,0.0544830418186764,0.142081964135537,-0.186770369964788,0.0267992295008027,5,2.51578756392403e-07,0.00140291332856304,0.771770043142483
"VLMC-2","DST",0.0115488856549891,0.0710190949542937,0.870820295015159,-0.127645982670057,0.150743753980035,5,0,0,0.984193499791697
"VLMC-2","RORA",-0.0592003622495682,0.0600981517751035,0.324593971654956,-0.176990575266193,0.0585898507670566,5,0,0,0.885943206465361
"VLMC-2","SLC1A3",-0.0877909477116947,0.0825795073850746,0.287732906780016,-0.2496438080475,0.0740619126241109,5,1.16156752547897e-06,0.00288707351892754,0.865772359935576
"VLMC-2","LRP1B",-0.26576479928952,0.319104489370138,0.404931761518819,-0.891198105760034,0.359668507180995,5,0.367449374309726,86.5211470904519,0.915088506917903
"VLMC-2","NPAS3",-0.515613038638335,0.39520076123194,0.191999671392397,-1.29019229731575,0.25896622003908,5,0.625286489635084,90.2703890925859,0.812975415007207
"VLMC-2","NRG3",-0.148689332962538,0.424211225825749,0.725957656070543,-0.980128057418593,0.682749391493517,5,0.716813897907433,91.4305217195082,0.970230263441742
"VLMC-2","PCDH9",-0.291580088315512,0.368991489658074,0.429406207801211,-1.01479011864712,0.431629942016097,5,0.540630481318939,92.8321871696233,0.91890743196137
"VLMC-2","LSAMP",-0.348706243810956,0.269378938071813,0.195498909379868,-0.876679260625355,0.179266773003442,5,0.261168979958668,87.5368595744531,0.812975415007207
"VLMC-2","MALAT1",0.0781199927397786,0.0579545800516463,0.17767381789354,-0.0354688969005916,0.191708882380149,5,0,0,0.812975415007207
