"cell_type","genes","estimate","se","pval","ci.lb","ci.ub","k","tau2","I2","padj"
"Sst-9","C1QTNF4",0.450754812798393,0.657682025172497,0.493111157496474,-0.838278269819067,1.73978789541585,5,1.91669149910907,92.5719629260511,0.999626430124647
"Sst-9","TDRD3",-0.0610210846580227,0.229298658841988,0.790146370708899,-0.510438197691656,0.38839602837561,5,0.189668488327443,77.1122327463392,0.999626430124647
"Sst-9","LRBA",-0.147907506945858,0.180836555479249,0.413410222350232,-0.502340642773466,0.20652562888175,5,0.116435903221449,75.607969140862,0.999626430124647
"Sst-9","PPARGC1A",-0.143726855111748,0.209901618571958,0.493511548700451,-0.55512646780945,0.267672757585955,5,0.151802959612571,72.6212399770694,0.999626430124647
"Sst-9","ISCU",-0.0194726205274647,0.358570018617113,0.956691109123587,-0.722256942952863,0.683311701897934,5,0.481386996624111,77.7879084213439,0.999626430124647
"Sst-9","HSPA8",0.210457217145723,0.406051088625643,0.60424736159415,-0.585388292443819,1.00630272673526,5,0.622798680001955,79.494777309826,0.999626430124647
"Sst-9","RAP2A",-0.240186138058374,0.305906255008558,0.432358264327235,-0.839751380520674,0.359379104403925,5,0.304213248622972,72.5898008238877,0.999626430124647
"Sst-9","GPC5",-0.408541648810486,0.330408280924902,0.216281974584348,-1.05612997961709,0.239046681996115,5,0.343149954116187,67.3748544054179,0.999626430124647
"Sst-9","SUZ12",-0.239787252396792,0.261284116127863,0.358762280823027,-0.751894709739785,0.272320204946201,5,0.247773235558239,77.0906735956755,0.999626430124647
"Sst-9","RPS15",0.151295493365544,0.33146742804222,0.648072521784976,-0.498368727645329,0.800959714376417,5,0.385554057116965,74.3871747365462,0.999626430124647
"Sst-9","UBB",0.197966187384393,0.332527615530124,0.551617837636927,-0.453775962919633,0.849708337688418,5,0.356598223575173,68.8213923892015,0.999626430124647
"Sst-9","MT-ND3",-0.334181138105917,0.551904254056442,0.544843078914855,-1.41589359897099,0.747531322759154,5,1.2099162705741,86.8904669614016,0.999626430124647
"Sst-9","PTEN",-0.0538055188713654,0.202585104287013,0.790551410132972,-0.450865027078202,0.343253989335471,5,0.156448068453507,80.2189451202067,0.999626430124647
"Sst-9","VDAC1",0.167371751522097,0.285622014033787,0.5578819819446,-0.392437109175919,0.727180612220114,5,0.271667694418214,70.9649016018263,0.999626430124647
"Sst-9","PCDH9",-0.14348119000845,0.158058366204617,0.363997923016578,-0.453269895224742,0.166307515207843,5,0.0760029920228913,64.4294173483321,0.999626430124647
"Sst-9","MAP2K5",-0.121910680825326,0.156397250163693,0.435688911044383,-0.428443658427265,0.184622296776613,5,0.0773862444151799,68.4731158316003,0.999626430124647
"Sst-9","MT-ND1",-0.432931287493192,0.383559322980101,0.259015740254231,-1.18469374646876,0.318831171482372,5,0.519007484365732,77.3103201065451,0.999626430124647
"Sst-9","WDR82",-0.291804562080887,0.281217358669397,0.299434074432111,-0.842980456900388,0.259371332738614,5,0.241359864139987,67.3842129016139,0.999626430124647
"Sst-9","FTH1",0.314176523242672,0.236033602844778,0.183166988997413,-0.148440837474323,0.776793883959666,5,0.175750502902848,65.3371804373876,0.999626430124647
"Sst-9","TUBA1A",0.379966054882115,0.348860332412854,0.276081647236004,-0.303787632281749,1.06371974204598,5,0.454826196843902,78.9633847386614,0.999626430124647
"Sst-9","SCRN1",0.161761514602179,0.20852628808456,0.437904409129563,-0.246942499873383,0.57046552907774,5,0.138200045573336,68.3937119825627,0.999626430124647
"Sst-9","MT-ND2",-0.314360868894154,0.340446113948189,0.355809614248621,-0.981622990909224,0.352901253120916,5,0.396112403056122,73.811089865421,0.999626430124647
"Sst-9","CCK",0.415306232121939,0.360845231096211,0.249762596353755,-0.291937424819668,1.12254988906355,5,0.459400758152246,75.3141653869816,0.999626430124647
"Sst-9","PGP",0.0590327105193172,0.356642275399831,0.868531882132121,-0.639973304628766,0.7580387256674,5,0.468257355810142,80.6302598683928,0.999626430124647
"Sst-9","MPDZ",-0.124980361704488,0.150557771113083,0.406473400783336,-0.420068170678756,0.170107447269781,5,0.077030432632202,72.7683861197517,0.999626430124647
"Sst-9","MAF",-0.158410824893119,0.290223946925345,0.585187802274757,-0.727239308317859,0.410417658531621,5,0.325030489607512,81.9868759166509,0.999626430124647
"Sst-9","GPC6",-0.0116291382578802,0.23991161094543,0.961339605098652,-0.481847255183908,0.458588978668148,5,0.240789321059473,87.9061417050785,0.999626430124647
"Sst-9","BTF3",0.433084224381469,0.266410098362143,0.104028408342295,-0.089069973526105,0.955238422289043,5,0.164214425200676,48.3739601202251,0.999626430124647
"Sst-9","HINT1",0.312435516624103,0.219607037852954,0.154822369571584,-0.117986368319211,0.742857401567417,5,0.128439246703353,55.4114168262714,0.999626430124647
"Sst-9","GUK1",0.331308812553824,0.301975650746841,0.272581286585993,-0.26055258711803,0.923170212225678,5,0.30108010102502,70.415911750605,0.999626430124647
"Sst-9","RPS27A",0.396989985035283,0.328157885729609,0.226373687956279,-0.246187652237562,1.04016762230813,5,0.344876304603631,67.3637754095529,0.999626430124647
"Sst-9","UQCRB",0.287562360730766,0.261999823729053,0.272393609002113,-0.225947857734021,0.801072579195552,5,0.214511164235866,67.0914594311863,0.999626430124647
"Sst-9","SLC2A13",-0.0480018904855315,0.161040517117189,0.765647161920724,-0.363635504086927,0.267631723115864,5,0.0919935190761808,74.5842904036571,0.999626430124647
"Sst-9","CEP170",-0.170567502274243,0.157884491736904,0.279994834064721,-0.480015419795986,0.1388804152475,5,0.0785290588904442,67.4862617450551,0.999626430124647
"Sst-9","PDE7A",-0.280123052771105,0.136177167515809,0.0396815505097839,-0.547025396618767,-0.0132207089234422,5,0.0273365329054162,29.0579904090086,0.999626430124647
"Sst-9","COMMD6",0.388643832498769,0.355059790659936,0.273697611708746,-0.307260569553035,1.08454823455057,5,0.392478792628851,66.5789055615439,0.999626430124647
"Sst-9","ERBIN",-0.202351952239469,0.207190235829477,0.328743392526286,-0.608437352413605,0.203733447934667,5,0.154020467420092,75.6831590856542,0.999626430124647
"Sst-9","COL23A1",-0.303337197976839,0.352937422496137,0.390084277894387,-0.995081834865665,0.388407438911987,5,0.462699910769841,80.0469868561615,0.999626430124647
"Sst-9","RPS19",0.511347928919753,0.339742524343855,0.132297267737012,-0.154535182810925,1.17723104065043,5,0.398347760267499,76.8000505571181,0.999626430124647
"Sst-9","TENM2",-0.0933884811442782,0.132714278875478,0.481631621121919,-0.353503687974419,0.166726725685863,5,0.0588199439261731,70.3647517728127,0.999626430124647
"Sst-9","RPS4X",0.341872038461291,0.379696432129306,0.36791670857475,-0.402319293570505,1.08606337049309,5,0.529460472862596,76.2552354857407,0.999626430124647
"Sst-9","CSNK1E",-0.229156283048946,0.301904161308648,0.447830712695354,-0.820877565996666,0.362564999898774,5,0.309747307053341,73.3860184511758,0.999626430124647
"Sst-9","TTN-AS1",-0.133301729444394,0.213086217009415,0.53159275788171,-0.550943040384733,0.284339581495946,5,0.160087971357969,74.7797105444321,0.999626430124647
"Sst-9","MT-ATP6",-0.281051461154775,0.349215142696533,0.42092995459776,-0.965500563695996,0.403397641386445,5,0.42446603339914,72.876591390259,0.999626430124647
"Sst-9","PURG",-0.147823673598292,0.201221249427111,0.462563326920396,-0.54221007539958,0.246562728202996,5,0.119609059954068,63.8148577611399,0.999626430124647
"Sst-9","ARL6IP5",0.225711395368051,0.185455608396315,0.223579762240056,-0.13777491781969,0.589197708555792,5,0.0940483417873709,58.9427339938257,0.999626430124647
"Sst-9","MTX2",-0.0561239958223369,0.190329283332482,0.768086767825144,-0.429162536357322,0.316914544712648,5,0.129340032509305,75.284360444352,0.999626430124647
"Sst-9","MT-ND4L",-0.156213660007559,0.420937504986031,0.710556412538371,-0.98123600952233,0.668808689507211,5,0.555747110726737,71.3338452607272,0.999626430124647
"Sst-9","UBC",0.199727608666102,0.275777958294347,0.468922455997109,-0.340787257320808,0.740242474653011,5,0.232097986020082,62.4395703198448,0.999626430124647
"Sst-9","ATG4C",0.018813767868777,0.346957490757882,0.9567559076106,-0.661210418183061,0.698837953920615,5,0.455437006197692,79.7537498589118,0.999626430124647
"Sst-9","ZDHHC21",-0.0286413521051579,0.136658790588947,0.833993190142722,-0.296487659830296,0.23920495561998,5,0.0604924858467615,68.6553935513964,0.999626430124647
"Sst-9","KIRREL3",0.0623551599100793,0.231771675667554,0.787901198134627,-0.391908977034826,0.516619296854984,5,0.200458375436332,76.8124146074053,0.999626430124647
"Sst-9","FAF1",-0.155644337682968,0.095712682963976,0.103915175946741,-0.343237749156061,0.0319490737901251,5,0.0220697789532271,51.0795100519206,0.999626430124647
"Sst-9","DCP1B",-0.135479424594308,0.298681849017572,0.650123169751293,-0.72088509150458,0.449926242315964,5,0.293248010680917,70.231927021385,0.999626430124647
"Sst-9","CD55",-0.17240987901557,0.259380296397246,0.506242896977081,-0.680785918253496,0.335966160222356,5,0.183622945410154,58.2364723553258,0.999626430124647
"Sst-9","CDC42EP3",0.0887825161963156,0.262500876916968,0.735198927763638,-0.425709748471123,0.603274780863754,5,0.210503978198669,66.4254111303292,0.999626430124647
"Sst-9","SLC32A1",0.49419988525947,0.422237179943652,0.241827184980176,-0.333369780363846,1.32176955088279,5,0.66304355784828,77.7458407137039,0.999626430124647
"Sst-9","MT-ND4",-0.150379525460226,0.306512011501966,0.623698463785114,-0.751132028833007,0.450372977912555,5,0.299672841356985,68.8077631909664,0.999626430124647
"Sst-9","POLA1",-0.204911368792767,0.174873193910115,0.241288936396619,-0.547656530718082,0.137833793132548,5,0.080843177286945,56.1904581694248,0.999626430124647
"Sst-9","LYSMD4",0.13055195311565,0.364134933412909,0.719949484048317,-0.583139401886542,0.844243308117842,5,0.471937524598418,76.4430879777285,0.999626430124647
"Sst-9","CDH7",-0.0311517073409595,0.245049171722359,0.898842009440887,-0.511439258358153,0.449135843676234,5,0.17494253723693,63.8746729480653,0.999626430124647
"Sst-9","RUNX1T1",-0.0909987215690237,0.122681115765978,0.45823880012778,-0.33144929005353,0.149451846915482,5,0.0445327457366542,62.8645775133085,0.999626430124647
"Sst-9","MCTP1",-0.128202257666804,0.123763353227595,0.3002646312689,-0.3707739725988,0.114369457265192,5,0.035111818385719,47.6323098876699,0.999626430124647
"Sst-9","ADGRB3",-0.0787758906538097,0.151138706996424,0.602216409197946,-0.375002313036753,0.217450531729133,5,0.0881883488871122,81.5279619564163,0.999626430124647
"Sst-9","FER",-0.0689156313262438,0.134446033139814,0.608238466165157,-0.332425014144557,0.19459375149207,5,0.0574328646259425,67.9102312604503,0.999626430124647
"Sst-9","CHCHD3",-0.0618656700138964,0.14591013094006,0.67156694041515,-0.347844271635937,0.224112931608144,5,0.0655545190147636,64.1633248264354,0.999626430124647
"Sst-9","COG5",-0.0150981668263994,0.138046955021513,0.912909192083569,-0.285665226843986,0.255468893191187,5,0.0579786820177558,64.9456392735595,0.999626430124647
"Sst-9","COX20",0.485929735509985,0.220124037925238,0.0272772696609136,0.0544945490449899,0.917364921974981,5,0.0931524410043742,40.0316820779177,0.999626430124647
"Sst-9","BEX5",0.27709982105136,0.344484723432985,0.421172186299705,-0.398077830101531,0.952277472204251,5,0.324596951594091,57.8925097114805,0.999626430124647
"Sst-9","ALDH1A3",0.0496598997369936,0.358146959640143,0.889720499888056,-0.652295242330206,0.751615041804193,5,0.437499904246488,71.2998615217232,0.999626430124647
"Sst-9","HSBP1",0.410326873640374,0.176399043107225,0.0200116868568295,0.0645911022428849,0.756062645037864,5,0.0447271539836057,28.7277130547958,0.999626430124647
"Sst-9","PARG",0.435728178639119,0.199698546483353,0.0291147255493802,0.0443262197667482,0.827130137511489,5,0.124619395176926,66.0957818270717,0.999626430124647
"Sst-9","LMBRD2",-0.226089621924266,0.179181437244695,0.207023806603265,-0.577278785621993,0.12509954177346,5,0.092890700499387,61.2234636763571,0.999626430124647
"Sst-9","MSH3",-0.0635753508217767,0.151359852406253,0.674465121043668,-0.360235210243331,0.233084508599777,5,0.0650491218985811,61.3295938330246,0.999626430124647
"Sst-9","CDKL5",-0.0941331931430161,0.129894314657482,0.468641842744021,-0.348721371668194,0.160454985382162,5,0.0432208467196688,54.7770696701795,0.999626430124647
"Sst-9","SYN1",-0.235534181504993,0.302925063461052,0.436844473688206,-0.829256395903165,0.358188032893178,5,0.305819335806987,69.5287639345834,0.999626430124647
"Sst-9","STX8",-0.183084296101583,0.167471342458581,0.274293875714614,-0.511322095762975,0.145153503559809,5,0.073789573174418,56.8412555313303,0.999626430124647
"Sst-9","ELAVL3",-0.168549118125872,0.139837626698647,0.228079709074556,-0.442625830138776,0.105527593887032,5,0.0514826086028391,55.6950803887869,0.999626430124647
"Sst-9","ZNF800",-0.129259012582905,0.277294181649604,0.641112446937209,-0.672745621738637,0.414227596572827,5,0.22647187453193,63.7533732858606,0.999626430124647
"Sst-9","MRPS26",0.305980779477111,0.260021291081244,0.239294191146346,-0.203651586255733,0.815613145209954,5,0.148056387559504,46.8417519615207,0.999626430124647
"Sst-9","TAF1C",-0.274465601010222,0.389870240039956,0.481437642290093,-1.03859723013252,0.489666028112078,5,0.509265815750881,71.221258416054,0.999626430124647
"Sst-9","SC5D",-0.190109622372429,0.250428479475957,0.4477703743219,-0.680940422848433,0.300721178103575,5,0.162280333114389,55.8251460728969,0.999626430124647
"Sst-9","USP14",0.0903622357609383,0.175869087062178,0.607389049532416,-0.25433484087487,0.435059312396747,5,0.0815472956728748,57.3965811408628,0.999626430124647
"Sst-9","CWC27",-0.22201392173721,0.174499850476461,0.203271103794407,-0.564027343978698,0.119999500504277,5,0.0875526211631176,60.4467566312369,0.999626430124647
"Sst-9","VMP1",-0.0565319603800211,0.154324372826146,0.714127002986324,-0.359002173055999,0.245938252295957,5,0.063783692576988,56.8123442105836,0.999626430124647
"Sst-9","BBIP1",0.0277718351389669,0.332165433207706,0.933367752823182,-0.623260450857281,0.678804121135215,5,0.422131827415308,82.5193643497497,0.999626430124647
"Sst-9","LRPAP1",0.27068417592937,0.267139351624705,0.310931418285576,-0.252899332108434,0.794267683967174,5,0.225071525925271,69.1744251767167,0.999626430124647
"Sst-9","DENND6B",-0.580815389283679,0.227463422906355,0.0106663056510392,-1.02663550598034,-0.134995272587021,5,0.10818413929068,43.3413603342189,0.999626430124647
"Sst-9","MRPS9",-0.0944796619044584,0.224296525842677,0.673589625782977,-0.534092774413563,0.345133450604646,5,0.145461314103026,61.3862240100779,0.999626430124647
"Sst-9","MED13",-0.239243865212788,0.161627019273523,0.138814018568693,-0.556027001917454,0.0775392714918792,5,0.0832772686080221,68.9821541853304,0.999626430124647
"Sst-9","DIRAS1",-0.383465252010097,0.26318894149709,0.145117466540436,-0.899306098473613,0.13237559445342,5,0.160226421441573,48.8043694981626,0.999626430124647
"Sst-9","AEBP2",-0.134240782782898,0.0950527372486747,0.157868452493173,-0.32054072442225,0.0520591588564528,5,0.0164222243578066,37.6734421534739,0.999626430124647
"Sst-9","BBS2",-0.212616963902985,0.207002308883816,0.304362250870287,-0.6183340340319,0.193100106225929,5,0.101802514088448,49.6715794875993,0.999626430124647
"Sst-9","LGR4",-0.0891966881545399,0.268841085363766,0.740053722078488,-0.616115533032178,0.437722156723099,5,0.199913538667488,60.6364605009068,0.999626430124647
"Sst-9","COG3",-0.0272559395047573,0.209702611643058,0.896586800002666,-0.438265505789141,0.383753626779626,5,0.131696611523319,65.3293894436453,0.999626430124647
"Sst-9","MT-CO2",-0.294933649126767,0.291673075884838,0.311930830613233,-0.866602373121067,0.276735074867532,5,0.260765501598637,65.3373533645697,0.999626430124647
"Sst-9","GOLGA4",-0.0343733138062664,0.130847749551883,0.792784114277683,-0.290830190386074,0.222083562773541,5,0.0516516684030795,64.6827615217026,0.999626430124647
"Sst-9","MEG3",0.0784861954019356,0.265995980539363,0.767943963463994,-0.442856346487633,0.599828737291504,5,0.263554929725806,85.3934038664706,0.999626430124647
"Sst-9","NEGR1",-0.0785626310860887,0.24716039754434,0.750590438472752,-0.562988108677596,0.405862846505419,5,0.26753128780036,90.6826208694237,0.999626430124647
"Sst-9","FILIP1L",0.110442536931368,0.434248077703697,0.799240227660147,-0.740668055723628,0.961553129586364,5,0.694693377597803,78.254181735496,0.999626430124647
"Sst-9","SLC25A3",0.154127472131954,0.209203478942513,0.461283671941963,-0.255903812035856,0.564158756299764,5,0.105517103397537,52.2281909116013,0.999626430124647
"Sst-9","RPL19",0.251901062318233,0.309915608160338,0.416329671465293,-0.355522367922858,0.859324492559324,5,0.301269253720346,66.5153156677416,0.999626430124647
"Sst-9","GLG1",-0.192394771376115,0.0881162609033479,0.0290049236574823,-0.365099469199012,-0.0196900735532187,5,0.00908576124046395,22.5431835596567,0.999626430124647
"Sst-9","SPPL2A",-0.200521651196491,0.170860990130931,0.240557173518918,-0.535403038215968,0.134359735822987,5,0.0741858538164706,55.0525881356542,0.999626430124647
"Sst-9","NFYC",-0.152170642612553,0.179845715598313,0.397487089493687,-0.50466176795908,0.200320482733974,5,0.0715898842411253,46.8236137867852,0.999626430124647
"Sst-9","RPS28",0.0638242635804364,0.296540384684087,0.829588326823793,-0.517384210362027,0.6450327375229,5,0.26014872553228,63.8297626289704,0.999626430124647
"Sst-9","LDHA",0.27995880476081,0.267150483848549,0.294664308281267,-0.243646522034796,0.803564131556416,5,0.172381280444704,50.5935342710007,0.999626430124647
"Sst-9","TTC1",0.158321016165829,0.153255151822749,0.301578113931274,-0.142053561851977,0.458695594183636,5,0.0511925878457582,45.8757656919126,0.999626430124647
"Sst-9","ZNF382",-0.155245529022708,0.211794768634477,0.463558534178261,-0.570355647660277,0.259864589614861,5,0.120824089173781,57.0727071713507,0.999626430124647
"Sst-9","CNTN4",-0.193017237930935,0.117249406858348,0.0997203698919871,-0.422821852581982,0.0367873767201116,5,0.0406179582676888,63.0458329640797,0.999626430124647
"Sst-9","KCNJ3",0.0664475310278513,0.203138838681263,0.743589210371187,-0.331697276648716,0.464592338704419,5,0.156271554581589,78.1106506925321,0.999626430124647
"Sst-9","SHANK3",-0.168977476479306,0.326191421263948,0.604436194926905,-0.808300914222577,0.470345961263965,5,0.400221005323333,80.824275967306,0.999626430124647
"Sst-9","EPM2AIP1",-0.124182178854382,0.210465686495616,0.555167001593006,-0.536687344367287,0.288322986658524,5,0.136330432709913,67.9909501504061,0.999626430124647
"Sst-9","NDUFS3",0.064757568116613,0.370593580954029,0.861283838763041,-0.661592503455012,0.791107639688238,5,0.451362628988832,68.6333727711961,0.999626430124647
"Sst-9","NDUFA12",0.358604346093403,0.247304672742002,0.147044345093848,-0.126103905689385,0.84331259787619,5,0.162242551512015,56.6989067032153,0.999626430124647
"Sst-9","RPS6",0.477586236282949,0.457116435056868,0.296124531802738,-0.418345513169855,1.37351798573575,5,0.826115970599878,83.8660653708549,0.999626430124647
"Sst-9","PPP2CB",-0.144381279050428,0.16247658677188,0.374202922984006,-0.46282953745431,0.174066979353453,5,0.061343799485449,49.4618378969306,0.999626430124647
"Sst-9","PRMT8",0.06275050148516,0.313697156189423,0.84145298173841,-0.552084626698744,0.677585629669064,5,0.37064611582331,78.5411152691719,0.999626430124647
"Sst-9","ANKRD26",-0.137443346902268,0.15752656420924,0.382930753939984,-0.446189739360715,0.17130304555618,5,0.0843100006420247,71.9432283952718,0.999626430124647
"Sst-9","RPS7",0.345721342410631,0.283573132715543,0.222783039782126,-0.21007178469503,0.901514469516292,5,0.188921406919782,49.2449536451353,0.999626430124647
"Sst-9","DHTKD1",-0.227457266679564,0.186209960774501,0.221893108723828,-0.592422083360201,0.137507550001074,5,0.0562810385962442,32.6601755820377,0.999626430124647
"Sst-9","CHIC1",0.00607960257067891,0.241210959478537,0.979891844500141,-0.466685190683603,0.478844395824961,5,0.222282567794515,80.9533596223292,0.999626430124647
"Sst-9","TRPC5",0.560951400883861,0.171850280668801,0.00109778799226241,0.224131040039911,0.897771761727812,5,0,0,0.692460270230414
"Sst-9","GRID2",0.000253546219487821,0.199160547600512,0.99898423376632,-0.390093954218791,0.390601046657767,5,0.130794288966273,71.8423305293749,0.999626430124647
"Sst-9","VCPIP1",-0.46789469171733,0.266042435455872,0.0786247339536544,-0.989328283570161,0.0535389001355001,5,0.169403956860614,50.6816935396245,0.999626430124647
"Sst-9","SNX13",-0.0247619943947817,0.163853569736712,0.879878923576392,-0.345909089817059,0.296385101027496,5,0.0806890961503317,64.7900659746378,0.999626430124647
"Sst-9","ANKRD30BL",-0.292322000221978,0.23112485707818,0.205950352485259,-0.745318396027177,0.160674395583221,5,0.174974361171682,68.3483357252477,0.999626430124647
"Sst-9","PEX5L",-0.162022362371431,0.115047473260269,0.159039668097304,-0.387511266473893,0.0634665417310312,5,0.0265896178130736,42.7915673519751,0.999626430124647
"Sst-9","DHX29",0.12384842632264,0.173289900036686,0.474801090238489,-0.21579353663381,0.46349038927909,5,0.0757117694299727,53.3635159875852,0.999626430124647
"Sst-9","MPPED2",-0.205699638183097,0.272847057125391,0.450908738387491,-0.740470043436605,0.329070767070411,5,0.16575491979979,47.16619313329,0.999626430124647
"Sst-9","CEP112",-0.207507336566458,0.170039614923784,0.222333353963262,-0.540778857762134,0.125764184629217,5,0.0903511874234468,67.2707258539999,0.999626430124647
"Sst-9","DLGAP2",-0.0145450546231523,0.114446613676922,0.898868927600612,-0.238856295582488,0.209766186336183,5,0.0438614092943743,71.6691960570686,0.999626430124647
"Sst-9","NETO1",-0.0230506343142872,0.102360723758568,0.821831294254464,-0.223673966312534,0.17757269768396,5,0.0266886509109654,53.3112323258476,0.999626430124647
"Sst-9","MRPS25",0.0609583270269227,0.221391033830376,0.783053232501883,-0.372960125780702,0.494876779834548,5,0.151380404923023,66.3270119385496,0.999626430124647
"Sst-9","SLK",-0.287022567404337,0.177591775386786,0.106052612253336,-0.635096051112965,0.0610509163042907,5,0.0448125361443594,28.2800807549241,0.999626430124647
"Sst-9","ANAPC4",-0.131171108535538,0.156357771118439,0.40151618793336,-0.437626708630634,0.175284491559559,5,0.0487023274611073,41.4509243405212,0.999626430124647
"Sst-9","TCTN2",-0.379874016849385,0.234141715269329,0.104715446316463,-0.838783346055702,0.0790353123569318,5,0.110816699172386,41.896551421105,0.999626430124647
"Sst-9","DMD",-0.0275805236367856,0.126396585232877,0.827268423259556,-0.275313278462072,0.220152231188501,5,0.0449714333081816,59.7059384274554,0.999626430124647
"Sst-9","GTF2A1",0.0639640915925203,0.279208948801436,0.818798649672785,-0.483275392219582,0.611203575404622,5,0.258938488471455,71.6308698379796,0.999626430124647
"Sst-9","TCEAL2",0.387351037358126,0.277006500895255,0.162009076979664,-0.155571727880036,0.930273802596289,5,0.236092709957177,64.4191484989089,0.999626430124647
"Sst-9","LCOR",-0.111093075634088,0.137122851501083,0.417841408244187,-0.379848926033643,0.157662774765468,5,0.0489534943767247,55.1761364965573,0.999626430124647
"Sst-9","RFNG",0.0144060394823691,0.44180518300505,0.973987810933366,-0.851516207390657,0.880328286355395,5,0.750709927301065,80.6840173807882,0.999626430124647
"Sst-9","GALNT2",0.13751625984947,0.17991406110378,0.444662182601091,-0.215108820226279,0.490141339925218,5,0.087417575827687,56.8662625450078,0.999626430124647
"Sst-9","HSPA5",0.206555021820681,0.269277749044791,0.443039590950825,-0.321219668145124,0.734329711786486,5,0.181256179427158,52.8378428611608,0.999626430124647
"Sst-9","DYNLL1",0.0697592318375498,0.211442250705317,0.741459680266946,-0.34465996435496,0.48417842803006,5,0.116653575430211,56.2784884816394,0.999626430124647
"Sst-9","CDH2",0.0312297798570403,0.171726871691016,0.85569473981659,-0.305348703835082,0.367808263549162,5,0.103783197037911,75.1777158575069,0.999626430124647
"Sst-9","UCHL1",0.144652683564442,0.118144128435106,0.220810903314998,-0.0869055531532402,0.376210920282124,5,0.0212000964500403,30.7928908222137,0.999626430124647
"Sst-9","UPF3A",0.185763319606098,0.128154744859702,0.147191430928071,-0.0654153647668378,0.436942003979033,5,0.0334927651310556,42.4708768002941,0.999626430124647
"Sst-9","HELZ",-0.0808387053726432,0.157082736598732,0.606815082733586,-0.388715211699149,0.227037800953863,5,0.0800899524303667,69.3334303108108,0.999626430124647
"Sst-9","TUBB2A",0.307214244718852,0.269919626777172,0.255049776626729,-0.221818502484898,0.836246991922601,5,0.206952434324773,59.1761738145766,0.999626430124647
"Sst-9","MOB1B",-0.25432715917477,0.17528027524415,0.146787041313278,-0.597870185853572,0.0892158675040329,5,0.0554647359677321,36.9932350615345,0.999626430124647
"Sst-9","PMS1",-0.190999591466578,0.164197218662688,0.244735059473947,-0.512820226407095,0.130821043473938,5,0.0727648265337694,58.5830947050711,0.999626430124647
"Sst-9","UBE2E3",-0.00151974024470857,0.199379599193514,0.993918306883605,-0.392296573916026,0.389257093426609,5,0.122204339352918,65.3444371463396,0.999626430124647
"Sst-9","ZNF302",0.01053688035394,0.215167979682031,0.96094281714653,-0.411184610449086,0.432258371156966,5,0.120070198284818,54.6562319199622,0.999626430124647
"Sst-9","ESRRG",-0.19067747650466,0.121572503130892,0.11678174399015,-0.428955204151591,0.047600251142271,5,0.0219787703345489,29.9388919456622,0.999626430124647
"Sst-9","RPL11",0.257704467635622,0.259108745394581,0.319940406623533,-0.250139341417115,0.76554827668836,5,0.189560124090444,61.0766699023395,0.999626430124647
"Sst-9","EXOC2",-0.139065599982117,0.136003148531393,0.306536032343044,-0.405626872887699,0.127495672923466,5,0.0375428465671454,42.3159140990346,0.999626430124647
"Sst-9","HMGN1",0.351750836471332,0.232744508148887,0.130707590208809,-0.104420017099976,0.807921690042639,5,0.147903647612294,59.2463380653745,0.999626430124647
"Sst-9","ENO1",0.30420885061826,0.259373687935867,0.240852219976472,-0.20415423627337,0.812571937509891,5,0.194510181099673,60.8627319741319,0.999626430124647
"Sst-9","MT-CO3",-0.254568541687009,0.337582150602333,0.450793015769444,-0.916217398691159,0.407080315317141,5,0.398498294849101,74.2590114856418,0.999626430124647
"Sst-9","ESF1",-0.0956422648748817,0.236745777748134,0.686222128629614,-0.559655462753148,0.368370933003385,5,0.183970574078056,70.7520258529876,0.999626430124647
"Sst-9","CDKAL1",0.00516495157912898,0.216611972895378,0.980976837988012,-0.419386713915978,0.429716617074236,5,0.187386657286897,83.5554165789657,0.999626430124647
"Sst-9","IQCE",0.0961390202338711,0.185668116787333,0.604597557657452,-0.267763801746678,0.46004184221442,5,0.0791453102663964,49.701822309927,0.999626430124647
"Sst-9","PLCH1",-0.104060184130093,0.0862293814089747,0.227515579267363,-0.273066666100851,0.0649462978406646,5,0.00422296842589967,10.442688997646,0.999626430124647
"Sst-9","LYRM7",0.0656880897218711,0.264674699955175,0.803991858256762,-0.453064789809217,0.584440969252959,5,0.207587076012491,63.2496766044348,0.999626430124647
"Sst-9","TCF4",-0.0838651801785181,0.124146421481988,0.499336294137026,-0.327187695092745,0.159457334735709,5,0.052025347135351,72.6275286048292,0.999626430124647
"Sst-9","WDR48",-0.188965472690617,0.170281320795166,0.267117460566944,-0.522710728689054,0.14477978330782,5,0.0558053567878227,40.179508947999,0.999626430124647
"Sst-9","ZC3H13",-0.0447710405129782,0.141828045804716,0.752252029405629,-0.322748902287918,0.233206821261961,5,0.0492446440835316,52.3981665095095,0.999626430124647
"Sst-9","MT-ND5",-0.192084486525492,0.358841277633257,0.592448686997459,-0.895400466853014,0.51123149380203,5,0.414434669501169,68.287952291265,0.999626430124647
"Sst-9","CLDND1",0.0291771946755968,0.259695130357026,0.910544534409072,-0.479815907784608,0.538170297135801,5,0.191658306233806,61.7469745047831,0.999626430124647
"Sst-9","FEZ1",0.182073470251583,0.144831354166229,0.208702490936452,-0.101790767746392,0.465937708249557,5,0.0349962717622373,33.6380309512017,0.999626430124647
"Sst-9","SAP18",0.427042836610522,0.226110958877623,0.0589397066549846,-0.0161264992994362,0.870212172520481,5,0.0854006276769519,34.1274759664841,0.999626430124647
"Sst-9","LRFN2",0.0173405109357778,0.161372564503504,0.914426931937095,-0.298943903583957,0.333624925455513,5,0.0668241634925917,55.21670924597,0.999626430124647
"Sst-9","PHACTR1",-0.0904835314046437,0.112850349120079,0.422668035869062,-0.311666151322769,0.130699088513482,5,0.0409886663542487,68.4769381525616,0.999626430124647
"Sst-9","OVCH1",-0.146591343595919,0.217124452325296,0.499581143700371,-0.572147450316483,0.278964763124644,5,0.089185844048187,39.8167456467084,0.999626430124647
"Sst-9","CCSER1",-0.0386484771434311,0.103332603686529,0.708389316133046,-0.241176658797778,0.163879704510916,5,0.0287969489283377,57.2881324712601,0.999626430124647
"Sst-9","GBE1",0.279582446416199,0.187593176134938,0.136128090498017,-0.0880934225537581,0.647258315386156,5,0.04247823401721,22.9068954961077,0.999626430124647
"Sst-9","NACA",0.24338271726814,0.212657521337134,0.252423775342228,-0.173418365594201,0.660183800130481,5,0.0739132058360995,33.1411938142136,0.999626430124647
"Sst-9","CYCS",0.123602150107803,0.350633186296197,0.724454867342745,-0.563626266817266,0.810830567032872,5,0.393195490648443,68.8366638000482,0.999626430124647
"Sst-9","MT3",0.330661383311398,0.35312172785214,0.349069905344978,-0.361444485437351,1.02276725206015,5,0.403208560293228,68.7928607806888,0.999626430124647
"Sst-9","DHX40",0.417622894364655,0.245608700127088,0.0890634719806049,-0.0637613121741357,0.899007100903447,5,0.154792988162731,54.979172721208,0.999626430124647
"Sst-9","STMN2",0.170455639877914,0.0828452209153173,0.0396363016119043,0.00808199059262751,0.3328292891632,5,0,0,0.999626430124647
"Sst-9","RNF34",0.140149198779814,0.205495960298187,0.495236015790459,-0.262615482373105,0.542913879932733,5,0.114017046586498,58.4236209712077,0.999626430124647
"Sst-9","FAM184A",0.2608396352167,0.0976995462803648,0.00758932316585847,0.069352043201281,0.452327227232119,5,0,0,0.999626430124647
"Sst-9","KAT2A",-0.110642598583506,0.238995420043151,0.643401200018026,-0.579065014338105,0.357779817171092,5,0.169132806075876,62.3813942583191,0.999626430124647
"Sst-9","ASPHD1",0.372750513914107,0.259368883932922,0.150676995043015,-0.13560315730477,0.881104185132983,5,0.196863013075603,62.9325824814168,0.999626430124647
"Sst-9","ADD3",-0.0727446694076732,0.13199009849964,0.581539542542442,-0.331440508782863,0.185951169967516,5,0.0331263725553871,39.2594038742517,0.999626430124647
"Sst-9","SLC35F3",0.0692592845056288,0.217608332593299,0.750276372516529,-0.357245210113052,0.495763779124309,5,0.186828853559359,81.7195942195956,0.999626430124647
"Sst-9","BCKDHB",-0.282545118840425,0.171972184142833,0.100389165151486,-0.619604406103068,0.0545141684222181,5,0.0755685198298982,54.3459401468945,0.999626430124647
"Sst-9","CLPTM1",-0.0559248994612061,0.239130686043829,0.815087832678494,-0.524612431705466,0.412762632783054,5,0.170893082201601,64.116789002334,0.999626430124647
"Sst-9","PSPC1",-0.130799445068719,0.13456646970613,0.331047455999616,-0.394544879219433,0.132945989081995,5,0.0512417246486526,61.0961901884641,0.999626430124647
"Sst-9","EFNA5",-0.106065578070087,0.15013575133105,0.479899323678599,-0.400326243470805,0.188195087330632,5,0.070347889951133,64.6721039366132,0.999626430124647
"Sst-9","CDC42SE1",0.506100195075571,0.238969769635989,0.0341884580185849,0.0377280531951998,0.974472336955942,5,0.149940077567937,57.1169884995817,0.999626430124647
"Sst-9","NUBPL",0.0676687618746168,0.19707633005916,0.731325230960483,-0.318593747246665,0.453931270995898,5,0.124582220412951,69.2771950798948,0.999626430124647
"Sst-9","RING1",0.0997036671124512,0.228143643212426,0.662095787791185,-0.34744965688566,0.546856991110562,5,0.110362124056234,44.6525653858349,0.999626430124647
"Sst-9","PARK7",0.175254455495719,0.316485511125935,0.579748645662041,-0.445045747939865,0.795554658931303,5,0.302161947199104,63.4148470538829,0.999626430124647
"Sst-9","SPOCK2",0.0976722076497266,0.129458133631495,0.450567379327575,-0.156061071773778,0.351405487073231,5,0.0253416301021368,30.4166307623342,0.999626430124647
"Sst-9","NDUFS5",0.223622394255135,0.306040970314215,0.464965894592018,-0.376206885354418,0.823451673864687,5,0.292569035042027,66.5033286421807,0.999626430124647
"Sst-9","TSPYL1",-0.321834486651944,0.206044346198144,0.118295743289951,-0.725673984418408,0.0820050111145202,5,0.117883727083165,57.7273352548223,0.999626430124647
"Sst-9","TTC39B",-0.10245849526482,0.135689491627306,0.450191812416401,-0.36840501193489,0.16348802140525,5,0.0398291377500063,45.2871313644879,0.999626430124647
"Sst-9","RPL14",0.191078727196229,0.146195273911238,0.191209217136262,-0.0954587443797659,0.477616198772223,5,0.0102622995170816,8.80921615214387,0.999626430124647
"Sst-9","GRK3",-0.112703716913518,0.0751567415853442,0.133722644036722,-0.260008223616177,0.0346007897891403,5,7.27576471479999e-06,0.0218680087366198,0.999626430124647
"Sst-9","STK40",-0.0810445451694469,0.335598651464759,0.809173456739282,-0.738805815300584,0.57671672496169,5,0.380594064373425,72.5418687050248,0.999626430124647
"Sst-9","OSBPL8",0.0450619750053315,0.14001059541452,0.747568687964653,-0.229353749461136,0.319477699471799,5,0.0607017841218876,65.929233507844,0.999626430124647
"Sst-9","BEX3",0.0186983904623201,0.189697861886249,0.921480225385807,-0.353102586778981,0.390499367703622,5,0.0860002263530854,49.6347728350807,0.999626430124647
"Sst-9","RPL7L1",0.205512660253309,0.212195355668789,0.33279128845797,-0.210382594544185,0.621407915050803,5,0.0854210040290558,39.7132910351181,0.999626430124647
"Sst-9","CCDC47",0.236595712745651,0.206479223823331,0.25185422800789,-0.168096129503862,0.641287554995164,5,0.0731083842877257,35.1267547682189,0.999626430124647
"Sst-9","IGSF3",-0.0720175859134024,0.218350301388826,0.741531511792514,-0.499976312648968,0.355941140822163,5,0.0968201819573431,42.4596030725375,0.999626430124647
"Sst-9","MRPL1",-0.181658785961593,0.160955614042785,0.259055388511779,-0.497125992594982,0.133808420671796,5,0.0274030596042765,20.0780472741423,0.999626430124647
"Sst-9","SH3RF3",0.12864794105097,0.14558770575704,0.37688753485043,-0.156698718824643,0.413994600926582,5,0.0500974675646577,48.9913289910806,0.999626430124647
"Sst-9","RNPS1",0.0933304911658322,0.194007116084822,0.630468625129205,-0.286916469104901,0.473577451436565,5,0.100114255463289,56.6322170513947,0.999626430124647
"Sst-9","ZNF25",0.000210771841737772,0.200341131408663,0.999160573936221,-0.392450630341248,0.392872174024723,5,0.123495463853123,66.1890302152434,0.999626430124647
"Sst-9","CAMK2A",-0.0135445603421921,0.15891814285023,0.932078705744962,-0.325018396818635,0.297929276134251,5,0.0661951123569904,56.2624013847338,0.999626430124647
"Sst-9","LINC01505",-0.199881100065057,0.246342418381052,0.417138651680476,-0.682703367956417,0.282941167826303,5,0.164394113904987,59.5652502137942,0.999626430124647
"Sst-9","TMEM178A",-0.12728493357867,0.171407174205142,0.457731074975094,-0.463236821712531,0.208666954555191,5,0.0976519589639167,70.1568429101059,0.999626430124647
"Sst-9","FMN1",-0.0944811144331695,0.157636924525707,0.548933490482514,-0.403443809137214,0.214481580270875,5,0.0609093932732057,52.2399730996283,0.999626430124647
"Sst-9","BAZ2B",-0.172427661421519,0.157267456189068,0.272904814092171,-0.480666211492323,0.135810888649284,5,0.0791026520642333,68.260109263462,0.999626430124647
"Sst-9","RIMS3",0.153459900868941,0.269893570029841,0.569631606248779,-0.375521776048486,0.682441577786367,5,0.272264277243087,79.5307383790059,0.999626430124647
"Sst-9","TRAF3",0.15351276853573,0.149715728880311,0.305192570916801,-0.139924667988844,0.446950205060304,5,0.0527441115194396,49.0751321537117,0.999626430124647
"Sst-9","PLXNA4",-0.0569388949687684,0.21026732045548,0.786550330101109,-0.469055270187251,0.355177480249714,5,0.168912497122643,78.2088406992537,0.999626430124647
"Sst-9","COX7C",0.149582579248096,0.259189313853295,0.563860368897134,-0.35841914108201,0.657584299578202,5,0.180754448176963,57.4121337702507,0.999626430124647
"Sst-9","CRB1",-0.133515260271878,0.16600499330196,0.421232627298681,-0.458879068397532,0.191848547853775,5,0.0860992333258052,68.263588503772,0.999626430124647
"Sst-9","KIF16B",-0.0388080875644955,0.183943531135534,0.832904229484784,-0.399330783779265,0.321714608650274,5,0.089806975566292,56.5968143321276,0.999626430124647
"Sst-9","PDXDC1",0.172577110700839,0.244759238477178,0.480754688867107,-0.307142181597881,0.652296402999558,5,0.216282993177667,76.0494630604716,0.999626430124647
"Sst-9","PRMT2",0.167470394888203,0.173522160342136,0.33448272633746,-0.172626789901968,0.507567579678375,5,0.0808169466086343,58.156252150539,0.999626430124647
"Sst-9","ZNF708",0.312551232986808,0.159382033441094,0.049876779342115,0.000168187659504604,0.624934278314111,5,0.0505939602843809,41.5838987350631,0.999626430124647
"Sst-9","ITM2C",0.203749269351466,0.255933125251051,0.425971851461322,-0.297870438591372,0.705368977294305,5,0.189838280425393,62.8600066183778,0.999626430124647
"Sst-9","SLC6A15",0.0894434710373252,0.23579244168997,0.704441803960832,-0.372701222501776,0.551588164576427,5,0.187207290340636,71.7223949077791,0.999626430124647
"Sst-9","RAPGEF5",-0.119709503109126,0.0718588015719487,0.0957335399713207,-0.260550166162355,0.0211311599441041,5,0.00347308626011718,11.390416616021,0.999626430124647
"Sst-9","NUCKS1",-0.0532852304399214,0.171352052462401,0.755823948715241,-0.389129081943245,0.282558621063402,5,0.0935219033348081,68.0308294036842,0.999626430124647
"Sst-9","TENM3",-0.0477108451946806,0.104225377617273,0.647120489465478,-0.251988831599623,0.156567141210262,5,0.0339756098363656,66.3501158208933,0.999626430124647
"Sst-9","YLPM1",-0.0774138927656628,0.122308370144254,0.526772649365149,-0.317133893256194,0.162306107724869,5,0.0354120600589073,50.0338835251799,0.999626430124647
"Sst-9","ZNF362",-0.158155962326044,0.206291905509049,0.443283086293307,-0.56248066742592,0.246168742773831,5,0.0803893006523459,38.9934729295013,0.999626430124647
"Sst-9","FTL",0.207363634920592,0.237708144201978,0.383019911166372,-0.258535766547138,0.673263036388322,5,0.154413688003639,55.9597432154837,0.999626430124647
"Sst-9","CDH8",-0.0900959270594945,0.182549721859151,0.62162977845752,-0.447886807291236,0.267694953172247,5,0.0906222537294518,58.2108503008927,0.999626430124647
"Sst-9","SPG11",-0.0287665100046552,0.134192103087613,0.83025999368617,-0.291778199066063,0.234245179056753,5,0.0396494783554028,46.3069787809836,0.999626430124647
"Sst-9","USP24",-0.117806479663022,0.183771821973859,0.521491777686794,-0.477992632105092,0.242379672779047,5,0.114395981099021,72.9633972626874,0.999626430124647
"Sst-9","PPP1R16B",0.164687198025317,0.149621057425448,0.271029282793596,-0.12856468585736,0.457939081907994,5,0.0476180764599471,44.276020178689,0.999626430124647
"Sst-9","TMEM135",-0.0419978524448696,0.213861904082512,0.844314023720474,-0.461159482111754,0.377163777222014,5,0.171759325243137,79.4593391774454,0.999626430124647
"Sst-9","TDG",0.259517473351442,0.19334172898627,0.179507342382919,-0.119425352170351,0.638460298873235,5,0.0711255732790563,39.4411595285082,0.999626430124647
"Sst-9","WDSUB1",-0.106442881724846,0.120207624975518,0.375891370714891,-0.34204549734396,0.129159733894267,5,0.0199986904612912,26.8843849755147,0.999626430124647
"Sst-9","AGL",-0.0750854058848758,0.191245908286476,0.694606201284047,-0.449920498317019,0.299749686547268,5,0.0958308565976547,56.6382176063102,0.999626430124647
"Sst-9","TRNT1",0.178342594997647,0.195710964893848,0.362161031616951,-0.205243847573879,0.561929037569172,5,0.0719648867318444,38.6211069440905,0.999626430124647
"Sst-9","KIAA0513",0.3343071811572,0.168967306224688,0.0478687497444487,0.0031373463920612,0.665477015922339,5,0.0754844351766312,55.226795074236,0.999626430124647
"Sst-9","DNAJC21",-0.152838642366975,0.169377544871477,0.366868418282331,-0.484812530104888,0.179135245370937,5,0.0526860738084964,37.4987149544149,0.999626430124647
"Sst-9","CCT4",0.151895173635401,0.194490996373664,0.434809433524854,-0.229300174574291,0.533090521845093,5,0.0782961619638457,43.9007875138015,0.999626430124647
"Sst-9","ATRNL1",-0.0993854749473309,0.111386629356609,0.372255315816108,-0.317699256845597,0.118928306950935,5,0.0371195324739113,63.404350446635,0.999626430124647
"Sst-9","THOC2",-0.0888449554250176,0.120849044432233,0.462234135879069,-0.325704730078274,0.148014819228239,5,0.0215064825948268,28.9136194396459,0.999626430124647
"Sst-9","MOAP1",0.208214499627173,0.194475603256985,0.284328694442818,-0.172950678628217,0.589379677882564,5,0.0355384167750499,17.836845447168,0.999626430124647
"Sst-9","ZNF565",0.357739122299132,0.283230297881853,0.206564747497158,-0.197382060879851,0.912860305478114,5,0.273525671223813,72.3659084719004,0.999626430124647
"Sst-9","CEP128",0.0358843420971111,0.296708448409659,0.903737431801461,-0.545653530694581,0.617422214888804,5,0.259799476885408,62.9291413718511,0.999626430124647
"Sst-9","BTBD2",-0.234201533983081,0.174939467389563,0.180649612043533,-0.577076589541244,0.108673521575081,5,0.0360787696832806,22.9848707210724,0.999626430124647
"Sst-9","DDX24",0.0463716146092819,0.139283464783161,0.739187282199969,-0.226618960007667,0.319362189226231,5,0.0500027189986858,53.3721330358742,0.999626430124647
"Sst-9","GLB1",0.0979446538963177,0.201811612246981,0.627444302029077,-0.297598837769727,0.493488145562363,5,0.112500363967139,58.686005707408,0.999626430124647
"Sst-9","SEC61A2",0.257442419062407,0.25698287467507,0.316445883196402,-0.2462347599443,0.761119598069115,5,0.224755991644062,72.8102683439156,0.999626430124647
"Sst-9","ABHD18",-0.181779771703105,0.12678078350492,0.151626003037775,-0.430265541304517,0.0667059978983068,5,0.0245509316120484,30.412025114291,0.999626430124647
"Sst-9","EIF1B",0.189384618489557,0.177961355437226,0.287242830517362,-0.159413228807337,0.538182465786451,5,0.036566990562585,22.4009205205667,0.999626430124647
"Sst-9","CACUL1",-0.25274939173725,0.121405695921763,0.0373554628334817,-0.490700183261926,-0.0147986002125742,5,0.0172085032753057,22.1866158151717,0.999626430124647
"Sst-9","RPL27",0.308693461095705,0.209893907383317,0.141369054645647,-0.102691037949982,0.720077960141391,5,0.0409111166159185,17.9400927652093,0.999626430124647
"Sst-9","CES4A",0.146725446005967,0.293603458921767,0.617258035131158,-0.428726759217082,0.722177651229016,5,0.278782475038825,70.3854308067428,0.999626430124647
"Sst-9","ATPAF1",-0.00980421964315522,0.222714100334884,0.964887227033041,-0.446315835148767,0.426707395862457,5,0.157274759707383,67.3250968854436,0.999626430124647
"Sst-9","LIN7C",0.0276882484235407,0.362526654167287,0.939120154661237,-0.68285093718015,0.738227434027231,5,0.442198286927203,72.0332543303005,0.999626430124647
"Sst-9","MYRFL",0.900868948489762,0.640952312933224,0.159867794114608,-0.355374500667002,2.15711239764653,5,1.70835796536291,87.9568497460294,0.999626430124647
"Sst-9","OLFM1",0.12216735900236,0.191958004463975,0.524497800738141,-0.254063416291209,0.498398134295929,5,0.0603014753898014,32.9441652768231,0.999626430124647
"Sst-9","KIAA0586",-0.187192022118954,0.198830460066222,0.346466351796548,-0.576892562878278,0.202508518640371,5,0.116966249418655,63.656176346465,0.999626430124647
"Sst-9","SNTG1",-0.0909858104252434,0.0786970054798655,0.24761841703855,-0.245229106856931,0.0632574860064443,5,0.0103193333623394,34.2105931122494,0.999626430124647
"Sst-9","VPS37A",-0.235102266446481,0.170599626120362,0.16817436681534,-0.569471389418389,0.0992668565254267,5,0.0504378621014753,35.3784291666353,0.999626430124647
"Sst-9","EIF3E",-0.120105141954812,0.185380244474817,0.517059115927293,-0.483443744570683,0.243233460661059,5,0.0726845634350826,44.6708897830194,0.999626430124647
"Sst-9","MLLT10",-0.0882894127184822,0.0920691074555691,0.33758534546494,-0.268741547420146,0.0921627219831813,5,0.0119119949531103,27.1195335012799,0.999626430124647
"Sst-9","SNPH",-0.140176214655687,0.133578767522246,0.293998687003933,-0.401985788098538,0.121633358787164,5,0.0152678576183598,16.1624064555096,0.999626430124647
"Sst-9","CISD1",0.120435766645411,0.144707912830214,0.405257683100023,-0.16318653077977,0.404058064070592,5,0.0306745644765801,29.2055640940721,0.999626430124647
"Sst-9","CEP78",-0.174520131517366,0.163159672580918,0.284786849405101,-0.494307213505313,0.14526695047058,5,0.0285466579437934,20.1089236966251,0.999626430124647
"Sst-9","ANKRD36B",-0.266118121210326,0.206350766918771,0.197175818508089,-0.670558192553337,0.138321950132684,5,0.121799587502584,62.2037321825809,0.999626430124647
"Sst-9","ROBO2",0.00612139071283613,0.11475520413001,0.957458593113324,-0.218794676420525,0.231037457846197,5,0.0483580289706007,77.9532987301957,0.999626430124647
"Sst-9","SCG2",0.138236942570935,0.242076997914423,0.567968906213275,-0.336225254826912,0.612699139968783,5,0.137083496874458,48.8708696942303,0.999626430124647
"Sst-9","ATP8A1",-0.049557332685118,0.135833360890392,0.715231452850023,-0.315785827929318,0.216671162559082,5,0.0567881790495049,66.5851256918183,0.999626430124647
"Sst-9","EIF2S2",0.293062585652961,0.209808173436212,0.162470096564256,-0.118153877944147,0.70427904925007,5,0.0801839349124141,37.2230359967178,0.999626430124647
"Sst-9","AHR",0.779761001053829,0.407013155497395,0.0553889316478614,-0.0179701249550654,1.57749212706272,5,0.599516375726333,78.1254678482482,0.999626430124647
"Sst-9","SRP14",0.04946480361152,0.282911879060301,0.861203994103105,-0.505032290145221,0.603961897368261,5,0.220006186872073,56.8552040387015,0.999626430124647
"Sst-9","PHYHIP",-0.167008282801524,0.19551879467914,0.393005153133629,-0.550218078673319,0.216201513070272,5,0.0648795859132604,35.4980797374565,0.999626430124647
"Sst-9","CALD1",0.0329885413957271,0.149554305028747,0.825420241675108,-0.260132510193535,0.32610959298499,5,0.0545028747496353,50.9978730990472,0.999626430124647
"Sst-9","PAK5",-0.165876611250701,0.0952520499308319,0.0816048611019594,-0.352567198568742,0.0208139760673403,5,0.0176270577951445,40.0469804980995,0.999626430124647
"Sst-9","OBSL1",0.244012220858984,0.262479834502475,0.352556587175422,-0.270438801433902,0.75846324315187,5,0.199927837617561,62.3100386209209,0.999626430124647
"Sst-9","CREG1",0.263968234551472,0.138722770885827,0.0570604877728868,-0.00792340022034982,0.535859869323295,5,0,0,0.999626430124647
"Sst-9","VRK1",-0.166785043064351,0.272031014865634,0.539803347120808,-0.699956034878874,0.366385948750171,5,0.209271071337206,61.2283515381644,0.999626430124647
"Sst-9","N4BP2",-0.0709071394953238,0.248554580738799,0.775431210049846,-0.558065165935823,0.416250886945175,5,0.16882659052704,58.5192744732796,0.999626430124647
"Sst-9","KCNIP1",-0.0311531801086596,0.128506670834144,0.808451163671805,-0.283021626716726,0.220715266499407,5,0.0439293339939602,57.9371585303313,0.999626430124647
"Sst-9","GTF2F2",0.0527030034671418,0.261209205997248,0.840100061571526,-0.459257632717769,0.564663639652052,5,0.227164603153646,71.0687321679567,0.999626430124647
"Sst-9","ZNF254",-0.2048485616494,0.123110981661486,0.0961255976421878,-0.446141651807284,0.036444528508484,5,0.0148168701565645,17.7151583584972,0.999626430124647
"Sst-9","RSRC1",-0.0529170378678444,0.107299185737981,0.621890508323259,-0.263219577484761,0.157385501749072,5,0.0139454417486077,22.0044531676136,0.999626430124647
"Sst-9","SPAG1",0.187283064870742,0.277366278250015,0.499536444992833,-0.356344851025203,0.730910980766687,5,0.244212738987923,68.7392051941385,0.999626430124647
"Sst-9","CTDSPL2",-0.0558297962274353,0.165056531073654,0.735177426342176,-0.379334652544913,0.267675060090042,5,0.0638513780882624,50.9327666262879,0.999626430124647
"Sst-9","STRADB",0.464454967471813,0.285692889298269,0.104010482380991,-0.0954928061919832,1.02440274113561,5,0.225464596429182,60.4005306595142,0.999626430124647
"Sst-9","ALDH1L2",0.0643701243195785,0.217767948570557,0.767542873292864,-0.362447211865884,0.491187460505041,5,0.105830537822212,47.7570237255428,0.999626430124647
"Sst-9","SYNPR",-0.0604523318019041,0.091091144861141,0.506916501758888,-0.238987695040261,0.118083031436453,5,0.0214151565278894,53.9590155468938,0.999626430124647
"Sst-9","TTC28",0.0652754653031486,0.164763994111249,0.691975530131811,-0.257656029103868,0.388206959710166,5,0.0767473911732916,59.9650521290066,0.999626430124647
"Sst-9","MTMR7",0.00504912300105844,0.160498651443958,0.974903509454979,-0.309522453396346,0.319620699398463,5,0.0852178521867775,70.1459196703273,0.999626430124647
"Sst-9","RPL35A",0.186093079056419,0.268883938336925,0.488878022330825,-0.340909756105243,0.713095914218081,5,0.188249205507766,54.4541042267479,0.999626430124647
"Sst-9","PLXNC1",0.0343319873747222,0.17539618140819,0.844813947494749,-0.309438211211183,0.378102185960628,5,0.0889700896169125,61.9878228003226,0.999626430124647
"Sst-9","GPALPP1",-0.0513908908655641,0.145150705191609,0.723299947628775,-0.335881045371709,0.23309926364058,5,0.0499478115824564,49.7029596488778,0.999626430124647
"Sst-9","PDE4B",-0.193922984064601,0.141922854888574,0.171814343681091,-0.472086668229309,0.0842407001001079,5,0.0323198165875526,33.0613117928599,0.999626430124647
"Sst-9","UBAC2",-0.121155511332514,0.108257811751987,0.2630809538221,-0.333336923411525,0.0910259007464966,5,0.0105116504200306,15.8984725325646,0.999626430124647
"Sst-9","NARS2",-0.238260420392474,0.238741500887952,0.318286665589768,-0.706185163747898,0.22966432296295,5,0.173768590875212,65.4591038359409,0.999626430124647
"Sst-9","CDK5R1",-0.161976688557389,0.172643615066875,0.348134350178741,-0.500351956249262,0.176398579134483,5,0.039469560920231,26.4710475036525,0.999626430124647
"Sst-9","MAGED1",-0.137079122467339,0.165761694215996,0.408256889335143,-0.461966073147031,0.187807828212354,5,0.0842978141674387,65.886957343147,0.999626430124647
"Sst-9","YWHAH",-0.0689485976329253,0.217975286268136,0.75176431488547,-0.49617230823828,0.358275112972429,5,0.124691919190411,56.089832307714,0.999626430124647
"Sst-9","MAGI3",-0.147793784264889,0.169922116712856,0.384424099356953,-0.480835013198899,0.185247444669121,5,0.0580313381887779,41.610813751807,0.999626430124647
"Sst-9","XPO7",-0.10130183378434,0.180674295853008,0.575010535207842,-0.455416946588371,0.252813279019691,5,0.0951152279999787,63.035093262164,0.999626430124647
"Sst-9","BEX2",0.108736559227276,0.217806549745322,0.617614143202073,-0.318156433870487,0.535629552325039,5,0.130975444179824,57.9143139596185,0.999626430124647
"Sst-9","MT-CYB",-0.308913184486086,0.26286306058234,0.239920012125827,-0.824115316093443,0.206288947121271,5,0.179350892174659,55.0531365666187,0.999626430124647
"Sst-9","PTS",0.333307377181395,0.245704597402239,0.174928371579419,-0.148264784562907,0.814879538925698,5,0.164067380129906,57.5064384355047,0.999626430124647
"Sst-9","PDK2",0.177444386817497,0.298844843275155,0.552667559028827,-0.408280742967323,0.763169516602318,5,0.23625342464031,56.0414004999538,0.999626430124647
"Sst-9","OGDH",-0.109336509965184,0.0946218297384818,0.247881469162619,-0.294791888403889,0.0761188684735215,5,0.00208857216638465,3.56712606509538,0.999626430124647
"Sst-9","ZNF862",0.153828396906067,0.357235377173155,0.666753452578933,-0.546340076356898,0.853996870169032,5,0.497623252083921,81.9076838334512,0.999626430124647
"Sst-9","CCDC102B",-0.117120747992101,0.236629714398513,0.62063281728858,-0.580906465885186,0.346664969900984,5,0.108242368677584,40.5219967836633,0.999626430124647
"Sst-9","ADNP2",-0.267786427901352,0.115052150637695,0.0199374920073789,-0.493284499495111,-0.0422883563075932,5,3.6504919039071e-07,0.000417408766049148,0.999626430124647
"Sst-9","RSPO3",-0.111226031712014,0.170891951873906,0.515139524302933,-0.446168102632622,0.223716039208593,5,0.0617063908968963,44.7603261548013,0.999626430124647
"Sst-9","TRANK1",-0.0439964634378717,0.0997282510465021,0.659094641422662,-0.239460243730185,0.151467316854441,5,0.0162192299231636,32.6893355161969,0.999626430124647
"Sst-9","THRB",-0.0884960455661789,0.102512621645376,0.387989170332569,-0.289417091951897,0.112425000819539,5,0.0294277134261656,58.5104017621387,0.999626430124647
"Sst-9","BRCC3",-0.0876113809669215,0.226350665483772,0.698711487253243,-0.531250533191788,0.356027771257945,5,0.136185083043662,56.0525665056076,0.999626430124647
"Sst-9","TSEN2",-0.0608402451863899,0.192886369194174,0.752442678735297,-0.438890581915666,0.317210091542886,5,0.108467003508518,63.1134303047695,0.999626430124647
"Sst-9","MCF2L2",-0.10422837507725,0.0695458959288511,0.133951697480948,-0.240535826370369,0.0320790762158693,5,0.0020139421990407,6.28754743870879,0.999626430124647
"Sst-9","ZER1",-0.083276443001715,0.130935259603498,0.524768368309162,-0.339904836130973,0.173351950127543,5,0.0344304416607319,41.4559428452397,0.999626430124647
"Sst-9","EXOSC6",-0.0695169406584212,0.290539543983679,0.810897443408077,-0.638963982951123,0.49993010163428,5,0.248373383826939,63.8957052265071,0.999626430124647
"Sst-9","TIAL1",-0.212467296465895,0.153011060097089,0.164962096025382,-0.512363463492482,0.0874288705606931,5,0.0489886820560574,44.1940268385234,0.999626430124647
"Sst-9","EPB41L2",-0.0641517688488421,0.0932232896909928,0.49135723213667,-0.246866059163532,0.118562521465848,5,0.0170137392204854,40.5673681976609,0.999626430124647
"Sst-9","BAZ2A",-0.00841948289785117,0.195543106903483,0.965656164416798,-0.391676929853744,0.374837964058042,5,0.103615946026721,57.9351893215325,0.999626430124647
"Sst-9","PODXL2",-0.104614395138066,0.0882722185272787,0.235964525034469,-0.277624764286981,0.0683959740108494,5,1.9249468866858e-06,0.00340538135389799,0.999626430124647
"Sst-9","RPL15",0.184594192961559,0.280479314570153,0.510449235869581,-0.365135162004421,0.734323547927539,5,0.275254880867124,72.5491021935543,0.999626430124647
"Sst-9","AASDHPPT",-0.17255922728613,0.242825187764015,0.477312618182325,-0.648487849842776,0.303369395270516,5,0.175095955359769,65.787471687744,0.999626430124647
"Sst-9","USP30",0.0541778447356542,0.253783379036026,0.830952067967308,-0.443228438049834,0.551584127521142,5,0.17856876948125,59.1593096173653,0.999626430124647
"Sst-9","SCMH1",-0.0106046655939979,0.100672465450526,0.916107379106206,-0.207919072111881,0.186709740923885,5,0.0198422989209684,40.4636070609087,0.999626430124647
"Sst-9","PDSS1",-0.132078394096506,0.253828202705003,0.602822703169616,-0.629572529658844,0.365415741465832,5,0.155278310580179,51.6522755125313,0.999626430124647
"Sst-9","SUPT3H",-0.0855184978984381,0.102327746031926,0.403306095397973,-0.286077194740174,0.115040198943298,5,0.021761439078385,42.7778508716135,0.999626430124647
"Sst-9","LRP2BP",0.0547411021180264,0.212011253187286,0.796253298507323,-0.360793318446256,0.470275522682309,5,0.123886201291079,59.6043382855693,0.999626430124647
"Sst-9","JDP2",-0.287424426819312,0.448082788458824,0.521227860051824,-1.16565055429089,0.590801700652263,5,0.83306822524201,87.8473961525029,0.999626430124647
"Sst-9","MSH4",0.238578613779968,0.156582171926939,0.127592674155584,-0.0683168038178903,0.545474031377826,5,1.01468087579962e-06,0.000643924471811283,0.999626430124647
"Sst-9","SNX29",-0.074261666476537,0.106638074030179,0.486184752428793,-0.283268450956404,0.13474511800333,5,0.012231779909719,19.5869051067539,0.999626430124647
"Sst-9","NAV3",-0.00325469902973537,0.124619360333603,0.979163920388636,-0.247504157060017,0.240994759000547,5,0.0438210632552229,60.1938902947538,0.999626430124647
"Sst-9","SLC9A6",-0.0380400498332277,0.204254985337189,0.85225808761075,-0.438372464756874,0.362292365090419,5,0.119229319800254,61.6238634507364,0.999626430124647
"Sst-9","PKN2",-0.0562274327134144,0.0994002237836418,0.571620129095648,-0.251048291384574,0.138593425957745,5,0.0146520656784258,29.6693913867088,0.999626430124647
"Sst-9","RNF13",-0.174539126143728,0.192273626738005,0.364002785809751,-0.551388509727115,0.202310257439659,5,0.116617536839986,67.928833745481,0.999626430124647
"Sst-9","CCDC85B",0.251826395905624,0.293736910485433,0.391268306949008,-0.323887369575891,0.827540161387139,5,0.212720957974376,52.8564339574004,0.999626430124647
"Sst-9","GDI1",-0.108831462151461,0.147365539739294,0.460202377496094,-0.397662612602784,0.179999688299862,5,0.0287045249935321,26.4252558448966,0.999626430124647
"Sst-9","TNRC6B",-0.0629713277351774,0.0689297627021529,0.360949208249459,-0.198071180094289,0.0721285246239346,5,0.0049586185109824,19.3919608288535,0.999626430124647
"Sst-9","AK3",-0.275427259793771,0.163124230596267,0.0913246998287956,-0.595144876768262,0.0442903571807194,5,0.0523826346684518,40.9866660895778,0.999626430124647
"Sst-9","RBM26",-0.112843367593428,0.0678258045343574,0.0961677488478095,-0.245779501703222,0.0200927665163663,5,2.31223751227215e-06,0.00728960512373051,0.999626430124647
"Sst-9","CADM1",-0.140698150495206,0.189821405917604,0.458564121097621,-0.512741269588467,0.231344968598056,5,0.139820850343635,81.5033214446362,0.999626430124647
"Sst-9","SDCCAG8",-0.25771207975018,0.152128364347459,0.0902570011534592,-0.555878194898186,0.0404540353978264,5,0.0652668950078289,60.3424912246497,0.999626430124647
"Sst-9","PCDH15",0.175050455025158,0.241482850111145,0.468514557260148,-0.29824723407677,0.648348144127086,5,0.186667293994055,67.5824180064538,0.999626430124647
"Sst-9","DCAF6",0.0774989186781679,0.163133850205472,0.634741797153666,-0.242237552383909,0.397235389740245,5,0.0749605280402518,61.1563242371433,0.999626430124647
"Sst-9","FLYWCH1",-0.0108948590560123,0.189092532434167,0.954054067815588,-0.381509412372452,0.359719694260427,5,0.0687663106528379,39.4869948279265,0.999626430124647
"Sst-9","SRP72",-0.165864684055892,0.159171583077673,0.297388684834006,-0.477835254250355,0.146105886138572,5,0.0266886073347775,20.6377274726489,0.999626430124647
"Sst-9","ATP1B1",0.0501031722575481,0.108806964035651,0.64517342904636,-0.163154558519473,0.263360903034569,5,0.0255706010393375,45.5832421217006,0.999626430124647
"Sst-9","CGGBP1",0.444206714462754,0.266546570948565,0.0956087509768888,-0.0782149647990847,0.966628393724592,5,0.204098329358085,59.4572194991319,0.999626430124647
"Sst-9","HNRNPH3",-0.00238234218846712,0.175338176615454,0.989159374167511,-0.34603885346968,0.341274169092746,5,0.0767357625251284,53.1309868607812,0.999626430124647
"Sst-9","REPS2",0.0416571310708184,0.134955890830098,0.757570896697154,-0.222851554457694,0.306165816599331,5,0.0511000540438712,59.9159446625572,0.999626430124647
"Sst-9","RNF208",-0.274525282009176,0.313245690049028,0.38081824067595,-0.888475552817667,0.339424988799314,5,0.256318629980655,55.0957122988796,0.999626430124647
"Sst-9","SNRNP70",0.100935260118281,0.151531002986225,0.505345248420475,-0.196060048275951,0.397930568512514,5,0.068073930857765,63.4355011708459,0.999626430124647
"Sst-9","NOP56",0.163555350881224,0.16283166491421,0.315164467170718,-0.155588847893322,0.48269954965577,5,0.0195312067328852,13.4551990454941,0.999626430124647
"Sst-9","NEFL",0.187969035772906,0.209876371436068,0.370456870377737,-0.223381093447739,0.599319164993551,5,0.0912414895805491,43.9909289653288,0.999626430124647
"Sst-9","TOMM70",-0.135844073879838,0.103600082530651,0.189778316875227,-0.338896504435291,0.0672083566756146,5,5.66262252607202e-06,0.00748122437384299,0.999626430124647
"Sst-9","FRMD5",-0.108005021398298,0.0928425817349408,0.244702362262191,-0.289973137830498,0.0739630950339026,5,0.0211659392935857,52.5931917205586,0.999626430124647
"Sst-9","TMED4",0.260195966107809,0.140679194054867,0.0643756021673721,-0.0155301876138524,0.53592211982947,5,0,0,0.999626430124647
"Sst-9","METTL9",-0.255006233788388,0.141625063986245,0.0717702442437926,-0.532586258509609,0.0225737909328327,5,0,0,0.999626430124647
"Sst-9","CCS",0.137234183311634,0.368830364240172,0.70983372801424,-0.585660047003892,0.86012841362716,5,0.49716292270257,78.0061690043285,0.999626430124647
"Sst-9","ZXDC",0.153775785779906,0.163669213981682,0.347447255451006,-0.16700997900217,0.474561550561983,5,0.0440480289059091,32.7494922903039,0.999626430124647
"Sst-9","PSMB7",-0.009923186432573,0.189696864816952,0.958281082906539,-0.381722209453962,0.361875836588816,5,0.0842045982509423,49.3886278531487,0.999626430124647
"Sst-9","PPP5C",-0.205079014024414,0.207023672499334,0.321877719125594,-0.610837956070324,0.200679928021496,5,0.100454063910434,50.3974630774599,0.999626430124647
"Sst-9","MYO18A",-0.059503713743576,0.20519521146582,0.771827040675177,-0.461678938016664,0.342671510529512,5,0.100075833228608,50.9529438317095,0.999626430124647
"Sst-9","RIPK1",0.253273363763339,0.215781360701753,0.240495192075464,-0.169650331747144,0.676197059273822,5,0.105766356161804,48.7642503467756,0.999626430124647
"Sst-9","USP4",-0.181893388012293,0.117176714696676,0.120590511430466,-0.411555528644504,0.047768752619917,5,0,0,0.999626430124647
"Sst-9","ARGLU1",0.0776891499581051,0.175948643120226,0.658818876551759,-0.267163853686229,0.422542153602439,5,0.103115424499639,72.6159080152984,0.999626430124647
"Sst-9","ATP6V1D",0.315849480886326,0.206670950042624,0.126444953117296,-0.0892181378478946,0.720917099620546,5,0.103688292551153,51.8668596137865,0.999626430124647
"Sst-9","BACH1",0.280237759189072,0.318875568694919,0.379492873934286,-0.344746871002697,0.905222389380841,5,0.376040408413472,78.2491526672471,0.999626430124647
"Sst-9","MTMR1",-0.0678729850123812,0.172147551987135,0.693380124362775,-0.405275986933903,0.269530016909141,5,0.0627669651663243,43.7475534839951,0.999626430124647
"Sst-9","MT-CO1",-0.208846941749349,0.30830210265162,0.498145825712135,-0.813107959304495,0.395414075805796,5,0.328978130776159,73.930846965971,0.999626430124647
"Sst-9","NEFM",0.464382845307129,0.283526774708608,0.101446720330629,-0.0913194217745438,1.0200851123888,5,0.205510406608355,54.5282420547481,0.999626430124647
"Sst-9","MAP2K6",-0.0458870627806912,0.211027456275817,0.827860835619683,-0.459493276830393,0.36771915126901,5,0.108619684118938,51.7603012668337,0.999626430124647
"Sst-9","SLITRK5",-0.188002552584285,0.268200902423435,0.48331762815249,-0.713666661955358,0.337661556786789,5,0.224485809178761,66.1731233190758,0.999626430124647
"Sst-9","MIGA1",-0.141023240321222,0.171527645060192,0.410985603170127,-0.477211246992169,0.195164766349725,5,0.0843982295016268,62.0598684411581,0.999626430124647
"Sst-9","SET",0.252407687330642,0.244032070007122,0.300985753716053,-0.225886380956075,0.730701755617359,5,0.140348415500843,50.3439059254064,0.999626430124647
"Sst-9","ANKRD13C",-0.157002194108837,0.109768795181248,0.152631231811759,-0.372145079290437,0.0581406910727638,5,0.0199253201959773,33.3753840694358,0.999626430124647
"Sst-9","CLVS1",-0.0307251834109192,0.149350588691921,0.837005553573798,-0.323446958316939,0.2619965914951,5,0.0498939003801095,47.2988667606779,0.999626430124647
"Sst-9","OSBPL1A",-0.0814520143524028,0.176051040912943,0.643607117688087,-0.426505713982558,0.263601685277753,5,0.102019135955105,69.5774919946428,0.999626430124647
"Sst-9","SOS1",-0.0584251475150023,0.108144889770714,0.589025458757843,-0.270385236577655,0.153534941547651,5,0.0236289665799679,41.9775236782602,0.999626430124647
"Sst-9","SPATS2",-0.204141670909761,0.151204632095792,0.176983278153639,-0.500497304113141,0.0922139622936199,5,0.0384624187252188,34.2171195572557,0.999626430124647
"Sst-9","TOMM7",0.188510411190773,0.277466786915963,0.49688564578966,-0.355314498070565,0.73233532045211,5,0.202679993865615,54.8792581905614,0.999626430124647
"Sst-9","SEC62",0.163217479059858,0.130797300019811,0.212080202364556,-0.0931405182540522,0.419575476373767,5,0.0301975286753516,35.9653903943019,0.999626430124647
"Sst-9","ARL5A",-0.159092026905388,0.180711941682055,0.378662934090517,-0.513280924178518,0.195096870367742,5,0.0407521328339934,24.7637502285698,0.999626430124647
"Sst-9","DCP2",-0.109248172223163,0.183905440331644,0.552481779440381,-0.469696211834165,0.251199867387839,5,0.0737026857949912,45.5995707653802,0.999626430124647
"Sst-9","LRRTM3",-0.0395038311594965,0.155646315512031,0.799646120863403,-0.344565003889435,0.265557341570441,5,0.076117299883429,66.790295934191,0.999626430124647
"Sst-9","MARCKS",-0.0403608514990005,0.246329636674938,0.86985005847006,-0.523158067706715,0.442436364708714,5,0.164450117644583,56.990296242597,0.999626430124647
"Sst-9","CNIH1",0.259937517617377,0.11220018036934,0.0205184473241042,0.040029205034572,0.479845830200182,5,0,0,0.999626430124647
"Sst-9","GNG12-AS1",0.285120298586357,0.419430242738966,0.496643759859123,-0.53694787120891,1.10718846838162,5,0.64121050232729,78.0648547567394,0.999626430124647
"Sst-9","CFAP97",0.200268138778014,0.149658966124667,0.180843203672365,-0.0930580447898326,0.493594322345861,5,0,0,0.999626430124647
"Sst-9","TUBA4A",-0.021042793748206,0.262636751420433,0.936140794983836,-0.535801367548853,0.493715780052441,5,0.143467574197877,42.6890200123159,0.999626430124647
"Sst-9","BEX1",0.171897626603277,0.231046081983079,0.456878199067146,-0.280944372852647,0.624739626059201,5,0.145546627877311,56.7425733019091,0.999626430124647
"Sst-9","SMG6",0.0720481157267562,0.10136281734047,0.4772116954177,-0.126619355632077,0.270715587085589,5,0.0086202987114802,15.2030610238618,0.999626430124647
"Sst-9","ARHGEF37",0.502801205563369,0.23031057561006,0.0290251898393576,0.0514007721089618,0.954201639017777,5,0.0716349742916413,26.8835260056975,0.999626430124647
"Sst-9","BACE1",0.020416084960331,0.180474427161406,0.909931826766289,-0.333307292406523,0.374139462327185,5,0.0721924377360112,47.5595050218779,0.999626430124647
"Sst-9","FAM174B",0.0736299986714881,0.178981427062705,0.680791380402749,-0.277167152272996,0.424427149615972,5,0.0476783862471132,29.7323700091214,0.999626430124647
"Sst-9","NEMF",-0.0422431271120418,0.125243627117937,0.735900078060342,-0.287716125556362,0.203229871332279,5,0.0314962921309548,41.3757605113048,0.999626430124647
"Sst-9","RPL10",0.399497338693573,0.449958947382982,0.374619904161628,-0.482405992698625,1.28140067008577,5,0.816182440151784,83.9478452730888,0.999626430124647
"Sst-9","CUL5",-0.0525952410010462,0.115881720820972,0.64992237008549,-0.279719240276676,0.174528758274584,5,0.0241387060701405,36.6657584971535,0.999626430124647
"Sst-9","SUCO",0.0468785414146044,0.258473080680837,0.856079354926651,-0.459719387692951,0.55347647052216,5,0.233510208021277,75.5873229578601,0.999626430124647
"Sst-9","BOLA3",-0.0727648875203352,0.277226217668843,0.79295543485539,-0.616118289721528,0.470588514680858,5,0.168467398034931,46.5155621033063,0.999626430124647
"Sst-9","LRRK2",-0.225563238541666,0.174789510194997,0.196882321600663,-0.568144383399256,0.117017906315924,5,0.0656441002106927,45.9317110582145,0.999626430124647
"Sst-9","RSRP1",0.0464057869097935,0.130688445422073,0.72252430711134,-0.209738859312998,0.302550433132585,5,0.0375352266088249,46.7003601239415,0.999626430124647
"Sst-9","CNTNAP3B",-0.117518273328699,0.152498985415313,0.440934126787101,-0.416410792421611,0.181374245764213,5,0.0341704717950421,29.6521153546966,0.999626430124647
"Sst-9","DAB1",-0.00450107484557222,0.190809082904121,0.981180114560344,-0.378480005260767,0.369477855569622,5,0.110211616639671,63.6194243629007,0.999626430124647
"Sst-9","NCOA2",0.0240343997140769,0.129974582944157,0.853294802135379,-0.230711101762085,0.278779901190238,5,0.0548442885891159,69.5826135357981,0.999626430124647
"Sst-9","FASTKD1",-0.107502194747779,0.142898040678355,0.451870673140065,-0.387577207938694,0.172572818443137,5,0.0437232470793596,45.0107138399075,0.999626430124647
"Sst-9","ZMAT1",0.054536427396493,0.239750283651714,0.820056898667279,-0.415365493844128,0.524438348637114,5,0.151764105579957,57.1800821714627,0.999626430124647
"Sst-9","UBTD2",0.0630292493744805,0.277764423949281,0.820488899802439,-0.481379017752625,0.607437516501586,5,0.251097765140766,69.2990233181501,0.999626430124647
"Sst-9","TMF1",-0.134080407623949,0.104458448402345,0.19929018326995,-0.338815204373481,0.0706543891255838,5,0,0,0.999626430124647
"Sst-9","SCN1B",0.238818719099314,0.37809663319021,0.527626011848484,-0.50223706462935,0.979874502827977,5,0.519830683039006,76.2894373244951,0.999626430124647
"Sst-9","CRLF3",0.285929455664406,0.204575517522497,0.162211611253353,-0.115031190798331,0.686890102127142,5,0.1129877595314,56.1356853153801,0.999626430124647
"Sst-9","MRPL33",-0.004882425613851,0.177395410029239,0.978042722489886,-0.352571040293874,0.342806189066172,5,0.0644262822248632,43.0756273873255,0.999626430124647
"Sst-9","TXNDC11",-0.0481549115920858,0.191836907382998,0.801798601638131,-0.424148340968307,0.327838517784136,5,0.07355863970187,41.4680440522218,0.999626430124647
"Sst-9","ROBO1",-0.0103538810045546,0.108781286682055,0.924171285011208,-0.223561285093309,0.2028535230842,5,0.0294837646090781,52.7882150040286,0.999626430124647
"Sst-9","GRB2",0.0267185769031895,0.128612167045203,0.835427822620232,-0.225356638479058,0.278793792285437,5,0.0235467027035341,27.4984097543959,0.999626430124647
"Sst-9","EPS15",-0.0723490371728175,0.110268000285833,0.511746935518837,-0.288470346380302,0.143772272034667,5,0.0154945042544063,24.0551840411597,0.999626430124647
"Sst-9","DDX17",0.000921222591634223,0.0548653524756658,0.986603663075207,-0.106612892259766,0.108455337443035,5,1.05130434032892e-06,0.0042528806272584,0.999626430124647
"Sst-9","ZDHHC17",-0.00160843348623833,0.187283744396982,0.993147678278134,-0.368677827394128,0.365460960421651,5,0.123521123507232,76.09094902611,0.999626430124647
"Sst-9","TBC1D31",-0.0898169049737777,0.174733983035448,0.607237435504927,-0.432289218598489,0.252655408650934,5,0.0433042964036205,27.9781125305263,0.999626430124647
"Sst-9","ZNF814",0.144622814995093,0.209876025290489,0.490768597249573,-0.266726635792682,0.555972265782868,5,0.114875559699592,56.597509681846,0.999626430124647
"Sst-9","TPI1",0.111145966292705,0.230907839921744,0.630272451708589,-0.341425083701852,0.563717016287262,5,0.0913137914431862,35.052840682213,0.999626430124647
"Sst-9","SLC4A1AP",0.164481821545997,0.180216439473231,0.361405372962959,-0.188735909243578,0.517699552335572,5,0.0433966005300291,26.1700499332678,0.999626430124647
"Sst-9","PARD3",-0.177755441684842,0.148835252722364,0.232356698433121,-0.469467176650591,0.113956293280908,5,0.0441176709189505,40.9748363936937,0.999626430124647
"Sst-9","RPLP2",0.356530395858314,0.17243104530673,0.0386711212997047,0.0185717572405291,0.694489034476099,5,0,0,0.999626430124647
"Sst-9","RMDN3",0.238452850530686,0.159608870568708,0.13518020799858,-0.0743747873970964,0.551280488458468,5,0.0219553130080524,16.203871603046,0.999626430124647
"Sst-9","PDIA6",0.185874154679338,0.142738776858332,0.192848696904498,-0.0938887071602922,0.465637016518968,5,0.012710106725702,9.9605861764435,0.999626430124647
"Sst-9","MDM2",-0.201087550066383,0.188828677501723,0.286911858407392,-0.571184957218088,0.169009857085322,5,0.0852078340765781,52.0800899137166,0.999626430124647
"Sst-9","CAPS2",-0.0462533461339465,0.147460918959021,0.753775398558815,-0.335271436420807,0.242764744152914,5,0.0298211867726925,26.9782362129035,0.999626430124647
"Sst-9","ZNF292",-0.0584605471724303,0.0989659923001306,0.554712404504045,-0.252430327774954,0.135509233430094,5,0.0208284129008043,44.2739352242323,0.999626430124647
"Sst-9","SLCO3A1",-0.13547702299743,0.213954896004651,0.526600656647976,-0.554820913482558,0.283866867487698,5,0.154810657197548,73.0781750568692,0.999626430124647
"Sst-9","CAMK1",0.265020655325594,0.21662774016762,0.221181654287436,-0.159561913455241,0.689603224106429,5,0.092565460045172,40.7273314468206,0.999626430124647
"Sst-9","UBL3",0.0589741715587948,0.24425379402394,0.809209242118802,-0.419754467815392,0.537702810932982,5,0.216746893691888,77.9060176889152,0.999626430124647
"Sst-9","RPL7A",0.26541362813802,0.227414992370369,0.24317426607894,-0.180311566452354,0.711138822728394,5,0.0631872444467615,24.2675215965795,0.999626430124647
"Sst-9","MED10",0.140468499003209,0.234736257046556,0.549566464747667,-0.319606110673777,0.600543108680195,5,0.0966837051472782,36.1996535685641,0.999626430124647
"Sst-9","RXRA",0.079193126874271,0.159139781465928,0.618743094165372,-0.232715113306523,0.391101367055065,5,0.0185106358847142,13.7775053497034,0.999626430124647
"Sst-9","RHBDD3",0.287004911691663,0.163125163056348,0.0785069909164982,-0.0327145328710033,0.60672435625433,5,0,0,0.999626430124647
"Sst-9","ACAD9",0.149820231039716,0.21740320687311,0.490738107814508,-0.276282224555091,0.575922686634522,5,0.120358064069465,54.204639737187,0.999626430124647
"Sst-9","ANKRD40",0.367236326860426,0.244378850471229,0.132907736498602,-0.111737418646482,0.846210072367334,5,0.120199593351274,41.9801559505568,0.999626430124647
"Sst-9","SNX25",-0.307907111994621,0.0905677277086481,0.000674489072445389,-0.485416596465202,-0.130397627524041,5,0,0,0.64602172787953
"Sst-9","WNK2",-0.0103396028467377,0.120253503228765,0.931480950033114,-0.246032138189887,0.225352932496412,5,0.0306871176864759,44.2613391268133,0.999626430124647
"Sst-9","TNPO3",-0.175765231759259,0.148776076919572,0.237440723455982,-0.467360984282781,0.115830520764262,5,0.0454266684428914,42.8778958808182,0.999626430124647
"Sst-9","PEX5",-0.112090521963612,0.220337022850151,0.610946364394445,-0.543943151210688,0.319762107283463,5,0.0935267965065115,39.6329442858109,0.999626430124647
"Sst-9","CABLES1",-0.071313608176865,0.150910610559965,0.636530482815985,-0.367092969759346,0.224465753405616,5,0.0367022150719804,32.4992013660884,0.999626430124647
"Sst-9","ZMAT3",-0.0692405351348797,0.124104002349512,0.576896646881077,-0.312479910077197,0.173998839807438,5,0.0128873766359662,15.5823877326426,0.999626430124647
"Sst-9","ULK4",-0.144035502036537,0.126341471596547,0.254265776463143,-0.391660236119559,0.103589232046485,5,0.0290191552451976,37.0138326222352,0.999626430124647
"Sst-9","INTU",-0.110133075127688,0.214472489853618,0.607596877609841,-0.53049143091541,0.310225280660035,5,0.150829982678,70.6504092147479,0.999626430124647
"Sst-9","ECHS1",0.0959373737268673,0.376237426744242,0.798729606976198,-0.641474432327873,0.833349179781608,5,0.47776882615543,72.2393679767136,0.999626430124647
"Sst-9","TSPYL4",-0.156109050077683,0.304457980465135,0.608130298105643,-0.752835726595148,0.440617626439781,5,0.273671316100633,65.1674371169844,0.999626430124647
"Sst-9","SKP2",0.218528873141138,0.132716133910967,0.0996426352175279,-0.041589969491752,0.478647715774028,5,1.89033726138211e-06,0.00122663014379159,0.999626430124647
"Sst-9","PLEKHA1",-0.0731462054772635,0.163132470127969,0.653875131602825,-0.392879971637139,0.246587560682612,5,0.0731093435048785,57.489425845863,0.999626430124647
"Sst-9","MEF2C-AS1",-0.0127379395257356,0.204003635574033,0.950212627030707,-0.412577717966075,0.387101838914603,5,0.152679344461096,76.8809807356818,0.999626430124647
"Sst-9","CIRBP",0.21676852542112,0.224238012004217,0.333699291691452,-0.222729902072005,0.656266952914246,5,0.181514396056075,75.8426410615294,0.999626430124647
"Sst-9","PIK3R1",0.0644038603375362,0.157576640222167,0.682749179296512,-0.244440679302737,0.37324839997781,5,0.0628401734939354,54.2301230337733,0.999626430124647
"Sst-9","CADM2",-0.0530869634554855,0.110996127591386,0.632452624847985,-0.270635375958015,0.164461449047044,5,0.0338704106927436,57.6496239253533,0.999626430124647
"Sst-9","MLH3",-0.100608338359227,0.122040242943705,0.409719938319904,-0.339802819193408,0.138586142474954,5,0.00249675618205371,2.74644794826357,0.999626430124647
"Sst-9","B3GALNT1",0.236380658850392,0.211826930543727,0.264458905113427,-0.17879249597098,0.651553813671764,5,0.107745901718776,51.6737860102033,0.999626430124647
"Sst-9","ZNF346",-0.272849766056349,0.251434588072786,0.277845498424568,-0.765652503146674,0.219952971033976,5,0.204065176809099,69.8691476726836,0.999626430124647
"Sst-9","RYR1",0.166516414316437,0.360827272447722,0.644450600212588,-0.54069204432092,0.873724872953793,5,0.480457927653263,78.1671686714917,0.999626430124647
"Sst-9","SREK1IP1",-0.279687046391601,0.146623813167319,0.0564539980667178,-0.567064439475477,0.00769034669227492,5,0,0,0.999626430124647
"Sst-9","ZCCHC14",-0.232007796785543,0.131504336925684,0.0776882723077123,-0.489751560970705,0.0257359673996187,5,0.0281785050602448,32.3303764841705,0.999626430124647
"Sst-9","GSPT1",0.00390029906615341,0.153338105960105,0.979707243342546,-0.296636866073239,0.304437464205546,5,0.0434205175652247,37.9112968162356,0.999626430124647
"Sst-9","ANTXR1",-0.235692300035015,0.229449706702847,0.304323094656359,-0.685405461435873,0.214020861365843,5,0.183017871065616,73.1615207526768,0.999626430124647
"Sst-9","ASPH",-0.14442164647607,0.150947447828966,0.338684505305784,-0.440273207779083,0.151429914826943,5,0.0463143881249923,41.4803240755837,0.999626430124647
"Sst-9","MIR137HG",0.034539361087422,0.273359900048644,0.899453901189972,-0.501236197825389,0.570314920000233,5,0.301054796571857,84.1014285757832,0.999626430124647
"Sst-9","RAN",0.255446213090687,0.221998220694726,0.24986891193936,-0.179662304102951,0.690554730284325,5,0.0815342473848017,33.6225962235739,0.999626430124647
"Sst-9","ANKRD7",-0.098244199892135,0.208791471183402,0.637971106948604,-0.507467963690735,0.310979563906465,5,0.120178083680725,58.5214385577794,0.999626430124647
"Sst-9","FAIM2",-0.15748893434266,0.156730104948881,0.314973113867856,-0.46467429533565,0.14969642665033,5,0.0730858665161957,64.0480008066839,0.999626430124647
"Sst-9","PEG10",-0.296364605334835,0.236675814917001,0.210498304512688,-0.760240678583824,0.167511467914153,5,0.11555136125758,44.1858928258816,0.999626430124647
"Sst-9","MOB3B",-0.263164189235983,0.210532072749532,0.211301111896194,-0.675799469415632,0.149471090943665,5,0.0864178467510963,40.5319626378206,0.999626430124647
"Sst-9","IGF2R",-0.142976102581938,0.124216008541714,0.249720720854577,-0.386435005627017,0.100482800463141,5,0,0,0.999626430124647
"Sst-9","DUSP16",0.113610200677333,0.176381221784321,0.519499356921524,-0.232090641569108,0.459311042923774,5,0.0475532621555161,30.5981383010192,0.999626430124647
"Sst-9","LRP1",-0.0495513547490952,0.136880075547076,0.717347840905094,-0.317831373022486,0.218728663524296,5,0.0325871466365357,35.3377150549362,0.999626430124647
"Sst-9","SLC25A4",0.00821524598858541,0.234294302765043,0.972028875862887,-0.450993149213821,0.467423641190992,5,0.111621998169835,42.2534417481149,0.999626430124647
"Sst-9","RER1",0.26828697247161,0.199691187829369,0.179107109408833,-0.123100563703975,0.659674508647196,5,0.0661395490676864,33.6160788860755,0.999626430124647
"Sst-9","STAT5B",-0.229728686692931,0.113952199104367,0.0437990092435755,-0.453070892896629,-0.00638648048923407,5,0.0228193204133589,35.7761752086937,0.999626430124647
"Sst-9","TPM3",0.156075508393497,0.166879425877953,0.34965476692458,-0.171002156088012,0.483153172875007,5,0.055571267894346,41.2889555269319,0.999626430124647
"Sst-9","WAPL",0.194927251490631,0.125159807932024,0.11936916395661,-0.0503814643680876,0.440235967349349,5,0.00970100106252325,10.6892301353229,0.999626430124647
"Sst-9","LRRK1",0.0516755421207916,0.225106925790486,0.818433705154329,-0.389525925099092,0.492877009340676,5,0.154450465680405,64.1244319340289,0.999626430124647
"Sst-9","MGRN1",0.216268523753395,0.190561172958632,0.256415793767683,-0.157224512097232,0.589761559604021,5,0.0801431608580951,46.8255111906566,0.999626430124647
"Sst-9","SRSF5",0.00948397740591402,0.151772491738361,0.950174123737693,-0.287984640245176,0.306952595057004,5,0.0577242319774501,52.8800302106817,0.999626430124647
"Sst-9","SLC25A25",0.0251818303175805,0.289240863573546,0.930622388954629,-0.541719845143833,0.592083505778994,5,0.215887291858465,54.9579583824021,0.999626430124647
"Sst-9","ACYP2",-0.0301711260634853,0.0779845055080241,0.698840485791969,-0.183017948211378,0.122675696084407,5,0.00172043422748042,4.59202891909357,0.999626430124647
"Sst-9","DSTN",0.0362159158566957,0.13713386583739,0.7917092588048,-0.232561522245337,0.304993353958729,5,0.0142421234648599,14.6218471533123,0.999626430124647
"Sst-9","CASP8AP2",-0.255350994898222,0.148702257017307,0.0859432753238727,-0.546802063071962,0.0361000732755175,5,0.0241910530864182,20.369224054419,0.999626430124647
"Sst-9","ZNF438",-0.0195449233841958,0.207186244270238,0.924843013268455,-0.42562250024598,0.386532653477588,5,0.138990862355528,69.1859377002807,0.999626430124647
"Sst-9","ARHGAP12",-0.0265912301522794,0.146592800920003,0.8560573877768,-0.313907840348335,0.260725380043776,5,0.0441995330627554,42.7491353118904,0.999626430124647
"Sst-9","PPP2R5E",-0.0227358210960293,0.0694706810278091,0.743462033438789,-0.158895853892005,0.113424211699946,5,8.84409307668055e-06,0.0250817939073838,0.999626430124647
"Sst-9","HNRNPLL",-0.118319635066427,0.177179367044314,0.504263955454249,-0.465584813276885,0.228945543144032,5,0.0606406862148408,40.0103245821788,0.999626430124647
"Sst-9","QKI",-0.0584425753146074,0.0747180792180438,0.434112035826613,-0.204887319575984,0.0880021689467692,5,0.00399225841206847,13.0982300808806,0.999626430124647
"Sst-9","KCTD8",-0.0804868876713653,0.143833393870145,0.575763117454304,-0.362395159431014,0.201421384088283,5,0.0396433412405499,41.008308918824,0.999626430124647
"Sst-9","HOOK2",0.120801765967351,0.248177551450324,0.626431672584093,-0.36561729664662,0.607220828581321,5,0.206149403126986,71.8800836564878,0.999626430124647
"Sst-9","PRTFDC1",0.00264435416995168,0.217837208916995,0.99031461356493,-0.424308729800086,0.42959743813999,5,0.124954968786871,56.1706410167093,0.999626430124647
"Sst-9","SYT17",0.103272234062869,0.187653081644998,0.582088981469798,-0.264521047549281,0.47106551567502,5,0.0447672967934469,24.9380107933395,0.999626430124647
"Sst-9","PRRG3",0.349418848163596,0.392924324788854,0.373853841777405,-0.420698677072276,1.11953637339947,5,0.52225183587685,73.7189953276481,0.999626430124647
"Sst-9","EPHA7",-0.0881027653001151,0.193377329407823,0.648677442222998,-0.467115366365986,0.290909835765756,5,0.110887320320835,62.5128931875796,0.999626430124647
"Sst-9","STX1A",0.124134946939228,0.189806619409502,0.513106993020902,-0.247879191130697,0.496149085009154,5,0.0825840447333919,48.086965246375,0.999626430124647
"Sst-9","CDON",-0.145085044592815,0.0962252437615497,0.131614709692013,-0.33368305676904,0.0435129675834103,5,0,0,0.999626430124647
"Sst-9","VPS8",-0.0490477612999035,0.0894180901723697,0.583333745085762,-0.224303997604103,0.126208475004296,5,0.0100692817936756,24.0094870371452,0.999626430124647
"Sst-9","RANBP17",-0.025086902401752,0.116635148755755,0.829698164618319,-0.253687593294504,0.203513788491,5,0.0273783236014567,41.6846078114762,0.999626430124647
"Sst-9","TAOK1",-0.179359546219729,0.116541808266652,0.123800728234538,-0.407777293115539,0.0490582006760809,5,0.0357587400390367,56.4722606137591,0.999626430124647
"Sst-9","EPB41L4A",-0.0305737940622212,0.258325597367682,0.905787398220396,-0.536882661187674,0.475735073063231,5,0.154935695940722,48.9273375758711,0.999626430124647
"Sst-9","NSG1",0.227525412085903,0.233411785901402,0.329668822958526,-0.229953281848018,0.685004106019825,5,0.149238401365901,58.2521087725793,0.999626430124647
"Sst-9","MALAT1",0.0357889016172119,0.163520652138664,0.826755430143252,-0.284705687303071,0.356283490537495,5,0.103315337735053,86.2329981543947,0.999626430124647
"Sst-9","PRMT9",0.2569391585032,0.182629207543379,0.159460086113856,-0.101007510806913,0.614885827813313,5,0.0737606668769731,46.4351242641076,0.999626430124647
"Sst-9","MAP1LC3A",0.168589812108057,0.255072609289057,0.508645457922241,-0.331343315541152,0.668522939757266,5,0.19294362623809,61.6709454483906,0.999626430124647
"Sst-9","MAP2K4",-0.0495385580754421,0.138585038337308,0.72074773468213,-0.321160242012669,0.222083125861785,5,0.0602178620577691,65.8427986710199,0.999626430124647
"Sst-9","TMEM167A",-0.0763349071089126,0.270604845492642,0.777874539817214,-0.606710658316516,0.454040844098691,5,0.173168780096138,50.9357481600357,0.999626430124647
"Sst-9","DDX5",0.0694803676674272,0.0722593332614087,0.33627983058286,-0.072145323071811,0.211106058406665,5,5.8087823827803e-06,0.0140622938147163,0.999626430124647
"Sst-9","ALDH2",-0.0902013677639533,0.290812037699168,0.756431164993303,-0.660182487925027,0.47977975239712,5,0.26554699177843,67.6573413025321,0.999626430124647
"Sst-9","ENO4",0.270265571241412,0.405350208814807,0.504934483806442,-0.5242062391614,1.06473738164422,5,0.597944916211767,77.095556551175,0.999626430124647
"Sst-9","NGLY1",-0.102862912384613,0.0991465664803649,0.299510649263332,-0.297186611876934,0.0914607871077085,5,0.00641265861560612,11.4056862879266,0.999626430124647
"Sst-9","RNF150",-0.105071542630579,0.133399865537826,0.430905237931866,-0.366530474627205,0.156387389366046,5,0.01344601315431,12.4613468800059,0.999626430124647
"Sst-9","JPX",0.314157945497866,0.270717996389355,0.245860759589386,-0.216439577392115,0.844755468387847,5,0.281921679676647,80.8564804976122,0.999626430124647
"Sst-9","NXPH1",-0.00874435817561066,0.104702288818059,0.933440938075508,-0.213957073357918,0.196468357006696,5,0.0303432402443858,59.5610638651712,0.999626430124647
"Sst-9","WDR7",-0.11411993175252,0.0568186308629104,0.0445907247691141,-0.2254824018947,-0.00275746161033967,5,0,0,0.999626430124647
"Sst-9","PGK1",0.212772790408435,0.103792733914079,0.0403666065502877,0.00934277007989129,0.416202810736978,5,3.43586780142807e-06,0.00428210218017221,0.999626430124647
"Sst-9","NOL7",0.115982639335039,0.13177356644008,0.378769280538121,-0.142288805001913,0.374254083671991,5,6.40906054227046e-06,0.00571875007629518,0.999626430124647
"Sst-9","MZT2B",0.180379046824171,0.246838035855088,0.464926542552855,-0.303414613466409,0.66417270711475,5,0.145052812421293,50.3867508293443,0.999626430124647
"Sst-9","CNTNAP5",-0.135030256138338,0.0765725452930233,0.0778281421031278,-0.285109687117226,0.01504917484055,5,3.78279012366561e-06,0.0103504568388279,0.999626430124647
"Sst-9","PDZRN4",0.0462296132886871,0.370723281281489,0.900760160221753,-0.680374666253542,0.772833892830917,5,0.48069249174939,70.9893560601153,0.999626430124647
"Sst-9","AREL1",0.131591673420984,0.162933819802095,0.419298548470923,-0.187752745254661,0.450936092096629,5,0.0229110016399557,15.200777153921,0.999626430124647
"Sst-9","DNAJA2",-0.213836326588389,0.157140410895961,0.17357759504484,-0.521825872460298,0.0941532192835202,5,0,0,0.999626430124647
"Sst-9","LMO7",-0.147640526908352,0.240079580745975,0.538577869095907,-0.618187858593938,0.322906804777234,5,0.152044160376179,54.4543659656287,0.999626430124647
"Sst-9","ZNF512B",-0.144051294037115,0.301217718342524,0.632486643228091,-0.734427173493792,0.446324585419562,5,0.25513198811136,59.1447836051393,0.999626430124647
"Sst-9","PCBP2",-0.197927301303867,0.113360532187942,0.0808112398579174,-0.420109861660527,0.024255259052793,5,0,0,0.999626430124647
"Sst-9","RIF1",-1.66730063103824e-05,0.149678593280911,0.999911121998155,-0.293381325093515,0.293347979080894,5,0.0603071687944357,58.4226071348311,0.999911121998155
"Sst-9","UGP2",0.166502067464802,0.0890889205803478,0.0616308184665664,-0.00810900829422864,0.341113143223833,5,0,0,0.999626430124647
"Sst-9","NRSN1",0.0105466803785649,0.0693978978511989,0.879207394115036,-0.125470700012574,0.146564060769704,5,5.91864748079613e-06,0.0171200385578599,0.999626430124647
"Sst-9","TRPC4",0.0604446817122563,0.381703386489774,0.874176984502363,-0.687680208584673,0.808569572009186,5,0.613741648820869,88.555086235,0.999626430124647
"Sst-9","PNPLA6",-0.251350011257243,0.159167142371626,0.114299900033281,-0.563311877827788,0.060611855313303,5,0,0,0.999626430124647
"Sst-9","LMCD1-AS1",-0.243705267707372,0.177219377435573,0.169081376395769,-0.591048864843705,0.103638329428962,5,0.0177198785458793,10.3454459915251,0.999626430124647
"Sst-9","SNAP25-AS1",0.185751984383893,0.364367111220814,0.610196140977775,-0.528394430759802,0.899898399527588,5,0.482640443366732,76.9959863261263,0.999626430124647
"Sst-9","EXOC5",-0.12911869264235,0.0964025185984408,0.180450077588028,-0.318064157114247,0.0598267718295464,5,8.37515698821813e-07,0.00142543606659631,0.999626430124647
"Sst-9","NUP210",0.190878325307507,0.133812242103573,0.153734496148427,-0.0713888499060494,0.453145500521063,5,0,0,0.999626430124647
"Sst-9","SARAF",0.0301835165665445,0.232195206103414,0.896572765142359,-0.424910724779002,0.485277757912091,5,0.219867812881753,84.3487706979998,0.999626430124647
"Sst-9","TEF",0.171329125033147,0.138102052598272,0.214754305120533,-0.0993459242505216,0.442004174316816,5,0,0,0.999626430124647
"Sst-9","PRPF38B",0.0456725425657543,0.173834274540529,0.792753975913018,-0.295036374812332,0.38638145994384,5,0.0458885110179176,30.2588641256447,0.999626430124647
"Sst-9","SLC38A9",-0.0427123858505967,0.115665634357383,0.711923023843094,-0.269412863440046,0.183988091738853,5,0.0107857453956829,13.705706685091,0.999626430124647
"Sst-9","SLC9B2",0.0266864593631574,0.14180543370518,0.850727187273909,-0.251247083511077,0.304620002237392,5,0.0414825654212848,43.0444585192924,0.999626430124647
"Sst-9","PCDH17",-0.0133879455337408,0.23556392977655,0.954677750370777,-0.475084763952502,0.44830887288502,5,0.13111388729784,49.0866570941931,0.999626430124647
"Sst-9","FBXL4",-0.0855911995239015,0.161683764930965,0.596545952911811,-0.402485555673433,0.23130315662563,5,0.0498877696726537,39.3476716975898,0.999626430124647
"Sst-9","IQGAP1",0.0146526358041874,0.202321259801044,0.942265583557448,-0.38188974671263,0.411195018321004,5,0.0854995586202876,43.9453169964931,0.999626430124647
"Sst-9","RPS14",0.31736796095368,0.163671388022505,0.0524945389737601,-0.00342206487011065,0.63815798677747,5,0,0,0.999626430124647
"Sst-9","PITPNB",0.241180365860042,0.156605128975683,0.123547174760888,-0.0657600467265467,0.54812077844663,5,0.0367133427286507,29.120389349222,0.999626430124647
"Sst-9","SSR1",0.0310776027467738,0.176758324489266,0.8604355605276,-0.315362347219831,0.377517552713379,5,0.0699876971260414,46.934509996292,0.999626430124647
"Sst-9","EPB41L5",-0.159310999778153,0.111995051041307,0.154886229325157,-0.378817266265841,0.0601952667095345,5,0.0153450797049418,22.2440842429252,0.999626430124647
"Sst-9","CORO6",-0.15974845897982,0.14781457222683,0.279814776853182,-0.4494596969346,0.129962778974961,5,0.0288382635859929,25.7577318054802,0.999626430124647
"Sst-9","INPP5F",-0.0842194915809964,0.109866900707265,0.443343597618193,-0.299554660060273,0.13111567689828,5,0.0221717657406601,37.8574278022162,0.999626430124647
"Sst-9","RFC3",0.102592558789144,0.26171511772918,0.695057557012172,-0.410359646169709,0.615544763747998,5,0.104007598071709,31.0719544912749,0.999626430124647
"Sst-9","PANK1",-0.290936505239702,0.194055202584588,0.133809800172733,-0.671277713318119,0.0894047028387155,5,0.054924635821743,28.6537877489514,0.999626430124647
"Sst-9","LAMTOR3",-0.137999770697035,0.18024142757644,0.443891448066924,-0.491266477268942,0.215266935874872,5,0.0140975254671704,7.94807082507472,0.999626430124647
"Sst-9","TMEM132C",-0.000779157953592892,0.176765856571911,0.996483053342168,-0.347233870530912,0.345675554623726,5,0.101550127998817,69.5189528361777,0.999626430124647
"Sst-9","PHTF1",-0.0359330413063332,0.14495602664161,0.804220094538288,-0.320041632865918,0.248175550253252,5,0.047528146036643,47.5962470767104,0.999626430124647
"Sst-9","MRPS27",0.0590200434199128,0.168234035494526,0.725722593180789,-0.270712607123191,0.388752693963017,5,0.0560136337813829,41.5305247949426,0.999626430124647
"Sst-9","MAP3K4",-0.122072579925913,0.1355984341407,0.367986871506912,-0.387840627201713,0.143695467349886,5,0.0335410004888121,37.5844221645386,0.999626430124647
"Sst-9","GSAP",-0.0481493780096279,0.114265020662688,0.673475170093004,-0.272104703201221,0.175805947181965,5,3.57880326086015e-07,0.000417976131465604,0.999626430124647
"Sst-9","PIK3CA",-0.106060427938644,0.121844483427735,0.384050509263389,-0.344871227171892,0.132750371294603,5,0.0232437692864697,30.9234041326181,0.999626430124647
"Sst-9","ZNF280D",0.0613907914331074,0.0773864561261252,0.427602185297864,-0.090283875465287,0.213065458331502,5,2.23578651896769e-06,0.00566282533876466,0.999626430124647
"Sst-9","GABARAPL2",-0.0154085395222221,0.264700721918762,0.953580421031912,-0.534212421164748,0.503395342120304,5,0.163356435310738,50.8811511107467,0.999626430124647
"Sst-9","EML1",0.0168717110430757,0.33785833652829,0.960172405313538,-0.645318460428985,0.679061882515137,5,0.377194649602807,71.1868248053457,0.999626430124647
"Sst-9","CMAS",-0.266454241746922,0.130371418372211,0.0409724473561176,-0.52197752636986,-0.0109309571239845,5,2.65878558886598e-06,0.00252544531496367,0.999626430124647
"Sst-9","CNST",0.113227250848059,0.182552917832034,0.535097521945227,-0.244569893375427,0.471024395071546,5,0.0963155877810782,61.5450748755483,0.999626430124647
"Sst-9","NIM1K",-0.0976610094946713,0.149791549131345,0.51441443938189,-0.39124705098057,0.195925031991227,5,0.0265567950887115,22.2387520659033,0.999626430124647
"Sst-9","RNF220",-0.0162689576806241,0.162312589058433,0.920159934933103,-0.334395786472603,0.301857871111355,5,1.24883269410735e-06,0.000723162144600965,0.999626430124647
"Sst-9","EIF5",0.292397233200329,0.110611023454553,0.00820603556916051,0.0756036109362895,0.509190855464368,5,0,0,0.999626430124647
"Sst-9","ATP6AP2",0.186147728374974,0.11493585409051,0.105322682430235,-0.0391224061747758,0.411417862924723,5,3.22846862574739e-07,0.000345869603959044,0.999626430124647
"Sst-9","KCTD12",-0.0995420191619565,0.354907647800674,0.779114623415513,-0.795148226689104,0.596064188365191,5,0.401243485020872,68.5528872436711,0.999626430124647
"Sst-9","PRKAR2A",-0.0834872908324566,0.0846039113919405,0.323739819198383,-0.249307910111878,0.0823333284469648,5,2.50658817371107e-07,0.000488863680128248,0.999626430124647
"Sst-9","DLG3",-0.044875992254179,0.153527070420591,0.77005711156234,-0.345783520930481,0.256031536422124,5,0.0292784604275674,23.5680284031304,0.999626430124647
"Sst-9","HACL1",-0.155187932495668,0.0885631379761201,0.0797246698784826,-0.328768493286715,0.0183926282953794,5,9.1277176570204e-06,0.0133124287866407,0.999626430124647
"Sst-9","CCNH",0.112619878867409,0.17600092208501,0.522249106994605,-0.232335589665052,0.457575347399869,5,0.103593329578118,70.5104964776572,0.999626430124647
"Sst-9","NUP133",-0.0680010996460811,0.184635939600151,0.712650832208938,-0.429880891514091,0.293878692221928,5,0.0810874832428461,51.1667358500964,0.999626430124647
"Sst-9","AMPD2",-0.290116802888841,0.304760913062351,0.341122919749253,-0.887437216386591,0.307203610608909,5,0.255010097850061,59.6910224690547,0.999626430124647
"Sst-9","RPS8",0.316548989276358,0.172080187989602,0.0658352876147386,-0.0207219816361437,0.65381996018886,5,0.0130592441651563,7.90435212491356,0.999626430124647
"Sst-9","UBE3A",0.404679153170198,0.21953275085685,0.0652756277344276,-0.0255971319362319,0.834955438276628,5,0.144642467757369,63.3909938212784,0.999626430124647
"Sst-9","PSMD2",-0.0396228417386016,0.272617835745418,0.884440796899186,-0.573943981342877,0.494698297865674,5,0.167038249297561,47.3277050847363,0.999626430124647
"Sst-9","SMYD2",0.302621064142945,0.133659088716368,0.0235663449992791,0.0406540640524195,0.56458806423347,5,1.46982655779114e-06,0.0011481180204614,0.999626430124647
"Sst-9","TUBGCP5",0.337536709435987,0.163783546025273,0.0393153782507845,0.0165268579661934,0.65854656090578,5,0.0444759160792813,33.6504960714841,0.999626430124647
"Sst-9","ACADSB",-0.00829136974726278,0.157739540963024,0.958079561193643,-0.317455188972669,0.300872449478144,5,0.0371199547824866,28.8890066245025,0.999626430124647
"Sst-9","KCNQ5",0.0772877362847753,0.240677426097764,0.748115042661166,-0.394431350758643,0.549006823328194,5,0.200443613820329,75.1232320421671,0.999626430124647
"Sst-9","FMN2",-0.0840646683893837,0.0850685641858498,0.323055207448869,-0.250795990410183,0.0826666536314157,5,0.0134767126656589,38.044071267817,0.999626430124647
"Sst-9","MFSD6",0.157946358532785,0.17028555225606,0.353647155777247,-0.175807190976606,0.491699908042175,5,0.0776884484129419,56.7207608595784,0.999626430124647
"Sst-9","CPD",-0.442742013654243,0.22578650659056,0.0498921089360147,-0.885275434766857,-0.000208592541630026,5,0.138176421659456,58.0916451907488,0.999626430124647
"Sst-9","CD276",-0.0939914178740911,0.450501434278324,0.834731364152006,-0.976958004043245,0.788975168295062,5,0.794748729044747,83.9561426276776,0.999626430124647
"Sst-9","SIMC1",-0.0320058169710452,0.176257184234743,0.855907726001971,-0.377463550087583,0.313451916145492,5,0.0717562849050773,48.327986914585,0.999626430124647
"Sst-9","ZNF566",-0.0688232223394393,0.148578350160788,0.643212668357843,-0.360031437536964,0.222384992858085,5,0.0186552287407831,15.3235997633902,0.999626430124647
"Sst-9","ENDOV",-0.200298403026684,0.22322731690576,0.369567145329924,-0.637815904527483,0.237219098474116,5,0.0570400183666948,22.3143655658492,0.999626430124647
"Sst-9","EID1",0.146754018333231,0.133237098184818,0.2707008003764,-0.11438589551364,0.407893932180102,5,0,0,0.999626430124647
"Sst-9","HMG20A",-0.0537786902105413,0.139268477938034,0.699384690995845,-0.326739891150799,0.219182510729716,5,0.0357098010466097,37.7485400376277,0.999626430124647
"Sst-9","IL1RAPL1",0.00466230322934488,0.113913993273714,0.967353076233462,-0.218605020922273,0.227929627380963,5,0.0395665876021445,64.8028304001396,0.999626430124647
"Sst-9","FAM66C",0.0339065183795567,0.179434823100469,0.850121921287318,-0.317779272469679,0.385592309228792,5,0.0648888217738891,41.9540897872323,0.999626430124647
"Sst-9","ANKRD28",0.0682687710588509,0.15388545165418,0.657307442623258,-0.233341171928021,0.369878714045723,5,0.0698131177985507,63.410771108966,0.999626430124647
"Sst-9","ARHGAP44",-0.128038631625178,0.0896014615589441,0.153010190143847,-0.303654269242859,0.0475770059925021,5,0.0153595939228088,39.2790467187719,0.999626430124647
"Sst-9","ANO5",0.0301173617161596,0.109574054642493,0.783424941790892,-0.184643839023151,0.24487856245547,5,0.0186384738154824,30.6764204733797,0.999626430124647
"Sst-9","TRAPPC12",0.125512239045935,0.0803773480217253,0.118396994880907,-0.0320244682494884,0.283048946341358,5,0.000415126817504306,0.927441542657556,0.999626430124647
"Sst-9","RBMS3",0.0237438537431396,0.158858311647986,0.881186247287966,-0.287612715731754,0.335100423218033,5,0.0775233861781941,66.7898707025249,0.999626430124647
"Sst-9","PTPDC1",-0.262566333698805,0.218389925308087,0.229254186413996,-0.690602721889047,0.165470054491437,5,0.0577594610637806,23.7389137161056,0.999626430124647
"Sst-9","PACRGL",0.158718434949403,0.112541905231667,0.158449581698769,-0.0618596460561854,0.379296515954991,5,0,0,0.999626430124647
"Sst-9","NT5DC3",-0.267867682603692,0.116372172469245,0.0213453792131642,-0.495952949446097,-0.0397824157612878,5,6.60196942491354e-06,0.00724830499818757,0.999626430124647
"Sst-9","NOXA1",0.125727413891017,0.251860350101693,0.61764205463123,-0.36790980144195,0.619364629223984,5,0.170565298970543,57.3517875206603,0.999626430124647
"Sst-9","DENND6A",-0.0528509073287048,0.111575749813976,0.635729995797913,-0.27153535851215,0.165833543854741,5,0.00642017413434083,8.25091237575115,0.999626430124647
"Sst-9","UBE3D",-0.0348038435090938,0.218358370969602,0.873362689447651,-0.462778386332351,0.393170699314163,5,0.159718232742177,70.3799771190006,0.999626430124647
"Sst-9","FAM162A",0.026665369064359,0.172795826526567,0.877359631817561,-0.312008227606544,0.365338965735262,5,0.0534450882914937,37.053546058006,0.999626430124647
"Sst-9","PUM1",-0.0917024751125065,0.211832383379046,0.665086609416586,-0.506886317294717,0.323481367069704,5,0.159840296374977,76.8137861304544,0.999626430124647
"Sst-9","SLC44A5",-0.0510536812445828,0.10931011242862,0.64046153197902,-0.265297564750703,0.163190202261537,5,0.0286681145843957,50.4277096599224,0.999626430124647
"Sst-9","TULP4",-0.00874802217837578,0.123890539561224,0.943707437188964,-0.25156901774361,0.234072973386859,5,0.0271965989111501,35.7207437082049,0.999626430124647
"Sst-9","GSR",-0.161506329265462,0.13818243303433,0.242488007227531,-0.432338921308867,0.109326262777943,5,0.021515141039446,21.1886212580753,0.999626430124647
"Sst-9","GRIK1",-0.0340409296359244,0.0587760309408968,0.562478881435695,-0.149239833434294,0.0811579741624451,5,2.8259080586209e-06,0.0141026260765881,0.999626430124647
"Sst-9","PDZRN3",-0.0813667824081972,0.0951466625307962,0.392455814160612,-0.267850814217744,0.10511724940135,5,0.0174733505171298,39.5515339263824,0.999626430124647
"Sst-9","WDR45B",0.145243067752689,0.194258353740384,0.454653253958649,-0.235496309274505,0.525982444779883,5,0.0772033315411348,42.5159186992133,0.999626430124647
"Sst-9","DNAJC13",-0.0426061519322763,0.191702416713564,0.8241180960703,-0.418335984440151,0.333123680575598,5,0.109020760189629,64.3227137914754,0.999626430124647
"Sst-9","HS6ST2",0.213837253782663,0.130743365293675,0.101933893934101,-0.042415033410504,0.470089540975831,5,1.77205182516339e-06,0.00167943158529604,0.999626430124647
"Sst-9","B4GALT5",-0.183545938361786,0.0909343810354086,0.0435450607834323,-0.361774050147629,-0.00531782657594346,5,0,0,0.999626430124647
"Sst-9","PDS5B",-0.123518300140801,0.0732674363530788,0.0918236622157338,-0.267119836632416,0.0200832363508143,5,0,0,0.999626430124647
"Sst-9","OXR1",-0.0168394770895596,0.0645389084940065,0.794154379382733,-0.143333413339338,0.109654459160219,5,0.00418543286935469,19.2812597292555,0.999626430124647
"Sst-9","RPS6KL1",0.0496413340130871,0.388333790749459,0.898282233450818,-0.711478909835766,0.81076157786194,5,0.546991295447623,79.8096687969022,0.999626430124647
"Sst-9","PIP5K1B",-0.00271140335928508,0.150615060834239,0.985637093524033,-0.297911498123702,0.292488691405132,5,0.0509105392061343,46.5072422812569,0.999626430124647
"Sst-9","NDUFS8",0.127828285007269,0.175579259213065,0.466590630833672,-0.21630073948256,0.471957309497099,5,0.0276199139551354,15.9051920020484,0.999626430124647
"Sst-9","CD63",0.116762491615278,0.304212161595445,0.701112400140799,-0.479482388770873,0.713007372001428,5,0.197911421452442,45.5226609862606,0.999626430124647
"Sst-9","SMCHD1",-0.0267974853426867,0.0884449460155064,0.761901350005571,-0.200146394147669,0.146551423462295,5,0.0102666025363826,24.2816823000803,0.999626430124647
"Sst-9","NKAIN3",0.290890540530196,0.192178701550476,0.130115624325454,-0.0857727931044092,0.667553874164802,5,1.07601575128658e-06,0.000432986543934219,0.999626430124647
"Sst-9","RPL38",0.103360713778389,0.159963626820517,0.51818134129052,-0.21016223362623,0.416883661183008,5,0,0,0.999626430124647
"Sst-9","PLCL2",-0.0915659873268065,0.0763378566924222,0.230340058918472,-0.241185437100934,0.0580534624473208,5,3.13984212416359e-06,0.00709046400937482,0.999626430124647
"Sst-9","LNX1",0.0372765019412986,0.236774432025534,0.874902300177547,-0.426792857288675,0.501345861171273,5,0.158304190322008,62.0228681203078,0.999626430124647
"Sst-9","HIBADH",0.00693780744553443,0.154305668805235,0.964138032002958,-0.295495746023091,0.30937136091416,5,0.0535569827932482,47.9510461797785,0.999626430124647
"Sst-9","PHF20L1",-0.229204634698039,0.067918671851978,0.000738982038234394,-0.36232278540571,-0.0960864839903674,5,0,0,0.64602172787953
"Sst-9","NMT1",0.224449594502736,0.134104846036703,0.0941920463692858,-0.0383910738814905,0.487290262886962,5,0.024111384710817,26.1609683967152,0.999626430124647
"Sst-9","TLE2",-0.452487547487528,0.142228746064415,0.00146561502122226,-0.731250767340074,-0.173724327634983,5,2.98587874987634e-06,0.00232869111518734,0.756390588679887
"Sst-9","TMEM179",-0.264554661341622,0.313857049686661,0.399276257677946,-0.879703175021476,0.350593852338232,5,0.299214032924456,64.1544455490788,0.999626430124647
"Sst-9","SRFBP1",-0.225931511648913,0.117981716184608,0.0554962597802506,-0.457171426204972,0.00530840290714518,5,4.96498712091121e-06,0.00478345488040106,0.999626430124647
"Sst-9","FIGN",0.0823626243144342,0.174421523063632,0.636780843481958,-0.259497279018906,0.424222527647775,5,1.54140551344429e-07,9.38823423759409e-05,0.999626430124647
"Sst-9","PRMT3",-0.194203449768094,0.10297598180403,0.0593070628882162,-0.396032665376644,0.00762576584045666,5,0,0,0.999626430124647
"Sst-9","TPK1",-0.0715618438258653,0.1022318069695,0.483929876553236,-0.271932503560537,0.128808815908806,5,1.57178585016338e-10,2.07918633513105e-07,0.999626430124647
"Sst-9","PPP3CB",-0.10119243491678,0.0718230887571404,0.158861094879372,-0.241963102139199,0.0395782323056392,5,0,0,0.999626430124647
"Sst-9","ITGB1",-0.0620042876484776,0.143582184260909,0.665858934385531,-0.343420197621452,0.219411622324497,5,0.0240016414297409,21.6424151236835,0.999626430124647
"Sst-9","UNC79",-0.0678353138392016,0.0830862213366148,0.414245779220501,-0.23068131527049,0.0950106875920867,5,0.0135102826752777,40.2858231086172,0.999626430124647
"Sst-9","CAMK2D",-0.0782652419142352,0.243202437026813,0.747595810514746,-0.55493325943916,0.398402775610689,5,0.235807112361997,82.5007095839191,0.999626430124647
"Sst-9","OSBP",-0.218738182800057,0.212827718122844,0.304057502996061,-0.635872845232674,0.19839647963256,5,0.0944023907626539,43.6136759249038,0.999626430124647
"Sst-9","SIRT1",0.101548963101102,0.323027738085191,0.75324301696573,-0.531573769553309,0.734671695755513,5,0.357555659652987,74.6072725184634,0.999626430124647
"Sst-9","NDUFB2",0.263035610933456,0.230085488215947,0.252952169148194,-0.187923659335115,0.713994881202027,5,0.121074705519989,48.1705015011024,0.999626430124647
"Sst-9","FBXL17",-0.0144030461806624,0.0611939421605254,0.813923749790182,-0.134340968887319,0.105534876525995,5,1.12143250743875e-07,0.000489577573222673,0.999626430124647
"Sst-9","TCF12",-0.13140107962556,0.186390679412302,0.480824757854492,-0.496720098327624,0.233917939076503,5,0.136525522272323,82.1769907563361,0.999626430124647
"Sst-9","FIS1",0.280117626048209,0.233714353705363,0.230704156214504,-0.177954089884357,0.738189341980776,5,0.0912411253209668,33.7621965649933,0.999626430124647
"Sst-9","RAB8B",-0.0847797998025698,0.133552071903882,0.525554249987717,-0.346537050794882,0.176977451189742,5,0.0247279260164572,27.3242578187563,0.999626430124647
"Sst-9","ADAM10",-0.115151809450891,0.118035979323458,0.329279911007406,-0.346498077804783,0.116194458903002,5,0.0197659892931857,28.149024855413,0.999626430124647
"Sst-9","CEP44",-0.0731501290211081,0.222585758860647,0.742429354755135,-0.509410199859493,0.363109941817277,5,0.117827032394988,50.5090931963658,0.999626430124647
"Sst-9","TNRC18",0.156061158100234,0.132569511702053,0.239114698592358,-0.103770310283851,0.41589262648432,5,0.0339698598980055,39.6863980516595,0.999626430124647
"Sst-9","HDAC3",0.191604066036817,0.133479411772554,0.151156678442407,-0.0700107737149791,0.453218905788614,5,3.66315657551551e-07,0.000327379965162298,0.999626430124647
"Sst-9","ZNF592",-0.156516095686429,0.239742877300557,0.513853098075011,-0.626403500745527,0.313371309372668,5,0.142419083202486,52.8760109231637,0.999626430124647
"Sst-9","EFR3A",-0.231546266461072,0.0846194148108948,0.0062129527979188,-0.397397271883281,-0.0656952610388627,5,0.00396165056362235,9.55950524297684,0.999626430124647
"Sst-9","MARK1",-0.0804120586806387,0.0768408676327193,0.295341711020102,-0.231017391781578,0.0701932744203006,5,0,0,0.999626430124647
"Sst-9","GPATCH2",0.133786805772103,0.189061238853019,0.479170453714946,-0.23676641325234,0.504340024796545,5,0.0936927529511928,55.7474688184247,0.999626430124647
"Sst-9","ADPGK",-0.403678999462605,0.186693967073133,0.0305989241627208,-0.769592451056853,-0.0377655478683573,5,0.0221187409186685,11.7495975152193,0.999626430124647
"Sst-9","DMXL2",0.0256509354663136,0.111577644883281,0.818174804765223,-0.193037229984717,0.244339100917344,5,0.0276458868113011,46.8045113653698,0.999626430124647
"Sst-9","SHOC2",-0.0582351282503725,0.141097518178063,0.679804704381986,-0.334781182187361,0.218310925686616,5,0.0380523460692865,39.4373912184948,0.999626430124647
"Sst-9","MLEC",-0.00370334083035286,0.152876502787359,0.980673619229959,-0.303335780376014,0.295929098715309,5,0.0178819478531216,12.3265447768963,0.999626430124647
"Sst-9","SHC2",-0.112531323842261,0.10344288095766,0.276657124516314,-0.315275644976338,0.0902129972918161,5,5.65706560226187e-07,0.000768845516956545,0.999626430124647
"Sst-9","NAT14",-0.200364187113936,0.16735334414464,0.231208204936187,-0.528370714329769,0.127642340101896,5,0,0,0.999626430124647
"Sst-9","GALNT7",-0.0939400482413204,0.145950688389646,0.519807362813732,-0.379998141003856,0.192118044521215,5,0.0546675181724764,54.3649637729652,0.999626430124647
"Sst-9","ELAVL2",-0.0825857737624993,0.0646705788265345,0.201594361080506,-0.209337779121866,0.0441662315968669,5,8.01824217757211e-06,0.031395090414202,0.999626430124647
"Sst-9","TSEN15",-0.125571370581923,0.134145720447609,0.349231060911234,-0.388492151339416,0.137349410175569,5,0,0,0.999626430124647
"Sst-9","KBTBD6",-0.0582457749867362,0.227038974787542,0.797529829634839,-0.503233988657216,0.386742438683744,5,0.0612406223357221,23.800251142078,0.999626430124647
"Sst-9","NOTCH2",-0.225974890373837,0.269288328704838,0.401381829587491,-0.753770316092304,0.30182053534463,5,0.205501241139646,60.5034136320783,0.999626430124647
"Sst-9","RPL32",0.116622501460296,0.161204232953947,0.469406132354772,-0.199331989284844,0.432576992205437,5,0.0162470258070473,11.5866999553683,0.999626430124647
"Sst-9","RAB3C",0.0186764471756236,0.107787588532868,0.862438534772342,-0.192583344329221,0.229936238680468,5,0.0305787655233152,56.4518809416565,0.999626430124647
"Sst-9","PDIA2",-0.112387758867932,0.139215784571218,0.419498397311608,-0.385245682707005,0.160470164971141,5,6.84680862321307e-06,0.00621246131160093,0.999626430124647
"Sst-9","RHBDD1",-0.115103054824632,0.157758119688277,0.465624138741137,-0.424303287682414,0.194097178033149,5,0.0245375468025,18.4958157233182,0.999626430124647
"Sst-9","DPYD",-0.118320649600748,0.229535420029685,0.606218459752463,-0.568201806035204,0.331560506833707,5,0.165344638154823,66.7816989988001,0.999626430124647
"Sst-9","GPX4",0.178411162615691,0.213485707577033,0.403320646179107,-0.240013135449344,0.596835460680725,5,0.0923223477013942,41.2139692782312,0.999626430124647
"Sst-9","DEGS1",0.444073761478523,0.273097340610186,0.103936035542869,-0.0911871903911089,0.979334713348155,5,0.167144296505887,47.7166000191057,0.999626430124647
"Sst-9","APLP1",-0.199147954966125,0.270574593086817,0.461719329462433,-0.729464412547867,0.331168502615616,5,0.239688433068152,69.3956484765969,0.999626430124647
"Sst-9","BCAS3",-0.0586545714749243,0.0861694220031351,0.496068343774798,-0.227543535169702,0.110234392219854,5,0.0130542702608664,35.4791701299066,0.999626430124647
"Sst-9","TDP2",-0.0972731530091361,0.292364130611733,0.739351436414773,-0.670296319379496,0.475750013361224,5,0.277926530343557,69.8240596451887,0.999626430124647
"Sst-9","CCNC",0.106580212534181,0.120032926713368,0.374581203123123,-0.128680000782956,0.341840425851318,5,0.00994856651870614,11.5552790455318,0.999626430124647
"Sst-9","TRHDE",0.00349225088833373,0.0956268594720847,0.970868082017894,-0.183932949631625,0.190917451408293,5,0.0221300280305522,51.3309503484367,0.999626430124647
"Sst-9","TBC1D15",-0.12479719249412,0.0819574911277678,0.127832187602963,-0.285430923367806,0.0358365383795659,5,0,0,0.999626430124647
"Sst-9","NCL",0.132852203866721,0.15339382776292,0.386443155203578,-0.167794173999343,0.433498581732786,5,0,0,0.999626430124647
"Sst-9","URI1",0.0440817765094163,0.129022663473396,0.73260740022609,-0.208797997087872,0.296961550106704,5,0.0282564728309879,34.4375884716138,0.999626430124647
"Sst-9","RAB18",-0.0973529527254891,0.181506228123283,0.591708734354431,-0.453098622816835,0.258392717365857,5,0.0824937959744309,52.8601983670329,0.999626430124647
"Sst-9","CPNE3",0.112393784442503,0.168808221402827,0.505534133107151,-0.218464249801302,0.443251818686308,5,0.0632024768503052,46.2554198173589,0.999626430124647
"Sst-9","DDHD2",-0.100894841015116,0.134309627558681,0.452525809379258,-0.364136873807119,0.162347191776886,5,0.0228874187841489,24.1549421554243,0.999626430124647
"Sst-9","VMA21",-0.141013030561719,0.173407612287134,0.416110142423187,-0.480885705289587,0.198859644166148,5,1.92750262382648e-06,0.00114904524876392,0.999626430124647
"Sst-9","FGD4",-0.0750554230169583,0.210282169946326,0.721146317489467,-0.487200902702688,0.337090056668772,5,0.0617824700391937,27.7415142500976,0.999626430124647
"Sst-9","MIA3",0.0398232890257601,0.152903544586643,0.794518894103317,-0.259862151472574,0.339508729524094,5,0.0553018259175654,50.5713958004561,0.999626430124647
"Sst-9","MRPS22",0.216462547055888,0.21546475951462,0.315074630869571,-0.205840621530351,0.638765715642127,5,0.0587319955403318,25.2381715004938,0.999626430124647
"Sst-9","THAP12",-0.00745727663323714,0.162523673308821,0.963402508731732,-0.325997822953681,0.311083269687207,5,0,0,0.999626430124647
"Sst-9","C2CD2L",-0.323748336097875,0.192038298118938,0.0918241214125797,-0.700136484063359,0.0526398118676085,5,0,0,0.999626430124647
"Sst-9","SEL1L",-0.0130963350176147,0.188642539854126,0.944652061079576,-0.382828919083863,0.356636249048633,5,0.0939143073596738,56.8036606768079,0.999626430124647
"Sst-9","CBLN2",0.142496619828969,0.242734446460483,0.55717188899578,-0.333254153040844,0.618247392698783,5,0.0499244819252208,16.2227058897413,0.999626430124647
"Sst-9","ADAMTS17",-0.0255998900380993,0.23640889846798,0.913768438282773,-0.488952816660126,0.437753036583927,5,0.193818444948256,71.7092583635473,0.999626430124647
"Sst-9","DCAKD",0.292004074216428,0.225032456160682,0.194421829042714,-0.149051435211097,0.733059583643953,5,0.115357890895443,48.6488736842982,0.999626430124647
"Sst-9","KLF5",-0.0134362601937297,0.275959283911734,0.961166915164333,-0.554306517860191,0.527433997472732,5,0.241725310682958,69.1432103676752,0.999626430124647
"Sst-9","RB1",-0.0531490445243755,0.0856285380433584,0.534801556381757,-0.220977895138176,0.114679806089425,5,0.00340336266774896,7.8860430143888,0.999626430124647
"Sst-9","ARMCX3",0.16590548090276,0.209215774101531,0.427785141139704,-0.244149901333908,0.575960863139429,5,0.0892524513186583,43.143642379871,0.999626430124647
"Sst-9","NRBP2",0.322801097424825,0.327478088487733,0.324271437622199,-0.319044161737152,0.964646356586802,5,0.325697418469284,63.0507934027507,0.999626430124647
"Sst-9","NCOR2",0.028742024178976,0.163893269507476,0.860788616937612,-0.292482881364193,0.349966929722145,5,0.0616792363320977,48.493692838375,0.999626430124647
"Sst-9","STARD3NL",0.195498076171056,0.12849426484652,0.128146018844457,-0.0563460551480745,0.447342207490187,5,0,0,0.999626430124647
"Sst-9","TRAPPC13",0.225451179487354,0.10718090403403,0.035425223832249,0.0153804677502122,0.435521891224496,5,0,0,0.999626430124647
"Sst-9","MTMR2",0.0302865712949133,0.112763796831775,0.788249691803679,-0.190726409255357,0.251299551845184,5,0.00316439620935056,3.43446223834392,0.999626430124647
"Sst-9","MAP2K7",-0.079396109914109,0.207812405568597,0.702419351046091,-0.486700940369191,0.327908720540973,5,0.0849783362702501,40.9090157550613,0.999626430124647
"Sst-9","RFK",-0.0171091124768919,0.254513240342577,0.946404272394555,-0.515945897136931,0.481727672183147,5,0.120665171639169,38.6021697770439,0.999626430124647
"Sst-9","SYCE1",-0.0932423166890114,0.319122227872218,0.770146165514276,-0.718710389984742,0.53222575660672,5,0.2285913709636,47.9834357653505,0.999626430124647
"Sst-9","ANXA7",0.13876423203553,0.0838347652768929,0.0978816892881207,-0.0255488885595488,0.30307735263061,5,6.23543329839678e-07,0.00110036092608386,0.999626430124647
"Sst-9","ALG5",-0.0968714101995777,0.135145686384963,0.473502159353895,-0.361752088180051,0.168009267780896,5,0.00517684581189663,3.83713732997048,0.999626430124647
"Sst-9","RPL8",0.149164546163798,0.194508103771103,0.443152341441016,-0.232064331928742,0.530393424256339,5,0.0637397612588945,34.3205316473302,0.999626430124647
"Sst-9","AP3B2",-0.207640368788597,0.235529249215095,0.37799824790327,-0.669269214555943,0.253988476978748,5,0.193327828545474,74.8965240286575,0.999626430124647
"Sst-9","SMAD4",0.0697452161902123,0.142126101537951,0.623619045818407,-0.208816824087254,0.348307256467679,5,4.72019487570065e-06,0.00345510316101046,0.999626430124647
"Sst-9","EIF4H",0.170387146532857,0.191546772967088,0.373716777587158,-0.205037629837506,0.545811922903219,5,0.0545677791023063,30.2529511748645,0.999626430124647
"Sst-9","PPP1R10",0.0532014646002614,0.195510845283321,0.785533474593284,-0.329992750742029,0.436395679942552,5,0.0736430590521188,39.8530945922891,0.999626430124647
"Sst-9","HACD2",-0.0905930790588835,0.171415548556777,0.597152502327914,-0.426561380620344,0.245375222502577,5,0.0483618654685504,33.4370885785438,0.999626430124647
"Sst-9","ALDH5A1",0.0515119735413767,0.106018359391628,0.627053766943618,-0.156280192566238,0.259304139648991,5,3.41236186235612e-06,0.00441436247931309,0.999626430124647
"Sst-9","UBA5",-0.18728013278137,0.124114413264704,0.131316319840462,-0.43053991274251,0.0559796471797705,5,2.57549632638877e-06,0.00246711671607851,0.999626430124647
"Sst-9","NME5",-0.163941831519135,0.104980482760622,0.118372572848844,-0.369699796809582,0.0418161337713114,5,4.28462578921416e-06,0.00596693943370829,0.999626430124647
"Sst-9","CLTA",0.149567125828119,0.177053574025614,0.398246906469868,-0.19745150259618,0.496585754252419,5,0.0606977197199982,40.7611736132934,0.999626430124647
"Sst-9","LINS1",0.00658572763840402,0.144869361286567,0.963740841748044,-0.277353002946589,0.290524458223397,5,0.00423341404920553,3.10008047082715,0.999626430124647
"Sst-9","SMARCA4",-0.0200337986683781,0.0929790057757287,0.829404149965606,-0.202269301307148,0.162201703970392,5,1.17087929488197e-06,0.00193978622041495,0.999626430124647
"Sst-9","UCHL5",0.0329310738333285,0.189630977227583,0.862133676791873,-0.338738811885869,0.404600959552526,5,0.0633863943012055,36.7168104532048,0.999626430124647
"Sst-9","RUFY1",0.0369940299026965,0.14075676070795,0.792687468314717,-0.238884151665408,0.312872211470801,5,0.0130227574804801,11.0549987771167,0.999626430124647
"Sst-9","ATP6V1G1",0.0860219275899596,0.187219532984247,0.645896043365494,-0.280921614261573,0.452965469441492,5,0.0280156977359027,15.2225024494005,0.999626430124647
"Sst-9","ADAMTSL1",-0.0255687135289411,0.231389922776811,0.912012414398392,-0.479084628556995,0.427947201499113,5,0.125099862733736,49.4456580016905,0.999626430124647
"Sst-9","SPTLC2",-0.0771434760421286,0.185010056266744,0.676701011865141,-0.439756523102676,0.285469571018419,5,0.0635554558562252,37.8912266406266,0.999626430124647
"Sst-9","MAK",0.431782498803471,0.24036342944849,0.0724351330049155,-0.0393211661161046,0.902886163723046,5,0.139148649398565,51.6142318398927,0.999626430124647
"Sst-9","CLOCK",-0.0674030241057423,0.0889735959712882,0.448713177023943,-0.241788067784485,0.106982019573001,5,0.00628367532052296,14.5895581599905,0.999626430124647
"Sst-9","APIP",0.0509413818274049,0.135436064094788,0.706821267584018,-0.214508426006238,0.316391189661048,5,0,0,0.999626430124647
"Sst-9","MGAT4C",0.0575448472424369,0.109715807136135,0.599937750771944,-0.15749418327913,0.272583877764004,5,0.0121338789443255,19.6227644770863,0.999626430124647
"Sst-9","CNTNAP2",-0.0372227579077409,0.0924366968398103,0.687180872376244,-0.218395354563616,0.143949838748135,5,0.0252684253227646,64.9756506612046,0.999626430124647
"Sst-9","SYNDIG1",-0.13889939193442,0.22360452173236,0.53447903421096,-0.57715620131015,0.29935741744131,5,1.45688719969549e-06,0.000502979494159631,0.999626430124647
"Sst-9","LRRC49",0.176727943670939,0.14734309461378,0.230360219326952,-0.112059215142748,0.465515102484625,5,0.0557103294151197,55.1079665034333,0.999626430124647
"Sst-9","FOXRED1",0.186388819228835,0.190750151144443,0.32850188039695,-0.187474607059844,0.560252245517514,5,0.0805375476362823,46.2938406485831,0.999626430124647
"Sst-9","PARN",-0.122189480253065,0.099026203214825,0.217236225115126,-0.316277272079867,0.071898311573736,5,0,0,0.999626430124647
"Sst-9","CCDC28A",0.263856087551761,0.151784342026305,0.0821471000215033,-0.033635756236905,0.561347931340427,5,0,0,0.999626430124647
"Sst-9","DPP8",0.0228960995876896,0.0836814324045637,0.784384138251377,-0.141116494099978,0.186908693275357,5,1.65195371814034e-06,0.00292406393756317,0.999626430124647
"Sst-9","IPO8",-0.168187547657304,0.119164104102502,0.158128357113992,-0.401744899948189,0.065369804633581,5,6.74445947877017e-07,0.000734945612478419,0.999626430124647
"Sst-9","TMEM127",0.118400219800715,0.160895708060906,0.461802647264389,-0.196949573265733,0.433750012867162,5,0,0,0.999626430124647
"Sst-9","PHF14",-0.0949832740481136,0.107321102309408,0.376136034651829,-0.305328769355692,0.115362221259465,5,0.0270575372600591,49.2036891219889,0.999626430124647
"Sst-9","ATL2",-0.0247080643122688,0.0926748962529569,0.789769370434479,-0.20634752323905,0.156931394614513,5,0,0,0.999626430124647
"Sst-9","XPC",0.194282089035706,0.12499441286902,0.120106630338128,-0.0507024584563018,0.439266636527714,5,3.27679876826881e-06,0.00289038414583729,0.999626430124647
"Sst-9","C2orf49",0.206584084273652,0.14748259875344,0.161293238384649,-0.0824764976294621,0.495644666176766,5,8.79872268169346e-07,0.00055831004197743,0.999626430124647
"Sst-9","PLXNA2",-0.028499604876713,0.130027849228564,0.826509230052961,-0.283349506351904,0.226350296598478,5,0.0335914842352766,41.4234143490777,0.999626430124647
"Sst-9","FAM193A",-0.184747241920906,0.114554017668714,0.106798358721003,-0.40926899083595,0.0397745069941385,5,0.017664318197303,26.4054940550391,0.999626430124647
"Sst-9","PHAX",0.344166713056662,0.255003217254717,0.177126237870452,-0.155630408704427,0.843963834817751,5,0.165611318381077,53.3133880871866,0.999626430124647
"Sst-9","HPCAL4",0.0719784194600862,0.128063988565923,0.57408166231755,-0.179022385845672,0.322979224765845,5,0,0,0.999626430124647
"Sst-9","UBE3C",-0.0131094435998128,0.079737043349687,0.869409612987183,-0.169391176798908,0.143172289599283,5,0.00218409431761705,5.58304884287151,0.999626430124647
"Sst-9","GAN",0.172288844188726,0.144323073502486,0.232567167044156,-0.110579182014273,0.455156870391725,5,0.0145082061891725,12.1244529459739,0.999626430124647
"Sst-9","SRSF2",0.113707192138929,0.145021121345356,0.432997089212924,-0.170528982695581,0.397943366973439,5,0.0119466798253394,9.48659240553926,0.999626430124647
"Sst-9","SLC18B1",-0.140720310733923,0.224852665558365,0.531424214452507,-0.581423437056149,0.299982815588302,5,0.122652098413703,50.8443698704628,0.999626430124647
"Sst-9","LGR5",0.0439212518607712,0.228076413679113,0.847293760632116,-0.403100304673349,0.490942808394892,5,0.0724302439384323,27.9912868213241,0.999626430124647
"Sst-9","PHTF2",-0.125480356540473,0.152936065106584,0.411944859226502,-0.425229536086649,0.174268823005704,5,0.0680082594738578,61.8933625996377,0.999626430124647
"Sst-9","ZNF667",-0.0424242059444533,0.118229984788948,0.719723910519605,-0.274150718023511,0.189302306134604,5,0.00297105453943581,2.94957962350062,0.999626430124647
"Sst-9","ARHGEF12",-0.135815522121165,0.145373464859373,0.350173663190027,-0.420742277553335,0.149111233311005,5,0.0690285473770634,70.2409333313311,0.999626430124647
"Sst-9","SLC45A4",0.0587779088589225,0.123787464752451,0.634908683886828,-0.183841063793403,0.301396881511248,5,0,0,0.999626430124647
"Sst-9","IGSF11",-0.0513920482980432,0.264635223505419,0.846019614562075,-0.570067555409371,0.467283458813285,5,0.148304422535718,44.0157747767036,0.999626430124647
"Sst-9","IBTK",-0.0404361404668851,0.105254307894668,0.700848276466331,-0.246730793158124,0.165858512224354,5,0.0151258352502026,26.2579762725647,0.999626430124647
"Sst-9","SPOCK3",-0.116044283071841,0.130333441823637,0.373270142981193,-0.371493135027316,0.139404568883634,5,0.056946860433927,72.2213199329491,0.999626430124647
"Sst-9","TRAPPC3",0.0731259657016913,0.273164565247254,0.788930780782215,-0.462266744035469,0.608518675438851,5,0.206395557447989,58.5615094652691,0.999626430124647
"Sst-9","TUB",-0.0639942603549274,0.275893642023783,0.816574793567712,-0.604735862285129,0.476747341575274,5,0.23526096432169,67.392434845353,0.999626430124647
"Sst-9","KLHL22",-0.0834733910829406,0.159135973236123,0.599902098694083,-0.395374167270471,0.22842738510459,5,0.0523620669643346,43.1647806868106,0.999626430124647
"Sst-9","TAF3",-0.0759828245502219,0.11493696867522,0.508559374207271,-0.301255143645862,0.149289494545418,5,0.00103845315022509,1.26986998067647,0.999626430124647
"Sst-9","ZHX2",-0.0664327749287392,0.23049321230526,0.773178269622603,-0.518191169727993,0.385325619870515,5,0.118236820804228,46.1133177084141,0.999626430124647
"Sst-9","USP22",-0.183314240026331,0.0776954519011762,0.0183047733334419,-0.3355945275152,-0.0310339525374615,5,0,0,0.999626430124647
"Sst-9","DENND1A",-0.106224139732937,0.0707360464627067,0.133175265916772,-0.244864243208594,0.0324159637427198,5,0,0,0.999626430124647
"Sst-9","FGGY",0.391732055050622,0.113415857254484,0.000552451440466103,0.169441059556098,0.614023050545146,5,0,0,0.64602172787953
"Sst-9","UTP18",-0.0157369813667059,0.190343732026815,0.934108655010673,-0.388803840822207,0.357329878088795,5,0.0387485126135886,19.4925505290193,0.999626430124647
"Sst-9","PALLD",-0.0733447894097265,0.11267106577887,0.515069830631489,-0.294176020436056,0.147486441616603,5,0.0206888650757023,32.7590774834856,0.999626430124647
"Sst-9","PAPSS2",0.116177079018808,0.129966422509752,0.371375011032329,-0.138552428299821,0.370906586337438,5,0.00520818267532117,5.18653904931735,0.999626430124647
"Sst-9","AFDN",-0.0220453487484342,0.092646736633462,0.811919391021831,-0.203629615835187,0.159538918338319,5,0.00829780203518702,17.7276705573076,0.999626430124647
"Sst-9","SYN2",-0.0543722326542262,0.129855081581323,0.675424644802623,-0.30888351576313,0.200139050454677,5,0.0546734039456992,69.4794267443055,0.999626430124647
"Sst-9","CARMIL1",-0.327772732033153,0.137191610111304,0.0168869379394178,-0.596663346832369,-0.0588821172339359,5,0,0,0.999626430124647
"Sst-9","IGF1",-0.185449807651718,0.265886297228075,0.485503785436564,-0.706577374201457,0.335677758898021,5,0.273007144460345,80.6531601545743,0.999626430124647
"Sst-9","P4HA1",-0.0670104341478539,0.201678185373526,0.739689795347478,-0.462292413947358,0.32827154565165,5,0.0916298548088018,48.1289609569218,0.999626430124647
"Sst-9","DICER1",-0.0674540974473908,0.101116568760964,0.504713095970188,-0.265638930459148,0.130730735564366,5,0.0123008572539611,22.0027446816535,0.999626430124647
"Sst-9","PTPRE",-0.159709765741624,0.253873432354326,0.52928877489146,-0.657292549787668,0.337873018304419,5,0.222259100160508,76.1714644073277,0.999626430124647
"Sst-9","MDH2",0.172486647841703,0.17998335071386,0.337887408901717,-0.180274237374304,0.52524753305771,5,0.0230496625418265,13.1320835714197,0.999626430124647
"Sst-9","FRYL",-0.104576667938537,0.129447287872892,0.419165033877789,-0.358288690065794,0.149135354188719,5,0.0472744307161431,59.9996245831753,0.999626430124647
"Sst-9","ZNF638",-0.147562150187925,0.116442888715793,0.205066221221682,-0.375786018326686,0.0806617179508352,5,0.0401791104863217,63.5204162723937,0.999626430124647
"Sst-9","LMO3",-0.154588627832999,0.315052103470894,0.623655350035939,-0.772079403889538,0.462902148223539,5,0.283381108907743,61.3978737100596,0.999626430124647
"Sst-9","UNC5C",-0.114413195006535,0.156102022526778,0.46359589011422,-0.420367537072879,0.191541147059809,5,0.0723771029242517,62.1000373092675,0.999626430124647
"Sst-9","SERP2",0.267788017914912,0.122019829473655,0.0281903618157199,0.0286335467468287,0.506942489082996,5,0,0,0.999626430124647
"Sst-9","CKAP2",-0.109259438539536,0.239150638816221,0.647768437114471,-0.577986077499075,0.359467200420003,5,0.106443397108524,38.4267435965146,0.999626430124647
"Sst-9","DDX25",0.129197344652306,0.212512295011725,0.543219091638391,-0.287319099842626,0.545713789147239,5,0.110172804090313,51.7804567745717,0.999626430124647
"Sst-9","RNF115",-0.211988508544356,0.135477096015707,0.117640288635664,-0.477518737465217,0.0535417203765043,5,0.0344304377427581,38.5050111870966,0.999626430124647
"Sst-9","DNAJA1",-0.0357656976470909,0.171526768481498,0.834827811557628,-0.371951986255367,0.300420590961185,5,0.0158983684640701,9.69028668372087,0.999626430124647
"Sst-9","VPS45",-0.167969439379955,0.168959761340482,0.320155341254312,-0.499124486443783,0.163185607683873,5,0.0748853144646646,55.7072687137045,0.999626430124647
"Sst-9","NDUFAF2",-0.0483701741697553,0.164275337864548,0.768417316189435,-0.370343919932418,0.273603571592907,5,0.0674933736565981,53.1069207793516,0.999626430124647
"Sst-9","EFCAB14",0.09924359286291,0.197550641843356,0.615407003890342,-0.28794855027284,0.48643573599866,5,0.0485502136278558,23.7631659071039,0.999626430124647
"Sst-9","RBCK1",0.126830649789273,0.257432689349345,0.622242246119525,-0.37772814977873,0.631389449357276,5,0.141011065691081,44.6027710861333,0.999626430124647
"Sst-9","SAMD12",-0.0708891284914239,0.0926016542262751,0.443957396948394,-0.252385035683754,0.110606778700907,5,0.0173854292255934,41.8778346678525,0.999626430124647
"Sst-9","NCAN",0.426326253878149,0.229268655394684,0.0629555647441394,-0.0230320534793557,0.875684561235654,5,0.112108721886855,44.3264285910607,0.999626430124647
"Sst-9","RPL13",0.144979262995389,0.126168697964098,0.250518630077735,-0.102306840990556,0.392265366981333,5,0.00415458408541557,4.75815829534616,0.999626430124647
"Sst-9","STMN4",0.168430984551829,0.124465246005681,0.175979906763165,-0.0755164149462232,0.412378384049882,5,0,0,0.999626430124647
"Sst-9","MIR4435-2HG",-0.0361713881965381,0.224813583452622,0.872176076994042,-0.476797914999067,0.40445513860599,5,0.0922818870612473,37.3132210943726,0.999626430124647
"Sst-9","UBE2B",0.214668534821175,0.0969366388356596,0.0267927382660778,0.024676213920915,0.404660855721434,5,0.00669275575337349,11.7947592305201,0.999626430124647
"Sst-9","PPP2R1A",-0.184374832388877,0.219473845234736,0.400865463000304,-0.614535664597477,0.245785999819723,5,0.126665164251159,57.0431452956182,0.999626430124647
"Sst-9","TOP1",-0.165003405025843,0.0958382976384423,0.085126509868061,-0.35284301673682,0.0228362066851337,5,0.00363047747377162,5.98967853117859,0.999626430124647
"Sst-9","ZNF385B",-0.228608225131053,0.14197347425144,0.107350301808205,-0.506871121423901,0.0496546711617948,5,0.0169242686744198,16.3819947482512,0.999626430124647
"Sst-9","DPY19L2",-0.112822357873014,0.13647006625104,0.408396510958916,-0.380298772692848,0.15465405694682,5,0.0221141930291413,23.3761280740229,0.999626430124647
"Sst-9","PISD",0.303730999282314,0.17646270425611,0.0852110502732665,-0.0421295456742051,0.649591544238833,5,0.0669978482980586,44.9656292942253,0.999626430124647
"Sst-9","SRGAP3",-0.0112432026702756,0.0961581520261181,0.906920222461711,-0.199709717461394,0.177223312120843,5,0.021302259315725,49.4461036959559,0.999626430124647
"Sst-9","DLEU2",-0.020352210619116,0.177115367318117,0.908516978948882,-0.367491951671209,0.326787530432977,5,0.105984665596089,70.901315721569,0.999626430124647
"Sst-9","PSMD7",0.0931355538270103,0.177859274215107,0.600523778206057,-0.255462217951034,0.441733325605054,5,0.0259875478652338,15.3368945422293,0.999626430124647
"Sst-9","IDI1",0.104582986606141,0.240076333957362,0.663109634378359,-0.365957981490699,0.57512395470298,5,0.135794399872996,49.339953928344,0.999626430124647
"Sst-9","RDX",0.0789228858398527,0.121777502601574,0.516926188163727,-0.159756633386466,0.317602405066171,5,0.0272552118322121,37.5515271010877,0.999626430124647
"Sst-9","ZBTB44",-0.046651052968764,0.168104369311753,0.781386658406823,-0.376129562463621,0.282827456526093,5,0.056692290277572,41.8346845526322,0.999626430124647
"Sst-9","STRIP1",-0.00840953697450205,0.239803552257305,0.972025165526619,-0.478415862763589,0.461596788814585,5,0.125441484621568,45.9963838159253,0.999626430124647
"Sst-9","SNED1",0.230627874859932,0.246830135252211,0.3501189138754,-0.253150300533553,0.714406050253417,5,0.165946146469079,57.6049384256196,0.999626430124647
"Sst-9","DGKE",-0.0810065340819743,0.10416585742289,0.436764308446069,-0.285167863049573,0.123154794885625,5,0.0140681602379405,25.2829612800521,0.999626430124647
"Sst-9","LEMD3",-0.0143682171356934,0.147695431718821,0.922501857881368,-0.303845943985677,0.27510950971429,5,0.0343928642781101,31.0810200036137,0.999626430124647
"Sst-9","CDK13",-0.0436718725465467,0.0667982948898621,0.513248891348932,-0.174594124759362,0.0872503796662689,5,1.71606281734863e-06,0.00597641195681695,0.999626430124647
"Sst-9","POC1B",-0.109244284270033,0.139649440465367,0.43405289914141,-0.382952158043323,0.164463589503257,5,3.47746988163067e-07,0.000255422482720252,0.999626430124647
"Sst-9","RTN4RL1",0.0516232324480236,0.138326237085189,0.709000237657807,-0.219491210355895,0.322737675251942,5,4.310832728277e-07,0.000318249809397701,0.999626430124647
"Sst-9","PPP4R3B",0.0224642048697223,0.0839024516490091,0.788897967335325,-0.141981578576949,0.186909988316393,5,1.66114760978266e-06,0.00312503812813445,0.999626430124647
"Sst-9","SQSTM1",0.0159201835434536,0.108250364156066,0.883078209045439,-0.196246631515781,0.228086998602688,5,0,0,0.999626430124647
"Sst-9","PIK3CD",0.136360661021549,0.122779872833838,0.266735883151963,-0.104283467759181,0.37700478980228,5,0,0,0.999626430124647
"Sst-9","KLC2",0.109285925755194,0.215562847889735,0.612169264664977,-0.313209492513572,0.531781344023961,5,0.0966296535278114,43.9890417610386,0.999626430124647
"Sst-9","SEC16A",-0.0609815967046058,0.143501358657766,0.670869596996167,-0.342239091406393,0.220275897997181,5,0,0,0.999626430124647
"Sst-9","DCTN2",0.0337407559213135,0.146221093896034,0.817507759897894,-0.252847321894963,0.32032883373759,5,0.01175393469881,9.26321372572204,0.999626430124647
"Sst-9","CPLX2",-0.021236867381426,0.133551023264161,0.873655572719623,-0.282992063077652,0.2405183283148,5,0.0265435788783419,29.6885211911502,0.999626430124647
"Sst-9","ANAPC1",0.142087688497378,0.207386704842539,0.493259349166508,-0.264382783866437,0.548558160861193,5,0.131863024917581,65.0004095960252,0.999626430124647
"Sst-9","SDCBP2-AS1",0.346664399662565,0.216874817659938,0.109941995651998,-0.0784024321046042,0.771731231429734,5,0.108019769062727,49.4441034147055,0.999626430124647
"Sst-9","HERC2",-0.0863209536570454,0.0752567356801946,0.251373505073103,-0.233821445184277,0.0611795378701865,5,2.55718171397453e-07,0.000604246100687478,0.999626430124647
"Sst-9","SRSF7",0.109250525620854,0.164346171504225,0.506204926699733,-0.21286205152447,0.431363102766178,5,0.0444779394648178,33.1085178562833,0.999626430124647
"Sst-9","SYNE1",-0.0702906053316283,0.0847440733816347,0.406852263763043,-0.236385937062852,0.0958047263995953,5,0.0122318809956138,34.8903161433099,0.999626430124647
"Sst-9","MBP",-0.0311688244269121,0.112178181565331,0.781126708801356,-0.251034020146155,0.188696371292331,5,0.0188829267086807,29.8820965390013,0.999626430124647
"Sst-9","GOLGA2",0.0525677120139855,0.19072955738891,0.782844653100597,-0.321255351255543,0.426390775283514,5,0.0667622463042846,37.6400945408339,0.999626430124647
"Sst-9","CD47",0.0800681984681354,0.138746225277946,0.563882849566867,-0.19186940606752,0.35200580300379,5,0.0489515813464637,54.0282195987835,0.999626430124647
"Sst-9","SHTN1",-0.063543357836113,0.0623596819146036,0.308211782793336,-0.18576608847611,0.0586793728038838,5,7.22710551896105e-06,0.0248730720590041,0.999626430124647
"Sst-9","IFT52",0.0605079252286347,0.205651902187374,0.768585999584976,-0.342562396410773,0.463578246868042,5,0.0892598519401117,44.4636590888626,0.999626430124647
"Sst-9","SLX4IP",-0.118445262427191,0.295506702720919,0.688551990470165,-0.697627756950377,0.460737232095995,5,0.305849708803116,75.7607540943916,0.999626430124647
"Sst-9","SOX6",0.0215649994665052,0.160678869968176,0.893235099681315,-0.293359798747715,0.336489797680725,5,0.0931713598968514,76.7747116376541,0.999626430124647
"Sst-9","PPP3CC",-0.0910208494567111,0.0861570381504739,0.290761366301661,-0.259885541246283,0.0778438423328611,5,0,0,0.999626430124647
"Sst-9","CHGB",0.0794423648533038,0.255479323253042,0.755835450886173,-0.421287907517324,0.580172637223932,5,0.177272239307196,61.0417732872585,0.999626430124647
"Sst-9","ITFG1",-0.0275412598279358,0.101340946242551,0.785800157167455,-0.226165864622545,0.171083344966674,5,0.0201969688303851,40.6419293921763,0.999626430124647
"Sst-9","ARL15",-0.108080424539317,0.186166786283494,0.561539083220102,-0.47296062077253,0.256799771693896,5,0.132489647076243,80.3130556067125,0.999626430124647
"Sst-9","TBC1D8",0.0461236693519192,0.137451929786371,0.737201047008903,-0.223277162634895,0.315524501338734,5,0.0353991519902653,38.4177689604225,0.999626430124647
"Sst-9","ZNF84",-0.150998122964414,0.115387399413313,0.190663501174064,-0.377153270084247,0.0751570241554179,5,0,0,0.999626430124647
"Sst-9","SAT1",0.174395111339696,0.217726959216271,0.423142768195164,-0.252341887187616,0.601132109867009,5,0.116728337628736,53.2217209303177,0.999626430124647
"Sst-9","HMGN2",0.504200108607413,0.176190016140769,0.00421397134974803,0.158874022535976,0.849526194678851,5,0,0,0.999626430124647
"Sst-9","GSK3B",-0.0564672545877516,0.0720183028422689,0.433000146407697,-0.197620534386297,0.0846860252107941,5,0.000614687528120823,2.00323147644953,0.999626430124647
"Sst-9","LRRC7",-0.0883380678178149,0.0848526366475123,0.297840144483114,-0.254646179640203,0.0779700440045727,5,0.0118753851535619,33.4869318034319,0.999626430124647
"Sst-9","CDH12",0.0205790668313013,0.178094191541978,0.90800793214416,-0.328479134446754,0.369637268109356,5,0.124126364560718,81.131200432605,0.999626430124647
"Sst-9","RHBDD2",-0.131041901858694,0.136027339529528,0.335372040783119,-0.397650588249369,0.135566784531982,5,0,0,0.999626430124647
"Sst-9","TOLLIP",-0.198367505422717,0.159104979245024,0.212481404495942,-0.510207534503957,0.113472523658523,5,0.0297659064954361,22.3374315383348,0.999626430124647
"Sst-9","AKT3",-0.0505460718178309,0.116824249346897,0.665256244882806,-0.279517393058677,0.178425249423015,5,0.0409526695349926,64.8746060901429,0.999626430124647
"Sst-9","LINC01102",0.0332758208879403,0.0952767845551183,0.726898449848911,-0.153463245402874,0.220014887178754,5,6.19240242489573e-06,0.0115071861165167,0.999626430124647
"Sst-9","HACD3",0.0553012086784344,0.101038616271315,0.584153785184003,-0.142730840261105,0.253333257617974,5,0.00891192045970985,15.5752266037213,0.999626430124647
"Sst-9","CREBZF",0.261520076115748,0.157058652170155,0.0958906293843263,-0.0463092255981598,0.569349377829656,5,0.0555895009462413,48.1105895301408,0.999626430124647
"Sst-9","NFIA",-0.0237815055292306,0.206391836596387,0.908266759867095,-0.428302071961225,0.380739060902763,5,0.0473648551079245,21.9396755667657,0.999626430124647
"Sst-9","PDK3",-0.309851845742474,0.284213642191233,0.275621748127002,-0.866900348352245,0.247196656867296,5,0.324984550708045,85.5178651199842,0.999626430124647
"Sst-9","ATP6V1B2",0.0557826743110259,0.15978339561578,0.727003473164763,-0.257387026423419,0.368952375045471,5,0.0643007377117703,54.8898918879409,0.999626430124647
"Sst-9","CDC37L1",0.0896896254315185,0.231121117111755,0.697969183738041,-0.363299440174184,0.542678691037221,5,0.110807646682524,43.4982405052965,0.999626430124647
"Sst-9","KMT2D",0.0475296481517596,0.228545550006724,0.835255705289349,-0.400411398688318,0.495470694991837,5,0.0936217460682174,37.4488751510377,0.999626430124647
"Sst-9","ZFP14",-0.0228241940578977,0.120524836544542,0.849800197130162,-0.259048532927778,0.213400144811982,5,0,0,0.999626430124647
"Sst-9","CCDC148",0.142107454218417,0.261359080427252,0.58663075722512,-0.370146930451503,0.654361838888337,5,0.206386151572445,64.6103745682326,0.999626430124647
"Sst-9","FRY",-0.0760596078057224,0.184732969730114,0.680539309006904,-0.438129575233874,0.28601035962243,5,0.122914032020895,76.9841827103367,0.999626430124647
"Sst-9","MEST",-0.105748936597403,0.129765332455119,0.415115581439849,-0.360084314651303,0.148586441456498,5,0.0074292390980037,5.85635150655014,0.999626430124647
"Sst-9","RRN3",-0.000500498696070993,0.21301000485349,0.998125253247506,-0.417992436555613,0.416991439163471,5,0.0699397514925328,30.9337173164744,0.999626430124647
"Sst-9","KIAA0753",0.045155842137203,0.153327264153804,0.768371065605067,-0.255360073452312,0.345671757726718,5,0.0184628227578372,14.8118548097222,0.999626430124647
"Sst-9","STAM2",-0.1333924626472,0.105939047298348,0.207978505316569,-0.341029179908447,0.0742442546140479,5,2.81252559296047e-06,0.00347749815768472,0.999626430124647
"Sst-9","PLCB1",-0.0551417632246389,0.136635504488489,0.686530173723083,-0.322942431031538,0.21265890458226,5,0.0674550146694179,77.2300904076433,0.999626430124647
"Sst-9","EIF4ENIF1",-0.140529646813188,0.230760523944127,0.54253452753545,-0.592811962797269,0.311752669170894,5,0.143382341193803,57.5867217576321,0.999626430124647
"Sst-9","CELF3",-0.0372392797733724,0.147187436883043,0.800263707319843,-0.325721355040899,0.251242795494154,5,3.61180725796691e-06,0.00279988715150369,0.999626430124647
"Sst-9","SUPT5H",0.0536179679575201,0.137598269664541,0.696780312994993,-0.21606968492001,0.32330562083505,5,0.0107661168962265,8.77548002281678,0.999626430124647
"Sst-9","ITGA3",0.269215833809866,0.176995383887458,0.128251536315858,-0.0776887440393926,0.616120411659124,5,0.0533205747317279,34.4242617584409,0.999626430124647
"Sst-9","TMA7",0.0222681148166483,0.207788939570999,0.914656504241719,-0.38499072312828,0.429526952761576,5,0.0740816472298541,35.2710979775623,0.999626430124647
"Sst-9","ZSCAN18",-0.179107132857957,0.238606367678737,0.45287022684878,-0.646767019990202,0.288552754274289,5,0.125151208603335,45.6720157854868,0.999626430124647
"Sst-9","NCR3LG1",0.101668200096341,0.150782065576676,0.500138085068309,-0.1938592179485,0.397195618141182,5,0,0,0.999626430124647
"Sst-9","CKB",-0.0927298854059865,0.11190203234411,0.407291022998282,-0.312053838597279,0.126594067785306,5,5.92799086883168e-06,0.0078776876367944,0.999626430124647
"Sst-9","BLOC1S2",0.0238443052383146,0.176201291263203,0.892355523249378,-0.321503879667016,0.369192490143645,5,0.00763109777878662,3.73980986026333,0.999626430124647
"Sst-9","RHOQ",-0.295172047425912,0.239970116344749,0.218683366109942,-0.765504832827506,0.175160737975683,5,0.122492386556084,44.1249049952623,0.999626430124647
"Sst-9","TMEM164",0.110482406267707,0.163666778857563,0.49964730912064,-0.210298585758798,0.431263398294213,5,0,0,0.999626430124647
"Sst-9","MCRIP1",0.0159174153705488,0.396040769898989,0.967940569384857,-0.760308230040985,0.792143060782083,5,0.58129330764901,78.5284623139394,0.999626430124647
"Sst-9","HFM1",0.0220632105311237,0.136646696467446,0.871729759391794,-0.245759393151448,0.289885814213695,5,0,0,0.999626430124647
"Sst-9","POMT1",-0.195914524818128,0.129519609037416,0.130375085004252,-0.449768293823172,0.0579392441869159,5,0,0,0.999626430124647
"Sst-9","FLT3",-0.188862444446643,0.0920567485674794,0.0402097999338563,-0.369290356172762,-0.008434532720524,5,0.0063050069012055,11.7563367383324,0.999626430124647
"Sst-9","DCTN5",0.0499162584419906,0.178957218274054,0.780299739295958,-0.300833444148628,0.400665961032609,5,0.0599827694595638,38.1502836056049,0.999626430124647
"Sst-9","SNRPN",-0.0979186247698648,0.070012693513237,0.161937802116496,-0.23514098251645,0.0393037329767207,5,0,0,0.999626430124647
"Sst-9","SNRPD1",0.166243087642364,0.254280209731424,0.513254130959795,-0.332136965412518,0.664623140697245,5,0.148259541098276,48.6022915453482,0.999626430124647
"Sst-9","DLGAP3",-0.0643483148265334,0.145695833039456,0.658733802538532,-0.349906900281428,0.221210270628361,5,0.0370188839850125,35.4553901236314,0.999626430124647
"Sst-9","MAP4K3",-0.0735499836065666,0.102157449200113,0.471545365947203,-0.273774904791267,0.126674937578134,5,0.0162156504800603,30.7645752426373,0.999626430124647
"Sst-9","SYP",-0.0207671619013623,0.127641224374007,0.870755049839241,-0.270939364617012,0.229405040814287,5,0.035573580873886,45.857156551305,0.999626430124647
"Sst-9","TRAM1",-0.0515577198571651,0.154603451646573,0.738769246317131,-0.354574916970028,0.251459477255698,5,0.0297202203155523,23.8698342108878,0.999626430124647
"Sst-9","SARM1",-0.220079863231424,0.182423419463228,0.227654317529313,-0.577623195315993,0.137463468853145,5,0.0496086818924454,29.1861465989615,0.999626430124647
"Sst-9","MTR",0.0345709865622959,0.141064115565841,0.806400015073009,-0.241909599457749,0.311051572582341,5,0.0441246616923861,47.5023612048963,0.999626430124647
"Sst-9","G3BP1",-0.00186640071151792,0.139905432695326,0.989356180715948,-0.27607601003585,0.272343208612814,5,0.0201242359697541,19.088462086095,0.999626430124647
"Sst-9","ALK",0.0737755574825868,0.273623697462263,0.787449417407493,-0.462517034860132,0.610068149825306,5,0.221321764365115,65.5573082564009,0.999626430124647
"Sst-9","LUC7L",-0.0395254084523631,0.0998212282075779,0.692133096374857,-0.23517142063177,0.156120603727043,5,0.00562317236235738,9.79142371007687,0.999626430124647
"Sst-9","DGUOK",0.0949671953589211,0.174952386786153,0.587255548957317,-0.24793318175126,0.437867572469103,5,0.0481323294826404,31.8198631543704,0.999626430124647
"Sst-9","NHSL2",0.349347748083819,0.156977342240952,0.026049966803997,0.0416778109027339,0.657017685264903,5,0,0,0.999626430124647
"Sst-9","ADAMTSL3",0.0602326079883318,0.115374307355577,0.601626762871574,-0.165896879169853,0.286362095146517,5,0.0195557245633675,29.2958633758872,0.999626430124647
"Sst-9","PYGO1",-0.0111492295592782,0.170795260175986,0.947952394745932,-0.345901788234359,0.323603329115803,5,0.0354878689104549,24.0090315586549,0.999626430124647
"Sst-9","ZNF519",-0.183885115037174,0.236761423460442,0.437354437263495,-0.647928977948076,0.280158747873728,5,0.151623164118583,57.6496425072063,0.999626430124647
"Sst-9","EDEM1",-0.077032674217702,0.160266138634435,0.630761925561285,-0.391148533882498,0.237083185447094,5,4.44399011859759e-06,0.00274487381927606,0.999626430124647
"Sst-9","ADAMTS13",0.255140426181559,0.166139167508586,0.124611226826149,-0.0704863585567359,0.580767210919855,5,0,0,0.999626430124647
"Sst-9","MDGA2",-0.0550480888879442,0.058066615745093,0.34312123795113,-0.168856564452453,0.0587603866765645,5,0,0,0.999626430124647
"Sst-9","SMARCA5",0.195438955648387,0.0979848361144007,0.0460883042800007,0.00339220583310154,0.387485705463671,5,2.24265465203015e-08,3.20243014445069e-05,0.999626430124647
"Sst-9","PSMC1",0.0613937731215994,0.171474147914427,0.720317005200261,-0.274689381070372,0.39747692731357,5,0.0138288184546801,7.60666286228323,0.999626430124647
"Sst-9","EYS",0.404034037186646,0.352972068803802,0.252348819243758,-0.2877785052174,1.09584657959069,5,0.388853097470654,65.8594396362011,0.999626430124647
"Sst-9","PID1",0.110278087482385,0.088760722581875,0.214081679576232,-0.0636897320198408,0.284245906984611,5,3.24073091394821e-06,0.00654922139958019,0.999626430124647
"Sst-9","NSRP1",-0.0520182519644103,0.108775194158175,0.632495077462817,-0.265213714925785,0.161177210996964,5,5.44883413395012e-07,0.000659014079215662,0.999626430124647
"Sst-9","ZC3H18",0.196367671543686,0.178079144961351,0.270157958592324,-0.15266103897825,0.545396382065621,5,0.0284505813407787,16.0695719922863,0.999626430124647
"Sst-9","CIAO1",-0.0197541910360114,0.229664345144769,0.931455834785696,-0.469888036052734,0.430379653980712,5,0.125557944852602,50.87548811426,0.999626430124647
"Sst-9","CNTN6",-0.109687701564962,0.256331886788456,0.668714590176102,-0.612088967759535,0.392713564629611,5,0.22596087306112,72.6332999642462,0.999626430124647
"Sst-9","PRDM11",-0.221696540827525,0.245381066127253,0.366271943653746,-0.702634592924983,0.259241511269932,5,0.116720613863803,40.7022252116773,0.999626430124647
"Sst-9","SCG5",0.219855384760078,0.0956036444282008,0.0214677818580004,0.0324756848900309,0.407235084630125,5,1.6582939425806e-06,0.00268484549332604,0.999626430124647
"Sst-9","KCTD16",-0.0274944202856428,0.0835091976148734,0.741975629997969,-0.191169439988633,0.136180599417347,5,0.0126944160502526,37.6761241504337,0.999626430124647
"Sst-9","MORF4L1",-0.0536064644504957,0.0930158584965205,0.564402068176096,-0.23591419709475,0.128701268193758,5,0,0,0.999626430124647
"Sst-9","AP2M1",0.0655935336299705,0.149857510625537,0.661599409415915,-0.228121790008911,0.359308857268852,5,0.011151770344593,9.2556828644301,0.999626430124647
"Sst-9","SLC25A23",0.246701991605363,0.147981098198757,0.0954908910353194,-0.0433356312568859,0.536739614467611,5,7.86908351278123e-07,0.000552428693579987,0.999626430124647
"Sst-9","HSP90B1",0.16065050566525,0.107415045617177,0.134756555428129,-0.0498791151421438,0.371180126472644,5,1.17402103263412e-07,0.000151190025963237,0.999626430124647
"Sst-9","LAMP1",0.0657031131440865,0.167191831866174,0.694333956956987,-0.261986855822891,0.393393082111064,5,0.0252728426997842,15.7820047308233,0.999626430124647
"Sst-9","TERF2IP",-0.190511197704622,0.0922559939761101,0.0389203644137234,-0.371329623255742,-0.00969277215350212,5,0,0,0.999626430124647
"Sst-9","ELFN1",0.0536806422915106,0.166523199700512,0.747178966211702,-0.272698831711864,0.380060116294885,5,0.0637965296350398,48.384294461971,0.999626430124647
"Sst-9","EGF",-0.232005547318868,0.246318318062531,0.346247325043674,-0.714780579453911,0.250769484816176,5,0.0948424580500642,31.9361208271328,0.999626430124647
"Sst-9","ZFAND5",0.0568833293474105,0.157844394565468,0.718565982192005,-0.252485999162437,0.366252657857258,5,0.024306138743778,18.4736180712711,0.999626430124647
"Sst-9","FAM117B",-0.0268353199001213,0.250116622471767,0.914557942362078,-0.517054891879586,0.463384252079343,5,0.223784983636545,77.0299151409359,0.999626430124647
"Sst-9","NMD3",-0.163934054013305,0.157217277528623,0.297076653230635,-0.472074255716845,0.144206147690234,5,0.0599596104239191,50.8754952688802,0.999626430124647
"Sst-9","AMD1",0.218493467682654,0.116642960974171,0.0610432892904536,-0.0101225348768331,0.447109470242141,5,8.35246940259712e-06,0.00895421957918054,0.999626430124647
"Sst-9","PIAS2",-0.0883748878945657,0.11896092429425,0.457548245642087,-0.321534015078891,0.144784239289759,5,0.0290330472435002,42.5161217184008,0.999626430124647
"Sst-9","FAM153A",-0.0746272689066523,0.297850878264703,0.802160144342362,-0.658404263069093,0.509149725255789,5,0.283754462764629,67.1007627546526,0.999626430124647
"Sst-9","GABRB2",-0.0281378278836555,0.138276492318011,0.838752374922077,-0.299154772735486,0.242879116968175,5,0.0594762732658175,65.4894590948084,0.999626430124647
"Sst-9","KDM4B",0.0204820134166394,0.122204007096226,0.866893967840412,-0.219033439258441,0.25999746609172,5,0.00605889026242994,6.7020410923211,0.999626430124647
"Sst-9","LMBR1",-0.0824349218949486,0.0780608364971406,0.290952538305514,-0.235431350032414,0.0705615062425167,5,0.000986837572675568,2.65114092306534,0.999626430124647
"Sst-9","ADAMTS9-AS2",0.168134019985765,0.160407587964236,0.294561442755032,-0.14625907527108,0.482527115242609,5,0.0452083678498028,36.0406332958716,0.999626430124647
"Sst-9","UBQLN2",-0.0828212806975215,0.333911763846103,0.804108540026518,-0.737276311850127,0.571633750455084,5,0.321912088970613,61.7618226068338,0.999626430124647
"Sst-9","FBXW5",0.0803915936534542,0.242558430932362,0.740318297315271,-0.395014195120521,0.555797382427429,5,0.121343256143325,43.2109526760463,0.999626430124647
"Sst-9","TMEM59",0.148019418698226,0.124993502522785,0.236327211963688,-0.0969633445479494,0.393002181944401,5,0,0,0.999626430124647
"Sst-9","MED23",-0.0692270106028829,0.09122052960207,0.447914014000568,-0.24801596327361,0.109561942067844,5,0,0,0.999626430124647
"Sst-9","MRFAP1",0.175993197888607,0.168882367691011,0.297362896098973,-0.155010160409625,0.506996556186839,5,0,0,0.999626430124647
"Sst-9","VPS13B",-0.14875508290286,0.102291334619145,0.145882671179914,-0.34924241468692,0.0517322488812005,5,0.0234487765689845,47.5578978269379,0.999626430124647
"Sst-9","MIB2",-0.468806142303306,0.477184035701847,0.325881623520341,-1.4040696662764,0.46645738166979,5,0.908335896901559,84.7326139255459,0.999626430124647
"Sst-9","PDCD5",-0.0163876844725487,0.193076893209835,0.932359601215051,-0.394811441410711,0.362036072465614,5,0.0786326881591453,43.9485487603491,0.999626430124647
"Sst-9","NDUFA3",-0.0347616038698509,0.256679731089867,0.892273545018375,-0.537844632367416,0.468321424627714,5,0.134892784396515,42.9330561019819,0.999626430124647
"Sst-9","VPS29",0.155192147906955,0.126815106739197,0.221040121079762,-0.0933608939974737,0.403745189811384,5,0,0,0.999626430124647
"Sst-9","TSC1",-0.0409699238074313,0.112102464667715,0.714761688407703,-0.260686717134327,0.178746869519465,5,0.0164480633068269,24.6512139745898,0.999626430124647
"Sst-9","EIF2A",0.101601696487997,0.111595643871831,0.362587872568143,-0.11712174633235,0.320325139308344,5,0,0,0.999626430124647
"Sst-9","PPP1R2",-0.160283874320649,0.184696504402031,0.38549123752515,-0.522282371019074,0.201714622377775,5,0.0709917665821729,43.736357303654,0.999626430124647
"Sst-9","SSBP4",0.00237264984195312,0.188035139531049,0.989932464498969,-0.366169451466867,0.370914751150774,5,0.0593287155556876,33.8941749978424,0.999626430124647
"Sst-9","PCBP1",-0.349310023506525,0.210917838684118,0.0976929385815686,-0.762701391024426,0.0640813440113747,5,6.21710038181884e-06,0.0025821614177545,0.999626430124647
"Sst-9","TAF7",0.106149950570479,0.221355833975588,0.631551389750769,-0.3276995117895,0.539999412930458,5,0.0934143300667297,40.0418239940952,0.999626430124647
"Sst-9","RBFOX1",0.017237114027392,0.0357276671428015,0.629480325516942,-0.052787826824134,0.087262054878918,5,1.16570775239407e-06,0.0150818944500404,0.999626430124647
"Sst-9","GABARAPL1",-0.138738049642761,0.181427217126681,0.444448050301783,-0.494328861026384,0.216852761740861,5,0.0579288475045317,36.3214782980224,0.999626430124647
"Sst-9","COX10",-0.044840743858252,0.135838153866122,0.741321236782205,-0.311078633162262,0.221397145445757,5,0.015178960701617,15.0278102337684,0.999626430124647
"Sst-9","ATP6V0E1",-0.178629667420588,0.423677785090777,0.673304749620968,-1.00902286724821,0.651763532407035,5,0.70488520787816,84.4335728999035,0.999626430124647
"Sst-9","SPEN",0.0124416448664857,0.106082100338034,0.906635662432731,-0.195475451200425,0.220358740933397,5,0.0135723272534414,22.1284051090016,0.999626430124647
"Sst-9","NCOA4",0.00278258949503348,0.213904340548037,0.989620955912577,-0.41646221411591,0.422027393105977,5,0.0887301589226837,40.7698299645362,0.999626430124647
"Sst-9","PRKAA2",-0.0761380310024633,0.0976105119643029,0.435379829929959,-0.267451118965013,0.115175056960086,5,0.00842284146028362,15.7063531560879,0.999626430124647
"Sst-9","GNAI3",-0.0607199119954161,0.11181182578194,0.587092298222316,-0.279867063573686,0.158427239582854,5,5.41312889545226e-06,0.00611747816885685,0.999626430124647
"Sst-9","MSRB3",-0.220397758888653,0.125632021702157,0.0793770666503768,-0.466631996729836,0.0258364789525287,5,4.4699033020336e-06,0.00487774109081465,0.999626430124647
"Sst-9","LINC00662",-0.0914342184925786,0.146452724461353,0.532413625033546,-0.378476283874598,0.195607846889441,5,0.038947246957867,37.0685918700383,0.999626430124647
"Sst-9","PHIP",0.0350021775537065,0.127641216093494,0.783913131371809,-0.215170008932437,0.28517436403985,5,0.045332424921851,59.408723998369,0.999626430124647
"Sst-9","METTL26",0.432043951676684,0.187764074307664,0.0213919873005466,0.0640331284431609,0.800054774910207,5,0,0,0.999626430124647
"Sst-9","ATMIN",-0.101418343790131,0.165461645366757,0.539914882888276,-0.425717209531715,0.222880521951452,5,0,0,0.999626430124647
"Sst-9","CAPZA1",-0.0419084912786099,0.173532280145991,0.809165626437003,-0.382025510519868,0.298208527962648,5,0.0682682598110949,48.1514942050362,0.999626430124647
"Sst-9","SLC30A7",-0.156219585178192,0.188743218998917,0.407849954779528,-0.526149496742226,0.213710326385841,5,0.0766836599022173,45.6574092864754,0.999626430124647
"Sst-9","MYO5B",-0.0896520396858468,0.184513808410575,0.627050441445287,-0.451292458820898,0.271988379449205,5,0.105380882272433,64.5823691937629,0.999626430124647
"Sst-9","KIAA1217",-0.0285358570148168,0.0864636463065809,0.741375023623122,-0.198001489747725,0.140929775718091,5,0.0218784359944252,63.1384697614679,0.999626430124647
"Sst-9","CCDC149",-0.0754862523385121,0.120672989446609,0.531614145849466,-0.312000965560647,0.161028460883623,5,0.0119586442315069,14.4093306058436,0.999626430124647
"Sst-9","NBAS",-0.0710437241039533,0.0791378507126353,0.369334219059711,-0.226151061314626,0.0840636131067194,5,0.00618183997946575,17.9352920881,0.999626430124647
"Sst-9","SCAPER",0.0903426808324598,0.0635038024940596,0.154842226332812,-0.0341224849372419,0.214807846602162,5,1.619572822708e-06,0.0049300135460038,0.999626430124647
"Sst-9","VPS51",-0.0217401050301716,0.178474538849499,0.903048955123843,-0.371543773332584,0.328063563272241,5,0.044684102557395,27.1261822638703,0.999626430124647
"Sst-9","DHRS7",0.191137922161426,0.160221475966437,0.232884769603518,-0.12289040028264,0.505166244605492,5,0,0,0.999626430124647
"Sst-9","LDLRAD4",-0.050280029060237,0.0750513035473182,0.502894690864807,-0.197377881005764,0.0968178228852899,5,8.31394301835751e-07,0.0023464228756548,0.999626430124647
"Sst-9","BRD8",0.0847135759949687,0.215073832553212,0.693668624822055,-0.336823389826325,0.506250541816263,5,0.107188108475264,49.2975560816243,0.999626430124647
"Sst-9","SLIT2",0.0537783115253305,0.216045170500999,0.803421419491757,-0.369662441690443,0.477219064741104,5,0.0828904167519048,36.9334317852184,0.999626430124647
"Sst-9","IGSF9B",-0.030149747569935,0.228779899106484,0.89515439086216,-0.47855011020535,0.41825061506548,5,0.156537067003526,66.6287023479346,0.999626430124647
"Sst-9","GTPBP10",0.0339608615803268,0.234832178985208,0.885012815819351,-0.426301751641744,0.494223474802398,5,0.13222551024154,51.5012168494003,0.999626430124647
"Sst-9","OTUD7B",-0.31219507380863,0.135565371354872,0.0212838142231916,-0.577898319214976,-0.0464918284022839,5,0.00457087939339984,3.628663083971,0.999626430124647
"Sst-9","MTUS1",-0.311719694677965,0.260727021433748,0.231860975664852,-0.822735266484514,0.199295877128584,5,0.206976096627231,68.1888953457523,0.999626430124647
"Sst-9","TMEM72-AS1",0.168488823659009,0.127440766029042,0.186136455600954,-0.0812904879201099,0.418268135238128,5,0.00774949673505757,8.02253390744618,0.999626430124647
"Sst-9","TNKS",0.0227266364184352,0.128000044495642,0.859074992528434,-0.228148840812548,0.273602113649419,5,0.0476452968696779,62.9496832507693,0.999626430124647
"Sst-9","LMTK3",-0.190707503806357,0.150433116868746,0.204896931923655,-0.485550994951204,0.104135987338491,5,0.048683837497655,44.5448907390975,0.999626430124647
"Sst-9","GOLGA8A",0.199872834479709,0.213561111570673,0.349322289819705,-0.218699252697149,0.618444921656568,5,0.13522849008839,64.4248943137331,0.999626430124647
"Sst-9","CDIP1",-0.1388370466285,0.127180621683542,0.274985860371616,-0.388106484659656,0.110432391402657,5,0,0,0.999626430124647
"Sst-9","DHCR24",-0.0285313932176531,0.18191143082639,0.875369195413781,-0.385071246013527,0.328008459578221,5,1.54851617070888e-06,0.000794056782621291,0.999626430124647
"Sst-9","ETFA",0.197064552127131,0.161913572844151,0.223567245368398,-0.120280219255608,0.514409323509869,5,0.0292872676661192,20.8951621821072,0.999626430124647
"Sst-9","TNKS2",-0.0260968889427328,0.129028921977973,0.839716503277046,-0.278988928983588,0.226795151098123,5,0.0316028016892478,39.0051137600224,0.999626430124647
"Sst-9","XRCC1",-0.186623770624432,0.174283096417422,0.284255674325686,-0.528212362716701,0.154964821467838,5,0,0,0.999626430124647
"Sst-9","HOMER2",-0.0192635812274927,0.169468136009696,0.909498748363785,-0.351415024333632,0.312887861878646,5,0.0107024431947516,5.91967349634362,0.999626430124647
"Sst-9","GALNT14",-0.0855145674201175,0.0666275872738511,0.199327158698649,-0.216102238853665,0.0450731040134299,5,9.17804170478973e-07,0.00315738621143061,0.999626430124647
"Sst-9","MYO10",-0.222974359441401,0.154149209634378,0.148041507259347,-0.525101258570096,0.0791525396872945,5,0,0,0.999626430124647
"Sst-9","SLC38A10",-0.0962898700169399,0.281451184144884,0.7322611458921,-0.647924054347063,0.455344314313183,5,0.222809466701844,60.1791770483428,0.999626430124647
"Sst-9","CDK10",-0.090177747229125,0.261782788051268,0.730488745542977,-0.603262583582092,0.422907089123842,5,0.19164237980383,57.9627257518482,0.999626430124647
"Sst-9","SLC6A11",0.159382946381364,0.127397663839722,0.210910225146774,-0.0903118864590326,0.40907777922176,5,0,0,0.999626430124647
"Sst-9","RTCA",0.113304497836257,0.166050857511703,0.495018824233412,-0.212149202488673,0.438758198161188,5,0.0213904083382468,14.1691430721057,0.999626430124647
"Sst-9","TMEM248",-0.0225079768735978,0.193870336566525,0.907574798079971,-0.402486854214644,0.357470900467449,5,0.0935839489860193,54.3666218958569,0.999626430124647
"Sst-9","EPB41L4B",-0.0812658516177238,0.102445134418001,0.427625081247369,-0.28205462546837,0.119522922232923,5,0.00395137659322591,6.12420313917676,0.999626430124647
"Sst-9","SLC20A2",0.0144924789947854,0.145378420327535,0.920592054841989,-0.27044398897651,0.299428946966081,5,0.044649804907177,43.7341367595921,0.999626430124647
"Sst-9","SERPINI1",-0.0658436923155772,0.108566410604499,0.544194007092616,-0.278629947031184,0.146942562400029,5,0.0274875883751499,48.8117147861349,0.999626430124647
"Sst-9","ARHGEF4",-0.0892085009860451,0.151535946396397,0.556065684416617,-0.386213498286175,0.207796496314085,5,0.0640730668871566,58.9804287469462,0.999626430124647
"Sst-9","SLC2A3",-0.0458794118717338,0.173247689243736,0.791148312197495,-0.385438643194243,0.293679819450775,5,9.84993663632077e-07,0.000539597277132346,0.999626430124647
"Sst-9","PRIMPOL",-0.0606429426703108,0.276999161949675,0.826705937399969,-0.603551323839451,0.482265438498829,5,0.248657141686734,68.0533906716738,0.999626430124647
"Sst-9","ECSIT",0.0988779154290011,0.194106074615241,0.610470861753707,-0.281562999997316,0.479318830855318,5,0.0785987842967229,43.579754449833,0.999626430124647
"Sst-9","PREPL",-0.109270584159493,0.113792784910151,0.336924709953417,-0.332300344283902,0.113759175964917,5,0.0326771460852979,54.2822210164324,0.999626430124647
"Sst-9","CPNE8",-0.167589819265264,0.184505965474979,0.363711008887382,-0.529214866529014,0.194035227998485,5,4.27222028468223e-06,0.00235645359228425,0.999626430124647
"Sst-9","SLC25A12",0.0573474375019672,0.0776248925248652,0.460042793615012,-0.0947945561505609,0.209489431154495,5,0.00769323855248533,24.4503107129821,0.999626430124647
"Sst-9","UHMK1",-0.0603899545171304,0.147921879673718,0.683085939277821,-0.350311511203084,0.229531602168824,5,0.0210671982398806,16.906174701383,0.999626430124647
"Sst-9","FAM168B",-0.208765740106735,0.0856615010938974,0.0148055385526037,-0.376659197112412,-0.0408722831010572,5,0,0,0.999626430124647
"Sst-9","CDH18",-0.0960904992616054,0.156738754768976,0.539835662442103,-0.403292813590454,0.211111815067243,5,0.0851715231564899,73.6643622193047,0.999626430124647
"Sst-9","FAM131A",0.0735882258164314,0.342867709681531,0.830059146907051,-0.598420136621105,0.745596588253968,5,0.420069242006873,75.3387760361088,0.999626430124647
"Sst-9","FGF1",0.176996110137141,0.608415685153291,0.771117760597987,-1.01547672039257,1.36946894066685,5,1.47769540199226,86.8205973923296,0.999626430124647
"Sst-9","ST7L",-0.0221590575636892,0.093815363876338,0.813278566177111,-0.206033791957832,0.161715676830453,5,0.000755330964058454,1.06181634677474,0.999626430124647
"Sst-9","TM7SF2",0.38558188695932,0.199202862234265,0.0529137404742612,-0.00484854863713369,0.776012322555774,5,0.0260464584646937,12.0342064919314,0.999626430124647
"Sst-9","CLASP2",0.0103739276347229,0.0537460898934507,0.846945383303874,-0.0949664728662925,0.115714328135738,5,0.00188174869672163,10.4674769692573,0.999626430124647
"Sst-9","PRKCZ",0.00962303432916895,0.123292770013287,0.937788063046301,-0.232026354451053,0.251272423109391,5,0.0201461938908994,25.781268168164,0.999626430124647
"Sst-9","CA5B",0.00731898774816425,0.169886408628584,0.965636442429402,-0.325652254626716,0.340290230123044,5,0.0312841447353796,20.5206364631228,0.999626430124647
"Sst-9","ANKH",-0.0452770714410898,0.0868033243348487,0.601945193150193,-0.215408460875743,0.124854317993563,5,0.00723464801206352,17.8196272447627,0.999626430124647
"Sst-9","SLC30A9",-0.0634497043050901,0.119371926939153,0.595051883078626,-0.297414381870976,0.170514973260796,5,0.0228961332927629,32.2762413290994,0.999626430124647
"Sst-9","PTPRJ",-0.0202379559983882,0.097231545275502,0.835118192719901,-0.210808282899548,0.170332370902771,5,0.0147227969921582,31.0681803559446,0.999626430124647
"Sst-9","COL21A1",-0.0774159142610819,0.184263137734993,0.674384770585803,-0.438565027900011,0.283733199377847,5,0.0856905470570173,52.4048748687751,0.999626430124647
"Sst-9","GTF2H3",0.0498437383901375,0.138084710971184,0.718125661921671,-0.220797321929006,0.320484798709281,5,0.0147572435303451,12.6473468539463,0.999626430124647
"Sst-9","CREBRF",0.0114451765082179,0.0863634060209775,0.894570276288832,-0.157823988875108,0.180714341891544,5,0.00277644420917186,5.37926876040204,0.999626430124647
"Sst-9","TRAPPC8",-0.0334881753410416,0.0749767602407614,0.655129662808479,-0.180439925090429,0.113463574408345,5,0,0,0.999626430124647
"Sst-9","PAG1",-0.0999197579083569,0.144341741979661,0.488783880320202,-0.382824373654265,0.182984857837551,5,0,0,0.999626430124647
"Sst-9","RPN1",0.142203586386772,0.220470748072405,0.518927321271904,-0.289911139479746,0.57431831225329,5,0.0777338433714067,32.3282967568083,0.999626430124647
"Sst-9","GCC2",-0.0182049887843209,0.117147220520832,0.87650389329633,-0.247809321894123,0.211399344325482,5,0.0248772428051719,37.11482377926,0.999626430124647
"Sst-9","REV3L",0.0797909809724288,0.0579963705821636,0.168885834453562,-0.0338798166026501,0.193461778547508,5,1.99859679459685e-06,0.00857331604876173,0.999626430124647
"Sst-9","RGS7BP",0.0174515673535707,0.16061645591093,0.91347719040996,-0.297350901556317,0.332254036263458,5,0.0669804717315591,56.8316258044384,0.999626430124647
"Sst-9","COL18A1",0.209095408092344,0.141507955316632,0.139508717209939,-0.0682550878541574,0.486445904038846,5,0,0,0.999626430124647
"Sst-9","EIF2S3",0.0469738276953053,0.203539739717674,0.817482182829635,-0.351956731573992,0.445904386964603,5,0.0530915364571652,24.6616996574757,0.999626430124647
"Sst-9","ZNF714",-0.130928350422732,0.152485395548335,0.390545350009519,-0.429794233865813,0.16793753302035,5,0.0175078947272322,13.5488664274782,0.999626430124647
"Sst-9","SOD1",0.108399176785851,0.130227297180878,0.405191977915598,-0.146841635492663,0.363639989064366,5,0,0,0.999626430124647
"Sst-9","ATP2B2",-0.0580327292186997,0.117837444216732,0.622379189301781,-0.288989875913741,0.172924417476342,5,0.0394664374825308,59.8409044978426,0.999626430124647
"Sst-9","USP25",0.106471877830628,0.177131224503814,0.547779779948435,-0.240698942734325,0.453642698395581,5,0.0893846804853295,61.688384823328,0.999626430124647
"Sst-9","SLC25A46",-0.14319365426538,0.0898744162798551,0.111101023318337,-0.319344273305456,0.0329569647746962,5,4.38326492842631e-06,0.00710501395240812,0.999626430124647
"Sst-9","TMEM9",0.0304669585242456,0.163948391914003,0.852576026308386,-0.290865984950459,0.35179990199895,5,0.0143823785457426,9.57159279142702,0.999626430124647
"Sst-9","FCHO2",-0.15468866180912,0.188688933178012,0.412325675876677,-0.524512175119308,0.215134851501068,5,0.0952849694051554,57.6062368123946,0.999626430124647
"Sst-9","SEC23A",-0.160372270052652,0.0932393822548623,0.085431403312577,-0.343118101212946,0.0223735611076407,5,2.72152901726008e-06,0.00451761012794079,0.999626430124647
"Sst-9","WDR17",0.0047283275876102,0.174785347752447,0.978418102389844,-0.337844659032496,0.347301314207716,5,0.099128034344164,69.8720250627525,0.999626430124647
"Sst-9","THUMPD3-AS1",0.0316720696514761,0.105364507214338,0.763723159317874,-0.174838569737437,0.238182709040389,5,0,0,0.999626430124647
"Sst-9","TDP1",-0.139866444500412,0.15014045021931,0.351558430503154,-0.434136319552888,0.154403430552065,5,0.0170488339552587,13.6381141285069,0.999626430124647
"Sst-9","MINPP1",-0.0661981554372576,0.206431634802131,0.748454157885249,-0.470796724919159,0.338400414044644,5,0.0814283143321906,39.4204520609959,0.999626430124647
"Sst-9","ISCA1",0.142543474397908,0.256145866650193,0.577873631286002,-0.35949319902527,0.644580147821086,5,0.198864613684465,65.5203813453281,0.999626430124647
"Sst-9","RAB28",-0.196321397096524,0.138117858181098,0.155199089739783,-0.467027424753288,0.0743846305602395,5,0.0479022708722208,53.3386781648804,0.999626430124647
"Sst-9","P4HTM",0.0579704200112598,0.222085023122648,0.79407087789967,-0.377308226814875,0.493249066837394,5,0.151828977678378,64.2977334925537,0.999626430124647
"Sst-9","ZNF704",-0.0303914675581014,0.0985796901223718,0.757859089841529,-0.223604109805069,0.162821174688866,5,0.0198873923752606,42.5141791012835,0.999626430124647
"Sst-9","NAPB",-0.0122795379092593,0.191686601374087,0.948922060367978,-0.387978372921356,0.363419297102838,5,0.112268908356249,64.9157296919668,0.999626430124647
"Sst-9","WBP1L",-0.0342724385948183,0.118803048519623,0.772978467049463,-0.267122134946844,0.198577257757207,5,0,0,0.999626430124647
"Sst-9","GRIK2",0.0764870053516706,0.0762983840356048,0.316115609135627,-0.0730550794367207,0.226029090140062,5,0.00864732482991038,30.1318525433591,0.999626430124647
"Sst-9","FRA10AC1",0.0197981236838862,0.104916358403634,0.850324912087147,-0.185834160176332,0.225430407544104,5,0.00368792851967366,4.24091184556187,0.999626430124647
"Sst-9","HDAC9",0.0681931436747181,0.100993156648679,0.499532577262054,-0.129749806041704,0.26613609339114,5,2.1937368145429e-06,0.00371496226055098,0.999626430124647
"Sst-9","PPP3CA",-0.0252593700817254,0.134372243391694,0.850891887347086,-0.288624127651296,0.238105387487845,5,0.057720883517514,68.9602373792549,0.999626430124647
"Sst-9","FAM89A",0.103368184091123,0.148485058353644,0.486333586208052,-0.187657182524349,0.394393550706594,5,0.0346381363073079,31.4550302916866,0.999626430124647
"Sst-9","SLC1A1",0.11135448488118,0.160114546054979,0.486762286368004,-0.202464258787559,0.425173228549919,5,0.0324149605375197,24.1035446880442,0.999626430124647
"Sst-9","PCBP4",0.179797762111422,0.210126824973239,0.392184178302783,-0.232043247021878,0.591638771244722,5,0.105390177789391,50.310697768642,0.999626430124647
"Sst-9","CTNNA1",-0.0114675605049955,0.0984513038110037,0.907272517134649,-0.204428570205574,0.181493449195583,5,2.93648566091399e-06,0.00375786018572089,0.999626430124647
"Sst-9","ST3GAL5",-0.0252767758969293,0.10411732801084,0.808181998183191,-0.229342988964719,0.178789437170861,5,2.95098931285712e-07,0.00042282306851624,0.999626430124647
"Sst-9","SESN3",-0.0742901788208069,0.161584481328116,0.645688063368405,-0.390989942684499,0.242409585042885,5,0.0749950576281641,60.7108760206781,0.999626430124647
"Sst-9","CATSPER2",-0.10120100386928,0.102022290439055,0.321221950767564,-0.301161018750113,0.0987590110115525,5,4.58255251008672e-06,0.00677760652391107,0.999626430124647
"Sst-9","STRBP",-0.178494739958533,0.0576329236253621,0.00195426085793652,-0.29145319458799,-0.0655362853290756,5,1.96194474286188e-06,0.00758652260454505,0.853410683885047
"Sst-9","CAPN2",0.107309478013349,0.149884691948182,0.474024147855335,-0.186459120038967,0.401078076065665,5,0.0168467927037221,12.0595032552245,0.999626430124647
"Sst-9","POLR2A",0.245616835151894,0.131205006964997,0.0612054835841148,-0.0115402530908267,0.502773923394614,5,0,0,0.999626430124647
"Sst-9","FSD1L",0.0895219453505733,0.144803640306312,0.536423779046953,-0.19428797448009,0.373331865181236,5,0.0435610237962943,43.7895169452127,0.999626430124647
"Sst-9","CPEB3",0.0016063281845739,0.0751763672454651,0.982952529049129,-0.145736644105094,0.148949300474242,5,0.00713789211434823,23.9926502543811,0.999626430124647
"Sst-9","HIPK3",0.243362880712123,0.150638416795098,0.106193097464074,-0.051882990894402,0.538608752318648,5,0.0430312671720393,39.3120544204572,0.999626430124647
"Sst-9","CLIP3",-0.287096388316189,0.237655252031094,0.227032948719123,-0.752892123033923,0.178699346401546,5,0.157058444025437,60.4878462821855,0.999626430124647
"Sst-9","ATP6V0E2",0.034977298265901,0.177469525493244,0.843757860659215,-0.312856580054271,0.382811176586073,5,0.0633254541127324,42.2657567283566,0.999626430124647
"Sst-9","DCTN4",0.071571542655056,0.10488072511503,0.494980415178826,-0.133990901242849,0.277133986552961,5,0,0,0.999626430124647
"Sst-9","TTL",-0.0607023152287578,0.256850505524405,0.813174086318485,-0.564120055467498,0.442715425009982,5,0.195587990298724,63.6947728949156,0.999626430124647
"Sst-9","APH1B",0.177498460495295,0.13836210437131,0.199543025003434,-0.0936862808976447,0.448683201888234,5,0.00732950915391913,6.56409802190626,0.999626430124647
"Sst-9","RPL41",0.24741549663845,0.200554189124231,0.217329967620982,-0.145663490993677,0.640494484270577,5,0,0,0.999626430124647
"Sst-9","ETF1",-0.127617999809676,0.145912246199642,0.381779840043068,-0.413600747264316,0.158364747644964,5,0,0,0.999626430124647
"Sst-9","MIPOL1",-0.0219391216789525,0.0972648535082295,0.8215431640479,-0.212574731516647,0.168696488158742,5,0.00374462050730211,6.45050466476761,0.999626430124647
"Sst-9","MBNL2",-0.0792837716243582,0.22167607713089,0.72060078970995,-0.513760899035026,0.35519335578631,5,0.190680323798491,82.0068702123925,0.999626430124647
"Sst-9","RAP1A",-0.1079491921332,0.169897638638851,0.525182026971402,-0.440942444923749,0.225044060657349,5,0.0766254572948981,55.9761085785768,0.999626430124647
"Sst-9","ADAM17",-0.0748182975762038,0.118769238028558,0.52872941301852,-0.307601726583442,0.157965131431035,5,0.0165236647326038,21.9664653328865,0.999626430124647
"Sst-9","LSAMP",-0.121170336969512,0.0915104347194893,0.18546486294376,-0.300527493229315,0.0581868192902908,5,0.0210147618429005,53.6015594271227,0.999626430124647
"Sst-9","GABPB2",0.0921090006458522,0.137663869811037,0.503440468756036,-0.177707226156191,0.361925227447895,5,0.0101673931048174,9.02767020651865,0.999626430124647
"Sst-9","SF3B1",-0.149564989452557,0.0875858823863468,0.0877035149892481,-0.321230164483958,0.0221001855788435,5,0,0,0.999626430124647
"Sst-9","TRIM4",0.197386550428994,0.137228437035838,0.150326447742916,-0.0715762438159709,0.46634934467396,5,0,0,0.999626430124647
"Sst-9","MTMR4",0.0296676784774292,0.153670546442333,0.84691176062125,-0.271521058034133,0.330856414988991,5,0.0346297234871238,28.8385784610411,0.999626430124647
"Sst-9","FGFR1",-0.145174491027982,0.236448438839172,0.539228882906241,-0.608604915353481,0.318255933297518,5,0.11580706370828,43.6044238595332,0.999626430124647
"Sst-9","BICC1",0.347050830037071,0.316515913344709,0.272872279215064,-0.273308960652358,0.967410620726501,5,0.222112272736667,45.9149501448839,0.999626430124647
"Sst-9","NDST3",-0.120204298613596,0.25404722694481,0.636100962939285,-0.618127713797697,0.377719116570505,5,0.135778971084656,43.8372966925348,0.999626430124647
"Sst-9","NBEA",-0.00460086256315291,0.0870793480765559,0.957863143820251,-0.17527324859043,0.166071523464124,5,0.0162722472544815,46.0950334147794,0.999626430124647
"Sst-9","SMURF2",0.164791582391158,0.0984529182041458,0.0941677399790495,-0.0281725914618355,0.357755756244152,5,0,0,0.999626430124647
"Sst-9","NPRL3",0.287976445330071,0.105160246370082,0.00617288880819957,0.081866149839352,0.494086740820791,5,0,0,0.999626430124647
"Sst-9","TMEM184B",-0.125935590944126,0.10504706303735,0.230586574905418,-0.33182405117904,0.0799528692907888,5,0,0,0.999626430124647
"Sst-9","LRRC4",0.207906559809132,0.192143582403237,0.279235869349493,-0.168687941561717,0.58450106117998,5,0.0688317434727374,38.5236146573678,0.999626430124647
"Sst-9","MITF",-0.0882627845748764,0.0942952529918505,0.349259931743071,-0.273078084351996,0.0965525152022434,5,1.57180491446912e-07,0.000313294657642424,0.999626430124647
"Sst-9","RBBP4",-0.131379487289682,0.189013069227522,0.487004229088873,-0.501838295583,0.239079321003636,5,0.0899683458566364,54.3132350106866,0.999626430124647
"Sst-9","RPL24",0.428603014978947,0.151909608588722,0.00478093952462087,0.130865653239475,0.726340376718419,5,2.79238048268947e-06,0.00200239454919598,0.999626430124647
"Sst-9","BIRC6",-0.0520929764108603,0.0534430426424925,0.329690127784543,-0.156839415214384,0.0526534623926633,5,0,0,0.999626430124647
"Sst-9","CLASP1",0.000213963154444537,0.0858620950966254,0.998011721928824,-0.168072650872094,0.168500577180983,5,0.013142929347377,36.4760508400402,0.999626430124647
"Sst-9","RPS6KA5",0.206662660899685,0.157451047820908,0.189334010381836,-0.101935722157388,0.515261043956759,5,0.0261458132677961,18.9093547029284,0.999626430124647
"Sst-9","IFT140",-0.107923627628337,0.2217911979266,0.626541725394955,-0.542626387652467,0.326779132395793,5,0.101899278086799,43.1185340598219,0.999626430124647
"Sst-9","CPT1C",0.0247033040281244,0.215337011104297,0.908667642056465,-0.3973494822748,0.446756090331049,5,0.108225963092515,49.770538851603,0.999626430124647
"Sst-9","CSGALNACT2",-0.0127001929581219,0.272168996741759,0.962781904665612,-0.54614162428037,0.520741238364126,5,0.248180844183143,73.0572656335286,0.999626430124647
"Sst-9","TRMT11",0.0196905312206036,0.0597949160618328,0.741928117984215,-0.0975053507191844,0.136886413160392,5,7.48102620155717e-07,0.00260792871221527,0.999626430124647
"Sst-9","PPIG",-0.0676837836726829,0.0795519687473537,0.39487369655241,-0.223602777316752,0.0882352099713864,5,0,0,0.999626430124647
"Sst-9","RNF138",-0.00166560003656753,0.132096943179784,0.989939802477681,-0.260570851136778,0.257239651063643,5,0,0,0.999626430124647
"Sst-9","KCNC1",0.030084426943239,0.12756184684024,0.813555361986996,-0.219932198665046,0.280101052551524,5,0.0386055802233768,50.3489747194299,0.999626430124647
"Sst-9","RPS11",0.237216827555633,0.206867630467417,0.251502201580767,-0.168236277727645,0.642669932838911,5,0.027424208688494,12.130460386291,0.999626430124647
"Sst-9","HSP90AA1",0.0850975866449883,0.116590103199514,0.465459332697229,-0.143414816579868,0.313609989869844,5,0.00751149508355126,10.5809431942871,0.999626430124647
"Sst-9","DLD",-0.204274434234333,0.120481825277815,0.0899845441184359,-0.440414472570498,0.0318656041018322,5,0.00508696363384582,4.84497380802914,0.999626430124647
"Sst-9","RAB10",-0.0298121311121037,0.118156107367778,0.800800388694744,-0.261393846106397,0.201769583882189,5,0.0193453999318156,26.7569803578054,0.999626430124647
"Sst-9","SCAF4",-0.0476733478860676,0.172491807321328,0.782255939551453,-0.385751077864093,0.290404382091958,5,0.0416871809380315,27.7495777035016,0.999626430124647
"Sst-9","NUP214",0.0199285731280029,0.118949771359331,0.866946973044308,-0.213208694705559,0.253065840961565,5,0.00544319395819612,6.24039039127839,0.999626430124647
"Sst-9","NRXN1",0.0364709836554761,0.112739279598892,0.746317771453942,-0.184493944001343,0.257435911312296,5,0.0398389763106163,66.1825675622272,0.999626430124647
"Sst-9","PHF1",-0.112051315521228,0.161003988411061,0.486457848831775,-0.427613334174212,0.203510703131756,5,0.0239412949616596,16.4568780399573,0.999626430124647
"Sst-9","TCF7L2",-0.175347874016638,0.267899262126236,0.512770958770812,-0.700420779268916,0.34972503123564,5,0.186586951954882,56.6568188634852,0.999626430124647
"Sst-9","OGFR",0.0248396852650755,0.152732323505033,0.870805498765057,-0.27451016807991,0.324189538610061,5,0.013177964425907,10.0483167203524,0.999626430124647
"Sst-9","CPNE1",0.0123437514984466,0.206348123128598,0.952298970262158,-0.392091138111043,0.416778641107936,5,0.0827057133049021,41.108888132363,0.999626430124647
"Sst-9","LPAR1",-0.0976057790670172,0.317716577403187,0.758683368371856,-0.720318828068596,0.525107269934562,5,0.375662437919244,78.7482804210765,0.999626430124647
"Sst-9","MIR124-2HG",-0.00267646627789746,0.095513029792825,0.977644603261207,-0.189878564726136,0.184525632170341,5,0.0105491327066091,20.9425331062689,0.999626430124647
"Sst-9","MAN2A2",0.0514087483992145,0.304890258727992,0.866100313462864,-0.546165177944749,0.648982674743178,5,0.316198406600216,71.2004998249197,0.999626430124647
"Sst-9","JKAMP",0.113256762294406,0.127183833470963,0.373199331170679,-0.136018970724421,0.362532495313234,5,0,0,0.999626430124647
"Sst-9","FBXO38",0.0267314534797999,0.109455785652058,0.807059295466121,-0.187797944297769,0.241260851257369,5,0,0,0.999626430124647
"Sst-9","TRAF6",-0.139264984877099,0.141717099264232,0.325756530062571,-0.417025395428482,0.138495425674283,5,0,0,0.999626430124647
"Sst-9","PPIL2",0.0389896494556402,0.225474320773866,0.862712114767519,-0.402931898699769,0.48091119761105,5,0.152722708141721,64.0951079624618,0.999626430124647
"Sst-9","RUNDC3A",-0.131054690320848,0.131345935366536,0.318384784082244,-0.388487993154985,0.126378612513288,5,0,0,0.999626430124647
"Sst-9","WDR25",0.0809799954675603,0.126409833192053,0.521773056229129,-0.16677872488058,0.3287387158157,5,0,0,0.999626430124647
"Sst-9","RYK",-0.181894700452354,0.115543971192522,0.115430456539923,-0.408356722620432,0.0445673217157226,5,0.01433200501974,19.2572144357296,0.999626430124647
"Sst-9","RNF20",0.0464943916334444,0.237141102158295,0.844561530115964,-0.418293627850947,0.511282411117836,5,0.145818301241416,56.822140623215,0.999626430124647
"Sst-9","MRPS35",-0.0904353921042851,0.130271050279462,0.487550877051397,-0.345761958880236,0.164891174671666,5,0,0,0.999626430124647
"Sst-9","RABGAP1L",-0.00806293317264825,0.095358696712025,0.932616188068843,-0.194962544340895,0.178836677995599,5,0.0225374751162119,52.9367516978462,0.999626430124647
"Sst-9","KMT2B",-0.0657369790782888,0.151907385221854,0.665200906143166,-0.363469983098774,0.231996024942196,5,5.5701522253841e-08,3.10519867768826e-05,0.999626430124647
"Sst-9","DGKD",-0.136916116103073,0.171526742100475,0.424742697800819,-0.473102353005494,0.199270120799348,5,0.0752047826498027,55.5038431482364,0.999626430124647
"Sst-9","PAPPA",0.334152270920356,0.374877707574363,0.372734241940231,-0.400594534532334,1.06889907637305,5,0.416974229125906,65.0485411356295,0.999626430124647
"Sst-9","MAP2K1",0.107939811031274,0.133018585617674,0.417099183207785,-0.152771826053825,0.368651448116373,5,0.0146078926742784,15.0262425095369,0.999626430124647
"Sst-9","METTL22",-0.316740081479664,0.167678114091643,0.0588949261984965,-0.645383146094883,0.0119029831355548,5,0,0,0.999626430124647
"Sst-9","EMB",0.172544149479025,0.12945845191008,0.182592565354337,-0.0811897537590423,0.426278052717093,5,0,0,0.999626430124647
"Sst-9","UBE2R2",-0.0444534449295348,0.0842140205133104,0.597594596521915,-0.209509892128941,0.120603002269871,5,1.85352622556228e-06,0.00379328280473174,0.999626430124647
"Sst-9","CREBL2",0.0105817128183817,0.19403092753815,0.956507954315349,-0.369711917043294,0.390875342680058,5,0.0575861881017782,30.3778710553357,0.999626430124647
"Sst-9","HEG1",0.192213559622327,0.184180546421598,0.296663603756639,-0.168773678016913,0.553200797261566,5,0.0810475882654849,50.5300508927333,0.999626430124647
"Sst-9","CREB5",-0.403924407527208,0.308173321056693,0.189957344859025,-1.00793301779443,0.200084202740011,5,0.215647357026053,48.0168083716238,0.999626430124647
"Sst-9","SZT2",-0.00746576272883905,0.117963842414167,0.949536718478644,-0.238670645338566,0.223739119880888,5,0,0,0.999626430124647
"Sst-9","PLP1",0.0772152930760056,0.199917869037874,0.699322579488078,-0.314616530104222,0.469047116256233,5,0.0435750864743175,19.9004309930485,0.999626430124647
"Sst-9","SRGAP1",0.191224631377718,0.169397966009674,0.258961770070713,-0.140789281055584,0.52323854381102,5,0.0279488469203291,18.5730823036574,0.999626430124647
"Sst-9","NECTIN3",0.100745836814325,0.159751387079548,0.528275029342198,-0.212361128341906,0.413852801970556,5,6.20192120729629e-06,0.00387837786664504,0.999626430124647
"Sst-9","SDAD1",0.231405909921627,0.205991061348916,0.261276817402617,-0.17232915145943,0.635140971302684,5,0.0942615852007245,46.4866838043134,0.999626430124647
"Sst-9","GSTCD",-0.119224995653568,0.163058666940956,0.464670115205498,-0.438814110224954,0.200364118917818,5,0.0210973893875067,14.0996120036544,0.999626430124647
"Sst-9","ERC1",-0.0317710721225678,0.090235687890839,0.724770860985249,-0.208629770508809,0.145087626263674,5,0.0196887048759302,50.4799104465231,0.999626430124647
"Sst-9","ZNF652",0.118349884145225,0.106175633359714,0.264995531797359,-0.0897505332755443,0.326450301565995,5,0.00926958040406675,13.9390827450981,0.999626430124647
"Sst-9","SNX3",-0.0395560998579838,0.229516976533426,0.863166320566821,-0.489401107704024,0.410288907988056,5,0.142065717930709,58.8017091931075,0.999626430124647
"Sst-9","IQSEC1",-0.00858632144421625,0.0848915061357822,0.919435636353212,-0.17497061606371,0.157797973175278,5,0.0087923846945406,23.1859555096228,0.999626430124647
"Sst-9","FAM169A",-0.0233419527109415,0.136390139502249,0.864112852840543,-0.290661713981743,0.24397780855986,5,0.044586252118127,50.338975655599,0.999626430124647
"Sst-9","COX4I1",0.189240245153507,0.136985107783279,0.16713577817846,-0.0792456325200574,0.457726122827072,5,0,0,0.999626430124647
"Sst-9","CCNYL1",-0.20264161454963,0.179714018154414,0.259498084828779,-0.55487461764926,0.149591388549999,5,0.023338807244072,12.8669770578224,0.999626430124647
"Sst-9","ARCN1",0.262649252043357,0.166832422161249,0.115411226281642,-0.0643362868462733,0.589634790932987,5,0,0,0.999626430124647
"Sst-9","TBC1D5",-0.157490171712469,0.122638121429631,0.199076845154126,-0.397856472846196,0.0828761294212582,5,0.0411891837854343,58.7110118354973,0.999626430124647
"Sst-9","GANAB",0.197041448984359,0.146585216064976,0.178880189603858,-0.0902602951690166,0.484343193137735,5,0,0,0.999626430124647
"Sst-9","TM9SF4",-0.0645037209049984,0.164651691301273,0.69523656553886,-0.3872151058491,0.258207664039103,5,0.0477079961444525,35.9587031206251,0.999626430124647
"Sst-9","SCN9A",0.206349299427434,0.175494046492995,0.239667063780271,-0.137612711200035,0.550311310054902,5,0.0602048372874896,40.8711106245749,0.999626430124647
"Sst-9","HCN2",0.0555547032559443,0.15327816757428,0.717020502563742,-0.24486498480594,0.355974391317829,5,2.17082744830786e-06,0.00152294026494798,0.999626430124647
"Sst-9","EIF1AX",0.188583089560458,0.205683453018613,0.359215602178057,-0.214549070571859,0.591715249692775,5,0.0738957292217517,35.6079293782938,0.999626430124647
"Sst-9","AHCTF1",-0.0895973269011439,0.0915454410770496,0.32771849402253,-0.269023094360995,0.0898284405587069,5,0,0,0.999626430124647
"Sst-9","SUDS3",0.0635191332314665,0.261644429003377,0.808184420208369,-0.4492945243707,0.576332790833633,5,0.234920419943963,73.2080186361965,0.999626430124647
"Sst-9","M6PR",0.146665768651193,0.140320871160126,0.295922659618296,-0.128358085101939,0.421689622404326,5,0,0,0.999626430124647
"Sst-9","AP5M1",0.0548341553729296,0.187917944444996,0.770440769245282,-0.313478247788061,0.423146558533921,5,0.0768066911532922,46.3406633444048,0.999626430124647
"Sst-9","TAPT1-AS1",0.0950737300162677,0.0985975259168702,0.334915184674545,-0.0981738697455525,0.288321329778088,5,2.5428481476796e-06,0.00364942485388596,0.999626430124647
"Sst-9","CACNA2D1",-0.0504441749009865,0.12378185724776,0.683622593454857,-0.293052157046074,0.192163807244101,5,0.0327743076822202,44.9006212145319,0.999626430124647
"Sst-9","CCAR1",-0.116259973486547,0.090116064776457,0.197011169480877,-0.292884214876881,0.0603642679037878,5,1.88367292703096e-07,0.000337875549497586,0.999626430124647
"Sst-9","SNAPC3",0.0514524583842228,0.133991633304971,0.700980266282624,-0.211166317123218,0.314071233891663,5,0.0264531339585252,29.071346481222,0.999626430124647
"Sst-9","ZNF169",-0.347779100451474,0.168754181556075,0.0393161959809916,-0.678531218541915,-0.0170269823610342,5,2.31829445558792e-06,0.00127120193280667,0.999626430124647
"Sst-9","LDB2",0.346912400601765,0.275182601712981,0.207430451892277,-0.192435587927708,0.886260389131238,5,0.160695463649575,44.187980235162,0.999626430124647
"Sst-9","MRFAP1L1",0.102735413071913,0.193115704399561,0.594733676510882,-0.27576441240031,0.481235238544136,5,0,0,0.999626430124647
"Sst-9","KCP",-0.0949627689749288,0.27402933166978,0.728935161700845,-0.63205038975528,0.442124851805422,5,0.167943172318034,47.2787106350902,0.999626430124647
"Sst-9","MFSD1",-0.0144486740129509,0.125130938124232,0.908073835674053,-0.259700806088156,0.230803458062254,5,0,0,0.999626430124647
"Sst-9","SMARCC1",-0.117393412438823,0.0905669094154506,0.194904366849401,-0.294901293084208,0.0601144682065615,5,0,0,0.999626430124647
"Sst-9","ATP6V1A",-0.0839626133989426,0.117951724717228,0.476564607242586,-0.315143745759093,0.147218518961208,5,0.0295404100649563,44.5144203763799,0.999626430124647
"Sst-9","GDAP1L1",0.000968871687677955,0.149258629609587,0.99482078634788,-0.291572666728916,0.293510410104271,5,0.0225066128190762,19.2663425995053,0.999626430124647
"Sst-9","ELMO1",-0.404052902953757,0.102897902775468,8.61063892696266e-05,-0.605729086478378,-0.202376719429136,5,9.41061046389991e-07,0.00135720680367987,0.48882597188367
"Sst-9","ASH2L",-0.0463028970577148,0.140278634519515,0.741340994016018,-0.321243968516421,0.228638174400991,5,0,0,0.999626430124647
"Sst-9","TOMM20",0.166322352673129,0.105748867581213,0.115763966605324,-0.0409416191919437,0.373586324538202,5,0,0,0.999626430124647
"Sst-9","KCNH5",-0.126062501900787,0.173572538371789,0.467666294530437,-0.466258425814689,0.214133422013116,5,0.0183311406786562,11.2975142664888,0.999626430124647
"Sst-9","LINC00937",-0.083980545294608,0.198289462944525,0.671912260617114,-0.472620751179667,0.304659660590451,5,0.0750894806237852,38.8490836104001,0.999626430124647
"Sst-9","CTNNA3",0.275180337954166,0.204377008555276,0.178162300604092,-0.125391238082209,0.675751913990541,5,0.0703625307582799,34.2381274496996,0.999626430124647
"Sst-9","WNK1",-0.0698891308036828,0.0617946936192954,0.258059639148937,-0.191004504733189,0.0512262431258233,5,0,0,0.999626430124647
"Sst-9","ADGRA3",0.200754817537457,0.167076462027239,0.229528423301637,-0.126709030700305,0.52821866577522,5,0,0,0.999626430124647
"Sst-9","CARM1",0.149166240848073,0.24065241565514,0.535362453784031,-0.322503826628565,0.620836308324711,5,0.144928871173397,53.6313466370678,0.999626430124647
"Sst-9","GRIP2",-0.015248038080452,0.172153305460469,0.9294217127717,-0.352662316602494,0.32216624044159,5,0.087659479326602,64.0256714660005,0.999626430124647
"Sst-9","SHROOM3",0.0768557424626352,0.228829084017069,0.736972466507582,-0.371641020826111,0.525352505751381,5,0.154343897552882,62.7197874885673,0.999626430124647
"Sst-9","GPD1L",-0.0775172371214327,0.142242934149371,0.585778476925995,-0.356308265109503,0.201273790866638,5,0,0,0.999626430124647
"Sst-9","GPR135",-0.0429867043131447,0.124988924534149,0.730903361426364,-0.287960494866471,0.201987086240182,5,3.97539884977392e-06,0.00400056631636637,0.999626430124647
"Sst-9","CDC25B",-0.0922785297771993,0.138853110056631,0.50632133092384,-0.364425624629572,0.179868565075173,5,0,0,0.999626430124647
"Sst-9","UFM1",-0.212866029644067,0.259535425069334,0.412112920301391,-0.721546115492256,0.295814056204121,5,0.213689496663092,68.7167822668246,0.999626430124647
"Sst-9","AGPS",0.11311357907093,0.0871500060936782,0.194315445171381,-0.057697294125125,0.283924452266986,5,0,0,0.999626430124647
"Sst-9","FAAP20",0.413331424463145,0.323586039830268,0.201480021144167,-0.220885559504123,1.04754840843041,5,0.291014644784237,58.7418750354815,0.999626430124647
"Sst-9","SGTB",-0.079215249764497,0.148760587299898,0.594378638559105,-0.370780643191324,0.21235014366233,5,0.0387927453471918,36.2056700791574,0.999626430124647
"Sst-9","KANSL1L",0.147236263398096,0.0799416360398462,0.0655048527850453,-0.00944646410521208,0.303918990901403,5,0,0,0.999626430124647
"Sst-9","SCAMP1",0.0575620366703728,0.164693722277523,0.726706766435741,-0.265231727473415,0.380355800814161,5,0.086081499563904,68.1564314083369,0.999626430124647
"Sst-9","UBA3",-0.230508581091087,0.228103153891539,0.312234084444288,-0.677582547478501,0.216565385296327,5,0.149212623965769,65.2867087793458,0.999626430124647
"Sst-9","MCCC1",0.0649510084050487,0.153164865830138,0.671522459056917,-0.235246612318932,0.365148629129029,5,0.0485490455009121,43.5431872721553,0.999626430124647
"Sst-9","HACE1",-0.15065945715476,0.131493390224562,0.251895759415484,-0.408381766199973,0.107062851890453,5,0.0280350623422877,31.769549907036,0.999626430124647
"Sst-9","POLR2F",-0.0536841840526177,0.11930777534686,0.652736518233703,-0.287523126808058,0.180154758702823,5,1.61188956914676e-06,0.00167439932876642,0.999626430124647
"Sst-9","RUSC1",0.157838172658935,0.126315799265502,0.211463208964462,-0.0897362445798398,0.40541258989771,5,1.91925275535999e-07,0.00018183005217258,0.999626430124647
"Sst-9","MBIP",0.0422790856569985,0.180802234036209,0.81510794418311,-0.312086781378353,0.39664495269235,5,0.0370237233015722,20.8189653996815,0.999626430124647
"Sst-9","BRSK1",-0.210072126230991,0.113820102745883,0.0649429731190117,-0.433155428329571,0.0130111758675893,5,0,0,0.999626430124647
"Sst-9","ZC3H3",0.0330407295989818,0.197051967305209,0.866838801198355,-0.353174029401992,0.419255488599956,5,0.0584592083395945,29.8883037558484,0.999626430124647
"Sst-9","LUC7L3",-0.0190209121398544,0.128628434017564,0.882441526001179,-0.271128010202066,0.233086185922357,5,0.050141529297528,65.446874986117,0.999626430124647
"Sst-9","CDK19",-0.127724319208662,0.103995354917341,0.219381915874801,-0.33155146940611,0.0761028309887864,5,0,0,0.999626430124647
"Sst-9","STAMBP",-0.169653000054998,0.15134223396143,0.262292486916193,-0.466278327959236,0.12697232784924,5,0.00376216296684704,2.8042982088963,0.999626430124647
"Sst-9","PLEKHH1",-0.0712847233310266,0.112878232960353,0.527701377497484,-0.29252199457184,0.149952547909787,5,0,0,0.999626430124647
"Sst-9","DPF2",0.103125995032539,0.17073373322912,0.545832660363471,-0.231505973042607,0.437757963107684,5,0.0361761635519841,23.5461363952285,0.999626430124647
"Sst-9","PRKAR2B",-0.0574243906877008,0.194797964042055,0.768154702627266,-0.439221384471857,0.324372603096456,5,0.1018893306179,57.1491814478944,0.999626430124647
"Sst-9","NUMA1",-0.0730559625868979,0.101922288400451,0.47350922021638,-0.272819977073685,0.12670805189989,5,0,0,0.999626430124647
"Sst-9","CABP1",-0.183333644227434,0.174365899560634,0.293060863126708,-0.525084527498204,0.158417239043337,5,0.0574078107498002,38.585666732135,0.999626430124647
"Sst-9","S100PBP",0.0539678852649132,0.139529352318341,0.698915251664499,-0.219504620065236,0.327440390595062,5,0.000311142372334715,0.227431633752603,0.999626430124647
"Sst-9","RPL5",0.203887213294447,0.186904611853784,0.275333434468303,-0.162439094483409,0.570213521072302,5,0.0619014226042733,36.7087632699609,0.999626430124647
"Sst-9","AMY2B",-0.278635221227426,0.152272374347033,0.0672727479814394,-0.577083590788012,0.0198131483331603,5,0.0295969921320418,24.8059278963692,0.999626430124647
"Sst-9","ADIPOR2",-0.0970080487268917,0.148180415797744,0.512685564250074,-0.387436326904639,0.193420229450856,5,0.017708336457834,14.7099255264668,0.999626430124647
"Sst-9","AGPAT1",0.371230939020142,0.153741390640486,0.015750535891146,0.0699033504316862,0.672558527608598,5,1.87258413485171e-07,0.000115076381951286,0.999626430124647
"Sst-9","FLNB",-0.314442343841494,0.212082286344517,0.138169252886129,-0.730115986835658,0.10123129915267,5,0.125371564870421,59.6365396584451,0.999626430124647
"Sst-9","NRXN3",-0.0122002756736551,0.0952803656159895,0.898112520247612,-0.198946360714803,0.174545809367493,5,0.0325342759034742,78.5048271613919,0.999626430124647
"Sst-9","SCAP",0.0220142194377033,0.100611895525413,0.826803239917198,-0.175181472208413,0.219209911083819,5,0,0,0.999626430124647
"Sst-9","LMF1",-0.214160748880052,0.131927260564834,0.104520063619878,-0.472733428166159,0.0444119304060547,5,0,0,0.999626430124647
"Sst-9","RUFY2",0.0345580923704612,0.0766994293450316,0.652302965451085,-0.115770026780575,0.184886211521498,5,6.01362482579752e-06,0.0138688316889217,0.999626430124647
"Sst-9","UQCRFS1",-0.0545014246315784,0.219615552927618,0.804004874915223,-0.484939998814559,0.375937149551402,5,0.0610595111288317,24.7715013681834,0.999626430124647
"Sst-9","ZC3H7B",-0.206633588806286,0.125764294750035,0.10037824051282,-0.453127077057434,0.0398598994448621,5,0,0,0.999626430124647
"Sst-9","RPL37A",0.133483172799633,0.125338974762934,0.286886166639098,-0.112176703594892,0.379143049194159,5,0.00478235925434577,5.19882474012225,0.999626430124647
"Sst-9","MRPS21",-0.0664527982739487,0.222741646796607,0.765443488222365,-0.503018403852441,0.370112807304543,5,0.127013860708612,54.9220625342832,0.999626430124647
"Sst-9","SHF",0.121093867244227,0.197251246813526,0.539276964955213,-0.265511472415906,0.507699206904359,5,0.0277985575496364,13.2930875763079,0.999626430124647
"Sst-9","ZC3H12B",0.038489528607402,0.122833485427526,0.754016894654018,-0.202259678926075,0.279238736140879,5,0,0,0.999626430124647
"Sst-9","KLHL29",0.0944830345795573,0.105063226328722,0.368494533903223,-0.111437105124319,0.300403174283433,5,1.41891836762435e-06,0.00196773032558033,0.999626430124647
"Sst-9","RPS18",-0.0446741211668413,0.253020187199757,0.859851293224996,-0.540584575439947,0.451236333106265,5,0.108288210292866,34.8846679729341,0.999626430124647
"Sst-9","TASP1",0.112786073929163,0.134796919295822,0.402754997873983,-0.151411033117601,0.376983180975927,5,0.0452179403829389,53.4707544286978,0.999626430124647
"Sst-9","DUSP8",-0.151957601689865,0.160695543786635,0.344340275420219,-0.466915079987749,0.162999876608019,5,0,0,0.999626430124647
"Sst-9","MORC3",-0.0993786687929016,0.105507754035963,0.346239398389968,-0.3061700667931,0.107412729207297,5,0,0,0.999626430124647
"Sst-9","HTR1E",-0.0853554382034525,0.243526249119521,0.72596506806407,-0.562658115767842,0.391947239360937,5,0.198945878450345,71.3673665112816,0.999626430124647
"Sst-9","STRN3",-0.156209956789524,0.0739699774533034,0.0347034235538674,-0.301188448535239,-0.0112314650438098,5,0,0,0.999626430124647
"Sst-9","ABHD5",-0.026167205737783,0.168206320189,0.876375026696662,-0.355845535280235,0.303511123804669,5,0.0310698006495917,21.0010418133192,0.999626430124647
"Sst-9","EIF4G2",0.117838618288838,0.114700146322581,0.304249846783382,-0.106969537524895,0.342646774102572,5,2.89349148145245e-06,0.00303687505148472,0.999626430124647
"Sst-9","RPP30",-0.105941712093756,0.166784156252313,0.525296356558256,-0.432832651540189,0.220949227352678,5,0.0194763936197575,12.3835936143318,0.999626430124647
"Sst-9","PPM1D",-0.0253074759296402,0.277442297800074,0.927320104639563,-0.569084387405822,0.518469435546542,5,0.231308437642556,63.7788288347137,0.999626430124647
"Sst-9","NPAT",-0.0563738568602237,0.102792582825446,0.583401218733872,-0.257843617075947,0.1450959033555,5,0,0,0.999626430124647
"Sst-9","TMEM35A",-0.0773974239265363,0.174166423675697,0.656762273574534,-0.418757341647047,0.263962493793974,5,0.0230214507542639,14.4915174226161,0.999626430124647
"Sst-9","SDHC",-0.210326582952612,0.118522609223235,0.0759690310813113,-0.442626628383866,0.0219734624786429,5,5.26282467260008e-06,0.00614371710635568,0.999626430124647
"Sst-9","HNRNPH1",-0.239640377136174,0.118613062264821,0.0433466792068833,-0.472117707271229,-0.00716304700111769,5,0.0133728354237497,16.9092089265106,0.999626430124647
"Sst-9","HAT1",0.153835690151482,0.15289566723627,0.314344317738025,-0.145834311023828,0.453505691326791,5,0.0229278919220504,18.0368917783509,0.999626430124647
"Sst-9","CPSF6",0.0571596292057961,0.185191386849596,0.757586518198324,-0.305808819266436,0.420128077678028,5,0.119316511903971,72.712213107154,0.999626430124647
"Sst-9","CCNL2",-0.0722247588459557,0.141399789719596,0.609502271119281,-0.3493632541179,0.204913736425989,5,0.0257119745542254,24.3221372262178,0.999626430124647
"Sst-9","CYTH1",-0.0541414823087919,0.169989342336055,0.750106244432493,-0.38731447104311,0.279031506425526,5,0.0813291571320746,60.2196391653719,0.999626430124647
"Sst-9","SPAST",0.0735065247465773,0.0986335425511514,0.456121354190077,-0.119811666321278,0.266824715814433,5,0.00730933129711096,13.0085758574576,0.999626430124647
"Sst-9","PVR",-0.301976665467401,0.214648477041745,0.159474006632591,-0.722679949805593,0.118726618870791,5,0.0490648067318047,19.9211303903362,0.999626430124647
"Sst-9","NDEL1",0.243924966097687,0.275742453180178,0.376366161029963,-0.296520311144185,0.784370243339558,5,0.226273832381512,64.7216427635154,0.999626430124647
"Sst-9","PGBD5",0.0279492276950152,0.10272916602547,0.785570415511833,-0.173396237876741,0.229294693266772,5,0.0106754564449534,19.1829581526073,0.999626430124647
"Sst-9","SGPP1",-0.0264035424702833,0.111830239448164,0.813352139313342,-0.245586784171176,0.192779699230609,5,0,0,0.999626430124647
"Sst-9","CALY",0.0567900276513806,0.126765742752678,0.654159032719018,-0.191666262617337,0.305246317920099,5,0.0285915386727845,36.7832534547986,0.999626430124647
"Sst-9","GAB1",-0.288526454770933,0.211952437356125,0.173425458102905,-0.703945598424421,0.126892688882555,5,0.161222717646557,75.0137473443017,0.999626430124647
"Sst-9","ZNF721",-0.142125328179354,0.102970528242671,0.167508917041828,-0.343943855004054,0.0596931986453459,5,0,0,0.999626430124647
"Sst-9","FAM222B",-0.134753450664589,0.11604155323951,0.245539556490682,-0.362190715724115,0.0926838143949376,5,0.0165911382106014,23.7340875824069,0.999626430124647
"Sst-9","NTPCR",-0.352359535535225,0.252516977625823,0.162898420229646,-0.847283717166744,0.142564646096294,5,0.151595584816994,50.6436605047208,0.999626430124647
"Sst-9","KLHL24",-0.0236116831742829,0.076485095154598,0.757542440126337,-0.173519715031414,0.126296348682848,5,6.79983200688596e-06,0.0153884278931447,0.999626430124647
"Sst-9","WDR20",-0.201637159567944,0.106605997526498,0.0585677456841029,-0.410581075255847,0.00730675611995937,5,0,0,0.999626430124647
"Sst-9","PCNT",-0.140288494752004,0.0985773774603237,0.154698262694997,-0.333496604264649,0.0529196147606409,5,0,0,0.999626430124647
"Sst-9","SOX5",-0.215987516603258,0.166986160589747,0.195856983462536,-0.543274377275784,0.111299344069268,5,1.6024525919206e-06,0.00105219747919501,0.999626430124647
"Sst-9","SLC16A14",-0.0339761968654911,0.134370883846921,0.800381144177718,-0.29733828977627,0.229385896045288,5,0,0,0.999626430124647
"Sst-9","NT5DC1",-0.232990436600115,0.145831262376086,0.110116127766155,-0.518814458677254,0.052833585477024,5,0,0,0.999626430124647
"Sst-9","ASS1",-0.0424515355805984,0.170430166260029,0.803295315255048,-0.376488523329429,0.291585452168232,5,0,0,0.999626430124647
"Sst-9","CFAP46",-0.159223439126264,0.347948378920072,0.647235174312993,-0.8411897302887,0.522742852036172,5,0.417530932451476,72.5184136913388,0.999626430124647
"Sst-9","JAKMIP2",-0.0492801121699364,0.154361764383989,0.749536360517197,-0.351823610952612,0.253263386612739,5,0.0741122711549457,66.4383230907808,0.999626430124647
"Sst-9","RPRD1A",-0.113581102723317,0.108893374193871,0.296925694247216,-0.327008194298349,0.0998459888517137,5,0.0191091387210937,32.5227293429244,0.999626430124647
"Sst-9","BCCIP",-0.122745125577538,0.130941874366852,0.348552006305559,-0.379386483404738,0.133896232249661,5,0,0,0.999626430124647
"Sst-9","CCDC91",0.0162158870847891,0.161016018659596,0.919780851135954,-0.299369710422048,0.331801484591626,5,0.083934449173325,67.7733340867883,0.999626430124647
"Sst-9","SUGT1",-0.142921939383593,0.262394244861027,0.58597089060078,-0.65720520906179,0.371361330294603,5,0.230512287991543,71.6986643619755,0.999626430124647
"Sst-9","DYNC1I1",-0.0934818414509493,0.101265397284938,0.35593578202235,-0.291958373009568,0.10499469010767,5,0.026591386719378,54.7624614906433,0.999626430124647
"Sst-9","FAM177A1",0.146776856167223,0.119509696779424,0.219387454488608,-0.0874578453237498,0.381011557658197,5,0,0,0.999626430124647
"Sst-9","USP10",-0.0395522760485714,0.0979257076211807,0.686285634999019,-0.231483136146685,0.152378584049542,5,0,0,0.999626430124647
"Sst-9","ALDH1A2",-0.153009544332301,0.126189134222884,0.225305220591939,-0.400335702649445,0.0943166139848423,5,0,0,0.999626430124647
"Sst-9","SLC25A40",-0.166279521702713,0.155230288479379,0.284088672584054,-0.470525296432059,0.137966253026634,5,0.0255768437981411,19.3896346696648,0.999626430124647
"Sst-9","ANKDD1A",-0.225385769732539,0.189270847720279,0.23372786783435,-0.596349814587651,0.145578275122573,5,0.043043554887481,23.2734734298165,0.999626430124647
"Sst-9","DGKQ",-0.363602678905507,0.289805972375963,0.209608832047456,-0.931611947267004,0.204406589455989,5,0.175277840987279,44.4888335458738,0.999626430124647
"Sst-9","LETM1",-0.0814725181843256,0.236905880943084,0.730919632442577,-0.545799512558505,0.382854476189853,5,0.0817243036539085,29.3239070996514,0.999626430124647
"Sst-9","KLHDC1",-0.15284814209127,0.0967689010456635,0.114217478124721,-0.342511702964291,0.0368154187817509,5,5.07747550238057e-07,0.000745242018549627,0.999626430124647
"Sst-9","PAWR",0.0155669693047422,0.0816544378661241,0.848804125268926,-0.144472788090725,0.175606726700209,5,0,0,0.999626430124647
"Sst-9","JMY",-0.0938808205266497,0.0915999861043796,0.30541040157836,-0.273413494275603,0.0856518532223038,5,0,0,0.999626430124647
"Sst-9","ATP8B2",-0.127084694976751,0.166896358616509,0.446383099649939,-0.45419554701599,0.200026157062488,5,0.0480258886828341,35.0552710679657,0.999626430124647
"Sst-9","KIAA0825",0.0212819836658962,0.131535740036906,0.871466341003886,-0.236523329486264,0.279087296818056,5,0.0363707278443025,43.6309881853665,0.999626430124647
"Sst-9","GALC",0.0819003369947366,0.162711661902794,0.614720715779623,-0.237008660199397,0.40080933418887,5,0.00854439497766491,5.5633507600584,0.999626430124647
"Sst-9","IRS1",-0.188160529313807,0.200229532523685,0.347359068961235,-0.580603201701521,0.204282143073908,5,0.0780049145765777,40.4592761002911,0.999626430124647
"Sst-9","PDPR",0.178846681847992,0.12378064706641,0.14849499826156,-0.0637589283852339,0.421452292081218,5,0,0,0.999626430124647
"Sst-9","PREP",-0.0281943830873608,0.0908254029265663,0.756238560597221,-0.20620890170477,0.149820135530048,5,0,0,0.999626430124647
"Sst-9","DSCAM",-0.05660044357104,0.261590969922368,0.828699332814226,-0.569309323299782,0.456108436157702,5,0.166349803768235,50.0702677938178,0.999626430124647
"Sst-9","SH3PXD2A",-0.0489468472005296,0.0936162310403847,0.601081609336197,-0.232431288408064,0.134537594007005,5,0.00905385059285187,19.1059876093777,0.999626430124647
"Sst-9","VTI1A",-0.0134365009375962,0.108541622551999,0.901480576025434,-0.226174171963055,0.199301170087862,5,0.024768046232448,44.6018486437947,0.999626430124647
"Sst-9","NAT10",0.0629538721288789,0.168997279683972,0.709510104518531,-0.268274709536949,0.394182453794707,5,0.0472421437457467,33.4588593220478,0.999626430124647
"Sst-9","TRIM33",-0.175653827826377,0.107604450803868,0.102594618512452,-0.386554675978171,0.0352470203254165,5,0.0169526606883709,28.2881986856514,0.999626430124647
"Sst-9","RSPO2",-0.217056114783375,0.137082261376288,0.113330219773869,-0.485732410000206,0.0516201804334556,5,0.0211537197482095,22.1360463564035,0.999626430124647
"Sst-9","AP1AR",0.00687086331886368,0.15876141480622,0.965479994477195,-0.304295791835953,0.31803751847368,5,6.43147905012705e-06,0.00420761235099104,0.999626430124647
"Sst-9","SUN1",0.109053101144164,0.131106984267132,0.405529114035528,-0.147911866141075,0.366018068429402,5,0.0385876929207329,47.8089714771189,0.999626430124647
"Sst-9","BCL11B",-0.184908348954151,0.253601341966787,0.465922139138755,-0.681957845640079,0.312141147731777,5,0.199602744783601,65.9827962017343,0.999626430124647
"Sst-9","INSIG1",0.324076259551553,0.291251931203435,0.265836947865145,-0.246767036034917,0.894919555138024,5,0.216627186476837,54.4643141243121,0.999626430124647
"Sst-9","ZDHHC11",-0.275720236892733,0.220985212680143,0.212145936246153,-0.708843294861738,0.157402821076272,5,0,0,0.999626430124647
"Sst-9","RAB40C",-0.224567940999107,0.173124293196166,0.194580049368204,-0.563885320512545,0.114749438514331,5,0.0303379028225497,18.434147865586,0.999626430124647
"Sst-9","ARMC1",-0.0769012637699753,0.121111614583182,0.525453248709346,-0.314275666462508,0.160473138922557,5,0,0,0.999626430124647
"Sst-9","TET3",-0.0397902554794976,0.0984950357638349,0.686225702241153,-0.232836978232599,0.153256467273603,5,9.24209950424773e-06,0.0127195407916596,0.999626430124647
"Sst-9","ZC3H6",0.0254905472504883,0.0903832026370685,0.777922436032863,-0.151657274725551,0.202638369226528,5,0,0,0.999626430124647
"Sst-9","MPC1",0.073477519012901,0.0949550879364547,0.439041149788425,-0.112631033491384,0.259586071517186,5,0,0,0.999626430124647
"Sst-9","MED4",-0.126925827121043,0.116949926964501,0.277788535645966,-0.356143471966055,0.102291817723969,5,0,0,0.999626430124647
"Sst-9","RPL4",0.0802821454429998,0.262046528015619,0.759325995954973,-0.43331961174138,0.59388390262738,5,0.174226812325255,52.9586522873838,0.999626430124647
"Sst-9","PIN1",0.136842950375824,0.136973042982153,0.317770358213085,-0.131619280722054,0.405305181473701,5,5.59139060367605e-06,0.0047940277767479,0.999626430124647
"Sst-9","CALR",-0.109239856915013,0.218916849116535,0.617778260293278,-0.53830899679241,0.319829282962385,5,0.060807544005487,25.3419111084846,0.999626430124647
"Sst-9","SERPINB9",0.0854129531606466,0.228525788758876,0.708585634830218,-0.362489362345359,0.533315268666652,5,0.0475352096936404,17.6496021123312,0.999626430124647
"Sst-9","CHTOP",0.192203811907053,0.12905449577953,0.136402368474221,-0.0607383518638025,0.445145975677908,5,1.29178170808525e-06,0.000945880044336581,0.999626430124647
"Sst-9","SCP2",0.0879242716022347,0.135475879223548,0.516336343794798,-0.177603572449818,0.353452115654288,5,0.02593879303387,27.4363037624793,0.999626430124647
"Sst-9","TOM1",-0.135975294635918,0.182527722632288,0.456297748324194,-0.493723057175318,0.221772467903482,5,0.0255246523088999,13.8648767934729,0.999626430124647
"Sst-9","DNAJA4",-0.0809038150612923,0.243876495484892,0.740084892616615,-0.558892962887527,0.397085332764942,5,0.107037885305524,37.0697949876514,0.999626430124647
"Sst-9","ZRANB3",0.233705561620166,0.188106166772369,0.214084192904588,-0.134975750523563,0.602386873763896,5,0.0904475140824358,56.3440282618502,0.999626430124647
"Sst-9","NSUN3",0.305938229887195,0.184072340888668,0.096501882945321,-0.0548369288045735,0.666713388578964,5,0.0442531803473636,25.0165251402384,0.999626430124647
"Sst-9","EPN2",-0.0483416078624079,0.0870753073098537,0.578778312042816,-0.219006074132478,0.122322858407663,5,0,0,0.999626430124647
"Sst-9","NRG2",-0.068110389506315,0.128360665196673,0.59568400532137,-0.319692670323399,0.183471891310769,5,0.0395510703428274,51.2669923041798,0.999626430124647
"Sst-9","PPP2R5C",-0.0525273303392689,0.0741409723145489,0.478647778215011,-0.197840965854566,0.0927863051760282,5,2.76230459140201e-07,0.000685542316131862,0.999626430124647
"Sst-9","TACC1",-0.0956627936944099,0.110953046997837,0.388582048803757,-0.31312676978515,0.12180118239633,5,0.0114325503490425,17.4834643244965,0.999626430124647
"Sst-9","LHX6",0.0954102305134577,0.188301264579128,0.612372859641627,-0.27365346630498,0.464473927331895,5,0.120446449805657,72.1683442821252,0.999626430124647
"Sst-9","GOLGA3",-0.174499676599459,0.106770207605493,0.102185797622121,-0.38376543812809,0.034766084929171,5,0,0,0.999626430124647
"Sst-9","EXOSC7",0.179310817289614,0.21954322873664,0.414074213589507,-0.250986004083838,0.609607638663067,5,0.0716238863014305,29.9243120917811,0.999626430124647
"Sst-9","PIKFYVE",-0.163326510891985,0.15839529733029,0.302478771940407,-0.473775588979866,0.147122567195896,5,0.0561357964752973,47.6196989495231,0.999626430124647
"Sst-9","BRD1",-0.0285539371655058,0.170505358660554,0.867002997382686,-0.362738299311275,0.305630424980264,5,0.0479251439972471,33.3948994674725,0.999626430124647
"Sst-9","EEF1D",0.0753552066060206,0.187131391203734,0.687179174557649,-0.291415580530173,0.442125993742214,5,0.0350306978977491,18.4174639505893,0.999626430124647
"Sst-9","ANKS1A",-0.0933182575239704,0.126829486889283,0.461866237493587,-0.341899484004661,0.15526296895672,5,0.0432373453859348,57.370635025595,0.999626430124647
"Sst-9","ARHGAP28",0.0604500607126303,0.279873662471053,0.828995129251131,-0.488092237951954,0.608992359377214,5,0.269635826897462,73.9441358794871,0.999626430124647
"Sst-9","DYNC1LI2",0.112448075532351,0.102044108994317,0.270480982564065,-0.0875547029309901,0.312450853995692,5,0,0,0.999626430124647
"Sst-9","ADGRB1",-0.154249032057589,0.167092156542745,0.355935565644356,-0.481743640980499,0.17324557686532,5,0.0654726511264096,49.3060916664287,0.999626430124647
"Sst-9","TAB2",-0.0891347948081979,0.169344521960687,0.59864379498727,-0.421043958830298,0.242774369213902,5,0.0740561341154202,54.5286933201593,0.999626430124647
"Sst-9","TBC1D1",-0.160765538062238,0.174066939842095,0.355702655640209,-0.501930471051845,0.180399394927369,5,0.0650580775907025,45.005533488912,0.999626430124647
"Sst-9","ARPC5L",-0.132649736885471,0.191356769360811,0.488180033412777,-0.507702113030599,0.242402639259657,5,1.7485249893156e-07,8.22737504301569e-05,0.999626430124647
"Sst-9","TMEM160",0.190562295805006,0.215376479547186,0.376271555785453,-0.231567847224506,0.612692438834518,5,0.0476442645443842,20.2401154912777,0.999626430124647
"Sst-9","NUDT5",-0.181071963752839,0.257822244115747,0.482483866823119,-0.686394276632998,0.324250349127319,5,0.218861727393336,71.3281420971953,0.999626430124647
"Sst-9","PCSK6",0.0397418050143173,0.138478603695138,0.774120914161649,-0.231671270857549,0.311154880886184,5,5.43994686860661e-07,0.000378761612037626,0.999626430124647
"Sst-9","KLHDC3",0.0195484855254076,0.126888922376988,0.877562562866813,-0.229149232370587,0.268246203421402,5,0,0,0.999626430124647
"Sst-9","NLK",0.0305480987275631,0.120652733452448,0.80012118138813,-0.205926913475546,0.267023110930672,5,0.0251699418322878,35.21710392482,0.999626430124647
"Sst-9","PIGK",0.330712980563277,0.250693672801883,0.187105074849475,-0.160637589280483,0.822063550407037,5,0.194716364329878,65.2487155691976,0.999626430124647
"Sst-9","CCDC7",-0.0591590939484589,0.0900065128015389,0.511003656628072,-0.235568617413518,0.117250429516601,5,2.88088172997435e-06,0.00543342669538055,0.999626430124647
"Sst-9","PIAS1",-0.0711943946589077,0.145174512286795,0.623846910594305,-0.355731210214194,0.213342420896378,5,0.0607085608336413,62.2469620903331,0.999626430124647
"Sst-9","UVRAG",0.0629787296720869,0.140188489717146,0.65325620675008,-0.211785661220582,0.337743120564756,5,0.0533806514024923,58.5283144319057,0.999626430124647
"Sst-9","SRSF3",-0.0370885541604685,0.193654309441374,0.848118694944366,-0.416644026116537,0.3424669177956,5,0.0481010680581776,25.3559579751102,0.999626430124647
"Sst-9","ILDR2",-0.153046224910649,0.254492516107926,0.547588184073775,-0.651842390817163,0.345749940995865,5,0.158087010998774,52.446744017829,0.999626430124647
"Sst-9","DNAH7",0.0903802316975804,0.143675017577816,0.529309661727528,-0.191217628233097,0.371978091628258,5,0,0,0.999626430124647
"Sst-9","SESN1",-0.0763331372543072,0.0773680588950201,0.32382729481289,-0.22797174624232,0.0753054717337059,5,0,0,0.999626430124647
"Sst-9","PHF8",0.19691587248063,0.212447284319327,0.353982160992192,-0.21947315339859,0.613304898359851,5,0.103299661271898,47.6773116163401,0.999626430124647
"Sst-9","TMEM47",-0.0149447897150204,0.167122529764615,0.928744833593383,-0.342498929058889,0.312609349628848,5,0.036929007431287,26.1046157893119,0.999626430124647
"Sst-9","TCHP",0.460366268760432,0.305011683713228,0.131211972821664,-0.137445646181416,1.05817818370228,5,0.320854679502393,73.4157148967546,0.999626430124647
"Sst-9","TAC1",0.056183300911504,0.3302718362908,0.864921822371992,-0.591137603326373,0.70350420514938,5,0.396952626782724,77.9143685427595,0.999626430124647
"Sst-9","STK38L",0.161248601489441,0.246818338600818,0.513557197150099,-0.322506452892174,0.645003655871056,5,0.185394632850883,65.5234253207212,0.999626430124647
"Sst-9","ADAM9",-0.00903724081746926,0.179638268090625,0.959876953972184,-0.361121776520245,0.343047294885306,5,0.0725416784085798,47.4036674346596,0.999626430124647
"Sst-9","GPC1",-0.0630117592385992,0.128212136615832,0.623097702896888,-0.31430292938656,0.188279410909361,5,0.00476052723198227,5.30031469651678,0.999626430124647
"Sst-9","CEP85L",0.0203957777159129,0.122005677842464,0.867235717695185,-0.218730956764713,0.259522512196539,5,0.0288666694019283,40.2235933330742,0.999626430124647
"Sst-9","PNRC1",0.27248559755722,0.152338141675641,0.0736648739372784,-0.0260916735987954,0.571062868713236,5,0,0,0.999626430124647
"Sst-9","CLINT1",0.143875554466985,0.167002864153415,0.388954193174687,-0.183444044588743,0.471195153522713,5,0.0487915115399046,35.3942371400161,0.999626430124647
"Sst-9","WDR70",-0.0325082347649096,0.115171897006217,0.777745385228769,-0.258241004928251,0.193224535398432,5,0.0327333836325954,52.0897377998788,0.999626430124647
"Sst-9","MICU3",-0.024371338892857,0.116822600613713,0.834746179782289,-0.25333942867604,0.204596750890326,5,0.03287623368547,50.7386526569651,0.999626430124647
"Sst-9","RHBDL1",0.101414660459494,0.169287901122543,0.549128736788568,-0.230383528759067,0.433212849678055,5,0,0,0.999626430124647
"Sst-9","DPH6",-0.0370873603912338,0.11007575108217,0.736172836393771,-0.252831868083483,0.178657147301015,5,0.000338110487000489,0.417735141527799,0.999626430124647
"Sst-9","SLC29A1",-0.000544980641258253,0.235261984908516,0.998151714775023,-0.461649997993355,0.460560036710839,5,0.13255692935471,51.4858577082491,0.999626430124647
"Sst-9","SCYL2",-0.107365382031873,0.104598000658875,0.304676077778715,-0.312373696178166,0.0976429321144194,5,0,0,0.999626430124647
"Sst-9","STIP1",0.23031506799571,0.145366736547346,0.113108963317176,-0.0545985001872115,0.515228636178631,5,0,0,0.999626430124647
"Sst-9","LARS2",-0.0598421438102443,0.170511972477133,0.725621604635377,-0.394039468798309,0.274355181177821,5,0.0500566527294028,34.7660470835803,0.999626430124647
"Sst-9","EEF2K",-0.138724209500153,0.0925650685058574,0.133960053061747,-0.320148409998116,0.0426999909978107,5,2.48486573747302e-06,0.0040565615754732,0.999626430124647
"Sst-9","SFI1",-0.133898461733807,0.105883980387208,0.206022949835269,-0.341427249832479,0.0736303263648661,5,0,0,0.999626430124647
"Sst-9","ARL8A",-0.0260891183300157,0.17506225908019,0.881531809381593,-0.369204841179408,0.317026604519377,5,0,0,0.999626430124647
"Sst-9","TMEM41B",-0.0378722884085011,0.0871837624102116,0.664000812393236,-0.208749322769213,0.133004745952211,5,0,0,0.999626430124647
"Sst-9","CDKL2",-0.0168727447858687,0.103383491388358,0.870356709143491,-0.219500664503056,0.185755174931319,5,0,0,0.999626430124647
"Sst-9","ATP11B",-0.185467896356821,0.0984092661425584,0.059475908663954,-0.378346513741252,0.0074107210276104,5,1.92010111279209e-06,0.00285392737919621,0.999626430124647
"Sst-9","PJA1",-0.104454061518849,0.211390689618428,0.621215774970423,-0.518772199838054,0.309864076800355,5,0,0,0.999626430124647
"Sst-9","ADGRL3",-0.0296604328396027,0.107093959292449,0.781813044070489,-0.239560736014601,0.180239870335395,5,0.0374150247069836,72.2110528271993,0.999626430124647
"Sst-9","VPS37B",0.302189056068999,0.174957137980975,0.084128582826527,-0.0407206332119169,0.645098745349915,5,1.74096669019649e-06,0.000898821465607996,0.999626430124647
"Sst-9","KCNH1",-0.158198775895494,0.132938581677216,0.234040881951001,-0.418753608138674,0.102356056347685,5,0,0,0.999626430124647
"Sst-9","SLC9A8",-0.0214001677685887,0.290526231677689,0.941280912477979,-0.590821118420999,0.548020782883822,5,0.287854392102774,72.7156456402791,0.999626430124647
"Sst-9","RBM4",-0.00467855286807882,0.112849177038577,0.966930410063642,-0.225858875548674,0.216501769812516,5,0,0,0.999626430124647
"Sst-9","RPL18",0.174550469732577,0.150482849660232,0.246074877657819,-0.120390495892434,0.469491435357588,5,0,0,0.999626430124647
"Sst-9","ATP6AP1",0.171939165902965,0.214892749040846,0.42364348640467,-0.249242882755898,0.593121214561828,5,0.0629370637871183,26.5408936689931,0.999626430124647
"Sst-9","LRRC58",-0.0433954660099549,0.127146360901313,0.732875302635402,-0.292597754141861,0.205806822121951,5,0,0,0.999626430124647
"Sst-9","LNPEP",-0.017796640525238,0.0875873467476188,0.838988603005033,-0.189464685651992,0.153871404601516,5,0,0,0.999626430124647
"Sst-9","TATDN1",-0.0867340946571466,0.140415332493624,0.536775254147518,-0.361943089221866,0.188474899907573,5,0.0250058281576012,24.3038443416469,0.999626430124647
"Sst-9","LRRN3",0.145899931172883,0.124430624616047,0.240980172255742,-0.0979796116483929,0.389779473994159,5,0,0,0.999626430124647
"Sst-9","RCL1",0.0438323963466623,0.146981434984974,0.765537372414436,-0.244245922619902,0.331910715313227,5,0,0,0.999626430124647
"Sst-9","CHST15",0.0927600420369,0.10741042852012,0.387805638336594,-0.117760529426549,0.303280613500349,5,0,0,0.999626430124647
"Sst-9","NFATC3",0.0920466237920678,0.232946541607133,0.692739166632068,-0.364520208081074,0.54861345566521,5,0.155919364922613,60.7906703346325,0.999626430124647
"Sst-9","AFTPH",-0.00957399108470204,0.0911756119668279,0.916371006179749,-0.188274906808084,0.16912692463868,5,0,0,0.999626430124647
"Sst-9","CEP290",-0.0885941949760261,0.126576358838812,0.483972974306431,-0.336679299594315,0.159490909642263,5,0.031078137928023,39.8270266022616,0.999626430124647
"Sst-9","ZFPM1",0.330657047105452,0.391120986639804,0.397882742567274,-0.435926000306335,1.09724009451724,5,0.466650935918548,67.6166970946505,0.999626430124647
"Sst-9","RRAGD",0.0342617454834525,0.199952495974379,0.863949018484977,-0.35763794524522,0.426161436212125,5,0.0579382366144463,29.1473863895865,0.999626430124647
"Sst-9","ABL2",-0.190897016613594,0.0890535128990044,0.0320632341107976,-0.365438694592415,-0.016355338634772,5,0,0,0.999626430124647
"Sst-9","PDIA3",-0.130367444644714,0.192333330535728,0.497885609121901,-0.507333845521379,0.246598956231951,5,0.0667546857677661,36.6085721458105,0.999626430124647
"Sst-9","KLHL2",0.0361747604696968,0.132512982211317,0.784860662090896,-0.223545912148481,0.295895433087874,5,0,0,0.999626430124647
"Sst-9","HCFC1R1",0.0373747085702543,0.223774051303284,0.867354429954197,-0.4012143726588,0.475963789799308,5,0.0814828127596908,33.049421959904,0.999626430124647
"Sst-9","SYCP2L",0.144105797401362,0.171426198661461,0.400555926675034,-0.191883377981711,0.480094972784434,5,0,0,0.999626430124647
"Sst-9","RIC8B",0.0190398385101543,0.120099702823178,0.874036344732695,-0.216351253577238,0.254430930597547,5,0.023201442625231,32.1494214808145,0.999626430124647
"Sst-9","CSMD1",-0.0576855413497246,0.109560332772863,0.598528006203587,-0.272419847718759,0.15704876501931,5,0.0374474725547132,65.1172797181174,0.999626430124647
"Sst-9","POT1-AS1",0.0833720053624555,0.215644628159324,0.699039337473468,-0.339283699289352,0.506027710014263,5,0.0873050124506315,38.5707081023732,0.999626430124647
"Sst-9","NR2F2",-0.0554703837873709,0.219604329907402,0.800583206899195,-0.485886961254931,0.374946193680189,5,0.12794566823397,55.3297226118671,0.999626430124647
"Sst-9","THBS4",-0.0724719262384563,0.233507862167993,0.756285821042633,-0.530138926194666,0.385195073717753,5,0.0770244025204058,28.1140061901671,0.999626430124647
"Sst-9","AIG1",-0.0816330601168549,0.116614914674096,0.483913274500283,-0.310194092938294,0.146927972704584,5,0.0327047898339781,50.8505076483092,0.999626430124647
"Sst-9","IPO5",0.0546155902046138,0.194305371430547,0.778648107577179,-0.326215939801937,0.435447120211164,5,0.0843769539456274,47.9693157902883,0.999626430124647
"Sst-9","HTRA1",0.401526011765475,0.189716950438347,0.034306745103088,0.0296876216495448,0.773364401881406,5,0.048959713411549,26.7270305870988,0.999626430124647
"Sst-9","ENOX2",-0.00532274037419844,0.167373565609991,0.974630303114698,-0.333368900933832,0.322723420185435,5,0.0233658837208503,15.157610713927,0.999626430124647
"Sst-9","ZC3H12C",-0.0183933411213592,0.152035006997036,0.903706116018748,-0.316376479224845,0.279589796982127,5,0.0327132088605764,27.4031592942725,0.999626430124647
"Sst-9","RNF217",0.0124013433130598,0.156493370171921,0.93683761915424,-0.2943200260432,0.31912271266932,5,0.0480730512560677,40.7855196354906,0.999626430124647
"Sst-9","RNF4",0.117170582593737,0.126237212950322,0.35331533167178,-0.130249808297608,0.364590973485082,5,0.00230022829610401,2.01868756307103,0.999626430124647
"Sst-9","CHCHD2",0.383683359582082,0.186509628662572,0.0396691818480976,0.0181312046335009,0.749235514530662,5,0,0,0.999626430124647
"Sst-9","STX6",-0.24272700720794,0.172665885389083,0.159795038530452,-0.581145923929264,0.0956919095133839,5,0.0467334441392539,31.6252539244942,0.999626430124647
"Sst-9","CSTB",0.0627618387357944,0.225070133203703,0.780356421936773,-0.378367516339095,0.503891193810684,5,0.0528142792781558,20.4753284453618,0.999626430124647
"Sst-9","NTRK3",0.000942377254789875,0.132599803769182,0.99432953962897,-0.258948462489886,0.260833216999466,5,0.0406797707048642,48.1101364449522,0.999626430124647
"Sst-9","PLAGL1",-0.128932928633272,0.161020458464468,0.42329150624598,-0.444527227997757,0.186661370731213,5,0.00771584841016386,4.99059861148243,0.999626430124647
"Sst-9","ZNF428",0.260236765268245,0.289432934810732,0.368585388104259,-0.307041362900519,0.827514893437009,5,0.229285379863495,59.0605485284274,0.999626430124647
"Sst-9","MAGI2",-0.0617836099294979,0.108621411506179,0.569493430118457,-0.274677664431513,0.151110444572518,5,0.0384954450199951,70.2183492286862,0.999626430124647
"Sst-9","SPATA6L",-0.0473409101862389,0.303777745001203,0.8761586566599,-0.642734349693388,0.548052529320911,5,0.305048371005864,69.848539066365,0.999626430124647
"Sst-9","DIAPH2",0.080605252781616,0.122633903251958,0.510998582920808,-0.159752780875791,0.320963286439023,5,0.0142435006889536,17.7727324129623,0.999626430124647
"Sst-9","DBT",0.125012561987046,0.130344460855245,0.337511502341512,-0.130457886873526,0.380483010847617,5,1.58436444158304e-06,0.00139008534073322,0.999626430124647
"Sst-9","WDR43",0.314172009561834,0.110948047667287,0.00463007153159184,0.0967178319789188,0.531626187144749,5,0,0,0.999626430124647
"Sst-9","QRICH1",0.112814900612838,0.113536407028712,0.320395653085876,-0.109712368097518,0.335342169323194,5,0,0,0.999626430124647
"Sst-9","TMEM229B",-0.0690353692100821,0.225097488122739,0.75907859611952,-0.510218338941082,0.372147600520918,5,0.0602045560349018,23.484718931452,0.999626430124647
"Sst-9","ZNF264",-0.153003554712823,0.191993791548769,0.425497911022366,-0.529304471403701,0.223297361978055,5,0.0651710059572467,35.92090587338,0.999626430124647
"Sst-9","ZYG11B",0.0236096555531099,0.0736847017821583,0.748654045869371,-0.120809706151495,0.168029017257715,5,0,0,0.999626430124647
"Sst-9","SDC2",0.0454104118515085,0.25558931546871,0.858982582707147,-0.455535441300409,0.546356265003426,5,0.100566845843313,31.2084143966029,0.999626430124647
"Sst-9","SESTD1",-0.100414138664204,0.0797058216624957,0.207738149267688,-0.256634678480868,0.0558064011524597,5,2.09907373675109e-07,0.000477157032057754,0.999626430124647
"Sst-9","ZNF529",0.0136908667765367,0.0998209377195379,0.890908864930612,-0.181954576056773,0.209336309609847,5,0,0,0.999626430124647
"Sst-9","EXOC6B",-0.0126925770847995,0.0557615302416961,0.819939752159352,-0.121983168081365,0.0965980139117659,5,4.04078206110402e-06,0.0195581200678184,0.999626430124647
"Sst-9","SECISBP2",0.150578364796695,0.235884279203374,0.523241359501327,-0.311746326961108,0.612903056554498,5,0.187192819586612,73.6889508043067,0.999626430124647
"Sst-9","FGF14",0.000722702824294975,0.13194886900618,0.995629894012511,-0.257892328228611,0.259337733877201,5,0.066233889106935,81.2735934983089,0.999626430124647
"Sst-9","C1orf35",0.0982785111266077,0.169147095089253,0.561224320852887,-0.233243703337899,0.429800725591115,5,0,0,0.999626430124647
"Sst-9","THEM4",0.212467036123594,0.146976361511792,0.148293230457887,-0.0756013390182577,0.500535411265446,5,0,0,0.999626430124647
"Sst-9","METTL2B",-0.390543568223999,0.175778345986686,0.0262971174040004,-0.735062795619924,-0.0460243408280744,5,0,0,0.999626430124647
"Sst-9","SLC38A6",-0.204776438406332,0.174897884250098,0.241665395754735,-0.54756999250878,0.138017115696116,5,0.0721124756900333,50.666285930476,0.999626430124647
"Sst-9","KCNAB3",-0.160064766572102,0.141158955905191,0.256822747822011,-0.436731236241554,0.11660170309735,5,0,0,0.999626430124647
"Sst-9","NLGN2",-0.0379932151407264,0.202389373153192,0.851093509496941,-0.43466909737462,0.358682667093167,5,0.076822767626893,38.8405522110905,0.999626430124647
"Sst-9","PTPRS",0.017307755951743,0.123874840002719,0.888881457745032,-0.225482469044249,0.260097980947735,5,0.0308349668950117,41.5534421753265,0.999626430124647
"Sst-9","IK",0.0102070009950061,0.158279440809723,0.948582283526892,-0.30001500248519,0.320429004475203,5,0,0,0.999626430124647
"Sst-9","PPM1G",-0.00272054237382813,0.309790508521471,0.992993165391625,-0.609898781828261,0.604457697080604,5,0.300660367236872,65.6661772606197,0.999626430124647
"Sst-9","TOX3",-0.117010555318323,0.0751808574021251,0.119615948538923,-0.26436232815333,0.0303412175166835,5,0,0,0.999626430124647
"Sst-9","PGM2L1",0.00501332702014308,0.149885942152545,0.973317641025574,-0.288757721387699,0.298784375427986,5,0.0450406813547454,41.8260111578081,0.999626430124647
"Sst-9","RPL37",-0.0403063106450453,0.168521157226409,0.810968677792405,-0.370601709441819,0.289989088151728,5,0.0556727213636642,40.6769834328907,0.999626430124647
"Sst-9","ZFR2",0.0051315933060493,0.0961532196381524,0.95743796965163,-0.183325254182299,0.193588440794397,5,0,0,0.999626430124647
"Sst-9","FAM118B",-0.159113363279643,0.15656135318454,0.309486366050652,-0.465967976892196,0.14774125033291,5,0,0,0.999626430124647
"Sst-9","KMT5B",-0.139904721316414,0.0898013548681589,0.11924853186713,-0.315912142620906,0.0361026999880778,5,0,0,0.999626430124647
"Sst-9","NRIP1",0.0480107150318044,0.155230780162409,0.757103940642473,-0.256236023378571,0.35225745344218,5,0.0313816022127852,26.097729140467,0.999626430124647
"Sst-9","ZNF777",0.204839540132255,0.179953431160701,0.254998598759881,-0.147862703837127,0.557541784101637,5,2.68548800472785e-06,0.00131286082767679,0.999626430124647
"Sst-9","NDUFV3",0.309745873840829,0.110909827337236,0.00522584919515279,0.0923666067282902,0.527125140953368,5,0,0,0.999626430124647
"Sst-9","KIF13A",-0.0800893388794225,0.215768342579305,0.710501930801296,-0.502987519338761,0.342808841579916,5,0.121124452294484,54.4772521310186,0.999626430124647
"Sst-9","RASSF8",-0.0206395954240289,0.240505735007459,0.931611512957605,-0.492022174113982,0.450742983265924,5,0.135419969363112,49.2918341023715,0.999626430124647
"Sst-9","TAB1",-0.164505765625696,0.247597889101549,0.50642986697506,-0.649788710912874,0.320777179661482,5,0.17338128890658,61.7354983777389,0.999626430124647
"Sst-9","DDX10",-0.107726954768141,0.082588904305641,0.192105537295966,-0.269598232729822,0.0541443231935408,5,0,0,0.999626430124647
"Sst-9","CAMSAP2",-0.0604980604226446,0.0893791579915858,0.498488512620764,-0.235677991054668,0.114681870209379,5,0.0123567746579548,30.7976458978817,0.999626430124647
"Sst-9","IRF2",-0.0940420760818557,0.119687025408035,0.432023776281594,-0.328624335298335,0.140540183134624,5,0,0,0.999626430124647
"Sst-9","PDE1C",0.106386649315254,0.15997628412884,0.506040816180306,-0.207161105957818,0.419934404588327,5,0.0608180818346103,50.5184134136703,0.999626430124647
"Sst-9","TMEM242",0.018847938743176,0.117517531180609,0.872578545546599,-0.211482189922881,0.249178067409233,5,0,0,0.999626430124647
"Sst-9","RTTN",-0.177626231894564,0.169965306438698,0.295989016425868,-0.510752111135726,0.155499647346598,5,0.0277144700852442,16.8748752760005,0.999626430124647
"Sst-9","TRAPPC6B",-0.0540462775371977,0.112764322462289,0.631735707277584,-0.275060288304346,0.166967733229951,5,0.00484144992186701,5.84409525402555,0.999626430124647
"Sst-9","TCERG1",0.0024656090184452,0.080093154845182,0.975441588039126,-0.154514089886301,0.159445307923192,5,6.02777599907929e-06,0.0128864352699361,0.999626430124647
"Sst-9","ELOVL4",-0.0763027898935479,0.104494093333616,0.465260906822772,-0.281107449424602,0.128501869637506,5,0.000737530073421065,0.998072435594553,0.999626430124647
"Sst-9","USP48",-0.13552675499047,0.064157087015191,0.0346503859728498,-0.261272334893246,-0.00978117508769302,5,0.00025957698256817,0.711893958900298,0.999626430124647
"Sst-9","KBTBD2",0.337078966171001,0.298534987728664,0.258851255081941,-0.248038857902286,0.922196790244289,5,0.271020747998551,64.7600285520978,0.999626430124647
"Sst-9","DIP2C",-0.0624233504299196,0.0562280038334003,0.266920357250522,-0.172628212865964,0.047781512006125,5,8.69768903491765e-07,0.00393518023657327,0.999626430124647
"Sst-9","EXOC3",-0.183883267874968,0.128814554466036,0.153434726441845,-0.436355155312973,0.0685886195630358,5,4.09392789832696e-07,0.000355612385391687,0.999626430124647
"Sst-9","DYNC1H1",0.0330504726526823,0.125375135364385,0.792078403950707,-0.212680277218346,0.27878122252371,5,0.0432493369174869,59.3781228713315,0.999626430124647
"Sst-9","GPR180",-0.0535062728248877,0.173931753995514,0.758365432807973,-0.394406246423976,0.287393700774201,5,0.0509672243140735,34.2019946680983,0.999626430124647
"Sst-9","PPP1R9A",0.0165352176340645,0.0947628266287167,0.861479957715748,-0.169196509631433,0.202266944899562,5,0.0157294876729544,35.8813888402089,0.999626430124647
"Sst-9","ARV1",-0.297264680913083,0.251802189972437,0.237782159110313,-0.790787904487372,0.196258542661206,5,0.165906911108593,54.5858966766201,0.999626430124647
"Sst-9","CASKIN1",0.0495625565637739,0.123201108439543,0.68747071690377,-0.191907178833143,0.291032291960691,5,0.00532384996471328,6.0323776542105,0.999626430124647
"Sst-9","MTIF3",0.122261873733638,0.172156866764908,0.477594286058912,-0.215159384816842,0.459683132284118,5,0.0396939671226555,26.3909036718073,0.999626430124647
"Sst-9","CLYBL",-0.189911928789894,0.198092294920044,0.337707747272685,-0.578165692448066,0.198341834868278,5,0.0732361312895432,38.2542130028974,0.999626430124647
"Sst-9","CNRIP1",-0.077235912216307,0.168585397494292,0.646851018294119,-0.407657219624488,0.253185395191874,5,0.0585477993710687,43.9556523472095,0.999626430124647
"Sst-9","RASGRF2",-0.0785390569074613,0.0717023275545838,0.273363865121779,-0.21907303652214,0.0619949227072169,5,0,0,0.999626430124647
"Sst-9","TCEAL7",0.0879847360080944,0.220728049406227,0.690179496224139,-0.344634291205889,0.520603763222078,5,0.054163910417672,22.0187885531807,0.999626430124647
"Sst-9","PPFIBP1",0.0990841168274761,0.204630129455077,0.628236279404731,-0.301983567056243,0.500151800711196,5,0,0,0.999626430124647
"Sst-9","SDF4",0.234574351297554,0.14338946610524,0.101855374136761,-0.046463838031143,0.515612540626251,5,0,0,0.999626430124647
"Sst-9","ENTPD1-AS1",0.113905036331059,0.0893246869505149,0.202245609779007,-0.0611681330222652,0.288978205684383,5,3.5679939995515e-06,0.00671295689324698,0.999626430124647
"Sst-9","STIM1",-0.0705744783410032,0.150714312627309,0.639593952230015,-0.365969103045238,0.224820146363232,5,0.0264582818458583,21.6097417062255,0.999626430124647
"Sst-9","SLC35F5",-0.235597737706163,0.144605267512782,0.10326068327221,-0.519018854005997,0.0478233785936704,5,0.0317437670044204,30.1282544140455,0.999626430124647
"Sst-9","AKAP12",-0.0734274946021805,0.193785509697376,0.704753827671462,-0.453240114334775,0.306385125130414,5,0.07600190244224,41.7306650548171,0.999626430124647
"Sst-9","MIR99AHG",0.00452417667924023,0.173955571063359,0.979251231785559,-0.336422477515042,0.345470830873523,5,0.104379538231723,73.6242370968148,0.999626430124647
"Sst-9","SLC27A4",-0.352425675845186,0.146533174377248,0.0161684218927332,-0.639625420164918,-0.0652259315254528,5,0,0,0.999626430124647
"Sst-9","CENPC",-0.0483277585298343,0.127948655233125,0.705644459083091,-0.299102514657091,0.202446997597422,5,0.0329288527661587,41.7610464320006,0.999626430124647
"Sst-9","UBR5",-0.0533734745996108,0.115268348139829,0.64333806705561,-0.279295285511101,0.172548336311879,5,0.0350005073124407,56.7022716253272,0.999626430124647
"Sst-9","PDS5A",-0.112162840393643,0.0730742772751746,0.124804587143964,-0.255385792049279,0.0310601112619929,5,0,0,0.999626430124647
"Sst-9","PRDM1",0.0928086127415573,0.332267111171172,0.779999805842085,-0.558422958401106,0.74404018388422,5,0.403389395714272,79.6250707364132,0.999626430124647
"Sst-9","TADA2A",0.0097076274610715,0.120835799379773,0.935968956133692,-0.227126187366391,0.246541442288534,5,0,0,0.999626430124647
"Sst-9","NLN",-0.0610406834591174,0.110734902638821,0.581474265020577,-0.278077104462755,0.15599573754452,5,3.81074823958533e-06,0.004244717302855,0.999626430124647
"Sst-9","EPDR1",-0.0351038411793699,0.142764947078024,0.80577081015243,-0.314917995707064,0.244710313348324,5,0,0,0.999626430124647
"Sst-9","DCN",-0.0786735131558352,0.160267061891304,0.62350418336734,-0.392791182370842,0.235444156059172,5,0.0274764996315563,20.8983731935639,0.999626430124647
"Sst-9","NR2F1-AS1",-0.0187558425746529,0.0668501029873433,0.779043565737086,-0.149779636792639,0.112267951643333,5,0,0,0.999626430124647
"Sst-9","HMGCLL1",0.0403434323464653,0.142100023893925,0.776480352904896,-0.238167496687909,0.31885436138084,5,0.0368794928672346,37.4981341620191,0.999626430124647
"Sst-9","GNPAT",-0.00576222557973514,0.145646130721049,0.968441374369036,-0.291223396280604,0.279698945121134,5,0,0,0.999626430124647
"Sst-9","SART3",-0.0354523884362769,0.195266244459366,0.855928648948826,-0.418167194973028,0.347262418100474,5,0.0869354660133749,48.5449973634208,0.999626430124647
"Sst-9","APBB3",0.0353035779863265,0.306397232144569,0.908269481830823,-0.565223961979788,0.635831117952441,5,0.2339540159945,52.6469433086525,0.999626430124647
"Sst-9","ADAM22",-0.0216011010885691,0.108334062262546,0.841954993422967,-0.233931961422079,0.190729759244941,5,0.0323519617918514,59.7604599869958,0.999626430124647
"Sst-9","AKAP10",0.00750362979315897,0.103856406524322,0.942402920982816,-0.196051186558264,0.211058446144581,5,0,0,0.999626430124647
"Sst-9","CERS4",0.154449373959757,0.147996001043569,0.296668155849049,-0.135617457941591,0.444516205861106,5,0.0251395500308992,22.0830999626339,0.999626430124647
"Sst-9","R3HDM1",0.0105450058523188,0.130857706260046,0.935772982709575,-0.245931385516892,0.26702139722153,5,0.0523563409604551,65.3514653173462,0.999626430124647
"Sst-9","BANP",-0.0926371028426836,0.206951948219251,0.654423030781227,-0.498255467882814,0.312981262197447,5,0.0727399200384106,34.0985428710101,0.999626430124647
"Sst-9","AMN1",-0.114569399669816,0.100706506926894,0.255263996157874,-0.311950526255362,0.0828117269157293,5,0,0,0.999626430124647
"Sst-9","RBM10",0.0815013039068253,0.142679953576529,0.567852133810385,-0.198146266419018,0.361148874232669,5,0.010699206384245,8.57290476626665,0.999626430124647
"Sst-9","CDC73",0.056155546488649,0.0885199580955857,0.525830975634241,-0.117340383291694,0.229651476268992,5,8.44919124156509e-07,0.00149092636834621,0.999626430124647
"Sst-9","CDH13",-0.0674878072446105,0.0722316780839573,0.35013666761397,-0.209059294832058,0.0740836803428369,5,0.00215341572525069,7.59589083961559,0.999626430124647
"Sst-9","BCL2L1",0.106067470893731,0.120806869966245,0.379948035393236,-0.130709643325123,0.342844585112584,5,0.00375222577222276,3.94218381774817,0.999626430124647
"Sst-9","SAMD8",0.212783725187981,0.188322534976036,0.258522631566719,-0.156321660842334,0.581889111218297,5,0.0915110998681095,55.3165949370768,0.999626430124647
"Sst-9","SMYD3",-0.0209393335633457,0.0989369844086678,0.832385454546529,-0.214852259743336,0.172973592616644,5,0.0275927752117766,62.7595640467256,0.999626430124647
"Sst-9","NCOA1",-0.0654540113800827,0.105271731978663,0.534098072048025,-0.271782814648417,0.140874791888251,5,0.0294781793842454,56.8879403486395,0.999626430124647
"Sst-9","TMEM163",-0.189304298349407,0.151802113370471,0.212380437866849,-0.486830973332596,0.108222376633782,5,0,0,0.999626430124647
"Sst-9","TBCD",-0.0845251773396984,0.102377287046519,0.409017238516552,-0.285180972785794,0.116130618106397,5,0.00853014949656528,13.5806088605276,0.999626430124647
"Sst-9","POLR3A",-0.0943083508576472,0.338685540989124,0.780663855451657,-0.758119813280794,0.569503111565499,5,0.467986364170789,84.9182707185647,0.999626430124647
"Sst-9","RPS27L",-0.103370834040849,0.154370376845816,0.50309451682231,-0.405931212938524,0.199189544856826,5,0,0,0.999626430124647
"Sst-9","RPSA",0.305110786892279,0.154686292586357,0.0485583995704703,0.00193122452099348,0.608290349263565,5,0,0,0.999626430124647
"Sst-9","SMARCAD1",-0.049933520673027,0.161991638345435,0.757893996410494,-0.367431297626716,0.267564256280662,5,0.0659379758415481,54.596324922243,0.999626430124647
"Sst-9","NRG3",-0.0199951886218368,0.104124700758306,0.84771778581098,-0.224075852009128,0.184085474765454,5,0.0344582893207635,67.5761709427177,0.999626430124647
"Sst-9","KDM5A",-0.10004866626845,0.0877408598857123,0.254171952665266,-0.272017591617021,0.0719202590801218,5,0,0,0.999626430124647
"Sst-9","PTDSS1",0.224871267203934,0.181021471105785,0.214149747301154,-0.129924296591863,0.579666830999732,5,0.0653844329565395,41.2655618467523,0.999626430124647
"Sst-9","CC2D1A",-0.171332970064712,0.162943768025841,0.293035776333809,-0.49069688690061,0.148030946771187,5,0.0488985912346204,38.0148984311291,0.999626430124647
"Sst-9","CCDC59",0.0373332703956228,0.281626929224805,0.894539108782648,-0.514645367961605,0.589311908752851,5,0.225911253698619,60.5493845319711,0.999626430124647
"Sst-9","FBXO17",0.327302247395909,0.157388257679377,0.0375636212575183,0.0188269307548211,0.635777564036997,5,0.0100293004458677,7.18545070348225,0.999626430124647
"Sst-9","USP7",-0.184603633496491,0.121692257984003,0.129273991060847,-0.423116076342494,0.0539088093495118,5,0.0134300288206116,16.4765002432437,0.999626430124647
"Sst-9","PVT1",-0.259866344661634,0.235935103778168,0.270708921664,-0.722290650755564,0.202557961432295,5,0.145049694001819,54.9340653332008,0.999626430124647
"Sst-9","SPRYD3",0.0350623034411269,0.211323832700048,0.868221944527551,-0.379124797725934,0.449249404608188,5,0.0317742119438594,13.010882326563,0.999626430124647
"Sst-9","LTBP3",-0.00825663629359431,0.132407637219262,0.950277976425455,-0.267770836521393,0.251257563934204,5,0,0,0.999626430124647
"Sst-9","PCDH11X",0.0535877326500632,0.0873178402258022,0.539407729001915,-0.117552089400332,0.224727554700458,5,0.00375248277321454,9.47492971256268,0.999626430124647
"Sst-9","IGLON5",-0.190605419141929,0.161798799755481,0.238780755895458,-0.507725239404481,0.126514401120623,5,6.597898199977e-06,0.00413836763756134,0.999626430124647
"Sst-9","SNX24",-0.0108077818464854,0.170266324716522,0.949387672800729,-0.34452364607087,0.322908082377899,5,0.0575969994514039,41.1513416751664,0.999626430124647
"Sst-9","BLCAP",-0.0355943712424565,0.116258232004223,0.759477908628614,-0.263456318877035,0.192267576392122,5,0,0,0.999626430124647
"Sst-9","LONP2",0.0180233601509439,0.0649720640042133,0.781471686537864,-0.109319545298545,0.145366265600433,5,0,0,0.999626430124647
"Sst-9","CNOT10",0.0433786567742331,0.156818965334038,0.782074870657316,-0.263980867373316,0.350738180921782,5,0.0469513646486916,39.1587612228422,0.999626430124647
"Sst-9","FOXN2",0.237383325383725,0.182245825807494,0.192730264907127,-0.119811929531725,0.594578580299174,5,0.0482113229043256,28.7178316255153,0.999626430124647
"Sst-9","MLST8",-0.00154705827634564,0.197394324625252,0.993746723575014,-0.388432825294447,0.385338708741756,5,0,0,0.999626430124647
"Sst-9","MFSD11",-0.112473325547351,0.134174169641963,0.401882661507615,-0.375449865701165,0.150503214606463,5,0.0198627511271018,20.4675223532945,0.999626430124647
"Sst-9","GRIK3",0.0507472271269694,0.0678587893913358,0.454559249189035,-0.0822535561145374,0.183748010368476,5,7.58836068167579e-07,0.00280994365587707,0.999626430124647
"Sst-9","MFHAS1",-0.0662939847041183,0.217995204278672,0.761045964735767,-0.493556733892768,0.360968764484532,5,0.122592615109833,55.0777940321048,0.999626430124647
"Sst-9","PAK2",-0.0672860627572842,0.0945740024164499,0.476796327848433,-0.25264770136733,0.118075575852762,5,0,0,0.999626430124647
"Sst-9","CCDC93",-0.07430848153907,0.0989951627508052,0.452876926959509,-0.268335435174329,0.119718472096189,5,0.00613693073814729,10.8453907625959,0.999626430124647
"Sst-9","EFL1",-0.120600042176664,0.202535198881174,0.551541200642957,-0.517561737585421,0.276361653232094,5,0.0661669920379915,32.9920142878285,0.999626430124647
"Sst-9","ULK1",-0.188238545568531,0.146435408288403,0.198627565887521,-0.475246671875218,0.0987695807381564,5,1.74676555384975e-06,0.0011397107107564,0.999626430124647
"Sst-9","EFTUD2",0.0245718945826059,0.142937194540793,0.863510696768651,-0.255579858768544,0.304723647933756,5,2.40503726908903e-06,0.00189932577493135,0.999626430124647
"Sst-9","ZBTB40",-0.0878451195691805,0.196020307652958,0.654050030301862,-0.47203786280744,0.296347623669078,5,0.0694645408988468,37.3034282741291,0.999626430124647
"Sst-9","ERI3",-0.13519675965737,0.194890588071816,0.487866636704258,-0.51717529320396,0.24678177388922,5,0.110970382848522,61.6628314383149,0.999626430124647
"Sst-9","TFG",0.131557363825632,0.0976033037418938,0.177697565814274,-0.0597415962806034,0.322856323931867,5,0,0,0.999626430124647
"Sst-9","ZNF654",0.0379848391320259,0.103307707157949,0.713107081085021,-0.164494546222966,0.240464224487017,5,0.00290930420420693,4.36004269874621,0.999626430124647
"Sst-9","UNC5A",-0.0924423123709526,0.121904821274961,0.44826214568664,-0.331371371611668,0.146486746869763,5,8.01468060214097e-07,0.000783778016082121,0.999626430124647
"Sst-9","CHD1",-0.125727435446671,0.0997601589682544,0.207562218757674,-0.32125375411644,0.0697988832230977,5,2.01896308761625e-07,0.000289555068205864,0.999626430124647
"Sst-9","SLC7A8",-0.0613410186705147,0.113624677301784,0.589296010754393,-0.284041293936997,0.161359256595967,5,0.0031743491610505,3.7745288105075,0.999626430124647
"Sst-9","USP40",0.0492172065566954,0.149345319971264,0.741737698702623,-0.243494241846592,0.341928654959983,5,0.0328582897601573,28.9781137081875,0.999626430124647
"Sst-9","CCP110",-0.132738574934746,0.289744622790545,0.64686432581451,-0.700627600318357,0.435150450448865,5,0.295437732933622,75.7578627554918,0.999626430124647
"Sst-9","MTHFD1L",0.0349331087781888,0.221082188956519,0.874449232140039,-0.398380019199867,0.468246236756245,5,0.161251547743735,70.8034448703864,0.999626430124647
"Sst-9","ZBTB16",0.0398579307480418,0.185353451617029,0.829738132530598,-0.323428158831523,0.403144020327606,5,0.0780692592408277,48.4528409137162,0.999626430124647
"Sst-9","CWC22",0.123458137263697,0.128850481843234,0.337986937600867,-0.129084166539674,0.376000441067069,5,0,0,0.999626430124647
"Sst-9","GFOD2",-0.0179848365663188,0.139018578599179,0.897064867323665,-0.29045624380266,0.254486570670022,5,5.1345528590752e-06,0.00390597623865142,0.999626430124647
"Sst-9","ARNT2",-0.101136581668796,0.0809401971568256,0.211474100770763,-0.259776452997745,0.0575032896601535,5,0.00713843559085126,20.3004974404994,0.999626430124647
"Sst-9","NDUFV1",0.0319428513177145,0.147510401698388,0.828561835340354,-0.257172223356162,0.321057925991591,5,0.0115233332969089,9.17270353195015,0.999626430124647
"Sst-9","POMP",-0.112886838756562,0.340025751629665,0.73989305817983,-0.779325065766867,0.553551388253743,5,0.398402299074065,75.2271367784186,0.999626430124647
"Sst-9","ASXL2",-0.177586810344277,0.139295709287682,0.202347915950272,-0.450601383749095,0.0954277630605402,5,0.0227931811876599,20.3896709398236,0.999626430124647
"Sst-9","NLGN1",0.160157652151782,0.147093206283374,0.276234387780964,-0.128139734534152,0.448455038837717,5,0.0652309191363416,62.7975190117009,0.999626430124647
"Sst-9","UBFD1",-0.0868844622073436,0.163158271786215,0.594368357884706,-0.406668798688123,0.232899874273435,5,0,0,0.999626430124647
"Sst-9","SLIT1",0.128057044777894,0.182892053484561,0.48381596954453,-0.230404793110418,0.486518882666206,5,0.00628197548677886,3.23873620722614,0.999626430124647
"Sst-9","POMGNT1",-0.0234817972375028,0.153405858186996,0.878343266218086,-0.324151754301473,0.277188159826468,5,2.64978232729703e-08,1.79469094710868e-05,0.999626430124647
"Sst-9","C3orf38",-0.236531947279922,0.124891275415539,0.0582379010142078,-0.481314349077651,0.00825045451780632,5,0,0,0.999626430124647
"Sst-9","OSBPL2",0.0301014751017203,0.197301412085583,0.878740587617252,-0.356602186684918,0.416805136888359,5,0.0514291908835193,25.2683089629239,0.999626430124647
"Sst-9","WASL",-0.0546575186123895,0.0969982478835317,0.573101436679827,-0.2447705910276,0.135455553802821,5,6.42067250541481e-06,0.0106262197927109,0.999626430124647
"Sst-9","SRSF4",0.0776419139687984,0.102599644436262,0.449201796436749,-0.12344969395289,0.278733521890487,5,0.00451677076423226,6.81432516228015,0.999626430124647
"Sst-9","RPL22",-0.0708688472138703,0.174862984005746,0.685270121137977,-0.413593998094337,0.271856303666596,5,0,0,0.999626430124647
"Sst-9","FBXO2",-0.0695116735756764,0.178774428430611,0.697406820681996,-0.419903114656407,0.280879767505054,5,0,0,0.999626430124647
"Sst-9","DCUN1D4",0.0203470903249985,0.145765466178619,0.888985628473374,-0.265347973574785,0.306042154224782,5,0.0549370579819097,54.9941766523618,0.999626430124647
"Sst-9","ACTG1",-0.0172613473791334,0.131352045228202,0.89544871939563,-0.274706625322086,0.240183930563819,5,0,0,0.999626430124647
"Sst-9","CEP192",-0.0205374510002399,0.0757931707036507,0.786416383669592,-0.169089335853492,0.128014433853012,5,6.14533431959552e-06,0.0145368624654172,0.999626430124647
"Sst-9","CYGB",-0.0255166791622411,0.150155850733659,0.865061545208547,-0.319816738668185,0.268783380343703,5,0,0,0.999626430124647
"Sst-9","FUBP3",-0.0272130470031253,0.0826152116407294,0.741857060879146,-0.189135886394109,0.134709792387859,5,0,0,0.999626430124647
"Sst-9","AP3B1",0.0639483096737194,0.105189153146251,0.543229690670819,-0.142218642057201,0.27011526140464,5,0,0,0.999626430124647
"Sst-9","BTBD3",-0.138195712345295,0.168050929442807,0.410881009866186,-0.467569481621679,0.191178056931089,5,9.30520380845973e-07,0.000557028494711415,0.999626430124647
"Sst-9","ZNF667-AS1",0.155913667800129,0.163832654863058,0.341267325260162,-0.165192435223047,0.477019770823304,5,0,0,0.999626430124647
"Sst-9","PUS10",-0.298756097106202,0.2292653904457,0.192540077473348,-0.748108005281287,0.150595811068883,5,0.0971149805674449,38.1022557213452,0.999626430124647
"Sst-9","KIAA1671",-0.20038559540161,0.118850352048697,0.0917894761729918,-0.433328004966963,0.0325568141637427,5,0,0,0.999626430124647
"Sst-9","DSEL",0.147452144714938,0.313443201105101,0.638049977873862,-0.466885240650005,0.761789530079881,5,0.287045672306747,60.2165079950123,0.999626430124647
"Sst-9","CKMT2",0.0788873780165718,0.399958906644667,0.843640740897394,-0.705017674302993,0.862792430336137,5,0.570139884064297,77.6830115260747,0.999626430124647
"Sst-9","NGF",-0.043948189207127,0.256855044811813,0.864144244934634,-0.547374826285702,0.459478447871448,5,0.165327768364183,52.7614194390143,0.999626430124647
"Sst-9","ABCB8",-0.0365031031980013,0.179036520584321,0.838442309974973,-0.387408235460634,0.314402029064632,5,0.0347070869570765,20.8406735146191,0.999626430124647
"Sst-9","CS",-0.0587754171115376,0.215026036838958,0.784591154423327,-0.480218705054277,0.362667870831202,5,0.0347886577380064,13.9966891126575,0.999626430124647
"Sst-9","LHFPL3",-0.066682958647399,0.118861569321133,0.574788255987783,-0.299647353662731,0.166281436367933,5,0.0240051563983161,34.4617394071255,0.999626430124647
"Sst-9","ADGRL2",0.030537040219404,0.126114573944041,0.808673790320113,-0.21664298263653,0.277717063075338,5,0.038652236802646,53.6009134743031,0.999626430124647
"Sst-9","LRRC23",0.295619329645324,0.172501279686208,0.0865796968863451,-0.0424769658267151,0.633715625117364,5,0,0,0.999626430124647
"Sst-9","MGAT5B",0.0806622668041799,0.118064921372719,0.494478800238086,-0.150740726923904,0.312065260532263,5,1.12782951715369e-06,0.0012267932841005,0.999626430124647
"Sst-9","CALCOCO1",0.156098318364782,0.112989638463445,0.167116758698671,-0.0653573036497721,0.377553940379335,5,5.11880392323131e-07,0.000565002437579502,0.999626430124647
"Sst-9","DLGAP4",0.0591796883417652,0.139428864108392,0.671242332811322,-0.214095863716013,0.332455240399544,5,0.0485749436900902,52.4668117484276,0.999626430124647
"Sst-9","LRRC37B",-0.0247202326060141,0.134935437617642,0.854640742959731,-0.289188830574744,0.239748365362716,5,0.0153711639432045,14.717859465205,0.999626430124647
"Sst-9","GTF3C1",-0.0877221862745817,0.13089314780855,0.502741997587909,-0.344268041802418,0.168823669253255,5,0.0232566230699873,26.2938751869974,0.999626430124647
"Sst-9","FLOT2",-0.333977363780678,0.200865468838828,0.0963741486142149,-0.727666448442534,0.0597117208811772,5,0.0662496665296453,33.2765998927545,0.999626430124647
"Sst-9","OCRL",-0.0691958590766509,0.140662091443321,0.62276904847109,-0.34488849229564,0.206496774142338,5,0.0131105377351085,11.3781680613091,0.999626430124647
"Sst-9","MRPL41",0.196125590639229,0.310789173844196,0.528003451187397,-0.413009996880353,0.805261178158811,5,0.331912326136808,72.5473090681559,0.999626430124647
"Sst-9","SAP30BP",0.261524191334968,0.19167241624581,0.172431292560523,-0.114146841336589,0.637195224006525,5,0.0261648525505873,12.5726396160639,0.999626430124647
"Sst-9","TTBK2",0.0466103648361174,0.090529499098212,0.606648176122407,-0.130824192934829,0.224044922607064,5,0.00935036112613711,21.39605713127,0.999626430124647
"Sst-9","OTUB1",-0.0765575422596871,0.194684807431157,0.69414341009507,-0.45813275316187,0.305017668642496,5,0.0323045681742504,16.229704430142,0.999626430124647
"Sst-9","ITFG2",0.172397115228593,0.137981723397906,0.21151152256814,-0.0980420931560703,0.442836323613257,5,0.00225071404408447,1.83106585979658,0.999626430124647
"Sst-9","PTPRU",0.0849183478374764,0.129016855736462,0.510412346870183,-0.167950042804588,0.337786738479541,5,0,0,0.999626430124647
"Sst-9","KLHL14",-0.133267868128992,0.224234803768985,0.552296197016763,-0.572760007596609,0.306224271338625,5,0,0,0.999626430124647
"Sst-9","RPL13A",-0.109314309517547,0.193476378242004,0.572073216419365,-0.488521042731125,0.26989242369603,5,0.0266805594357667,12.87208096666,0.999626430124647
"Sst-9","KIF3B",-0.304917285424366,0.11166878089265,0.00632285765800678,-0.523784074171455,-0.0860504966772767,5,8.29360859237021e-08,0.000104084117241324,0.999626430124647
"Sst-9","MBNL1",-0.00134357973023159,0.127266430026713,0.991576713439732,-0.250781199023577,0.248094039563113,5,0.0263593470303028,32.6499081423878,0.999626430124647
"Sst-9","TTC39C",-0.0871440405235205,0.110864829300443,0.4318448455583,-0.30443511310457,0.130147032057529,5,0,0,0.999626430124647
"Sst-9","UBE2L3",-0.00881909028092417,0.114115246283163,0.938398960309048,-0.232480863082843,0.214842682520994,5,0,0,0.999626430124647
"Sst-9","MAPK8IP2",-0.190044214554672,0.142792343007678,0.183217572478932,-0.469912064117811,0.0898236350084657,5,0,0,0.999626430124647
"Sst-9","SNX1",0.0753490223319666,0.0994000850755468,0.44842835083782,-0.119471564476322,0.270169609140256,5,1.30351720588418e-06,0.00159866565575783,0.999626430124647
"Sst-9","PKIG",0.0377835720349408,0.240522128424856,0.875174079524056,-0.433631137162695,0.509198281232577,5,0.184906274997192,68.4860187781275,0.999626430124647
"Sst-9","SLC8A1",0.0296712699125244,0.106967692678586,0.781484236349021,-0.179981555246853,0.239324095071902,5,0.0339488226094643,62.7336973218902,0.999626430124647
"Sst-9","MCFD2",0.143664164050132,0.243463276054419,0.555133288005112,-0.333515088574662,0.620843416674926,5,0.145434485079442,52.3646253163506,0.999626430124647
"Sst-9","SMYD4",-0.19097256912167,0.170987083274998,0.264044347734541,-0.526101094162217,0.144155955918876,5,0.0108239755727183,6.01146922053082,0.999626430124647
"Sst-9","UPF1",-0.0458695312509537,0.290754746021086,0.874645749801535,-0.615738361786372,0.523999299284465,5,0.23615432911605,60.0153432418164,0.999626430124647
"Sst-9","SRM",-0.204496528946804,0.192212465565504,0.287370027063611,-0.581226038834837,0.172232980941229,5,3.36972859263622e-08,1.57496446574073e-05,0.999626430124647
"Sst-9","CDH9",-0.00325348870118419,0.109083472679082,0.976206078548681,-0.217053166460744,0.210546189058375,5,0.0178402097212086,30.3607067078633,0.999626430124647
"Sst-9","MRI1",0.0264110730483191,0.142135633404401,0.852589066839417,-0.252169649344096,0.304991795440734,5,0.00771641176489002,6.07328855748935,0.999626430124647
"Sst-9","UBXN2A",-0.0888493057817788,0.110789486998576,0.422573126988894,-0.305992710164656,0.128294098601098,5,0,0,0.999626430124647
"Sst-9","RNPEP",0.000582235665751951,0.312687479236754,0.998514310259126,-0.612273962054901,0.613438433386405,5,0.291190827131738,65.9728279764466,0.999626430124647
"Sst-9","DNMT3A",-0.0588868474957499,0.0988138309050202,0.55121711459108,-0.252558397244021,0.134784702252521,5,0,0,0.999626430124647
"Sst-9","KCNC4",0.0397438440599022,0.25644643458532,0.876837774234108,-0.462881931691032,0.542369619810837,5,0.1460184004062,46.7714833972985,0.999626430124647
"Sst-9","JADE2",0.102114333108994,0.122766357030547,0.405534364286415,-0.138503305184063,0.342731971402051,5,5.08367487393715e-06,0.00489047848659012,0.999626430124647
"Sst-9","GAS1RR",-0.284952330958311,0.403322261301639,0.479869309654544,-1.07544943727278,0.505544775356155,5,0.576502382884544,77.2526825748291,0.999626430124647
"Sst-9","DPY19L4",-0.0801398798724073,0.144686198027176,0.579655824408143,-0.363719617065702,0.203439857320888,5,0,0,0.999626430124647
"Sst-9","TLL2",-0.133424969586849,0.172796504684527,0.440025082395211,-0.472099895422928,0.20524995624923,5,0.0176235977459848,9.93404490081317,0.999626430124647
"Sst-9","ENO2",-0.0673239892976214,0.110005022725011,0.540532252004622,-0.282929871957153,0.14828189336191,5,0,0,0.999626430124647
"Sst-9","MTERF2",-0.0717141683892574,0.256330076545841,0.779651865581054,-0.5741118865735,0.430683549794985,5,0.153897802042601,50.2484472837869,0.999626430124647
"Sst-9","CFAP69",-0.0704240126289512,0.166572232857076,0.672453135089153,-0.39689958985324,0.256051564595337,5,0.0504974233097786,37.9666590765421,0.999626430124647
"Sst-9","GSE1",0.169310421761504,0.13051390204535,0.194541855213351,-0.0864921257291703,0.425112969252179,5,0.0109223754233332,11.6241709881786,0.999626430124647
"Sst-9","LPCAT4",-0.0931087825384027,0.162708878104324,0.567158333943387,-0.412012323587796,0.225794758510991,5,0.0530957772157655,42.3440642902007,0.999626430124647
"Sst-9","ZNF780B",-0.0515323094807695,0.175648900952773,0.769229818510809,-0.395797829272248,0.292733210310709,5,0.0810538141548308,55.6034931418935,0.999626430124647
"Sst-9","RNF168",-0.030844646321819,0.10611223828965,0.771296495151512,-0.238820811688464,0.177131519044826,5,1.70107188888727e-06,0.00236409654011972,0.999626430124647
"Sst-9","CDK18",0.106175049498967,0.197266456609549,0.590417135330801,-0.280460100813582,0.492810199811515,5,0,0,0.999626430124647
"Sst-9","STXBP3",-0.118627549780451,0.130104204030306,0.361879932787064,-0.373627103917102,0.1363720043562,5,0,0,0.999626430124647
"Sst-9","COG4",0.0935949243292305,0.237491459388001,0.693508640395107,-0.371879782707109,0.55906963136557,5,0.10980342279668,40.0605182234432,0.999626430124647
"Sst-9","TNXB",0.12026159702785,0.197411654932866,0.542397195330246,-0.266658136769017,0.507181330824716,5,0,0,0.999626430124647
"Sst-9","FRS2",0.0779051089296404,0.0856477861355759,0.363034221389128,-0.0899614672516774,0.245771685110958,5,0,0,0.999626430124647
"Sst-9","ZNF783",0.210016641589801,0.17121602842387,0.219966246204608,-0.12556060769697,0.545593890876573,5,1.35067732291359e-06,0.000827099869155875,0.999626430124647
"Sst-9","PNPLA8",-0.0942372072403392,0.114529143169155,0.410608684704856,-0.318710203032114,0.130235788551435,5,0.00231264322365753,2.87457182259337,0.999626430124647
"Sst-9","RAB21",0.0421194795819464,0.110348916197573,0.702688617515699,-0.174160421898325,0.258399381062218,5,0.00369198503978943,4.81437752034285,0.999626430124647
"Sst-9","MRPL48",-0.175614307078902,0.224939364649189,0.434968119944732,-0.616487360496635,0.26525874633883,5,0.103960620035335,42.0898246479484,0.999626430124647
"Sst-9","PTCH2",-0.104196333226113,0.142538112278709,0.464774982775412,-0.38356589971671,0.175173233264484,5,0,0,0.999626430124647
"Sst-9","POLI",-0.166210911533934,0.314071170465141,0.596656893002879,-0.78177909422795,0.449357271160082,5,0.298836354582378,65.7678887690079,0.999626430124647
"Sst-9","LRSAM1",0.0458062482711962,0.115082324201082,0.690607874948255,-0.179750962420086,0.271363458962479,5,0,0,0.999626430124647
"Sst-9","PPP2R2C",0.0139971857718863,0.0817495562184024,0.864050524637559,-0.146229000168315,0.174223371712087,5,0,0,0.999626430124647
"Sst-9","ARHGEF2",0.0389189797697285,0.254016706184102,0.878229318476226,-0.458944615822603,0.53678257536206,5,0.146911044551207,47.0686279217995,0.999626430124647
"Sst-9","SNCB",-0.0704389644888806,0.168819012807035,0.67649888626851,-0.401318149496276,0.260440220518515,5,0.0248171134554481,16.4539472020295,0.999626430124647
"Sst-9","SERINC3",-0.0354550657906828,0.0991404589179238,0.720624275001455,-0.229766794680586,0.158856663099221,5,0,0,0.999626430124647
"Sst-9","SIDT1",0.0416421256503849,0.0815218022637562,0.609484330964635,-0.118137670741373,0.201421922042143,5,1.63045764151447e-06,0.00396477053552164,0.999626430124647
"Sst-9","TMEM200C",-0.0813093702035063,0.234070044370445,0.728311895645716,-0.540078227029271,0.377459486622258,5,0.132167718870678,52.5014619500402,0.999626430124647
"Sst-9","TXNL4A",-0.0579420424989258,0.128532301302341,0.652135489829715,-0.309860723901564,0.193976638903713,5,0,0,0.999626430124647
"Sst-9","PTDSS2",-0.277891206816329,0.140484213720858,0.0479179214261145,-0.553235206105637,-0.00254720752702031,5,0,0,0.999626430124647
"Sst-9","LRRTM4",0.0487942530650167,0.133758604409045,0.715265648980758,-0.213367794199052,0.310956300329086,5,0.0608873647141668,74.3340011505344,0.999626430124647
"Sst-9","GPCPD1",-0.160003457391143,0.133743074139816,0.231560206760266,-0.422135065886853,0.102128151104566,5,0,0,0.999626430124647
"Sst-9","TRIM66",0.219713398980446,0.215192072029922,0.307249389365656,-0.20205531195675,0.641482109917642,5,0.102036708437256,46.3555423202537,0.999626430124647
"Sst-9","EIF1",0.151971228377971,0.132637181915151,0.251891815169164,-0.107992871186611,0.411935327942553,5,0,0,0.999626430124647
"Sst-9","PWP1",-0.13448354614491,0.124840620587686,0.281372215115984,-0.379166666304404,0.110199574014583,5,0,0,0.999626430124647
"Sst-9","EIF4G3",-0.105930925165972,0.0536696351406802,0.0484091533429041,-0.211121477105111,-0.000740373226833985,5,0,0,0.999626430124647
"Sst-9","SHANK1",-0.0707593289849255,0.167382262196117,0.672484307765433,-0.398822534540155,0.257303876570304,5,0.0356613586895349,23.6732322742066,0.999626430124647
"Sst-9","DNAJC27-AS1",0.0982977551234437,0.19634921574684,0.616633526651921,-0.286539636133048,0.483135146379936,5,0.0700260737678474,36.9429661108232,0.999626430124647
"Sst-9","NCKAP5L",0.0404949084765941,0.183361067959922,0.825210858358058,-0.318886180891654,0.399875997844842,5,0.0254864122804773,13.296398179425,0.999626430124647
"Sst-9","STRN4",-0.250342607335288,0.162906655363251,0.124360850768258,-0.569633784689139,0.068948570018563,5,3.88069631010908e-06,0.00219388321155061,0.999626430124647
"Sst-9","LARP1",-0.128132816412776,0.115128726417435,0.265728783689858,-0.353780973776914,0.0975153409513626,5,0.0254169602998293,39.6250278696032,0.999626430124647
"Sst-9","FRMPD3",0.0627780488699504,0.115698309307108,0.587404368519418,-0.163986470444156,0.289542568184057,5,0,0,0.999626430124647
"Sst-9","ICA1",0.104765699641765,0.0792194282986267,0.186010086787071,-0.0505015266993966,0.260032925982926,5,0.00291546140368989,6.73226243833888,0.999626430124647
"Sst-9","RLIM",0.0897096036283025,0.139726325289948,0.520848541856058,-0.184148961632123,0.363568168888728,5,0,0,0.999626430124647
"Sst-9","DBNL",0.158015045161718,0.144736089203952,0.274944764075729,-0.125662476941205,0.44169256726464,5,0,0,0.999626430124647
"Sst-9","FUBP1",0.0294194167908137,0.0817358785210952,0.718897450209098,-0.130779961355274,0.189618794936901,5,0,0,0.999626430124647
"Sst-9","TPCN1",-0.186286090060228,0.136701130416177,0.172969098638865,-0.454215382321849,0.0816432022013927,5,0,0,0.999626430124647
"Sst-9","LINC01322",-0.000510578976205147,0.2623979124993,0.998447461638581,-0.514801037093325,0.513779879140915,5,0.287596406289216,88.382375612041,0.999626430124647
"Sst-9","MTPN",0.0841527954854394,0.158276842049528,0.594946927987446,-0.22606411451837,0.394369705489249,5,0.0207691886188473,15.1596856825077,0.999626430124647
"Sst-9","FSTL5",-0.0942483824020459,0.143418940671114,0.511081667495177,-0.375344340818316,0.186847576014225,5,0.0677255097100019,69.8138517300496,0.999626430124647
"Sst-9","LRCH3",-0.00247925499248519,0.0772026900626803,0.974381471357598,-0.153793747024947,0.148835237039977,5,0,0,0.999626430124647
"Sst-9","TOPBP1",0.079057140195519,0.136650795334801,0.562903605165135,-0.188773497119444,0.346887777510482,5,1.15651826539335e-06,0.000859695690102379,0.999626430124647
"Sst-9","XRCC6",0.0449018191819447,0.212056999489693,0.832306678773924,-0.370722262487482,0.460525900851371,5,0.115216241601033,54.5402009503686,0.999626430124647
"Sst-9","AP1M1",-0.00962654274369568,0.150706860245619,0.949069008231616,-0.30500656104822,0.285753475560828,5,0.0236544049256619,19.7146169817181,0.999626430124647
"Sst-9","XRN1",0.0181092502949993,0.112257925204072,0.871842762348452,-0.201912240084172,0.238130740674171,5,0.0225061478885522,36.4220201747491,0.999626430124647
"Sst-9","CHD2",0.0178136131918429,0.0837495226498376,0.831560131077479,-0.14633243492426,0.181959661307946,5,2.5025049451376e-06,0.00541006657015539,0.999626430124647
"Sst-9","CHRM2",0.0448139895285543,0.26410126895582,0.865257973384499,-0.472814985896179,0.562442964953287,5,0.263095462232847,79.2679965290419,0.999626430124647
"Sst-9","HNRNPC",-0.106033429823704,0.105983000471321,0.317080291247619,-0.313756293720985,0.101689434073578,5,0.0179249654344148,31.9157215686196,0.999626430124647
"Sst-9","NECTIN1",-0.446016349688303,0.169978361714504,0.00869141003478269,-0.779167816799852,-0.112864882576754,5,0,0,0.999626430124647
"Sst-9","ZNHIT6",-0.190385373238506,0.183090615053935,0.298413155449982,-0.549236384651507,0.168465638174494,5,0.0618609426521604,37.6425831526898,0.999626430124647
"Sst-9","TMOD2",-0.0890684679298621,0.0786645133139992,0.257526284475893,-0.243248080886672,0.0651111450269479,5,0,0,0.999626430124647
"Sst-9","RCOR1",-0.0461184762216487,0.19286230208995,0.81100753819297,-0.424121642293434,0.331884689850136,5,0.0719605143804612,40.2755499956064,0.999626430124647
"Sst-9","RBM41",-0.0022858107336614,0.165726795141074,0.988995410987882,-0.327104360483415,0.322532739016092,5,0.0355710605992091,24.8426760143498,0.999626430124647
"Sst-9","LRRN2",0.0168817043803991,0.143520154516165,0.9063639881085,-0.264412629526907,0.298176038287706,5,0.0533523081630853,55.071581775631,0.999626430124647
"Sst-9","DLAT",0.034460969473535,0.145252086251108,0.812463318900475,-0.250227888257942,0.319149827205012,5,0,0,0.999626430124647
"Sst-9","NDRG4",-0.0662877785320787,0.0894446852144103,0.458630624838673,-0.241596140160845,0.109020583096688,5,0,0,0.999626430124647
"Sst-9","COG6",0.0112447816238136,0.0866492388906166,0.896745569070209,-0.158584605889602,0.181074169137229,5,0,0,0.999626430124647
"Sst-9","ZDHHC3",0.125439459302806,0.145447413602331,0.388446223967031,-0.159632233002263,0.410511151607875,5,0.00449445509250946,2.81992679547983,0.999626430124647
"Sst-9","MYL6B",-0.0193656093158826,0.185992220697468,0.917073695747,-0.383903663287546,0.345172444655781,5,0.0545375972384118,31.9376070104619,0.999626430124647
"Sst-9","AQR",-0.00634910397297903,0.121865665979596,0.958449648657581,-0.245201420244975,0.232503212299017,5,0.0129586781759302,14.7727433780449,0.999626430124647
"Sst-9","PPP1R12A",-0.0462137076490634,0.0668295182750525,0.489241080375275,-0.177197156572328,0.0847697412742009,5,2.66885001156992e-06,0.00781025971440171,0.999626430124647
"Sst-9","SLC16A7",-0.0142841020536906,0.129143216214412,0.911928252184318,-0.267400154681606,0.238831950574225,5,0.0316881096536038,39.0219566566802,0.999626430124647
"Sst-9","COX6B1",0.0611152630103504,0.489314716287846,0.900602953061518,-0.897923958019263,1.02015448403996,5,1.00441090819736,86.1915983673289,0.999626430124647
"Sst-9","PTPRB",-0.0697661673599236,0.0897819704138181,0.437122127226012,-0.245735595832048,0.106203261112201,5,0,0,0.999626430124647
"Sst-9","FBXL2",0.12186499626979,0.0842069687374771,0.147838685073864,-0.0431776297029552,0.286907622242536,5,0,0,0.999626430124647
"Sst-9","RMND5A",-0.139414072884239,0.132860972241867,0.294029487582303,-0.399816793429275,0.120988647660797,5,0,0,0.999626430124647
"Sst-9","L3MBTL2",-0.380897233495789,0.313757008251232,0.224752318049277,-0.995849669565241,0.234055202573662,5,0.285454869607564,62.3580822713343,0.999626430124647
"Sst-9","ANKLE2",-0.108901457300478,0.222805413775742,0.625001821630385,-0.545592043861476,0.32778912926052,5,0.116346981581,50.0406969432272,0.999626430124647
"Sst-9","NCS1",-0.0332368512225111,0.100479533218333,0.740808930619322,-0.23017311751384,0.163699415068818,5,0,0,0.999626430124647
"Sst-9","TF",0.219117533142221,0.174603970241403,0.209500486271225,-0.123099960088633,0.561335026373075,5,0,0,0.999626430124647
"Sst-9","LANCL1",0.119708417280236,0.201429707545761,0.552315654768142,-0.275086554925893,0.514503389486364,5,0.133489120497855,70.245718194393,0.999626430124647
"Sst-9","HEATR1",-0.170551968137158,0.128987839569946,0.186090601116598,-0.423363488137883,0.082259551863567,5,0,0,0.999626430124647
"Sst-9","IQSEC3",0.0170982972370801,0.0984183261373941,0.862077009112939,-0.175798077410929,0.20999467188509,5,3.8983452237228e-06,0.00607615647814893,0.999626430124647
"Sst-9","CDC37",0.119109088339821,0.225534905154988,0.597417298913249,-0.322931203020612,0.561149379700255,5,0.105399865027326,43.232112610412,0.999626430124647
"Sst-9","SEC24A",0.0832589807397484,0.21150691811623,0.693841966087922,-0.331286961249124,0.497804922728621,5,0.105680774120871,49.7148676265619,0.999626430124647
"Sst-9","ZNF383",-0.291856322947767,0.162373049016795,0.0722652973909327,-0.610101651080643,0.0263890051851086,5,0,0,0.999626430124647
"Sst-9","SLC25A37",-0.0589740333106702,0.259272580878537,0.820066393122871,-0.567138954011351,0.449190887390011,5,0.189576670410903,60.9215454237291,0.999626430124647
"Sst-9","ENPP4",0.259089041786408,0.127857792442924,0.0427254036975374,0.00849237345547926,0.509685710117338,5,0,0,0.999626430124647
"Sst-9","SMC3",0.138230819009295,0.115137424421014,0.229917095593757,-0.0874343861285954,0.363896024147185,5,0,0,0.999626430124647
"Sst-9","RAPGEF2",0.00264708091517677,0.0910874087343082,0.976816030065095,-0.175880959649146,0.1811751214795,5,0.0130215148057513,31.5549005365455,0.999626430124647
"Sst-9","UBR3",-0.0332588348997071,0.0545931315042945,0.54238339232846,-0.140259406451383,0.073741736651969,5,1.47872977313296e-06,0.00691704746450787,0.999626430124647
"Sst-9","G3BP2",-0.0263558605644818,0.140996753927418,0.851719202068809,-0.302704420199277,0.249992699070314,5,0.0468217593044919,50.0030937165361,0.999626430124647
"Sst-9","NUP54",0.184045419146279,0.143923752624838,0.200977958388603,-0.0980399525182547,0.466130790810814,5,0.0291982392864529,27.6094138994359,0.999626430124647
"Sst-9","DZIP3",-0.0267349649844285,0.163807998465657,0.870353758343045,-0.347792742356708,0.294322812387851,5,0.0751107487438078,60.4525055433729,0.999626430124647
"Sst-9","HSF2",0.0344724590542926,0.13233689433969,0.794485702986525,-0.224903087677382,0.293848005785968,5,0.00693610437920489,5.63294536549851,0.999626430124647
"Sst-9","CNOT8",0.0999130146687568,0.152177738186371,0.51146726178664,-0.198349871425296,0.398175900762809,5,0,0,0.999626430124647
"Sst-9","C2CD5",0.0580090915031132,0.0617600437793456,0.347594338168435,-0.0630383699880212,0.179056552994248,5,1.40189915731441e-06,0.0051128119670153,0.999626430124647
"Sst-9","ICE2",0.0475471146244282,0.128972938120985,0.712381448884179,-0.205235199073015,0.300329428321872,5,0.0215503483405663,24.6371164482558,0.999626430124647
"Sst-9","CITED2",-0.0091037187007264,0.210965107953664,0.965579792159863,-0.422587732284513,0.40438029488306,5,8.83448419295893e-07,0.000341454356950913,0.999626430124647
"Sst-9","MAML1",-0.135967804313823,0.126352764770262,0.281883972067961,-0.383614672610598,0.111679063982952,5,0,0,0.999626430124647
"Sst-9","SNCG",0.237311395388426,0.212776542839824,0.264718428287026,-0.179722965332574,0.654345756109425,5,1.21269414402677e-06,0.00050448797215474,0.999626430124647
"Sst-9","RNF175",0.0170341087164063,0.174873827754167,0.922402396845247,-0.325712295520421,0.359780512953234,5,0.0853794481456106,60.1512718252202,0.999626430124647
"Sst-9","NBL1",0.0627840656943511,0.162907319393084,0.699942970581158,-0.256508413134058,0.38207654452276,5,0,0,0.999626430124647
"Sst-9","PURB",-0.0916715342818478,0.150431792737005,0.542266387068505,-0.386512430176172,0.203169361612476,5,0,0,0.999626430124647
"Sst-9","MEF2D",0.184405324173342,0.115699085447309,0.11097285602794,-0.0423607163476059,0.411171364694289,5,0,0,0.999626430124647
"Sst-9","RABL6",-0.000557499158384005,0.13906478221222,0.996801355651798,-0.273119463812241,0.272004465495473,5,0,0,0.999626430124647
"Sst-9","COPS4",-0.0969384139805168,0.1955399624411,0.620072690673357,-0.480189697903387,0.286312869942353,5,0.0776649748408958,42.7574062527967,0.999626430124647
"Sst-9","VAV2",-0.125457183526342,0.0874777281657149,0.151526201562563,-0.296910380180528,0.0459960131278441,5,9.26915617240322e-07,0.00175696149830114,0.999626430124647
"Sst-9","DDX1",0.141497379244276,0.098682139767938,0.151609307996899,-0.0519160606182303,0.334910819106782,5,0,0,0.999626430124647
"Sst-9","TNK2",0.000226037222607017,0.144961028397758,0.998755861909965,-0.283892357598887,0.284344432044101,5,0.0389877910298573,38.0497091901384,0.999626430124647
"Sst-9","PTPN1",0.0497574147759792,0.123577802596194,0.687212791212663,-0.192450627601161,0.291965457153119,5,0.0119283604931114,13.8687942082638,0.999626430124647
"Sst-9","FEM1B",0.0291028684762366,0.126837393125753,0.818519002789812,-0.219493853943188,0.277699590895661,5,4.1243647201712e-06,0.00386875194119922,0.999626430124647
"Sst-9","SPPL3",0.0164548987301689,0.0650868048420281,0.800411435104747,-0.111112894628993,0.144022692089331,5,0.00027623436345979,0.72371408632239,0.999626430124647
"Sst-9","JADE1",0.236513770385688,0.115083824649276,0.0398651496065563,0.0109536188699854,0.462073921901391,5,0,0,0.999626430124647
"Sst-9","TRA2A",0.00797335675607409,0.111214642157625,0.942845902029861,-0.210003336426382,0.22595004993853,5,0.0224308086327578,37.0054631872844,0.999626430124647
"Sst-9","SBDS",0.173849060352026,0.168769311226516,0.302963641343792,-0.156932711347577,0.504630832051629,5,0,0,0.999626430124647
"Sst-9","MGAT4A",0.0434224669249896,0.187118448797122,0.816492409675529,-0.323322953560372,0.410167887410351,5,0.120511326968991,72.7946534604954,0.999626430124647
"Sst-9","CX3CL1",0.14952002745358,0.148314733859721,0.313393692233058,-0.141171509288118,0.440211564195277,5,0,0,0.999626430124647
"Sst-9","PCF11",0.0549270909329208,0.104149637688415,0.597925362874432,-0.149202447939268,0.25905662980511,5,0,0,0.999626430124647
"Sst-9","NR1H2",-0.309661046825317,0.19094034559555,0.104852915442797,-0.683897247388225,0.0645751537375923,5,0,0,0.999626430124647
"Sst-9","SEC24B-AS1",-0.112830421257556,0.172037846790691,0.511922888105812,-0.45001840494513,0.224357562430018,5,0.0270281800715491,16.1626679035805,0.999626430124647
"Sst-9","LEO1",-0.0764234111094718,0.136936379956575,0.576780002684676,-0.344813783997652,0.191966961778708,5,0,0,0.999626430124647
"Sst-9","NPAS3",0.0532083189269922,0.130686513035232,0.683901727006527,-0.202932539887186,0.30934917774117,5,0.0422904637896521,51.2229408994033,0.999626430124647
"Sst-9","GRIA4",0.0731039807957073,0.197965297003255,0.711921456221005,-0.314900871519447,0.461108833110862,5,0.0829094661340809,44.3855434448753,0.999626430124647
"Sst-9","ZNF138",0.259294880444074,0.0998644266413638,0.00941874250910677,0.0635642008902589,0.45502555999789,5,0,0,0.999626430124647
"Sst-9","PRELID3A",-0.132776770027261,0.155418650595997,0.392929460504955,-0.43739172772123,0.171838187666707,5,0,0,0.999626430124647
"Sst-9","LINC01122",0.0660710044284001,0.115122132687007,0.566021291566861,-0.159564229461575,0.291706238318375,5,0.0179702167460216,27.017182205182,0.999626430124647
"Sst-9","WIPI2",0.0537931391805009,0.136237384707726,0.692954633158251,-0.213227228194569,0.320813506555571,5,0,0,0.999626430124647
"Sst-9","PAFAH1B2",0.0789486278320747,0.178481438007231,0.65824664140561,-0.270868562571017,0.428765818235166,5,0.0513339741964689,32.2597314821328,0.999626430124647
"Sst-9","TRO",0.25439402920005,0.138963490248195,0.0671522461460103,-0.0179694068523943,0.526757465252495,5,0.00155956838309755,1.1817203631052,0.999626430124647
"Sst-9","COX7A2L",-0.0011436579859444,0.18387275003695,0.995037322463049,-0.361527625796703,0.359240309824814,5,0.0518624628529618,30.775919936645,0.999626430124647
"Sst-9","GUCY1A2",-0.0603139358528217,0.0949617708837428,0.525337683141291,-0.246435586693102,0.125807714987459,5,8.20638143277096e-06,0.0148370784945228,0.999626430124647
"Sst-9","TNFRSF21",0.0572711158200179,0.129035099971875,0.6571572744001,-0.195633032866382,0.310175264506418,5,7.24197630178718e-06,0.00585397975055167,0.999626430124647
"Sst-9","GATAD2A",-0.0125779683311303,0.16859892581051,0.940530668913326,-0.343025790751871,0.317869854089611,5,0.0139148120583896,8.66594768759119,0.999626430124647
"Sst-9","ANO4",-0.0888430933547056,0.0639025309317251,0.164440626015634,-0.214089752501843,0.0364035657924324,5,0,0,0.999626430124647
"Sst-9","NAMPT",0.110558888821168,0.158921486764062,0.486627720425591,-0.200921501605954,0.422039279248289,5,0,0,0.999626430124647
"Sst-9","GGT7",-0.126390931514338,0.0908240338317579,0.164042871552122,-0.304402766755231,0.0516209037265546,5,0,0,0.999626430124647
"Sst-9","ABCD4",-0.0663768873369359,0.136283354888293,0.62622248570826,-0.333487354610281,0.200733579936409,5,0,0,0.999626430124647
"Sst-9","C4orf50",-0.052130333102584,0.164847490448834,0.751825124515909,-0.375225477324109,0.270964811118941,5,0.0239242136312509,15.9328737255204,0.999626430124647
"Sst-9","FNDC3A",-0.0702698837573691,0.0845616503930077,0.405979292624676,-0.236007673000932,0.0954679054861934,5,0,0,0.999626430124647
"Sst-9","TRMT44",0.0828553947179923,0.141345602602099,0.557747765260441,-0.194176895755233,0.359887685191217,5,0,0,0.999626430124647
"Sst-9","GIT1",-0.00545878083922466,0.143638899899505,0.969684891966082,-0.286985851421208,0.276068289742759,5,0,0,0.999626430124647
"Sst-9","ANK2",0.012207218324162,0.0533469853421388,0.819003559610328,-0.0923509516302161,0.11676538827854,5,0.00182349928819194,10.9638857035818,0.999626430124647
"Sst-9","PPP1R3E",0.0246681239386582,0.210046562676968,0.906510423630674,-0.387015573984634,0.43635182186195,5,0.0491532131858302,21.757833893376,0.999626430124647
"Sst-9","BAG4",-0.114955834963772,0.22298503556142,0.606181584886121,-0.551998473755538,0.322086803827993,5,0.134809164425837,58.121143105201,0.999626430124647
"Sst-9","HCFC2",-0.0699634564801559,0.128123353613267,0.585022451751788,-0.32108061514065,0.181153702180338,5,0,0,0.999626430124647
"Sst-9","NAXD",0.0979506282366875,0.234075195893322,0.675612319683669,-0.360828325388382,0.556729581861757,5,0.0899053134323213,33.4335327145068,0.999626430124647
"Sst-9","CHMP4B",-0.210454190013219,0.172851120369037,0.223396546153339,-0.54923616062393,0.128327780597492,5,0.00578483843868465,3.40533714812982,0.999626430124647
"Sst-9","DENND2A",0.0364878205243357,0.155453549756417,0.814427245345887,-0.268195538267146,0.341171179315818,5,0.0400549947987357,33.2897659786329,0.999626430124647
"Sst-9","CASD1",-0.0872962804274488,0.145314032258232,0.5480116658171,-0.372106550101874,0.197513989246977,5,0.0452329033591399,44.7377524287161,0.999626430124647
"Sst-9","RBSN",-0.055304690855469,0.124114895382433,0.655891487503688,-0.298565415749994,0.187956034039056,5,0,0,0.999626430124647
"Sst-9","ASCC3",-0.0213400959384573,0.117768151737622,0.856207216627555,-0.252161431870045,0.20948123999313,5,0.031742440916178,48.2148912276608,0.999626430124647
"Sst-9","AP1G2",-0.187025179200641,0.233553416420828,0.423258339074379,-0.644781463851749,0.270731105450467,5,0.101566287686574,38.5540988181206,0.999626430124647
"Sst-9","GANC",0.167540511387078,0.195034712452036,0.390324410852007,-0.214720500754038,0.549801523528193,5,0.0354851142455733,17.5264219822409,0.999626430124647
"Sst-9","GATAD1",-0.0765069115803822,0.116696633807746,0.512078225017296,-0.305228110960623,0.152214287799859,5,6.75086543719161e-07,0.000729778852316961,0.999626430124647
"Sst-9","FGF13",-0.0787928996113492,0.134641141519071,0.558408732878311,-0.342684687826088,0.18509888860339,5,0.0157542085790515,15.8788854319704,0.999626430124647
"Sst-9","DOCK7",0.0468499432578398,0.0733080930388239,0.522769051744619,-0.0968312788735665,0.190531165389246,5,1.48092027343567e-06,0.00370520032867388,0.999626430124647
"Sst-9","DYNLT3",0.114148127032149,0.148699404797562,0.442699029483489,-0.177297350893615,0.405593604957913,5,0,0,0.999626430124647
"Sst-9","METTL24",0.236861533175211,0.1559857878261,0.128893059612602,-0.0688649930640523,0.542588059414474,5,0.00799941115178229,5.26003035746815,0.999626430124647
"Sst-9","DNMBP",0.350043096600484,0.175157987347122,0.04566875090115,0.00673974979560299,0.693346443405365,5,0.0404445205190144,24.8593864647434,0.999626430124647
"Sst-9","PSMB4",0.0392838307963848,0.171965312317433,0.81930385755948,-0.297761987935967,0.376329649528736,5,0,0,0.999626430124647
"Sst-9","PCSK1N",0.190034031792948,0.140356632259982,0.175756491109828,-0.0850599124279491,0.465127976013844,5,0,0,0.999626430124647
"Sst-9","ELOVL5",0.202475455509604,0.280100588798777,0.469761636392888,-0.346511610584461,0.75146252160367,5,0.208745110059685,56.3071619672822,0.999626430124647
"Sst-9","MANSC1",0.10340434471252,0.150984668891611,0.493428154727554,-0.192520168532742,0.399328857957782,5,9.31577396757302e-07,0.0006282855429021,0.999626430124647
"Sst-9","CALM1",0.0809021265030852,0.0849265631333689,0.340786316868562,-0.0855508785690851,0.247355131575255,5,0,0,0.999626430124647
"Sst-9","PPP4R4",-0.0477128838881086,0.151254063688482,0.752421065178634,-0.344165401232862,0.248739633456644,5,0.0429424977977392,38.8041774135653,0.999626430124647
"Sst-9","CFAP36",0.0596344876461789,0.0906538509369122,0.510649750477746,-0.118043795250032,0.237312770542389,5,5.64110462851439e-06,0.00805782922672953,0.999626430124647
"Sst-9","RFX3",0.0825290523064959,0.095463027334478,0.387306003103703,-0.104575043124244,0.269633147737235,5,0.0122423431557474,26.2895498516642,0.999626430124647
"Sst-9","HSPA13",-0.166641061744097,0.173464399419406,0.336720969761287,-0.506625037206002,0.173342913717809,5,0.0283781834475622,18.0556483662566,0.999626430124647
"Sst-9","VPS28",-0.0639188302159629,0.337941148495471,0.849981604294018,-0.726271310161187,0.598433649729262,5,0.371670816322857,69.2571859206219,0.999626430124647
"Sst-9","AZIN2",-0.167663259331812,0.154981182337625,0.279328168672086,-0.471420794994992,0.136094276331368,5,0.0237299330781215,16.9930485349591,0.999626430124647
"Sst-9","FAM199X",0.211287640485304,0.179722697878467,0.239742216603424,-0.140962374560864,0.563537655531472,5,0.0527863954294963,33.1030032171632,0.999626430124647
"Sst-9","HOOK1",0.136251820623535,0.147567262182281,0.355840411415751,-0.152974698550915,0.425478339797985,5,0.0303715151692611,27.7978067015592,0.999626430124647
"Sst-9","ZMYM2",0.00950234974076072,0.0591618770139476,0.872395776420376,-0.106452798464365,0.125457497945886,5,0,0,0.999626430124647
"Sst-9","ANKRD36",0.0265584791807391,0.118661941172742,0.822900229362368,-0.206014651853445,0.259131610214924,5,0.0300624080092438,45.0389753277671,0.999626430124647
"Sst-9","SUFU",-0.178403677109711,0.114001176675328,0.117599702616336,-0.401841877588541,0.0450345233691191,5,0,0,0.999626430124647
"Sst-9","CEP89",-0.0513411464930982,0.13408225393381,0.701788096693271,-0.314137535169319,0.211455242183123,5,0,0,0.999626430124647
"Sst-9","ADCY3",-0.132915214902851,0.113962696805137,0.243491323279464,-0.356277996221977,0.0904475664162755,5,0,0,0.999626430124647
"Sst-9","PCTP",0.0613613529601783,0.160147610106532,0.701604862645003,-0.252522195058787,0.375244900979143,5,0.0312202251118329,23.3360862303724,0.999626430124647
"Sst-9","MTM1",0.0421697518973157,0.142653900642267,0.767528833606022,-0.237426755615683,0.321766259410314,5,0.00840546067345134,6.90780686877522,0.999626430124647
"Sst-9","VPS4A",0.122809236696403,0.258461447984799,0.63467653361526,-0.383765892745875,0.629384366138681,5,0.127916679526839,39.3133607447122,0.999626430124647
"Sst-9","RPS25",0.0993143156260182,0.24704909959032,0.687682305654921,-0.384893021984057,0.583521653236094,5,0.102543945981081,34.2961353203802,0.999626430124647
"Sst-9","CIZ1",-0.101280100494034,0.131913224671073,0.442618957700101,-0.359825269933878,0.15726506894581,5,0,0,0.999626430124647
"Sst-9","DDX42",-0.00418066441808907,0.10678045374908,0.968769231890848,-0.213466508019132,0.205105179182954,5,0,0,0.999626430124647
"Sst-9","IFT74",0.126374946847778,0.357337150365167,0.723595611187113,-0.573992998206123,0.826742891901678,5,0.444973490586603,76.2010489904285,0.999626430124647
"Sst-9","DHX32",-0.127155787445216,0.135709492060151,0.348773744671702,-0.393141504243336,0.138829929352905,5,0.00638288087686957,5.52137873177989,0.999626430124647
"Sst-9","THUMPD1",0.196166920781414,0.26609006280409,0.460988562153512,-0.325360018958604,0.717693860521432,5,0.165799459526172,49.4175153928377,0.999626430124647
"Sst-9","NAGK",0.128041423092125,0.166152186433089,0.440927830991396,-0.197610878269315,0.453693724453564,5,0,0,0.999626430124647
"Sst-9","WDR26",-0.0538805919373652,0.0865323176956704,0.533505094818395,-0.223480818119657,0.115719634244927,5,0,0,0.999626430124647
"Sst-9","NTN4",-0.0314596135828309,0.092972707704328,0.735080825135311,-0.213682772228483,0.150763545062822,5,0.00280693137308027,5.18484282526112,0.999626430124647
"Sst-9","STK11",-0.153222257825783,0.162806627701689,0.346638066223102,-0.472317384565514,0.165872868913948,5,0,0,0.999626430124647
"Sst-9","GRM5",0.0162052493846494,0.103490791892518,0.875570830308382,-0.186632975456216,0.219043474225515,5,0.0320417433460326,65.3955789486408,0.999626430124647
"Sst-9","GIGYF1",-0.0293838241232905,0.160372016908892,0.854623136171337,-0.343707201392768,0.284939553146187,5,4.51064146881555e-06,0.00305628722883962,0.999626430124647
"Sst-9","CUEDC1",0.00482410093047267,0.262973336805753,0.985364068354722,-0.510594168103125,0.52024236996407,5,0.158768816872734,49.0900599289786,0.999626430124647
"Sst-9","GALNT1",-0.205579487242041,0.102635961787199,0.0451776484577566,-0.406742275863581,-0.00441669862050165,5,0,0,0.999626430124647
"Sst-9","OPA1",0.0680820897403865,0.0879198179535848,0.438714572287675,-0.104237586975958,0.240401766456731,5,3.57628833902328e-08,6.48634167610116e-05,0.999626430124647
"Sst-9","CEP104",-0.082036001368318,0.126004033063637,0.515008700806633,-0.328999368079841,0.164927365343205,5,0,0,0.999626430124647
"Sst-9","DNAL1",0.0870986123871682,0.150106432675963,0.561748938101366,-0.207104589505506,0.381301814279843,5,0,0,0.999626430124647
"Sst-9","PNN",-0.0458278212102671,0.194099190812082,0.813351067184195,-0.426255244630316,0.334599602209782,5,0.0717115866836996,39.1834069781034,0.999626430124647
"Sst-9","GIGYF2",-0.0337536519166995,0.0703315777573437,0.631283054743505,-0.171601011296971,0.104093707463572,5,3.22097790299522e-06,0.00874343892878634,0.999626430124647
"Sst-9","ING5",-0.0585939343338739,0.113449646189824,0.605522521022273,-0.28095115492474,0.163763286256992,5,0,0,0.999626430124647
"Sst-9","AK9",0.0288201792832849,0.115107017826611,0.802295616573558,-0.196785430024682,0.254425788591252,5,0,0,0.999626430124647
"Sst-9","C1orf52",0.261050341893302,0.13694915234363,0.0566262815942928,-0.00736506441350215,0.529465748200106,5,0,0,0.999626430124647
"Sst-9","FZR1",0.127636666843855,0.183765769979285,0.487330017212563,-0.232537623906815,0.487810957594525,5,0.0263665847464762,14.1464459643641,0.999626430124647
"Sst-9","MRS2",0.0739840044237355,0.109761100831954,0.500282222799492,-0.141143800110365,0.289111808957836,5,0,0,0.999626430124647
"Sst-9","YY1AP1",-0.0496950016177755,0.160410083413104,0.75671325179272,-0.364092987864526,0.264702984628974,5,0.0333607314028183,24.8126448597457,0.999626430124647
"Sst-9","NARF",-0.103941259435217,0.167729082236244,0.535457093441878,-0.432684219778212,0.224801700907777,5,0.0383129351887448,26.2208788302167,0.999626430124647
"Sst-9","ESCO1",0.0439050876479037,0.103472449190246,0.67133486538366,-0.158897186157128,0.246707361452936,5,0,0,0.999626430124647
"Sst-9","ODF2L",-0.130225388284364,0.0748809634794954,0.0820173984985516,-0.276989379831834,0.016538603263106,5,0,0,0.999626430124647
"Sst-9","OFD1",0.140142047972453,0.101691178566298,0.168168060020371,-0.0591689995629232,0.33945309550783,5,0,0,0.999626430124647
"Sst-9","AMFR",-0.0395140692565328,0.11848271593536,0.738756357611869,-0.271735925280328,0.192707786767262,5,0,0,0.999626430124647
"Sst-9","FAR1",-0.0207313970587499,0.0814809350983999,0.799161454622548,-0.180431095278259,0.138968301160759,5,2.83860820568157e-07,0.000603898085663902,0.999626430124647
"Sst-9","PKN2-AS1",0.0108782061581041,0.157934199963794,0.945086658140135,-0.29866713769808,0.320423550014288,5,0.00586029323074001,4.08407945814181,0.999626430124647
"Sst-9","MAU2",0.0600032859800604,0.12411748167835,0.628783749131598,-0.183262507961315,0.303269079921436,5,0.00244802201506226,2.38583088372834,0.999626430124647
"Sst-9","TRIM25",0.0491963642920087,0.138132863594636,0.721726364339931,-0.221539073434862,0.319931802018879,5,0,0,0.999626430124647
"Sst-9","GABBR1",-0.154860811384528,0.0942426540003437,0.100338745620291,-0.339573019032671,0.0298513962636152,5,0.0062593530928418,11.6252000458838,0.999626430124647
"Sst-9","SLC24A3",-0.00277069788106638,0.12850180421625,0.982797706265183,-0.254629606093333,0.2490882103312,5,0.0437510204354089,58.0545483525257,0.999626430124647
"Sst-9","NDUFA5",0.196386635803413,0.109409759854233,0.0726593548565273,-0.0180525530680609,0.410825824674887,5,5.16310806189855e-07,0.000591824365601025,0.999626430124647
"Sst-9","KLF12",-0.0565414518746616,0.0630909092938851,0.370151212047277,-0.18019736184256,0.0671144580932364,5,0,0,0.999626430124647
"Sst-9","MFAP3L",-0.107840698556959,0.26938865169197,0.688923481133786,-0.635832753717024,0.420151356603107,5,0.178297782217286,54.421514740519,0.999626430124647
"Sst-9","ADAM32",0.064292800029348,0.144731268855221,0.656882156307735,-0.219375274363668,0.347960874422364,5,0.0174128142470294,15.7141365248628,0.999626430124647
"Sst-9","SLTM",-0.0851586405504339,0.0890089126411747,0.338697065510649,-0.259612903630208,0.0892956225293405,5,0,0,0.999626430124647
"Sst-9","PRKACB",0.0396373409040381,0.0970505598980156,0.68296572147253,-0.15057826117552,0.229852942983596,5,0.01995747426265,44.374786107239,0.999626430124647
"Sst-9","UBAP2L",-0.02891056077544,0.110794739529862,0.794140298819514,-0.246064259930465,0.188243138379585,5,0,0,0.999626430124647
"Sst-9","UNK",-0.0525515071069263,0.12260335078673,0.6681923146688,-0.292849659032848,0.187746644818996,5,0,0,0.999626430124647
"Sst-9","PIGU",-0.145154560139858,0.106791608481124,0.174073118046597,-0.354462266613962,0.0641531463342471,5,0,0,0.999626430124647
"Sst-9","CHM",-0.057932031068799,0.111255061504214,0.602566252080427,-0.275987944714847,0.160123882577249,5,0.0198166045065261,31.5841035637624,0.999626430124647
"Sst-9","CHD3",0.0862631610666774,0.116610157094425,0.459447553219446,-0.142288547069953,0.314814869203308,5,0,0,0.999626430124647
"Sst-9","ARID4B",0.0130761957556655,0.0645373663003461,0.839436482266492,-0.113414717850082,0.139567109361413,5,0,0,0.999626430124647
"Sst-9","XIAP",0.0103876297397727,0.184901242592773,0.955198939604902,-0.352012146438765,0.372787405918311,5,0.073314510842337,44.5567644703924,0.999626430124647
"Sst-9","SUMO1",-0.054112336015486,0.125147865314919,0.665460014089949,-0.299397644774796,0.191172972743824,5,0,0,0.999626430124647
"Sst-9","PLEC",-0.138613781387141,0.105149804681367,0.187419809222045,-0.344703611544041,0.0674760487697589,5,0,0,0.999626430124647
"Sst-9","USP34",-0.0163650354391067,0.0511742750258354,0.749127320898118,-0.116664771424692,0.0839347005464782,5,1.99545663795727e-06,0.00933963585000478,0.999626430124647
"Sst-9","NEAT1",0.195407848454317,0.203356707232147,0.336596544693582,-0.203163973735348,0.593979670643982,5,0.0901145635053841,45.1854292318013,0.999626430124647
"Sst-9","HEXB",-0.0550205260429204,0.126631555299563,0.663930467249748,-0.303213813736356,0.193172761650515,5,0,0,0.999626430124647
"Sst-9","OAT",-0.153398943861535,0.146615566245194,0.295438043785122,-0.440760173275061,0.133962285551991,5,0.0124165325695112,10.590594813677,0.999626430124647
"Sst-9","LYPLA1",0.0735590607454616,0.115263643079061,0.523355899211426,-0.152353528416377,0.2994716499073,5,0,0,0.999626430124647
"Sst-9","TUBB",0.193979331362933,0.233982445243602,0.407085340377309,-0.264617834329143,0.652576497055009,5,0.104754888998958,39.2684228608921,0.999626430124647
"Sst-9","HLCS",0.0178505974575563,0.0864072699473507,0.836332605554585,-0.151504539641681,0.187205734556794,5,1.41025283148223e-06,0.00270791226760558,0.999626430124647
"Sst-9","HIVEP1",-0.0841800083692404,0.0840655897511813,0.316652280999249,-0.248945536620675,0.0805855198821943,5,0,0,0.999626430124647
"Sst-9","PPA1",0.120767708117356,0.107805283482442,0.262611829259802,-0.0905267648513618,0.332062181086074,5,0,0,0.999626430124647
"Sst-9","NDUFS2",0.187870178938533,0.156247666626253,0.229213584364169,-0.118369620317343,0.494109978194409,5,0.0224956777757172,17.6005680498814,0.999626430124647
"Sst-9","SPIN3",0.0183567032061396,0.105074344145296,0.861313757768331,-0.187585227017808,0.224298633430087,5,0.00284808917335429,3.62406907768881,0.999626430124647
"Sst-9","KIF21B",-0.0840219408590779,0.151096276321609,0.578154703063785,-0.380165200647543,0.212121318929387,5,0,0,0.999626430124647
"Sst-9","EXOSC1",-0.175650348940374,0.168461522599282,0.297099580459142,-0.505828866015747,0.154528168134998,5,0,0,0.999626430124647
"Sst-9","ITGA9",0.411175930737975,0.343719380496354,0.231597173484208,-0.262501675823298,1.08485353729925,5,0.385141358331841,68.4779057624167,0.999626430124647
"Sst-9","TTC14",-0.026812459329949,0.12250840146547,0.826757385838,-0.266924514005844,0.213299595345946,5,0.0290203614953888,39.6575247281822,0.999626430124647
"Sst-9","CEP350",-0.130120672149491,0.0776238302554315,0.0936798346148896,-0.282260583792187,0.0220192394932052,5,0,0,0.999626430124647
"Sst-9","UBR1",-0.0563618451266261,0.0697754923824484,0.41922881043544,-0.193119297199774,0.0803956069465217,5,4.90718076160435e-06,0.0136447196466185,0.999626430124647
"Sst-9","VPS9D1",-0.112256335715994,0.228490908014482,0.623218140510398,-0.560090286219232,0.335577614787244,5,0.147109179165421,60.4600151840817,0.999626430124647
"Sst-9","KCNN2",-0.0571479088780871,0.148424567785779,0.700215201237162,-0.348054716159138,0.233758898402964,5,3.53778872627347e-06,0.00256065796644713,0.999626430124647
"Sst-9","ZFAT",-0.473917967800555,0.255730882087127,0.0638550999887243,-0.975141286425983,0.0273053508248727,5,0.158417626499055,52.1238391262327,0.999626430124647
"Sst-9","EVA1C",-0.135953536269017,0.0921206417777631,0.139992072348055,-0.316506676386149,0.0445996038481141,5,0,0,0.999626430124647
"Sst-9","CCNG2",0.0227948000496903,0.15888232329183,0.885919235627315,-0.288608831382346,0.334198431481727,5,0,0,0.999626430124647
"Sst-9","OGFRL1",0.0351991607537891,0.122644118681977,0.774110455440829,-0.205178894778542,0.27557721628612,5,0,0,0.999626430124647
"Sst-9","CDC42",-0.0627837581264436,0.0940483104191344,0.50440860480085,-0.24711505935479,0.121547543101903,5,0,0,0.999626430124647
"Sst-9","PEBP1",0.130931489078354,0.109731672401567,0.232792276544383,-0.0841386367920657,0.346001614948774,5,0,0,0.999626430124647
"Sst-9","SSB",0.0741741872700947,0.140753245932845,0.598207271383013,-0.201697105465391,0.350045480005581,5,0,0,0.999626430124647
"Sst-9","ABLIM1",0.0267492566318792,0.116512708802099,0.818416355636189,-0.201611456361437,0.255109969625196,5,0.037213921009226,59.1933021179781,0.999626430124647
"Sst-9","JAK2",-0.0400667205148728,0.0848064699594864,0.63660643227707,-0.206284347291444,0.126150906261699,5,0,0,0.999626430124647
"Sst-9","DNHD1",0.0324985928443005,0.158750261338472,0.837794637411677,-0.278646201915426,0.343643387604027,5,0.0144588625335559,10.0143431625129,0.999626430124647
"Sst-9","DUT",0.0754276411970382,0.143580244877389,0.599350750551309,-0.205984467654085,0.356839750048161,5,0.00936210237417646,6.84358242475876,0.999626430124647
"Sst-9","FAR2",0.00334468986884778,0.128506586994452,0.979235499163388,-0.248523592416441,0.255212972154136,5,0.0448145531138484,57.2217308245823,0.999626430124647
"Sst-9","PDCD6IP",-0.184571354341907,0.0874145054099079,0.034733654322335,-0.355900636671708,-0.0132420720121055,5,0,0,0.999626430124647
"Sst-9","RBBP6",0.0761531595685506,0.233194965689565,0.743997420132654,-0.38090057455905,0.533206893696151,5,0.173791889605845,69.5390032796608,0.999626430124647
"Sst-9","ACP1",0.0622771915262936,0.150555699579143,0.679131294388217,-0.23280655731606,0.357360940368647,5,1.29848676159596e-07,8.25284651388416e-05,0.999626430124647
"Sst-9","TAF11",0.0382251828594345,0.147547904200449,0.795581506778829,-0.250963395367812,0.327413761086681,5,4.54600990663961e-06,0.00360069197350338,0.999626430124647
"Sst-9","GNA11",-0.393083517853363,0.157655861879549,0.0126561506447621,-0.702083329088899,-0.0840837066178264,5,0,0,0.999626430124647
"Sst-9","RALGAPA2",-0.134334604081103,0.0878689392974814,0.126312424663178,-0.306554560463903,0.0378853523016967,5,0,0,0.999626430124647
"Sst-9","DGKZ",-0.0167016749445774,0.093625720282579,0.85841852477654,-0.200204714725053,0.166801364835899,5,0,0,0.999626430124647
"Sst-9","DCUN1D1",0.00322315289407531,0.128434701650064,0.979978666325796,-0.248504236705197,0.254950542493347,5,0,0,0.999626430124647
"Sst-9","GSTA4",0.17605312530844,0.116006293587639,0.12911097426339,-0.0513150321033126,0.403421282720193,5,0.0202505208374187,29.6550944498565,0.999626430124647
"Sst-9","SYNGR3",-0.013356815469236,0.143308024023603,0.925741860347261,-0.294235381251099,0.267521750312628,5,0.004904749770592,4.28046971614496,0.999626430124647
"Sst-9","BAALC",-0.0562562091515485,0.112253062200575,0.616261879995415,-0.27626816821901,0.163755749915913,5,0,0,0.999626430124647
"Sst-9","ARMCX4",0.1681595329724,0.0936940236951359,0.0726898249662234,-0.0154773790367091,0.351796444981509,5,0.00429201719107767,7.97601468333489,0.999626430124647
"Sst-9","GOLGA7",0.0364098113700831,0.139778131253572,0.794491312909635,-0.23755029171323,0.310369914453396,5,0,0,0.999626430124647
"Sst-9","TAF4",-0.102207659576886,0.117416296109184,0.384042228445843,-0.332339371148977,0.127924051995205,5,4.49577575386541e-06,0.0036885054675445,0.999626430124647
"Sst-9","MTDH",-0.0160089138367606,0.076105408062641,0.833393065302859,-0.165172772668261,0.13315494499474,5,0,0,0.999626430124647
"Sst-9","PHYHIPL",-0.0875736977753867,0.116748297751858,0.453190354748597,-0.316396156625387,0.141248761074614,5,0,0,0.999626430124647
"Sst-9","SEC24C",-0.301947899355633,0.27172079402617,0.266463657637518,-0.834510869497552,0.230615070786287,5,0.169610673626095,49.8505178201356,0.999626430124647
"Sst-9","PDE5A",0.0196490474668236,0.106774765966094,0.853995156637494,-0.189625648284413,0.228923743218061,5,0,0,0.999626430124647
"Sst-9","ANKZF1",-0.299941570796783,0.250868609265264,0.231847926832541,-0.791635009808351,0.191751868214785,5,0.154665406233689,50.67975632489,0.999626430124647
"Sst-9","UBE2QL1",0.249707020344087,0.122351509676293,0.0412609106359924,0.00990246792444902,0.489511572763726,5,0,0,0.999626430124647
"Sst-9","CPNE7",-0.237374080589803,0.172560121758846,0.16894482976364,-0.575585704404988,0.100837543225382,5,0,0,0.999626430124647
"Sst-9","DZANK1",0.252682766405175,0.165581975737141,0.127002838594997,-0.0718519425286068,0.577217475338956,5,0.0380663905669224,26.4399590840027,0.999626430124647
"Sst-9","APAF1",0.247468077846845,0.131790339567658,0.0604166529145052,-0.0108362412160687,0.505772396909758,5,0,0,0.999626430124647
"Sst-9","RGS17",-0.1499264550554,0.118453078305261,0.20561931751126,-0.382090222391613,0.082237312280814,5,0,0,0.999626430124647
"Sst-9","SPEG",-0.0535250957147516,0.146638922543568,0.715101790363337,-0.340932102631904,0.2338819112024,5,0,0,0.999626430124647
"Sst-9","TKT",-0.252613334621973,0.212223609300413,0.233921886955712,-0.668563965519883,0.163337296275936,5,0.0686273540450501,30.7511319270695,0.999626430124647
"Sst-9","SMARCA1",-0.124819754992695,0.0988726102093452,0.206794079191681,-0.318606510060479,0.0689670000750886,5,0,0,0.999626430124647
"Sst-9","FAM8A1",-0.189245749382226,0.157996496575759,0.23100093593277,-0.49891319235422,0.120421693589769,5,0.0143234862594565,9.53981471986502,0.999626430124647
"Sst-9","GARNL3",-0.0590634465862457,0.066642544898779,0.375470771090403,-0.189680434425946,0.0715535412534547,5,0,0,0.999626430124647
"Sst-9","TOMM40",0.17430073193533,0.292760174070556,0.551595929749287,-0.399498665350638,0.748100129221297,5,0.197901581632229,48.7414382992966,0.999626430124647
"Sst-9","TECR",0.260335274279423,0.142995947882781,0.0686710322400134,-0.0199316335059933,0.54060218206484,5,0,0,0.999626430124647
"Sst-9","RNF10",0.343329426613839,0.155462935931309,0.0272141265314916,0.0386276712576152,0.648031181970063,5,0.0453674722114844,38.8412615318831,0.999626430124647
"Sst-9","SLC25A28",-0.0647993290784169,0.206849935112747,0.754077560652596,-0.470217752103848,0.340619093947014,5,0.0775805008959278,37.1221501831082,0.999626430124647
"Sst-9","NALCN",0.0347931547915034,0.0624960398108331,0.577714819099774,-0.0876968324141109,0.157283141997118,5,2.78010001089587e-06,0.0109389744897422,0.999626430124647
"Sst-9","TWSG1",-0.0313852230617953,0.119945830484183,0.793582314965438,-0.26647473090654,0.203704284782949,5,0,0,0.999626430124647
"Sst-9","SLC39A14",-0.0614993207938571,0.141993851967358,0.664932998209234,-0.33980215667599,0.216803515088276,5,0,0,0.999626430124647
"Sst-9","RPLP1",0.114514697742769,0.14431792137313,0.427492916591987,-0.168343230472249,0.397372625957787,5,1.24672537659772e-06,0.000931738220252987,0.999626430124647
"Sst-9","KPNA4",-0.262064832131211,0.110412644143542,0.0176202110093903,-0.47846963809039,-0.0456600261720327,5,3.09549467949915e-06,0.00392341395016595,0.999626430124647
"Sst-9","ZNF195",0.0548149037917446,0.131778276821595,0.677436986856645,-0.20346577272333,0.313095580306819,5,0.00461350691467705,4.30022856959757,0.999626430124647
"Sst-9","SPAG9",-0.124900333716399,0.063864875551138,0.0505008801423444,-0.250073189673762,0.000272522240964357,5,4.25245231992801e-06,0.0129329450964826,0.999626430124647
"Sst-9","SLC24A2",-0.13209615576974,0.0884902163246113,0.135495581258059,-0.305533792750137,0.0413414812106564,5,0.0199046594255834,54.2129233646938,0.999626430124647
"Sst-9","PPARGC1B",-0.0698187710915995,0.111612440262739,0.531612441019762,-0.288575134233195,0.148937592049996,5,0,0,0.999626430124647
"Sst-9","NVL",-0.11031644662133,0.120142291698307,0.358506350930006,-0.345791011370118,0.125158118127457,5,0,0,0.999626430124647
"Sst-9","LAMC1",0.0106629572759149,0.309234079932276,0.972492930513861,-0.595424702183726,0.616750616735556,5,0.34729997404755,77.1455463210204,0.999626430124647
"Sst-9","ST6GAL1",-0.114738926567701,0.11697544831437,0.326651715403932,-0.344006592339292,0.11452873920389,5,0.000862362670715846,0.960550513791569,0.999626430124647
"Sst-9","MAGED2",-0.0883692554924037,0.147776637559632,0.549845232948102,-0.378006142865711,0.201267631880904,5,2.04541909953752e-06,0.00121943391324363,0.999626430124647
"Sst-9","MCUB",0.168043847550693,0.126740196384044,0.184875381533464,-0.080362372755567,0.416450067856952,5,0.00174907596208006,1.61486465093812,0.999626430124647
"Sst-9","MBTPS1",0.0373763477975337,0.0927202762316012,0.686868278286729,-0.14435205425301,0.219104749848077,5,0.00288001145846459,5.35059739391459,0.999626430124647
"Sst-9","SULF2",0.0995966440841392,0.343087113150869,0.771590183346577,-0.572841741251382,0.772035029419661,5,0.367736823516922,65.9086366443671,0.999626430124647
"Sst-9","SYNRG",0.121355845473706,0.157562654393806,0.441177164485921,-0.187461282446686,0.430172973394098,5,0.044578921355769,36.6974110499535,0.999626430124647
"Sst-9","RPE",0.0655486558933146,0.0975584753820007,0.501653127501645,-0.125662442242044,0.256759754028674,5,6.90582595450526e-07,0.000982353330572821,0.999626430124647
"Sst-9","CLSTN3",0.000674399355787806,0.201521304931418,0.997329851404035,-0.394300100427305,0.395648899138881,5,0.144472859858819,76.0309865455414,0.999626430124647
"Sst-9","SFXN1",0.0117453469004213,0.111203622761434,0.915883711217414,-0.206209748662368,0.22970044246321,5,0.00754159446308724,10.2284284938182,0.999626430124647
"Sst-9","OLFM2",-0.0671635116201667,0.100462265159216,0.503785979583658,-0.264065933137544,0.12973890989721,5,4.27099981171152e-06,0.00665389151304542,0.999626430124647
"Sst-9","DESI2",0.0121670519946555,0.154154127836021,0.937090020961715,-0.28996948663213,0.31430359062144,5,0.0162168120183587,12.1244263228426,0.999626430124647
"Sst-9","TMEM117",-0.090744031494716,0.0852811721832869,0.28730286137023,-0.257892057533317,0.0764039945438853,5,0,0,0.999626430124647
"Sst-9","RPL10A",0.231010847054233,0.316399488521346,0.465314417746068,-0.3891207551745,0.851142449282967,5,0.243468527636303,50.8477976012775,0.999626430124647
"Sst-9","MTA1",0.101797841148615,0.200233281291608,0.611175510788561,-0.290652178689215,0.494247860986444,5,0,0,0.999626430124647
"Sst-9","EPM2A",-0.0964977402972925,0.119534435915193,0.419505276168288,-0.330780929603383,0.137785449008798,5,0,0,0.999626430124647
"Sst-9","PCDH10",-0.0137976755725228,0.273433003781691,0.959755106641872,-0.549716515169242,0.522121164024196,5,0.196277290510002,56.8025529352435,0.999626430124647
"Sst-9","UBTF",0.298795660677191,0.171063039390047,0.0806895428058508,-0.036481735613257,0.634073056967639,5,1.93150433016694e-06,0.00108702521809364,0.999626430124647
"Sst-9","MFAP3",-0.14047721582952,0.202598353214426,0.488072442672735,-0.537562691456919,0.256608259797879,5,0.0754016047022427,37.9177981145921,0.999626430124647
"Sst-9","OPHN1",-0.0013714375558106,0.129002468974973,0.991517772885318,-0.254211630663503,0.251468755551881,5,0.0234977407542368,27.0200340971834,0.999626430124647
"Sst-9","C9orf85",-0.0461876303365861,0.16196793420211,0.775517523591012,-0.363638948023074,0.271263687349902,5,0,0,0.999626430124647
"Sst-9","TPST2",-0.152022400968112,0.119806210882261,0.204475839192256,-0.386838259421554,0.0827934574853299,5,0,0,0.999626430124647
"Sst-9","KCNC2",0.0133058233202279,0.0649343361311159,0.837640895935694,-0.113963136856777,0.140574783497233,5,3.00698120072061e-06,0.0132597533966739,0.999626430124647
"Sst-9","TUBB4A",0.163305380554881,0.247201327545528,0.508858012940787,-0.321200318364843,0.647811079474606,5,0.133819883655418,46.0113528635456,0.999626430124647
"Sst-9","PTBP2",-0.10771667025308,0.151211112485711,0.476242197092399,-0.404085004787309,0.188651664281148,5,0.0658463975961269,62.2134224851094,0.999626430124647
"Sst-9","SGCB",0.32711109979303,0.140774955453017,0.0201444986152849,0.0511972571798867,0.603024942406174,5,0,0,0.999626430124647
"Sst-9","RSL1D1",0.00642647225615037,0.169245141424559,0.969710497822932,-0.325287909494374,0.338140854006675,5,0,0,0.999626430124647
"Sst-9","TRMT1L",0.0376277276663056,0.17103063968779,0.825866660585414,-0.297586166374609,0.372841621707221,5,0.0220064500098024,14.0115940562713,0.999626430124647
"Sst-9","EIF3A",-0.00393207867391638,0.109952963031346,0.971472562522689,-0.219435926208819,0.211571768860986,5,0,0,0.999626430124647
"Sst-9","GMDS",-0.0108149062166271,0.0940285148315175,0.908431406950951,-0.195107408806192,0.173477596372938,5,0.00904494053460007,18.8761656967978,0.999626430124647
"Sst-9","RFX1",-0.022857012224468,0.146087204034933,0.875669322537194,-0.309182670735091,0.263468646286155,5,0,0,0.999626430124647
"Sst-9","BPTF",-0.0531959370059597,0.0731793686578465,0.467271696774041,-0.196624863986718,0.0902329899747988,5,0,0,0.999626430124647
"Sst-9","LIN54",-0.0628595633583851,0.130626776063222,0.63036370480371,-0.318883339858879,0.193164213142109,5,6.82555812463897e-06,0.00570917551265873,0.999626430124647
"Sst-9","FRAS1",0.276187728961384,0.418650861882333,0.509440609141712,-0.544352882424641,1.09672834034741,5,0.497796996591614,60.7034248289588,0.999626430124647
"Sst-9","AP2B1",0.0552823813537549,0.0746714172295796,0.459092543109501,-0.0910709070907847,0.201635669798295,5,7.33250513717186e-07,0.00186130087558148,0.999626430124647
"Sst-9","SGCZ",-0.290693650182123,0.244574593702791,0.234609522082646,-0.77005104537311,0.188663745008865,5,0.148518395703961,52.0366690649785,0.999626430124647
"Sst-9","PSMD13",-0.0296373059871825,0.130496079491758,0.820336174233063,-0.285404921914704,0.226130309940339,5,3.32884792562747e-06,0.00261483789421879,0.999626430124647
"Sst-9","MYO9A",-0.0946724839885097,0.12214528570352,0.438291827958776,-0.334072844848764,0.144727876871744,5,0.0424323512496468,61.0833307368826,0.999626430124647
"Sst-9","NRBP1",0.0078027994569283,0.130821686806646,0.952438742938132,-0.248602995080876,0.264208593994732,5,0,0,0.999626430124647
"Sst-9","GMCL1",-0.0551503372637482,0.0761972448888495,0.469198429656506,-0.204494192967072,0.0941935184395755,5,0,0,0.999626430124647
"Sst-9","ABHD17A",0.0502472353325767,0.19263886848007,0.794218647143424,-0.327318008910909,0.427812479576062,5,0,0,0.999626430124647
"Sst-9","YJEFN3",0.483120631422166,0.179396662374913,0.00708058528865666,0.131509634220645,0.834731628623687,5,0,0,0.999626430124647
"Sst-9","FAM135A",-0.0533479164030716,0.0722991750785855,0.460589045426159,-0.195051695669055,0.0883558628629118,5,0,0,0.999626430124647
"Sst-9","EXT2",-0.145703649568556,0.0922305252591399,0.114157976739903,-0.326472157351682,0.0350648582145696,5,2.20845080784377e-07,0.000378382446484381,0.999626430124647
"Sst-9","NFKB1",-0.232717184635001,0.16367841100433,0.155085703656725,-0.553520975250233,0.0880866059802314,5,0.0518778873761453,40.4349090025444,0.999626430124647
"Sst-9","MAP6",-0.0144236588518984,0.136080590594989,0.915587504878931,-0.281136715413016,0.252289397709219,5,0.0342577674899634,38.1373494592316,0.999626430124647
"Sst-9","MIPEP",0.116172783847278,0.112275945935877,0.300805447033086,-0.103884026517207,0.336229594211764,5,0,0,0.999626430124647
"Sst-9","TAPT1",-0.0305594195918748,0.116001350539287,0.792211305381066,-0.257917888806882,0.196799049623133,5,3.2512941336315e-06,0.00338272832610983,0.999626430124647
"Sst-9","SMPD3",0.0201281243071212,0.148464504990449,0.892157008895602,-0.270856958456727,0.311113207070969,5,0.0081254802477968,6.09572904671879,0.999626430124647
"Sst-9","GOLIM4",0.530515138180297,0.266781100200143,0.0467477555165993,0.00763379003204501,1.05339648632855,5,0.195157766370953,57.4938871217442,0.999626430124647
"Sst-9","MIER1",0.000192995692632306,0.0993414586787135,0.998449910151964,-0.19451268548932,0.194898676874585,5,0,0,0.999626430124647
"Sst-9","PRCC",0.0332547947707941,0.183850390324688,0.856462040113171,-0.327085348809226,0.393594938350814,5,0.0413998031143113,23.239573333145,0.999626430124647
"Sst-9","MLXIPL",-0.11499732654638,0.106112073895649,0.278482487390241,-0.322973169706704,0.0929785166139445,5,0,0,0.999626430124647
"Sst-9","STARD3",-0.284408535912697,0.170739061378334,0.0957632835213054,-0.619050946968404,0.0502338751430108,5,0,0,0.999626430124647
"Sst-9","NUMB",0.0694591386460333,0.112161963595587,0.535734984019225,-0.150374270436609,0.289292547728676,5,0.00490151148416833,6.40660881637207,0.999626430124647
"Sst-9","RPAIN",-0.0405809233468889,0.172106021152183,0.813595427063394,-0.377902526327657,0.296740679633879,5,0.0438757552186227,29.4954648996879,0.999626430124647
"Sst-9","RACK1",0.319094817095135,0.137202083332119,0.0200330306692019,0.0501836751603181,0.588005959029952,5,0,0,0.999626430124647
"Sst-9","L2HGDH",-0.00236983009649626,0.0976380516099665,0.980635979745223,-0.193736894772694,0.188997234579701,5,0.0077102982638061,14.1531996167792,0.999626430124647
"Sst-9","EML4",-0.0191220705967779,0.142962873450943,0.893595916888862,-0.299324153686983,0.261080012493428,5,0.0234476598813377,21.3628728736194,0.999626430124647
"Sst-9","PURA",-0.192342665596163,0.171214403030952,0.26126664507553,-0.527916729171354,0.143231397979027,5,0.0827044238947606,60.6116212367874,0.999626430124647
"Sst-9","WDR91",-0.137736076089604,0.141038404218146,0.328774345750693,-0.414166268794172,0.138694116614964,5,0.00183169592775563,1.30879349057842,0.999626430124647
"Sst-9","FOCAD",-0.14007636280537,0.0648855813505563,0.0308640480306539,-0.267249765368404,-0.0129029602423362,5,4.4346353384378e-06,0.0168355858530505,0.999626430124647
"Sst-9","NECAB1",0.301898738613585,0.223790725997423,0.177329719180757,-0.136723024415435,0.740520501642606,5,0.072299494409413,28.8873889200071,0.999626430124647
"Sst-9","MLLT11",0.0921281280320516,0.174958192816894,0.598490671602344,-0.250783628689275,0.435039884753379,5,0.0357059016382336,22.9842323712521,0.999626430124647
"Sst-9","LEMD2",-0.0593902788955265,0.159100658590092,0.708934517107439,-0.37122183964871,0.252441281857657,5,3.05071324949657e-06,0.00197439867895859,0.999626430124647
"Sst-9","NHLRC2",-0.0107113949850623,0.126999761222092,0.932784638341493,-0.259626353025549,0.238203563055425,5,0,0,0.999626430124647
"Sst-9","CC2D2A",0.0473528211607821,0.109998029792343,0.666840764642373,-0.168239355602574,0.262944997924139,5,0,0,0.999626430124647
"Sst-9","SGCE",0.0800821005060953,0.118450093511967,0.498987917585346,-0.152075816742762,0.312240017754952,5,0.0148908637311934,19.9090935062515,0.999626430124647
"Sst-9","CFAP70",-0.0256112509626817,0.337206678678256,0.939457924947296,-0.686524196518434,0.635301694593071,5,0.381693492553602,71.9469240230887,0.999626430124647
"Sst-9","GPATCH2L",-0.154266332671518,0.0869055153566408,0.0758807076499777,-0.324598012828426,0.0160653474853908,5,0,0,0.999626430124647
"Sst-9","SGIP1",-0.0672295695122909,0.128266698089706,0.600181915281139,-0.318627678183987,0.184168539159406,5,0.0532821431558094,70.0049890912543,0.999626430124647
"Sst-9","WDFY2",0.176369668987263,0.199677263628407,0.377088427513465,-0.214990576255924,0.567729914230449,5,0.0953107413785536,51.2634387181828,0.999626430124647
"Sst-9","IP6K1",-0.000467998682450659,0.0805179755727056,0.995362441516279,-0.158280330913029,0.157344333548128,5,0,0,0.999626430124647
"Sst-9","STARD9",-0.0861594194890849,0.185185643181418,0.641745480344849,-0.449116610578549,0.276797771600379,5,0.0873864890795901,55.1999308247054,0.999626430124647
"Sst-9","VAC14",-0.13755285239524,0.137273669023455,0.316327282043392,-0.406604299706883,0.131498594916403,5,0,0,0.999626430124647
"Sst-9","MTG2",-0.0257103934278987,0.239436031528858,0.91448834091793,-0.494996391825657,0.443575604969859,5,0.13856018201589,51.0155922751738,0.999626430124647
"Sst-9","SEMA4B",-0.158113507694112,0.121180293234808,0.191968095379606,-0.395622518070338,0.0793955026821138,5,6.08819295246495e-07,0.000685182324131211,0.999626430124647
"Sst-9","RWDD1",-0.00456673593593019,0.18712243735294,0.980529505305873,-0.371319973847045,0.362186501975185,5,0,0,0.999626430124647
"Sst-9","UTP23",-0.0579559593565362,0.352254415588221,0.869314959077595,-0.748361927304655,0.632450008591582,5,0.492626795039282,82.4398155732809,0.999626430124647
"Sst-9","SLC35G2",0.0807805637424799,0.161655807020871,0.61728129226335,-0.236058995910183,0.397620123395143,5,0.0441029738710755,33.7609841038162,0.999626430124647
"Sst-9","PKNOX1",-0.233955563873209,0.107955374562737,0.0302233662849354,-0.445544209953706,-0.022366917792712,5,0,0,0.999626430124647
"Sst-9","NME3",0.421400894391341,0.283361052078233,0.13697472698938,-0.133976562303373,0.976778351086056,5,0.25265055212957,67.219137039852,0.999626430124647
"Sst-9","NMU",-0.0437328458251253,0.211194897453427,0.835952534299744,-0.457667238552472,0.370201546902221,5,0.0817975574538324,37.9945610464645,0.999626430124647
"Sst-9","PARP8",-0.076872218545665,0.151736317299974,0.61242348221071,-0.374269935600356,0.220525498509026,5,0.0662426409814395,61.2777700527941,0.999626430124647
"Sst-9","ANXA4",-0.127841298576784,0.149970523816001,0.393968353902173,-0.421778123998752,0.166095526845185,5,0.0148716668649476,10.6248638266722,0.999626430124647
"Sst-9","BMPR1A",-0.0404435563911716,0.112108012789172,0.718282403681345,-0.260171223836304,0.179284111053961,5,0.0178135229190568,27.7437387384549,0.999626430124647
"Sst-9","EIF3B",-0.0259987518253638,0.127668075953264,0.838632231956886,-0.276223582669285,0.224226079018558,5,0,0,0.999626430124647
"Sst-9","RAF1",-0.0183465021872467,0.0898644597424037,0.838230432819612,-0.194477606772507,0.157784602398014,5,0.00181531543103879,3.00487347902506,0.999626430124647
"Sst-9","FBXO44",-0.0302940143149487,0.12216103337596,0.804146579803194,-0.269725240046026,0.209137211416129,5,0,0,0.999626430124647
"Sst-9","ATP1B2",0.0101015705683978,0.179902763230907,0.955222177824623,-0.342501366083416,0.362704507220211,5,0.0598347721348065,38.6565145796543,0.999626430124647
"Sst-9","XPNPEP1",0.0712540827382417,0.29557674721863,0.809502446707111,-0.508065696477773,0.650573861954256,5,0.281210361201241,68.9862489378716,0.999626430124647
"Sst-9","MPHOSPH6",0.0989869944957106,0.184521258892693,0.591645466903034,-0.262668027315958,0.460642016307379,5,0.0767922671328454,47.327877112445,0.999626430124647
"Sst-9","NCK2",0.0971651761283517,0.107439858338066,0.36580026922167,-0.113413076718342,0.307743428975046,5,0.0114593509573745,17.8504557915784,0.999626430124647
"Sst-9","ZNF618",-0.111286305192223,0.125711918936556,0.376022544248696,-0.357677138735291,0.135104528350845,5,0,0,0.999626430124647
"Sst-9","GTF2E2",-0.054117151437876,0.100528474806666,0.590351594525962,-0.251149341479683,0.142915038603931,5,2.76697947862248e-06,0.0030458379425705,0.999626430124647
"Sst-9","PIGX",0.118189794289925,0.143775240257373,0.411050981746048,-0.16360449848312,0.39998408706297,5,0.00829718431682671,7.1460880605041,0.999626430124647
"Sst-9","GSTO1",0.0671926767326053,0.169167021091301,0.691222004867633,-0.264368591978272,0.398753945443483,5,0,0,0.999626430124647
"Sst-9","RNMT",0.103465843782315,0.15273038202519,0.498126104802093,-0.195880204332102,0.402811891896731,5,0.0534281249639529,47.8703973957657,0.999626430124647
"Sst-9","SLC16A2",0.301737867301952,0.140337956384704,0.0315488681376531,0.0266805271239793,0.576795207479926,5,0,0,0.999626430124647
"Sst-9","ZNF577",0.0246646935387249,0.145999711607172,0.865846517514932,-0.261489482964566,0.310818870042016,5,0.0264746985110729,23.2657348275993,0.999626430124647
"Sst-9","ELP3",-0.0853143472995242,0.160026872901811,0.593946964873574,-0.398961254745643,0.228332560146594,5,0.0373167059198672,28.9378386353663,0.999626430124647
"Sst-9","PICK1",-0.0032619147336551,0.210081848151285,0.987611843403345,-0.415014770915786,0.408490941448476,5,0.0796077354032722,36.9126145986833,0.999626430124647
"Sst-9","TTC7A",0.0895768076850415,0.126632778553022,0.479333733813373,-0.158618877541117,0.3377724929112,5,0,0,0.999626430124647
"Sst-9","FBXO22",0.145593158298506,0.231894940838963,0.530108085361873,-0.308912573942908,0.60009889053992,5,0.181415348582771,72.5496487268575,0.999626430124647
"Sst-9","STAMBPL1",-0.040183593254409,0.172618388978709,0.815925564976092,-0.378509418722005,0.298142232213187,5,0.049444241270099,33.5617535985606,0.999626430124647
"Sst-9","BIRC2",0.180347568204444,0.160325239761019,0.260637475962315,-0.133884127539902,0.49457926394879,5,0.0230528806838292,17.006295713569,0.999626430124647
"Sst-9","ARAP2",0.0887185350248928,0.135538188978631,0.512747958023878,-0.176931433903007,0.354368503952792,5,1.63124674776345e-06,0.00144180159088728,0.999626430124647
"Sst-9","MYCBP2",-0.050407191666048,0.0794640244993978,0.525859102049829,-0.206153817751476,0.10533943441938,5,0.0114784695097716,37.2826596112373,0.999626430124647
"Sst-9","AP3D1",-0.125691776494249,0.17803479423206,0.480190890772183,-0.474633561184086,0.223250008195588,5,0.0512055453144421,32.3847953929495,0.999626430124647
"Sst-9","PIGZ",0.112383213186934,0.135524917732487,0.406966400616411,-0.153240744576495,0.378007170950364,5,0.000703522800875369,0.563284951345734,0.999626430124647
"Sst-9","CEP295",0.0217843505015758,0.121430148516233,0.857625041859129,-0.216214367227591,0.259783068230742,5,0.0187340211045462,23.4398048020676,0.999626430124647
"Sst-9","LRRC34",-0.193703861177191,0.183308833185037,0.290644995605978,-0.552982572267924,0.165574849913542,5,0.0438695825070365,25.7718104596538,0.999626430124647
"Sst-9","DUBR",0.0277797612095842,0.168047726458855,0.86870096453492,-0.301587730333611,0.357147252752779,5,0.0682118469281156,51.3439931853181,0.999626430124647
"Sst-9","ORC5",0.0505088667019165,0.189339465870487,0.789651225959654,-0.320589667256289,0.421607400660122,5,0.0782539999943071,46.2019054992914,0.999626430124647
"Sst-9","NDN",0.338189681440993,0.348771061847863,0.332215517933032,-0.345389038630611,1.0217684015126,5,0.385816877905906,65.3261713678056,0.999626430124647
"Sst-9","NCAPD3",-0.196605418874306,0.225214728687153,0.382680114306882,-0.638018175889085,0.244807338140472,5,0.0978122114212938,39.8757654672285,0.999626430124647
"Sst-9","SLC12A8",-0.00857145021784778,0.123630426746317,0.944725963305144,-0.250882634033947,0.233739733598251,5,0,0,0.999626430124647
"Sst-9","NSMAF",0.00322980363869295,0.103024939484014,0.97499063414876,-0.198695367259393,0.205154974536779,5,0.00760679712632629,12.1137992911032,0.999626430124647
"Sst-9","CCNT1",-0.0678504059809773,0.190694554025377,0.721985307565073,-0.441604863918643,0.305904051956689,5,0.0363958353093792,19.3826431293755,0.999626430124647
"Sst-9","PPP1R14C",-0.0159441163565002,0.183215324623036,0.930652496202599,-0.375039554033465,0.343151321320465,5,0.0475142613815629,27.635174132613,0.999626430124647
"Sst-9","USF3",0.149849379876353,0.125924283015788,0.234048005462393,-0.0969576796136194,0.396656439366326,5,2.30515097405059e-07,0.000164524712839283,0.999626430124647
"Sst-9","BRD7",-0.0472082559192282,0.12700993529827,0.71012406369522,-0.296143154782601,0.201726642944144,5,0,0,0.999626430124647
"Sst-9","FOXK1",-0.0669105556838334,0.103065501174437,0.516206400809598,-0.268915226034301,0.135094114666634,5,0,0,0.999626430124647
"Sst-9","LMNA",-0.262515636905287,0.1550619586458,0.0904606955360548,-0.566431491223294,0.0414002174127201,5,0,0,0.999626430124647
"Sst-9","FNIP2",0.0868232234620545,0.0936779169679889,0.354016360058017,-0.0967821199419373,0.270428566866046,5,0,0,0.999626430124647
"Sst-9","RIMBP2",0.0391368414216375,0.0777164930668785,0.614553204998052,-0.113184685994201,0.191458368837476,5,0,0,0.999626430124647
"Sst-9","RAD9A",0.0241627039759619,0.0957537823378861,0.800776702458645,-0.163511260789783,0.211836668741706,5,0,0,0.999626430124647
"Sst-9","GPRC5B",0.333379341391968,0.347302461575165,0.337100171568871,-0.347320975037462,1.0140796578214,5,0.443642306643857,78.3915269869371,0.999626430124647
"Sst-9","GFM1",-0.0590557486947678,0.108088229991386,0.584814282300783,-0.270904786630566,0.15279328924103,5,0,0,0.999626430124647
"Sst-9","ALKBH3",0.137037018541538,0.161363702705868,0.39574600951352,-0.179230027173992,0.453304064257069,5,0,0,0.999626430124647
"Sst-9","TRPM7",-0.167416884827719,0.123409610205772,0.174909867797151,-0.40929527617716,0.074461506521721,5,0.032175644991341,44.0144250991021,0.999626430124647
"Sst-9","FBXL7",0.108108059644201,0.213241423691754,0.612172396643518,-0.309837450803682,0.526053570092084,5,0,0,0.999626430124647
"Sst-9","SRSF10",0.167414167898915,0.134341947292052,0.212698538371456,-0.0958912104064853,0.430719546204315,5,0.0257719149549496,28.3247173906949,0.999626430124647
"Sst-9","PMPCA",-0.212319128076774,0.177829881488376,0.232499416702793,-0.560859291169017,0.136221035015469,5,0,0,0.999626430124647
"Sst-9","GABRB1",0.0437380383743821,0.108587497148482,0.687102173572055,-0.169089545207989,0.256565621956753,5,0.0271754486187529,48.0502261543633,0.999626430124647
"Sst-9","TMX3",0.018188118608438,0.165767303862125,0.912630816364592,-0.306709826775635,0.343086063992511,5,0.0500058229192922,37.5178564847506,0.999626430124647
"Sst-9","GPRIN3",0.0465223099024964,0.206169514498494,0.821473049546326,-0.357562513224661,0.450607133029654,5,0.0982897987545364,48.3940683434377,0.999626430124647
"Sst-9","CABIN1",-0.0496202617484422,0.11360271865417,0.662265373983071,-0.272277498856451,0.173036975359567,5,0.00431061053410134,5.6524252887775,0.999626430124647
"Sst-9","PSMC2",-0.0316960485720788,0.136349813130572,0.816179777640881,-0.298936771606766,0.235544674462608,5,0,0,0.999626430124647
"Sst-9","RBBP8",-0.234713187926576,0.213741364681278,0.272153072533362,-0.653638564708323,0.184212188855171,5,0.0782626237926961,34.8180635592657,0.999626430124647
"Sst-9","NXPE3",0.043440200416326,0.115150630650054,0.705990245787325,-0.182250888454854,0.269131289287506,5,0.00508637819945262,5.87901796785513,0.999626430124647
"Sst-9","ABCA6",-0.127042816350328,0.0948147524152134,0.18027604197442,-0.312876316287229,0.0587906835865721,5,0,0,0.999626430124647
"Sst-9","YTHDF1",-0.00843465573373735,0.142286405977608,0.952729552109586,-0.287310886939493,0.270441575472018,5,0,0,0.999626430124647
"Sst-9","CD81",0.0503050702298772,0.160327038235214,0.753699258438344,-0.263930150459118,0.364540290918872,5,0,0,0.999626430124647
"Sst-9","CPSF3",-0.0237261902318191,0.163680901503097,0.88474724463987,-0.344534862134937,0.297082481671299,5,0.0014176140056957,0.782779191601323,0.999626430124647
"Sst-9","MED1",0.138130028552111,0.241621487797193,0.567539189020158,-0.335439385421372,0.611699442525593,5,0.109289285299513,38.9990427591483,0.999626430124647
"Sst-9","EIF4G1",0.244254525308047,0.232846750432119,0.294181510084872,-0.212116719456094,0.700625770072187,5,0.110933352750486,42.832702125925,0.999626430124647
"Sst-9","TRUB1",-0.411115991247479,0.260409336863514,0.114398036838332,-0.921508912737925,0.0992769302429665,5,0.165459714227586,52.7099466031756,0.999626430124647
"Sst-9","MPV17",0.157388024889075,0.135864943774239,0.246694612521393,-0.108902371669992,0.423678421448143,5,1.2061271000452e-06,0.000952364760708495,0.999626430124647
"Sst-9","NAP1L3",-0.04741879929328,0.249032139311423,0.848986006900934,-0.53551282333663,0.44067522475007,5,0.176356302721879,61.3502223368623,0.999626430124647
"Sst-9","GLUD1",-0.0736906570482407,0.14396171382547,0.608737257174509,-0.355850431298824,0.208469117202343,5,0.0290330486002528,27.2418068072109,0.999626430124647
"Sst-9","LSM12",-0.00680382370791807,0.164865205997434,0.967081439065609,-0.329933689766665,0.316326042350829,5,0.0055025671554254,3.25464389411771,0.999626430124647
"Sst-9","ARID2",0.012288452888588,0.102711063821641,0.904767551225134,-0.189021533015623,0.213598438792798,5,0,0,0.999626430124647
"Sst-9","EED",-0.113280786905746,0.120296927535207,0.346358301893784,-0.349058432325578,0.122496858514085,5,0,0,0.999626430124647
"Sst-9","RFX7",0.0607817211122259,0.0865172131519947,0.48234305502805,-0.108788900708459,0.230352342932911,5,0.00710782659666269,17.6453167364288,0.999626430124647
"Sst-9","BRAF",-0.0145422279151119,0.06280082547829,0.816878927888814,-0.137629584051946,0.108545128221722,5,0,0,0.999626430124647
"Sst-9","GOPC",-0.0860627508308384,0.131615235581061,0.513178445264749,-0.344023872386473,0.171898370724797,5,0.00677932684145035,6.74633599502832,0.999626430124647
"Sst-9","CBX3",-0.18916013236497,0.205086218483401,0.356348943006669,-0.591121734317948,0.212801469588008,5,0.0831172762752442,41.4592472163376,0.999626430124647
"Sst-9","ANKRD44",-0.0222966523540004,0.068004472429679,0.743009668699542,-0.155582969103818,0.110989664395817,5,0,0,0.999626430124647
"Sst-9","ZNF248",0.00506035538521604,0.0806899631079798,0.949994593977971,-0.15308906622029,0.163209776990722,5,0,0,0.999626430124647
"Sst-9","DTNB",-0.022595461238567,0.0817040836505818,0.782123811165808,-0.182732522583555,0.137541600106421,5,0.00866812460006522,24.7275941265968,0.999626430124647
"Sst-9","SYTL2",0.411638534015704,0.161104894310771,0.0106158395754702,0.0958787434334605,0.727398324597947,5,0,0,0.999626430124647
"Sst-9","MPG",0.0188137903047106,0.184721325619639,0.918876067331828,-0.343233355086278,0.380860935695699,5,0,0,0.999626430124647
"Sst-9","METTL8",-0.0664902721219368,0.160192355124708,0.678094173054389,-0.380461518765014,0.24748097452114,5,0,0,0.999626430124647
"Sst-9","INO80D",-0.0462145246903341,0.0928893974633781,0.618820948126832,-0.228274398264181,0.135845348883513,5,0.00202189154591207,3.56326160181966,0.999626430124647
"Sst-9","NSMF",0.109963487524773,0.157873009431871,0.486096182269372,-0.199461925092646,0.419388900142192,5,0,0,0.999626430124647
"Sst-9","LPCAT1",0.0269224241858447,0.170461036711616,0.874504965518801,-0.307175068536283,0.361019916907973,5,0.0160680333860591,9.26103430723308,0.999626430124647
"Sst-9","TMEM8B",-0.0564819154235675,0.149401866260331,0.705390766383645,-0.349304192516887,0.236340361669752,5,0.00939115857842776,6.71413865781424,0.999626430124647
"Sst-9","SRSF8",0.0496128873078436,0.162705768474521,0.760424066462768,-0.269284558979129,0.368510333594817,5,0,0,0.999626430124647
"Sst-9","RBM19",0.0398870954368219,0.151647490257289,0.792531237391295,-0.257336523813354,0.337110714686998,5,0,0,0.999626430124647
"Sst-9","SAFB2",0.0190546381778974,0.0935070145107335,0.838527271600207,-0.164215742565004,0.202325018920799,5,0,0,0.999626430124647
"Sst-9","STXBP5",-0.0942403182193044,0.120824603024664,0.435404867240034,-0.331052188593995,0.142571552155386,5,0.0427275985018918,61.6133643370164,0.999626430124647
"Sst-9","EP400",-0.0724847135841815,0.0916132321118936,0.428825225911414,-0.252043349030801,0.107073921862438,5,0,0,0.999626430124647
"Sst-9","NR1D2",-0.194840933419324,0.140294588127251,0.164893988435539,-0.469813273374616,0.0801314065359676,5,0.0379192702456292,39.6934391515417,0.999626430124647
"Sst-9","JAKMIP3",-0.0250618430044081,0.120171221469464,0.834798670857326,-0.260593109062745,0.210469423053929,5,0.0136172180906665,17.0652684623364,0.999626430124647
"Sst-9","PRRT1",0.0950175118596201,0.189742935031107,0.616533215358295,-0.276871807122272,0.466906830841513,5,0.0282033837297148,14.8807084763559,0.999626430124647
"Sst-9","HEATR3",-0.187924368893272,0.262984187951601,0.474865955817779,-0.703363905781921,0.327515167995378,5,0.153615713181193,47.6205508546703,0.999626430124647
"Sst-9","HS6ST1",0.0576389466793499,0.131852967304339,0.662005746940782,-0.200788120491891,0.316066013850591,5,0,0,0.999626430124647
"Sst-9","MICU2",0.0380534406743201,0.0741366008975889,0.607749753501409,-0.107251627021174,0.183358508369814,5,0,0,0.999626430124647
"Sst-9","NDUFC1",0.129044954007112,0.166394631163394,0.43802325945874,-0.197082530293966,0.45517243830819,5,0,0,0.999626430124647
"Sst-9","HNRNPH2",0.172145663414519,0.203210113309116,0.396921896876866,-0.226138839965652,0.57043016679469,5,0.00908077283620924,3.97962645222183,0.999626430124647
"Sst-9","CLMN",-0.0612956865567847,0.119173832969007,0.607015371900069,-0.294872107075631,0.172280733962062,5,0,0,0.999626430124647
"Sst-9","DYM",-0.0607520832475333,0.0995563935599964,0.541710888504751,-0.255879029055822,0.134374862560755,5,0.0177964070311662,36.5020406001665,0.999626430124647
"Sst-9","PDAP1",0.0182222579984572,0.163968820310767,0.911511310574496,-0.303150724398167,0.339595240395081,5,0,0,0.999626430124647
"Sst-9","C6orf136",0.0267550064989249,0.171751757649205,0.876208649407676,-0.30987225277497,0.363382265772819,5,0,0,0.999626430124647
"Sst-9","B3GALNT2",0.110347736072262,0.169179639220055,0.514238703238095,-0.221238263716526,0.44193373586105,5,0.0635936818698047,46.7023383898704,0.999626430124647
"Sst-9","RPAP2",-0.17928925845052,0.136355165536818,0.188553739831656,-0.44654047200868,0.0879619551076404,5,0.0468807323434957,53.8537448365392,0.999626430124647
"Sst-9","LRRC41",-0.044391130015811,0.133953055394434,0.740347509976164,-0.306934294208,0.218152034176378,5,0,0,0.999626430124647
"Sst-9","HSPD1",0.0874421942804031,0.157537001291832,0.578854896353748,-0.221324654484028,0.396209043044834,5,0,0,0.999626430124647
"Sst-9","SLC16A1-AS1",-0.0224312936313772,0.160561442949739,0.888892794022235,-0.337125939118647,0.292263351855893,5,0.0572988322300127,46.6896918783721,0.999626430124647
"Sst-9","ATF7IP",0.0192650209619563,0.0835119959238998,0.817559004845646,-0.144415483325943,0.182945525249856,5,1.11085122135267e-07,0.000204566212538371,0.999626430124647
"Sst-9","PRKCI",0.0139339867736398,0.0895790567504814,0.876388051720364,-0.161637738226373,0.189505711773653,5,0,0,0.999626430124647
"Sst-9","PICALM",0.030108617460904,0.0637798863704972,0.63687630455899,-0.0948976627633275,0.155114897685135,5,1.26247612697634e-07,0.000364326514763137,0.999626430124647
"Sst-9","MBD2",-0.0757691299987914,0.165599065279433,0.647278906870329,-0.400337333819978,0.248799073822395,5,0.0572792163610047,44.4237991597717,0.999626430124647
"Sst-9","PGRMC2",0.135164758331274,0.185171703185198,0.465425126568831,-0.227765110867655,0.498094627530204,5,0,0,0.999626430124647
"Sst-9","ADGRA1",-0.020766627055586,0.227271685449039,0.92719575568452,-0.466210945241418,0.424677691130246,5,0.108368125217841,43.6446082368534,0.999626430124647
"Sst-9","ARID1B",0.0201828803924338,0.0677565084258062,0.765799578202502,-0.112617435840331,0.152983196625199,5,0.00323759739254596,12.6096644525249,0.999626430124647
"Sst-9","PTPN9",-0.103262257288109,0.127681841408943,0.418660907947926,-0.353514067929393,0.146989553353175,5,0,0,0.999626430124647
"Sst-9","ELP4",-0.117376442338686,0.17242657692787,0.496040519860115,-0.455326323094836,0.220573438417465,5,0.0717674052136495,50.8583349144922,0.999626430124647
"Sst-9","POGK",-0.0635190337141278,0.150686240287421,0.673366835942395,-0.358858637643222,0.231820570214966,5,5.57819255447569e-06,0.00332862791659222,0.999626430124647
"Sst-9","ZBTB41",-0.0276830055382581,0.159137224585756,0.861899397368698,-0.339586234326002,0.284220223249486,5,0.0370826603192682,28.9957227021749,0.999626430124647
"Sst-9","DAAM2",-0.0560571373303987,0.239879160596895,0.815226375729206,-0.526211652742013,0.414097378081216,5,0.103184587600339,36.4907940354344,0.999626430124647
"Sst-9","ANKRD36C",-0.0022641688463121,0.0565061195901589,0.968037761654791,-0.113014128149137,0.108485790456513,5,2.86473996522512e-07,0.00123317948985815,0.999626430124647
"Sst-9","HSF4",0.0849072062098496,0.138486710373381,0.539805426472685,-0.186521758459406,0.356336170879105,5,1.49110326733286e-07,0.000115640104286989,0.999626430124647
"Sst-9","TMEM94",-0.251668130059292,0.280983319119067,0.370429416580177,-0.802385315789189,0.299049055670604,5,0.214138532139438,58.2734589765549,0.999626430124647
"Sst-9","NOL4L",0.00750966069479703,0.124618597932972,0.951947639200301,-0.236738303057705,0.251757624447299,5,0,0,0.999626430124647
"Sst-9","STXBP5-AS1",-0.0916339406265625,0.157597235885604,0.560941363829916,-0.400518847025409,0.217250965772284,5,0.0732308474844301,62.1902885731363,0.999626430124647
"Sst-9","EPG5",-0.10393149590578,0.0968800170229513,0.283367282802361,-0.293812840092392,0.0859498482808318,5,2.91316418365909e-06,0.00416303714752104,0.999626430124647
"Sst-9","MLXIP",-0.0899477332262501,0.132726623209985,0.497967179081224,-0.350087134507438,0.170191668054938,5,0.0140752953616704,13.3235115977921,0.999626430124647
"Sst-9","COBL",0.382654726931123,0.12852540857485,0.00290828623120552,0.130749555026121,0.634559898836125,5,0,0,0.999626430124647
"Sst-9","ZMYM4",0.0342756536582095,0.106504314005514,0.747585965199741,-0.174468965990742,0.243020273307161,5,0.020866014629016,37.626580874821,0.999626430124647
"Sst-9","ZDHHC8",-0.187596415997342,0.180964866038326,0.299901094969391,-0.542281035899577,0.167088203904893,5,0,0,0.999626430124647
"Sst-9","FBXO41",-0.116447035592262,0.13333540279354,0.382478213610862,-0.377779622931742,0.144885551747218,5,3.16655739609784e-07,0.000262724045242573,0.999626430124647
"Sst-9","RPLP0",0.329922574649556,0.251103709902862,0.18888332997381,-0.162231653144447,0.822076802443559,5,0.110396847797147,35.7276090013107,0.999626430124647
"Sst-9","ACACA",0.067595200429059,0.0845910599279895,0.424242817608833,-0.0982002304438698,0.233390631301988,5,0.00537616067711633,12.9457413346701,0.999626430124647
"Sst-9","SORBS2",-0.022312477460001,0.16582904261456,0.892966819018958,-0.347331428575296,0.302706473655294,5,0.0891710657032755,68.9667161156914,0.999626430124647
"Sst-9","RAB31",-0.302123963887778,0.23796681248609,0.204225204352394,-0.768530345876312,0.164282418100755,5,0.180183842122401,67.9972126787983,0.999626430124647
"Sst-9","DAB2IP",-0.24272895051044,0.113275299801367,0.0321272905016683,-0.464744458459097,-0.0207134425617829,5,0,0,0.999626430124647
"Sst-9","GOLGA7B",-0.178600403386066,0.166434877327401,0.283228578520197,-0.504806768719114,0.147605961946982,5,0.0228032742019795,15.7579590373118,0.999626430124647
"Sst-9","WDR12",0.544285633047968,0.213708349629663,0.0108696468984836,0.125424964578334,0.963146301517601,5,0.120211737199486,54.5552014180689,0.999626430124647
"Sst-9","CYFIP1",0.038204608566614,0.202899901317351,0.850647059531627,-0.359471890482125,0.435881107615353,5,0.133408755643126,70.6183425922552,0.999626430124647
"Sst-9","FIG4",0.0221447133904366,0.171233359815936,0.89710067924309,-0.313466504800585,0.357755931581458,5,0.0585575601213361,41.8926078081651,0.999626430124647
"Sst-9","NDUFB7",0.0149189690167471,0.189572611803511,0.937272905073879,-0.356636522573326,0.38647446060682,5,0,0,0.999626430124647
"Sst-9","DDRGK1",-0.0763777684302922,0.252511335788638,0.762291793212278,-0.571290892264123,0.418535355403538,5,0.0973241977874613,30.7809133544623,0.999626430124647
"Sst-9","PPP4R3A",-0.136922773038006,0.101680909087859,0.178111436613095,-0.336213692765502,0.0623681466894899,5,0,0,0.999626430124647
"Sst-9","HACD1",0.0542505596497346,0.143222294513976,0.704846993929319,-0.226459979380847,0.334961098680316,5,0,0,0.999626430124647
"Sst-9","RFFL",0.069302408593755,0.281264728002089,0.805375964685807,-0.481966328411793,0.620571145599303,5,0.14836548212347,38.8781965539676,0.999626430124647
"Sst-9","SAR1B",0.169303457357569,0.249706687170193,0.497765793598097,-0.32011265619482,0.658719570909958,5,0.171660976419453,58.9032281984232,0.999626430124647
"Sst-9","USP5",-0.0252954263967521,0.219424394530471,0.908222532231012,-0.455359337005982,0.404768484212478,5,0.04887073382646,20.1289749823332,0.999626430124647
"Sst-9","ACO2",-0.165081279786432,0.0967286757828554,0.0878885000370789,-0.35466600059308,0.0245034410202164,5,5.77229132824793e-06,0.00983230650234578,0.999626430124647
"Sst-9","RAPGEF6",0.199758926205987,0.124719546196674,0.109229718955325,-0.0446868925076737,0.444204744919649,5,0,0,0.999626430124647
"Sst-9","KCNIP4",0.145127316888606,0.219000687808745,0.507535693842906,-0.284106143806035,0.574360777583246,5,0.183399375913741,77.3814199029698,0.999626430124647
"Sst-9","CLVS2",-0.0763638026275445,0.11098387955686,0.491413668033882,-0.293888209423522,0.141160604168433,5,0.0239333713435583,40.107233798808,0.999626430124647
"Sst-9","DNAJC27",0.152747972342745,0.148549931173708,0.303827477762075,-0.138404542663627,0.443900487349117,5,0,0,0.999626430124647
"Sst-9","CCZ1",-0.388052738307404,0.174481614654888,0.0261462744043613,-0.73003041899538,-0.0460750576194279,5,0,0,0.999626430124647
"Sst-9","TRMT10B",0.17138409194729,0.149119263157611,0.250428641560556,-0.120884293242779,0.463652477137358,5,0,0,0.999626430124647
"Sst-9","ATP6V1F",0.0838823475411995,0.190457545789224,0.659629006126514,-0.289407582789569,0.457172277871968,5,0,0,0.999626430124647
"Sst-9","SCRT1",0.155807843190292,0.224553593224766,0.487772560746497,-0.284309112129306,0.595924798509891,5,0.0680430079848484,26.9235654033894,0.999626430124647
"Sst-9","SECISBP2L",0.0536909275482661,0.119991403944466,0.654545525873693,-0.181487902637285,0.288869757733817,5,0.0223239582244538,30.9276046655348,0.999626430124647
"Sst-9","IFNGR1",0.0614465270235512,0.235226618500659,0.793920791233164,-0.399589173442884,0.522482227489986,5,0.120399711834959,46.3742711483652,0.999626430124647
"Sst-9","RBX1",0.00473420756921762,0.185039560825156,0.979588477989404,-0.357936667363197,0.367405082501632,5,0.0835397756601664,52.0227695844792,0.999626430124647
"Sst-9","TMEM131",-0.0462854008564595,0.115170187929509,0.687767193431588,-0.272014821291007,0.179444019578088,5,0.0267234104117117,41.8166773857492,0.999626430124647
"Sst-9","ATXN2",-0.0179052247983699,0.0626454636124138,0.775017231452022,-0.140688077273515,0.104877627676776,5,0,0,0.999626430124647
"Sst-9","PFKP",-0.0684574601578132,0.166537583279109,0.681026244841483,-0.394865125457207,0.257950205141581,5,0.0327897294936608,22.8990307484616,0.999626430124647
"Sst-9","ZDHHC11B",-0.328578410228702,0.229503465705217,0.152231819247514,-0.778396937338051,0.121240116880647,5,0.129502523264615,51.4754508537362,0.999626430124647
"Sst-9","TBC1D23",-0.0550401765446457,0.160447264465048,0.731566741516786,-0.369511036314113,0.259430683224822,5,0.046419618889056,36.716193765207,0.999626430124647
"Sst-9","CPNE5",0.2696282993333,0.153020697976698,0.0780628611020856,-0.0302867575902102,0.56954335625681,5,0,0,0.999626430124647
"Sst-9","CELSR2",-0.121093158993026,0.168176381509695,0.471502428009742,-0.450712809802297,0.208526491816245,5,0,0,0.999626430124647
"Sst-9","KDM1A",-0.14862689789955,0.086729001854847,0.0865850924070284,-0.318612617950158,0.0213588221510573,5,0,0,0.999626430124647
"Sst-9","USPL1",-0.0124419221280487,0.12489444108288,0.920646409820352,-0.257230528519753,0.232346684263655,5,2.90601560892649e-06,0.00263819180907328,0.999626430124647
"Sst-9","IMMT",0.136519602477079,0.207158924349128,0.509889967927751,-0.26950442832327,0.542543633277428,5,0.11983270581049,59.8270051838696,0.999626430124647
"Sst-9","PELP1",0.0441258667230734,0.138778374778212,0.750515854577011,-0.227874749675223,0.31612648312137,5,4.06575011730627e-06,0.0030646679360298,0.999626430124647
"Sst-9","SLC39A9",-0.0913788842974787,0.114541152829814,0.424996936114407,-0.315875418591612,0.133117649996655,5,0,0,0.999626430124647
"Sst-9","MFF",0.0510974095791395,0.107997321823076,0.636116228859281,-0.160573451620872,0.262768270779151,5,0,0,0.999626430124647
"Sst-9","SMC5",-0.00456031937446215,0.0771702570602125,0.952877029070692,-0.155811243890176,0.146690605141252,5,0,0,0.999626430124647
"Sst-9","NAPA",-0.00214087354862107,0.259090421211809,0.993407125956463,-0.509948767863078,0.505667020765836,5,0.12772294759988,39.0819280562577,0.999626430124647
"Sst-9","ACYP1",0.145972298137457,0.168911121976026,0.387480287182376,-0.185087417523807,0.47703201379872,5,0,0,0.999626430124647
"Sst-9","RIOK3",-0.0710098254957638,0.124841368397539,0.569491574830563,-0.315694411335638,0.17367476034411,5,1.60374362006515e-06,0.00143067277406019,0.999626430124647
"Sst-9","NUS1",0.363069111914828,0.168431588471008,0.0311158499440176,0.0329492646527798,0.693188959176876,5,0.0445549980148724,31.349100298683,0.999626430124647
"Sst-9","FDPS",-0.0969410194677363,0.133378078823561,0.467340068729965,-0.358357250289061,0.164475211353588,5,0,0,0.999626430124647
"Sst-9","ANP32A",0.036371614695337,0.155273389704816,0.814796783887371,-0.267958636883556,0.34070186627423,5,0.0180136649867283,12.9182437572053,0.999626430124647
"Sst-9","RASGRP2",-0.272621129200474,0.183972368323257,0.138377788212646,-0.633200345264595,0.0879580868636461,5,0.0435113488167434,25.0382169254198,0.999626430124647
"Sst-9","EVI5",0.000546333179012392,0.0807147678143196,0.994599408610571,-0.157651704757567,0.158744371115592,5,0.00420121823059537,10.5617030172249,0.999626430124647
"Sst-9","KIAA1191",0.368208997605611,0.13539809571046,0.00653896366024471,0.102833606437803,0.633584388773419,5,0,0,0.999626430124647
"Sst-9","TM2D1",-0.0269831580275696,0.101539012180079,0.790438082655928,-0.225995964926297,0.172029648871158,5,0.00120876461962853,1.54350004487881,0.999626430124647
"Sst-9","PIR",-0.150054934104957,0.212572168929811,0.480249625234261,-0.566688729322951,0.266578861113038,5,0.0956371309614578,44.9931367073695,0.999626430124647
"Sst-9","NRG1",-0.155189121252967,0.209673455710244,0.459210970475852,-0.566141542959099,0.255763300453165,5,0.0781589847535623,35.8919363155223,0.999626430124647
"Sst-9","SLC12A6",-0.170731755514884,0.193544675307225,0.377705976802838,-0.550072348516544,0.208608837486776,5,0.0886591550522448,50.2528164556911,0.999626430124647
"Sst-9","CCT6A",0.0887910981100638,0.163483262887258,0.587046895205968,-0.231630209224056,0.409212405444183,5,0,0,0.999626430124647
"Sst-9","TMEM33",0.142708253654369,0.152030047126691,0.347892737341024,-0.155265163281873,0.440681670590611,5,0.0136132677359014,9.84743160563456,0.999626430124647
"Sst-9","GNL1",-0.0381791724725334,0.229701002082276,0.867989740981645,-0.488384863766554,0.412026518821487,5,0.135326804585858,54.6248146814406,0.999626430124647
"Sst-9","SLC9A1",-0.174272575045904,0.177670636332161,0.326654693599354,-0.522500623367253,0.173955473275446,5,0,0,0.999626430124647
"Sst-9","PMS2",0.0858797676862032,0.178630268402222,0.630681193596317,-0.264229124930875,0.435988660303281,5,0,0,0.999626430124647
"Sst-9","TBC1D4",0.0129220477305601,0.0835776723339747,0.877127806671926,-0.15088717995572,0.17673127541684,5,0,0,0.999626430124647
"Sst-9","MED21",-0.0249648448952457,0.149730135871438,0.867580716016171,-0.318430518603554,0.268500828813062,5,0,0,0.999626430124647
"Sst-9","GGA1",-0.0780698931767727,0.137604491758654,0.570476488130032,-0.347769741134673,0.191629954781128,5,0,0,0.999626430124647
"Sst-9","ZC3H7A",0.123439705149116,0.14005071175873,0.37810519085103,-0.151054645907195,0.397934056205427,5,0.0251524369957147,24.4343606283413,0.999626430124647
"Sst-9","BPHL",0.218229644572326,0.188816506735122,0.247772667256387,-0.151843908315177,0.588303197459829,5,0.0322724310447072,16.766295858618,0.999626430124647
"Sst-9","DTD1",-0.121865462736273,0.139637857729082,0.382812935622493,-0.395550634763603,0.151819709291056,5,0,0,0.999626430124647
"Sst-9","DDX50",0.0514556387998717,0.187064921890707,0.783263729505935,-0.315184870876712,0.418096148476456,5,0.0851496123125791,52.2981625204873,0.999626430124647
"Sst-9","SCARB2",0.00330225867836204,0.0856364670119911,0.969240109200206,-0.164542132428393,0.171146649785117,5,0,0,0.999626430124647
"Sst-9","LRCH2",-0.0134735725354785,0.12322047852857,0.912928667044203,-0.254981272609266,0.228034127538309,5,0,0,0.999626430124647
"Sst-9","MYEF2",0.103964576045802,0.0747702162783331,0.164390937775132,-0.0425823549760015,0.250511507067605,5,7.35086949085098e-06,0.0171297990023502,0.999626430124647
"Sst-9","REEP3",-0.0143497913386149,0.210891341154307,0.945750982478608,-0.427689224652407,0.398989641975177,5,0.0874506040103142,40.5171639851604,0.999626430124647
"Sst-9","CMYA5",-0.00708878694066256,0.141952741537701,0.960172070891869,-0.285311047861279,0.271133473979954,5,0,0,0.999626430124647
"Sst-9","LY6H",0.314009415238998,0.155035596114142,0.0428260964374767,0.010145230533582,0.617873599944414,5,0.0478800908522257,41.5101338097555,0.999626430124647
"Sst-9","PDE3B",-0.0589254278323976,0.11421133212962,0.60590100544104,-0.282775525432795,0.164924669768,5,0.0270331310499819,42.6563215340492,0.999626430124647
"Sst-9","DDI2",-0.25987048350872,0.119664001773194,0.0298807138106106,-0.494407617230116,-0.0253333497873228,5,0,0,0.999626430124647
"Sst-9","GPD2",-0.115765634979065,0.251134997453131,0.644820313871224,-0.607981185244759,0.376449915286629,5,0.195898606546157,66.8113626506103,0.999626430124647
"Sst-9","NDUFB1",-0.0893886169040315,0.204377045959712,0.661842227138116,-0.489960266251754,0.311183032443691,5,0.072995495192778,35.8223616431263,0.999626430124647
"Sst-9","COG7",-0.487449550008084,0.199265830807439,0.0144359888023915,-0.878003401740116,-0.0968956982760517,5,0.0814805962788722,42.6180779050022,0.999626430124647
"Sst-9","ACOX3",0.115668018945147,0.127482837401644,0.364236394459892,-0.13419375100905,0.365529788899345,5,0,0,0.999626430124647
"Sst-9","PRNP",0.0184692930892366,0.122231443210571,0.879896045036407,-0.221099933381834,0.258038519560308,5,0.0319078000861939,44.5768091487964,0.999626430124647
"Sst-9","RIN2",-0.178946408076171,0.101504298923745,0.0779099129140799,-0.377891178242698,0.0199983620903572,5,0,0,0.999626430124647
"Sst-9","RHPN1",-0.125782822590316,0.194365261231707,0.517537052667691,-0.506731734450181,0.255166089269548,5,0.0284868437751482,14.1546836208613,0.999626430124647
"Sst-9","ZNF717",-0.130362677877017,0.101983037836126,0.201151407442781,-0.33024575906981,0.0695204033157753,5,0,0,0.999626430124647
"Sst-9","PRPF39",-0.15096144266708,0.147752765629095,0.306915086242685,-0.440551541916294,0.138628656582134,5,0.0234674383990676,19.7233716451712,0.999626430124647
"Sst-9","PUM2",0.0788891224918652,0.0666068566940603,0.236254989375882,-0.0516579177519134,0.209436162735644,5,5.55045053548317e-08,0.000162390755064077,0.999626430124647
"Sst-9","ZNF236",-0.148924653529631,0.116565982450416,0.201390638731173,-0.377389780954975,0.0795404738957129,5,0,0,0.999626430124647
"Sst-9","ARL14EP",0.0798990744992442,0.163333783365559,0.624716632551639,-0.240229258355919,0.400027407354407,5,0.0164153191319084,11.3734177293343,0.999626430124647
"Sst-9","DNAJC2",0.102535240371251,0.133211456250498,0.441467258482173,-0.158554416207859,0.363624896950361,5,0,0,0.999626430124647
"Sst-9","MYADM",-0.0077745898551768,0.209550575051073,0.970404269338672,-0.418486169894937,0.402936990184583,5,0,0,0.999626430124647
"Sst-9","HDAC7",-0.0247253575362349,0.130384995364686,0.849596367251018,-0.280275252575441,0.230824537502971,5,0,0,0.999626430124647
"Sst-9","ARID4A",-0.134531112918003,0.120251393182865,0.263247280563382,-0.370219512647184,0.101157286811179,5,0.0258302231160703,36.2641029960158,0.999626430124647
"Sst-9","MAPK1IP1L",0.050990698923231,0.10999159451379,0.642943503269047,-0.164588864925931,0.266570262772393,5,0,0,0.999626430124647
"Sst-9","ILKAP",0.186634644739654,0.105735354486204,0.0775451004790947,-0.0206028419458817,0.39387213142519,5,0,0,0.999626430124647
"Sst-9","ARFGAP2",-0.0737577244088145,0.141736120195809,0.602793426410163,-0.351555415301041,0.204039966483412,5,0,0,0.999626430124647
"Sst-9","WDR41",0.121040125518931,0.112128284112607,0.280374260278356,-0.0987272729900539,0.340807524027916,5,0,0,0.999626430124647
"Sst-9","ZNF431",-0.141948899756064,0.146729200904053,0.333333652014349,-0.429532849008349,0.145635049496221,5,0,0,0.999626430124647
"Sst-9","MAP1LC3B",0.0869028519485033,0.127000121602881,0.493802307203473,-0.162012812425351,0.335818516322357,5,0,0,0.999626430124647
"Sst-9","SQLE",-0.109678329909769,0.181962555100345,0.546673551710689,-0.46631838444133,0.246961724621792,5,2.1779433643329e-07,0.000108458162705676,0.999626430124647
"Sst-9","EFHD2",0.0995998232618812,0.222261495388678,0.654066588402345,-0.336024702849942,0.535224349373704,5,0.154003454875539,66.1053340850042,0.999626430124647
"Sst-9","AKR1E2",0.0943942173796501,0.166092263269856,0.569814993791456,-0.231140636740013,0.419929071499313,5,0.0144400419953062,8.80748187300682,0.999626430124647
"Sst-9","PDE2A",0.132091725666119,0.0958763614106765,0.168286709584396,-0.0558224896675529,0.320005940999791,5,0,0,0.999626430124647
"Sst-9","CELF5",0.032426215055412,0.0806111501240914,0.687496579910671,-0.125568735940159,0.190421166050983,5,5.06966253578054e-06,0.0129157068145961,0.999626430124647
"Sst-9","RNF2",0.0710926556839715,0.122953573580335,0.563124160522152,-0.16989192030398,0.312077231671923,5,0,0,0.999626430124647
"Sst-9","CDK5R2",-0.0238772424625808,0.193112671113045,0.901597073440843,-0.402371122802477,0.354616637877315,5,0.00584667994380789,2.88307157313375,0.999626430124647
"Sst-9","MIAT",-0.0195469855966251,0.117066717685642,0.867391262990965,-0.248993536048802,0.209899564855552,5,0.0242551782624078,36.7781858133066,0.999626430124647
"Sst-9","TYW1",0.0414877837369301,0.104298296366442,0.690792308703629,-0.162933120790181,0.245908688264041,5,0,0,0.999626430124647
"Sst-9","PSMD5",0.0451051463443939,0.183746708231745,0.806088987042711,-0.315031784067616,0.405242076756404,5,0.0586611964284754,35.2945427608691,0.999626430124647
"Sst-9","RANGAP1",-0.0757412303909362,0.125467962786852,0.546063141256422,-0.321653918666777,0.170171457884905,5,0,0,0.999626430124647
"Sst-9","PKP4",-0.0591282052913874,0.084098700834365,0.482005223140161,-0.223958630073351,0.105702219490577,5,0.00503037987561869,12.9467661438766,0.999626430124647
"Sst-9","DPYSL5",-0.0770542066572188,0.0980627505111897,0.432005596149097,-0.269253665884087,0.11514525256965,5,0.000394515958736557,0.508146166150889,0.999626430124647
"Sst-9","MID1",0.0840037050359127,0.123076528754453,0.494902432117655,-0.157221858665024,0.325229268736849,5,1.37045509161645e-06,0.00136975195059476,0.999626430124647
"Sst-9","IFT172",0.0506220428220447,0.0978141732815573,0.604784279464057,-0.141090213987368,0.242334299631457,5,0,0,0.999626430124647
"Sst-9","RNF146",0.056392188918401,0.103963679485407,0.587527814447989,-0.147372878573263,0.260157256410065,5,0,0,0.999626430124647
"Sst-9","ARSB",0.0422935811815649,0.10761241357872,0.69430642281083,-0.168622873722155,0.253210036085285,5,0,0,0.999626430124647
"Sst-9","MXRA7",-0.060253819533483,0.129247528434338,0.641079981435675,-0.313574320355603,0.193066681288637,5,0,0,0.999626430124647
"Sst-9","NAA40",-0.0484598654840914,0.171012674037283,0.776893204711005,-0.383638547497054,0.286718816528871,5,0,0,0.999626430124647
"Sst-9","SF3B2",-0.0546682538462775,0.126728784020249,0.666192141410317,-0.30305210633052,0.193715598637965,5,0,0,0.999626430124647
"Sst-9","DIAPH1",-0.288485401985873,0.109758487418758,0.00857963215015602,-0.503608084324232,-0.0733627196475138,5,0,0,0.999626430124647
"Sst-9","GPR162",0.0206246302347582,0.137515791458658,0.880780326574614,-0.248901368329732,0.290150628799248,5,6.08395435910397e-06,0.00525562465429715,0.999626430124647
"Sst-9","MANBA",-0.0221842841698927,0.102733374481902,0.829034219011685,-0.223537998164686,0.179169429824901,5,0,0,0.999626430124647
"Sst-9","FUT8",-0.0815823077392575,0.130463534199987,0.531756778174929,-0.337286136067042,0.174121520588527,5,0.0456976067688089,57.4434653055404,0.999626430124647
"Sst-9","RPL35",0.173321244601707,0.155335282682927,0.264512890998744,-0.131130314985178,0.477772804188593,5,1.85299633944296e-06,0.00132300808441259,0.999626430124647
"Sst-9","APOO",0.176514116874137,0.155339364761057,0.255825653156383,-0.127945443438866,0.48097367718714,5,0.0280684408038448,22.4721151400595,0.999626430124647
"Sst-9","TANK",-0.0279843328252081,0.18024871019838,0.87662108036419,-0.381265313073831,0.325296647423414,5,0.0843315273478321,55.8122339043356,0.999626430124647
"Sst-9","TSPAN7",-0.0530788265993546,0.105168072215039,0.613766217624472,-0.259204460464339,0.15304680726563,5,0.00818180592303486,14.2726107502182,0.999626430124647
"Sst-9","TBCK",-0.0478783119937067,0.138585013926228,0.729733752899593,-0.319499948086096,0.223743324098683,5,0.0620284350717419,69.0303859459283,0.999626430124647
"Sst-9","LDB1",-0.0871777998863374,0.160760102567314,0.587622154492473,-0.402261811069237,0.227906211296562,5,5.7246646097501e-07,0.000373200098670033,0.999626430124647
"Sst-9","RALGDS",-0.100854395454034,0.142524921099315,0.479177299943998,-0.380198107708104,0.178489316800037,5,0,0,0.999626430124647
"Sst-9","KHDRBS2",0.0547559086802753,0.150467078835322,0.715928025942237,-0.240154146695904,0.349665964056455,5,0.0748117597156721,70.9045357766707,0.999626430124647
"Sst-9","POLR2E",-0.0727235576325078,0.193191665220062,0.706595634074881,-0.451372263577149,0.305925148312133,5,0,0,0.999626430124647
"Sst-9","CDKN1B",-0.0810183069779774,0.216622065996239,0.708398634509925,-0.505589754587263,0.343553140631309,5,0.0748186016402026,32.3199741258047,0.999626430124647
"Sst-9","CDK14",-0.0158058482853843,0.086496598809788,0.855006929103174,-0.185336066737779,0.15372437016701,5,0.014117162697554,39.0521331043868,0.999626430124647
"Sst-9","CACNB1",-0.232058362811743,0.402935286969719,0.564669470662131,-1.0217970133727,0.557680287749218,5,0.568001094301104,74.36504645776,0.999626430124647
"Sst-9","DGKG",-0.0608570122271652,0.149324812336339,0.683605628051263,-0.353528266404592,0.231814241950261,5,1.83874413524076e-06,0.00150024899886791,0.999626430124647
"Sst-9","CCSAP",0.121035863535842,0.16770041339363,0.47045519824786,-0.207650906908151,0.449722633979834,5,0.0526348118156138,38.6407799621141,0.999626430124647
"Sst-9","PPP2R5B",-0.123360886527881,0.207614696820806,0.552390484793408,-0.530278214957863,0.283556441902102,5,0.0594290214440315,27.5471555337538,0.999626430124647
"Sst-9","TOM1L2",-0.0855626922950852,0.0746116823520581,0.25147528750387,-0.231798902531062,0.0606735179408913,5,0,0,0.999626430124647
"Sst-9","DNAJB2",-0.0646090797273501,0.12351178496618,0.600904299251059,-0.306687729927319,0.177469570472619,5,5.13146940751783e-06,0.00568568216809232,0.999626430124647
"Sst-9","UBAP1",0.138486095202316,0.0905760607797314,0.126277312949582,-0.0390397217874682,0.316011912192101,5,0.00228020739154709,4.02004028089183,0.999626430124647
"Sst-9","RILPL1",-0.0731825613233301,0.22831562570834,0.748564753800718,-0.520672964819404,0.374307842172744,5,0.103087679389516,41.1915838236197,0.999626430124647
"Sst-9","WSCD1",-0.20622248758553,0.153110671146462,0.178017228483238,-0.506313888681351,0.0938689135102916,5,0,0,0.999626430124647
"Sst-9","NEK1",-0.00487846077784503,0.0631744303245914,0.938446878487551,-0.128698068957879,0.118941147402189,5,0,0,0.999626430124647
"Sst-9","GPAT4",0.135227787256086,0.159083015689043,0.39529984028276,-0.176569194046458,0.44702476855863,5,0.0173059588233931,12.3924601106926,0.999626430124647
"Sst-9","TOP1MT",0.113964311770747,0.227631146068086,0.616615059604296,-0.332184536282278,0.560113159823772,5,0.0610518974034352,22.8069553309633,0.999626430124647
"Sst-9","CYP20A1",0.30144326945681,0.163815709595324,0.0657481971254927,-0.0196296214518971,0.622516160365517,5,0,0,0.999626430124647
"Sst-9","RERG",-0.0539037285915573,0.254307554539861,0.832136095235276,-0.55233737648614,0.444529919303025,5,0.165653476258864,52.5677582928085,0.999626430124647
"Sst-9","PPP1R12B",0.0293709334524404,0.12154912575827,0.809060382696191,-0.208860975386099,0.26760284229098,5,0.0384018671812794,54.850035682292,0.999626430124647
"Sst-9","GOLGA5",0.181995175791386,0.147886693160712,0.218457801682773,-0.107857416596336,0.471847768179108,5,0,0,0.999626430124647
"Sst-9","METTL25",0.119742984592692,0.114582519801249,0.296005821459936,-0.104834627475603,0.344320596660987,5,2.35710664202629e-06,0.00231030402513964,0.999626430124647
"Sst-9","IGFL4",0.117252403332644,0.138780161168306,0.398178563283504,-0.1547517143259,0.389256520991188,5,0,0,0.999626430124647
"Sst-9","FAM81A",-0.1455808045187,0.0920996638969031,0.113949465537157,-0.326092828744874,0.0349312197074742,5,2.54934600202377e-06,0.00472305886904861,0.999626430124647
"Sst-9","CAMK1G",-0.0798882595512013,0.179630104145473,0.656509401024259,-0.431956794215508,0.272180275113105,5,0.0263149326848707,15.3669758113581,0.999626430124647
"Sst-9","CYB561",-0.315192062668815,0.197004815261764,0.109616198259658,-0.701314405362839,0.0709302800252096,5,1.59017684293058e-06,0.000671315407938478,0.999626430124647
"Sst-9","DEK",-0.0729481210759925,0.131583520667774,0.579314396447374,-0.330847082543811,0.184950840391826,5,0,0,0.999626430124647
"Sst-9","ERP44",-0.0985005230001678,0.102266469512864,0.335459629221082,-0.298939120071445,0.10193807407111,5,0.00313175523153082,4.2117212083496,0.999626430124647
"Sst-9","CD2AP",0.132410795120382,0.160879599039755,0.410483656694884,-0.182907424844782,0.447729015085546,5,0.0387367656717568,29.2723204028486,0.999626430124647
"Sst-9","PPP1R7",-0.297957692632537,0.155297292481292,0.0550314628909061,-0.602334792792453,0.00641940752737835,5,0,0,0.999626430124647
"Sst-9","NBR1",0.079457132680981,0.125344363631806,0.526139105373983,-0.166213305702452,0.325127571064414,5,0,0,0.999626430124647
"Sst-9","OGFOD3",-0.166772959556027,0.147971089835329,0.259715219438824,-0.456790966386413,0.123245047274359,5,0.000388045492134376,0.227099302988196,0.999626430124647
"Sst-9","GCN1",-0.0559907795399701,0.143748962586424,0.696903436545073,-0.337733569024356,0.225752009944416,5,0,0,0.999626430124647
"Sst-9","JPH1",-0.132192002044754,0.15375180286926,0.38991291871958,-0.433539998226606,0.169155994137098,5,0.0321196450159306,27.0623382951919,0.999626430124647
"Sst-9","SMPD4",0.0338250066292463,0.162741127425899,0.835349625419411,-0.285141741928959,0.352791755187452,5,0.00449778730739684,2.73730839508144,0.999626430124647
"Sst-9","PLPP5",-0.132287281061522,0.181122929681509,0.465162273127149,-0.487281700011661,0.222707137888617,5,0,0,0.999626430124647
"Sst-9","GK",0.0609707916852236,0.128364670450519,0.63480044840876,-0.190619339285147,0.312560922655594,5,7.1063215575266e-06,0.0057969216479827,0.999626430124647
"Sst-9","L1CAM",-0.214170107013936,0.164939604911468,0.19412384196361,-0.537445792264679,0.109105578236806,5,0.0052627012643804,3.51525804580582,0.999626430124647
"Sst-9","FAM98B",0.133895763648823,0.145576720549222,0.357697762672378,-0.151429365615104,0.419220892912749,5,0,0,0.999626430124647
"Sst-9","DCX",0.0751933917909381,0.159295948865545,0.636901230484819,-0.237020930868664,0.387407714450541,5,0.0726382060914668,61.5609763860982,0.999626430124647
"Sst-9","FBXO32",0.141915452708245,0.168167315425133,0.39872842787683,-0.187686428901803,0.471517334318294,5,0.0163981173911546,8.94164069621532,0.999626430124647
"Sst-9","SLC39A11",-0.0757535936445879,0.152293593015668,0.618894225986118,-0.374243551031497,0.222736363742321,5,2.26061985130826e-07,0.000142077347332912,0.999626430124647
"Sst-9","ZNF407",0.0608178289555151,0.090970051559192,0.503783972662473,-0.117480195772253,0.239115853683283,5,0,0,0.999626430124647
"Sst-9","FARSA",-0.295442951368353,0.213732491741203,0.16687884774229,-0.714350937507115,0.123465034770409,5,0.0463596539800253,19.4592445448771,0.999626430124647
"Sst-9","MON2",0.0328113791726275,0.0585109997191606,0.574952407777082,-0.0818680729763605,0.147490831321615,5,8.07892094030983e-07,0.00304938317833716,0.999626430124647
"Sst-9","TGFBR3",0.217723023564851,0.340245240537626,0.522237434019897,-0.449145393800064,0.884591440929766,5,0.408622566223098,73.2240000680458,0.999626430124647
"Sst-9","COPG1",-0.237043002009373,0.176552755579871,0.179395525577417,-0.583080044317224,0.108994040298478,5,0,0,0.999626430124647
"Sst-9","B3GAT2",-0.0252680160361137,0.256256178697206,0.92145228560101,-0.527520897098497,0.47698486502627,5,0.179521249413002,58.53887364384,0.999626430124647
"Sst-9","ZFR",-0.123142594034583,0.066385838383996,0.0636029730044894,-0.253256446350711,0.00697125828154607,5,0,0,0.999626430124647
"Sst-9","BRD3",0.051488118719188,0.144846735810032,0.722240362370648,-0.232406266746663,0.335382504185039,5,0,0,0.999626430124647
"Sst-9","RECK",0.00717723359042809,0.113834463739228,0.949726894547758,-0.215934215537889,0.230288682718745,5,0.000661394852697646,0.785485136315671,0.999626430124647
"Sst-9","TRRAP",0.201237894659525,0.130842026276547,0.124043273624077,-0.0552077645067501,0.4576835538258,5,0.03416342493284,41.7334165700717,0.999626430124647
"Sst-9","ZNF24",0.237924570412063,0.249973420779413,0.341198688867802,-0.252014331407863,0.727863472231989,5,0.183512378495275,62.4816423010109,0.999626430124647
"Sst-9","CTCF",-0.179687299396987,0.13701840852434,0.189719311036561,-0.448238445323688,0.0888638465297147,5,0,0,0.999626430124647
"Sst-9","USP8",-0.0147086355678443,0.138120103260957,0.915192292287995,-0.285419063500274,0.256001792364585,5,0.0366540569500881,39.4691469417201,0.999626430124647
"Sst-9","SLC25A29",0.0512160847791279,0.166696630337016,0.758659733026181,-0.27550330702561,0.377935476583866,5,0,0,0.999626430124647
"Sst-9","MVD",-0.0750306590116361,0.150324094132538,0.617690644527867,-0.369660469520019,0.219599151496747,5,4.060841528269e-06,0.00284099079623164,0.999626430124647
"Sst-9","BMP2K",0.21432768958597,0.214044395807679,0.316670421609718,-0.205191617289717,0.633846996461658,5,0.131117434771355,61.4554357259198,0.999626430124647
"Sst-9","PIGQ",0.183214482274869,0.234739848461371,0.435096550959804,-0.276867166445809,0.643296130995547,5,0.0670030877459414,24.1861319996378,0.999626430124647
"Sst-9","CROCC",-0.315613044259275,0.177076212489693,0.0746910169478028,-0.662676043257836,0.0314499547392852,5,0.0156676978819548,9.24675024346589,0.999626430124647
"Sst-9","TCP11L1",-0.00461805289597234,0.167893993611603,0.978056341010029,-0.333684233595313,0.324448127803368,5,0.0436832771172856,30.9927014799375,0.999626430124647
"Sst-9","ITSN2",-0.0654390395281034,0.0810133969103765,0.419231186362057,-0.22422237973769,0.0933443006814831,5,0,0,0.999626430124647
"Sst-9","DPY19L3",0.103470336993885,0.112781571293228,0.358912063456101,-0.117577480860679,0.324518154848449,5,0,0,0.999626430124647
"Sst-9","BSDC1",-0.164635002268115,0.145231621085105,0.256961111438336,-0.449283749011288,0.120013744475059,5,0.0298110934334509,27.9899415086909,0.999626430124647
"Sst-9","NDST1",-0.164869595464416,0.178546156717298,0.355798574799294,-0.514813632208364,0.185074441279532,5,0,0,0.999626430124647
"Sst-9","ARHGEF17",-0.301988183256363,0.216984077826343,0.163997287843558,-0.727269161014632,0.123292794501905,5,0.106722013589254,47.9309179877932,0.999626430124647
"Sst-9","AP1B1",0.06249254173295,0.137829893480989,0.650258291732279,-0.20764908548278,0.33263416894868,5,0,0,0.999626430124647
"Sst-9","SNRPF",0.137785298621724,0.155244880435176,0.374790814574357,-0.166489075815447,0.442059673058895,5,0,0,0.999626430124647
"Sst-9","METTL16",0.0383262457518578,0.166195977909615,0.81761877383587,-0.287411885326401,0.364064376830117,5,0.040002655441644,27.9536864198993,0.999626430124647
"Sst-9","KIAA0930",-0.065494560596258,0.0884205565553404,0.458865384195953,-0.238795666937712,0.107806545745196,5,0,0,0.999626430124647
"Sst-9","TMEM178B",0.000827920640078147,0.0519185855562777,0.987277059006432,-0.100930637178488,0.102586478458644,5,0,0,0.999626430124647
"Sst-9","VPS54",-0.0509441182239496,0.160869169616524,0.751486097724266,-0.366241896895202,0.264353660447303,5,0.0745199273822849,62.5840687926718,0.999626430124647
"Sst-9","PDPK1",-0.00515054853960331,0.142264866653527,0.971119745264013,-0.283984563445909,0.273683466366702,5,0.0141392213485693,12.5360130717978,0.999626430124647
"Sst-9","NIPAL2",0.212335217134874,0.166335884979597,0.201762983458991,-0.113677126761733,0.53834756103148,5,0,0,0.999626430124647
"Sst-9","BRPF3",0.265550133507392,0.167828666356397,0.113588123574765,-0.0633880081245359,0.59448827513932,5,0,0,0.999626430124647
"Sst-9","TPP2",-0.0253736842163674,0.100699907886733,0.80106173139486,-0.222741876920864,0.171994508488129,5,1.00743617543779e-06,0.0014599125866067,0.999626430124647
"Sst-9","KLHL28",0.308702281818782,0.167015462782541,0.0645523750861128,-0.018642010096287,0.636046573733851,5,0.030829618011049,20.9736549977823,0.999626430124647
"Sst-9","PLOD2",-0.169174220377072,0.112251702165276,0.131785757308248,-0.38918351382433,0.0508350730701865,5,0,0,0.999626430124647
"Sst-9","PDSS2",-0.0123496868575444,0.122642723753529,0.919791429817522,-0.252725008380356,0.228025634665267,5,0.0123928923315439,13.7323364434366,0.999626430124647
"Sst-9","FOXJ3",-0.169780178509689,0.1370903052068,0.215547385500674,-0.438472239344621,0.098911882325244,5,0.0452452295819258,50.9273386311643,0.999626430124647
"Sst-9","CDC27",0.0268028668933057,0.0968244925160482,0.781919030114017,-0.162969651259517,0.216575385046128,5,0.0074103369172604,13.7404921103072,0.999626430124647
"Sst-9","ADK",0.0112242104539934,0.0639245011202629,0.860619656602734,-0.114065509471412,0.136513930379399,5,0,0,0.999626430124647
"Sst-9","EPHX4",-0.0703149962540175,0.137012121139082,0.607809508115229,-0.338853819132058,0.198223826624023,5,0,0,0.999626430124647
"Sst-9","PBRM1",-0.0189997754913139,0.0801773253075066,0.812678566983248,-0.176144445470779,0.138144894488151,5,0,0,0.999626430124647
"Sst-9","NCK1",0.000698199753064646,0.178563511635219,0.996880205935102,-0.349279852004964,0.350676251511093,5,0.0632983136012333,41.3145012956954,0.999626430124647
"Sst-9","PNISR",-0.0960139832973355,0.0595952140526796,0.107157438608867,-0.212818456491543,0.0207904898968718,5,0,0,0.999626430124647
"Sst-9","KIAA0319L",-0.0505942076064461,0.0821745716881701,0.538097969188149,-0.211653408560264,0.110464993347372,5,0,0,0.999626430124647
"Sst-9","FAM234B",-0.275656989698266,0.251465858461846,0.272991058407597,-0.768521015624931,0.217207036228399,5,0.127586284445477,42.4196818989275,0.999626430124647
"Sst-9","RAB4A",0.0876077474574023,0.147070195667199,0.551384599664439,-0.200644539249567,0.375860034164371,5,0,0,0.999626430124647
"Sst-9","SLC35A1",0.0999510119325425,0.187268971009096,0.593528556952347,-0.267089426667161,0.466991450532246,5,0.00795477545810575,4.02275898184452,0.999626430124647
"Sst-9","ALG6",0.167399174549107,0.191929678369551,0.383104653342702,-0.20877608261957,0.543574431717784,5,0.0509333709803841,26.3580062698616,0.999626430124647
"Sst-9","LAPTM4B",0.00129103597854891,0.267440214101445,0.99614832168241,-0.522882151677965,0.525464223635063,5,0.200292339147585,60.2749072109862,0.999626430124647
"Sst-9","SEZ6L2",0.30691869792625,0.17387888370342,0.0775420512417045,-0.0338776518044818,0.647715047656983,5,0.0873253970483715,62.1887418459452,0.999626430124647
"Sst-9","CGREF1",-0.163253675516492,0.167273404976388,0.329079774191449,-0.491103524841596,0.164596173808613,5,0,0,0.999626430124647
"Sst-9","RAP1GAP2",-0.0355311925579788,0.129811229574093,0.784304171363581,-0.289956527312062,0.218894142196104,5,0.0350819411514314,43.2969698119271,0.999626430124647
"Sst-9","RTF1",-0.0260741149453144,0.200285868895849,0.896420460400177,-0.41862720459349,0.366478974702861,5,0.134512533541777,72.0223999883006,0.999626430124647
"Sst-9","DUSP3",-0.0637341180375658,0.145676022896968,0.661744505514464,-0.349253876326655,0.221785640251523,5,0,0,0.999626430124647
"Sst-9","KIAA1586",-0.329005915972802,0.289996059031388,0.2565770861626,-0.897387747332875,0.239375915387271,5,0.245563505094932,63.7036282254135,0.999626430124647
"Sst-9","MEGF9",0.215394284454801,0.131830164940594,0.1022846640371,-0.0429880909047376,0.47377665981434,5,0.025363968905449,28.7542803805759,0.999626430124647
"Sst-9","INTS8",0.0126575074155969,0.136566827830761,0.926154913593475,-0.255008556615577,0.280323571446771,5,0.0194714002275626,19.3997173906978,0.999626430124647
"Sst-9","DOCK10",0.0388019443577606,0.185690878534559,0.834479555533568,-0.325145489827577,0.402749378543098,5,0.0162665750521474,8.62707231090783,0.999626430124647
"Sst-9","SDC3",0.0981736529943507,0.161282811395711,0.54271999520901,-0.21793484866661,0.414282154655311,5,0,0,0.999626430124647
"Sst-9","DDX18",0.0781327436205746,0.120087024097106,0.515282547018952,-0.157233498620347,0.313498985861496,5,0,0,0.999626430124647
"Sst-9","SIRT5",-0.123853383591526,0.109441269787285,0.257765582711249,-0.338354330796936,0.090647563613884,5,5.51485898305597e-08,6.0316881783961e-05,0.999626430124647
"Sst-9","COX6C",0.0893916459393877,0.102686771780075,0.384012265473969,-0.111870728438242,0.290654020317018,5,7.20751093464932e-07,0.000952592623160351,0.999626430124647
"Sst-9","RNF114",0.0312071793643524,0.133336952434228,0.814948108772721,-0.230128445215065,0.29254280394377,5,0,0,0.999626430124647
"Sst-9","HABP4",0.013477020153801,0.104284904599612,0.897173519540848,-0.190917636992635,0.217871677300237,5,6.12777688942659e-07,0.000847249554922024,0.999626430124647
"Sst-9","OTUD6B-AS1",0.0850374901155925,0.239531501469922,0.722577684193185,-0.384435625928258,0.554510606159442,5,0.125599351432933,45.4390214147303,0.999626430124647
"Sst-9","NUP205",-0.125405874241981,0.159428898851707,0.431519356110359,-0.437880774086205,0.187069025602244,5,0.0361201087565548,27.1042392614714,0.999626430124647
"Sst-9","MARK3",-0.0273073671294132,0.0636421908822348,0.667867569372189,-0.152043769155817,0.0974290348969905,5,3.03123394379561e-06,0.0101775160736639,0.999626430124647
"Sst-9","CSGALNACT1",-0.0367128477227983,0.250232368547588,0.883356960237369,-0.527159277842223,0.453733582396627,5,0.0876263590829943,28.2064986730985,0.999626430124647
"Sst-9","RAD23A",0.0704652265390341,0.188326502651765,0.708281401149182,-0.298647935992812,0.43957838907088,5,0.0307545673192085,16.655967979681,0.999626430124647
"Sst-9","VWA8",-0.0522363643260424,0.117549668124839,0.656770067310442,-0.282629480245363,0.178156751593278,5,0.0313525601873979,48.3724185132161,0.999626430124647
"Sst-9","YTHDC2",-0.0202429119296577,0.0678397736081674,0.765403249465542,-0.153206424921017,0.112720601061701,5,0,0,0.999626430124647
"Sst-9","DHRS7B",0.194049839078031,0.132121063848538,0.141906716884675,-0.064902687664221,0.453002365820283,5,0,0,0.999626430124647
"Sst-9","RALBP1",0.0239947661913323,0.128100783084499,0.851416306736514,-0.227078155045663,0.275067687428328,5,0,0,0.999626430124647
"Sst-9","CCDC82",-0.0161579415135999,0.0929651980475975,0.862017655771802,-0.198366381502524,0.166050498475324,5,3.39210020665581e-07,0.000511712690631387,0.999626430124647
"Sst-9","VPS26B",0.0153786697031874,0.192479303780794,0.936318552865492,-0.361873833476513,0.392631172882888,5,0.0400029733195116,20.8784788709773,0.999626430124647
"Sst-9","PRKG2",-0.229355431169144,0.0696917337953921,0.000998322430050676,-0.365948719428265,-0.0927621429100224,5,0,0,0.692460270230414
"Sst-9","ERGIC3",0.130292713962678,0.142822321665301,0.361625885720593,-0.149633892689705,0.410219320615062,5,0,0,0.999626430124647
"Sst-9","SLC25A33",-0.365744463632758,0.218433668170482,0.0940527953798707,-0.793866586257876,0.06237765899236,5,0.05555178543564,22.6167684012707,0.999626430124647
"Sst-9","IREB2",-0.239315270322742,0.14798612292167,0.105846618348113,-0.529362741460933,0.0507322008154498,5,0.0419611111425069,39.4162717495616,0.999626430124647
"Sst-9","AIDA",0.320902828821374,0.184966767541151,0.0827547036786578,-0.0416253738960733,0.683431031538822,5,0,0,0.999626430124647
"Sst-9","ABCA5",-0.0915506699511524,0.058557658213347,0.117952008772218,-0.206321571068319,0.0232202311660138,5,0,0,0.999626430124647
"Sst-9","ZDHHC13",-0.00776905981070667,0.135158945510185,0.954162108873883,-0.272675725199081,0.257137605577668,5,0.00326977042107098,2.95578355557307,0.999626430124647
"Sst-9","PRKCA",-0.118907423557265,0.0794081698289715,0.134283870254988,-0.274544576500289,0.0367297293857593,5,0,0,0.999626430124647
"Sst-9","TFDP1",-0.327916328788778,0.3267100967543,0.315527067204195,-0.968256351812802,0.312423694235246,5,0.338242885510233,70.6931151790574,0.999626430124647
"Sst-9","GRINA",0.081085898707433,0.179793818048416,0.651994011540947,-0.27130350931041,0.433475306725276,5,0.0375255365173438,22.4288706269417,0.999626430124647
"Sst-9","SNCA",0.154224714354472,0.178690977368977,0.388093158454729,-0.196003165650985,0.504452594359929,5,3.51474545645542e-06,0.00190206631103483,0.999626430124647
"Sst-9","WDR5",0.0129534920416724,0.129843794701767,0.920533182975481,-0.241535669189804,0.267442653273149,5,0,0,0.999626430124647
"Sst-9","NADK2",0.110182980143023,0.159602449953231,0.489968483337852,-0.202632073609666,0.422998033895712,5,2.84851644358595e-06,0.00178512144096629,0.999626430124647
"Sst-9","C16orf87",-0.0726420716248121,0.176128652517483,0.68001873818669,-0.41784788720465,0.272563743955025,5,0,0,0.999626430124647
"Sst-9","ZNF430",-0.0293654479818729,0.145616712769798,0.840180486174335,-0.31476896055779,0.256038064594044,5,0.00487502263309532,3.87747148786959,0.999626430124647
"Sst-9","BTAF1",-0.0239821147937996,0.116555827267683,0.836981150734941,-0.25242733842673,0.204463108839131,5,0.0141174665682293,18.6644708485408,0.999626430124647
"Sst-9","B4GAT1",0.206525917071961,0.135525122927284,0.127535201028112,-0.0590984428658792,0.472150277009801,5,0,0,0.999626430124647
"Sst-9","PTK2B",-0.0134569869198231,0.18882833282238,0.943186278050518,-0.383553718512431,0.356639744672785,5,0,0,0.999626430124647
"Sst-9","NCOA3",-0.070286470770203,0.10037329837152,0.483770764487031,-0.267014520587875,0.12644157904747,5,0,0,0.999626430124647
"Sst-9","MMP16",-0.0258145851412885,0.130322658105148,0.84298083340675,-0.281242301396906,0.229613131114329,5,0.0373158367899113,46.0973525172262,0.999626430124647
"Sst-9","PAK1",-0.0127110027847935,0.06942022417639,0.854717750336323,-0.148772141969215,0.123350136399628,5,0,0,0.999626430124647
"Sst-9","HTR2C",0.957932923417211,0.815458542469977,0.24010799956558,-0.640336450709469,2.55620229754389,5,2.7230923045585,86.9494323308736,0.999626430124647
"Sst-9","CADPS",-0.0475648223201759,0.0631718525062118,0.451483994183569,-0.171379378069027,0.0762497334286755,5,0.00515793850714725,25.7127884885565,0.999626430124647
"Sst-9","RPL23A",-0.30747408782552,0.199537654033246,0.123333176247644,-0.698560703290297,0.0836125276392563,5,0,0,0.999626430124647
"Sst-9","RALGAPB",-0.150694195368844,0.0877349843106091,0.0858683805609009,-0.322651604801824,0.0212632140641369,5,0,0,0.999626430124647
"Sst-9","SUMF2",0.0343028916644343,0.258001133066095,0.894227893260273,-0.471370037115638,0.539975820444506,5,0.193146086206746,62.4647019841893,0.999626430124647
"Sst-9","TMEM268",0.111169908256059,0.172966371870115,0.520402192600331,-0.227837951145927,0.450177767658046,5,0.030333660642817,19.2567012643189,0.999626430124647
"Sst-9","MALT1",-0.0719393132942039,0.0964565029872336,0.455775378500021,-0.260990585223862,0.117111958635454,5,0,0,0.999626430124647
"Sst-9","FAM120AOS",-0.0537227630737911,0.160558331898369,0.737927102313527,-0.368411311012422,0.26096578486484,5,0.0212088703565346,14.6900171734296,0.999626430124647
"Sst-9","PANK3",-0.195161352199268,0.10283853234036,0.0577296281932919,-0.396721171809332,0.00639846741079542,5,0.00455158666345851,5.3614388683729,0.999626430124647
"Sst-9","CAMK2G",-0.0686171293882722,0.0747467199736121,0.358621384174122,-0.215118008499053,0.0778837497225081,5,7.80832256399143e-07,0.00209897187776782,0.999626430124647
"Sst-9","MAT2B",-0.0494679141910714,0.157806740526335,0.753922477138744,-0.358763442140346,0.259827613758203,5,0,0,0.999626430124647
"Sst-9","CLK4",-0.0946469043137224,0.164557708924019,0.565183534365356,-0.417174087183224,0.227880278555779,5,0.0454328748919881,33.56634506173,0.999626430124647
"Sst-9","PANK2",0.0102683082308946,0.124680010829734,0.934362595577204,-0.234100022587448,0.254636639049237,5,0.0125669887818944,14.2647408971765,0.999626430124647
"Sst-9","DIDO1",0.0117853248982105,0.0925821598504319,0.89870624339566,-0.169672374019566,0.193243023815987,5,0,0,0.999626430124647
"Sst-9","WIPF2",-0.0888554455130626,0.087285177725047,0.308682667903259,-0.259931250238332,0.0822203592122074,5,0,0,0.999626430124647
"Sst-9","RGS12",-0.110058773752139,0.131254505387589,0.401741945294607,-0.367312877120432,0.147195329616154,5,0,0,0.999626430124647
"Sst-9","CMTR1",0.203985451102587,0.14428902564164,0.157441749372774,-0.0788158425194046,0.486786744724579,5,0,0,0.999626430124647
"Sst-9","FAF2",-0.332024483014106,0.194409667876352,0.0876623345829451,-0.71306043029815,0.049011464269938,5,0.0799091464080899,44.1935017432618,0.999626430124647
"Sst-9","ARFRP1",-0.122477668070227,0.256188973886024,0.632596479461446,-0.624598830123106,0.379643493982652,5,0.139921697259835,44.4607721079417,0.999626430124647
"Sst-9","HSPA4",-0.204417658829504,0.159303091884499,0.199422166991196,-0.516645981548997,0.107810663889989,5,0.0298818365246202,22.8575922280203,0.999626430124647
"Sst-9","YTHDF3",0.0485918417585294,0.103466787822119,0.638614316717566,-0.154199335968871,0.251383019485929,5,0,0,0.999626430124647
"Sst-9","ACTB",-0.0498420062421949,0.123777807529387,0.687188649582323,-0.292442051085124,0.192758038600734,5,0,0,0.999626430124647
"Sst-9","NCLN",0.0233594197420631,0.21076407425469,0.911749509647905,-0.389730575032056,0.436449414516182,5,0.0646664252497627,29.2922756555961,0.999626430124647
"Sst-9","MGAT3",-0.175547560477248,0.137032670044839,0.200171340979177,-0.444126658470492,0.0930315375159971,5,0.0117001062435299,10.588854706068,0.999626430124647
"Sst-9","ATP10D",-0.111188981859193,0.203548629525686,0.584892267313863,-0.510136964832023,0.287759001113638,5,0.116308963952311,59.64900484317,0.999626430124647
"Sst-9","DGCR2",-0.00379613583083104,0.093940086618583,0.96776611423211,-0.187915322307827,0.180323050646165,5,3.91403980158002e-06,0.00565975429630873,0.999626430124647
"Sst-9","ETV5",-0.032252222657628,0.433677188425079,0.940716621083807,-0.882243892887374,0.817739447572118,5,0.531091053472175,63.8784803658212,0.999626430124647
"Sst-9","KPNA5",0.237786294250779,0.0930838603109127,0.0106328705066554,0.0553452804994325,0.420227308002125,5,0,0,0.999626430124647
"Sst-9","D2HGDH",0.125055749702428,0.150092963812453,0.404738358489918,-0.169121053702853,0.41923255310771,5,0,0,0.999626430124647
"Sst-9","RTCB",-0.0740074921424387,0.193591874244641,0.702249127180678,-0.453440593361541,0.305425609076664,5,0.0447194707713448,23.160422481511,0.999626430124647
"Sst-9","BRI3",-0.0125342755061014,0.164558928656911,0.939284710851713,-0.335063849008143,0.30999529799594,5,0.0294123048075967,20.094290024163,0.999626430124647
"Sst-9","TERF1",-0.146831214179469,0.155206304184704,0.344128703326968,-0.451029980555057,0.157367552196119,5,0.0428243580989469,35.9531548063684,0.999626430124647
"Sst-9","DHRSX",-0.0112331300657778,0.101166102002715,0.91158740144758,-0.209515046447404,0.187048786315849,5,0,0,0.999626430124647
"Sst-9","PDE7B",-0.225068954179753,0.129705390780335,0.0826997076531417,-0.479286848709903,0.0291489403503967,5,0,0,0.999626430124647
"Sst-9","NRCAM",-0.0715691759879516,0.0582714837824839,0.219370999574142,-0.18577918552733,0.0426408335514267,5,0,0,0.999626430124647
"Sst-9","TIMM44",-0.0507896054372161,0.288523297532762,0.860268061095364,-0.616284877302164,0.514705666427732,5,0.216007497017559,56.3407268848912,0.999626430124647
"Sst-9","TNPO2",-0.0481671684958699,0.121042854820941,0.690678221122438,-0.285406804530826,0.189072467539086,5,5.50935403426884e-06,0.00614829638269628,0.999626430124647
"Sst-9","CHGA",0.0230347857105137,0.139765922935298,0.86909373583391,-0.250901389508672,0.296970960929699,5,0.00621406842228019,5.75831161461999,0.999626430124647
"Sst-9","UTRN",-0.21998979533165,0.149934688485752,0.142311462947452,-0.513856384796957,0.0738767941336558,5,2.98560196283503e-06,0.00247125578806544,0.999626430124647
"Sst-9","FSD1",0.0763086583342193,0.114057175452783,0.503470825377029,-0.147239297731601,0.29985661440004,5,0,0,0.999626430124647
"Sst-9","EYA3",0.00981779846980415,0.134789040092984,0.941934828725338,-0.25436386562317,0.273999462562778,5,0.0279233558269421,30.4006801271234,0.999626430124647
"Sst-9","ABCA2",0.0500137963669713,0.118833215558728,0.67384718027768,-0.18289502629522,0.282922619029163,5,0,0,0.999626430124647
"Sst-9","PPM1A",0.0525303063166562,0.0883750237600932,0.552243154263991,-0.120681557385998,0.22574217001931,5,0,0,0.999626430124647
"Sst-9","RHOB",-0.154371503558561,0.19545123874628,0.429632281033404,-0.53744889223501,0.228705885117888,5,0,0,0.999626430124647
"Sst-9","STAU1",0.0169300088360441,0.103714638700997,0.870332272677037,-0.186346947687495,0.220206965359583,5,0,0,0.999626430124647
"Sst-9","SGTA",0.253533798121863,0.234139142843658,0.278882161385667,-0.205370489222787,0.712438085466512,5,0.103886406699184,39.1140225944222,0.999626430124647
"Sst-9","ANKFN1",-0.0654923241187385,0.225107141348239,0.771098389273129,-0.506694213824055,0.375709565586578,5,0.0838567814349673,33.5850302096759,0.999626430124647
"Sst-9","ACVR2A",-0.0382728500338866,0.0961687273529078,0.690647841675156,-0.226760092084638,0.150214392016865,5,0,0,0.999626430124647
"Sst-9","DMXL1",-0.0579621357103323,0.101133817719132,0.566561290069503,-0.25618077605887,0.140256504638206,5,0.0184320938507299,36.9536869217939,0.999626430124647
"Sst-9","TMEM183A",0.051633034161297,0.162207054065906,0.750245559549663,-0.26628694984622,0.369553018168814,5,0,0,0.999626430124647
"Sst-9","ZNF420",-0.00504601293148349,0.187413800705391,0.978519994751017,-0.372370312519816,0.362278286656849,5,0.0642958571274322,37.5758047881832,0.999626430124647
"Sst-9","THADA",-0.00781117393965486,0.0885907554045371,0.929740421267424,-0.181445863895745,0.165823516016435,5,0,0,0.999626430124647
"Sst-9","PTMS",0.119705136889491,0.174432362345467,0.492552117747657,-0.222176011045864,0.461586284824847,5,0,0,0.999626430124647
"Sst-9","ZFYVE27",-0.0800805914041779,0.146178755211067,0.583811061596749,-0.366585686922766,0.20642450411441,5,0.0206500951054936,17.9613345250402,0.999626430124647
"Sst-9","PLEKHA3",0.116750272842521,0.132888935392876,0.379642464442976,-0.143707254471385,0.377207800156427,5,0,0,0.999626430124647
"Sst-9","SCAF8",-0.0393730780389852,0.0683284411818659,0.564457946014147,-0.173294361875206,0.0945482057972354,5,4.51678975930771e-06,0.0127903445488661,0.999626430124647
"Sst-9","PDCD7",-0.0195285733453683,0.260937640149899,0.940342014556408,-0.530956950250043,0.491899803559307,5,0.233648593674271,73.4590609375936,0.999626430124647
"Sst-9","CSNK1G1",-0.0529478290990485,0.199526450229767,0.790726394016808,-0.444012485512516,0.338116827314419,5,0.044177771989273,21.7388619914099,0.999626430124647
"Sst-9","PAAF1",-0.0393007722576487,0.220551684170042,0.858571385573988,-0.471574129960583,0.392972585445286,5,0.126315568473116,55.3839740307364,0.999626430124647
"Sst-9","JARID2",-0.139482693983763,0.0686267348623009,0.0421047506029937,-0.273988622690452,-0.00497676527707386,5,0,0,0.999626430124647
"Sst-9","BRD9",-0.115330617063427,0.150391187389092,0.443158309122888,-0.41009192793826,0.179430693811407,5,0,0,0.999626430124647
"Sst-9","DNMT1",-0.186358591511251,0.120210170228317,0.12107598443335,-0.421966195734181,0.0492490127116786,5,0,0,0.999626430124647
"Sst-9","RNF112",-0.0632280838161099,0.144220141842472,0.661086427987028,-0.345894367672613,0.219438200040393,5,0,0,0.999626430124647
"Sst-9","RANBP9",0.0230460076781472,0.0951108465815512,0.808542422324402,-0.163367826160808,0.209459841517102,5,6.08735715655117e-07,0.000999701619505031,0.999626430124647
"Sst-9","WDR19",-0.0298924386719304,0.165815435219274,0.856936392019106,-0.354884719782542,0.295099842438682,5,0.0654525949165446,50.9536701419733,0.999626430124647
"Sst-9","CASC2",0.112404066084739,0.172927017246808,0.515686600379822,-0.226526659672941,0.451334791842419,5,1.23166180825941e-06,0.00066660950801751,0.999626430124647
"Sst-9","AFF1",0.0358691851284603,0.166804381711813,0.829738138191504,-0.291061395490166,0.362799765747086,5,0,0,0.999626430124647
"Sst-9","MOXD1",-0.0791306508322424,0.122384663621247,0.517908169373643,-0.319000183789936,0.160738882125451,5,6.27654227168846e-06,0.00615266142340317,0.999626430124647
"Sst-9","HNRNPDL",0.0355416836004515,0.0727125048467121,0.62498513616094,-0.106972207124798,0.178055574325701,5,0,0,0.999626430124647
"Sst-9","NDFIP2",0.0860556635893404,0.126377318891349,0.495907994128916,-0.161639329900437,0.333750657079118,5,0,0,0.999626430124647
"Sst-9","PSMD12",-0.124233467759458,0.105050615713495,0.236965411572699,-0.330128891111665,0.0816619555927499,5,0,0,0.999626430124647
"Sst-9","CCDC92",-0.0369451888066634,0.185567620289987,0.84219010396577,-0.400651041271842,0.326760663658515,5,0.12665398857891,77.8075230733145,0.999626430124647
"Sst-9","ZNF451",-0.0204976279531569,0.102290474042877,0.841178333045036,-0.220983273038726,0.179988017132412,5,0.0120090168790274,20.880600601185,0.999626430124647
"Sst-9","HIVEP2",-0.133570387293276,0.0969475213330509,0.168277494269838,-0.323584037496485,0.0564432629099322,5,0.0165796571341159,35.9817904731724,0.999626430124647
"Sst-9","LPIN2",0.210022442462225,0.110881568305677,0.0582097462894678,-0.00730143796621954,0.427346322890669,5,0.010601593837571,15.9407579342026,0.999626430124647
"Sst-9","ANO8",-0.260140719846642,0.171946150852951,0.130300055912912,-0.597148982798718,0.076867543105433,5,0.0218710834000127,13.3889206538451,0.999626430124647
"Sst-9","PIGT",0.240455008006864,0.171730483684624,0.161456948998764,-0.0961305550626431,0.57704057107637,5,0,0,0.999626430124647
"Sst-9","HEATR6",0.0299590635173674,0.149095624656743,0.840746598243721,-0.262262991062351,0.322181118097086,5,0,0,0.999626430124647
"Sst-9","DDX55",0.164566748243021,0.146775974231005,0.262198315433877,-0.123108875045528,0.45224237153157,5,9.85233944739913e-07,0.000710789072318335,0.999626430124647
"Sst-9","CPB2-AS1",0.268666310026602,0.141805313176873,0.0581435788540895,-0.00926699661649327,0.546599616669696,5,0,0,0.999626430124647
"Sst-9","BRD2",0.0851390299927842,0.136980586459006,0.534243826249638,-0.183337986048043,0.353616046033611,5,0.00549520409879481,4.53968805873947,0.999626430124647
"Sst-9","LRRC8A",-0.104717296814463,0.171299243529429,0.540992995424658,-0.440457644711099,0.231023051082172,5,0,0,0.999626430124647
"Sst-9","CDK5RAP2",0.0354079633118716,0.109604670153352,0.746656169321224,-0.17941324272609,0.250229169349834,5,3.61821981914057e-06,0.00413126402133388,0.999626430124647
"Sst-9","LGI2",-0.220528584810584,0.211817461482849,0.297817252857493,-0.635683180613667,0.1946260109925,5,0.0707319868549082,31.874532238365,0.999626430124647
"Sst-9","ATM",0.0481225210702488,0.139423639719291,0.729979169645798,-0.225142791373049,0.321387833513547,5,0.0436243025770096,47.031902509771,0.999626430124647
"Sst-9","CCT2",0.224854387464441,0.132272832143165,0.0891443322186735,-0.0343955996692745,0.484104374598157,5,0,0,0.999626430124647
"Sst-9","FKBP4",-0.18614344295223,0.169382220396428,0.271787681937391,-0.518126494550655,0.145839608646195,5,4.64372170975492e-06,0.0026476753888041,0.999626430124647
"Sst-9","TAC3",-0.16464766149656,0.34804757519288,0.63616980847019,-0.846808373781101,0.517513050787981,5,0.289826281727597,49.9621399764095,0.999626430124647
"Sst-9","TSTD2",0.0811536378277804,0.117856451529513,0.491087383930377,-0.149840762515756,0.312148038171317,5,1.69861533437086e-06,0.00162029631763896,0.999626430124647
"Sst-9","CRTC3",-0.126541093971845,0.0994051407192886,0.203023932592212,-0.321371589659787,0.0682894017160963,5,0.00636560846289483,10.6891248553698,0.999626430124647
"Sst-9","CUL9",-0.0539584507675287,0.146033560016006,0.711759919441652,-0.340178968933069,0.232262067398011,5,4.09268400506386e-06,0.00256355219841415,0.999626430124647
"Sst-9","CDS1",-0.082475480106133,0.0992380288421823,0.405924230227535,-0.276978442533557,0.112027482321291,5,0,0,0.999626430124647
"Sst-9","TTC17",-0.00721639306140047,0.0887344357315088,0.935182909495178,-0.181132691283642,0.166699905160841,5,0.00778779690692333,18.1543468605804,0.999626430124647
"Sst-9","PEX2",0.111221552048963,0.184983354606903,0.547672370185638,-0.251339160719969,0.473782264817895,5,0,0,0.999626430124647
"Sst-9","CREB1",-9.99121600533889e-05,0.109844691863873,0.999274262983507,-0.215391552106144,0.215191727786037,5,7.67533892722663e-07,0.000960119697019048,0.999626430124647
"Sst-9","NOL9",-0.00293960811506803,0.1386909171143,0.983089791489834,-0.274768810641925,0.268889594411789,5,0.00246215858807215,2.02297588195248,0.999626430124647
"Sst-9","DAZAP2",-0.114865000294533,0.178908775660485,0.520852982039602,-0.465519757107239,0.235789756518173,5,0,0,0.999626430124647
"Sst-9","STX17",0.016653678236577,0.138896342139936,0.90456232561396,-0.25557814994205,0.288885506415204,5,0.00696320863531109,5.99528634424148,0.999626430124647
"Sst-9","ZNF493",0.0514586072920436,0.129853981267654,0.691898073120999,-0.203050519241697,0.305967733825785,5,0,0,0.999626430124647
"Sst-9","ANKRD6",-0.00459223915070158,0.12887236242885,0.971574188861987,-0.257177428113841,0.247992949812438,5,0,0,0.999626430124647
"Sst-9","RRAGB",0.342219755932322,0.122201193286898,0.00510295697516802,0.102709818222185,0.581729693642459,5,0,0,0.999626430124647
"Sst-9","TMEM106B",0.0309288678425875,0.176777792531344,0.861111840797346,-0.315549238785341,0.377406974470516,5,0.0838635979732271,57.7144559724995,0.999626430124647
"Sst-9","ADAM15",0.241489808449157,0.188046802300838,0.19907179000859,-0.127075151468409,0.610054768366724,5,0,0,0.999626430124647
"Sst-9","RABGGTB",-0.105044046128253,0.343465163598063,0.759729440737505,-0.778223396724613,0.568135304468107,5,0.347565331990337,64.9212733055848,0.999626430124647
"Sst-9","ADAP1",-0.655898757828829,0.19350267879929,0.00069991933256261,-1.03515703918746,-0.276640476470198,5,0,0,0.64602172787953
"Sst-9","GABRG3",0.0843012852568317,0.102461855375912,0.410645769194039,-0.116520261069108,0.285122831582772,5,0.00488569650517305,8.5043136796577,0.999626430124647
"Sst-9","MMS19",0.121452761990976,0.167968317212577,0.469637205314189,-0.207759090289473,0.450664614271426,5,0.0587136070165577,43.3744568492292,0.999626430124647
"Sst-9","TMEM62",-0.173102369866868,0.12461070750956,0.164788592595174,-0.417334868673661,0.0711301289399255,5,0,0,0.999626430124647
"Sst-9","PHACTR2",-0.0585619619495187,0.181765246086413,0.747312855225338,-0.414815297919948,0.29769137402091,5,0.0559167897756872,34.8864781141083,0.999626430124647
"Sst-9","CSPG5",0.0483053195357044,0.151772153957777,0.750276160118917,-0.249162636077608,0.345773275149017,5,0.0159371104566679,11.4424493000181,0.999626430124647
"Sst-9","RARS2",0.0030642672151238,0.0934024827557007,0.973828393885066,-0.180001235052673,0.186129769482921,5,9.92959675255978e-08,0.000163175813812784,0.999626430124647
"Sst-9","RND3",-0.12332608375975,0.142892447173867,0.388099368301152,-0.403390133883322,0.156737966363821,5,0,0,0.999626430124647
"Sst-9","TMEM184C",0.0137299297819678,0.138981616231563,0.921305374616678,-0.258669032545064,0.286128892109,5,0,0,0.999626430124647
"Sst-9","APMAP",-0.0063614053131926,0.229445779563445,0.977881410990454,-0.456066869662261,0.443344059035876,5,0.102487024170304,40.4727051967135,0.999626430124647
"Sst-9","CLCN7",0.0634344795292919,0.224192290144336,0.777217658063725,-0.375974334765161,0.502843293823744,5,0.0976033119452626,40.5234579931236,0.999626430124647
"Sst-9","FHIT",-0.219878390738479,0.159494468042581,0.168019437427664,-0.532481803835312,0.0927250223583536,5,0.0880339624847107,72.9462317427124,0.999626430124647
"Sst-9","ACADVL",0.0974506030115015,0.166591766848668,0.558570241414994,-0.229063260132781,0.423964466155784,5,0.0423853489696089,30.2561397409719,0.999626430124647
"Sst-9","SRBD1",-0.130560305624274,0.127700574795817,0.306594443755503,-0.38084883302914,0.119728221780591,5,2.42713905620457e-06,0.00216791662507201,0.999626430124647
"Sst-9","MAPKAP1",-0.0452422183424184,0.0817946858059987,0.580181730219834,-0.205556856648945,0.115072419964109,5,1.93185258136458e-06,0.00399808734451723,0.999626430124647
"Sst-9","ZNF75D",0.0301127325740146,0.183702271355696,0.869793024192054,-0.329937103161354,0.390162568309383,5,0.0277424647056967,15.297227422403,0.999626430124647
"Sst-9","HSF1",-0.0469858839135589,0.155464983262012,0.762478197249627,-0.351691651964225,0.257719884137108,5,0,0,0.999626430124647
"Sst-9","SYT5",0.128507706776882,0.165807535373826,0.438315187945549,-0.196469090921168,0.453484504474933,5,0,0,0.999626430124647
"Sst-9","TANGO2",-0.11353614628996,0.134734382448602,0.399415005303864,-0.377610683368466,0.150538390788546,5,0,0,0.999626430124647
"Sst-9","NUFIP2",-0.0420873536316138,0.137558294488194,0.759635002768749,-0.311696656603228,0.22752194934,5,0.0289040124788506,30.2704394506724,0.999626430124647
"Sst-9","NT5C3B",0.0738946843954976,0.16834731946598,0.66070366931425,-0.256059998651683,0.403849367442678,5,0,0,0.999626430124647
"Sst-9","PRDM10",-0.0814203195246142,0.134611652633032,0.545276390077824,-0.345254310584774,0.182413671535545,5,0,0,0.999626430124647
"Sst-9","TFAP2E",0.112820070282888,0.141213265328669,0.424328718345274,-0.163952843900602,0.389592984466378,5,2.36749842032127e-06,0.00177573074125212,0.999626430124647
"Sst-9","ZMIZ2",-0.0414680246302768,0.145605047878588,0.775798914018032,-0.326848674439539,0.243912625178985,5,0,0,0.999626430124647
"Sst-9","HELQ",-0.163645213248386,0.203123580184826,0.420448375815271,-0.561760114821478,0.234469688324706,5,0.0587126005653628,28.0340625918888,0.999626430124647
"Sst-9","SSH1",-0.0954439798668922,0.093830366200445,0.309059657717941,-0.279348118275969,0.0884601585421843,5,0,0,0.999626430124647
"Sst-9","TTC21A",-0.0257866849748186,0.17066546032781,0.879900835589381,-0.360284840622276,0.308711470672639,5,1.45048911243904e-06,0.000874023971246455,0.999626430124647
"Sst-9","MAN2C1",-0.115589254985993,0.124980838542658,0.355040914104613,-0.360547197287217,0.129368687315231,5,0,0,0.999626430124647
"Sst-9","CSE1L",-0.103139947436398,0.140312423123512,0.462294717252997,-0.378147243342028,0.171867348469231,5,0,0,0.999626430124647
"Sst-9","ZYX",-0.12579545603245,0.147519279256034,0.393804007990001,-0.414927930399582,0.163337018334683,5,0,0,0.999626430124647
"Sst-9","KAT7",0.0705422664319212,0.135338600368903,0.60220795894518,-0.194716516009188,0.33580104887303,5,0.006507553718304,5.72282604611321,0.999626430124647
"Sst-9","ULK2",0.0686379164301574,0.0782502097500999,0.380399999601002,-0.0847296764627434,0.222005509323058,5,3.9738022366787e-07,0.000829817765383965,0.999626430124647
"Sst-9","MACROD1",0.0907073192476034,0.203106822089312,0.655164562264255,-0.307374737061833,0.48878937555704,5,0.0729225392032142,36.3622843114833,0.999626430124647
"Sst-9","TRNAU1AP",-0.134656010272519,0.123176700161437,0.274308699575648,-0.376077906323426,0.106765885778387,5,0,0,0.999626430124647
"Sst-9","TRAP1",-0.088971506849847,0.111887792453883,0.426505830398516,-0.30826755036915,0.130324536669456,5,0,0,0.999626430124647
"Sst-9","ALDH7A1",0.0720992780906225,0.127235201110923,0.570944245885457,-0.177277133652497,0.321475689833742,5,0,0,0.999626430124647
"Sst-9","MTHFD1",-0.1637319348649,0.153024134033058,0.284630747022846,-0.463653726335123,0.136189856605322,5,2.92947847374169e-06,0.00183489661893925,0.999626430124647
"Sst-9","CRTAP",-0.136970376454115,0.18203291780765,0.451781453817148,-0.493748339357849,0.21980758644962,5,0,0,0.999626430124647
"Sst-9","PRKACA",0.033428793883598,0.129645020749039,0.796523714539701,-0.220670777559466,0.287528365326663,5,0.00319500658003656,2.79731218236336,0.999626430124647
"Sst-9","EIF2AK3",0.0164285959936294,0.127796032044559,0.897711155787942,-0.234047024180832,0.266904216168091,5,2.40937910514275e-07,0.000229291446439564,0.999626430124647
"Sst-9","VPS13C",-0.0301416823374398,0.109814592220781,0.783717359224722,-0.245374328067122,0.185090963392243,5,0.032173378534898,57.7538447837645,0.999626430124647
"Sst-9","RPS23",0.171712387470246,0.17408974221222,0.323964293477999,-0.169497237343568,0.51292201228406,5,0,0,0.999626430124647
"Sst-9","EPN1",0.259251084754965,0.185651003873082,0.162581069190127,-0.104618196529982,0.623120366039911,5,0,0,0.999626430124647
"Sst-9","TAF15",0.0445927635931518,0.0755723368405966,0.555145541005896,-0.103526294841947,0.192711822028251,5,0.00199842388525229,5.107539313858,0.999626430124647
"Sst-9","SLC38A7",-0.0770842996571801,0.170190900479102,0.650600268588044,-0.410652335092661,0.2564837357783,5,2.13170366969169e-06,0.00108973111677464,0.999626430124647
"Sst-9","CINP",0.0992837527778568,0.164154926208233,0.545300342667987,-0.222453990475111,0.421021496030824,5,0,0,0.999626430124647
"Sst-9","CTBP1",-0.115397436577483,0.128976125364402,0.370937125873504,-0.368185997157235,0.137391124002268,5,0.00547036412118969,4.8661523823342,0.999626430124647
"Sst-9","GNA13",-0.0375679711217284,0.106493003888169,0.724257819664869,-0.246290423348023,0.171154481104566,5,7.63978083532894e-07,0.000757403032597345,0.999626430124647
"Sst-9","ABCB9",-0.00739545333340514,0.107812576100779,0.945311632146238,-0.218704219571415,0.203913312904605,5,9.73235624128248e-07,0.00122919206349989,0.999626430124647
"Sst-9","NPM1",-0.121587968843163,0.141749189818732,0.39102038894347,-0.39941127572561,0.156235338039284,5,0,0,0.999626430124647
"Sst-9","SLC25A42",-0.00878169743892083,0.170075766646676,0.958820302532098,-0.342124074709443,0.324560679831602,5,0.0345061614492177,22.5854521044933,0.999626430124647
"Sst-9","RAP1B",-0.0170860672677124,0.104815342527999,0.870509672611246,-0.22252036364982,0.188348229114395,5,0,0,0.999626430124647
"Sst-9","PKD1",-0.236613537753847,0.115764283229114,0.0409609354936341,-0.463507363579004,-0.00971971192869056,5,0.0172494418906942,24.8858015364454,0.999626430124647
"Sst-9","PCDH7",-0.163827376100613,0.146098860412718,0.262140602420147,-0.450175880691886,0.12252112849066,5,0.0787777194914396,77.105006327379,0.999626430124647
"Sst-9","PREX2",-0.317844128220847,0.209416920333893,0.129075510484248,-0.728293749828571,0.092605493386877,5,0,0,0.999626430124647
"Sst-9","SUSD6",-0.0999804450350075,0.125575895519076,0.425930065177655,-0.346104677578761,0.146143787508746,5,0,0,0.999626430124647
"Sst-9","PNMA1",-0.0362339997976977,0.214898578064007,0.866103595331752,-0.457427473132021,0.384959473536625,5,0.0639946144944678,27.9623292767896,0.999626430124647
"Sst-9","TCEA1",-0.0181943428097427,0.203390277004489,0.928720058707082,-0.416831960544166,0.380443274924681,5,0.0571052687102076,27.0306993887661,0.999626430124647
"Sst-9","ZFP64",-0.123221680302063,0.191410302927064,0.519733163987741,-0.49837898030901,0.251935619704885,5,0.0488176800318383,25.5878315441446,0.999626430124647
"Sst-9","RPL23",0.30449681199885,0.218407118164085,0.163266053628786,-0.12357327356994,0.73256689756764,5,0.0864143999998255,37.278761785077,0.999626430124647
"Sst-9","DEF8",-0.0161817096983148,0.180633993366561,0.928618705553383,-0.370217831080422,0.337854411683792,5,0.00981473771752702,5.35725680246676,0.999626430124647
"Sst-9","QSOX1",0.0328364367201692,0.160799701472634,0.8381916826957,-0.282325186890985,0.347998060331323,5,0,0,0.999626430124647
"Sst-9","WRNIP1",-0.00106843308033522,0.133708412643044,0.993624356388117,-0.26313210629072,0.26099524013005,5,0,0,0.999626430124647
"Sst-9","GLOD4",-0.0282298832081515,0.154282076024946,0.85481702249613,-0.330617195677117,0.274157429260814,5,0,0,0.999626430124647
"Sst-9","PRMT7",0.057059527197069,0.110884280713087,0.606842169189706,-0.160269669452211,0.274388723846349,5,2.2509706060927e-07,0.000249411364135808,0.999626430124647
"Sst-9","EDF1",-0.235245688562184,0.185113140344124,0.203792292958642,-0.598060776701775,0.127569399577408,5,0,0,0.999626430124647
"Sst-9","GABBR2",-0.0139522672366917,0.089982314174655,0.876777436440428,-0.190314362264584,0.1624098277912,5,0.014307259942635,35.8519131768157,0.999626430124647
"Sst-9","SPTLC1",-0.0314329682436454,0.117071273271665,0.788318870499232,-0.260888447480355,0.198022510993065,5,0,0,0.999626430124647
"Sst-9","VAPB",0.0455664991699356,0.120284962220636,0.704820609763089,-0.190187694664272,0.281320693004143,5,0,0,0.999626430124647
"Sst-9","ITGB5",0.00891900346635737,0.217576771752061,0.967301920221099,-0.417523633040175,0.43536163997289,5,0.0401814664804281,16.2659223847724,0.999626430124647
"Sst-9","CDC42BPA",-0.00363800994815694,0.104587550262739,0.972251700015236,-0.208625841694398,0.201349821798084,5,0.0299109509112465,58.6790744676231,0.999626430124647
"Sst-9","LTA4H",-0.0111849207319093,0.142258567168771,0.937331791621716,-0.290006588874973,0.267636747411154,5,0,0,0.999626430124647
"Sst-9","YPEL2",-0.146203418670703,0.108600630432714,0.178222439417694,-0.359056743017167,0.0666499056757613,5,1.84232109460328e-07,0.000238489661125507,0.999626430124647
"Sst-9","ITPR1",-0.122313265605271,0.101743270990346,0.229295547354663,-0.321726412415648,0.0770998812051053,5,2.49196407721069e-06,0.003382340730454,0.999626430124647
"Sst-9","SV2A",-0.0622952600962799,0.0964090728261713,0.518178605404927,-0.251253570618475,0.126663050425915,5,3.29969406497269e-07,0.0006038026133772,0.999626430124647
"Sst-9","ZSCAN30",0.125577940830279,0.145099091353539,0.386784541787437,-0.158811052412144,0.409966934072703,5,0,0,0.999626430124647
"Sst-9","TM9SF2",0.0103416835684495,0.134888591517311,0.938887396287502,-0.254035097730816,0.274718464867715,5,0.0187288531419011,17.8144606843012,0.999626430124647
"Sst-9","C1orf21",-0.0470414389399324,0.11234911641012,0.675429775321488,-0.267241660798666,0.173158782918801,5,0.0197129898072378,31.0020028205521,0.999626430124647
"Sst-9","LAS1L",-0.0331600515567998,0.115042719129197,0.773162112410017,-0.258639637733583,0.192319534619984,5,0,0,0.999626430124647
"Sst-9","RAB26",-0.141802173081623,0.139799850022183,0.310428755705235,-0.415804844169202,0.132200498005956,5,0,0,0.999626430124647
"Sst-9","TRIM16",0.210164035440005,0.151912813630729,0.166526417219639,-0.08757960806637,0.50790767894638,5,1.03339352325433e-06,0.000662661860806252,0.999626430124647
"Sst-9","STARD7",0.0633742984210592,0.126002139201496,0.614990930652939,-0.183585356388875,0.310333953230993,5,0,0,0.999626430124647
"Sst-9","DNAJC24",0.0169854915361658,0.211631863227082,0.936030778349102,-0.397805338370022,0.431776321442354,5,0.0843729975792104,38.8933193044407,0.999626430124647
"Sst-9","GRAMD4",-0.136841277718141,0.159474758391093,0.390851139528715,-0.44940606060791,0.175723505171629,5,0.00370071315850557,2.53606323547038,0.999626430124647
"Sst-9","SLC9A7",0.0252366933115254,0.0892173635399322,0.777278402486632,-0.149626126022359,0.20009951264541,5,3.59415971396645e-06,0.00683733618148352,0.999626430124647
"Sst-9","DPF1",0.0770367137278386,0.190952487607954,0.686629025565868,-0.297223284742083,0.45129671219776,5,0.0540540926772924,29.3929796135653,0.999626430124647
"Sst-9","FAHD2A",0.135571876274194,0.27477721363872,0.621738211884794,-0.402981566229965,0.674125318778354,5,0.207240602718441,57.9605335455681,0.999626430124647
"Sst-9","CWC25",-0.0762438463297706,0.167913663162328,0.649781491281719,-0.405348578640124,0.252860885980583,5,0,0,0.999626430124647
"Sst-9","ZC3H8",-0.0351042624248707,0.0986541374570394,0.721966660905432,-0.228462818766532,0.15825429391679,5,0,0,0.999626430124647
"Sst-9","TFB1M",0.303308774909633,0.130748100713481,0.0203519760642034,0.0470472064641945,0.559570343355071,5,0.00692459750599785,6.3319418797361,0.999626430124647
"Sst-9","METAP1D",0.0247849794413946,0.321639793692081,0.938577255812328,-0.605617432189977,0.655187391072766,5,0.349065363410953,71.9992847207132,0.999626430124647
"Sst-9","LIN52",0.126871209367687,0.169607832022154,0.454443972891985,-0.205554032891654,0.459296451627027,5,0.0782496017098919,59.5138958160428,0.999626430124647
"Sst-9","PRH1",-0.0253636248288993,0.1727875654151,0.883297147143239,-0.364021030018853,0.313293780361054,5,0.040817198417691,28.2950127718959,0.999626430124647
"Sst-9","LPXN",-0.370813455866449,0.173205806892886,0.0322834332296685,-0.710290599289704,-0.0313363124431932,5,0,0,0.999626430124647
"Sst-9","PIANP",-0.104568308433074,0.154590034114909,0.498771897656594,-0.407559207667113,0.198422590800965,5,0,0,0.999626430124647
"Sst-9","SGPL1",0.183386951518243,0.121214447432526,0.130301679227192,-0.0541889998554312,0.420962902891918,5,1.91008434037633e-06,0.0018304683360735,0.999626430124647
"Sst-9","ANKRD24",0.00892270590363879,0.18960530565697,0.962465910865492,-0.362696864461732,0.380542276269009,5,0.0569730710292842,31.6264151326099,0.999626430124647
"Sst-9","PHACTR4",-0.132725050793807,0.0922861633469479,0.150380110205642,-0.313602607225206,0.0481525056375911,5,0,0,0.999626430124647
"Sst-9","KCNH3",-0.0632074961305941,0.226311088514926,0.780018644298424,-0.506769078921906,0.380354086660718,5,0.0824051265925656,32.5356475213479,0.999626430124647
"Sst-9","PLXDC2",-0.171796361876255,0.165987506901919,0.300670902523859,-0.497125897287611,0.1535331735351,5,3.76820717392499e-06,0.0020900201068991,0.999626430124647
"Sst-9","ERBB4",0.344431884044471,0.278201960838674,0.215692262294055,-0.200833939627752,0.889697707716695,5,0.114051518557123,30.1201994480353,0.999626430124647
"Sst-9","MICALL2",-0.290755822637172,0.188264740279102,0.122491771584353,-0.659747933143,0.0782362878686564,5,0,0,0.999626430124647
"Sst-9","TM2D3",0.120547593600297,0.14189889411051,0.395585558055186,-0.157569128302365,0.39866431550296,5,0.021538676055706,19.8248537336369,0.999626430124647
"Sst-9","FASTK",0.0404240399385383,0.158381321785003,0.798543632036803,-0.269997646583917,0.350845726460994,5,0,0,0.999626430124647
"Sst-9","RAB22A",0.0146225444720936,0.12174956028911,0.904401184862432,-0.224002208828151,0.253247297772338,5,0,0,0.999626430124647
"Sst-9","ATG16L1",-0.0741620784000713,0.137789825104563,0.590420972152542,-0.344225173041088,0.195901016240945,5,0,0,0.999626430124647
"Sst-9","FAM133B",0.0595492667631894,0.104863950210396,0.570122108349086,-0.145980298925788,0.265078832452167,5,3.05935975678089e-06,0.00366403863785854,0.999626430124647
"Sst-9","CRY2",-0.0100452004533752,0.118138317633845,0.932238218140819,-0.241592048209865,0.221501647303114,5,0,0,0.999626430124647
"Sst-9","AGBL3",0.15010094145053,0.140949045985571,0.286907370641782,-0.126154112336468,0.426355995237529,5,0,0,0.999626430124647
"Sst-9","MAN1B1",0.151225045447525,0.175485082961892,0.388822673259874,-0.192719396981807,0.495169487876858,5,4.07201862504274e-06,0.00223411302039754,0.999626430124647
"Sst-9","RSBN1L",-0.0627924908937105,0.07674595417647,0.413250797341255,-0.213211797038753,0.087626815251332,5,0,0,0.999626430124647
"Sst-9","RASSF8-AS1",0.0261980553258661,0.151799456257207,0.862978957695097,-0.271323411811022,0.323719522462754,5,2.44353529533072e-06,0.00139956415930247,0.999626430124647
"Sst-9","KLHL12",0.211639941709661,0.165123195599831,0.199944628016324,-0.111995574678171,0.535275458097493,5,0,0,0.999626430124647
"Sst-9","NCOR1",-0.0862529346217268,0.0676997092459568,0.202645068298323,-0.218941926507635,0.0464360572641818,5,0,0,0.999626430124647
"Sst-9","OAZ2",0.232622905481215,0.16891692366831,0.168467772488534,-0.0984481812879736,0.563693992250403,5,0.0246583912526491,14.9495923824271,0.999626430124647
"Sst-9","ZNF235",0.126981449303475,0.125528278980725,0.311740616465843,-0.119049456540043,0.373012355146993,5,0.00822786518643347,8.81229465763064,0.999626430124647
"Sst-9","CCDC112",0.0684359293161556,0.165368853134309,0.678992690946049,-0.255681066991784,0.392552925624096,5,0,0,0.999626430124647
"Sst-9","GRK5",-0.0295368957882834,0.174900997589701,0.865892760970745,-0.372336551924225,0.313262760347658,5,0.0746792838971867,51.9029019969895,0.999626430124647
"Sst-9","STK25",0.25095837136769,0.193777772138886,0.195291468932499,-0.128839083028935,0.630755825764315,5,0.0782803077990813,43.3986930247121,0.999626430124647
"Sst-9","XPNPEP3",-0.166353873500981,0.245062690796217,0.49725083964062,-0.646667921416041,0.31396017441408,5,0.138688307887627,49.578482596725,0.999626430124647
"Sst-9","U2SURP",0.0292068988493609,0.0754631332152148,0.698730050915834,-0.118698124413009,0.17711192211173,5,0,0,0.999626430124647
"Sst-9","ZNF26",0.139001149482206,0.146374120223701,0.342300658516233,-0.147886854424985,0.425889153389397,5,0.00726773188379612,4.99341980839618,0.999626430124647
"Sst-9","GPSM1",-0.191660280879874,0.233722055988636,0.412196119065782,-0.649747093010254,0.266426531250506,5,0.0975725966001522,36.6044298181663,0.999626430124647
"Sst-9","ATG14",0.0856236442700716,0.116046864662513,0.46061364355811,-0.141824030987247,0.31307131952739,5,0,0,0.999626430124647
"Sst-9","PTPN18",-0.0383595484884929,0.137523120182289,0.780297291945673,-0.307899911087352,0.231180814110366,5,0,0,0.999626430124647
"Sst-9","ELK4",-0.028506295107293,0.145173697250158,0.844328467277807,-0.313041513220124,0.256028923005538,5,0,0,0.999626430124647
"Sst-9","CDADC1",-0.120237329934726,0.140590869324891,0.392424615506397,-0.39579037036669,0.155315710497238,5,0,0,0.999626430124647
"Sst-9","PRDM5",-0.00355196183281043,0.143025791554232,0.980187040486223,-0.283877362139438,0.276773438473818,5,0,0,0.999626430124647
"Sst-9","LAMA4",-0.0874004208877858,0.246623954447758,0.72304857936,-0.570774489330239,0.395973647554667,5,0.0664675739643456,21.7304330520259,0.999626430124647
"Sst-9","RPAP3",0.00243548243185342,0.152546694625792,0.987261924721553,-0.296550544995329,0.301421509859036,5,2.02031584647827e-06,0.00129815931354984,0.999626430124647
"Sst-9","SORCS2",-0.247895406691031,0.195120730069724,0.203916582409448,-0.630325010264852,0.134534196882789,5,0.0616955407775622,32.604088326327,0.999626430124647
"Sst-9","SSBP2",0.0302873526003414,0.147989735943688,0.837838971437473,-0.259767199930879,0.320341905131562,5,0.0597871275603528,58.3420388364806,0.999626430124647
"Sst-9","FGF12",-0.0462611010017529,0.0756256376530166,0.540728400280427,-0.194484627109542,0.101962425106036,5,0.0107864836470221,38.8599301653069,0.999626430124647
"Sst-9","SUPT6H",0.0436858608805746,0.16548467771925,0.791789669391104,-0.280658147442374,0.368029869203523,5,0.036744832751275,26.0194376279829,0.999626430124647
"Sst-9","COX19",-0.072913386843949,0.149238844116361,0.625147272591399,-0.365416146406405,0.219589372718507,5,0,0,0.999626430124647
"Sst-9","TMEM266",0.0455616903945563,0.115237744428704,0.69256892775775,-0.180300138345335,0.271423519134448,5,1.87398635596141e-06,0.00188766169725943,0.999626430124647
"Sst-9","UNC80",-0.0227285818963604,0.0549743279241988,0.679284329890542,-0.130476284702085,0.0850191209093639,5,0,0,0.999626430124647
"Sst-9","ACAA1",-0.0793060207977318,0.158724603649618,0.617324772255437,-0.390400527411379,0.231788485815915,5,0,0,0.999626430124647
"Sst-9","NF2",0.0210702796615387,0.119908316931276,0.860513986203883,-0.213945702970576,0.256086262293653,5,0,0,0.999626430124647
"Sst-9","SFT2D1",0.029961824492608,0.184277255261826,0.870840468176476,-0.331214958990465,0.391138607975681,5,0.0389510842922196,21.345861565857,0.999626430124647
"Sst-9","TRAPPC2",-0.255852021893632,0.170330443496494,0.133073312219044,-0.589693556617495,0.0779895128302305,5,0,0,0.999626430124647
"Sst-9","MAPK3",-0.134710458162953,0.284627987041857,0.636009107096896,-0.692571061757125,0.42315014543122,5,0.194097645269337,50.8491262037261,0.999626430124647
"Sst-9","NCBP3",0.0691334764370396,0.155190914520237,0.655977436079371,-0.235035126750459,0.373302079624538,5,0.0168900891801162,12.4210873808765,0.999626430124647
"Sst-9","MTMR6",0.200285521688908,0.206674239371028,0.332501293113529,-0.204788544010517,0.605359587388332,5,0.115653583786602,57.8548180530161,0.999626430124647
"Sst-9","SLC2A6",-0.0961998308323017,0.218047013052176,0.659076550508978,-0.523564123351101,0.331164461686497,5,0.0503533811859888,20.5144043687702,0.999626430124647
"Sst-9","PCID2",-0.00188949810560293,0.111718614821742,0.98650601337351,-0.220853959558921,0.217074963347715,5,3.4681455878195e-06,0.00341345701812432,0.999626430124647
"Sst-9","RPF2",0.13521988771135,0.172651014622998,0.433510990792831,-0.203169882844025,0.473609658266724,5,0.033668813664625,21.147192506805,0.999626430124647
"Sst-9","SEC61A1",-0.0878511600276433,0.218903985321676,0.688182480279037,-0.516895087330413,0.341192767275126,5,0.0847617879782903,36.6859303357534,0.999626430124647
"Sst-9","CHIC2",0.0432896423826745,0.106473073755933,0.684317730445432,-0.165393747502231,0.25197303226758,5,0,0,0.999626430124647
"Sst-9","CD46",-0.0176217168141854,0.140004256150105,0.899838329626528,-0.292025016550711,0.25678158292234,5,0.0398040419961015,42.5538389719672,0.999626430124647
"Sst-9","CCAR2",-0.234606911417881,0.159832616547086,0.142150743081299,-0.547873083404971,0.0786592605692088,5,0,0,0.999626430124647
"Sst-9","RAVER2",0.208067165746252,0.1333292864656,0.118629702260679,-0.0532534338107481,0.469387765303252,5,0,0,0.999626430124647
"Sst-9","TMEM63C",0.195744056517364,0.14456503146059,0.175729748540946,-0.0875981985692929,0.47908631160402,5,9.81498075970706e-07,0.000737282466322439,0.999626430124647
"Sst-9","WDR73",-0.0537842628550559,0.295188258314567,0.855423215037071,-0.632342617810713,0.524774092100601,5,0.254307944357228,62.8832766367461,0.999626430124647
"Sst-9","ZNFX1",-0.195370804286112,0.2080113577161,0.347611937038604,-0.603065573784946,0.212323965212722,5,0.0673449185174859,30.8273699509069,0.999626430124647
"Sst-9","TMEM175",-0.187602216504276,0.12237142067165,0.125262106301503,-0.42744579375771,0.0522413607491576,5,0,0,0.999626430124647
"Sst-9","TRMT13",-0.0828199248136265,0.141144427383331,0.557355288732201,-0.359457919103484,0.193818069476231,5,0,0,0.999626430124647
"Sst-9","LY6E",0.185209864321871,0.235876947612656,0.432338092311159,-0.277100457782177,0.647520186425919,5,0.0654518780315294,22.7814373907756,0.999626430124647
"Sst-9","MAP4",0.0698239671346314,0.0792372591847328,0.378208934987342,-0.0854782071011106,0.225126141370373,5,0,0,0.999626430124647
"Sst-9","EEA1",-0.00270975106165438,0.088740301312537,0.975639787628798,-0.176637545611459,0.171218043488151,5,0,0,0.999626430124647
"Sst-9","CCM2",0.0290769670296374,0.129301696668572,0.822075026249537,-0.224349701580686,0.28250363563996,5,0,0,0.999626430124647
"Sst-9","BTBD7",-0.0897072891200795,0.0947770326123624,0.343889169787696,-0.275466859601888,0.0960522813617289,5,0,0,0.999626430124647
"Sst-9","FAM120C",-0.0436759680846144,0.127625465675769,0.732185445814184,-0.293817284319274,0.206465348150045,5,0,0,0.999626430124647
"Sst-9","PHYKPL",0.317657864855209,0.140930887517101,0.0241963267154762,0.0414384010124246,0.593877328697993,5,0,0,0.999626430124647
"Sst-9","TRIQK",0.0846924539249721,0.149996726175408,0.572326351674784,-0.209295727177744,0.378680635027688,5,0.0263509123918093,22.390429520644,0.999626430124647
"Sst-9","CCPG1",0.102588006810302,0.159960421631402,0.521305907635407,-0.210928658539088,0.416104672159691,5,0.0307045813728749,23.9963040457614,0.999626430124647
"Sst-9","DDX21",0.0255702737224384,0.176821600476925,0.88501834555475,-0.320993694901064,0.372134242345941,5,0,0,0.999626430124647
"Sst-9","PEX3",0.0625095212312465,0.196359197881781,0.750224982278281,-0.322347434650217,0.44736647711271,5,0.0963067205579442,52.7837427303329,0.999626430124647
"Sst-9","TIMP2",0.144144023068839,0.0812181940400939,0.0759350402490726,-0.0150407121391304,0.303328758276809,5,0,0,0.999626430124647
"Sst-9","EFCAB7",0.064184820142402,0.119080692093567,0.589884959165466,-0.169209047615093,0.297578687899897,5,0,0,0.999626430124647
"Sst-9","PTPRZ1",0.10493743699322,0.203145831755625,0.605461879882377,-0.293221076857238,0.503095950843677,5,0.0430314552067901,19.9805415177406,0.999626430124647
"Sst-9","GRK2",-0.121360678113609,0.148797633839292,0.414723843494197,-0.4129986814234,0.170277325196181,5,0,0,0.999626430124647
"Sst-9","ANGEL2",-0.0682225360406425,0.141678082686233,0.630138414498833,-0.345906475504347,0.209461403423062,5,0.0154008855838994,13.9939548467425,0.999626430124647
"Sst-9","KLHL18",-0.0745535802421689,0.146935677663779,0.611881741515256,-0.362542216507163,0.213435056022825,5,0,0,0.999626430124647
"Sst-9","NOVA2",-0.0571452809394508,0.212164777631143,0.787665080585625,-0.472980603884441,0.358690042005539,5,0.107814776628594,50.7197646668747,0.999626430124647
"Sst-9","HIP1R",0.367471490121553,0.275360072870607,0.182035916294584,-0.172224335485161,0.907167315728267,5,0.200237800536833,57.437521917389,0.999626430124647
"Sst-9","MAPRE3",0.029428687493256,0.0931781577356411,0.752129672857974,-0.153197145814393,0.212054520800905,5,0.00195202628996422,3.47531124659946,0.999626430124647
"Sst-9","ZNF804A",0.000199635143587543,0.169387755687027,0.999059638275855,-0.331794265425055,0.33219353571223,5,0,0,0.999626430124647
"Sst-9","FMR1",-0.208100058365422,0.206428355826907,0.313407311396053,-0.612692201173978,0.196492084443135,5,0.0906741834459579,44.7846999968116,0.999626430124647
"Sst-9","CLEC2L",-0.53773242495762,0.319300480058779,0.0921632602909474,-1.16354986611918,0.0880850162039363,5,0.296937963018525,60.9896143289465,0.999626430124647
"Sst-9","SFSWAP",0.0495740552325709,0.0908954280980362,0.585480795047279,-0.12857771019893,0.227725820664072,5,0,0,0.999626430124647
"Sst-9","PIP5K1A",-0.0685722770143971,0.0909430110492792,0.450840990359308,-0.246817303316612,0.109672749287818,5,0,0,0.999626430124647
"Sst-9","KLF13",-0.00252846959823967,0.163270920645125,0.987644179312687,-0.322533593785381,0.317476654588902,5,0,0,0.999626430124647
"Sst-9","EHMT1",-0.0705786344540367,0.0988238205615965,0.475111889016691,-0.264269763569415,0.123112494661341,5,0.00191663030918327,3.27747361180449,0.999626430124647
"Sst-9","USP45",-0.0892291388391748,0.151054704309744,0.554716456931785,-0.38529091898162,0.20683264130327,5,0.0158721950721729,12.1501210535483,0.999626430124647
"Sst-9","ZNF678",0.171134646970617,0.32594385159528,0.599553066011888,-0.467703563138401,0.809972857079635,5,0.344073885427201,68.4010707193188,0.999626430124647
"Sst-9","EIF2D",0.0536381104852003,0.143156560025387,0.707897374105461,-0.226943591315204,0.334219812285605,5,0,0,0.999626430124647
"Sst-9","TOR1AIP2",0.0069891740704185,0.145198032169411,0.961608285950644,-0.277593739607715,0.291572087748552,5,0.0229631485191343,20.4988056961933,0.999626430124647
"Sst-9","SCYL3",0.00645786383895217,0.155083795865063,0.966784788084179,-0.297500790642333,0.310416518320237,5,7.30484878377209e-07,0.000453667601636265,0.999626430124647
"Sst-9","ABCG1",-0.223717280862474,0.257204153731757,0.384407356998158,-0.727828158850821,0.280393597125873,5,0.170336535528663,53.8221930095983,0.999626430124647
"Sst-9","SRA1",-0.0636766132827645,0.144951958337056,0.660448082836626,-0.347777231111944,0.220424004546415,5,0,0,0.999626430124647
"Sst-9","TTF1",0.279026621567384,0.172069408073715,0.104890430418345,-0.0582232210982235,0.616276464232992,5,5.85606938195984e-06,0.00321956354236225,0.999626430124647
"Sst-9","CAAP1",-0.0968660471838904,0.0953833499526351,0.309846291721909,-0.283813977815835,0.0900818834480546,5,0,0,0.999626430124647
"Sst-9","RIMKLB",0.00567002879986527,0.0944032311292843,0.952106407339922,-0.179356904237742,0.190696961837473,5,0,0,0.999626430124647
"Sst-9","NFXL1",-0.157557271480933,0.117241776609709,0.178991628218154,-0.387346931119453,0.0722323881575866,5,0,0,0.999626430124647
"Sst-9","ANAPC7",-0.104995773012123,0.148164725351238,0.478546558056531,-0.395393298479818,0.185401752455572,5,0,0,0.999626430124647
"Sst-9","EMC3",0.0840372592213315,0.120836874052317,0.486766827809719,-0.152798661925613,0.320873180368276,5,0,0,0.999626430124647
"Sst-9","NSF",0.00721738634159354,0.0795673832647426,0.927724732196912,-0.148731819201397,0.163166591884584,5,0.00353948352520188,9.36627649620445,0.999626430124647
"Sst-9","GNB2",0.137503480256589,0.234743143149903,0.558035843319531,-0.322584625934951,0.59759158644813,5,0.0780125168892447,28.2364341086236,0.999626430124647
"Sst-9","NTM",-0.0329266829475545,0.108179518118826,0.76084543616999,-0.244954642325352,0.179101276430243,5,0.0325143919651623,59.8565583880546,0.999626430124647
"Sst-9","APTX",-0.12513425894235,0.193191137778374,0.517164408032412,-0.503781931120278,0.253513413235578,5,0.0690537627322125,38.0707344312652,0.999626430124647
"Sst-9","SLC41A3",0.167240920716724,0.129044053674896,0.194975946354436,-0.0856807769051264,0.420162618338574,5,0,0,0.999626430124647
"Sst-9","CAPN7",-0.0196284294603969,0.0801121266930725,0.806447168116353,-0.176645312503729,0.137388453582935,5,0,0,0.999626430124647
"Sst-9","MTHFR",0.0166468522161755,0.202669873779933,0.934537155571736,-0.380578801143772,0.413872505576123,5,0.050220344032867,24.0451541027256,0.999626430124647
"Sst-9","SND1",0.107672547068159,0.0919600564522692,0.241654201548405,-0.072565851594559,0.287910945730876,5,0.00863664736695404,19.2249666559985,0.999626430124647
"Sst-9","RBM28",0.0949075900387613,0.109934841208732,0.387968336121748,-0.120560739376483,0.310375919454005,5,2.35644483592073e-06,0.00275156030368037,0.999626430124647
"Sst-9","ZRSR2",0.197130567515772,0.147328678843588,0.180885827028975,-0.0916283369075294,0.485889471939074,5,4.56390669409133e-06,0.00306775058042521,0.999626430124647
"Sst-9","CTSF",-0.131819987153325,0.152382190983528,0.387004960876907,-0.430483593366344,0.166843619059695,5,7.1646268990046e-06,0.00491528714830235,0.999626430124647
"Sst-9","KIFC2",-0.237656786026712,0.121751612490565,0.0509405075099261,-0.476285561567895,0.000971989514472166,5,0.00394358912997423,4.32752274562041,0.999626430124647
"Sst-9","ZNF827",0.0389553890773044,0.174048351374924,0.822897871864613,-0.30217311118612,0.380083889340728,5,0.0551539855352656,37.6377735622437,0.999626430124647
"Sst-9","SURF4",-0.27162616670808,0.160300585434489,0.0901740726438597,-0.585809540860365,0.0425572074442047,5,0,0,0.999626430124647
"Sst-9","GLYR1",-0.0747855552185883,0.100779829694393,0.458045724654669,-0.272310391787678,0.122739281350501,5,0,0,0.999626430124647
"Sst-9","GRIN1",0.0524840234329242,0.0690053205162476,0.446908343742535,-0.0827639195205639,0.187731966386412,5,1.09452038394109e-06,0.00360092004642655,0.999626430124647
"Sst-9","GGA3",-0.365657969669958,0.14142183766613,0.00972143234584434,-0.642839678123042,-0.0884762612168735,5,0,0,0.999626430124647
"Sst-9","C2orf72",0.308127368306013,0.139674180114657,0.0273809284540719,0.0343710057111257,0.581883730900901,5,0.0113125724854056,8.89664195774183,0.999626430124647
"Sst-9","PACSIN2",-0.086143350508063,0.10248224315858,0.40058968383412,-0.287004856153755,0.114718155137629,5,0,0,0.999626430124647
"Sst-9","MXD1",0.138547331353739,0.115813403134739,0.231580326662127,-0.0884427677173678,0.365537430424845,5,0,0,0.999626430124647
"Sst-9","LUC7L2",-0.134297547996135,0.122344147521868,0.272334162834463,-0.374087670858252,0.105492574865982,5,0,0,0.999626430124647
"Sst-9","PLPP7",0.0792662805249809,0.161655959225858,0.623893775166932,-0.237573577443977,0.396106138493939,5,0,0,0.999626430124647
"Sst-9","TRIP11",-0.0326061860432701,0.0956866939921315,0.733284358292714,-0.220148660067553,0.154936287981013,5,0,0,0.999626430124647
"Sst-9","TPM1",-0.0922169845267515,0.0910479645248044,0.311136779383195,-0.270667715861049,0.0862337468075456,5,0,0,0.999626430124647
"Sst-9","PLA2G12A",-0.0166750119482883,0.154396259645305,0.913994582942892,-0.319286120200782,0.285936096304205,5,0,0,0.999626430124647
"Sst-9","MECR",-0.0508600449234736,0.174754122861348,0.771022456069603,-0.393371831881604,0.291651742034657,5,0,0,0.999626430124647
"Sst-9","CDC123",-0.0378954028264485,0.109685097990642,0.729723982484552,-0.252874244528854,0.177083438875957,5,0,0,0.999626430124647
"Sst-9","UBE2H",0.110675774786775,0.0722858822978798,0.125748575605869,-0.0310019511077704,0.252353500681321,5,0,0,0.999626430124647
"Sst-9","INTS9",-0.0911926298269482,0.120916918319688,0.450743586293047,-0.328185434855109,0.145800175201212,5,0,0,0.999626430124647
"Sst-9","BZW2",-0.196560135048519,0.127193844275403,0.122259483894999,-0.445855488883505,0.0527352187864676,5,0,0,0.999626430124647
"Sst-9","ZNF83",0.114346580688526,0.150133142298305,0.446278178312471,-0.179908971101979,0.408602132479031,5,0,0,0.999626430124647
"Sst-9","HMGXB4",0.042540727402888,0.126878559598611,0.737408624289025,-0.206136679820707,0.291218134626483,5,0,0,0.999626430124647
"Sst-9","FNTA",0.152394333559294,0.150149465334512,0.310129237714194,-0.141893210794294,0.446681877912882,5,0,0,0.999626430124647
"Sst-9","CYB5D2",0.0252282768746847,0.117717766828383,0.830304112984944,-0.20549430644943,0.2559508601988,5,0,0,0.999626430124647
"Sst-9","EPHA10",-0.156135174756611,0.161659833823296,0.33413155295852,-0.472982626797001,0.160712277283779,5,0.0111136782471231,7.07987549343638,0.999626430124647
"Sst-9","ATF6B",-0.0105585394343591,0.158149992850899,0.946770523041704,-0.320526829577387,0.299409750708669,5,0,0,0.999626430124647
"Sst-9","ZBTB38",-0.0815000327130517,0.158893237652339,0.608005022959422,-0.392925055898599,0.229924990472496,5,0.076029125879432,65.6946524577369,0.999626430124647
"Sst-9","SNAP47",0.071925390841483,0.158942910057775,0.650891946049704,-0.239596988469745,0.383447770152711,5,0,0,0.999626430124647
"Sst-9","GPR89B",0.00472313762266499,0.174449774926419,0.978400326196229,-0.337192138344234,0.346638413589564,5,0,0,0.999626430124647
"Sst-9","SNX9",-0.0343224186183567,0.0821871824214496,0.676230243411763,-0.195406336155221,0.126761498918508,5,0,0,0.999626430124647
"Sst-9","EIF2B3",-0.153604931263174,0.101892150613071,0.131676223887269,-0.353309876772125,0.0461000142457761,5,0,0,0.999626430124647
"Sst-9","CYP4V2",-0.043594381229143,0.249954524894347,0.861543845257971,-0.533496247794883,0.446307485336597,5,0.134385534058575,45.4544988387768,0.999626430124647
"Sst-9","CYP1B1-AS1",-0.18394971764732,0.207465897235211,0.375267158204337,-0.590575404248622,0.222675968953982,5,0,0,0.999626430124647
"Sst-9","SRI",0.141319006110597,0.157551460623407,0.369734679976321,-0.167476182422962,0.450114194644155,5,0.0127286580069102,9.35843847539763,0.999626430124647
"Sst-9","LCORL",-0.166170404352782,0.170575016577876,0.329968236410886,-0.500491293507741,0.168150484802176,5,0.0616255283135969,44.1314850657228,0.999626430124647
"Sst-9","AIMP1",-0.221701014903163,0.159843369093377,0.16544507845293,-0.534988261493724,0.0915862316873987,5,0,0,0.999626430124647
"Sst-9","CPSF2",-0.327527209591691,0.153552516955246,0.0329248913179515,-0.628484612559448,-0.0265698066239332,5,0,0,0.999626430124647
"Sst-9","FASTKD2",0.18927563002211,0.105680062144714,0.0732892882559633,-0.0178534856654838,0.396404745709703,5,0,0,0.999626430124647
"Sst-9","ACTR1A",-0.152333524323508,0.150030879702579,0.309940064289122,-0.446388645109424,0.141721596462409,5,0,0,0.999626430124647
"Sst-9","POU2F2",-0.220040166368736,0.479806024828253,0.646519754993441,-1.16044269459744,0.720362361859971,5,0.980664396026349,88.7040529333129,0.999626430124647
"Sst-9","ABHD6",-0.0733146751163683,0.134237966901476,0.584959711733694,-0.336416255601142,0.189786905368405,5,0,0,0.999626430124647
"Sst-9","SRRM4",-0.118133113572814,0.107547962418859,0.272019993929845,-0.328923246524445,0.0926570193788166,5,0.0236933178856936,42.5344347425788,0.999626430124647
"Sst-9","ZNF568",0.0636130891429419,0.124924800858904,0.610604297796477,-0.181235021316349,0.308461199602233,5,3.28402596844738e-06,0.00260082573496884,0.999626430124647
"Sst-9","L3MBTL4",0.00870340280594923,0.0910392658161938,0.923837837767722,-0.169730279372759,0.187137084984657,5,0.0102597008421467,24.340767662659,0.999626430124647
"Sst-9","SEMA6B",-0.0697419941367061,0.200778583450385,0.728322580838682,-0.463260786566431,0.323776798293019,5,0.0844976398140002,44.3957284488055,0.999626430124647
"Sst-9","TMEM222",-0.180509059443519,0.166577471887767,0.278526983655222,-0.506994904979276,0.145976786092237,5,0,0,0.999626430124647
"Sst-9","DHX30",0.0544842920427342,0.109117638045522,0.617556078410104,-0.159382348604567,0.268350932690036,5,0,0,0.999626430124647
"Sst-9","CYB5R4",-0.0764384991603984,0.113948463031374,0.502337490707193,-0.299773382795585,0.146896384474788,5,0.00524415786726506,6.32137751491941,0.999626430124647
"Sst-9","OSTF1",-0.129784535260026,0.170947346330026,0.447728342936222,-0.464835177319573,0.20526610679952,5,0,0,0.999626430124647
"Sst-9","KDM3A",-0.102898860863368,0.139088837852731,0.459417263674182,-0.375507973706253,0.169710251979516,5,9.05509180446218e-07,0.000686267253027257,0.999626430124647
"Sst-9","LIN7A",-0.0543692500178593,0.120666943012582,0.652297428510529,-0.290872112447068,0.182133612411349,5,0.0218277553255434,29.7302618527075,0.999626430124647
"Sst-9","NINL",-0.163310086251547,0.161564956649079,0.312111487360917,-0.479971582447517,0.153351409944424,5,0,0,0.999626430124647
"Sst-9","JPH3",0.0871956815294391,0.120502168069841,0.469309747746705,-0.148984227946442,0.32337559100532,5,0.018632297643079,24.6051560612028,0.999626430124647
"Sst-9","KNDC1",-0.113100933202369,0.111830810870224,0.311845337993294,-0.332285294869917,0.10608342846518,5,1.71537119111229e-06,0.00210945606106088,0.999626430124647
"Sst-9","RALYL",0.0582225142132717,0.109839364965345,0.596063637901687,-0.157058685203556,0.273503713630099,5,0.0166949504823029,27.3837372396889,0.999626430124647
"Sst-9","GART",-0.021376304392785,0.163406915173137,0.895920549090916,-0.341647972956926,0.298895364171356,5,0,0,0.999626430124647
"Sst-9","HERPUD2",0.140069222945702,0.213520080184644,0.511823972511924,-0.278422444192304,0.558560890083709,5,0.141839668637978,66.3850932066085,0.999626430124647
"Sst-9","WSCD2",0.289281469861763,0.296849346158936,0.329805359911259,-0.292532557444015,0.871095497167541,5,0.21949702526567,53.0313907447078,0.999626430124647
"Sst-9","SMG5",-0.260758122815706,0.229783052951934,0.256458552976299,-0.711124630859156,0.189608385227745,5,0.122991131260079,49.1831867888845,0.999626430124647
"Sst-9","CAPZA2",0.0833366231849145,0.100163659403469,0.405406360392312,-0.112980541805622,0.279653788175451,5,0,0,0.999626430124647
"Sst-9","SSX2IP",0.0236561505038991,0.0806294855924492,0.769221549399792,-0.134374737349292,0.181687038357091,5,2.32851900870604e-06,0.00509723504295405,0.999626430124647
"Sst-9","TRIM67",0.0492947557022912,0.14474959048763,0.733440905494808,-0.234409228430384,0.332998739834967,5,0.0237602047537149,21.7411147857987,0.999626430124647
"Sst-9","SREBF1",-0.257024783581638,0.168674479643055,0.127560736552651,-0.587620688793061,0.0735711216297846,5,0,0,0.999626430124647
"Sst-9","FBXO31",0.00772573741325232,0.152722909325975,0.959654916342771,-0.291605664479835,0.30705713930634,5,0,0,0.999626430124647
"Sst-9","SYT7",-0.00948950192884013,0.133507308727777,0.943335263389896,-0.271159018708153,0.252180014850473,5,0,0,0.999626430124647
"Sst-9","RYR3",-0.255855891798747,0.170062183246096,0.132456702137978,-0.589171646093345,0.0774598624958511,5,0,0,0.999626430124647
"Sst-9","MAPK14",0.0736399115027995,0.0943479224166577,0.435088158356411,-0.111278618450029,0.258558441455628,5,0.00643083565046422,13.1546325929165,0.999626430124647
"Sst-9","ZDBF2",-0.0618532018618699,0.0972621260632223,0.524813349139465,-0.25248346600558,0.12877706228184,5,0,0,0.999626430124647
"Sst-9","RNF187",0.328938014738349,0.166314320722101,0.0479502209006042,0.00296793600978845,0.65490809346691,5,0,0,0.999626430124647
"Sst-9","WHAMM",0.00628079715030098,0.166552422995062,0.969918398831246,-0.320155953457901,0.332717547758503,5,0,0,0.999626430124647
"Sst-9","RBM23",0.0547855861941015,0.140371159676559,0.696321451829999,-0.220336831240075,0.329908003628278,5,0,0,0.999626430124647
"Sst-9","PFKL",-0.188685457064908,0.167289146484049,0.259362081309371,-0.516566159178089,0.139195245048274,5,0,0,0.999626430124647
"Sst-9","SHPRH",-0.0188515757492211,0.072595318236903,0.795110371395038,-0.161135784939775,0.123432633441333,5,6.26094781717993e-06,0.017477900894615,0.999626430124647
"Sst-9","ENC1",0.189890762351922,0.154729866164983,0.21973220169194,-0.113374202664148,0.493155727367993,5,0,0,0.999626430124647
"Sst-9","MPP2",-0.0065471091687363,0.145440109265624,0.964094680625682,-0.291604485236929,0.278510266899456,5,0,0,0.999626430124647
"Sst-9","ATAD3B",-0.254285995111097,0.239754836127095,0.28886789978339,-0.724196839039505,0.215624848817311,5,0.088877303265514,31.4675459746401,0.999626430124647
"Sst-9","DUSP26",0.244497569764567,0.226259741117924,0.279872538409739,-0.198963373977921,0.687958513507054,5,0.0792055204981369,31.2108104952812,0.999626430124647
"Sst-9","SOS2",0.00334307741748048,0.0742956858276234,0.964109759812754,-0.142273791011364,0.148959945846325,5,0,0,0.999626430124647
"Sst-9","MAP3K2",-0.18297620261672,0.124976375216721,0.143170361649971,-0.427925396959857,0.0619729917264164,5,0.0286620652556575,37.7194520009977,0.999626430124647
"Sst-9","ATAD2",0.207154856515032,0.135695917691179,0.126857814260342,-0.0588042550087896,0.473113968038853,5,0,0,0.999626430124647
"Sst-9","FGD1",-0.0228689854852875,0.151017115656981,0.879634103966279,-0.31885709322209,0.273119122251515,5,0,0,0.999626430124647
"Sst-9","EVI5L",-0.0824099618292746,0.135106578953002,0.541886574596944,-0.347213990651577,0.182394066993027,5,0,0,0.999626430124647
"Sst-9","RSPRY1",0.0726403354596484,0.124859827671068,0.560718195837802,-0.172080429891523,0.31736110081082,5,4.73573522195374e-07,0.000458934040741665,0.999626430124647
"Sst-9","SH3GLB2",0.00831771290136204,0.145058198733448,0.954273941187683,-0.275991132278449,0.292626558081173,5,0,0,0.999626430124647
"Sst-9","DMAP1",0.014692410340801,0.15402627245685,0.924005862054817,-0.28719353634758,0.316578357029181,5,1.36016986394004e-07,9.42785537458621e-05,0.999626430124647
"Sst-9","TRAPPC11",-0.0862898770865201,0.1043275826856,0.408177486333655,-0.29076818174442,0.11818842757138,5,0.00487957828316377,7.06707151991835,0.999626430124647
"Sst-9","RIMS4",0.160579992121833,0.201669282872395,0.4258843618979,-0.234684539096081,0.555844523339747,5,0.0497654739281134,23.6345740956768,0.999626430124647
"Sst-9","AATF",-0.0593271167404373,0.119958913664923,0.620909352081699,-0.294442267148237,0.175788033667362,5,1.79463639391683e-06,0.00150622845477462,0.999626430124647
"Sst-9","RGS11",-0.0281229928059889,0.127966914849772,0.826052086941962,-0.278933537124246,0.222687551512268,5,4.60004163644691e-07,0.0004133834327077,0.999626430124647
"Sst-9","DMPK",0.0128455467265749,0.156759751943342,0.934691115196525,-0.294397921307808,0.320089014760958,5,0,0,0.999626430124647
"Sst-9","HSPH1",0.0251867472873816,0.15038619450022,0.86699203016752,-0.269564777705086,0.319938272279849,5,5.08644398221232e-07,0.00039139196126596,0.999626430124647
"Sst-9","PIP4K2B",0.206159915362646,0.172194071092447,0.231207850885503,-0.13133426232988,0.543654093055173,5,0.0639396217890555,44.4908902549416,0.999626430124647
"Sst-9","ARF4",-0.136308357205658,0.158694526060104,0.39037611929489,-0.447343912827116,0.174727198415799,5,0.0117098864973876,7.88155198369954,0.999626430124647
"Sst-9","RPS24",0.0455558908884683,0.133514513433222,0.732948857276032,-0.216127746854036,0.307239528630973,5,0,0,0.999626430124647
"Sst-9","TTC13",-0.0236026688810641,0.0900581316231885,0.793257764710618,-0.200113363377481,0.152908025615353,5,0,0,0.999626430124647
"Sst-9","TCEAL3",0.00286462965761016,0.140955948353675,0.983785810553551,-0.27340395252228,0.2791332118375,5,0,0,0.999626430124647
"Sst-9","ZNF821",-0.0271931973099925,0.104808367880857,0.795283151367502,-0.232613823634896,0.178227429014911,5,0,0,0.999626430124647
"Sst-9","KIF13B",-0.175527790881644,0.135832217339857,0.196274129050788,-0.44175404480798,0.0906984630446921,5,0,0,0.999626430124647
"Sst-9","PER3",0.125466163090663,0.235407003750905,0.594050547238527,-0.335923085969596,0.586855412150922,5,0.188298064659835,72.6282770727277,0.999626430124647
"Sst-9","ATR",-0.0482707483165633,0.0816234067957597,0.554263392193399,-0.208249685931714,0.111708189298588,5,0,0,0.999626430124647
"Sst-9","ZNF746",0.0268209214476852,0.173705227058506,0.877290566449157,-0.31363506751334,0.36727691040871,5,0.0272733370928352,16.3893107049745,0.999626430124647
"Sst-9","CAPNS1",-0.139951335107765,0.18528792776459,0.450058110048981,-0.50310900029642,0.223206330080891,5,0,0,0.999626430124647
"Sst-9","USP44",0.0123584925931807,0.301212644309789,0.967272673418453,-0.578007441942079,0.60272442712844,5,0.255683051565518,60.6583726784626,0.999626430124647
"Sst-9","TTC27",0.10861389023204,0.223733387084204,0.627349192162997,-0.329895490592159,0.547123271056239,5,0.131510364125835,55.0017162372162,0.999626430124647
"Sst-9","CHRD",-0.224746314479708,0.163978966796452,0.170505878953953,-0.546139183622844,0.0966465546634283,5,0,0,0.999626430124647
"Sst-9","R3HCC1L",-0.116967311441134,0.233855788556053,0.61695639891359,-0.575316234587211,0.341381611704944,5,0.133322965636567,51.7850665432748,0.999626430124647
"Sst-9","VSTM2B",-0.0802164370565947,0.126305048023171,0.52536267526422,-0.327769782247611,0.167336908134422,5,0.0209217025746333,25.4628845441164,0.999626430124647
"Sst-9","ING4",-0.161127475315263,0.150070588582207,0.282967067040302,-0.455260424075117,0.133005473444591,5,0,0,0.999626430124647
"Sst-9","PITPNM3",0.0275996873385953,0.102051349095413,0.78681483220331,-0.172417281462139,0.22761665613933,5,0,0,0.999626430124647
"Sst-9","WDR75",0.0776739273087007,0.10698082210769,0.46780524605255,-0.132004631058858,0.287352485676259,5,0,0,0.999626430124647
"Sst-9","RRP15",0.0871266166376565,0.184494169566588,0.636751275029225,-0.274475311070481,0.448728544345794,5,0.0479399954512812,27.6226730349851,0.999626430124647
"Sst-9","FBRSL1",-0.130906414003302,0.141372315684544,0.354461972316483,-0.407991061156036,0.146178233149432,5,0,0,0.999626430124647
"Sst-9","HID1",-0.126099345948212,0.145739381403742,0.386907814572022,-0.411743284628692,0.159544592732269,5,0,0,0.999626430124647
"Sst-9","SEMA4D",0.0158070691617493,0.278444287989044,0.954729021478979,-0.529933706997676,0.561547845321174,5,0.216469163984612,59.0219228378822,0.999626430124647
"Sst-9","MKNK1",-0.00810266693761527,0.119188986395439,0.945800221758354,-0.241708787626509,0.225503453751279,5,0,0,0.999626430124647
"Sst-9","DAP3",-0.0918567064758999,0.0918156064532415,0.31709392646088,-0.271811988342957,0.0880985753911568,5,0,0,0.999626430124647
"Sst-9","PIBF1",-0.0181817201414932,0.120036926356425,0.879606768846813,-0.253449772614973,0.217086332331986,5,0.0291343378764161,41.859897088112,0.999626430124647
"Sst-9","KRTAP5-AS1",-0.283656283505028,0.134089195953413,0.0343933305771627,-0.546466278289652,-0.0208462887204038,5,0,0,0.999626430124647
"Sst-9","HSP90AB1",0.0832113464886996,0.162306569693402,0.608175120308882,-0.234903684564609,0.401326377542009,5,0.0756608994309941,60.3662377043614,0.999626430124647
"Sst-9","SIRPA",-0.147545155454742,0.113375246917337,0.193125770723766,-0.369756556151057,0.0746662452415742,5,3.049878655957e-06,0.0037468395357292,0.999626430124647
"Sst-9","CEPT1",-0.0956750983635278,0.166248224858758,0.564956261345151,-0.42151563158041,0.230165434853354,5,0.0389712872014016,27.4373977565317,0.999626430124647
"Sst-9","TMEM259",-0.219921941028458,0.139985174230349,0.116173966973315,-0.494287840889506,0.0544439588325902,5,0,0,0.999626430124647
"Sst-9","CSNK2A2",-0.328608764904679,0.223571418522804,0.141611695365492,-0.766800693181905,0.109583163372547,5,0.0956889868617852,39.7838783203486,0.999626430124647
"Sst-9","CHMP2B",0.103764813342538,0.242040617677138,0.668135544877034,-0.370626080100481,0.578155706785557,5,0.108833349881162,38.4287542618426,0.999626430124647
"Sst-9","ZNF528",0.103486835622292,0.142199986062146,0.466763210636584,-0.175220015661612,0.382193686906196,5,0,0,0.999626430124647
"Sst-9","HS1BP3",0.0129102240899137,0.155165156053577,0.933690037113472,-0.291207893430635,0.317028341610462,5,2.25142750595677e-06,0.00144625493864222,0.999626430124647
"Sst-9","LINC01252",-0.0767327052964353,0.118080959918006,0.515801189664697,-0.308167133995645,0.154701723402774,5,0,0,0.999626430124647
"Sst-9","IP6K2",0.0546544657010546,0.101149961370396,0.588968742936668,-0.143595815622539,0.252904747024648,5,0,0,0.999626430124647
"Sst-9","HMGCR",-0.00259701678984837,0.198968899631497,0.989586006807254,-0.392568894111147,0.387374860531451,5,0.0908574673463223,48.5920558167039,0.999626430124647
"Sst-9","ELL2",0.0655805659211084,0.262916764343761,0.80302454152825,-0.449726823124467,0.580887954966684,5,0.268801072654399,80.6681256878545,0.999626430124647
"Sst-9","SORL1",-0.220879604751426,0.112733504870275,0.050076782674682,-0.441833214148136,7.40046452838705e-05,5,0,0,0.999626430124647
"Sst-9","CLUH",0.00321491936687159,0.193804346049884,0.986764915547165,-0.376634618938239,0.383064457671982,5,0.0291744001008867,14.7030579061625,0.999626430124647
"Sst-9","CYTH3",-0.0609626773584717,0.0722485956988321,0.398786495350005,-0.202567322861778,0.0806419681448346,5,0,0,0.999626430124647
"Sst-9","MIGA2",-0.0413618399172683,0.148502252333067,0.780608084193892,-0.332420906113159,0.249697226278622,5,0,0,0.999626430124647
"Sst-9","TRAPPC10",-0.180905863617741,0.179725136153436,0.314141635478431,-0.533160657595033,0.171348930359551,5,0.0526639783528285,32.0402112275854,0.999626430124647
"Sst-9","SLC15A4",-0.00153421946312084,0.124943480856241,0.990202776070099,-0.246418942044422,0.24335050311818,5,7.21360000614585e-07,0.000604008731334546,0.999626430124647
"Sst-9","PARP6",0.0247869160920215,0.150928827960757,0.869550738797303,-0.271028150939904,0.320601983123947,5,0,0,0.999626430124647
"Sst-9","TOX4",-0.00405906806175721,0.133045601509756,0.97566123681436,-0.264823655322347,0.256705519198833,5,0,0,0.999626430124647
"Sst-9","SMC1A",0.100248477758418,0.177059170455023,0.571267137620999,-0.246781119465965,0.447278074982802,5,0.0316914692202466,19.2112323121768,0.999626430124647
"Sst-9","MEGF8",0.14049034441763,0.128825268099989,0.275471117546323,-0.112002541357066,0.392983230192326,5,0,0,0.999626430124647
"Sst-9","PPIA",0.234285130908664,0.126952464281992,0.0649712975449141,-0.0145371268326479,0.483107388649975,5,0,0,0.999626430124647
"Sst-9","ARL10",-0.131865298109968,0.134910191947084,0.328356209838543,-0.396284415473639,0.132553819253703,5,5.10289793251154e-06,0.00403407564699183,0.999626430124647
"Sst-9","RPL30",0.0877549158714972,0.142361421113722,0.537615091828766,-0.191268342299337,0.366778174042332,5,0,0,0.999626430124647
"Sst-9","SKIL",-0.0541365555163764,0.204051707784698,0.790772183187892,-0.454070553758275,0.345797442725522,5,0.0596567486521161,28.8250805383935,0.999626430124647
"Sst-9","ATG4B",0.0263176468328245,0.112307387682175,0.814724258552996,-0.193800788222016,0.246436081887665,5,2.64366806333788e-06,0.00313733463502188,0.999626430124647
"Sst-9","ZNF718",0.157264762498373,0.312599696601665,0.614903288543865,-0.455419384419038,0.769948909415784,5,0.368206633618823,79.4445865106987,0.999626430124647
"Sst-9","PITRM1",-0.0815858298013948,0.162281795321188,0.615145869524449,-0.399652303977424,0.236480644374634,5,0.033632895409481,24.194684958908,0.999626430124647
"Sst-9","YY1",-0.15526405946151,0.141202951039897,0.271514793998961,-0.43201675801048,0.12148863908746,5,0.0176800700728551,16.2593271725792,0.999626430124647
"Sst-9","ARFGAP1",0.0690536972910584,0.157640696726217,0.661353762796659,-0.239916390790128,0.378023785372245,5,0,0,0.999626430124647
"Sst-9","ERLEC1",0.00215391971262106,0.133618161616905,0.987138688062317,-0.259732864736965,0.264040704162207,5,0,0,0.999626430124647
"Sst-9","RAB3A",-0.231545087266162,0.240108301498484,0.334877480438676,-0.702148710592276,0.239058536059952,5,0.124356988697714,45.2773221386438,0.999626430124647
"Sst-9","TCEAL6",-0.222632778111019,0.190649300561044,0.242903267700848,-0.596298540888418,0.151032984666379,5,0,0,0.999626430124647
"Sst-9","ECHDC2",0.0862182075006108,0.138862861880256,0.534673682484492,-0.18594800057485,0.358384415576072,5,2.24898083007393e-06,0.00207616138467306,0.999626430124647
"Sst-9","ARHGAP17",-0.154159505998311,0.123508512358732,0.211969145356579,-0.396231742005546,0.0879127300089246,5,0.00953237184834718,10.7430707774311,0.999626430124647
"Sst-9","DIP2B",-0.00504250309736957,0.0727720819203875,0.944757412299449,-0.147673162741327,0.137588156546588,5,0,0,0.999626430124647
"Sst-9","NOS1",-0.0579578249506019,0.190562570825136,0.761020735401877,-0.431453600569233,0.315537950668029,5,0,0,0.999626430124647
"Sst-9","ARSG",0.0445519143349599,0.223861363639134,0.842250504139694,-0.394208295927768,0.483312124597688,5,0.117508678958791,49.4432666906961,0.999626430124647
"Sst-9","DTX1",-0.150380974868217,0.165051427036361,0.362234324387647,-0.473875827456424,0.173113877719991,5,0,0,0.999626430124647
"Sst-9","MAPK6",0.0812781232025799,0.159246015152079,0.60977584420302,-0.230838331177015,0.393394577582175,5,0.041132495385948,32.593403049817,0.999626430124647
"Sst-9","SEC23IP",-0.0868553125608591,0.109000945624137,0.425549294780263,-0.300493240264977,0.126782615143259,5,0,0,0.999626430124647
"Sst-9","EEF1A2",0.0182737705606246,0.125599316593841,0.884321961505786,-0.227896366446148,0.264443907567397,5,2.31156187466356e-06,0.00256321543282857,0.999626430124647
"Sst-9","GTF3A",-0.27861746153944,0.145863938780063,0.0561179102435862,-0.564505528191518,0.00727060511263738,5,0,0,0.999626430124647
"Sst-9","ACSL1",0.00468595561113637,0.121267773581412,0.969176300645852,-0.23299451309379,0.242366424316063,5,0,0,0.999626430124647
"Sst-9","CCT3",0.0323662407194893,0.197813825000571,0.870030527325759,-0.355341731925739,0.420074213364717,5,0.0835472442112065,45.0504772296635,0.999626430124647
"Sst-9","TMEM116",-0.134173101014266,0.157627723822756,0.394656915088937,-0.443117762671894,0.174771560643362,5,0.0153399661878748,10.0945947284184,0.999626430124647
"Sst-9","MFN2",0.0833630489308303,0.237240390799466,0.725298477389999,-0.381619572714331,0.548345670575992,5,0.146071477734938,55.9784798459479,0.999626430124647
"Sst-9","MAP3K5",-0.162832345347119,0.117331228442345,0.165197782164121,-0.392797327355956,0.067132636661719,5,0.0342131175208027,53.3245196605816,0.999626430124647
"Sst-9","NEU3",0.0371505247104535,0.129517184561939,0.774235924545285,-0.216698492409974,0.290999541830881,5,5.05786541617908e-06,0.00442631993489054,0.999626430124647
"Sst-9","ACAD10",0.0812792425253984,0.152493590126131,0.594032858594835,-0.21760270199503,0.380161187045827,5,0,0,0.999626430124647
"Sst-9","SLC7A6",-0.280996267071393,0.122864585923179,0.0221934673244001,-0.521806430456252,-0.0401861036865347,5,0,0,0.999626430124647
"Sst-9","ADAM11",-0.0901094579024074,0.271952104327435,0.740385326331667,-0.62312578790406,0.442906872099245,5,0.260698185466649,75.5684139496273,0.999626430124647
"Sst-9","RPL36",-0.0518518905632028,0.178562388897712,0.77152149822575,-0.401827741796153,0.298123960669747,5,1.22910825337412e-06,0.000684623077784009,0.999626430124647
"Sst-9","STK32C",-0.16530656918738,0.201174333245646,0.41124307621351,-0.559601016962705,0.228987878587946,5,0.0449551341748566,21.7282246660109,0.999626430124647
"Sst-9","LRP12",0.0765418184076566,0.146178176659632,0.600542860689941,-0.209962143170955,0.363045779986268,5,0.0286864736801054,26.4082799989446,0.999626430124647
"Sst-9","CBX7",-0.110502587642578,0.133300721808756,0.407120159392048,-0.371767201500932,0.150762026215777,5,0,0,0.999626430124647
"Sst-9","SAT2",-0.0468668323479704,0.214728856590256,0.827226131738827,-0.467727657706338,0.373993993010397,5,0.0853838047178805,37.9014249529874,0.999626430124647
"Sst-9","MZT2A",0.202524536975335,0.161927071264089,0.211038656073227,-0.11484669082433,0.519895764775,5,0,0,0.999626430124647
"Sst-9","HDAC5",-0.111220174531312,0.155787040635321,0.47527390858526,-0.416557163434619,0.194116814371994,5,0.0271444725541063,21.4063004793377,0.999626430124647
"Sst-9","DDAH1",-0.150909389023152,0.124031599851223,0.223717944907432,-0.394006857676431,0.0921880796301281,5,0,0,0.999626430124647
"Sst-9","CACYBP",0.0154408767437818,0.161783667768802,0.923964150264739,-0.301649285369865,0.332531038857428,5,0,0,0.999626430124647
"Sst-9","CRIM1",0.201203825506109,0.164932460492554,0.222496540408482,-0.122057856940873,0.52446550795309,5,4.50608900111439e-06,0.00320209753628157,0.999626430124647
"Sst-9","PYGB",-0.0414127218832396,0.12321211375802,0.736788539995653,-0.282904027308011,0.200078583541532,5,0,0,0.999626430124647
"Sst-9","AKT1",-0.0644958490714171,0.163623745444096,0.693454281708674,-0.385192497157394,0.25620079901456,5,0,0,0.999626430124647
"Sst-9","ANAPC5",-0.0500987352791356,0.0878161924325734,0.568341729970139,-0.222215309706418,0.122017839148147,5,0,0,0.999626430124647
"Sst-9","SLC38A2",-0.155498570288775,0.139916998435829,0.2664121466911,-0.429730848047947,0.118733707470398,5,0.0097542384037556,8.80901807931945,0.999626430124647
"Sst-9","DIS3",-0.0637360670721686,0.109407513874682,0.560191842496069,-0.278170853904612,0.150698719760275,5,2.91082282164875e-06,0.0033391976341083,0.999626430124647
"Sst-9","ACER3",0.0153313121981963,0.154048213709734,0.920723172402999,-0.286597638555611,0.317260262952004,5,0.0477771549430269,41.4804874194236,0.999626430124647
"Sst-9","PTPN11",-0.141976596760799,0.088159018253051,0.107297411148099,-0.314765097449189,0.03081190392759,5,0,0,0.999626430124647
"Sst-9","IMMP2L",0.0107825132427646,0.133501303862247,0.935627172460072,-0.250875234216377,0.272440260701906,5,0.0492835805417602,58.7154157658258,0.999626430124647
"Sst-9","DNAJC17",0.127407401481224,0.131042982215546,0.33092291985599,-0.129432124087968,0.384246927050416,5,0,0,0.999626430124647
"Sst-9","RANBP3",0.342306528946909,0.240454222616775,0.154567237476793,-0.128975087312546,0.813588145206364,5,0.158906514388688,59.6251222495659,0.999626430124647
"Sst-9","MAP3K10",-0.366859814243022,0.137303415203163,0.00754250542279215,-0.635969562995571,-0.0977500654904727,5,0,0,0.999626430124647
"Sst-9","EBF4",-0.260091534031216,0.160682597904985,0.105519044257465,-0.575023638867318,0.0548405708048854,5,0,0,0.999626430124647
"Sst-9","STAM",-0.160257287173956,0.124433787501741,0.197783539075502,-0.404143029137279,0.0836284547893666,5,0.0154935675713747,17.5200514291611,0.999626430124647
"Sst-9","NHS",-0.15224472358671,0.075057059030353,0.0425208191179893,-0.299353856071699,-0.00513559110172171,5,0,0,0.999626430124647
"Sst-9","NOC2L",0.0609030299063,0.177480601365749,0.731483237420084,-0.286952556725079,0.408758616537679,5,0,0,0.999626430124647
"Sst-9","BLZF1",0.0289678306655829,0.170793527984401,0.865318974134825,-0.305781332976378,0.363716994307544,5,0.0235278405607796,14.9727974118046,0.999626430124647
"Sst-9","B3GAT3",-0.213322318085557,0.162634588499669,0.189632733181052,-0.532080254185401,0.105435618014286,5,0,0,0.999626430124647
"Sst-9","MXD4",-0.0528167170151252,0.174669899639797,0.762362256311319,-0.395163429492354,0.289529995462103,5,0,0,0.999626430124647
"Sst-9","MKLN1",-0.055426220244037,0.0852130861714329,0.515406375788296,-0.222440800151554,0.11158835966348,5,0.0101872281245297,26.9471019402737,0.999626430124647
"Sst-9","ILF3",-0.152437674103411,0.104232456933054,0.143610271478798,-0.35672953571232,0.0518541875054969,5,3.35657876677671e-06,0.00422540407912078,0.999626430124647
"Sst-9","EXD2",0.0625524757647825,0.114442490784106,0.584664315337396,-0.161750684473122,0.286855636002687,5,0,0,0.999626430124647
"Sst-9","IFT88",-0.0370169560244647,0.0965543384345567,0.701438385359223,-0.226259981907287,0.152226069858358,5,0,0,0.999626430124647
"Sst-9","EPHA5",-0.293645957168205,0.205740247274934,0.153503380568678,-0.696889431997441,0.10959751766103,5,0.127340075258753,62.1460992786231,0.999626430124647
"Sst-9","MED25",-0.120955219606039,0.154466552982531,0.433597046642187,-0.423704100267848,0.181793661055769,5,4.4882016182893e-07,0.000279621574878723,0.999626430124647
"Sst-9","TPT1",0.322821806192302,0.150169037364496,0.0315771464287755,0.0284959013648404,0.617147711019764,5,0,0,0.999626430124647
"Sst-9","MLH1",0.152121010897796,0.152254594033857,0.317735288317989,-0.146292509889331,0.450534531684923,5,0.022250003150445,15.1873134550785,0.999626430124647
"Sst-9","AUTS2",0.0119445188239048,0.043572869759598,0.7839866945111,-0.0734567366079616,0.0973457742557712,5,0,0,0.999626430124647
"Sst-9","PPFIA1",0.0480897095427888,0.0913158315872063,0.598450150390661,-0.130886031586461,0.227065450672038,5,0,0,0.999626430124647
"Sst-9","LRRTM2",0.0668922075540904,0.153733079891187,0.663475941572229,-0.234419092265055,0.368203507373236,5,0.00659582539911919,4.88203470481129,0.999626430124647
"Sst-9","RGS5",-0.0549810112582542,0.124200795587096,0.657998357704059,-0.298410097460183,0.188448074943674,5,0,0,0.999626430124647
"Sst-9","STX18-AS1",-0.0741782733660595,0.0962842174634049,0.441057035079434,-0.262891871873956,0.114535325141836,5,0,0,0.999626430124647
"Sst-9","GRM8",-0.472164622446791,0.22522647706925,0.0360467869801101,-0.913600405867358,-0.0307288390262249,5,0,0,0.999626430124647
"Sst-9","CLUAP1",-0.182591917966953,0.217507137670522,0.401202519533752,-0.608898074181571,0.243714238247665,5,0.0946693038303082,41.6368289441528,0.999626430124647
"Sst-9","GDAP2",0.00274554535813276,0.130441781741322,0.983207324486968,-0.252915648934093,0.258406739650358,5,0,0,0.999626430124647
"Sst-9","ANKRD12",0.0441134959173935,0.114615845162154,0.700325358333028,-0.180529432658049,0.268756424492836,5,0.0281615447231253,44.1856849264085,0.999626430124647
"Sst-9","DCAF1",-0.000785173595090208,0.119517434471152,0.994758309651306,-0.235035040683174,0.233464693492994,5,0.000326669125350353,0.269554976262935,0.999626430124647
"Sst-9","ZNF133",0.169798935636117,0.103492846256595,0.100863271406613,-0.0330433156843502,0.372641186956585,5,0,0,0.999626430124647
"Sst-9","UBE2J2",-0.0734324692474811,0.163009469898404,0.652364534616653,-0.392925159387319,0.246060220892357,5,0,0,0.999626430124647
"Sst-9","IPO11",-0.0267821225584146,0.119984800697016,0.823370024957385,-0.261948010616783,0.208383765499953,5,0,0,0.999626430124647
"Sst-9","FAU",0.29659039725148,0.199269415753208,0.136648347988151,-0.0939704808451464,0.687151275348106,5,0,0,0.999626430124647
"Sst-9","GRM4",-0.0672977343674954,0.144781896851296,0.64205931006861,-0.351065037809429,0.216469569074438,5,0,0,0.999626430124647
"Sst-9","ZNF736",0.107596157798612,0.205137106186238,0.599924902787665,-0.294465182219184,0.509657497816408,5,0.0983041088516717,50.3665325443286,0.999626430124647
"Sst-9","SLC30A5",-0.131098378860046,0.119900934542563,0.274222982793703,-0.366099892276163,0.103903134556071,5,4.68908669245081e-06,0.00460500042455215,0.999626430124647
"Sst-9","NUAK1",-0.141486622885999,0.163191613764417,0.385943709420325,-0.461336308443227,0.178363062671229,5,0.0526673755580598,40.8008352343636,0.999626430124647
"Sst-9","PARVB",0.0552355883940176,0.145893453812568,0.704983258612497,-0.230710326658773,0.341181503446809,5,0,0,0.999626430124647
"Sst-9","RAB14",-0.0415559849491946,0.185110935021455,0.822374235084327,-0.404366750735781,0.321254780837392,5,0.080107381327805,49.9622535665928,0.999626430124647
"Sst-9","PNCK",0.113676369250285,0.247923373880293,0.646583115718672,-0.372244514480748,0.599597252981317,5,0.183038155799955,62.2081166636643,0.999626430124647
"Sst-9","GXYLT1",-0.0411788995575094,0.148784030276514,0.781957009775287,-0.332790240374193,0.250432441259174,5,0,0,0.999626430124647
"Sst-9","PCMTD1",0.06095697218582,0.0705663689536262,0.38768419937028,-0.0773505694830527,0.199264513854693,5,0,0,0.999626430124647
"Sst-9","SNTB2",-0.0910688544134271,0.198677601571458,0.646683017689746,-0.480469798028284,0.29833208920143,5,0.0871999303673205,46.8176809406777,0.999626430124647
"Sst-9","COX5B",0.218721211008192,0.172459335527125,0.204709392949549,-0.119292875422683,0.556735297439067,5,0,0,0.999626430124647
"Sst-9","THOC7",0.104576551768352,0.135602645035359,0.440589303618413,-0.161199748709321,0.370352852246024,5,0,0,0.999626430124647
"Sst-9","HSPBAP1",0.0882428148575516,0.159321362791675,0.579670001497133,-0.224021318181971,0.400506947897074,5,0,0,0.999626430124647
"Sst-9","RAB6B",-0.032673072693575,0.0803920463146235,0.684432772877547,-0.190238588113713,0.124892442726563,5,0,0,0.999626430124647
"Sst-9","ZBED4",-0.210804775171701,0.169454394416201,0.213491942802796,-0.5429292852495,0.121319734906097,5,0,0,0.999626430124647
"Sst-9","RAB11A",0.12781153892062,0.161414827267512,0.428465456839491,-0.188555709094457,0.444178786935697,5,0.0305535248217121,23.0369801581283,0.999626430124647
"Sst-9","NHLRC3",0.126654153193881,0.107961545048086,0.240739125076158,-0.0849465868156666,0.338254893203428,5,0,0,0.999626430124647
"Sst-9","ARL3",0.000691401594521745,0.158419272057969,0.996517741186988,-0.30980466609615,0.311187469285194,5,0.0413611752197168,33.4015338803049,0.999626430124647
"Sst-9","STX3",-0.20181426111322,0.116576862908315,0.0834216114679047,-0.430300713844181,0.0266721916177402,5,0.000351395700293101,0.370581824431856,0.999626430124647
"Sst-9","LMBR1L",-0.0298741848512552,0.150959752380711,0.843127192119204,-0.325749862632533,0.266001492930022,5,0,0,0.999626430124647
"Sst-9","KLHDC2",0.16569811754631,0.20274634775974,0.413775246302207,-0.231677422059813,0.563073657152433,5,0.105056666574793,54.2476059002273,0.999626430124647
"Sst-9","CNR1",0.167765387290275,0.145707961374111,0.249575501465005,-0.117816969263736,0.453347743844286,5,0,0,0.999626430124647
"Sst-9","DUS1L",0.130279515685051,0.164210215796213,0.42756208269761,-0.191566593169077,0.452125624539178,5,0,0,0.999626430124647
"Sst-9","ZBTB20",-0.134579640806598,0.143871032237655,0.34957261054722,-0.416561682411002,0.147402400797806,5,0.0413468767441544,41.5775151269733,0.999626430124647
"Sst-9","FSCN1",0.193296527511038,0.229817437582843,0.400299030666194,-0.257137373170616,0.643730428192691,5,0.087087116892735,33.3740691411984,0.999626430124647
"Sst-9","SLC7A1",0.116030697095842,0.122249314098743,0.34255364276693,-0.123573555672418,0.355634949864102,5,0,0,0.999626430124647
"Sst-9","SFMBT1",0.00313846790690938,0.167099460295615,0.985014985312396,-0.324370456108577,0.330647391922396,5,0.0141322704333364,9.56586660337885,0.999626430124647
"Sst-9","ROCK2",-0.0602772262901569,0.0745995516707672,0.419084497175537,-0.206489660827695,0.0859352082473817,5,0,0,0.999626430124647
"Sst-9","TSC2",-0.0288291035431458,0.127208246903459,0.820712082758832,-0.278152686010404,0.220494478924112,5,0,0,0.999626430124647
"Sst-9","NAE1",0.0537288165980593,0.102600510089752,0.600508034302338,-0.147364487973293,0.254822121169412,5,0,0,0.999626430124647
"Sst-9","PRKCB",0.0181841407091519,0.126905074725771,0.886061697374865,-0.230545235208723,0.266913516627027,5,0.0234332834588429,28.7141174868468,0.999626430124647
"Sst-9","USP42",-0.087169873761115,0.16770693832783,0.603220406347639,-0.415869432841142,0.241529685318912,5,0.0462186539599504,33.290160344463,0.999626430124647
"Sst-9","MPPED1",0.117724119316722,0.12445782818464,0.34420180820571,-0.126208741519246,0.361656980152691,5,0.0341612152114704,46.6213846726753,0.999626430124647
"Sst-9","FADS1",0.174526676203556,0.291745003524619,0.549695480243148,-0.397283023374207,0.74633637578132,5,0.267096733122829,67.6355872987415,0.999626430124647
"Sst-9","BTD",0.2680705864272,0.239797113023971,0.263607222388444,-0.201923118696464,0.738064291550864,5,0.161017912550545,62.0486138970907,0.999626430124647
"Sst-9","TCEA2",-0.435647797844409,0.15279669603243,0.00435600711369783,-0.735123819024687,-0.136171776664131,5,0,0,0.999626430124647
"Sst-9","ZNF43",0.0800879699309661,0.160336769395709,0.61742826905213,-0.234166323482128,0.39434226334406,5,0,0,0.999626430124647
"Sst-9","MCCC2",-0.064807579289754,0.145434774148435,0.655877050520674,-0.349854498720403,0.220239340140895,5,0,0,0.999626430124647
"Sst-9","DESI1",0.0486371158479401,0.137696518963837,0.723923779676514,-0.221243102117716,0.318517333813596,5,0,0,0.999626430124647
"Sst-9","FLVCR1",-0.0376207852626221,0.110873366530539,0.734373878054847,-0.254928590507187,0.179687019981943,5,3.74808754800811e-06,0.00366795273673057,0.999626430124647
"Sst-9","EPB41L1",-0.0808959168319586,0.0749754828678183,0.280603360497512,-0.227845162976382,0.0660533293124651,5,0,0,0.999626430124647
"Sst-9","GK5",-0.0661931823979188,0.0982216311310212,0.500364372118712,-0.258704041917499,0.126317677121661,5,2.92632639624274e-07,0.00036749328302315,0.999626430124647
"Sst-9","CACNG7",-0.00954565953129618,0.100583653708665,0.92439211808315,-0.206685998233727,0.187594679171135,5,0,0,0.999626430124647
"Sst-9","LSM11",-0.0116937505132913,0.159584018423604,0.941586130658089,-0.324472679131732,0.30108517810515,5,5.05795266077082e-06,0.00341243345172868,0.999626430124647
"Sst-9","DEAF1",-0.112417523663919,0.0953064082411107,0.238184041661807,-0.299214651312367,0.0743796039845293,5,0,0,0.999626430124647
"Sst-9","SLMAP",-0.0779548566423262,0.0753455478200342,0.300841164548655,-0.225629416765034,0.0697197034803813,5,0,0,0.999626430124647
"Sst-9","CPSF7",-0.116757914061665,0.165966774258414,0.481743124325691,-0.442046814238446,0.208530986115115,5,0.0302525620557557,19.7981158874277,0.999626430124647
"Sst-9","SPCS3",-0.00151193925758418,0.116360426945362,0.989632909764925,-0.229574185296198,0.22655030678103,5,0,0,0.999626430124647
"Sst-9","RAB5A",-0.00625898944695147,0.111218101589917,0.955121367876296,-0.224242462992105,0.211724484098202,5,0.0020590091691431,2.34578586454624,0.999626430124647
"Sst-9","ZNF706",-0.152798272451742,0.193974678394461,0.430858879243232,-0.532981656017625,0.227385111114142,5,0.0995718109352379,58.3130654720486,0.999626430124647
"Sst-9","SKA2",-0.0179198033713047,0.139281705814794,0.897627715396919,-0.290906930473604,0.255067323730995,5,1.98198948409668e-06,0.00134298862605575,0.999626430124647
"Sst-9","SLC44A2",-0.121377070490192,0.140518199065147,0.387707738048768,-0.396787679830309,0.154033538849926,5,0,0,0.999626430124647
"Sst-9","NT5C3A",0.121698512203401,0.165768337090142,0.462858471677348,-0.203201458270372,0.446598482677174,5,0.04246071868204,30.7178084161987,0.999626430124647
"Sst-9","CBFA2T2",-0.16123249256505,0.0782893206586714,0.0394516988804936,-0.314676741430153,-0.00778824369994632,5,0,0,0.999626430124647
"Sst-9","TMCC3",-0.1976794046159,0.223544015821834,0.376535660930618,-0.635817624586147,0.240458815354347,5,0.0780156456932439,31.7789534422011,0.999626430124647
"Sst-9","AKTIP",-0.114173722888985,0.135839997334127,0.400627255257107,-0.380415225323891,0.152067779545921,5,0,0,0.999626430124647
"Sst-9","SCRN3",0.085413929030295,0.153074095578899,0.576850702230114,-0.21460578527039,0.38543364333098,5,0,0,0.999626430124647
"Sst-9","MRPL19",0.0378704658372195,0.136083415535237,0.780790811588199,-0.228848127505042,0.304589059179482,5,0.0143861061483993,14.3789599494459,0.999626430124647
"Sst-9","ALKBH5",-0.0728848682592254,0.142477128867079,0.608962581663936,-0.352134909459372,0.206365172940921,5,0,0,0.999626430124647
"Sst-9","ZFC3H1",0.0163183933252088,0.0810491061009011,0.840433052508269,-0.142534935611723,0.17517172226214,5,0,0,0.999626430124647
"Sst-9","STPG2",0.220786273910329,0.140228001723118,0.115376373834509,-0.0540555590910024,0.495628106911661,5,0,0,0.999626430124647
"Sst-9","VCP",-0.0627568476723577,0.144872751037398,0.664879648133249,-0.346702222046895,0.221188526702179,5,0.00707838966655803,5.15971357539358,0.999626430124647
"Sst-9","ZNF589",-0.0290820428938689,0.149771120165337,0.846037625544295,-0.322628044342149,0.264463958554411,5,0.00680535546892778,5.2037551164919,0.999626430124647
"Sst-9","NPHP4",0.0741575774279431,0.120872823313702,0.539534296867167,-0.162748802976586,0.311063957832472,5,0,0,0.999626430124647
"Sst-9","HOMER1",0.0775998136367506,0.211989985380188,0.714324670505365,-0.33789292279159,0.493092550065092,5,0.150460471255035,70.6576821551444,0.999626430124647
"Sst-9","DLST",0.0530707011128231,0.127589054968285,0.677446397713539,-0.196999251446517,0.303140653672163,5,0,0,0.999626430124647
"Sst-9","COQ9",-0.0959141350927324,0.146895057649444,0.513792870501381,-0.383823157592577,0.191994887407112,5,0,0,0.999626430124647
"Sst-9","MSH2",0.0320203293720433,0.0786197418785388,0.683801594638249,-0.122071533183728,0.186112191927815,5,0,0,0.999626430124647
"Sst-9","SPOCK1",0.0212329021167837,0.186690703283044,0.909449416526161,-0.344674152566436,0.387139956800004,5,0.114042119252398,69.0957688264623,0.999626430124647
"Sst-9","SMAD2",-0.0332877553613516,0.188178492949025,0.859591196494498,-0.402110824206465,0.335535313483762,5,0.0939778020755316,56.162246143136,0.999626430124647
"Sst-9","PPFIA4",-0.168395285848801,0.208286732171223,0.41881534088751,-0.576629779361939,0.239839207664337,5,0.130641493702117,65.1323936971785,0.999626430124647
"Sst-9","FGF17",0.224667609728149,0.145554881363918,0.12270342742265,-0.0606147155191297,0.509949934975429,5,0,0,0.999626430124647
"Sst-9","ABCE1",0.0302956740343826,0.139227405431462,0.827741956373295,-0.242585026272239,0.303176374341004,5,0,0,0.999626430124647
"Sst-9","PBX1",-0.0121902207345423,0.064074690903005,0.849113100244677,-0.137774307224968,0.113393865755884,5,0,0,0.999626430124647
"Sst-9","MSMO1",-0.0243417281598702,0.296642253255622,0.934600971860651,-0.605749860833699,0.557066404513959,5,0.199104037509795,47.7775641704787,0.999626430124647
"Sst-9","ELAVL4",-0.0873398736856702,0.103007142778191,0.396493030181162,-0.2892301636813,0.114550416309959,5,0,0,0.999626430124647
"Sst-9","KCNC3",0.0384103294941123,0.145666761535715,0.792021652451556,-0.247091276860474,0.323911935848699,5,2.32924517166297e-06,0.00165463246231228,0.999626430124647
"Sst-9","CRK",-0.0181929757992831,0.1264910356124,0.88563614755456,-0.266110849966761,0.229724898368194,5,0,0,0.999626430124647
"Sst-9","FBXL5",-0.0673475865010111,0.0747732296589767,0.367752553388889,-0.213900423640348,0.0792052506383253,5,0,0,0.999626430124647
"Sst-9","HADHA",0.0132706535402665,0.148535211817057,0.928808935812521,-0.277853012057193,0.304394319137726,5,0,0,0.999626430124647
"Sst-9","USP37",0.056184486442077,0.0968198005913147,0.561712632738061,-0.13357883570725,0.245947808591404,5,0,0,0.999626430124647
"Sst-9","RPTOR",-0.147681642635792,0.0853408563386587,0.0835424648260426,-0.31494664746937,0.0195833621977862,5,0,0,0.999626430124647
"Sst-9","RUNDC3B",-0.0334774960203151,0.0986898212026466,0.734444500842249,-0.2269059912182,0.15995099917757,5,0.0168437747646268,34.9787026861699,0.999626430124647
"Sst-9","ZNF197",0.199980076025481,0.11652034323369,0.0861130972090471,-0.0283956001787981,0.428355752229759,5,0.00230847923243143,2.65903284440527,0.999626430124647
"Sst-9","MCM3AP",0.115022659826951,0.232688088774188,0.621079341450293,-0.341037613801915,0.571082933455817,5,0.171036262039405,68.021361182847,0.999626430124647
"Sst-9","AKT2",-0.000238746854140193,0.106920253582955,0.998218370568952,-0.209798593094621,0.209321099386341,5,0,0,0.999626430124647
"Sst-9","C12orf76",-0.00375054106700392,0.137417752547345,0.978226049576944,-0.273084386896238,0.26558330476223,5,0,0,0.999626430124647
"Sst-9","CWF19L1",0.10457581094186,0.118865386347446,0.378976580610336,-0.128396065307573,0.337547687191294,5,0,0,0.999626430124647
"Sst-9","BRAT1",-0.0155655142325581,0.150175318345172,0.917447939448889,-0.309903729555933,0.278772701090817,5,0,0,0.999626430124647
"Sst-9","LDAH",0.0233245771550393,0.110759141456563,0.833208558005152,-0.193759351058401,0.24040850536848,5,0.00779722872607658,10.9486735688081,0.999626430124647
"Sst-9","HPS3",0.248907738389077,0.206053399010907,0.227056162397491,-0.154949502564361,0.652764979342516,5,0.0695190320503472,33.2164225425577,0.999626430124647
"Sst-9","DLEU7",-0.0802937095258685,0.107218595570982,0.453930392220223,-0.290438295317959,0.129850876266222,5,0,0,0.999626430124647
"Sst-9","HIPK2",-0.184130591148317,0.122340225281586,0.132306105550877,-0.423913026560742,0.0556518442641081,5,0,0,0.999626430124647
"Sst-9","PALM",0.0344195247647722,0.155442067965835,0.824757697330437,-0.270241330130692,0.339080379660236,5,0,0,0.999626430124647
"Sst-9","TMTC4",0.0133267412402409,0.113757978913575,0.906741229934596,-0.209634800384433,0.236288282864915,5,0,0,0.999626430124647
"Sst-9","SLC9A2",0.203038293100918,0.202220750749193,0.315357973937301,-0.193307095294152,0.599383681495988,5,0,0,0.999626430124647
"Sst-9","ARHGDIG",-0.0253796860842565,0.184137103641066,0.890374477518968,-0.386281777438265,0.335522405269752,5,4.22368954405415e-06,0.00219769990188522,0.999626430124647
"Sst-9","CDKN2D",-0.278727485582527,0.190150942890029,0.142696714028274,-0.651416485273317,0.0939615141082621,5,0,0,0.999626430124647
"Sst-9","ASCC1",0.0310148466481811,0.116078572193074,0.789324115875708,-0.196494974227076,0.258524667523438,5,0,0,0.999626430124647
"Sst-9","RMND5B",-0.101707632004727,0.210516903718719,0.629001409471536,-0.514313181430302,0.310897917420847,5,0.0790970012432111,36.440729738704,0.999626430124647
"Sst-9","FBXL3",-0.0471911916536003,0.177950678422346,0.790861144706202,-0.395968112385867,0.301585729078666,5,0.0489964177359982,30.6056055983087,0.999626430124647
"Sst-9","NACC2",-0.234733492818328,0.127136238366564,0.0648465393609595,-0.483915941146692,0.0144489555100361,5,0,0,0.999626430124647
"Sst-9","RBM45",0.103197094618945,0.143712446742406,0.472707700039634,-0.178474125126302,0.384868314364192,5,0,0,0.999626430124647
"Sst-9","EMC2",0.0902542832890804,0.108371228580388,0.404943355760532,-0.122149421688837,0.302657988266998,5,0,0,0.999626430124647
"Sst-9","ZNF334",0.235768119680374,0.144773503308067,0.103412368504632,-0.0479827327191279,0.519518972079875,5,0,0,0.999626430124647
"Sst-9","ARPC2",-0.0537334421731572,0.111070193165342,0.628542623108778,-0.271427020533135,0.16396013618682,5,0,0,0.999626430124647
"Sst-9","OSBPL10",-0.0189800858848636,0.0957901908786197,0.84293375355034,-0.206725410079175,0.168765238309448,5,0.0126812465053159,27.0297734956442,0.999626430124647
"Sst-9","BAHCC1",-0.0342826456847055,0.13206629021519,0.795182636156695,-0.293127818078292,0.224562526708881,5,2.07334289803727e-06,0.00153990874526158,0.999626430124647
"Sst-9","RINT1",-0.11147792614866,0.146001680266996,0.445142220125858,-0.397635961154304,0.174680108856985,5,0.00720572569134603,5.96639321372118,0.999626430124647
"Sst-9","TMEM170B",-0.0791096717971848,0.0994242461989891,0.426219296554098,-0.273977613537247,0.115758269942877,5,0,0,0.999626430124647
"Sst-9","CCDC138",0.070019575651592,0.147689837901622,0.635429450768909,-0.219447187518146,0.359486338821331,5,0.0379928331919565,35.3505626935578,0.999626430124647
"Sst-9","CREM",-0.0775821944587346,0.141125802333065,0.582499195380906,-0.35418368432086,0.199019295403391,5,4.30774902949391e-06,0.0034443653557533,0.999626430124647
"Sst-9","ZMYND8",-0.0634484397942519,0.0813269927930249,0.435294003464906,-0.222846416639529,0.0959495370510254,5,7.55611586590556e-07,0.00187130691424233,0.999626430124647
"Sst-9","RIMKLA",-0.194311193950638,0.154984884300989,0.209935479694347,-0.498075985328683,0.109453597427408,5,0,0,0.999626430124647
"Sst-9","IAH1",-0.108072012136773,0.14448498509812,0.45447166601863,-0.391257379235895,0.175113354962349,5,0,0,0.999626430124647
"Sst-9","GAA",-0.0220680452541808,0.147829130386424,0.881332094741822,-0.311807816677448,0.267671726169086,5,0,0,0.999626430124647
"Sst-9","ERCC3",-0.0469425311197089,0.147389020815429,0.75011018178347,-0.335819703634575,0.241934641395157,5,3.98949973892214e-06,0.00263081959403645,0.999626430124647
"Sst-9","CDYL",-0.10750620126011,0.117918205450284,0.361925889894059,-0.338621637064263,0.123609234544042,5,0,0,0.999626430124647
"Sst-9","INTS1",0.0530082708559687,0.140106277056876,0.705175584925597,-0.221594986183498,0.327611527895435,5,0,0,0.999626430124647
"Sst-9","TSN",-0.0322634076468098,0.327767978484135,0.92158793336013,-0.674676840761213,0.610150025467594,5,0.352273877300921,70.0943884309486,0.999626430124647
"Sst-9","WRN",0.0255915312180958,0.092902190202191,0.782957115181615,-0.156493415663088,0.20767647809928,5,0,0,0.999626430124647
"Sst-9","RPL31",0.164672830590891,0.175659159396576,0.348523760873748,-0.179612795380977,0.50895845656276,5,0.048484270756947,31.2087619168193,0.999626430124647
"Sst-9","MAP3K12",0.0272226334435702,0.146655940552694,0.852740855254085,-0.260217728158558,0.314662995045698,5,5.65528113043562e-08,3.8301101774988e-05,0.999626430124647
"Sst-9","RPS6KA3",0.0530959445510926,0.112228342023414,0.636137285748052,-0.166867563859442,0.273059452961627,5,0.0135450294775429,19.5108835834912,0.999626430124647
"Sst-9","SEC22C",-0.035200833305164,0.138319898241811,0.799118132197893,-0.306302852204359,0.235901185594031,5,0,0,0.999626430124647
"Sst-9","STX7",0.0174493645881857,0.13874589493866,0.899918021229145,-0.254487592494366,0.289386321670738,5,0.0441679587604697,48.4013807275498,0.999626430124647
"Sst-9","POT1",0.0147252076243569,0.106428320111621,0.889957502882419,-0.193870466729521,0.223320881978235,5,0,0,0.999626430124647
"Sst-9","ZNF518A",0.000171477226198735,0.0796613066717122,0.998282492073391,-0.155961814811757,0.156304769264155,5,4.11790755226603e-06,0.0091319314524156,0.999626430124647
"Sst-9","FBXL16",-0.122200657718633,0.164791436904538,0.458361617113412,-0.445185939012133,0.200784623574866,5,0,0,0.999626430124647
"Sst-9","USP31",-0.071754543916082,0.156254096731514,0.64607831455983,-0.378006945946687,0.234497858114523,5,0,0,0.999626430124647
"Sst-9","POR",-0.182114980092419,0.13573620303129,0.1796987440346,-0.448153049431963,0.0839230892471258,5,3.48976465075062e-06,0.00284467714937598,0.999626430124647
"Sst-9","RMDN1",0.0106896059517059,0.134679695622576,0.936737866218926,-0.25327774691736,0.274656958820772,5,0,0,0.999626430124647
"Sst-9","FDX1",0.150099870143201,0.152256852542083,0.324214938879008,-0.148318077238708,0.44851781752511,5,0,0,0.999626430124647
"Sst-9","PECR",0.0407803192933966,0.109535009889558,0.709666541364177,-0.173904355136375,0.255464993723168,5,0,0,0.999626430124647
"Sst-9","RAB15",-0.313492507351773,0.145643856486627,0.0313611791765354,-0.598949220635083,-0.0280357940684633,5,0,0,0.999626430124647
"Sst-9","TTI1",-0.143641802819986,0.155114411164995,0.354426354007395,-0.447660462186514,0.160376856546543,5,1.19071566592664e-06,0.000721687002722182,0.999626430124647
"Sst-9","SYT4",0.00407305507942241,0.13871872231175,0.976575902591991,-0.267810644633021,0.275956754791866,5,7.44472779436431e-06,0.00640418841698706,0.999626430124647
"Sst-9","SNX30",-0.156604769886169,0.116252689247955,0.177945889147291,-0.384455853918087,0.0712463141457499,5,0,0,0.999626430124647
"Sst-9","CSRNP2",0.109577332900462,0.107888981761086,0.309796577830925,-0.101881185679965,0.32103585148089,5,0,0,0.999626430124647
"Sst-9","AFF3",-0.114286633636326,0.0856622760141914,0.18215352368758,-0.282181609457871,0.0536083421852184,5,0.0126796200119906,35.1078207450973,0.999626430124647
"Sst-9","CLNS1A",-0.0322952503948009,0.0945480422963036,0.732670731210144,-0.217606008104326,0.153015507314724,5,8.26954109830899e-06,0.0140916400376244,0.999626430124647
"Sst-9","OSTM1",-0.111447567815531,0.129570956347869,0.389718657104723,-0.365401975699766,0.142506840068704,5,0,0,0.999626430124647
"Sst-9","TMEM232",-0.0485078941945172,0.251476219290136,0.847043104161632,-0.541392226971481,0.444376438582446,5,0.250976482113324,83.145115557785,0.999626430124647
"Sst-9","ERICH1",0.188271350949036,0.207819834087739,0.364970029528267,-0.219048039136022,0.595590741034093,5,0.10364708502404,50.7026859815042,0.999626430124647
"Sst-9","MAN2A1",-0.0573195817709362,0.119393543257845,0.631163782156252,-0.291326626542938,0.176687463001066,5,0,0,0.999626430124647
"Sst-9","ANKRD16",-0.113404127687191,0.141518340797578,0.422935574231884,-0.390774978802309,0.163966723427927,5,0,0,0.999626430124647
"Sst-9","UXS1",-0.147335696329908,0.123428903304515,0.232599733180192,-0.389251901458034,0.0945805087982174,5,0.0128804882943681,15.5690347439989,0.999626430124647
"Sst-9","EIF4E2",0.191204620973136,0.14252375619942,0.17973767736332,-0.0881368081190939,0.470546050065366,5,3.2373235268449e-06,0.00229597808783697,0.999626430124647
"Sst-9","TMEM38A",0.0575250215443257,0.127163436931692,0.651001902605046,-0.19171073499212,0.306760778080772,5,1.34579267471005e-07,0.000129021204114352,0.999626430124647
"Sst-9","CDH4",-0.246346130363188,0.135840911331827,0.0697562840365686,-0.512589424200669,0.0198971634742926,5,0.0220977506908875,23.6196942962143,0.999626430124647
"Sst-9","CLHC1",0.187572391757751,0.151531170909692,0.215772830598954,-0.109423245760429,0.48456802927593,5,0.0226365210475866,18.1498919672187,0.999626430124647
"Sst-9","SRP19",0.0243125884630275,0.191588078428885,0.8990192933572,-0.351193145124822,0.399818322050877,5,0,0,0.999626430124647
"Sst-9","INA",-0.117776456976861,0.24937364784416,0.636720445821155,-0.606539825444789,0.370986911491067,5,0.177797116406779,60.8582056647081,0.999626430124647
"Sst-9","RBM12B",-0.00628368950454351,0.126132695641448,0.960267353871958,-0.253499230234734,0.240931851225647,5,0,0,0.999626430124647
"Sst-9","EI24",0.0542993580560815,0.173344196443634,0.754093852054027,-0.285449023902477,0.39404774001464,5,0,0,0.999626430124647
"Sst-9","ZNF641",0.39351777446611,0.299225517514089,0.188469225738963,-0.192953463116864,0.979989012049084,5,0.285458457995156,67.3767158264941,0.999626430124647
"Sst-9","LGALS8",-0.0420371548611757,0.118035962739107,0.721736819778924,-0.273383390710337,0.189309080987986,5,3.75863680570544e-07,0.000373472642479461,0.999626430124647
"Sst-9","PLEKHA8",-0.0901956632100802,0.165221343994636,0.585129138359749,-0.41402354691687,0.23363222049671,5,0,0,0.999626430124647
"Sst-9","ZNF680",0.000567360038813845,0.117015268099939,0.996131393372474,-0.228778351078365,0.229913071155993,5,0,0,0.999626430124647
"Sst-9","CTSA",0.0177277606611654,0.156970493348524,0.910080582753226,-0.289928752937425,0.325384274259756,5,0.00682676360367638,4.74235790373404,0.999626430124647
"Sst-9","TTBK1",-0.0440418976046651,0.173099102126543,0.799162068927615,-0.383309903528911,0.295226108319581,5,0.0465218210500188,31.3239540531706,0.999626430124647
"Sst-9","SCN7A",0.35379708833037,0.155661523781634,0.0230345260126605,0.0487061079397429,0.658888068720997,5,7.30239615739246e-06,0.0046727242886752,0.999626430124647
"Sst-9","KATNAL2",-0.00516287085989448,0.129687767512659,0.96824459857117,-0.25934622442011,0.249020482700321,5,0.00677979051650321,6.93840642198972,0.999626430124647
"Sst-9","BRMS1L",0.0989563853167219,0.190959104045606,0.604313701966604,-0.275316581132703,0.473229351766147,5,0.0638530290906599,35.6346588728916,0.999626430124647
"Sst-9","DTX3",-0.0287779202254723,0.12900423948486,0.823475328343754,-0.281621583468777,0.224065743017833,5,0,0,0.999626430124647
"Sst-9","NPAS1",-0.297735899773436,0.139434934112487,0.0327362290156871,-0.571023348820626,-0.0244484507262456,5,0,0,0.999626430124647
"Sst-9","EIF3J",0.140530039298075,0.122178616517539,0.250060850449919,-0.0989356487572324,0.379995727353382,5,0.00511331856512276,5.25426132767479,0.999626430124647
"Sst-9","KIF3A",-0.00847912942478596,0.0750314369486332,0.91002445792247,-0.155538043552395,0.138579784702823,5,0,0,0.999626430124647
"Sst-9","FAM210A",-0.0698129863299737,0.163983577802569,0.670303453727852,-0.391214892879031,0.251588920219084,5,4.45017771856096e-06,0.00257596335000945,0.999626430124647
"Sst-9","MAPK8IP3",-0.0732878311945593,0.0833001923467635,0.378965570450782,-0.236553208099475,0.0899775457103561,5,0,0,0.999626430124647
"Sst-9","TENM4",-0.0710256334370897,0.0832814696864609,0.393748938666102,-0.234254314602117,0.092203047727938,5,0.00229989453172478,5.65773683762531,0.999626430124647
"Sst-9","YTHDC1",-0.0552940544366121,0.166587255418982,0.739947797563601,-0.381799075341193,0.271210966467968,5,0.0655551519908786,51.0929868728866,0.999626430124647
"Sst-9","CPEB4",-0.0276735114239357,0.0741499952242475,0.708992237317168,-0.173004831517278,0.117657808669406,5,8.76497936078267e-06,0.0210300489250988,0.999626430124647
"Sst-9","ARHGEF3",0.124655835432985,0.127743751807913,0.329150073031507,-0.125717317360548,0.375028988226518,5,0,0,0.999626430124647
"Sst-9","EXOC6",-0.00584422646329655,0.075286035329423,0.938124791772529,-0.153402144247776,0.141713691321183,5,0,0,0.999626430124647
"Sst-9","FOXK2",-0.105779067843022,0.111016496483437,0.340679774268596,-0.323367402640377,0.111809266954332,5,0.0109549140185599,15.2864629864996,0.999626430124647
"Sst-9","NPAS2",-0.20345298794825,0.154053907447923,0.186614422435979,-0.505393098223845,0.0984871223273455,5,0.024054204531895,17.7909655189655,0.999626430124647
"Sst-9","CEBPZOS",0.442386240806145,0.131898795732253,0.000796574263723218,0.183869351566724,0.700903130045566,5,0.0113977046177536,10.6018561841223,0.64602172787953
"Sst-9","UBR4",0.133821689824283,0.103079521976929,0.194205772669032,-0.0682104607941024,0.335853840442669,5,0.00714606051871405,11.6460412915698,0.999626430124647
"Sst-9","PFKM",0.142812880558767,0.134045830529231,0.286693429113355,-0.119912119556285,0.40553788067382,5,0,0,0.999626430124647
"Sst-9","PARP16",-0.0166271849176096,0.146551414689616,0.909668787129672,-0.303862679592651,0.270608309757432,5,4.49503773821544e-06,0.00343332795434636,0.999626430124647
"Sst-9","AXIN1",-0.123358331582005,0.158641611799466,0.436810012250761,-0.434290177158342,0.187573513994333,5,0,0,0.999626430124647
"Sst-9","CYP46A1",-0.0632498151271105,0.109870582384196,0.564834460384088,-0.278592199560575,0.152092569306354,5,6.88566290594294e-07,0.000840665287977301,0.999626430124647
"Sst-9","CFAP221",-0.0296423404265342,0.164127306293661,0.856677017495977,-0.351325949641684,0.292041268788615,5,0,0,0.999626430124647
"Sst-9","PTPRF",-0.0272180638093839,0.169007252843356,0.872056603240333,-0.358466192508417,0.304030064889649,5,0,0,0.999626430124647
"Sst-9","NOL10",-0.0552490117730019,0.134455507016485,0.68113907825761,-0.318776963048385,0.208278939502381,5,0.0303621466264849,33.2679167289103,0.999626430124647
"Sst-9","RNF111",0.0878328492501317,0.103299790797561,0.395174259143099,-0.11463102032361,0.290296718823874,5,0.0149924686432018,27.5638507156665,0.999626430124647
"Sst-9","COMT",0.0413891777285042,0.207646860328118,0.84200864755659,-0.365591190017425,0.448369545474434,5,0.0846088969961403,40.4212863852156,0.999626430124647
"Sst-9","FKBP15",-0.087815947883271,0.14465783313378,0.543811261002523,-0.371340090907084,0.195708195140542,5,0.0176918160936284,14.4456521205992,0.999626430124647
"Sst-9","PHF12",-0.175365214836124,0.119383705461124,0.141854257007202,-0.409352977880865,0.0586225482086168,5,0,0,0.999626430124647
"Sst-9","CDH3",0.137915252487936,0.20308897756787,0.497082214923293,-0.260131829202152,0.535962334178024,5,0.0700661465303593,34.5904160560369,0.999626430124647
"Sst-9","RAB11FIP2",0.0986624321241874,0.106670248643558,0.355002715159426,-0.110407413439119,0.307732277687494,5,0,0,0.999626430124647
"Sst-9","RPL34",0.126425778774222,0.165202589958357,0.444106485888776,-0.197365347696896,0.45021690524534,5,0.014644338036571,9.71066105169412,0.999626430124647
"Sst-9","KPNB1",0.0348821983568684,0.0980666211723498,0.722065999561822,-0.15732484722647,0.227089243940207,5,0,0,0.999626430124647
"Sst-9","GNPDA2",0.0597804314757553,0.114422312145055,0.60135404248358,-0.164483179356353,0.284044042307864,5,9.08998976775169e-07,0.00112899896519759,0.999626430124647
"Sst-9","TRMU",-0.232089203956397,0.143950729947993,0.106900538295877,-0.514227450202715,0.0500490422899215,5,0,0,0.999626430124647
"Sst-9","TMEM68",-0.010391589256635,0.125423623254501,0.933969276847165,-0.256217373645978,0.235434195132708,5,0,0,0.999626430124647
"Sst-9","CLSTN2",-0.26814411827093,0.474312698802318,0.571848007640157,-1.19777992533347,0.661491688791608,5,0.924227096809117,86.057083717408,0.999626430124647
"Sst-9","ZNF75A",-0.0279505804140145,0.129465079918323,0.82907129864424,-0.281697474309527,0.225796313481498,5,0,0,0.999626430124647
"Sst-9","NIPSNAP1",-0.0490514934237419,0.154721837862174,0.751220695754553,-0.352300723255448,0.254197736407964,5,2.23394280374066e-06,0.00142692024817883,0.999626430124647
"Sst-9","GRIA1",0.00119463503819512,0.102933819200967,0.9907400749108,-0.200551943386858,0.202941213463248,5,0.0289941496373554,58.9918269259169,0.999626430124647
"Sst-9","RAI2",0.194496524062227,0.141394207482184,0.168957222951346,-0.0826310302254362,0.471624078349891,5,0,0,0.999626430124647
"Sst-9","BTBD1",0.00447241978771125,0.17444766059525,0.979546393422899,-0.337438712166246,0.346383551741668,5,0.052894656917383,35.348240744737,0.999626430124647
"Sst-9","SMG9",-0.000339590847177175,0.127981290131287,0.997882862598733,-0.251178310199471,0.250499128505117,5,0,0,0.999626430124647
"Sst-9","TOP2B",0.123016337530295,0.0782204104482946,0.115790971217008,-0.0302928498043026,0.276325524864893,5,0,0,0.999626430124647
"Sst-9","HERC6",-0.186729894123332,0.208722465909219,0.370983591400841,-0.595818410069791,0.222358621823127,5,0.113295250357375,55.7393988248877,0.999626430124647
"Sst-9","MORN4",-0.0472668659355285,0.190035158002217,0.803571997920529,-0.419728931416253,0.325195199545196,5,0.0518896722406113,28.5812690379021,0.999626430124647
"Sst-9","ANKAR",0.208003453442424,0.0906020402587196,0.0216877680958423,0.0304267176094852,0.385580189275362,5,0,0,0.999626430124647
"Sst-9","ZNF326",-0.0508455039782082,0.143986891214998,0.723994038839458,-0.33305462500549,0.231363617049074,5,0.0322688057885709,30.9066797628193,0.999626430124647
"Sst-9","ALDH3A2",0.00176090829402019,0.124059406167366,0.988675148401829,-0.241391059737443,0.244912876325483,5,0,0,0.999626430124647
"Sst-9","NUCB1",0.0851010533786298,0.141781602972703,0.54835539811957,-0.192785782118224,0.362987888875484,5,0,0,0.999626430124647
"Sst-9","MGLL",0.0605063846181346,0.0775633793789446,0.435338144960978,-0.0915150454838135,0.212527814720083,5,2.71320883503361e-06,0.00663984336557487,0.999626430124647
"Sst-9","ERCC8",0.0717423519965403,0.105871772021603,0.498003545517135,-0.135762508145237,0.279247212138318,5,0,0,0.999626430124647
"Sst-9","VWA5B2",-0.150590768262094,0.14875392461355,0.311371594946254,-0.442143103063639,0.14096156653945,5,3.94032358593576e-07,0.000286232209487624,0.999626430124647
"Sst-9","MTMR9",-0.0470233415946483,0.133200984502813,0.724069337941143,-0.30809247392544,0.214045790736144,5,3.28358266645846e-07,0.000286498113978326,0.999626430124647
"Sst-9","TACC2",-0.144221921491646,0.0875727040966421,0.0995822755482032,-0.315861267549848,0.0274174245665557,5,2.83435668158931e-06,0.00471759399420702,0.999626430124647
"Sst-9","PLEKHM1",0.0574048441877553,0.150558701640944,0.70299636759587,-0.237684788587607,0.352494476963117,5,0,0,0.999626430124647
"Sst-9","FBXW2",0.0750089873092878,0.107633803804599,0.485871253944854,-0.135949391666776,0.285967366285352,5,0,0,0.999626430124647
"Sst-9","IARS2",0.148605561795018,0.144507981740028,0.303782685097396,-0.134624877894009,0.431836001484045,5,0,0,0.999626430124647
"Sst-9","ABCB10",-0.186778471322648,0.149972864891608,0.212979203657949,-0.480719885168491,0.107162942523194,5,0.0136218706096843,9.84898626139737,0.999626430124647
"Sst-9","SLC9A9",0.0495583879357977,0.183584951507433,0.787200269503248,-0.310261505122303,0.409378280993898,5,0,0,0.999626430124647
"Sst-9","RRP1B",0.00843611786990194,0.144922302357198,0.95358030751785,-0.275606375306831,0.292478611046635,5,2.55615655581658e-06,0.00189082108623219,0.999626430124647
"Sst-9","RAB40B",0.0769287219932862,0.117368133072134,0.512179279455986,-0.1531085917608,0.306966035747372,5,0,0,0.999626430124647
"Sst-9","OSBPL5",-0.189845536624007,0.222362440335743,0.393234543530195,-0.625667911196501,0.245976837948486,5,0.117776648691876,50.2389446822217,0.999626430124647
"Sst-9","EIF2AK1",0.284493396708414,0.221068758072308,0.198129126467416,-0.148793407220308,0.717780200637135,5,0.131988811525682,57.8263219868332,0.999626430124647
"Sst-9","PHKB",-0.0741675129064533,0.0703736558340719,0.291924037671422,-0.212097343801651,0.0637623179887447,5,0,0,0.999626430124647
"Sst-9","NELFCD",-0.00530647746776788,0.158967799134952,0.973370894633532,-0.316877638473871,0.306264683538336,5,0,0,0.999626430124647
"Sst-9","NEDD4L",0.0286085305558671,0.0791580543828014,0.717792802465584,-0.126538405120687,0.183755466232421,5,0,0,0.999626430124647
"Sst-9","RPN2",0.060079758227249,0.132633172936913,0.650565404110087,-0.199876483884374,0.320036000338871,5,2.98926431720575e-06,0.00213282724912381,0.999626430124647
"Sst-9","RNF121",-0.0917278627570249,0.14918336002004,0.538642833391571,-0.384121875488976,0.200666149974926,5,0,0,0.999626430124647
"Sst-9","CAMK2B",-0.103796184367125,0.0720070870484567,0.149451442585762,-0.244927481613741,0.0373351128794905,5,0,0,0.999626430124647
"Sst-9","IL6ST",0.240372147612241,0.110854366852974,0.0301313253239054,0.0231015810514211,0.457642714173062,5,0.00450483148551509,5.86335653250777,0.999626430124647
"Sst-9","TMEM230",-0.0331785525672421,0.121328932851418,0.784499999952013,-0.2709788912387,0.204621786104215,5,0,0,0.999626430124647
"Sst-9","PTPRN2",-0.00140916724961936,0.0563813065209205,0.980060133171159,-0.111914497431937,0.109096162932698,5,0,0,0.999626430124647
"Sst-9","SYAP1",0.0940538207238415,0.206986938370325,0.649544582240436,-0.311633123752207,0.49974076519989,5,0.0665601384284801,31.5178884756449,0.999626430124647
"Sst-9","RNFT2",-0.25957395153093,0.117288656879507,0.0268893270402802,-0.489455494809839,-0.0296924082520214,5,0,0,0.999626430124647
"Sst-9","ADCY6",0.0606539189507005,0.216440894039696,0.779298615885445,-0.363562438148753,0.484870276050154,5,0.0979961781662694,43.5844807319802,0.999626430124647
"Sst-9","CELF4",-0.0440360528191867,0.0752178083472302,0.558247081472511,-0.191460248175794,0.103388142537421,5,3.43359430239627e-07,0.00101263126539394,0.999626430124647
"Sst-9","CDKL1",0.0542991913132682,0.120755119156292,0.652952963452905,-0.182376493181906,0.290974875808443,5,0,0,0.999626430124647
"Sst-9","ATP6V0A2",0.0256888527319067,0.126942697349911,0.83963081075796,-0.223114262174288,0.274491967638101,5,0,0,0.999626430124647
"Sst-9","ZNF586",-0.0577327188643543,0.0965748127992929,0.54997134690249,-0.247015873764666,0.131550436035958,5,0,0,0.999626430124647
"Sst-9","BRAP",0.0888813571110399,0.14650167496253,0.544055500261508,-0.198256649490313,0.376019363712393,5,0.0164350460246853,13.4183283215299,0.999626430124647
"Sst-9","JOSD1",-0.107030804527042,0.183618330581334,0.559961795245659,-0.466916119367826,0.252854510313741,5,0.0397515521378221,22.4352679191998,0.999626430124647
"Sst-9","PINK1",-0.189159451835801,0.138107949483611,0.170796412416793,-0.459846058802356,0.0815271551307542,5,0,0,0.999626430124647
"Sst-9","SFXN4",0.152342103217223,0.148390898082028,0.304596133088952,-0.138498712657106,0.443182919091552,5,0,0,0.999626430124647
"Sst-9","SLC12A5",-0.00611500139273929,0.114269881480088,0.95732263453956,-0.230079853611371,0.217849850825893,5,0.0172186444657285,25.4262392326158,0.999626430124647
"Sst-9","PTAR1",0.184120166416623,0.134675138266409,0.171580501740334,-0.0798382541984919,0.448078587031737,5,0,0,0.999626430124647
"Sst-9","SGK1",0.0893377317367971,0.158203777532889,0.572277582407728,-0.220735974445852,0.399411437919446,5,4.75581363804696e-06,0.00294044098347167,0.999626430124647
"Sst-9","ULK3",0.12111641085778,0.310999386644465,0.696948761458033,-0.488431186179417,0.730664007894978,5,0.32588428279569,70.3107125143,0.999626430124647
"Sst-9","TMEM192",0.0175391312166314,0.131119021980193,0.893588433063271,-0.239449429552664,0.274527691985926,5,1.71462761809628e-06,0.00124075526434612,0.999626430124647
"Sst-9","CDC40",-0.0786221032679723,0.13482419360417,0.559795448515291,-0.3428726669768,0.185628460440856,5,0.0144120344766489,13.4290664615775,0.999626430124647
"Sst-9","ZBTB25",-0.0471080525997661,0.123730733804085,0.703403303892163,-0.289615834636485,0.195399729436953,5,0,0,0.999626430124647
"Sst-9","TMEM168",0.363975267523137,0.132783991376855,0.0061232367887065,0.103723426701023,0.624227108345251,5,0,0,0.999626430124647
"Sst-9","SPIRE2",-0.0266354522607643,0.201489128936014,0.894831638353656,-0.421546888251698,0.36827598373017,5,0.1090219948046,57.0058730009033,0.999626430124647
"Sst-9","CLK1",0.00818026718416078,0.105776441343728,0.938356701649386,-0.199137748262361,0.215498282630682,5,0,0,0.999626430124647
"Sst-9","SETDB2",-0.131056314703692,0.196725765701877,0.505291038584787,-0.516631730310436,0.254519100903052,5,0.0802834569091207,43.7592562499765,0.999626430124647
"Sst-9","ZNF44",0.0869597832612485,0.12233886139012,0.477201490587775,-0.152819978973024,0.326739545495521,5,0,0,0.999626430124647
"Sst-9","KCNK12",-0.141858806821086,0.0990071044953786,0.151910879802515,-0.335909165845622,0.0521915522034493,5,1.80406833509555e-06,0.00218161381981154,0.999626430124647
"Sst-9","DENND1B",-0.0347166616607561,0.0805491528214028,0.666468579958882,-0.192590100175919,0.123156776854406,5,0,0,0.999626430124647
"Sst-9","C19orf12",-0.111953656345703,0.140818793277205,0.426602284191937,-0.387953419515416,0.16404610682401,5,1.03833839146854e-06,0.000838654588724791,0.999626430124647
"Sst-9","NEK11",0.154749242415415,0.100286854399518,0.122814745842164,-0.0418093803304519,0.351307865161281,5,0,0,0.999626430124647
"Sst-9","PMPCB",-0.0794318789452079,0.117776485772947,0.50003860309625,-0.310269549285877,0.151405791395462,5,0,0,0.999626430124647
"Sst-9","TUBG2",0.118395396643381,0.148487487475013,0.425252096274265,-0.172634730962486,0.409425524249248,5,0,0,0.999626430124647
"Sst-9","FLOT1",-0.00459384522503269,0.11400389287978,0.967857531839797,-0.228037369366764,0.218849678916698,5,0,0,0.999626430124647
"Sst-9","AGBL1",0.226830262157312,0.413761016531133,0.583543841494181,-0.58412642845039,1.03778695276501,5,0.558037464315965,69.7873321852864,0.999626430124647
"Sst-9","GNAI2",0.172983777749455,0.141471153306785,0.221424335835223,-0.104294587583188,0.450262143082098,5,0,0,0.999626430124647
"Sst-9","WDR6",0.137200141671647,0.305988195306155,0.653876250393668,-0.462525700822824,0.736925984166118,5,0.329700479206331,74.7310044322253,0.999626430124647
"Sst-9","RNF144A",-0.173643073045608,0.0767712720124969,0.0237083055866671,-0.32411200123743,-0.023174144853786,5,0,0,0.999626430124647
"Sst-9","LINC00486",0.253520406758116,0.153073967708309,0.0976822471258815,-0.0464990569208162,0.553539870437048,5,0.0567134989692732,51.6060909422968,0.999626430124647
"Sst-9","IQCK",-0.222751796576809,0.125252638637403,0.0753349016596337,-0.468242457274729,0.0227388641211108,5,0,0,0.999626430124647
"Sst-9","SYT12",-0.156780523135567,0.143600900601728,0.274930020470688,-0.438233116462469,0.124672070191335,5,0,0,0.999626430124647
"Sst-9","TBCB",0.0683600740427251,0.188462474838854,0.716810231898511,-0.301019589078715,0.437739737164165,5,0,0,0.999626430124647
"Sst-9","USP15",0.00133958454295326,0.0851063588340387,0.98744171755432,-0.165465813627105,0.168144982713011,5,0.00299329178093837,6.46506256794421,0.999626430124647
"Sst-9","IVD",-0.123787976139187,0.127160548563513,0.330315868633259,-0.373018071578028,0.125442119299654,5,0,0,0.999626430124647
"Sst-9","VTA1",-0.11478829802839,0.12906690033504,0.373803975723063,-0.367754774281289,0.13817817822451,5,0,0,0.999626430124647
"Sst-9","UGGT1",-0.0361140019412476,0.101317885661521,0.721509195254656,-0.234693408827576,0.162465404945081,5,0,0,0.999626430124647
"Sst-9","NSUN2",0.00806722172715021,0.137132997437955,0.953089328444297,-0.260708514343264,0.276842957797565,5,0,0,0.999626430124647
"Sst-9","MPP7",0.0932432620006906,0.249643390621948,0.708772006525073,-0.396048792596791,0.582535316598172,5,0.163499759449501,55.0175854210475,0.999626430124647
"Sst-9","DIXDC1",0.047446571956662,0.0897436248530236,0.59702039988913,-0.128447700597338,0.223340844510662,5,0,0,0.999626430124647
"Sst-9","RHOA",0.0389199948419913,0.117321900308233,0.740087990632003,-0.191026704359944,0.268866694043927,5,1.45484165301538e-06,0.00141406853516707,0.999626430124647
"Sst-9","LETMD1",-0.13983229416866,0.129522956450829,0.280322713419228,-0.393692623983435,0.114028035646115,5,0,0,0.999626430124647
"Sst-9","PCCB",0.024264146862378,0.112938279156578,0.829888703655939,-0.197090812760445,0.245619106485201,5,0,0,0.999626430124647
"Sst-9","ATG10",0.000690338849907575,0.138262740627549,0.996016219416773,-0.270299653183891,0.271680330883706,5,0.018754917238888,18.4207114578173,0.999626430124647
"Sst-9","ZNF675",0.0382932152159051,0.174167011060892,0.825976360884444,-0.303067853758433,0.379654284190243,5,0.0436802105240376,27.0976266773113,0.999626430124647
"Sst-9","PRMT1",-0.00860628615364095,0.165913283591136,0.958630529835035,-0.333790346549047,0.316577774241766,5,0,0,0.999626430124647
"Sst-9","ZNF106",-0.104017387396405,0.0879959532141451,0.237177877343956,-0.276486286481401,0.0684515116885906,5,0,0,0.999626430124647
"Sst-9","ZNF135",-0.0913918654192395,0.136934766190992,0.504509192982106,-0.359779075384997,0.176995344546518,5,0,0,0.999626430124647
"Sst-9","USP6NL",-0.223470056603612,0.146766813560949,0.127853852690636,-0.511127725308776,0.064187612101552,5,0.00624546765966322,4.60578280922672,0.999626430124647
"Sst-9","GDA",0.130326849185434,0.201827330547201,0.518451381590036,-0.265247449782941,0.52590114815381,5,0,0,0.999626430124647
"Sst-9","PPFIA3",-0.224909958477877,0.129647855472781,0.0827805292716717,-0.479015085877382,0.0291951689216278,5,0.00892376851962938,8.93593264585654,0.999626430124647
"Sst-9","LAMP2",-0.169348809380061,0.156731779195079,0.279919240468301,-0.4765374518353,0.137839833075178,5,0.0331576087941362,25.3853140429683,0.999626430124647
"Sst-9","STXBP5L",-0.0223093083045558,0.0890734035156079,0.802231776280607,-0.196889971175551,0.152271354566439,5,0.0169502170856488,44.3345320446414,0.999626430124647
"Sst-9","SNX8",-0.019907875270743,0.142313112917702,0.888748601867122,-0.298836451117221,0.259020700575735,5,0,0,0.999626430124647
"Sst-9","ARHGAP23",-0.0796109152536741,0.121919010099557,0.513767902976791,-0.318567784079581,0.159345953572233,5,0,0,0.999626430124647
"Sst-9","KDM5C",0.0355682887684162,0.131441464340016,0.786697358529288,-0.222052247413222,0.293188824950054,5,0,0,0.999626430124647
"Sst-9","GABRA3",-0.136369544734321,0.145627722625358,0.349054041582316,-0.421794636230612,0.149055546761969,5,0,0,0.999626430124647
"Sst-9","C1GALT1",-0.017647494455381,0.121287981435603,0.884315509379028,-0.255367569826726,0.220072580915963,5,0,0,0.999626430124647
"Sst-9","CAND2",0.119348806357491,0.1866426650732,0.522529693572503,-0.246464095164553,0.485161707879536,5,0.0465949991573264,25.6536989154703,0.999626430124647
"Sst-9","RBM17",0.163852377842099,0.209942135857807,0.435117532846218,-0.247626647276617,0.575331402960816,5,0.123113062183332,60.5705352180485,0.999626430124647
"Sst-9","ACVR2B",-0.136984091556308,0.136494659294786,0.315578338203081,-0.404508707856154,0.130540524743539,5,0,0,0.999626430124647
"Sst-9","PHF2",0.000533322833304651,0.129001534625746,0.996701366044457,-0.252305038983554,0.253371684650163,5,0,0,0.999626430124647
"Sst-9","OTUD5",0.0200972512575583,0.163090884334081,0.90192709868622,-0.299555008244028,0.339749510759145,5,0.0113015100367103,7.51892158236735,0.999626430124647
"Sst-9","ACTL6B",-0.134698271481379,0.136599376472221,0.324092569960113,-0.40242812967756,0.133031586714803,5,0,0,0.999626430124647
"Sst-9","ZC3H14",-0.136020192129097,0.0832636417460049,0.102341083834866,-0.299213931172912,0.0271735469147185,5,0,0,0.999626430124647
"Sst-9","PLEKHM2",-0.0476347729736063,0.109908946533721,0.664722643872909,-0.263052349758438,0.167782803811226,5,3.53923623341402e-06,0.00430271478186273,0.999626430124647
"Sst-9","GTF3C3",0.105598710471546,0.162184388054797,0.514980124025983,-0.212276848970524,0.423474269913615,5,0.0214427141918688,14.3574249308226,0.999626430124647
"Sst-9","PCYOX1",0.0996300644992836,0.105778657749449,0.346257651523682,-0.107692295022625,0.306952424021192,5,0,0,0.999626430124647
"Sst-9","PCGF3",0.0637556355375283,0.180849138302929,0.724437138850011,-0.290702162171316,0.418213433246373,5,0.0534994598517859,32.8286051556838,0.999626430124647
"Sst-9","CMTM8",-0.00157113599438011,0.211662333414316,0.99407748359891,-0.416421686370148,0.413279414381388,5,0,0,0.999626430124647
"Sst-9","KLF9",0.128661294506061,0.294631043034428,0.662338978252099,-0.448804938568888,0.70612752758101,5,0.245643378838911,62.4688745419292,0.999626430124647
"Sst-9","LINC00511",-0.0401567638350946,0.230968118261242,0.861973288321724,-0.492845957204117,0.412532429533928,5,0.0795444862858812,29.9489919534858,0.999626430124647
"Sst-9","TEX10",0.00237853223012699,0.118493058392912,0.983984996842142,-0.229863594637983,0.234620659098237,5,8.08839386793335e-08,7.49289729244284e-05,0.999626430124647
"Sst-9","NAP1L4",0.119526591337181,0.0922005807637377,0.194846083820805,-0.0611832263134214,0.300236408987783,5,0.00499477905326987,10.1373288530332,0.999626430124647
"Sst-9","SFXN5",-0.0569113949275869,0.0877672926773276,0.516703561671161,-0.228932127595735,0.115109337740561,5,0,0,0.999626430124647
"Sst-9","ANXA6",0.0742221905707507,0.0952953414707124,0.436059339473217,-0.112553246606292,0.260997627747793,5,3.59605625427764e-06,0.00503307938534462,0.999626430124647
"Sst-9","NR2F2-AS1",-0.0997941232846127,0.181494482223968,0.582424595778522,-0.455516771836334,0.255928525267109,5,0.113372608323168,72.7733179279793,0.999626430124647
"Sst-9","FAM216A",0.00658107771430008,0.145381250704027,0.963893916955771,-0.278360937692982,0.291523093121582,5,0,0,0.999626430124647
"Sst-9","MLLT6",-0.0125526582000932,0.178532420887164,0.943946728594567,-0.362469773211681,0.337364456811495,5,0.0379406068477684,22.2698711550817,0.999626430124647
"Sst-9","ATP11A",-0.0822679818710527,0.101784032468288,0.418940812167174,-0.281761019710152,0.117225055968047,5,0,0,0.999626430124647
"Sst-9","IPPK",0.0154238430540246,0.131914565590956,0.906921094015719,-0.243123954540496,0.273971640648545,5,0,0,0.999626430124647
"Sst-9","FTO",-0.0517902841836152,0.0681360901772111,0.447194443885527,-0.185334566978322,0.0817539986110918,5,0.00207168326030977,7.35654404037953,0.999626430124647
"Sst-9","APC2",0.0864677851102047,0.136410377966459,0.526159259709696,-0.180891642821551,0.35382721304196,5,0,0,0.999626430124647
"Sst-9","ARL1",0.101296743052687,0.148341914068819,0.494695381545645,-0.189448065919934,0.392041552025308,5,0,0,0.999626430124647
"Sst-9","ZBED5",-0.0224137661174721,0.136911039406682,0.869959100718676,-0.290754472440513,0.245926940205569,5,0.0207119852927729,20.4761777685267,0.999626430124647
"Sst-9","POLR1A",0.089905182936093,0.14543050290276,0.53644330140306,-0.195133365006865,0.374943730879051,5,0.0102618038984595,8.22010022925136,0.999626430124647
"Sst-9","UBLCP1",-0.125046550876837,0.158326136443764,0.429642482435799,-0.435360076117989,0.185266974364316,5,5.97485318024652e-07,0.000395025710104633,0.999626430124647
"Sst-9","SLC35D1",0.124866968497888,0.147015827090232,0.395690063564906,-0.163278757756335,0.413012694752112,5,0,0,0.999626430124647
"Sst-9","ATXN7L3",-0.128032318849167,0.175801007812526,0.466442338884136,-0.472595962607562,0.216531324909228,5,0,0,0.999626430124647
"Sst-9","CALM3",0.0514120583683202,0.103556306478398,0.619566534056322,-0.151554572701331,0.254378689437971,5,0,0,0.999626430124647
"Sst-9","MYO9B",-0.0403074126138352,0.148868219354137,0.786576383116681,-0.332083760990552,0.251468935762881,5,0.0333065820906954,29.9833982763326,0.999626430124647
"Sst-9","DNAJC15",-0.115051969916907,0.133740796911388,0.389645275654767,-0.377179115126912,0.147075175293098,5,0.00703433130549056,6.18254162734928,0.999626430124647
"Sst-9","GLO1",0.00369939700917125,0.142207878088435,0.979246164729923,-0.275022922362024,0.282421716380367,5,0,0,0.999626430124647
"Sst-9","TECPR1",-0.110656163431092,0.283224396261404,0.696017976180542,-0.665765779646544,0.44445345278436,5,0.25224423564045,67.946731364888,0.999626430124647
"Sst-9","VWC2",-0.0236180744019034,0.111287686004342,0.831931186630787,-0.241737930893216,0.194501782089409,5,0.0168404379470395,27.0957757611718,0.999626430124647
"Sst-9","CMPK1",-0.17402290772822,0.151038269380567,0.249248108572186,-0.47005247600139,0.122006660544951,5,0,0,0.999626430124647
"Sst-9","TLE4",0.0372442783513174,0.159368980971399,0.81521911785516,-0.275113184605475,0.34960174130811,5,0,0,0.999626430124647
"Sst-9","OCIAD1",-0.0407102689427376,0.123327257710601,0.741324763642853,-0.282427252367605,0.20100671448213,5,0.0338377164705095,47.4396301887306,0.999626430124647
"Sst-9","RSRC2",0.0776505410738171,0.116158298092495,0.503821520196389,-0.15001553969294,0.305316621840574,5,0,0,0.999626430124647
"Sst-9","ARHGAP22",-0.120695832177696,0.168144783105263,0.472875086914181,-0.450253551252311,0.208861886896918,5,0,0,0.999626430124647
"Sst-9","MMP17",-0.0815455110519392,0.143119653938567,0.568832635158502,-0.362054878251367,0.198963856147489,5,4.37008470345659e-06,0.0029872657414705,0.999626430124647
"Sst-9","OPRK1",0.137822383586834,0.185670366671907,0.457907972112809,-0.226084848086449,0.501729615260117,5,0.0330165650590403,18.7834723448918,0.999626430124647
"Sst-9","CPEB1",0.000446172624318939,0.147522764291549,0.997586855782003,-0.288693132286908,0.289585477535546,5,0,0,0.999626430124647
"Sst-9","APPL1",-0.0788023556548011,0.0991074901228008,0.426543654133968,-0.27304946689365,0.115444755584048,5,0,0,0.999626430124647
"Sst-9","SLC4A3",-0.0288927975358124,0.150339646855916,0.847598480430631,-0.323553090821878,0.265767495750253,5,0,0,0.999626430124647
"Sst-9","KLHDC10",-0.0174619610931183,0.0860981793327023,0.839280006851118,-0.186211291719686,0.151287369533449,5,0,0,0.999626430124647
"Sst-9","SRSF12",0.193583837567792,0.177582917186008,0.275667361259103,-0.154472284386342,0.541639959521926,5,0.0397636052985629,23.5916454125676,0.999626430124647
"Sst-9","ZNF484",0.10887094978149,0.138758530953666,0.432683876306801,-0.163090773435381,0.380832672998362,5,0,0,0.999626430124647
"Sst-9","CFLAR",0.0599677524930562,0.140036584627762,0.668484270131119,-0.214498909895352,0.334434414881464,5,0.00556919188502144,4.20711106948592,0.999626430124647
"Sst-9","EPHA4",0.267396586354498,0.1955642489938,0.171528746448184,-0.115902298336973,0.650695471045969,5,0,0,0.999626430124647
"Sst-9","NCDN",-0.0860543749241042,0.12599394741547,0.494604290578781,-0.332997974128459,0.160889224280251,5,0,0,0.999626430124647
"Sst-9","PLGRKT",0.0150308300385809,0.150193436371453,0.92028360989163,-0.279342895963776,0.309404556040938,5,4.6536959149254e-07,0.00032327397170633,0.999626430124647
"Sst-9","BCL2",0.155972449574089,0.206655909022191,0.450402187531036,-0.249065689301791,0.56101058844997,5,0.0797128456018092,38.8081335884637,0.999626430124647
"Sst-9","AJAP1",-0.136650785974815,0.168466833635451,0.417283237136833,-0.4668397124898,0.193538140540171,5,1.02118031641097e-06,0.000621855983955506,0.999626430124647
"Sst-9","SMIM13",-0.147251724387404,0.148068112546094,0.319986122643629,-0.437459892236571,0.142956443461764,5,0,0,0.999626430124647
"Sst-9","PSMG4",0.358000053582436,0.177830954579623,0.0440990482007791,0.00945778726999702,0.706542319894874,5,0.0676609503385057,45.2227261156798,0.999626430124647
"Sst-9","CEP120",0.0751295972066499,0.148581061780846,0.613104343569251,-0.216083932668528,0.366343127081828,5,0.0150310919107508,10.7118959074391,0.999626430124647
"Sst-9","SMG7",0.0158558188751421,0.0900623750231033,0.860251715296289,-0.16066319253228,0.192374830282564,5,0,0,0.999626430124647
"Sst-9","CHMP5",0.135628143421128,0.148163406635979,0.359983941731847,-0.154766797412152,0.426023084254409,5,0,0,0.999626430124647
"Sst-9","SERBP1",0.342755979608678,0.127755297152725,0.00729846024178709,0.0923601983551233,0.593151760862232,5,0,0,0.999626430124647
"Sst-9","GTF2B",0.0796900459392675,0.156561596426009,0.610751358431285,-0.227165044417805,0.38654513629634,5,0,0,0.999626430124647
"Sst-9","XXYLT1",0.0118869227536268,0.111254637527023,0.9149125102325,-0.206168159912396,0.22994200541965,5,1.96399207115822e-06,0.00228064737000329,0.999626430124647
"Sst-9","DCAF7",-0.0149907669721953,0.104446162927684,0.885874574703294,-0.219701484633858,0.189719950689468,5,0,0,0.999626430124647
"Sst-9","HRH3",0.315201754757086,0.194418736354803,0.104963616187355,-0.0658519664181156,0.696255475932288,5,0.0316888946955543,16.1137156617383,0.999626430124647
"Sst-9","NDUFAF5",-0.0138981442638931,0.120576904147982,0.908236082424465,-0.250224533761276,0.22242824523349,5,0,0,0.999626430124647
"Sst-9","PSMA5",-0.143579568371247,0.161497208431221,0.3739746274133,-0.460108280500198,0.172949143757704,5,4.59745951310621e-06,0.0028292114504261,0.999626430124647
"Sst-9","ADAMTS10",0.165055447992429,0.115112739838441,0.151612479364413,-0.0605613762526433,0.390672272237502,5,0,0,0.999626430124647
"Sst-9","TSPAN9",0.0713238856220298,0.0936344752228689,0.446223099345857,-0.112196313526101,0.254844084770161,5,1.17254583042093e-06,0.00215439919764049,0.999626430124647
"Sst-9","MZF1",0.0874092649296414,0.143438282162249,0.542268689653493,-0.193724602112661,0.368543131971944,5,0,0,0.999626430124647
"Sst-9","MAPK8IP1",0.172528418091009,0.150351473605717,0.25117475255446,-0.122155055198721,0.467211891380739,5,0,0,0.999626430124647
"Sst-9","STMN1",0.0441074953134783,0.11466568981117,0.700488099700647,-0.180633126978856,0.268848117605813,5,0,0,0.999626430124647
"Sst-9","HRH2",-0.472931006699912,0.42475480906706,0.265527576688734,-1.30543513473154,0.359573121331713,5,0.669934298553741,78.7766616855942,0.999626430124647
"Sst-9","TATDN3",-0.0557804439016796,0.13089371036939,0.66999805176745,-0.312327402028502,0.200766514225143,5,4.42280872418468e-06,0.0042279518822559,0.999626430124647
"Sst-9","ZNF160",0.120867499761685,0.129881563324754,0.352061642307888,-0.133695686610592,0.375430686133962,5,0,0,0.999626430124647
"Sst-9","TPM4",0.0436645911620296,0.147180489403422,0.766715581833118,-0.244803867295657,0.332133049619716,5,0.0125250328239996,9.58053144915225,0.999626430124647
"Sst-9","CERK",-0.265030711902412,0.136521699668181,0.0522208905441123,-0.532608326360241,0.00254690255541706,5,0,0,0.999626430124647
"Sst-9","B4GALNT4",0.0797240521641194,0.148094457618952,0.590347552519431,-0.21053575107902,0.369983855407259,5,0.0141223489252323,11.6682850385402,0.999626430124647
"Sst-9","SDCBP",0.0667145774073587,0.158729051824001,0.674262826714211,-0.244388647467875,0.377817802282593,5,1.48739175861075e-06,0.00100019255790704,0.999626430124647
"Sst-9","POLR1D",0.0886777329122146,0.229985080137978,0.699807471588116,-0.362084741139781,0.53944020696421,5,0.116008489085679,46.2845541747534,0.999626430124647
"Sst-9","GFOD1",0.013094844747036,0.0705943079662428,0.852841317226315,-0.125267456380329,0.151457145874401,5,0,0,0.999626430124647
"Sst-9","TUSC3",-0.0405317395150677,0.161475503297415,0.801807462572886,-0.357017910363481,0.275954431333345,5,0.0741985624502838,61.6980035858999,0.999626430124647
"Sst-9","SH3PXD2B",0.358474361687767,0.187202152443657,0.0555046037328974,-0.00843511493017796,0.725383838305713,5,0.0731822640014848,43.4336910058895,0.999626430124647
"Sst-9","ITGB3BP",-0.20332717230796,0.156571230015772,0.194072963892061,-0.51020114415401,0.10354679953809,5,2.88283610153735e-06,0.00183822702008696,0.999626430124647
"Sst-9","CNTN2",0.00140450103158325,0.142174180187616,0.992118038165652,-0.277251771667651,0.280060773730818,5,0,0,0.999626430124647
"Sst-9","NPTXR",0.00828866928462547,0.114312644922848,0.942197026350715,-0.215759997741672,0.232337336310923,5,0,0,0.999626430124647
"Sst-9","KIDINS220",0.0506683348433042,0.0657487609672896,0.440922962848599,-0.0781968686807164,0.179533538367325,5,0,0,0.999626430124647
"Sst-9","SEC31B",-0.129672247223369,0.241289894882649,0.590982591791645,-0.602591751026817,0.343247256580078,5,0.13748817425743,51.0799903692699,0.999626430124647
"Sst-9","PFDN2",-0.0817681846420241,0.13925459091877,0.557079573079635,-0.354702167524672,0.191165798240624,5,0,0,0.999626430124647
"Sst-9","KCNK1",-0.0660317482995197,0.231740762818422,0.775691646272991,-0.520235297173465,0.388171800574426,5,0.123881198919282,49.0306878993005,0.999626430124647
"Sst-9","ZNF76",0.0240860368462988,0.20864098166004,0.908094392775388,-0.384842772906462,0.433014846599059,5,0.0577696697120749,25.6983981413985,0.999626430124647
"Sst-9","EHBP1",0.0504693194163447,0.112946315104605,0.654988107627076,-0.170901390375194,0.271840029207883,5,0.0316034139311679,52.2377407867007,0.999626430124647
"Sst-9","RYBP",0.150551877036261,0.117514853155783,0.200147789280952,-0.0797730027975868,0.380876756870108,5,0,0,0.999626430124647
"Sst-9","RAB11B",-0.18024138406833,0.169291608258209,0.287020778119702,-0.512046839139282,0.151564071002622,5,0,0,0.999626430124647
"Sst-9","URGCP",0.0930070852801291,0.127364803601642,0.465242483363572,-0.156623342677107,0.342637513237365,5,0,0,0.999626430124647
"Sst-9","POGZ",-0.0937629214492182,0.0716142340739578,0.19044029223364,-0.234124241014597,0.0465983981161603,5,0,0,0.999626430124647
"Sst-9","RASSF4",0.0675655605726001,0.115987218705823,0.560212491758805,-0.159765210757784,0.294896331902984,5,0,0,0.999626430124647
"Sst-9","STK24",0.183995043244049,0.168462323323281,0.274743914622766,-0.146185043221525,0.514175129709622,5,0.054531777172395,39.9619454310055,0.999626430124647
"Sst-9","ZNF397",-0.00627081157716959,0.137080091959744,0.963513015248728,-0.274942854815706,0.262401231661367,5,0,0,0.999626430124647
"Sst-9","RFC1",-0.00238790441534586,0.155120805145515,0.987717980075116,-0.306419095753412,0.30164328692272,5,0.026842518784252,20.9435736631472,0.999626430124647
"Sst-9","KCNIP2",-0.0106336250615251,0.252704958058341,0.966435553305887,-0.505926241570579,0.484658991447529,5,0.117877458460177,38.3870390538666,0.999626430124647
"Sst-9","PLCL1",0.0121212107741098,0.171732882505489,0.943730619841497,-0.324469053897898,0.348711475446117,5,2.15693793639107e-06,0.00127112313450289,0.999626430124647
"Sst-9","DNM2",-0.0765822547307645,0.105083191915921,0.466137841976145,-0.28254152626648,0.129377016804951,5,0,0,0.999626430124647
"Sst-9","TTC21B",-0.0143030123512245,0.0756923702833457,0.85012228213758,-0.162657332011052,0.134051307308603,5,0,0,0.999626430124647
"Sst-9","CDH11",0.173437240418935,0.151781868445315,0.253173843659054,-0.12404975524008,0.470924236077949,5,0,0,0.999626430124647
"Sst-9","UROS",0.100400818417152,0.133849069966132,0.453191640300494,-0.161938538080648,0.362740174914952,5,0,0,0.999626430124647
"Sst-9","SETD7",0.0593532822202037,0.0889798038858232,0.504745192159833,-0.115043928747447,0.233750493187854,5,0,0,0.999626430124647
"Sst-9","CAMKV",-0.0711473293046296,0.159859113732292,0.656274441021608,-0.384465434820413,0.242170776211154,5,0.0173389294868421,12.2558165993856,0.999626430124647
"Sst-9","SPPL2B",-0.207322711357599,0.14232341238857,0.145198828451397,-0.486271473796039,0.0716260510808406,5,0,0,0.999626430124647
"Sst-9","PAPOLA",-0.0425995765534016,0.0824549255439533,0.605406947007983,-0.204208260967482,0.119009107860679,5,8.84635788052721e-07,0.00163703506934157,0.999626430124647
"Sst-9","BCL2L13",-0.0516022297233671,0.115627174998022,0.655394163909027,-0.2782273283536,0.175022868906866,5,0,0,0.999626430124647
"Sst-9","STK38",0.0683442197978487,0.110953282082375,0.537912376910243,-0.14912021705012,0.285808656645817,5,0,0,0.999626430124647
"Sst-9","GRIP1",0.0267250214285451,0.0512328315534208,0.60192199728214,-0.073689483242167,0.127139526099257,5,0,0,0.999626430124647
"Sst-9","LMLN",0.278675966126704,0.119450397913285,0.0196489415841666,0.0445574882776864,0.512794443975721,5,5.5220964864292e-06,0.00525744166776875,0.999626430124647
"Sst-9","ZNF445",0.15223704951985,0.121672339294343,0.210859663815147,-0.0862363534118001,0.3907104524515,5,0,0,0.999626430124647
"Sst-9","OTUD7A",-0.0631892574629637,0.104906635338182,0.546949142213198,-0.268802484465078,0.14242396953915,5,0.0225162739655627,42.6531249007324,0.999626430124647
"Sst-9","TBC1D2B",0.0506875241588972,0.204919990712931,0.804635234674568,-0.35094827735073,0.452323325668524,5,0.102213320394837,51.8521407143184,0.999626430124647
"Sst-9","MED24",0.0522377915199761,0.124375388008198,0.674484698613144,-0.191533489539286,0.296009072579239,5,0,0,0.999626430124647
"Sst-9","NUDCD1",0.118434688890655,0.123339671044011,0.336938506228504,-0.123306624220623,0.360176002001934,5,0,0,0.999626430124647
"Sst-9","GALNT16",0.130319812171879,0.118570204420606,0.271727022926884,-0.102073518132061,0.362713142475819,5,0,0,0.999626430124647
"Sst-9","SMARCAL1",-0.117179982262094,0.112614824015271,0.298090107614346,-0.337900981457342,0.103541016933155,5,0,0,0.999626430124647
"Sst-9","NDUFS7",-0.131128584056495,0.158197259544052,0.407165017543023,-0.441189515215772,0.178932347102781,5,0,0,0.999626430124647
"Sst-9","HS3ST1",0.00765202715549672,0.150439906192093,0.959433617996811,-0.28720477081859,0.302508825129584,5,0,0,0.999626430124647
"Sst-9","CA11",-0.0773436404196488,0.206595091120277,0.708126768786798,-0.482262578398162,0.327575297558864,5,0.0627239954475271,28.4721420934933,0.999626430124647
"Sst-9","MBTPS2",0.0182347013831943,0.153006337928592,0.905135826865147,-0.281652210363211,0.3181216131296,5,1.03879963742941e-06,0.000760139034948386,0.999626430124647
"Sst-9","GNA12",-0.158197822022635,0.118001904024751,0.18003805348109,-0.389477304018299,0.0730816599730287,5,0.00502838663054514,5.56744810492365,0.999626430124647
"Sst-9","FUS",0.0602024265950262,0.0799160810539036,0.45125730935264,-0.0964302140562086,0.216835067246261,5,6.1195995379005e-06,0.0146749228565993,0.999626430124647
"Sst-9","CAMKK2",-0.0782506583988704,0.231074799465099,0.734882613897465,-0.53114894308528,0.374647626287539,5,0.128041758722833,50.5969130806636,0.999626430124647
"Sst-9","FAM149B1",-0.00456811364168409,0.1742678783237,0.979087310794899,-0.346126878818345,0.336990651534977,5,0.0491611619245603,32.2239785278536,0.999626430124647
"Sst-9","ENOPH1",-0.0789324338826694,0.201148518500476,0.694756239618689,-0.473176285687191,0.315311417921852,5,0.0574252690278201,27.5823513368222,0.999626430124647
"Sst-9","EHMT2",-0.160206522902111,0.119350173200509,0.179491179448382,-0.394128563923727,0.0737155181195049,5,0,0,0.999626430124647
"Sst-9","AKAP7",-0.000276035502442855,0.072734779268501,0.996971958406132,-0.142833583292175,0.14228151228729,5,0,0,0.999626430124647
"Sst-9","CNTN3",0.0289246321347674,0.104211581925534,0.781352605971771,-0.175326315211225,0.23317557948076,5,0.0182489792205023,34.6742542907035,0.999626430124647
"Sst-9","DOK5",-0.147688134255423,0.137129650557222,0.281481892657092,-0.416457310560141,0.121081042049295,5,0,0,0.999626430124647
"Sst-9","PSMB5",0.115940506573691,0.17377350634925,0.504648716466453,-0.224649307338082,0.456530320485464,5,0,0,0.999626430124647
"Sst-9","TBC1D14",0.089133061152952,0.162232866174858,0.582721143469321,-0.228837513658475,0.407103635964379,5,0.0368781070206156,27.7400962716736,0.999626430124647
"Sst-9","POLR2B",0.0575753244867042,0.121755215196703,0.636300445110493,-0.181060512228758,0.296211161202167,5,0,0,0.999626430124647
"Sst-9","LASP1",-0.104449627170033,0.137578427457721,0.44773255635383,-0.374098390036823,0.165199135696757,5,0,0,0.999626430124647
"Sst-9","PRRC2A",-0.198744795485616,0.196305085685243,0.311333382693,-0.583495693410742,0.18600610243951,5,0.0729173054742384,39.5345986196176,0.999626430124647
"Sst-9","RICTOR",-0.0780496704456219,0.1091670890292,0.474636202877354,-0.292013233239931,0.135913892348687,5,0.0206625824242045,35.2908274083465,0.999626430124647
"Sst-9","UBE2I",0.0164660508653399,0.149650726929484,0.912385681465939,-0.276843984176688,0.309776085907368,5,0.00431852632712263,3.14780117723606,0.999626430124647
"Sst-9","CHD6",0.00652509358743235,0.0634080028363647,0.918037204578715,-0.117752308303456,0.130802495478321,5,0.000645262098350333,2.45068267395294,0.999626430124647
"Sst-9","SYT13",0.0744448644081357,0.193156442143318,0.699931987238227,-0.304134805574662,0.453024534390933,5,0.0854897625622642,49.3759099865842,0.999626430124647
"Sst-9","MPPE1",-0.15759291078876,0.151650275045489,0.298718031564244,-0.454821988123513,0.139636166545992,5,0,0,0.999626430124647
"Sst-9","SLC25A17",-0.0544061308848038,0.14710805119158,0.711503283510664,-0.342732613056174,0.233920351286567,5,0,0,0.999626430124647
"Sst-9","KRAS",-0.136799864919833,0.121665504995153,0.260846261017623,-0.375259872871211,0.101660143031544,5,3.07181346999228e-07,0.000348007294501263,0.999626430124647
"Sst-9","INTS3",0.088840918528328,0.129284504409134,0.491973240059352,-0.164552053872684,0.34223389092934,5,0,0,0.999626430124647
"Sst-9","CLTB",-0.0202338961519089,0.137256420590247,0.88280308127763,-0.289251537155674,0.248783744851856,5,0,0,0.999626430124647
"Sst-9","FAM91A1",-0.0329174451912963,0.178161995082783,0.853416248482533,-0.382108538967354,0.316273648584761,5,0.0466637430624373,29.234857278834,0.999626430124647
"Sst-9","NRDE2",-0.0991484622763539,0.121974438852184,0.416296826466122,-0.338213969461118,0.13991704490841,5,0,0,0.999626430124647
"Sst-9","GRIN2A",0.100823767853175,0.0942894234090921,0.284934093071786,-0.0839801061516936,0.285627641858043,5,0.00470401169042241,10.0193906025356,0.999626430124647
"Sst-9","TMEM120B",-0.0621120230442523,0.0968680083426185,0.521391032194103,-0.25196983064991,0.127745784561405,5,3.76828313156957e-07,0.000577111321779371,0.999626430124647
"Sst-9","TRBC2",-0.0746796836658885,0.204509586074943,0.71498845945343,-0.475511106865971,0.326151739534194,5,0.0464521646380813,22.0869509047189,0.999626430124647
"Sst-9","PPHLN1",0.0194469899815227,0.126383886952148,0.877710359143704,-0.22826087667087,0.267154856633915,5,0.0355277288581971,46.6630736431123,0.999626430124647
"Sst-9","PSMA3",-0.0238487906600257,0.154628961790255,0.877426522967422,-0.326915986735745,0.279218405415694,5,0.0163693879332877,11.7719225372859,0.999626430124647
"Sst-9","PCYT1A",-0.243149760476175,0.135352543493033,0.072428045636243,-0.50843587093841,0.0221363499860609,5,6.88308602348533e-07,0.000590455890660246,0.999626430124647
"Sst-9","DNAJC8",0.0407655759260092,0.16745293121183,0.807660700633801,-0.287436138354841,0.368967290206859,5,3.03927736048122e-06,0.00175707064330578,0.999626430124647
"Sst-9","PI4KB",0.0381094555940405,0.136330335284661,0.779832282093343,-0.229093091564164,0.305312002752245,5,0,0,0.999626430124647
"Sst-9","ACTR2",0.0432791478849804,0.078836570071529,0.583023983436047,-0.111237690119885,0.197795985889845,5,0,0,0.999626430124647
"Sst-9","FKBP8",-0.194899921850716,0.148682343320308,0.189909191378074,-0.48631195989554,0.0965121161941078,5,0,0,0.999626430124647
"Sst-9","RGS7",-0.0187004641242529,0.0864528727726562,0.828747528240574,-0.188144981118683,0.150744052870177,5,0.0190783224889114,54.1027900019811,0.999626430124647
"Sst-9","GOT2",-0.172155516800588,0.258226719763438,0.504974262323812,-0.678270587382844,0.333959553781668,5,0.184841147730414,59.7670096658931,0.999626430124647
"Sst-9","SLC25A13",0.123948113453381,0.191577403986809,0.517640277484149,-0.251536698612444,0.499432925519206,5,0.0362151761403619,18.3041397367096,0.999626430124647
"Sst-9","BCL7A",0.0316539511506317,0.132252083248966,0.810837627008527,-0.227555368897734,0.290863271198998,5,0,0,0.999626430124647
"Sst-9","NDUFS1",-0.0210280644768071,0.0709410075230859,0.766912248632276,-0.16006988424904,0.118013755295426,5,0,0,0.999626430124647
"Sst-9","EXOC4",0.0771723486634323,0.0665751021374763,0.246383913000328,-0.0533124537930967,0.207657151119961,5,2.99481187654939e-06,0.0109546770508019,0.999626430124647
"Sst-9","CAPRIN1",0.0911506690526931,0.100427165846521,0.364073946503894,-0.10568295907592,0.287984297181306,5,0,0,0.999626430124647
"Sst-9","IPO7",-0.0468124977962902,0.0877617412783248,0.59375368144078,-0.218822349922329,0.125197354329749,5,0,0,0.999626430124647
"Sst-9","BBS4",0.163057278105116,0.132934775935064,0.219974434664075,-0.0974900950205102,0.423604651230743,5,0,0,0.999626430124647
"Sst-9","PLPPR1",0.315307347226372,0.128698983180834,0.0142872127318777,0.0630619753450107,0.567552719107733,5,0,0,0.999626430124647
"Sst-9","ABHD2",0.108451921605145,0.0733251061834349,0.139125409219432,-0.0352626456769627,0.252166488887253,5,0,0,0.999626430124647
"Sst-9","UBAP2",-0.00879904376732887,0.0927915344597655,0.924453088661119,-0.190667109378677,0.173069021844019,5,0,0,0.999626430124647
"Sst-9","CACNA1G",-0.0562348312239986,0.117024382400668,0.630843865536509,-0.28559840604235,0.173128743594353,5,4.49408799351669e-06,0.00397880614946163,0.999626430124647
"Sst-9","CCDC25",0.0754746003166617,0.119224036823086,0.52670195716197,-0.158200217948063,0.309149418581387,5,0,0,0.999626430124647
"Sst-9","SPOPL",-0.0485660843487455,0.114286847395524,0.670873835231246,-0.272564189150597,0.175432020453106,5,0,0,0.999626430124647
"Sst-9","ACBD3",0.0853159217005628,0.12042231631276,0.478651769338514,-0.150707481207337,0.321339324608463,5,0,0,0.999626430124647
"Sst-9","MALSU1",0.107620082291815,0.146789908709761,0.463462540369743,-0.180082852073239,0.395323016656869,5,0,0,0.999626430124647
"Sst-9","KLHL8",-0.128200035215556,0.120360923250931,0.286817086159421,-0.364103109933371,0.107703039502259,5,0,0,0.999626430124647
"Sst-9","MTSS1",-0.0197036443046848,0.068364577213538,0.773182753151664,-0.153695753461527,0.114288464852157,5,0,0,0.999626430124647
"Sst-9","UNKL",0.146263558966626,0.144050403830922,0.309932463659316,-0.136070044500431,0.428597162433683,5,0,0,0.999626430124647
"Sst-9","HECTD2",-0.158627500222783,0.106344565758631,0.135794305398318,-0.367059019061251,0.0498040186156864,5,0.010819588892671,18.1125753407401,0.999626430124647
"Sst-9","CNOT6",0.00245089832578231,0.126598774599484,0.984554259756027,-0.245678140376111,0.250579937027676,5,0,0,0.999626430124647
"Sst-9","CFL1",-0.0746668146382064,0.149585411533757,0.617667798657925,-0.367848833856972,0.218515204580559,5,0,0,0.999626430124647
"Sst-9","WWP2",-0.0940351044103985,0.140409814152777,0.503037009589131,-0.369233283225803,0.181163074405006,5,0,0,0.999626430124647
"Sst-9","MIR9-3HG",-0.330194260496571,0.112420418836838,0.00331256884898091,-0.550534232543682,-0.109854288449459,5,0,0,0.999626430124647
"Sst-9","ZCCHC9",0.341894290220229,0.154358475383407,0.0267643926730886,0.0393572377602402,0.644431342680219,5,0,0,0.999626430124647
"Sst-9","STX1B",0.0113817624073809,0.119675123831623,0.924231030058229,-0.223177170147971,0.245940694962733,5,0,0,0.999626430124647
"Sst-9","STAT3",0.0469577043361653,0.117993300406503,0.69065285840063,-0.184304914877595,0.278220323549926,5,0,0,0.999626430124647
"Sst-9","PTOV1",0.0335369474898256,0.115008320375425,0.770589009599404,-0.191875218368451,0.258949113348102,5,0,0,0.999626430124647
"Sst-9","HPS4",-0.0715908548364155,0.130393281550921,0.582979433508783,-0.327156990502212,0.183975280829381,5,0,0,0.999626430124647
"Sst-9","ELOVL6",-0.0467942711898201,0.0878188813818655,0.59413757480455,-0.218916115860872,0.125327573481231,5,0,0,0.999626430124647
"Sst-9","ST3GAL1",0.0203868631032028,0.253816260850126,0.93598168330418,-0.477083866853668,0.517857593060074,5,0.196768867602808,66.9355647310815,0.999626430124647
"Sst-9","NAA50",0.116793159943596,0.120264720258345,0.331481550144194,-0.118921360373545,0.352507680260736,5,0,0,0.999626430124647
"Sst-9","GINM1",0.0390452671506427,0.144568599212676,0.78709775105301,-0.244303980601608,0.322394514902894,5,0,0,0.999626430124647
"Sst-9","PRPF40B",0.0237020736636938,0.0942252221394024,0.801391215241739,-0.160975968164821,0.208380115492209,5,0,0,0.999626430124647
"Sst-9","PRR14L",-0.071718117682936,0.113856969721033,0.528762240009212,-0.294873677725029,0.151437442359157,5,0,0,0.999626430124647
"Sst-9","TFRC",-0.0924940699935032,0.124931917518302,0.459084129706715,-0.337356128848903,0.152367988861896,5,0,0,0.999626430124647
"Sst-9","GAPVD1",0.096476936300326,0.131057428108636,0.461644010812215,-0.160390902699048,0.3533447752997,5,0.0321242266228136,38.1901444662773,0.999626430124647
"Sst-9","HIF1A",0.0957706505871579,0.140066756517124,0.494133018265514,-0.178755147617747,0.370296448792063,5,0,0,0.999626430124647
"Sst-9","ZSWIM8",-0.0253663058404143,0.120359058394053,0.833078243924623,-0.261265725505912,0.210533113825084,5,1.28468284431884e-08,1.12228796963179e-05,0.999626430124647
"Sst-9","AP4E1",0.225795312800757,0.127435309707748,0.0764206858348982,-0.0239733045851366,0.475563930186651,5,0,0,0.999626430124647
"Sst-9","CBX6",-0.0323835204134813,0.194493835793507,0.867762282536848,-0.413584433783801,0.348817392956839,5,0.0915013797855287,51.0410932579716,0.999626430124647
"Sst-9","CAMTA2",-0.144508475019363,0.230564198471977,0.530816402292688,-0.596406000148783,0.307389050110057,5,0.128783863604612,51.2586952799397,0.999626430124647
"Sst-9","DLG5",-0.100971188508279,0.122979211274734,0.411621924087401,-0.342006013453899,0.140063636437341,5,0,0,0.999626430124647
"Sst-9","TPD52L2",0.170829272725996,0.155370031988486,0.271550251280631,-0.133690394248273,0.475348939700265,5,0.0314746857272297,25.3706878335592,0.999626430124647
"Sst-9","SYT11",0.0909767656482832,0.0865794766511602,0.29335548799361,-0.0787158903883174,0.260669421684884,5,0,0,0.999626430124647
"Sst-9","ZFYVE26",-0.0113362985842562,0.133601405446548,0.932379337408558,-0.273190241543423,0.250517644374911,5,0,0,0.999626430124647
"Sst-9","ADCY8",0.013911099699224,0.0644903459781762,0.829215169721601,-0.112487655768529,0.140309855166977,5,2.68455048518863e-06,0.0106747872571163,0.999626430124647
"Sst-9","RBL1",-0.0447685084844969,0.15444981198844,0.771924899332756,-0.347484577400822,0.257947560431829,5,0.0153582905604911,10.5308133775247,0.999626430124647
"Sst-9","CLIP2",-0.0265771773678147,0.101684774075055,0.793808494231029,-0.225875672331014,0.172721317595385,5,0,0,0.999626430124647
"Sst-9","FGFR1OP2",0.0793810523439662,0.171571305013009,0.643600270482234,-0.256892526262067,0.41565463095,5,0.0363709121937502,23.5227928048388,0.999626430124647
"Sst-9","TCTN3",-0.0378761921094732,0.150789546167981,0.801670466123151,-0.333418271843856,0.25766588762491,5,0,0,0.999626430124647
"Sst-9","TMEM132A",-0.356335992645704,0.159381503440664,0.0253686467918875,-0.668717999191252,-0.0439539861001556,5,0,0,0.999626430124647
"Sst-9","WDR36",0.0304716582178897,0.304132531299571,0.920191866742566,-0.56561714965627,0.626560466092049,5,0.294205089165114,67.5541806732246,0.999626430124647
"Sst-9","TRPS1",-0.216707352699819,0.169466066685091,0.200979660441335,-0.548854740004261,0.115440034604623,5,0,0,0.999626430124647
"Sst-9","TRIM69",0.135901083558732,0.198846671582774,0.494324676175775,-0.253831231189169,0.525633398306634,5,0.0448057443412525,22.327330334799,0.999626430124647
"Sst-9","GCLC",0.117169188887267,0.193526213820973,0.544884352851415,-0.262135220266237,0.496473598040771,5,0.067756291585176,37.0041417821328,0.999626430124647
"Sst-9","LRPPRC",0.0115704275433477,0.0821063041678247,0.887933073206154,-0.14935497152928,0.172495826615975,5,0,0,0.999626430124647
"Sst-9","PPT1",0.119078189556736,0.122554085366645,0.331230739373185,-0.121123403920135,0.359279783033607,5,0,0,0.999626430124647
"Sst-9","FAM78B",0.029028070230906,0.125528326404955,0.817122786589739,-0.217002928562393,0.275059069024205,5,0.00542887850690743,5.56220702034896,0.999626430124647
"Sst-9","MAVS",-0.0470307629811362,0.124010829128125,0.704504284767854,-0.290087521765213,0.19602599580294,5,0,0,0.999626430124647
"Sst-9","MCTS1",0.0551099226167051,0.113972138088095,0.628713393243627,-0.168271363276987,0.278491208510397,5,0,0,0.999626430124647
"Sst-9","SRP54",0.0871098325490703,0.124124164511207,0.482806441953697,-0.156169059504021,0.330388724602162,5,0,0,0.999626430124647
"Sst-9","ARHGEF10L",-0.180556209897179,0.135204081000765,0.181734141791866,-0.445551339221514,0.0844389194271558,5,0,0,0.999626430124647
"Sst-9","PDE8A",0.0120011178686584,0.125368869447921,0.923737826611498,-0.233717351031771,0.257719586769088,5,0.029609284820564,38.5937097769868,0.999626430124647
"Sst-9","ATXN3",0.193202023741186,0.104984882467155,0.0657265191845207,-0.0125645648156075,0.39896861229798,5,9.23520156671377e-07,0.00100931517092951,0.999626430124647
"Sst-9","BCLAF1",-0.205691013039274,0.114945557519262,0.073540013967828,-0.430980165959905,0.0195981398813579,5,0.0179679728291918,26.2876104523915,0.999626430124647
"Sst-9","PCLO",-0.123406204598307,0.116390639854291,0.289019044547641,-0.351527666850289,0.104715257653675,5,0.0456407244052013,72.5542955323351,0.999626430124647
"Sst-9","NQO2",-0.0252676376387237,0.11485378376198,0.825872475540311,-0.250376917300357,0.199841642022909,5,0.00881472457356087,12.4078353250858,0.999626430124647
"Sst-9","MINK1",-0.0284466156865084,0.131099330126946,0.828219871026004,-0.285396581132649,0.228503349759632,5,0,0,0.999626430124647
"Sst-9","SMS",-0.0187057072252088,0.124801588993353,0.880856477519958,-0.26331232686555,0.225900912415133,5,0,0,0.999626430124647
"Sst-9","ANKMY1",-0.00594449996935422,0.124789066568255,0.962006034212599,-0.250526576107506,0.238637576168798,5,7.4272517937957e-07,0.000587396111558768,0.999626430124647
"Sst-9","SEC22A",-0.175227260803841,0.151295704537817,0.246791662342887,-0.471761392713575,0.121306871105893,5,0.0296988344968101,24.3722926732376,0.999626430124647
"Sst-9","ENDOD1",0.257595135481095,0.137269201468085,0.0605771821321174,-0.0114475555829241,0.526637826545114,5,0,0,0.999626430124647
"Sst-9","SKAP2",-0.026207560072162,0.167047498603696,0.875334003806054,-0.353614641042911,0.301199520898587,5,0.0618866836063939,46.421087506085,0.999626430124647
"Sst-9","RNGTT",0.11865269659618,0.0696079069931284,0.0882715761667744,-0.0177762941495651,0.255081687341926,5,0,0,0.999626430124647
"Sst-9","DNAJC3",-0.0812780803032916,0.137818594005311,0.555360387350659,-0.351397560953649,0.188841400347065,5,0,0,0.999626430124647
"Sst-9","TBL1X",-0.401766730966695,0.155167353978265,0.00961858487238893,-0.705889156340471,-0.0976443055929181,5,2.66061752050395e-07,0.000157009646427164,0.999626430124647
"Sst-9","NDUFB6",-0.131359772090436,0.228868004838886,0.565998736914036,-0.579932818788192,0.317213274607321,5,0.117337562514212,47.0609933782192,0.999626430124647
"Sst-9","CRACR2A",0.0818280272915827,0.196462192994387,0.677038492577236,-0.303230795301172,0.466886849884338,5,0.0666720402462811,36.0630061271761,0.999626430124647
"Sst-9","DKK2",0.088533715394558,0.130896054861313,0.498807937897153,-0.168017837851995,0.345085268641111,5,0,0,0.999626430124647
"Sst-9","UNC13A",-0.126684632557646,0.200772480895876,0.528049652610955,-0.520191464200319,0.266822199085027,5,0.102099642435913,52.7026786828772,0.999626430124647
"Sst-9","RPS6KA6",-0.00525921156580248,0.112500114277258,0.962713675352018,-0.225755383805867,0.215236960674263,5,0,0,0.999626430124647
"Sst-9","LHFPL2",-0.0923876563832635,0.240144146804537,0.700446726375387,-0.563061535218255,0.378286222451728,5,0.156304861352009,57.7094438123985,0.999626430124647
"Sst-9","PIP5K1C",-0.106923327668995,0.254569481660493,0.674473557971076,-0.605870343286591,0.3920236879486,5,0.178621225862925,58.8541966964586,0.999626430124647
"Sst-9","MYO19",0.0920491198925287,0.139492702932021,0.509327733791875,-0.181351553960377,0.365449793745434,5,0.0133142853090902,12.3272659374769,0.999626430124647
"Sst-9","SHISA7",0.27822438667509,0.126676313598505,0.0280675421572663,0.0299433743277188,0.526505399022461,5,6.23431781811103e-06,0.00530389318286341,0.999626430124647
"Sst-9","GRSF1",0.0713917438022785,0.133766131023124,0.59354517937487,-0.19078505535431,0.333568542958867,5,0,0,0.999626430124647
"Sst-9","LMAN1",0.160401853794627,0.141336719806573,0.256420746661966,-0.116613026719284,0.437416734308539,5,0,0,0.999626430124647
"Sst-9","IQSEC2",-0.130520842672849,0.106805149024069,0.221690099167728,-0.339855088123457,0.0788134027777595,5,0,0,0.999626430124647
"Sst-9","CCND3",-0.0574389936363324,0.128688516588901,0.655350762123102,-0.309663851374463,0.194785864101798,5,0,0,0.999626430124647
"Sst-9","DAZAP1",-0.0353072405663128,0.121928247548152,0.772142221567531,-0.274282214458775,0.20366773332615,5,0,0,0.999626430124647
"Sst-9","ZMIZ1-AS1",-0.0698512416409718,0.146370105976964,0.633203040216566,-0.356731377769132,0.217028894487188,5,0,0,0.999626430124647
"Sst-9","GDI2",-0.0226695169968845,0.10323336250959,0.82618668571095,-0.225003189518648,0.179664155524879,5,0,0,0.999626430124647
"Sst-9","ST3GAL6",0.106622374879781,0.0986853195358078,0.279951666819236,-0.0867972972132294,0.300042046972791,5,0,0,0.999626430124647
"Sst-9","NBEAL1",-0.0911522081718755,0.0905356103583504,0.314025821091433,-0.268598743792594,0.0862943274488428,5,6.29897321753921e-06,0.0115609695344697,0.999626430124647
"Sst-9","MCC",-0.0315268779522583,0.140309176490277,0.822215958282516,-0.306527810573675,0.243474054669159,5,6.89012154179308e-06,0.00592017535412703,0.999626430124647
"Sst-9","WAC",0.104276391860744,0.0778091582582825,0.180194710059367,-0.0482267559928666,0.256779539714355,5,0.000358244270186676,0.931133076400359,0.999626430124647
"Sst-9","EPHA6",0.0403966488525037,0.139826625499809,0.772653871512301,-0.233658501206893,0.3144517989119,5,0.0512650194764928,55.0162669750877,0.999626430124647
"Sst-9","RPS29",-0.203623537172524,0.177678094752751,0.251784811184953,-0.551866203729611,0.144619129384564,5,0.0420947279957881,25.7269481781982,0.999626430124647
"Sst-9","TXNDC16",0.166887622200909,0.129012964474622,0.195813128576087,-0.0859731417080962,0.419748386109914,5,0.0275332806101901,33.0671683375325,0.999626430124647
"Sst-9","ZNF429",0.147586474411448,0.127265215099836,0.24618055688964,-0.101848763668974,0.39702171249187,5,0,0,0.999626430124647
"Sst-9","PTPN12",-0.078332627254439,0.128934645778452,0.543494290254917,-0.331039889339633,0.174374634830755,5,0.0255815759351945,30.2589599298206,0.999626430124647
"Sst-9","RTN4",0.0739794940951427,0.0654549603184913,0.25837717024113,-0.0543098707385987,0.202268858928884,5,0.00102024972734598,3.84413949281855,0.999626430124647
"Sst-9","COX11",0.113009009152873,0.114078995894561,0.321870850100029,-0.11058171419296,0.336599732498706,5,0,0,0.999626430124647
"Sst-9","PCSK7",-0.195275240280921,0.112206767087047,0.0818035332512282,-0.415196462593208,0.0246459820313653,5,1.2621269251511e-07,0.000152740447603334,0.999626430124647
"Sst-9","LYSMD2",-0.00838030120791041,0.233821769705391,0.971409498304661,-0.466662548631896,0.449901946216075,5,0.125066820437629,48.3247820104024,0.999626430124647
"Sst-9","ENTPD3",-0.0393095838708509,0.162197922127586,0.808504591360794,-0.357211669608152,0.27859250186645,5,0.036989545005272,27.5553945139488,0.999626430124647
"Sst-9","SIN3A",0.128102944325442,0.128460498422923,0.318659374332321,-0.123675006019551,0.379880894670435,5,0,0,0.999626430124647
"Sst-9","PHLPP1",-0.0864066504509524,0.0918257366624038,0.346712492354818,-0.266381787163123,0.0935684862612181,5,0,0,0.999626430124647
"Sst-9","UQCRC1",-0.0636185193178984,0.183364097944099,0.728627466654516,-0.423005547346008,0.295768508710211,5,0.0448698868911599,26.5469415498611,0.999626430124647
"Sst-9","KIF6",0.111563887416778,0.162958690120754,0.493587194301568,-0.207829276187723,0.43095705102128,5,0.0298427074317667,21.7813945994341,0.999626430124647
"Sst-9","LRRC4C",-0.0527713121315741,0.24212965587367,0.82747079262462,-0.527336717233044,0.421794092969896,5,0.230000441123731,80.2395787936255,0.999626430124647
"Sst-9","MRAS",0.051801604383188,0.156246432362598,0.740238264888853,-0.254435775760377,0.358038984526753,5,0.0276965971357489,21.8845815469029,0.999626430124647
"Sst-9","HGF",-0.0244967079384338,0.253776829626358,0.923100804706989,-0.521890154116852,0.472896738239985,5,0.154076903723394,50.3972426055101,0.999626430124647
"Sst-9","PARP1",0.0314658522851813,0.129582822937274,0.808141545978034,-0.222511813686906,0.285443518257269,5,0,0,0.999626430124647
"Sst-9","ABCD3",-0.168227853071394,0.158669247033425,0.289034365482803,-0.479213862710996,0.142758156568209,5,0.0348529487222873,26.9151437205754,0.999626430124647
"Sst-9","DNAJC16",0.0405770308845769,0.115166930647549,0.724589058695173,-0.185146005394642,0.266300067163796,5,0,0,0.999626430124647
"Sst-9","JAM3",-0.210372862190947,0.0909549140201919,0.0207261780009677,-0.38864121788746,-0.0321045064944336,5,0.00313018541162937,6.56996294983092,0.999626430124647
"Sst-9","NMRK1",-0.0057428744455744,0.21914673664564,0.979093339350261,-0.435262585600513,0.423776836709365,5,0.0585606404071919,24.121067434192,0.999626430124647
"Sst-9","NAT8L",-0.191481658389624,0.272116765381651,0.481635436457121,-0.724820718127197,0.341857401347948,5,0.23229211170317,66.2716565858025,0.999626430124647
"Sst-9","GOLGB1",0.155892338532526,0.0869929519369141,0.0731311823728183,-0.0146107141726492,0.326395391237702,5,0,0,0.999626430124647
"Sst-9","SMU1",-0.00221127839007151,0.125259303501929,0.985915191933225,-0.247715001982424,0.243292445202281,5,0,0,0.999626430124647
"Sst-9","YWHAE",0.0440417988951891,0.0854061777891646,0.606081678611306,-0.123351233628798,0.211434831419176,5,0,0,0.999626430124647
"Sst-9","TMEM87A",0.0835620116049805,0.100356779580451,0.405042493592967,-0.113133661977129,0.28025768518709,5,0,0,0.999626430124647
"Sst-9","WWC2",-0.0363561438552572,0.0725053852342296,0.616070777069907,-0.178464087599549,0.105751799889035,5,0,0,0.999626430124647
"Sst-9","SLC47A1",-0.280575653334178,0.113085253628416,0.0130978172897068,-0.50221867762845,-0.0589326290399065,5,0,0,0.999626430124647
"Sst-9","HSD17B4",-0.0534902783468109,0.0818170150139417,0.513253945158166,-0.213848681096709,0.106868124403088,5,0,0,0.999626430124647
"Sst-9","MAP4K5",-0.0931846152085242,0.0682430912579563,0.172102055606187,-0.226938616267799,0.0405693858507503,5,2.59626285171909e-06,0.007303532817852,0.999626430124647
"Sst-9","RIC1",0.0501256712910228,0.099218921687479,0.613416444664318,-0.144339841801336,0.244591184383382,5,0,0,0.999626430124647
"Sst-9","KDSR",0.0450474941988214,0.162750129211634,0.781941898336649,-0.273936897535221,0.364031885932864,5,0.0373781920868674,27.06958970839,0.999626430124647
"Sst-9","XRRA1",0.235581450277596,0.163101884788532,0.148631510253946,-0.0840923697185285,0.555255270273721,5,0.0494747133219723,38.3139962292488,0.999626430124647
"Sst-9","NAP1L5",-0.0217548716338364,0.163975507732138,0.894453207109911,-0.343140961135496,0.299631217867823,5,0.0181606870089829,12.8717090538268,0.999626430124647
"Sst-9","ZDHHC18",-0.157392259690129,0.172610736226939,0.361856348276929,-0.495703086039872,0.180918566659614,5,0.0275638180845109,17.431734892492,0.999626430124647
"Sst-9","ANKRD42",0.0716383217936027,0.118122065456514,0.54419801763383,-0.159876672280648,0.303153315867854,5,0,0,0.999626430124647
"Sst-9","MAP2K2",-0.191267663069332,0.135239992806961,0.157278738841814,-0.45633317824043,0.0737978521017672,5,0,0,0.999626430124647
"Sst-9","CXADR",-0.0594813334634997,0.149101185573366,0.689942818956561,-0.351714287239521,0.232751620312522,5,2.80296495122753e-07,0.000229335141142916,0.999626430124647
"Sst-9","AVEN",-0.00918613504510997,0.252206484508136,0.970945017268014,-0.503501761348516,0.485129491258296,5,0.171562156309797,59.7850977812168,0.999626430124647
"Sst-9","CCDC136",-0.157304437579578,0.117008651004079,0.178824578395581,-0.386637179427189,0.0720283042680328,5,0.0233378852336995,34.4805319968663,0.999626430124647
"Sst-9","TGS1",0.0326081142864833,0.111759760237124,0.770462696006659,-0.186436990699112,0.251653219272078,5,0,0,0.999626430124647
"Sst-9","ZNF891",0.0935209006767741,0.126174095403414,0.458569006674798,-0.153775782095837,0.340817583449386,5,3.65421432519006e-06,0.00361601909453832,0.999626430124647
"Sst-9","COPB2",-0.0262090196328544,0.121847211018496,0.829691372355173,-0.265025164845758,0.21260712558005,5,0,0,0.999626430124647
"Sst-9","SENP7",0.0117082310560396,0.0706484920752681,0.868373262818391,-0.126760268973549,0.150176731085629,5,0,0,0.999626430124647
"Sst-9","ABCC8",-0.0508920594804798,0.11607906946457,0.661077643598287,-0.278402854989961,0.176618736029001,5,0.00241566169688952,2.96018045892922,0.999626430124647
"Sst-9","POLK",0.147428510342072,0.110494261205509,0.182117365018453,-0.069136262119088,0.363993282803231,5,0.00972189331605799,14.540687009285,0.999626430124647
"Sst-9","EIF3K",-0.0415840413108824,0.129570671124074,0.748258023782642,-0.295537890166752,0.212369807544987,5,0,0,0.999626430124647
"Sst-9","KCNB2",0.0484137543546007,0.106709594399744,0.650047388541837,-0.160733207473775,0.257560716182976,5,0.0287433266978357,52.9995534721012,0.999626430124647
"Sst-9","CLASRP",-0.144213405697673,0.122665785187198,0.239730284276664,-0.384633926799907,0.096207115404561,5,0,0,0.999626430124647
"Sst-9","FDFT1",-0.0838854416683548,0.151512031779064,0.579814762087206,-0.380843567179809,0.213072683843099,5,0,0,0.999626430124647
"Sst-9","TRIP4",-0.215980116550326,0.116574620020026,0.0639225184084735,-0.444462173301019,0.012501940200368,5,0,0,0.999626430124647
"Sst-9","KIFC3",-0.0623577143749228,0.160815134301457,0.698193474870112,-0.37754958577475,0.252834157024904,5,3.9607518847453e-08,2.57907548016027e-05,0.999626430124647
"Sst-9","ZNF573",-0.120964737719023,0.12878510372424,0.347589134666375,-0.373378902763788,0.131449427325742,5,0,0,0.999626430124647
"Sst-9","RPL27A",-0.000347699023090995,0.155707143662943,0.998218299782236,-0.305528092738064,0.304832694691882,5,0,0,0.999626430124647
"Sst-9","BMP6",-0.171134835266841,0.310375276252578,0.581372953024616,-0.779459198413564,0.437189527879882,5,0.299694394872295,66.2456733012747,0.999626430124647
"Sst-9","FAM53C",-0.0830280107987521,0.301315183579491,0.782892157359675,-0.67359491860963,0.507538897012126,5,0.292495298099107,69.2054595328589,0.999626430124647
"Sst-9","FAM234A",0.170341579424031,0.202580661150985,0.400427462674965,-0.226709220396213,0.567392379244275,5,0.0650397914399231,32.0538382505805,0.999626430124647
"Sst-9","PCMTD2",0.0836142868183519,0.105648506046414,0.428688196928555,-0.123452980053082,0.290681553689786,5,0,0,0.999626430124647
"Sst-9","EDNRA",0.227924711815356,0.131810190434721,0.08377530098886,-0.0304185142320629,0.486267937862776,5,0.00540169446798223,4.05025076850457,0.999626430124647
"Sst-9","HMCES",-0.120060030776196,0.155109918443489,0.438911904615179,-0.424069884570379,0.183949823017988,5,1.82083166420434e-06,0.00130421652362504,0.999626430124647
"Sst-9","LTN1",-0.0574860239507157,0.0935902308324302,0.539062670681115,-0.240919505687069,0.125947457785637,5,0,0,0.999626430124647
"Sst-9","FGF9",-0.0611613844788244,0.122853609809046,0.618597144987801,-0.30195003507529,0.179627266117642,5,0,0,0.999626430124647
"Sst-9","TMPO",0.0499127319571957,0.198085940717981,0.801060282033429,-0.338328577693783,0.438154041608175,5,0.0691930142272858,36.0398363585573,0.999626430124647
"Sst-9","BRF1",0.0241041909308729,0.121895159986434,0.843244371189245,-0.214805932532286,0.263014314394032,5,0,0,0.999626430124647
"Sst-9","CYP2U1",0.0934448911907591,0.133456794398154,0.483809693046136,-0.16812561932179,0.355015401703309,5,1.07233640055924e-06,0.000983392674295263,0.999626430124647
"Sst-9","CSNK1D",-0.0910593452935907,0.156547912937178,0.560788462782699,-0.397887616505371,0.215768925918189,5,0,0,0.999626430124647
"Sst-9","PLPPR2",0.046062391584973,0.138955554684288,0.740274313027188,-0.226285491048018,0.318410274217964,5,0,0,0.999626430124647
"Sst-9","SETX",0.00638888527586769,0.081637047359696,0.93762152801395,-0.153616787353327,0.166394557905063,5,0,0,0.999626430124647
"Sst-9","GAP43",-0.087554030251417,0.0782747665049275,0.263333308561052,-0.240969753499357,0.065861692996523,5,0,0,0.999626430124647
"Sst-9","ZMIZ1",-0.0396588769205594,0.147527213307381,0.788065012355148,-0.328806901742585,0.249489147901466,5,0.0252330551162354,22.1358334663888,0.999626430124647
"Sst-9","BCAS4",0.0537037265452652,0.203777793297568,0.792133917383813,-0.345693409167016,0.453100862257547,5,0.0624170367282735,29.9614453527848,0.999626430124647
"Sst-9","UCK2",0.010050623739132,0.116472028166886,0.931234164849027,-0.2182303566743,0.238331604152564,5,0,0,0.999626430124647
"Sst-9","ANKRD11",-0.0438297598713956,0.0743734411260429,0.555646598900245,-0.18959902588475,0.101939506141959,5,0,0,0.999626430124647
"Sst-9","QSER1",0.110315076584177,0.0929051949462404,0.235072222067784,-0.0717757594871263,0.292405912655481,5,0,0,0.999626430124647
"Sst-9","PXK",-0.0366657231893611,0.0869585217175545,0.673283338247151,-0.207101293904612,0.13376984752589,5,2.05649278790319e-06,0.00372673162985449,0.999626430124647
"Sst-9","DLG4",-0.0628638075918703,0.140247466690778,0.65398368610622,-0.337743791228775,0.212016176045035,5,0.0143017478896375,13.0674072981887,0.999626430124647
"Sst-9","SLC22A23",-0.0461773051084707,0.0891192819464528,0.604352449331817,-0.220847888051589,0.128493277834647,5,0,0,0.999626430124647
"Sst-9","CYB5B",0.0405670344116846,0.131616797420165,0.757914327351002,-0.217397148292343,0.298531217115712,5,0,0,0.999626430124647
"Sst-9","PABPC1",0.124768189957495,0.119234496250148,0.295371697499944,-0.10892712840757,0.358463508322561,5,0,0,0.999626430124647
"Sst-9","GNPTG",0.0430688276991051,0.125419877128085,0.731299707257222,-0.20274961441738,0.28888726981559,5,0,0,0.999626430124647
"Sst-9","MECP2",0.0230272808241754,0.095780779387484,0.810007379397925,-0.16469959718647,0.21075415883482,5,0,0,0.999626430124647
"Sst-9","DPM1",-0.103189361663406,0.107205997083093,0.335781692802525,-0.313309254872975,0.106930531546163,5,0,0,0.999626430124647
"Sst-9","PFKFB3",-0.210260828735971,0.13994124536404,0.132969673663933,-0.484540629601172,0.0640189721292294,5,0.0140992315540301,13.1276040894336,0.999626430124647
"Sst-9","NSL1",0.0920983895964204,0.127293125790088,0.469364006566679,-0.157391552431679,0.34158833162452,5,0.0151545913507461,16.9875140412341,0.999626430124647
"Sst-9","UPF3B",0.0819418527513945,0.203026190064123,0.686505138011555,-0.31598216769267,0.479865873195459,5,0.109942514288142,57.4387723467728,0.999626430124647
"Sst-9","PPTC7",0.312421829516865,0.145170186592714,0.031388898256022,0.0278934921661852,0.596950166867544,5,0,0,0.999626430124647
"Sst-9","SYNGAP1",0.144966227542112,0.130340121348779,0.266045754719746,-0.110495716042075,0.400428171126298,5,0,0,0.999626430124647
"Sst-9","ACBD5",0.02439180526999,0.114279103634203,0.830983282885738,-0.199591122038567,0.248374732578547,5,0,0,0.999626430124647
"Sst-9","PRELID2",0.221597564870949,0.176152457433235,0.208396327590411,-0.123654907486416,0.566850037228314,5,0.0116658760386534,6.66688443761073,0.999626430124647
"Sst-9","HNRNPA2B1",-0.0132776071922472,0.0682896788776248,0.84583868639932,-0.147122918308197,0.120567703923703,5,3.82713276053247e-06,0.0106111817834713,0.999626430124647
"Sst-9","KYAT3",0.0215973746475337,0.174172787534988,0.901315506935863,-0.319775016007989,0.362969765303056,5,0.0466108819422636,30.006767093179,0.999626430124647
"Sst-9","RBBP7",-0.193232364335756,0.148769938141795,0.193989573919322,-0.484816085075927,0.0983513564044141,5,2.12687447091813e-06,0.00151669548597024,0.999626430124647
"Sst-9","RAD54L2",0.261146614060278,0.298276985539354,0.381292586953286,-0.323465535014031,0.845758763134586,5,0.349266832395438,82.4853905142789,0.999626430124647
"Sst-9","SUPT7L",0.103951137065389,0.132108106763986,0.431361378323217,-0.154975994257797,0.362878268388574,5,2.41855604652805e-06,0.00205572158327323,0.999626430124647
"Sst-9","ZDHHC22",0.0928960758983002,0.139902872852659,0.506687711108537,-0.181308516226598,0.367100668023198,5,2.26398511902898e-07,0.000175083488450972,0.999626430124647
"Sst-9","OGDHL",0.128652887868567,0.129705415016596,0.321253505626836,-0.125565054163782,0.382870829900917,5,0,0,0.999626430124647
"Sst-9","PITHD1",-0.0697971297656728,0.160174559390613,0.663013297458239,-0.383733497410846,0.244139237879501,5,0,0,0.999626430124647
"Sst-9","TTC5",0.157148562136116,0.127928056276679,0.219291751012558,-0.0935858207783887,0.40788294505062,5,0,0,0.999626430124647
"Sst-9","TMX4",0.0948078161648059,0.0968470500094398,0.327607764099802,-0.0950089138626456,0.284624546192257,5,0.000223558049056943,0.370995482743645,0.999626430124647
"Sst-9","HUWE1",-0.042937592890176,0.0770000957734685,0.577096804918313,-0.193855007412309,0.107979821631957,5,0,0,0.999626430124647
"Sst-9","PCNX4",0.0149123141098506,0.0836573627887982,0.858522990661509,-0.149053103997795,0.178877732217496,5,0,0,0.999626430124647
"Sst-9","PDHA1",0.0359479863868115,0.141794173104408,0.799864622858953,-0.241963486115465,0.313859458889088,5,0,0,0.999626430124647
"Sst-9","FNDC3B",-0.144981578496527,0.16562771459776,0.381385603065737,-0.469605933949816,0.179642776956762,5,0.0448171028203114,33.3038410877703,0.999626430124647
"Sst-9","ITGB1BP1",0.00462215643492085,0.102290629847605,0.963958647769366,-0.195863794022303,0.205108106892145,5,0,0,0.999626430124647
"Sst-9","LRRC37A2",-0.0933426469713468,0.230145937745981,0.685051042803729,-0.544420396141666,0.357735102198973,5,0,0,0.999626430124647
"Sst-9","PPIE",0.0667637535998834,0.142892901045535,0.640335815537187,-0.213301186095811,0.346828693295578,5,0,0,0.999626430124647
"Sst-9","MTURN",0.0464969375036906,0.0997270796589013,0.64104240104413,-0.148964546911113,0.241958421918494,5,0,0,0.999626430124647
"Sst-9","UBE2K",0.0108275439339842,0.0708805935580173,0.878589495866528,-0.128095866642552,0.14975095451052,5,0.000597287428372085,1.79748996489078,0.999626430124647
"Sst-9","FAM20B",0.00479896146990209,0.107497645766379,0.964392282482809,-0.205892552655045,0.215490475594849,5,0,0,0.999626430124647
"Sst-9","CAMSAP1",-0.236911688431272,0.193808027372102,0.221554925316046,-0.616768441995344,0.142945065132801,5,0.091993611145764,52.5115334462293,0.999626430124647
"Sst-9","SPEF2",0.120702795226876,0.240998735419495,0.616480844829211,-0.351646046515032,0.593051636968784,5,0.147057168374538,54.2868813976439,0.999626430124647
"Sst-9","SLC3A2",0.0997159331023417,0.129603479376697,0.441660394097449,-0.154302218747065,0.353734084951748,5,0,0,0.999626430124647
"Sst-9","UBE3B",0.0942071301510397,0.120497725217182,0.434322323361469,-0.141964071493642,0.330378331795721,5,0,0,0.999626430124647
"Sst-9","SLC26A11",-0.0443399144058007,0.127029861590557,0.727050938165265,-0.2933138680844,0.204634039272799,5,0,0,0.999626430124647
"Sst-9","HNRNPL",-0.233491192491299,0.117378491256578,0.0466773481669716,-0.463548807913842,-0.00343357706875605,5,0,0,0.999626430124647
"Sst-9","CDK17",-0.0226005273167254,0.096807443186425,0.815405336563703,-0.212339629397526,0.167138574764075,5,0,0,0.999626430124647
"Sst-9","ASAH1",0.0499916483810395,0.103405995598216,0.62877611756411,-0.152680378776972,0.252663675539051,5,0,0,0.999626430124647
"Sst-9","RASSF5",-0.100737182029534,0.124824238949691,0.419647923324037,-0.345388194768549,0.143913830709482,5,0,0,0.999626430124647
"Sst-9","FANCL",0.053843719202161,0.245585022657621,0.826457836418226,-0.42749408034923,0.535181518753552,5,0.194287497451794,69.0115560937573,0.999626430124647
"Sst-9","PIK3C2B",0.145367405220068,0.128144167549078,0.256624634542391,-0.105790548004991,0.396525358445128,5,4.18212250619955e-07,0.000388059553927315,0.999626430124647
"Sst-9","FAM174A",0.154163026113753,0.160815114661332,0.337742564238518,-0.161028806792136,0.469354859019642,5,0.0301086912920379,22.6630615308386,0.999626430124647
"Sst-9","AFG3L2",-0.0767648146987796,0.189324866263788,0.685134933846461,-0.447834733953667,0.294305104556108,5,0.0780001259742078,45.8875235705012,0.999626430124647
"Sst-9","ABCA9",-0.167158808245518,0.11750005217546,0.1548441608323,-0.397454678690997,0.0631370621999618,5,0.00752799614141807,9.20905073011943,0.999626430124647
"Sst-9","CNIH3",0.121037166056594,0.109815476425478,0.270380479296081,-0.09419721268245,0.336271544795637,5,2.51031283333109e-06,0.00259247460812102,0.999626430124647
"Sst-9","NAF1",0.0819189839626495,0.137559330268164,0.551497626756867,-0.187692349100403,0.351530317025702,5,2.04211455263164e-06,0.00160524840042735,0.999626430124647
"Sst-9","FBXO28",0.127473894998287,0.226676104472351,0.57386980200958,-0.316803105923359,0.571750895919933,5,0.148674354791877,62.1091441294619,0.999626430124647
"Sst-9","CYP4X1",-0.000497952756654911,0.128728340059904,0.99691359474131,-0.252800863063691,0.251804957550381,5,0,0,0.999626430124647
"Sst-9","ZNF789",0.042356566220276,0.133498632895599,0.751030469822375,-0.219295946240432,0.304009078680984,5,0,0,0.999626430124647
"Sst-9","LSS",-0.077342562319447,0.1447204717009,0.593045976575336,-0.360989474678859,0.206304350039965,5,0,0,0.999626430124647
"Sst-9","NIFK-AS1",-0.11583960062395,0.12728086213989,0.362764438419721,-0.365305506339343,0.133626305091443,5,0,0,0.999626430124647
"Sst-9","ALG14",0.0661543938482996,0.128517024333503,0.606726339137927,-0.185734345245625,0.318043132942224,5,0,0,0.999626430124647
"Sst-9","SYNGR1",0.172065663993026,0.0961196550490914,0.0734347107051729,-0.0163253981096071,0.360456726095658,5,0,0,0.999626430124647
"Sst-9","CSRNP3",0.0179787229347265,0.13053080524106,0.890449478732781,-0.237856954210763,0.273814400080216,5,0.0463080718351619,57.569609683228,0.999626430124647
"Sst-9","IFT20",0.284586357383818,0.182915183483298,0.119746666136584,-0.0739208144689818,0.643093529236618,5,0.0546959919341776,32.5414242815049,0.999626430124647
"Sst-9","RASA3",-0.0768478253787623,0.129657114941929,0.553381666012623,-0.330971101004313,0.177275450246788,5,2.35899621729921e-06,0.001950116259846,0.999626430124647
"Sst-9","CUL2",0.0803966348646339,0.137730363635067,0.559405450405487,-0.189549917437702,0.35034318716697,5,0.0146217617314092,13.6411465755459,0.999626430124647
"Sst-9","SLC37A3",0.0714389792555838,0.115302257299947,0.535534299323168,-0.154549292388483,0.297427250899651,5,0,0,0.999626430124647
"Sst-9","MAL2",0.257191715772516,0.116759985308063,0.0276131845041805,0.0283463497332876,0.486037081811745,5,0,0,0.999626430124647
"Sst-9","LIMCH1",-0.0121275042845575,0.103964414701157,0.90713699228449,-0.215894012772611,0.191639004203496,5,0.0327578869639613,66.4498445584217,0.999626430124647
"Sst-9","LCMT1",-0.027374121941557,0.100890975508274,0.786142010030325,-0.225116800302888,0.170368556419773,5,3.10678314388324e-06,0.00368595240190623,0.999626430124647
"Sst-9","NUB1",0.0104999168034549,0.121724074475339,0.93125974743975,-0.228074885219681,0.249074718826591,5,0,0,0.999626430124647
"Sst-9","TRAK1",-0.12504830084556,0.131133569834554,0.340288748222567,-0.382065374885454,0.131968773194333,5,0.0342177041170668,41.3581710484733,0.999626430124647
"Sst-9","UBA1",-0.0938546702395893,0.124489919999333,0.450900975915436,-0.337850429876554,0.150141089397375,5,2.0113547410752e-06,0.00191127241909549,0.999626430124647
"Sst-9","ARL13B",0.0382939842288369,0.130128041427198,0.768544516593268,-0.216752290347207,0.29334025880488,5,0,0,0.999626430124647
"Sst-9","GUF1",0.00500490052167021,0.141051805008982,0.971694831817064,-0.2714515572503,0.281461358293641,5,0,0,0.999626430124647
"Sst-9","AP3M2",-0.0470092667596246,0.131987978295742,0.721718315101744,-0.305700950611534,0.211682417092285,5,0,0,0.999626430124647
"Sst-9","PDCD10",0.0828995878399219,0.230043522305834,0.718574346523232,-0.367977430756249,0.533776606436093,5,0.141424144385884,57.1770888785395,0.999626430124647
"Sst-9","LRP1B",0.0776336534261633,0.114218503178651,0.496698113235665,-0.146230499172067,0.301497806024393,5,0.017527698189692,27.079707181314,0.999626430124647
"Sst-9","EXOC1",0.0867829595511864,0.0921854437921298,0.346502232149276,-0.0938971901802295,0.267463109282602,5,0,0,0.999626430124647
"Sst-9","ACTR1B",-0.177986128181527,0.142293289484588,0.210992883687537,-0.456875850813051,0.100903594449997,5,0,0,0.999626430124647
"Sst-9","EAPP",-0.041973404390892,0.132049583153105,0.750590423848211,-0.300785831544504,0.21683902276272,5,2.6045384599511e-06,0.00196214631594543,0.999626430124647
"Sst-9","CCT8",-0.0310339232976327,0.137168698147023,0.821009788905417,-0.299879631472043,0.237811784876778,5,2.18566004849586e-06,0.00193709763289415,0.999626430124647
"Sst-9","TCP1",-0.0131033872809808,0.16268236692321,0.935803142602826,-0.331954967370202,0.30574819280824,5,0,0,0.999626430124647
"Sst-9","NCKAP1",-0.00220205946618256,0.0721644507696771,0.975656758910696,-0.143641783938863,0.139237665006498,5,0,0,0.999626430124647
"Sst-9","PPP1CB",0.112774814156326,0.118187909570602,0.339982796436089,-0.118869232010131,0.344418860322782,5,0,0,0.999626430124647
"Sst-9","MKRN1",-0.123679186871907,0.13069342095781,0.343979977275239,-0.379833584965548,0.132475211221733,5,0,0,0.999626430124647
"Sst-9","SEL1L3",0.17892457564835,0.141881785261962,0.207279279355889,-0.0991586135273417,0.457007764824041,5,0,0,0.999626430124647
"Sst-9","ANKRD13D",-0.113539895600058,0.143938331944747,0.430223470133392,-0.395653842206534,0.168574051006418,5,0.0120488285540007,10.7441338522006,0.999626430124647
"Sst-9","ZFP30",0.0544618094955651,0.117211289808435,0.642184663865382,-0.175268097110453,0.284191716101584,5,0,0,0.999626430124647
"Sst-9","SUSD1",0.042233092630149,0.20947455245439,0.840218162863443,-0.368329485858101,0.452795671118399,5,0.0964958363469741,46.1442129783505,0.999626430124647
"Sst-9","ZNF549",-0.230403767064766,0.131502229554212,0.0797582999319738,-0.488143400877741,0.0273358667482089,5,0,0,0.999626430124647
"Sst-9","KAT2B",-0.0997592729848745,0.194444476733366,0.607918021338602,-0.480863444375008,0.281344898405259,5,0.0781175577908393,43.463669313155,0.999626430124647
"Sst-9","FAM219A",0.0481187875271135,0.0944767305905622,0.610528689784235,-0.137052201807482,0.233289776861709,5,0,0,0.999626430124647
"Sst-9","NDUFAF6",-0.257190259653296,0.325652485176151,0.429662646763406,-0.895457402074516,0.381076882767923,5,0.41251204033698,81.4456267562738,0.999626430124647
"Sst-9","FBXW7",0.0199121263731227,0.103580953415284,0.847556302667999,-0.183102811805155,0.2229270645514,5,0.0143695165774859,26.1047844629578,0.999626430124647
"Sst-9","MTOR",-0.0673338924906983,0.0979498273127514,0.491810237153387,-0.259312026315609,0.124644241334212,5,0,0,0.999626430124647
"Sst-9","RALY",-0.0925898687507472,0.146595639188932,0.527648005510629,-0.379912041851683,0.194732304350188,5,0.0181438809830161,13.9520088130544,0.999626430124647
"Sst-9","EPS15L1",-0.196500141404215,0.0967345102629702,0.0422210808571935,-0.386096297581757,-0.00690398522667296,5,0,0,0.999626430124647
"Sst-9","AP4S1",-0.0508491164175255,0.0973557200936059,0.601459868808781,-0.241662821489955,0.139964588654905,5,0,0,0.999626430124647
"Sst-9","SERINC5",-0.113874777881474,0.086068837865371,0.185813334310233,-0.282566600288818,0.0548170445258703,5,0,0,0.999626430124647
"Sst-9","RAB30",0.0513871780963682,0.105411435909658,0.625910071144723,-0.155215439845214,0.257989796037951,5,1.37642878162601e-07,0.000159161708014302,0.999626430124647
"Sst-9","PTPRK",0.255705070690351,0.247394954604101,0.301327650263647,-0.229180130290607,0.74059027167131,5,0.0921941440711565,30.8267289034943,0.999626430124647
"Sst-9","TRMT61B",-0.098997555809054,0.129222782710425,0.443616885997746,-0.352269555903532,0.154274444285424,5,0,0,0.999626430124647
"Sst-9","PSMF1",0.000677881086447194,0.197508768676966,0.997261540362595,-0.38643219215126,0.387787954324154,5,0.081845527612645,44.3244575186072,0.999626430124647
"Sst-9","CORO1C",0.124113498083039,0.101763902474302,0.222608188330838,-0.0753400856928387,0.323567081858917,5,0,0,0.999626430124647
"Sst-9","DPP7",0.197559731769164,0.137450476063113,0.150628300382626,-0.0718382509724232,0.466957714510751,5,0,0,0.999626430124647
"Sst-9","SS18L1",0.0650369769222216,0.109259911387827,0.551676282886628,-0.149108514351956,0.2791824681964,5,0,0,0.999626430124647
"Sst-9","SCFD2",-0.0268447421837623,0.0826735396134568,0.745402239734791,-0.188881902300583,0.135192417933058,5,0.00312570729746877,6.87687363791335,0.999626430124647
"Sst-9","CEND1",0.0971496288958563,0.24971183202536,0.697241409031052,-0.392276568387365,0.586575826179077,5,0.177628641692061,59.696024525226,0.999626430124647
"Sst-9","RBM33",-0.111958433822505,0.0703797823849599,0.111660107569499,-0.249900272536793,0.0259834048917828,5,0,0,0.999626430124647
"Sst-9","USP20",0.11860725401728,0.124784420009685,0.341859626325395,-0.125965715033422,0.363180223067982,5,4.42482489786005e-06,0.0040061370965767,0.999626430124647
"Sst-9","NEK4",-0.0978440461152006,0.108936281764141,0.369091274649652,-0.311355234982624,0.115667142752223,5,0,0,0.999626430124647
"Sst-9","PHF20",0.0748399902791109,0.0929366108816946,0.420658143526534,-0.107312419894224,0.256992400452446,5,4.53017848136756e-06,0.00721293816164609,0.999626430124647
"Sst-9","SEC24B",-0.050937383519837,0.0961109066721707,0.596122008779421,-0.239311299118782,0.137436532079108,5,0.00521809511208544,8.81705022891802,0.999626430124647
"Sst-9","ETFDH",0.0148816506949567,0.110245551529474,0.892622622993375,-0.201195659758566,0.230958961148479,5,0,0,0.999626430124647
"Sst-9","BSG",0.0533212613999045,0.193293983413294,0.782658843569553,-0.325527984518434,0.432170507318243,5,0.0837822395350906,47.8733336479877,0.999626430124647
"Sst-9","HSPA12A",0.0388494379273045,0.0580090968337749,0.503040854570459,-0.0748463026425907,0.1525451784972,5,2.24366311446458e-06,0.00854188666356686,0.999626430124647
"Sst-9","RNF11",0.0875093403607056,0.135834658672034,0.519423540034576,-0.178721698488771,0.353740379210183,5,0.0285853890005589,31.2888758728945,0.999626430124647
"Sst-9","HMGXB3",-0.119817648518319,0.12405824047073,0.334135393692316,-0.362967331826359,0.123332034789722,5,0,0,0.999626430124647
"Sst-9","APOOL",0.00649491645283181,0.14650699099967,0.964639935660066,-0.280653509389855,0.293643342295519,5,0.0114066247887209,8.61735265384015,0.999626430124647
"Sst-9","UBXN4",0.131243188473054,0.0806475659076989,0.103659173005637,-0.026823136146856,0.289309513092964,5,0.00122496545083249,2.49776305940262,0.999626430124647
"Sst-9","BCAT1",0.118543701134937,0.0949938661177988,0.212064381811415,-0.0676408552081681,0.304728257478042,5,0,0,0.999626430124647
"Sst-9","DSCAML1",0.0345856513561805,0.0649486939660571,0.594374711781706,-0.0927114496602054,0.161882752372566,5,1.19713768806572e-06,0.00438212961420966,0.999626430124647
"Sst-9","CHCHD10",0.158090563544734,0.161590206787091,0.327904966817493,-0.158620422012344,0.474801549101811,5,0.00531217688814104,3.8124480269192,0.999626430124647
"Sst-9","CLMP",-0.102208377142417,0.277242280279581,0.712380526944801,-0.645593261482155,0.44117650719732,5,0.268037845953449,73.1809964015232,0.999626430124647
"Sst-9","PRKX",-0.0744018430111693,0.200725872000895,0.71088785011562,-0.467817322898321,0.319013636875982,5,0.0881392381672393,46.9102655719505,0.999626430124647
"Sst-9","SDHB",0.0840943771033442,0.142159257829761,0.55415164298775,-0.194532648311931,0.362721402518619,5,0.0134526340838098,11.5043259747441,0.999626430124647
"Sst-9","ACBD6",-0.0711577100522636,0.0743657474101501,0.33863723755298,-0.216911896659561,0.0745964765550335,5,0,0,0.999626430124647
"Sst-9","ATP8A2",-0.138088257085679,0.107999314687599,0.201036862577307,-0.349763024228381,0.0735865100570224,5,0.0381997660813609,70.5338928960133,0.999626430124647
"Sst-9","ACAP3",0.0323458847342626,0.148123732369096,0.827140284206553,-0.257971295964814,0.32266306543334,5,0.0233521606734337,19.9372689432183,0.999626430124647
"Sst-9","PRPF6",0.0664240383880394,0.154420274794001,0.667085790225125,-0.236234138690981,0.369082215467059,5,0.018003893148607,12.8805161049772,0.999626430124647
"Sst-9","MSANTD2",-0.118185006406818,0.126978342123081,0.351983247588803,-0.367057983784663,0.130687970971026,5,3.53786653292688e-06,0.00297089453759062,0.999626430124647
"Sst-9","HBS1L",0.158665603740652,0.0954073557057128,0.0963057822345708,-0.0283293773027475,0.345660584784051,5,2.37650804162399e-06,0.00343911265247903,0.999626430124647
"Sst-9","CTTNBP2NL",0.00298597251957677,0.135086274093275,0.982364845039155,-0.261778259508948,0.267750204548101,5,0,0,0.999626430124647
"Sst-9","DENR",-0.127504186543652,0.120004583788021,0.288011343179321,-0.362708848747893,0.107700475660589,5,5.90618883685499e-07,0.000566450372830894,0.999626430124647
"Sst-9","ZNF507",-0.0441370779552089,0.104542040055821,0.672883030376718,-0.249035711334962,0.160761555424544,5,0,0,0.999626430124647
"Sst-9","TEX2",-0.206511480303688,0.13792935024827,0.134334328482331,-0.476848039201307,0.0638250785939315,5,0.0156975088574632,14.0199944315246,0.999626430124647
"Sst-9","ATP6V0B",0.289771220994825,0.12049533027489,0.0161798303911347,0.0536047133507807,0.525937728638869,5,0,0,0.999626430124647
"Sst-9","ZSCAN5A",-0.0998939795816861,0.123567452752426,0.4188508010863,-0.342081736637795,0.142293777474423,5,0,0,0.999626430124647
"Sst-9","ZDHHC20",0.0436719499507844,0.0709792666608971,0.538371434874182,-0.0954448563536385,0.182788756255207,5,0,0,0.999626430124647
"Sst-9","TRIP12",0.0603018884002471,0.066566754430462,0.364996215096148,-0.0701665528511806,0.190770329651675,5,0,0,0.999626430124647
"Sst-9","INTS10",-0.0453222233856674,0.140011454428563,0.746162382647035,-0.319739631488721,0.229095184717387,5,0.0301313182710637,30.2444367781588,0.999626430124647
"Sst-9","PRKAA1",-0.148567887475578,0.131430906304365,0.258312870366644,-0.406167730287593,0.109031955336436,5,0,0,0.999626430124647
"Sst-9","ADAM19",-0.148176956887923,0.160175847817217,0.354919478014932,-0.462115849802837,0.165761936026991,5,0.035706505557837,26.612941424368,0.999626430124647
"Sst-9","ATG13",-0.148223553247082,0.182116400441178,0.415705339652473,-0.505165139105865,0.208718032611701,5,0.0612494532309281,38.0017192151118,0.999626430124647
"Sst-9","NRGN",0.0538175150860783,0.153138007506244,0.725264676512438,-0.246327464290385,0.353962494462542,5,0,0,0.999626430124647
"Sst-9","DHDDS",-0.124618773113987,0.131825153512039,0.344488488385032,-0.382991326254047,0.133753780026074,5,0,0,0.999626430124647
"Sst-9","RSBN1",-0.119836326905026,0.228839576186693,0.600508370633572,-0.568353654468355,0.328681000658302,5,0.144929434756562,58.4427070762057,0.999626430124647
"Sst-9","NASP",-0.0696300891843391,0.100433965885968,0.48812617189806,-0.266477045145362,0.127216866776683,5,1.55921569906321e-06,0.00190604953310544,0.999626430124647
"Sst-9","PGAP2",-0.155969136552712,0.156424860991589,0.318722465061904,-0.462556230382911,0.150617957277486,5,0.0201452290705397,14.0920604111772,0.999626430124647
"Sst-9","CCDC14",0.209758999526122,0.0996372505936633,0.0352715797961127,0.0144735768439502,0.405044422208295,5,0,0,0.999626430124647
"Sst-9","PUDP",0.0368714632085253,0.127748689261162,0.772868375450098,-0.213511366815551,0.287254293232602,5,0,0,0.999626430124647
"Sst-9","ELF2",0.0021986765095401,0.0804845355046088,0.978206100612883,-0.155548114391928,0.159945467411009,5,0,0,0.999626430124647
"Sst-9","CNTNAP1",-0.156236696351445,0.109722870127053,0.154469348907838,-0.371289570080835,0.058816177377945,5,0,0,0.999626430124647
"Sst-9","DROSHA",-0.0503432089932164,0.128739155994204,0.695761644117417,-0.30266731814194,0.201980900155507,5,0.0197818526349302,22.5236282538177,0.999626430124647
"Sst-9","SPTBN1",-0.0666569425918081,0.0606978343413352,0.27212737307478,-0.185622511840403,0.0523086266567874,5,0,0,0.999626430124647
"Sst-9","IFT122",-0.209971957325058,0.121933874924012,0.0850668076802915,-0.448957960671533,0.0290140460214174,5,0,0,0.999626430124647
"Sst-9","EEF2",-0.0748433563856107,0.17328610504153,0.665809532876298,-0.414477881288234,0.264791168517012,5,0,0,0.999626430124647
"Sst-9","ATP6V1C1",0.0420504709656889,0.0918281659537657,0.647005870828312,-0.137929427070059,0.222030369001437,5,0,0,0.999626430124647
"Sst-9","STK39",-0.198997904383585,0.0762342739994941,0.00904504363889922,-0.348414335810151,-0.0495814729570179,5,0,0,0.999626430124647
"Sst-9","FBXO21",0.0763140671176695,0.135088940928471,0.572130079743753,-0.188455391811792,0.341083526047131,5,0.032448936083128,36.4412649066104,0.999626430124647
"Sst-9","TOP3A",-0.0141759519416058,0.132505863962107,0.914802004787185,-0.273882673047698,0.245530769164487,5,0,0,0.999626430124647
"Sst-9","HIPK1",-0.035686041540506,0.123130392215559,0.771951515300001,-0.277017175685293,0.205645092604281,5,0,0,0.999626430124647
"Sst-9","MED14",0.0744479819602655,0.106966961601635,0.486434820914286,-0.135203410314618,0.284099374235149,5,0,0,0.999626430124647
"Sst-9","RAB6A",-0.211590307406625,0.0731181996056092,0.00380596229283657,-0.35489934524803,-0.0682812695652205,5,0,0,0.999626430124647
"Sst-9","SEMA6D",-0.118841280043555,0.173400876118162,0.493119486987451,-0.458700752122844,0.221018192035734,5,5.48229106471937e-07,0.000277701779736602,0.999626430124647
"Sst-9","TMEM25",0.0223818237639285,0.119638503795606,0.851598875802048,-0.212105334839719,0.256868982367576,5,0,0,0.999626430124647
"Sst-9","DCBLD2",-0.135783543319297,0.113991828551727,0.233587209145395,-0.359203421812546,0.0876363351739523,5,0,0,0.999626430124647
"Sst-9","TRIM24",-0.137332357694001,0.102405768377126,0.179900725775758,-0.338043975522319,0.0633792601343158,5,0,0,0.999626430124647
"Sst-9","SH3YL1",0.0236311889944137,0.087975413212277,0.788228825419445,-0.148797452426678,0.196059830415506,5,0,0,0.999626430124647
"Sst-9","SMAP1",-0.0127681554758673,0.0777187798401463,0.869505516044647,-0.165094164884952,0.139557853933217,5,0,0,0.999626430124647
"Sst-9","BTF3L4",-0.029859469064169,0.115626213580826,0.796220650047937,-0.256482683351324,0.196763745222986,5,6.13536878143365e-06,0.00676981987943815,0.999626430124647
"Sst-9","BAIAP2",-0.183679942592488,0.152027480942013,0.226969481451737,-0.481648329899182,0.114288444714207,5,0.0116769870679299,7.82721769894603,0.999626430124647
"Sst-9","ANKRD50",0.108447739481253,0.156112260756561,0.487257172795494,-0.197526669146732,0.414422148109238,5,4.16949584876106e-06,0.00300091853876171,0.999626430124647
"Sst-9","WSB2",0.0284559290212039,0.125994935271226,0.821318254584889,-0.218489606344854,0.275401464387262,5,0,0,0.999626430124647
"Sst-9","PAXBP1",0.0266054721102681,0.15096023746851,0.86010414890722,-0.269271156425626,0.322482100646162,5,0.043134170432844,38.8048941040156,0.999626430124647
"Sst-9","SPTBN2",-0.254774943366407,0.124061721531979,0.0400130229822981,-0.497931449429123,-0.0116184373036909,5,0,0,0.999626430124647
"Sst-9","EFCAB6",0.0744332091704496,0.151822668575188,0.623947002992638,-0.22313375327368,0.372000171614579,5,0.0399766339113647,35.2112111608709,0.999626430124647
"Sst-9","PAIP1",0.060189274020038,0.15079393794068,0.68978329953986,-0.235361413430663,0.355739961470739,5,0.0140340918209732,9.77390196460011,0.999626430124647
"Sst-9","SUB1",0.164155280907544,0.0929733837241568,0.0774603172952633,-0.0180692027126254,0.346379764527714,5,0,0,0.999626430124647
"Sst-9","STARD13",-0.123236793126308,0.0750737457492807,0.100684717480029,-0.270378630979415,0.0239050447267994,5,0,0,0.999626430124647
"Sst-9","CMSS1",0.0255569661503021,0.0741200313673928,0.730240885290464,-0.119715625862767,0.170829558163371,5,3.37579512654153e-06,0.00950491177246487,0.999626430124647
"Sst-9","RPGRIP1L",0.065308344316392,0.115242883604216,0.570916828730835,-0.160563557022412,0.291180245655196,5,0,0,0.999626430124647
"Sst-9","AASDH",0.0117146571723363,0.110059209541139,0.915233582956129,-0.203997429695243,0.227426744039916,5,0,0,0.999626430124647
"Sst-9","SHISA6",-0.028101843105964,0.0602908726280079,0.641140749101498,-0.146269782053351,0.0900660958414233,5,0,0,0.999626430124647
"Sst-9","SNRNP200",-0.035242842827233,0.140172921145038,0.801486279453637,-0.30997671987928,0.239491034224814,5,0,0,0.999626430124647
"Sst-9","FARP2",0.0410870323960439,0.147025311059498,0.779895280932813,-0.24707728209637,0.329251346888458,5,0.0271452047537072,23.3852759911891,0.999626430124647
"Sst-9","RMDN2",0.121864269268632,0.145895098160395,0.403556172138838,-0.164084868646678,0.407813407183943,5,0,0,0.999626430124647
"Sst-9","CXXC4",-0.141195012101301,0.257664226615218,0.583705184832095,-0.646207616371494,0.363817592168893,5,0.166905602881658,53.4453935083375,0.999626430124647
"Sst-9","ZCCHC2",0.0935243987565372,0.196087524361182,0.633396077616639,-0.290800086809,0.477848884322074,5,0.0923959868093143,50.601660538373,0.999626430124647
"Sst-9","NCOA5",0.104288643056756,0.123198347674178,0.397268253444418,-0.137175681339477,0.345752967452989,5,0,0,0.999626430124647
"Sst-9","TMED10",-0.120318217987466,0.125835816787972,0.338995245383567,-0.366951886857071,0.126315450882139,5,0,0,0.999626430124647
"Sst-9","TSPAN13",0.0749074959833228,0.130427221388993,0.565748506557218,-0.180725160542736,0.330540152509382,5,0,0,0.999626430124647
"Sst-9","RAB3GAP2",-0.0353379791639538,0.107475101020699,0.742305695922065,-0.245985306399328,0.175309348071421,5,0.0180978782615684,30.9541403329481,0.999626430124647
"Sst-9","TTC33",0.258725146409651,0.126668448297192,0.0410981726261152,0.0104595497695797,0.506990743049721,5,0,0,0.999626430124647
"Sst-9","TUBA1B",-0.168540070483749,0.19276120070475,0.381929613430456,-0.546345081481756,0.209264940514257,5,0.0959308083243297,54.4255555260854,0.999626430124647
"Sst-9","SSBP3",-0.038600232510534,0.0976290587862388,0.69256507258457,-0.229949671576106,0.152749206555038,5,0,0,0.999626430124647
"Sst-9","CEP250",0.00971345894498906,0.125448962503012,0.938281819696624,-0.236161989458831,0.255588907348809,5,0,0,0.999626430124647
"Sst-9","SETDB1",0.0223681217168536,0.139720559859815,0.872808727863263,-0.251479143508156,0.296215386941863,5,1.02102556420625e-06,0.000802210539846146,0.999626430124647
"Sst-9","CEP162",-0.0193087041160254,0.138744650027844,0.88931802880718,-0.291243221218214,0.252625812986163,5,0,0,0.999626430124647
"Sst-9","ACIN1",0.0964968211994678,0.0877145995185167,0.271278668809167,-0.0754206347751792,0.268414277174115,5,0,0,0.999626430124647
"Sst-9","RNF38",-0.0129518920683998,0.081328480758024,0.873468700831442,-0.172352785271486,0.146449001134686,5,2.26625162332316e-06,0.00450033934736534,0.999626430124647
"Sst-9","GDPD1",-0.0391574795192661,0.0964418196669143,0.68472659561422,-0.228179972669925,0.149865013631393,5,4.66464911846782e-06,0.00769554915701036,0.999626430124647
"Sst-9","DPY30",0.158481233782828,0.118131162701282,0.17973543178493,-0.0730515905635266,0.390014058129182,5,0,0,0.999626430124647
"Sst-9","SCLT1",-0.0247162355957775,0.137028458430368,0.856859741165547,-0.293287078976342,0.243854607784787,5,0.0340128770242586,36.8700608497263,0.999626430124647
"Sst-9","SCN3B",0.300345058234722,0.152201940353368,0.0484576754257232,0.00203473676500754,0.598655379704436,5,0.0462730250125863,40.9825407857639,0.999626430124647
"Sst-9","KLHL42",-0.0257759100541745,0.0972163030771516,0.790901776903121,-0.216316362795522,0.164764542687173,5,0,0,0.999626430124647
"Sst-9","FBXO25",0.0388567132576848,0.127852053770763,0.76118933442621,-0.211728707482488,0.289442133997858,5,0.0157906015917828,16.4013283621084,0.999626430124647
"Sst-9","PDE4DIP",-0.0791079697518119,0.133051783570706,0.552134100225104,-0.339884673629214,0.18166873412559,5,0.0452187944288006,53.9086976756848,0.999626430124647
"Sst-9","IDE",-0.0870232908013342,0.0987328514978862,0.378100505576756,-0.280536123828133,0.106489542225464,5,0,0,0.999626430124647
"Sst-9","SLC35F4",-0.238426638586405,0.240567668950045,0.321636708579696,-0.709930605573248,0.233077328400438,5,0.159066508154012,57.8917246856877,0.999626430124647
"Sst-9","NFE2L2",-0.0939486443336183,0.128345811239239,0.464170895614053,-0.345501811929103,0.157604523261867,5,1.49333713388701e-06,0.00148818786162138,0.999626430124647
"Sst-9","ENTPD6",0.159277269991095,0.113478923920292,0.160442583699441,-0.0631373338970377,0.381691873879228,5,0,0,0.999626430124647
"Sst-9","SH3RF1",0.023708768563502,0.215905148739302,0.912559236669984,-0.399457547042293,0.446875084169297,5,0.120013137763864,55.227394037601,0.999626430124647
"Sst-9","SF3B3",-0.00472864625441032,0.204463954250032,0.981548935847497,-0.405470632721119,0.396013340212298,5,0.103572052332351,52.5881937879887,0.999626430124647
"Sst-9","ACOX1",-0.0390853470397327,0.200357048448533,0.84533151497252,-0.431777946047603,0.353607251968138,5,0.0723096367473959,36.9816588641873,0.999626430124647
"Sst-9","KIF5A",0.0562986583466726,0.0827873116089864,0.496479325327573,-0.105961490783835,0.218558807477181,5,0,0,0.999626430124647
"Sst-9","SLC43A2",-0.00228035263236937,0.129470969810262,0.985947706301763,-0.256038790503956,0.251478085239217,5,4.20846991824401e-07,0.000415826070170986,0.999626430124647
"Sst-9","ENTPD4",0.032527160871964,0.106587888520517,0.760238573742462,-0.176381261816419,0.241435583560347,5,0,0,0.999626430124647
"Sst-9","NUDT9",-0.119138694135781,0.122000403739733,0.32879523123921,-0.358255091565005,0.119977703293442,5,0,0,0.999626430124647
"Sst-9","SACM1L",0.0208174212885611,0.107490497471851,0.84643620212409,-0.18986008243656,0.231494925013682,5,0,0,0.999626430124647
"Sst-9","CEBPZ",0.111896302618112,0.16294014637731,0.49225127961158,-0.207460515917101,0.431253121153325,5,0.0266380863207764,18.3814105510145,0.999626430124647
"Sst-9","DMTN",-0.0967167511728477,0.110754973103676,0.382526970237395,-0.313792509564756,0.12035900721906,5,0,0,0.999626430124647
"Sst-9","PAQR3",0.0312440809952295,0.148694314737707,0.833571750882703,-0.26019142059654,0.322679582586999,5,0.0116935520828421,8.21509384181914,0.999626430124647
"Sst-9","NRSN2",-0.132845003994134,0.116559196223473,0.254402411214398,-0.361296830659078,0.0956068226708097,5,0,0,0.999626430124647
"Sst-9","SSH2",-0.152598790285497,0.0775274268782346,0.0490312221408358,-0.304549754780899,-0.000647825790094481,5,0,0,0.999626430124647
"Sst-9","ST7",-0.0200555078390192,0.0857289195234223,0.81503079480946,-0.18808110253846,0.147970086860421,5,0,0,0.999626430124647
"Sst-9","PHC1",0.0719673530654952,0.108907333854692,0.508732415244754,-0.141487098941981,0.285421805072971,5,2.00397242859189e-06,0.00233600275913396,0.999626430124647
"Sst-9","MED13L",-0.00425172705567131,0.0678332735469979,0.950022057824902,-0.137202500161241,0.128699046049898,5,0.00145509735627089,5.01454050848836,0.999626430124647
"Sst-9","ZDHHC2",0.137430255106848,0.149862032814298,0.359118964763408,-0.156293931859137,0.431154442072832,5,1.78832329624568e-06,0.00126037565051196,0.999626430124647
"Sst-9","AAGAB",-0.0196925268008948,0.120953034218475,0.870666971418357,-0.256756117689946,0.217371064088156,5,9.90868616749428e-07,0.000935199248333541,0.999626430124647
"Sst-9","IFNAR1",-0.000435973426300633,0.107499733488367,0.996764126747977,-0.211131579411155,0.210259632558554,5,0,0,0.999626430124647
"Sst-9","COQ4",-0.0122786154468308,0.156083893900044,0.9372976789471,-0.318197426057688,0.293640195164026,5,0.0183622432914291,13.6308212919155,0.999626430124647
"Sst-9","TMEM50A",0.139417402810596,0.140283672956362,0.320308136840573,-0.135533543802869,0.414368349424062,5,0,0,0.999626430124647
"Sst-9","NPM2",-0.0701539604440186,0.280454626472959,0.802476215331693,-0.619834927628652,0.479527006740615,5,0.261114857240285,71.2883689291522,0.999626430124647
"Sst-9","KCND3",0.00422721114141632,0.0851371655798359,0.960399889319598,-0.162638567140885,0.171092989423718,5,0,0,0.999626430124647
"Sst-9","XPOT",-0.00603799341053006,0.179127101741871,0.973110101622886,-0.35712066147964,0.34504467465858,5,0.0422816338380864,25.7930156032059,0.999626430124647
"Sst-9","TBC1D12",-0.0679297514359815,0.108443573372672,0.531048394430156,-0.280475249601246,0.144615746729283,5,3.52918015767182e-07,0.000386737368166173,0.999626430124647
"Sst-9","NEK9",-0.202277007995397,0.189280277466236,0.285221123582007,-0.573259534812969,0.168705518822174,5,0.0756418817267381,44.0210946758563,0.999626430124647
"Sst-9","COMMD1",0.0344014985398094,0.0808424969487256,0.670445030536479,-0.124046883899982,0.192849880979601,5,2.68087233269809e-06,0.00537828142239776,0.999626430124647
"Sst-9","PUS7",-0.0802139988061043,0.124602019355029,0.519730020019971,-0.324429469142924,0.164001471530715,5,8.378539946208e-06,0.00700353889815256,0.999626430124647
"Sst-9","CACNG4",0.0965306220648776,0.140921832578248,0.493347652165598,-0.179671094423871,0.372732338553626,5,0,0,0.999626430124647
"Sst-9","BCL9",0.0798530789845636,0.1504035986379,0.595470529874473,-0.214932557490938,0.374638715460065,5,2.45143306417067e-07,0.000192272099919384,0.999626430124647
"Sst-9","IMMP1L",0.063843587224701,0.106176008473896,0.547640482293764,-0.144257565406354,0.271944739855756,5,2.30690992069401e-06,0.00314449665925308,0.999626430124647
"Sst-9","CRTC1",-0.123310729495776,0.105135759588346,0.240847365046328,-0.329373031776196,0.0827515727846436,5,0,0,0.999626430124647
"Sst-9","GOLGA1",0.00525249085843976,0.11397013825627,0.963241263483485,-0.2181248754369,0.228629857153779,5,0,0,0.999626430124647
"Sst-9","SCGB2B2",0.0119645950026701,0.140493458796451,0.932133216820505,-0.263397524301837,0.287326714307177,5,0.00552651011094146,4.79713050793956,0.999626430124647
"Sst-9","DNAJC9",-0.069683580170838,0.113672087955309,0.539861272666326,-0.292476778610714,0.153109618269038,5,0,0,0.999626430124647
"Sst-9","ATP6V0A1",-0.0916974655441763,0.0704310378396949,0.192934566605731,-0.229739763103756,0.0463448320154034,5,0,0,0.999626430124647
"Sst-9","HLTF",-0.171305289725835,0.0765895621064229,0.0253081605018145,-0.321418073046118,-0.0211925064055529,5,0,0,0.999626430124647
"Sst-9","PAK3",0.027811135065049,0.0970427153113254,0.774428929324352,-0.162389091907122,0.218011362037221,5,0.0239760994182817,54.3621420958529,0.999626430124647
"Sst-9","SNRPA1",0.0895299622236899,0.138389540239878,0.517669686395786,-0.181708552483527,0.360768476930907,5,0,0,0.999626430124647
"Sst-9","PRPF8",0.0530056483062464,0.11070498802117,0.632080273743473,-0.163972141124185,0.269983437736677,5,0,0,0.999626430124647
"Sst-9","AP2A1",-0.0561193338328477,0.123261133982603,0.648901949269967,-0.297706717132316,0.185468049466621,5,0,0,0.999626430124647
"Sst-9","EDEM3",-0.116559972516693,0.0993248329421749,0.240586152820975,-0.311233067853814,0.0781131228204272,5,0,0,0.999626430124647
"Sst-9","ZNRF1",-0.0237126704264801,0.0928948572818492,0.798519555615113,-0.205783245047893,0.158357904194933,5,1.06668081184891e-07,0.000139162786740966,0.999626430124647
"Sst-9","SSU72",-0.0127309812359304,0.122151093469804,0.916992201264143,-0.252142725108933,0.226680762637072,5,3.37142698990309e-06,0.00326366945242067,0.999626430124647
"Sst-9","SF1",-0.0621372366646868,0.121347447615803,0.608608656869111,-0.299973863607521,0.175699390278147,5,0,0,0.999626430124647
"Sst-9","NUP160",0.116296461387232,0.0959550772271486,0.225516737808632,-0.0717720341117392,0.304364956886202,5,0,0,0.999626430124647
"Sst-9","BNIP3",0.234952069022417,0.137553736648796,0.0876224670765943,-0.0346483007481301,0.504552438792965,5,0.0154182428164867,13.7999708675672,0.999626430124647
"Sst-9","HECW2",0.0666144836743991,0.062972105362683,0.290127873741703,-0.0568085748671212,0.190037542215919,5,0.000512037292140118,1.95363984383956,0.999626430124647
"Sst-9","GFPT1",0.043474013776527,0.185943948832721,0.815138919575589,-0.320969429078764,0.407917456631818,5,0.0969962985674479,59.6716127004642,0.999626430124647
"Sst-9","ZNF611",-0.12141199408278,0.136444270497873,0.373558006308401,-0.388837850155452,0.146013861989893,5,0,0,0.999626430124647
"Sst-9","IPMK",0.143682616101455,0.121783187062428,0.238070583900977,-0.0950080444634085,0.382373276666318,5,0,0,0.999626430124647
"Sst-9","SMIM8",-0.0433951199465151,0.131797644114607,0.741962457481904,-0.301713755658372,0.214923515765342,5,0,0,0.999626430124647
"Sst-9","MRPL3",0.126257433658688,0.123828046675431,0.307909173025915,-0.116441078101101,0.368955945418477,5,0,0,0.999626430124647
"Sst-9","CARS2",-0.203870410051883,0.110715493013595,0.0655644161158005,-0.420868788889125,0.0131279687853595,5,7.67864067913354e-06,0.00857683717043298,0.999626430124647
"Sst-9","DISP2",-0.0107735716832092,0.218218976220062,0.96062406731858,-0.438474905817733,0.416927762451315,5,0.118611111498334,53.21146505702,0.999626430124647
"Sst-9","CAB39L",0.282705970557479,0.117816505175415,0.0164154754567723,0.0517898636292884,0.51362207748567,5,7.68924218956908e-06,0.00820116690345318,0.999626430124647
"Sst-9","LIMS1",0.0297958173786194,0.128287791575563,0.816337925373751,-0.221643633765666,0.281235268522905,5,0,0,0.999626430124647
"Sst-9","PPP1R21",-0.117872551454153,0.0869460480651571,0.175195393244233,-0.288283674259949,0.0525385713516432,5,0,0,0.999626430124647
"Sst-9","TMCO1",-0.0861048294119239,0.19393631071963,0.657053367302578,-0.466213013716969,0.294003354893121,5,0.0722161109367126,39.823990990237,0.999626430124647
"Sst-9","MED6",0.159336410589936,0.147123540986907,0.278803548578218,-0.129020431022404,0.447693252202277,5,4.36782250062478e-08,3.36547686963997e-05,0.999626430124647
"Sst-9","WWP1",0.00381019311054261,0.0966976053832595,0.968568944936102,-0.185713630831912,0.193334017052998,5,0,0,0.999626430124647
"Sst-9","NIPAL3",0.0639887982136505,0.0727096445850502,0.378827191162915,-0.0785194865017557,0.206497082929057,5,0,0,0.999626430124647
"Sst-9","DHX36",0.00308477182443518,0.0895510923790291,0.972520657513787,-0.172432144014681,0.178601687663551,5,0.00377118807446059,7.51955665562219,0.999626430124647
"Sst-9","LGMN",-0.025687696887274,0.0897464081538186,0.774705530770027,-0.20158742461059,0.150212030836042,5,0,0,0.999626430124647
"Sst-9","SYMPK",0.0190967704490185,0.104673411492775,0.855236288122781,-0.186059346215762,0.224252887113799,5,0,0,0.999626430124647
"Sst-9","PTGES3",0.0175336890916094,0.132202613258271,0.894488060450482,-0.241578671556679,0.276646049739898,5,0,0,0.999626430124647
"Sst-9","QDPR",-0.11716346416507,0.175127587664555,0.503484157094647,-0.460407228686979,0.226080300356839,5,0.0568013952666251,37.9021428234613,0.999626430124647
"Sst-9","PPID",-0.0124161484242576,0.148955253998116,0.933569358265771,-0.304363081568581,0.279530784720066,5,0,0,0.999626430124647
"Sst-9","KCNK2",0.0897600600594231,0.113564931055992,0.429302743555441,-0.132823114717095,0.312343234835941,5,0,0,0.999626430124647
"Sst-9","RNF170",0.0544926173074552,0.154649731029183,0.724567141730035,-0.24861528572855,0.35760052034346,5,0.048409172723702,41.8804878477495,0.999626430124647
"Sst-9","IVNS1ABP",0.082553389207187,0.199556509074972,0.679105346948618,-0.308570181460299,0.473676959874673,5,0.0852658694137126,46.1781045854094,0.999626430124647
"Sst-9","HTT",-0.0656443239808804,0.0700140269269596,0.348456088815365,-0.202869295170339,0.071580647208578,5,0,0,0.999626430124647
"Sst-9","HBP1",-0.0355779292720082,0.107328401796248,0.740276945019893,-0.245937731310898,0.174781872766882,5,3.90268345066651e-07,0.000470634072209604,0.999626430124647
"Sst-9","SNRK",-0.0134485936013569,0.113340815907694,0.905547717113067,-0.235592510758821,0.208695323556107,5,0.00222786594141578,2.61525020429227,0.999626430124647
"Sst-9","WWC3",-0.146397725812588,0.132893557850217,0.270628465504635,-0.406864312976403,0.114068861351228,5,0,0,0.999626430124647
"Sst-9","ABCA10",-0.0518716973466071,0.0729916207153888,0.477299434757262,-0.194932645121977,0.0911892504287628,5,0,0,0.999626430124647
"Sst-9","GALNT18",0.0653146035735979,0.238530547261538,0.784222408144296,-0.402196678271646,0.532825885418842,5,0.0677755749553164,23.4561347278532,0.999626430124647
"Sst-9","ERCC6",-0.125400483103534,0.11133137245077,0.260008312094218,-0.343605963456457,0.0928049972493893,5,0,0,0.999626430124647
"Sst-9","BRI3BP",0.0235930831970806,0.0994130193929913,0.812405539898243,-0.171252854407564,0.218439020801725,5,1.69629616783494e-07,0.000254102514802492,0.999626430124647
"Sst-9","NUDT4",-0.120991513117429,0.149918179834375,0.419637499971165,-0.414825746220604,0.172842719985746,5,2.13118821217141e-07,0.000169228678696251,0.999626430124647
"Sst-9","BCR",-0.0734528955737564,0.124675205911806,0.555757975459918,-0.317811808926011,0.170906017778499,5,0,0,0.999626430124647
"Sst-9","TSNARE1",-0.0326657486584835,0.137394680787366,0.812074079035692,-0.301954374669098,0.236622877352131,5,0.0204668912128576,19.3733406720783,0.999626430124647
"Sst-9","NBPF1",0.0740943936003581,0.135855547801636,0.585484626341109,-0.192177587190808,0.340366374391525,5,0,0,0.999626430124647
"Sst-9","SP4",-0.0373402718033158,0.117954444704993,0.751573548718121,-0.268526735241523,0.193846191634891,5,0,0,0.999626430124647
"Sst-9","NAPEPLD",0.0108120591344683,0.122523400005152,0.929682070670762,-0.229329392139023,0.25095351040796,5,0,0,0.999626430124647
"Sst-9","EXOSC10",0.0386196209397419,0.130253051702304,0.766850663971244,-0.216671669273208,0.293910911152691,5,0,0,0.999626430124647
"Sst-9","PRPF19",0.173942960055012,0.1704370480407,0.307458147899941,-0.160107515736082,0.507993435846106,5,0.055921685765011,39.9955041940967,0.999626430124647
"Sst-9","DNM3",-0.00914146113057957,0.0640016944058701,0.886423220277287,-0.134582477115624,0.116299554854464,5,0.003188717192124,14.5164799017202,0.999626430124647
"Sst-9","SAR1A",-0.0789250336978376,0.122196219746648,0.518352094509884,-0.318425223448209,0.160575156052534,5,0,0,0.999626430124647
"Sst-9","ANO6",-0.134725789364405,0.133447740074529,0.312697920711072,-0.396278553728744,0.126826974999935,5,0,0,0.999626430124647
"Sst-9","UBA52",-0.0794615961284705,0.156206625125249,0.610965727133807,-0.385620955520508,0.226697763263567,5,3.39172153771585e-06,0.00238596143962225,0.999626430124647
"Sst-9","NCEH1",-0.0228839021439964,0.090911014687795,0.801259354552054,-0.201066216730066,0.155298412442074,5,0,0,0.999626430124647
"Sst-9","HRH1",-0.0372801243054118,0.150029843338106,0.803759387528511,-0.331333213854285,0.256772965243462,5,0,0,0.999626430124647
"Sst-9","PEX1",0.00264545003320729,0.106124337635643,0.980112524595548,-0.205354429615821,0.210645329682236,5,0,0,0.999626430124647
"Sst-9","UBE4A",-0.00671500341832571,0.0985936998040634,0.945699793574888,-0.199955104136844,0.186525097300192,5,6.1512956800591e-06,0.0081127186369706,0.999626430124647
"Sst-9","ZNF496",-0.0250858765196887,0.124051043227827,0.83974300818089,-0.26822145349085,0.218049700451473,5,0,0,0.999626430124647
"Sst-9","GLCE",-0.0865907318086769,0.121861019339397,0.477351007074772,-0.325433940833233,0.15225247721588,5,0,0,0.999626430124647
"Sst-9","KPNA6",0.0184536887086087,0.110706596831598,0.867613931059062,-0.198527253932319,0.235434631349537,5,0,0,0.999626430124647
"Sst-9","ADNP",0.00337883042272325,0.0917503336207525,0.970623459477609,-0.176448519043486,0.183206179888933,5,0.00675409135757614,13.7754483799207,0.999626430124647
"Sst-9","USP46",-0.015110214791559,0.122194192715684,0.901586551481591,-0.254606431634247,0.224386002051129,5,0,0,0.999626430124647
"Sst-9","DYNC2H1",0.0319635139276777,0.0852321707631159,0.707647815379365,-0.135088471092197,0.199015498947553,5,0,0,0.999626430124647
"Sst-9","NCBP1",-0.0593448436414282,0.139519680882094,0.670580779482664,-0.332798393304854,0.214108706021997,5,0,0,0.999626430124647
"Sst-9","MTF2",0.0645871618726185,0.115375946865445,0.575617597115509,-0.16154553866586,0.290719862411097,5,0.0115155124826856,15.6641720049998,0.999626430124647
"Sst-9","SMIM14",0.0498485822235903,0.0956415419960936,0.602225920850449,-0.137605395514628,0.237302559961809,5,1.33450515228574e-07,0.000222413249350046,0.999626430124647
"Sst-9","ALKBH8",-0.0534974356853908,0.122376248302203,0.661998664579909,-0.29335047492084,0.186355603550058,5,0,0,0.999626430124647
"Sst-9","HK1",0.0302793408424473,0.0982412059842765,0.757919300549965,-0.162269884684516,0.22282856636941,5,0,0,0.999626430124647
"Sst-9","FAT3",-0.0712094552692807,0.145783563778721,0.625223975474977,-0.356939989813471,0.21452107927491,5,0.0688329423272303,69.5682775076084,0.999626430124647
"Sst-9","LINC00504",-0.0161027381222895,0.241967843076532,0.946940681540096,-0.490350995969131,0.458145519724552,5,0.0912598462797221,31.2724553794873,0.999626430124647
"Sst-9","TXLNG",0.00204671094651699,0.097686817732986,0.983284135640486,-0.189415933574464,0.193509355467498,5,0,0,0.999626430124647
"Sst-9","RPRD1B",-0.154405660690712,0.128798124402639,0.230598266554815,-0.406845345796194,0.0980340244147704,5,4.96677001593598e-06,0.00447561842407645,0.999626430124647
"Sst-9","TMTC3",0.0753646594865905,0.138710912427138,0.586908272700635,-0.196503733133289,0.347233052106469,5,0.0150862654540681,13.6188288333724,0.999626430124647
"Sst-9","ANKRD46",0.023688591143028,0.190764202270631,0.901174863674893,-0.350202374846924,0.39757955713298,5,0.082857579833701,48.1775626279672,0.999626430124647
"Sst-9","UPP2",0.361117717382321,0.214813634338867,0.0927484497745063,-0.0599092693100162,0.782144704074657,5,0.133786298879741,60.8576351214434,0.999626430124647
"Sst-9","ICE1",0.056864006361721,0.0920052303718821,0.536541135276315,-0.123462931556479,0.23719094427992,5,0,0,0.999626430124647
"Sst-9","CDK5RAP1",0.0355101590279001,0.129425778868148,0.78380262209973,-0.218159706224715,0.289180024280516,5,0,0,0.999626430124647
"Sst-9","SLC35E3",0.0159901511549831,0.106217556669523,0.880337405219673,-0.192192434443124,0.22417273675309,5,0,0,0.999626430124647
"Sst-9","RNF152",-0.153679867699645,0.121712598766653,0.206716600731479,-0.392232177747059,0.08487244234777,5,0,0,0.999626430124647
"Sst-9","REEP5",-0.0436027176411287,0.149116928513441,0.769976051863903,-0.335866527012708,0.24866109173045,5,0.0543070693602111,51.5907000691338,0.999626430124647
"Sst-9","PHF6",0.068831569138877,0.1485301675779,0.643064702016847,-0.222282209931505,0.359945348209259,5,0,0,0.999626430124647
"Sst-9","CARNMT1",0.137483384888259,0.133201025938418,0.302002043862507,-0.123585828654826,0.398552598431343,5,0,0,0.999626430124647
"Sst-9","USP16",0.164092604334996,0.126863382215769,0.195852298839039,-0.0845550557648495,0.412740264434841,5,0,0,0.999626430124647
"Sst-9","AGPAT3",0.126185673036657,0.128230186202224,0.325088021834955,-0.125140873650568,0.377512219723882,5,0.0183598942025264,20.7311052250411,0.999626430124647
"Sst-9","FBXW8",0.00599324029452277,0.107189463070984,0.955411442685738,-0.204094246846793,0.216080727435838,5,0,0,0.999626430124647
"Sst-9","RSPH3",-0.0510559518500966,0.142420916244794,0.719979394712831,-0.330195818335088,0.228083914634895,5,0,0,0.999626430124647
"Sst-9","PSMD4",-0.147817644699625,0.149011887049121,0.321204554823431,-0.439875576584252,0.144240287185002,5,0,0,0.999626430124647
"Sst-9","USP28",0.166396813458343,0.106738491410986,0.119015217487794,-0.0428067854713277,0.375600412388014,5,0,0,0.999626430124647
"Sst-9","ABLIM2",-0.0567291192375316,0.137426749290806,0.679756579043088,-0.326080598359927,0.212622359884864,5,0.04069335939128,44.8791191835593,0.999626430124647
"Sst-9","ZNF251",0.0060406953478322,0.102566901863931,0.953035603400805,-0.194986738311326,0.20706812900699,5,0,0,0.999626430124647
"Sst-9","SLITRK3",0.220642219481143,0.127584284078729,0.0837403917549891,-0.0294183823064935,0.47070282126878,5,0,0,0.999626430124647
"Sst-9","FAM228B",0.164031578120897,0.11422918761257,0.151006165805119,-0.0598535155830089,0.387916671824802,5,0,0,0.999626430124647
"Sst-9","PITPNM2",-0.276636916567207,0.105925899039069,0.00901175406527421,-0.484247863713808,-0.0690259694206066,5,0,0,0.999626430124647
"Sst-9","GOSR1",-0.0721524268568549,0.100735680308623,0.473833955645752,-0.269590732219897,0.125285878506188,5,0.00474174077616862,7.31830779329249,0.999626430124647
"Sst-9","CAMKK1",0.0342665160486406,0.128744069131455,0.790116019818331,-0.218067222672146,0.286600254769428,5,2.59171705363761e-07,0.000212094656716441,0.999626430124647
"Sst-9","BEX4",-0.0374239530622008,0.134038963024897,0.780089771612516,-0.300135493116095,0.225287586991693,5,0,0,0.999626430124647
"Sst-9","TCF25",0.130272749686472,0.114324695302793,0.254495545608037,-0.0937995356505185,0.354345035023463,5,0.0183454895130646,28.2155094110916,0.999626430124647
"Sst-9","CHORDC1",-0.00895829495490423,0.126690581121284,0.943628537011041,-0.257267271133072,0.239350681223263,5,0,0,0.999626430124647
"Sst-9","TCEAL4",-0.019863142687979,0.157747633342789,0.899797455414871,-0.329042822686275,0.289316537310317,5,0,0,0.999626430124647
"Sst-9","SLC44A1",0.0180328585958535,0.0877989702375801,0.837268962151514,-0.154049960949507,0.190115678141215,5,7.9228313151666e-08,0.000141322894987555,0.999626430124647
"Sst-9","MSL2",-0.0609507237901326,0.122223631184135,0.618003433330074,-0.300504638970745,0.17860319139048,5,0,0,0.999626430124647
"Sst-9","MDH1",0.0182799643042723,0.0958998842745791,0.848827173126955,-0.169680354995462,0.206240283604007,5,0,0,0.999626430124647
"Sst-9","XRN2",-0.0582932750948275,0.0960433724579243,0.54388582087815,-0.246534826066125,0.12994827587647,5,0,0,0.999626430124647
"Sst-9","VAMP4",-0.116404088907508,0.135762548905274,0.391218652654835,-0.382493795211202,0.149685617396185,5,0,0,0.999626430124647
"Sst-9","EXTL3",0.227647922339687,0.118179460577897,0.0540681636287443,-0.0039795641053611,0.459275408784736,5,0,0,0.999626430124647
"Sst-9","AMBRA1",-0.075696829916394,0.0939686056492823,0.420499789565486,-0.259871912666434,0.108478252833646,5,0.00793314773694116,16.4175703684847,0.999626430124647
"Sst-9","DHX8",-0.0848532077866771,0.126148561096946,0.501173120904066,-0.332099844238242,0.162393428664888,5,0,0,0.999626430124647
"Sst-9","SAE1",-0.283012824141918,0.1637669237393,0.0839624134276,-0.603990096529864,0.0379644482460282,5,0.0293233738468096,20.596669224783,0.999626430124647
"Sst-9","ZNF337",-0.00349796891318135,0.10590140334987,0.973650321071528,-0.211060905391176,0.204064967564813,5,0,0,0.999626430124647
"Sst-9","MRPL42",0.00972088363268185,0.112289363378827,0.931013359284143,-0.21036222443675,0.229803991702114,5,0,0,0.999626430124647
"Sst-9","BAIAP3",0.313287181690217,0.121530617153313,0.00994183739154068,0.0750915490507986,0.551482814329635,5,1.3934653609248e-06,0.00148232289889463,0.999626430124647
"Sst-9","PSD",-0.1648512520503,0.113571879288119,0.146636592530373,-0.387448045111542,0.0577455410109433,5,0,0,0.999626430124647
"Sst-9","AZI2",0.028250291658599,0.111041370905931,0.799177041901263,-0.189386796110979,0.245887379428177,5,3.19667796096926e-06,0.00420059926462444,0.999626430124647
"Sst-9","DYNC1I2",-0.00477095521515116,0.107583459308305,0.964628166928062,-0.215630660791659,0.206088750361357,5,0.0210672180572214,37.4795185592449,0.999626430124647
"Sst-9","NCAM2",-0.321749770439552,0.206284487721157,0.118821789779971,-0.726059936942316,0.0825603960632113,5,0,0,0.999626430124647
"Sst-9","XPO5",0.0118050111939785,0.12433235930781,0.924356754103583,-0.231881935162223,0.25549195755018,5,0,0,0.999626430124647
"Sst-9","NPLOC4",-0.0298706759523449,0.095393916934157,0.754182066939175,-0.216839317487498,0.157097965582808,5,0,0,0.999626430124647
"Sst-9","EPHB2",-0.0369804851220143,0.205639197623657,0.85728454882754,-0.440025906274097,0.366064936030069,5,0.0805270551212899,39.9942386001178,0.999626430124647
"Sst-9","PPP4R1",0.0527289663966723,0.0906778001929671,0.560904814215631,-0.124996256178862,0.230454188972207,5,0,0,0.999626430124647
"Sst-9","ZFYVE28",-0.0551299492354574,0.0875240899642452,0.528771039906656,-0.226674013345022,0.116414114874107,5,0,0,0.999626430124647
"Sst-9","SEMA6A",0.129343978344587,0.120976685565863,0.284995548956719,-0.107765968333532,0.366453925022706,5,0,0,0.999626430124647
"Sst-9","TGOLN2",-0.0724784804419878,0.130245594158316,0.577885847350168,-0.327755154137308,0.182798193253332,5,0,0,0.999626430124647
"Sst-9","PLBD2",-0.0919632878753536,0.119039444418574,0.439791902760803,-0.325276311675416,0.141349735924709,5,4.13583804116524e-06,0.00376653239466268,0.999626430124647
"Sst-9","ACTR3",-0.0248580254121456,0.105557776931466,0.813826788793996,-0.231747466485932,0.182031415661641,5,2.08159832365089e-06,0.00218837726660854,0.999626430124647
"Sst-9","ABCC1",-0.039302029450192,0.124391267853108,0.752036747434385,-0.283104434433558,0.204500375533174,5,0,0,0.999626430124647
"Sst-9","ZNF398",-0.0441132723802751,0.127163047465238,0.728664017152992,-0.2933482655765,0.205121720815949,5,0.0092895444784033,9.82199012547138,0.999626430124647
"Sst-9","CEP57L1",-0.052650543960457,0.119899188148217,0.660572095544279,-0.287648634506554,0.18234754658564,5,1.18247324785098e-06,0.0010334871218637,0.999626430124647
"Sst-9","BRD4",-0.146954978439459,0.0808006514798801,0.0689518587309908,-0.305321345267397,0.0114113883884789,5,0,0,0.999626430124647
"Sst-9","ZMYM5",-0.067869796884518,0.112076039352707,0.544800863582869,-0.287534797545718,0.151795203776682,5,0,0,0.999626430124647
"Sst-9","PSMD14",0.00357832393502639,0.0902107839063931,0.968359205306026,-0.17323156353863,0.180388211408682,5,9.89870307928875e-07,0.00158601212188985,0.999626430124647
"Sst-9","GOLPH3",0.0654677798650141,0.117237278316258,0.576556809973791,-0.164313063280351,0.295248623010379,5,0,0,0.999626430124647
"Sst-9","VPS26A",0.0692521383239267,0.127752279536124,0.58776241107512,-0.181137728509769,0.319642005157623,5,0.0026283222960213,2.34317913084417,0.999626430124647
"Sst-9","PLEKHA5",0.039971311616234,0.0732145080866373,0.585101706973894,-0.103526487379392,0.18346911061186,5,0,0,0.999626430124647
"Sst-9","PTPRR",0.0606973647878571,0.101237535522197,0.548803541798572,-0.137724558719244,0.259119288294958,5,0.0190971674684491,38.1431926238118,0.999626430124647
"Sst-9","ZCCHC8",-0.103460867153908,0.122017861116785,0.396484888211469,-0.342611480413417,0.1356897461056,5,0,0,0.999626430124647
"Sst-9","CBX5",-0.0293327454825182,0.121364798503416,0.809019821111309,-0.267203379540174,0.208537888575137,5,0.0156286855655565,20.2360937601044,0.999626430124647
"Sst-9","SRP9",-0.105767789257484,0.142036495684917,0.456482001553169,-0.384154205290201,0.172618626775232,5,0,0,0.999626430124647
"Sst-9","KHDC1",0.104404979129373,0.331479056121655,0.752786674800754,-0.545282032498403,0.754091990757149,5,0.409412138125621,79.4494017753434,0.999626430124647
"Sst-9","HNRNPR",0.0182522896708046,0.143372934300842,0.898697908595095,-0.262753497916674,0.299258077258283,5,0.0282039293918202,26.5951591915854,0.999626430124647
"Sst-9","IPO9",-0.0108539661500567,0.0938273034348773,0.907905957410913,-0.194752101648928,0.173044169348814,5,8.56248868512527e-07,0.00125449269774475,0.999626430124647
"Sst-9","RANBP10",0.0969364145747253,0.121840851229799,0.426265361909618,-0.141867265681383,0.335740094830833,5,0,0,0.999626430124647
"Sst-9","CKMT2-AS1",0.102895052017971,0.103647004237772,0.320834207137574,-0.100249343393532,0.306039447429473,5,0,0,0.999626430124647
"Sst-9","ATN1",0.0139559194116606,0.121977809964715,0.908909939700841,-0.225116195032252,0.253028033855573,5,1.13843303148468e-07,0.000125444641163336,0.999626430124647
"Sst-9","SLC35B4",0.0523417197595425,0.124463876219809,0.674092885176674,-0.191602995007535,0.29628643452662,5,0,0,0.999626430124647
"Sst-9","ATG12",0.032832893238845,0.129122586726375,0.799281631603882,-0.220242726335499,0.285908512813189,5,0.00126995935586139,1.13895018487542,0.999626430124647
"Sst-9","CADM4",0.203005962339678,0.209843503885577,0.333336116673783,-0.208279747665744,0.614291672345099,5,0.08582053017747,40.4340603149295,0.999626430124647
"Sst-9","ATF1",0.0233361988970519,0.106749554500906,0.826956206510885,-0.18588908329042,0.232561481084524,5,8.57954383538597e-06,0.0100313041200895,0.999626430124647
"Sst-9","VPS36",-0.0444116940490209,0.207210874167452,0.830289019776983,-0.450537544622288,0.361714156524246,5,0.119819812753286,58.496243470708,0.999626430124647
"Sst-9","VPS39",0.0426852545983,0.106610632503967,0.688873271071772,-0.166267745478511,0.251638254675111,5,0,0,0.999626430124647
"Sst-9","ARID5B",-0.0566126828170638,0.0956604115822886,0.553978563715564,-0.244103644264628,0.1308782786305,5,2.39647550211632e-07,0.000449297308262453,0.999626430124647
"Sst-9","MEAF6",0.181098846331394,0.11917455727053,0.128609028686548,-0.0524789937923499,0.414676686455138,5,0,0,0.999626430124647
"Sst-9","GLUL",0.0965402387252346,0.159515127139263,0.545039103078489,-0.216103665457048,0.409184142907517,5,0,0,0.999626430124647
"Sst-9","MAST2",0.0010044080207896,0.0898181784551676,0.991077697591163,-0.17503598690833,0.177044802949909,5,5.85925984592228e-07,0.00103289115454261,0.999626430124647
"Sst-9","GPR107",-0.122036583479434,0.105710617368922,0.248319752779102,-0.329225586306015,0.0851524193471467,5,0,0,0.999626430124647
"Sst-9","NAA15",0.042056034817547,0.131509797961042,0.749124551107499,-0.215698432800234,0.299810502435328,5,0.0297066090798342,34.9404667102229,0.999626430124647
"Sst-9","MADD",-0.0973403728927539,0.0929528477333589,0.295006597484468,-0.279524606710573,0.0848438609250651,5,0,0,0.999626430124647
"Sst-9","NETO2",-0.177533048162331,0.0851815022131411,0.0371443684920499,-0.344485724649107,-0.0105803716755559,5,2.26226185749693e-06,0.00515968020497731,0.999626430124647
"Sst-9","UBAP1L",0.0296369807018975,0.0944781803766823,0.753755529366175,-0.155536850161279,0.214810811565074,5,0.00417998750015039,7.39633202621691,0.999626430124647
"Sst-9","CAMK2N2",-0.0662426762356703,0.173902257443587,0.703263343992898,-0.407084837655312,0.274599485183972,5,0,0,0.999626430124647
"Sst-9","CUL4A",0.12442781234723,0.113263958202144,0.271957881571965,-0.097565466475423,0.346421091169883,5,0,0,0.999626430124647
"Sst-9","GLIS1",-0.0655623076782322,0.113387352773039,0.563118737751128,-0.287797435415727,0.156672820059263,5,0,0,0.999626430124647
"Sst-9","FAM204A",0.109624694545178,0.111481058798364,0.325436112675885,-0.108874165658007,0.328123554748363,5,0,0,0.999626430124647
"Sst-9","TRIT1",0.0662568424744257,0.113933415267035,0.560876543041975,-0.157048548084609,0.289562233033461,5,0,0,0.999626430124647
"Sst-9","NAV1",0.0240737845979839,0.07254488591809,0.740004981465995,-0.118111579064039,0.166259148260007,5,0.00205076698662493,6.70441315200871,0.999626430124647
"Sst-9","EXD3",0.120371141468011,0.148701008530285,0.418236592537875,-0.17107747971613,0.411819762652152,5,0.0298285286880959,26.5646631194338,0.999626430124647
"Sst-9","COPB1",-0.10218943719022,0.113217662127012,0.366742093671188,-0.324091977372988,0.119713102992547,5,0,0,0.999626430124647
"Sst-9","NUDT21",0.0491591420265696,0.176715389722397,0.780872210848113,-0.297196657343287,0.395514941396427,5,0,0,0.999626430124647
"Sst-9","ZSCAN16-AS1",0.00338238487953387,0.130933664828105,0.979390689583251,-0.25324288254739,0.260007652306458,5,0.00600126897830915,5.70797272975909,0.999626430124647
"Sst-9","AGO1",0.15877101349828,0.0964025766886692,0.0995666393133127,-0.0301745648283717,0.347716591824933,5,0,0,0.999626430124647
"Sst-9","SAFB",0.0565578841105173,0.10822125068197,0.601243259984201,-0.155551869588026,0.26866763780906,5,0,0,0.999626430124647
"Sst-9","PCNP",-0.080086892284489,0.101199960609892,0.428726500085756,-0.27843517031675,0.118261385747772,5,0,0,0.999626430124647
"Sst-9","FAM171B",0.144750588263221,0.0933528848199954,0.121003724139278,-0.0382177038368859,0.327718880363328,5,0.0027947205135129,5.21665189695663,0.999626430124647
"Sst-9","NUCB2",0.0501234052939696,0.179685062791435,0.780282098613015,-0.302052846337062,0.402299656925001,5,0.0670647635640027,43.6345438033024,0.999626430124647
"Sst-9","TFDP2",-0.11321633285673,0.143164350397824,0.429052701044908,-0.393813303506538,0.167380637793079,5,0.0538981249716587,56.1022887482176,0.999626430124647
"Sst-9","PARVA",0.0518178801216935,0.117424553599392,0.659005537477179,-0.178330015833808,0.281965776077195,5,0,0,0.999626430124647
"Sst-9","ZRANB1",0.0685692974233033,0.126795903189292,0.588655919317434,-0.179946106214937,0.317084701061543,5,0,0,0.999626430124647
"Sst-9","CASC3",0.0367707813013455,0.110212400537133,0.738654544814681,-0.179241554401139,0.25278311700383,5,0,0,0.999626430124647
"Sst-9","ARX",-0.0664079090752766,0.0983868517732925,0.49969653170576,-0.259242595103211,0.126426776952658,5,0,0,0.999626430124647
"Sst-9","XPR1",-0.0125454651080375,0.0881794564287367,0.886865184832156,-0.18537402388468,0.160283093668605,5,0,0,0.999626430124647
"Sst-9","DHX15",0.149414183651049,0.116122876159638,0.198202239463958,-0.0781824714030468,0.377010838705146,5,0,0,0.999626430124647
"Sst-9","PLAA",-0.147903761895565,0.133427859925487,0.267649241498739,-0.409417561883775,0.113610038092645,5,6.21318011295359e-07,0.000574936984926121,0.999626430124647
"Sst-9","C1D",0.27068727827351,0.126699442506526,0.0326425888413678,0.0223609340994166,0.519013622447603,5,0,0,0.999626430124647
"Sst-9","COLGALT2",-0.0632305430147528,0.148248425964024,0.66973082359101,-0.353792118668992,0.227331032639487,5,0.0148122261642883,11.4776053664069,0.999626430124647
"Sst-9","FRMD6",0.102765457854545,0.157438181306838,0.513926943645361,-0.205807707298345,0.411338623007436,5,0.0385243529187533,31.1145298141045,0.999626430124647
"Sst-9","C11orf58",0.00144384819365183,0.108309506810891,0.989363906310678,-0.21083888433899,0.213726580726294,5,0.0164720194445372,27.6272988746852,0.999626430124647
"Sst-9","BMS1",0.00657105047689629,0.114800696596186,0.954354996104181,-0.218434180251739,0.231576281205532,5,0,0,0.999626430124647
"Sst-9","KCTD20",-0.0804357140764601,0.132827494540849,0.544803487960329,-0.340772819533214,0.179901391380294,5,0,0,0.999626430124647
"Sst-9","PPP1R13B",-0.0495184136060334,0.080458337067925,0.538254871489862,-0.20721385651515,0.108177029303084,5,6.41964794602189e-05,0.148011491055371,0.999626430124647
"Sst-9","EEF1A1",0.326785606810081,0.132161291015029,0.0134123962712693,0.0677542362703065,0.585816977349855,5,0,0,0.999626430124647
"Sst-9","RAD18",0.0152520784812664,0.132904760789036,0.908635783513021,-0.245236466039156,0.275740623001689,5,0,0,0.999626430124647
"Sst-9","GLRX3",0.0411827868834763,0.116364471455587,0.723404807482487,-0.186887386249513,0.269252960016466,5,0,0,0.999626430124647
"Sst-9","DNAJC1",-0.00406921910804157,0.121014994324597,0.973175593863116,-0.241254249573571,0.233115811357488,5,0,0,0.999626430124647
"Sst-9","SAP130",0.0519892711747297,0.128737116621454,0.686329957366934,-0.200330840876854,0.304309383226313,5,0,0,0.999626430124647
"Sst-9","CTNNBL1",0.123913634848381,0.178168385575657,0.486750721929344,-0.225289984063552,0.473117253760314,5,0.0782960892952209,52.6965802979364,0.999626430124647
"Sst-9","ORMDL1",-0.0613587965968982,0.12733816727473,0.629907482258431,-0.310937018312706,0.188219425118909,5,0.00544321573690593,5.28734823237397,0.999626430124647
"Sst-9","SMARCB1",-0.245737387621095,0.267353096232547,0.358017531927925,-0.769739827392158,0.278265052149968,5,0.23230879765236,69.8449927467502,0.999626430124647
"Sst-9","PAFAH1B1",-0.0522907899184742,0.106915508078135,0.624781397060558,-0.261841335140419,0.157259755303471,5,0.0270002404388604,49.6780476075079,0.999626430124647
"Sst-9","DTNBP1",0.0495333113984822,0.125925716769011,0.694058467721062,-0.197276558196172,0.296343180993136,5,0,0,0.999626430124647
"Sst-9","FSTL1",0.104096049467642,0.131683372567206,0.429234299632515,-0.153998618126852,0.362190717062136,5,0,0,0.999626430124647
"Sst-9","URB1",0.0569358873181602,0.113259368333601,0.615172708535064,-0.165048395527453,0.278920170163773,5,0,0,0.999626430124647
"Sst-9","FAM217B",0.0366029879677522,0.152035464134408,0.809746590028004,-0.261381046108519,0.334587022044024,5,0.0225552862991535,18.9463291716892,0.999626430124647
"Sst-9","SLC10A7",0.0100322769039993,0.125940474353049,0.936508565934318,-0.236806517023867,0.256871070831866,5,0,0,0.999626430124647
"Sst-9","SWT1",-0.18221927412079,0.121531732142141,0.133781424798677,-0.420417092098154,0.0559785438565749,5,0,0,0.999626430124647
"Sst-9","SMIM12",0.0917330516580772,0.123506179149986,0.457638753730161,-0.150334611344047,0.333800714660202,5,5.06432309662136e-06,0.00472605071348763,0.999626430124647
"Sst-9","LINC00632",0.0283771570322574,0.0838077996731616,0.734912556395554,-0.135883111950687,0.192637426015202,5,0.012284386379178,35.5245810035986,0.999626430124647
"Sst-9","NIPA1",0.108343905073455,0.107536996883591,0.313692857275555,-0.102424735823979,0.319112545970888,5,0,0,0.999626430124647
"Sst-9","CCNL1",0.139706388124648,0.122038900439133,0.252304730650903,-0.0994854614489218,0.378898237698217,5,0,0,0.999626430124647
"Sst-9","SUPV3L1",0.0395331978316511,0.158115986705879,0.802566801093062,-0.270368441491885,0.349434837155188,5,0.0324378113514945,24.8693693052156,0.999626430124647
"Sst-9","CELF1",-0.117457821540705,0.0701312412266236,0.0939678294103786,-0.254912528535978,0.0199968854545678,5,0,0,0.999626430124647
"Sst-9","PHF21A",-0.0238748982261576,0.15166616543557,0.874915876282576,-0.321135120153168,0.273385323700853,5,0.0686040843212958,63.5544423595298,0.999626430124647
"Sst-9","KLF7",-0.0299307449921186,0.12915565250959,0.816738673957069,-0.283071172310686,0.223209682326449,5,0,0,0.999626430124647
"Sst-9","IDH3A",-0.197957693391573,0.267353960326864,0.459037304743941,-0.721961826756377,0.326046439973231,5,0.24031047031399,71.7825884039467,0.999626430124647
"Sst-9","NUTM2B-AS1",-0.0498806251689101,0.0886220948973791,0.573539496028696,-0.223576739402264,0.123815489064444,5,1.0553745137319e-06,0.00183460251648764,0.999626430124647
"Sst-9","ZNF277",0.152078251144222,0.114515002615585,0.184171392070302,-0.0723670296718351,0.376523531960279,5,2.91551836792622e-06,0.00351257251873397,0.999626430124647
"Sst-9","NEK10",-0.10792090478547,0.066446187968086,0.104336321662305,-0.238153040112897,0.0223112305419571,5,0,0,0.999626430124647
"Sst-9","SLAIN1",0.161056177340746,0.267080375174698,0.546491973206714,-0.362411738979108,0.684524093660599,5,0.27878549488385,82.0069676660354,0.999626430124647
"Sst-9","CRTAC1",-0.188722592741541,0.161601472962976,0.242876481449253,-0.505455659597598,0.128010474114516,5,0.0406270587936991,30.9622975741077,0.999626430124647
"Sst-9","PRKD1",0.360337363299873,0.21811170902876,0.0985188312437656,-0.0671537310029757,0.787828457602722,5,0.0854416775335058,36.8126567307764,0.999626430124647
"Sst-9","SRGAP2B",0.0314577417163715,0.113070287067497,0.780848055445653,-0.190155948657528,0.253071432090271,5,0.0082339691243735,11.3705482210432,0.999626430124647
"Sst-9","ZFX",0.0158329121057214,0.123476652691781,0.897970157967007,-0.22617688010173,0.257842704313173,5,0,0,0.999626430124647
"Sst-9","DTWD2",0.100943152402381,0.140017926682482,0.470952458637622,-0.173486941085254,0.375373245890017,5,0,0,0.999626430124647
"Sst-9","WDR44",0.00027362002893327,0.111282500384337,0.998038173334704,-0.217836072833932,0.218383312891799,5,0,0,0.999626430124647
"Sst-9","PLA2R1",-0.149039392311632,0.116947491321125,0.202517120669956,-0.378252263383347,0.0801734787600842,5,0.0104813385934391,13.8772803889551,0.999626430124647
"Sst-9","PNMA3",-0.202935411313242,0.137590134384345,0.140232156462755,-0.472607119334585,0.0667362967081011,5,0,0,0.999626430124647
"Sst-9","MTHFD2L",0.0413841342868419,0.229337197703001,0.856798493086781,-0.408108513526382,0.490876782100066,5,0.13269336778426,53.1518324145075,0.999626430124647
"Sst-9","ABLIM3",-0.000250229569464358,0.104414888569331,0.998087876913347,-0.204899650615117,0.204399191476188,5,0,0,0.999626430124647
"Sst-9","MAP3K9",-0.027050710377465,0.0892417719027496,0.761800594905057,-0.201961369223393,0.147859948468463,5,3.14528920643948e-08,4.23792026510006e-05,0.999626430124647
"Sst-9","COL26A1",-0.109212416842275,0.116190602162644,0.3472473569065,-0.336941812423079,0.11851697873853,5,0,0,0.999626430124647
"Sst-9","TSPAN3",0.05951382141106,0.109566875361784,0.587010361510179,-0.155233308196627,0.274260951018746,5,0,0,0.999626430124647
"Sst-9","MDM4",-0.0149079176769375,0.0951587952668809,0.875509990353935,-0.201415729212245,0.17159989385837,5,0,0,0.999626430124647
"Sst-9","FAN1",-0.0415349943222481,0.113894307855577,0.715350170775205,-0.264763735763297,0.1816937471188,5,0,0,0.999626430124647
"Sst-9","RAD21",0.0947466571799826,0.150639090004115,0.529372222547505,-0.20050053389197,0.389993848251935,5,0.0205830700486199,16.5013333445902,0.999626430124647
"Sst-9","TUBGCP3",-0.0337766358281163,0.0976365219384758,0.729385825254976,-0.225140702403284,0.157587430747051,5,0,0,0.999626430124647
"Sst-9","CNOT9",0.079953027769733,0.133454648319976,0.549104463086495,-0.18161327650688,0.341519332046346,5,0,0,0.999626430124647
"Sst-9","DSE",0.0765086037621882,0.128073103911469,0.550252176778752,-0.174510067292547,0.327527274816924,5,0.00405088557413135,4.1365509982214,0.999626430124647
"Sst-9","COA1",0.0366311991678861,0.0854470658773474,0.668141202667988,-0.130841972536336,0.204104370872108,5,0,0,0.999626430124647
"Sst-9","MAPT",0.104735279380001,0.0651455255462592,0.107898147382413,-0.0229476044446009,0.232418163204603,5,1.25576056442739e-07,0.000417784021657992,0.999626430124647
"Sst-9","VPS50",0.0448549860165307,0.113903067606064,0.693728976714755,-0.178390924219986,0.268100896253048,5,0.0214256295325573,33.1355238564631,0.999626430124647
"Sst-9","PGM3",0.136809329100492,0.112354158427051,0.223352646679727,-0.0834007749298363,0.35701943313082,5,0,0,0.999626430124647
"Sst-9","YWHAB",-0.00502480587197866,0.107560374428644,0.962739463850059,-0.215839265915764,0.205789654171807,5,0,0,0.999626430124647
"Sst-9","FAM185A",0.0544325341681982,0.140616126397046,0.698682011042975,-0.221170009215543,0.33003507755194,5,0.0267862473179311,25.964923410009,0.999626430124647
"Sst-9","USP32",-0.040057105941377,0.0799794058437083,0.61648179311737,-0.196813860899958,0.116699649017204,5,0.000492296987758725,1.17013097133478,0.999626430124647
"Sst-9","EIF4B",0.018992954017497,0.112316025028759,0.865715784666786,-0.201142409925569,0.239128317960563,5,3.60678654399661e-07,0.000427182436333967,0.999626430124647
"Sst-9","SNU13",-0.191855830419404,0.162434657992301,0.237552593019196,-0.510221909925396,0.126510249086588,5,0,0,0.999626430124647
"Sst-9","STRN",-0.058325354685859,0.0890277582033112,0.512379723504525,-0.232816554388689,0.116165845016971,5,0,0,0.999626430124647
"Sst-9","CACNA2D2",-0.0326330042011796,0.112379413179314,0.771523703340207,-0.252892606636381,0.187626598234021,5,0,0,0.999626430124647
"Sst-9","IFNGR2",0.0751365868322656,0.137951409481741,0.585987519264186,-0.195243207368485,0.345516381033016,5,0.0138116079579794,12.506171816346,0.999626430124647
"Sst-9","SLC17A5",-0.184309840322992,0.155740555599062,0.236634209130787,-0.489555720229411,0.120936039583426,5,0.0294366198695959,23.1492388690362,0.999626430124647
"Sst-9","PCSK5",0.10982313531989,0.161571160233103,0.496681823565872,-0.206850519677343,0.426496790317123,5,0.0311253070458043,23.7072724980048,0.999626430124647
"Sst-9","YWHAQ",-0.0233967076406177,0.134955891045711,0.862364070925962,-0.287905393591724,0.241111978310488,5,0.017336759654648,17.7166715033329,0.999626430124647
"Sst-9","ZNF33A",0.105212599698873,0.0961315825440236,0.273751330352395,-0.0832018398642525,0.293627039261999,5,0,0,0.999626430124647
"Sst-9","KANSL3",0.0270019419185114,0.0968326082949391,0.780358601043177,-0.162786482868644,0.216790366705666,5,1.66721864986257e-06,0.00222066848001064,0.999626430124647
"Sst-9","CTNND2",0.0204806885269525,0.0538540261226991,0.703722702546774,-0.085071263096017,0.126032640149922,5,0.00144335171910298,9.03393984802396,0.999626430124647
"Sst-9","THY1",-0.0745796311291028,0.104890888277607,0.477071182120573,-0.280161994459627,0.131002732201422,5,0,0,0.999626430124647
"Sst-9","TSGA10",0.0385025176073464,0.0910152114791462,0.672270545870241,-0.139884018937077,0.216889054151769,5,0.00168335807697957,2.82791043721261,0.999626430124647
"Sst-9","API5",0.0841531343758126,0.147524646286665,0.56838309746085,-0.204989859178062,0.373296127929687,5,0,0,0.999626430124647
"Sst-9","FAM193B",-0.11713035188984,0.104116953147575,0.260594001307437,-0.32119583023913,0.0869351264594507,5,3.26830136890818e-08,3.72365378735367e-05,0.999626430124647
"Sst-9","TYW1B",0.180905876793451,0.109059037818662,0.097158420257647,-0.0328459095197179,0.39465766310662,5,0,0,0.999626430124647
"Sst-9","MAP9",-0.00548306347354724,0.10838385085503,0.959652786863923,-0.217911507655168,0.206945380708073,5,0,0,0.999626430124647
"Sst-9","GMPS",-0.0172046612630693,0.102453419775655,0.86664097111772,-0.218009674116318,0.183600351590179,5,0,0,0.999626430124647
"Sst-9","TMEM67",0.0299340580944968,0.120953951230897,0.804534373601813,-0.207131330105876,0.266999446294869,5,0,0,0.999626430124647
"Sst-9","TSG101",-0.182030546471304,0.123268862880316,0.139757341267276,-0.423633078131929,0.059571985189321,5,0,0,0.999626430124647
"Sst-9","C1orf159",0.0412181255382747,0.1299570075518,0.751116588739962,-0.213492928801854,0.295929179878403,5,0,0,0.999626430124647
"Sst-9","ERGIC1",-0.137547095822791,0.0964276414303301,0.153744811919227,-0.32654180014038,0.0514476084947985,5,0,0,0.999626430124647
"Sst-9","WDR59",0.0685716699579975,0.120156675376979,0.568212863104165,-0.166931086282953,0.304074426198948,5,0.0128610314802625,16.7619171548342,0.999626430124647
"Sst-9","SLC26A4",0.0588864867053589,0.125552730541855,0.639056791942348,-0.187192343317338,0.304965316728056,5,0,0,0.999626430124647
"Sst-9","OTUD4",-0.0683631162321373,0.100966459584688,0.498350511448359,-0.266253740664645,0.129527508200371,5,0,0,0.999626430124647
"Sst-9","DECR1",0.0790705862191412,0.139489699891229,0.570811957301263,-0.194324201781969,0.352465374220251,5,0.0154234351108043,14.5050079365429,0.999626430124647
"Sst-9","HINT3",0.342893538988892,0.12001989889278,0.00427703022493457,0.107658859730905,0.578128218246879,5,0.000401990004199957,0.3927960866253,0.999626430124647
"Sst-9","IGSF8",0.0136942659976729,0.12458615649015,0.912474376242321,-0.230490113695293,0.257878645690639,5,0.0107311046844983,12.5526432582224,0.999626430124647
"Sst-9","OPTN",0.0362948907672519,0.115082568296011,0.752472158265052,-0.189262798341301,0.261852579875805,5,0,0,0.999626430124647
"Sst-9","SUPT16H",0.112803584589999,0.189108661446289,0.550840307280847,-0.257842581009306,0.483449750189303,5,0.0875050806819271,52.7979298094174,0.999626430124647
"Sst-9","NSFL1C",0.00930709291802288,0.133624465320213,0.944471352300846,-0.252592046563015,0.271206232399061,5,4.01569638901721e-07,0.000385174415305731,0.999626430124647
"Sst-9","ALS2",-0.0236941632458701,0.0872826825096854,0.786033681029141,-0.194765077438898,0.147376750947157,5,0,0,0.999626430124647
"Sst-9","WTAP",0.0458918353699826,0.107370770323692,0.669077371639187,-0.164551007456777,0.256334678196742,5,0,0,0.999626430124647
"Sst-9","MAP1B",-0.0859730773572575,0.0603570147724793,0.154328099406131,-0.204270652525669,0.032324497811154,5,0,0,0.999626430124647
"Sst-9","CAPZB",-0.0971139514649053,0.0701842328221778,0.16645020914553,-0.234672520078948,0.0404446171491371,5,0,0,0.999626430124647
"Sst-9","GAPDH",0.221968265033951,0.138415162261466,0.108793150779103,-0.0493204679127904,0.493256997980693,5,0,0,0.999626430124647
"Sst-9","LMBRD1",0.0443082370314965,0.0741353300864808,0.550062178480906,-0.100994339919995,0.189610813982987,5,0,0,0.999626430124647
"Sst-9","ASAP2",-0.190710896842358,0.110753730262593,0.0850810119792698,-0.407784219310504,0.0263624256257868,5,0,0,0.999626430124647
"Sst-9","GTF2IRD1",-0.0920329237349402,0.113814731372966,0.418733475752833,-0.315105698136055,0.131039850666174,5,0.00686800678312401,8.35657085433058,0.999626430124647
"Sst-9","ABHD12",-0.00613954399106329,0.102612418554654,0.952289145790854,-0.207256188724735,0.194977100742609,5,0,0,0.999626430124647
"Sst-9","SMAD1",0.0314950342886075,0.122834469406499,0.797640250949337,-0.209256101808218,0.272246170385433,5,0,0,0.999626430124647
"Sst-9","MMP24",0.147291406586105,0.111222245932512,0.185404068403936,-0.0707001897212751,0.365283002893486,5,5.51020962368603e-06,0.00659970513822935,0.999626430124647
"Sst-9","SERF2",0.203205709859374,0.166537670475659,0.22239715867782,-0.123202126342117,0.529613546060865,5,0,0,0.999626430124647
"Sst-9","CNN3",0.00465956913849997,0.12406694030564,0.970040975893548,-0.238507165532636,0.247826303809636,5,0,0,0.999626430124647
"Sst-9","MAFB",-0.207707421473482,0.140415415719174,0.139077472608522,-0.482916579157281,0.067501736210318,5,0,0,0.999626430124647
"Sst-9","HMGCS1",0.0361774365776684,0.141814592398971,0.798642955623674,-0.241774057006542,0.314128930161879,5,0.00587225781769624,5.19580198218046,0.999626430124647
"Sst-9","DNASE1",-0.0876495611775672,0.122675395076779,0.474928177167176,-0.328088917317275,0.152789794962141,5,6.71036988918049e-07,0.000766573434237297,0.999626430124647
"Sst-9","PNPLA7",0.060669495672717,0.112095991337143,0.588350400561223,-0.159034610159397,0.280373601504831,5,0,0,0.999626430124647
"Sst-9","KLHL5",-0.0839245687354206,0.0680725844553966,0.217624699848564,-0.217344382602559,0.0494952451317178,5,0,0,0.999626430124647
"Sst-9","PSMA1",0.0723934980875692,0.126484732151604,0.567085087732251,-0.17551202152377,0.320299017698909,5,0.00676055252552209,7.73129648457939,0.999626430124647
"Sst-9","MAP3K13",-0.0855918253101439,0.0710298445308257,0.228198613463684,-0.224807762418042,0.0536241117977538,5,0,0,0.999626430124647
"Sst-9","MAP7D1",-0.142245975124932,0.121683642221785,0.242410924427513,-0.380741531387287,0.0962495811374244,5,0,0,0.999626430124647
"Sst-9","DHX9",0.00979252062108853,0.0973170151163571,0.91984818313309,-0.180945324089911,0.200530365332088,5,0,0,0.999626430124647
"Sst-9","COLQ",-0.0933843616604343,0.132681465200926,0.48154256350464,-0.353435254870254,0.166666531549385,5,0.00844261342462895,8.32566616169591,0.999626430124647
"Sst-9","ZBTB43",0.0617288460874657,0.119054819379305,0.60411577456947,-0.171614312081893,0.295072004256825,5,0.00445705276438635,4.18201972048036,0.999626430124647
"Sst-9","TSHZ3",-0.0402868939245065,0.111107064557303,0.716907258587188,-0.258052738884787,0.177478951035774,5,0.0253241734818306,42.7151698460861,0.999626430124647
"Sst-9","EDRF1",-0.0598636312308491,0.112805125654175,0.595639274932713,-0.280957614784547,0.161230352322849,5,0,0,0.999626430124647
"Sst-9","YPEL3",-0.0275814315835176,0.114139963913898,0.809054707053544,-0.25129165005146,0.196128786884425,5,5.26527995979883e-06,0.00706195737378497,0.999626430124647
"Sst-9","SNX19",0.0185527472208294,0.17698348670319,0.916512640139426,-0.328328512575747,0.365434007017406,5,0.055905592178391,36.4613168500185,0.999626430124647
"Sst-9","AZIN1",0.186755334240439,0.112158658696209,0.0958928927410897,-0.0330715973584507,0.406582265839329,5,0,0,0.999626430124647
"Sst-9","GHITM",0.000802282145780307,0.140275402869025,0.995436655075675,-0.274132455394356,0.275737019685916,5,0,0,0.999626430124647
"Sst-9","VLDLR-AS1",-0.0293196292792477,0.15095586875096,0.845998537910739,-0.325187695286085,0.26654843672759,5,0.00456553301728702,3.72107890306096,0.999626430124647
"Sst-9","AGTPBP1",0.058980863392529,0.0635889045527397,0.353649409310176,-0.0656510993471959,0.183612826132254,5,0,0,0.999626430124647
"Sst-9","PSMB1",0.18539036685481,0.140542363344872,0.187133458482727,-0.0900676036032813,0.460848337312901,5,0.00832400523346909,6.66002125335966,0.999626430124647
"Sst-9","TTYH3",0.0404822550448786,0.119693946928272,0.735201381980142,-0.194113570101983,0.27507808019174,5,0,0,0.999626430124647
"Sst-9","KIFAP3",0.0372781036727346,0.117186886324865,0.750402901308443,-0.19240397298439,0.266960180329859,5,0.0250928813765516,37.0701862158377,0.999626430124647
"Sst-9","YPEL5",0.109470745819356,0.129540197900735,0.398070848625662,-0.144423376616275,0.363364868254987,5,0,0,0.999626430124647
"Sst-9","MNAT1",0.0437975832598832,0.0723543550146434,0.544965981106689,-0.0980143466934428,0.185609513213209,5,0,0,0.999626430124647
"Sst-9","AMMECR1",-0.082239452065682,0.113722309619757,0.469581446575979,-0.305131083159119,0.140652179027755,5,0.00954117353679398,13.3272095358671,0.999626430124647
"Sst-9","TSPOAP1",-0.0597381669650451,0.101889189762783,0.557670403048728,-0.259437309314067,0.139960975383977,5,0,0,0.999626430124647
"Sst-9","SIAH3",0.0541097368141971,0.194232633512935,0.780565543781254,-0.326579229493523,0.434798703121917,5,0.0850701668052149,47.1033649366552,0.999626430124647
"Sst-9","CAP2",-0.170247402960902,0.114885856697148,0.138371417637892,-0.395419544420343,0.0549247384985382,5,0.0227802500373353,35.1631926347386,0.999626430124647
"Sst-9","ST6GALNAC3",0.0976207686211901,0.147639240595599,0.50847666604556,-0.191746825651028,0.386988362893408,5,0.0563394157697961,54.1652526602331,0.999626430124647
"Sst-9","DCUN1D5",-0.0707432482940563,0.130850125393721,0.588753441929011,-0.327204781438299,0.185718284850186,5,0,0,0.999626430124647
"Sst-9","PRPSAP2",-0.0428211585239879,0.133178570659833,0.747807343799499,-0.303846360529783,0.218204043481807,5,0.00723833126920594,6.93360849773267,0.999626430124647
"Sst-9","TECPR2",0.00454404857207427,0.113687152673259,0.968117232486234,-0.218278676172419,0.227366773316568,5,0,0,0.999626430124647
"Sst-9","OSGEP",0.0620319074956256,0.126608852254093,0.624169837559954,-0.18611688304635,0.310180698037601,5,6.77527271922914e-06,0.00626749738160859,0.999626430124647
"Sst-9","KLHL7",-0.0171619986044572,0.168028093516903,0.918647397999493,-0.346491010288515,0.312167013079601,5,0.0731803086529287,55.2609237145116,0.999626430124647
"Sst-9","NISCH",0.106380574459244,0.0961707890709785,0.268655947795767,-0.0821107084846723,0.29487185740316,5,0,0,0.999626430124647
"Sst-9","DTNA",-0.0166291510778602,0.0598116322354417,0.780992885118042,-0.133857796115881,0.10059949396016,5,0,0,0.999626430124647
"Sst-9","PDE8B",0.000452272171459537,0.115901555979614,0.996886495060218,-0.226710603300736,0.227615147643655,5,0,0,0.999626430124647
"Sst-9","STX12",0.0347645259509321,0.0825337736569973,0.673597539307794,-0.126998697924963,0.196527749826827,5,0,0,0.999626430124647
"Sst-9","GNG4",-0.096542107054165,0.154814791711286,0.532891995380358,-0.399973523082356,0.206889308974026,5,0.0258213467453588,20.7206433429302,0.999626430124647
"Sst-9","CRYL1",0.0980063441015922,0.098465582088525,0.319572847228111,-0.0949826505086891,0.290995338711873,5,0,0,0.999626430124647
"Sst-9","DIRC3",0.0090155667383681,0.152050881587601,0.952718664124102,-0.288998684990894,0.30702981846763,5,1.84470667386293e-06,0.00152947884543107,0.999626430124647
"Sst-9","TAMM41",-0.186200978201097,0.167590596937531,0.266548252162316,-0.514672512346226,0.142270555944031,5,0.0535921751795192,39.0010896705901,0.999626430124647
"Sst-9","GRK4",-0.0509305304187098,0.217409075140814,0.814782135863582,-0.477044487606868,0.375183426769448,5,0.157284997623754,70.9862997153459,0.999626430124647
"Sst-9","GALK2",-0.0723061468871599,0.093707499786024,0.440342269716799,-0.255969471549062,0.111357177774742,5,0,0,0.999626430124647
"Sst-9","RBMX",0.0328895285325478,0.105508378356922,0.755250036132665,-0.173903093114244,0.23968215017934,5,0,0,0.999626430124647
"Sst-9","DCUN1D2",-0.0531281549511805,0.11047412378567,0.630580181613867,-0.269653458794714,0.163397148892353,5,0,0,0.999626430124647
"Sst-9","SLC1A4",0.0415260263132743,0.121284693121207,0.7320613822434,-0.196187604080284,0.279239656706832,5,8.54677802988021e-06,0.00806301326384558,0.999626430124647
"Sst-9","ACTR3B",-0.231626016449119,0.0850707182846524,0.00647416779899836,-0.39836156042599,-0.0648904724722467,5,0,0,0.999626430124647
"Sst-9","LRRFIP1",-0.103003971492489,0.0691207680053773,0.13617088437074,-0.238478187366777,0.0324702443817984,5,0,0,0.999626430124647
"Sst-9","MTCH2",0.00407988528478419,0.120038678315953,0.972886648797553,-0.231191600966273,0.239351371535841,5,0,0,0.999626430124647
"Sst-9","GTF2H1",-0.0190467184351143,0.111457059969891,0.864311519447991,-0.237498541798821,0.199405104928593,5,2.61457955994367e-07,0.000260489985975561,0.999626430124647
"Sst-9","GLIS3",-0.018666977802662,0.100379964469862,0.852473632587302,-0.215408092933001,0.178074137327677,5,0,0,0.999626430124647
"Sst-9","UBR2",0.0230116513013741,0.067048194001248,0.731440026233914,-0.108400394169527,0.154423696772275,5,0,0,0.999626430124647
"Sst-9","SLAIN2",-0.0251638827814852,0.119382039780885,0.833055439141322,-0.259148381152947,0.208820615589977,5,0,0,0.999626430124647
"Sst-9","MYO1D",-0.144121089196141,0.107920652341169,0.181733795188743,-0.355641680972901,0.0673995025806189,5,0,0,0.999626430124647
"Sst-9","NNT",-0.171616972759441,0.12714681679933,0.177094782942587,-0.42082015443504,0.0775862089161589,5,0.0331669118031455,42.1891984782703,0.999626430124647
"Sst-9","NUP88",-0.0386272228464934,0.11135637504504,0.728681988861222,-0.256881707383706,0.179627261690719,5,0,0,0.999626430124647
"Sst-9","WBP2",-0.012213638872133,0.155881499847611,0.937547995369053,-0.317735764429537,0.293308486685271,5,0,0,0.999626430124647
"Sst-9","NPTX1",-0.0839169361914447,0.153694218827118,0.585066417052126,-0.385152069724613,0.217318197341724,5,4.0586192709931e-07,0.000274135111876425,0.999626430124647
"Sst-9","GIPC1",0.0755019075018608,0.131661033790071,0.566335480406293,-0.182548976893989,0.33355279189771,5,2.31556115258987e-06,0.00192580607717131,0.999626430124647
"Sst-9","PHLPP2",-0.170314740411666,0.0896448474528388,0.0574484480605459,-0.346015412818817,0.00538593199548568,5,0,0,0.999626430124647
"Sst-9","GRIK5",-0.112479531043844,0.118131112785359,0.341016656238444,-0.344012257556787,0.1190531954691,5,0,0,0.999626430124647
"Sst-9","PPM1H",-0.1192595398144,0.0981943696311407,0.224547219622758,-0.311716967776049,0.0731978881472494,5,0,0,0.999626430124647
"Sst-9","VDAC3",-0.0786511067671905,0.129361398332312,0.543190670172318,-0.332194788488262,0.174892574953881,5,0.0158539467804045,17.6701501138353,0.999626430124647
"Sst-9","SETBP1",-0.0597932572443488,0.0901589644186287,0.507203664451333,-0.236501580388289,0.116915065899592,5,0.0191254269364675,50.2653864586842,0.999626430124647
"Sst-9","USP54",0.00446233267435894,0.131071359949941,0.972841216632454,-0.252432812232211,0.261357477580929,5,0.0248570208196198,28.7229251233596,0.999626430124647
"Sst-9","DGKI",-0.0118525759703458,0.0743253498874937,0.873299520617944,-0.157527584888172,0.13382243294748,5,0.00612106639762527,20.8059544035918,0.999626430124647
"Sst-9","MBTD1",-0.0224902661981388,0.147098374801469,0.878482900774896,-0.310797782993392,0.265817250597114,5,0.037050675700075,34.3981628476122,0.999626430124647
"Sst-9","QTRT1",0.106034008467234,0.197156891238727,0.590704512544462,-0.280386397664552,0.492454414599019,5,0.0937781648350416,50.1885807715828,0.999626430124647
"Sst-9","KANTR",-0.047162454147284,0.0855872997932743,0.581602822720896,-0.214910479276134,0.120585570981566,5,0,0,0.999626430124647
"Sst-9","ANKRD10",-0.00619542580523471,0.10011994900043,0.950658367923935,-0.202426919980065,0.190036068369595,5,0,0,0.999626430124647
"Sst-9","CORO2B",-0.165856679525883,0.137182036001188,0.226652769169255,-0.434728529414089,0.103015170362322,5,0.0479397240336152,54.6079076550494,0.999626430124647
"Sst-9","PDZD2",0.0447585420966682,0.15013951808141,0.765616920160576,-0.249509505999096,0.339026590192432,5,0.018769343511546,15.497339912296,0.999626430124647
"Sst-9","RABEP1",0.0374098286562263,0.0692317239501942,0.588951035404815,-0.0982818568737733,0.173101514186226,5,0,0,0.999626430124647
"Sst-9","SPIRE1",-0.100111124066296,0.0605887930348215,0.098472530476983,-0.218862976281298,0.0186407281487051,5,0,0,0.999626430124647
"Sst-9","PGAM1",-0.277938954670944,0.259593933838255,0.284318672474003,-0.786733715598998,0.23085580625711,5,0.198982696062885,63.123476207941,0.999626430124647
"Sst-9","NAA16",-0.116087112052121,0.14714214840704,0.430143955284846,-0.404480423537768,0.172306199433525,5,0.045209342165259,43.838403618112,0.999626430124647
"Sst-9","NCOA6",0.00552772732914246,0.0826985155977508,0.946707552936772,-0.156558384817373,0.167613839475658,5,0,0,0.999626430124647
"Sst-9","LHPP",-0.0868191231856761,0.0986995627851441,0.379059634527545,-0.280266711534408,0.106628465163056,5,0,0,0.999626430124647
"Sst-9","ME1",-0.0749556699921621,0.0819470085437639,0.360357210365731,-0.235568855378735,0.0856575153944112,5,0,0,0.999626430124647
"Sst-9","EXOC7",-0.134218592815276,0.118976255879507,0.259272441431301,-0.367407769354531,0.0989705837239783,5,0,0,0.999626430124647
"Sst-9","CNOT7",-0.0258663057837801,0.207799129134863,0.900937253505913,-0.433145114906899,0.381412503339339,5,0.0954545399080866,46.3172660293172,0.999626430124647
"Sst-9","LYPLAL1",0.118027729964745,0.14205059662504,0.406038518718835,-0.160386323402759,0.39644178333225,5,0.021618438566019,20.3679131134745,0.999626430124647
"Sst-9","SOCS7",-0.0369590445916433,0.106791805290004,0.729278817255672,-0.246267136804064,0.172349047620778,5,0,0,0.999626430124647
"Sst-9","TMEM150C",0.103890745038254,0.122681179961132,0.397086969437456,-0.136559949266442,0.34434143934295,5,0.0142135422319178,17.5008059185299,0.999626430124647
"Sst-9","TMEM145",0.161112835312656,0.113958991724335,0.157426785972993,-0.0622426841815388,0.38446835480685,5,0,0,0.999626430124647
"Sst-9","RAPGEFL1",0.0137833892322764,0.120781964767524,0.909144299594705,-0.222944911694056,0.250511690158609,5,0.00129603302602532,1.24026050300303,0.999626430124647
"Sst-9","EZH1",0.117987583229691,0.107808298749437,0.273770714948184,-0.0933127995537403,0.329287966013123,5,2.4426171088761e-06,0.00308508077600742,0.999626430124647
"Sst-9","FAM110B",0.00741824421298452,0.077618108062192,0.923859210828502,-0.14471045213705,0.159546940563019,5,0,0,0.999626430124647
"Sst-9","SH3KBP1",-0.0661287749833962,0.0953177692202233,0.487825365325648,-0.252948169741734,0.120690619774942,5,0.0121293106832462,25.972492020031,0.999626430124647
"Sst-9","AGO2",-0.0448989937767795,0.143275254943734,0.753995188227718,-0.325713333342293,0.235915345788734,5,0.0240006736350394,22.194265722685,0.999626430124647
"Sst-9","CNTNAP3",-0.0175315114569024,0.105448617308775,0.867955146669633,-0.224207003601648,0.189143980687843,5,0.00988369966293955,15.160105089907,0.999626430124647
"Sst-9","MSL1",-0.191034332565809,0.118943722937258,0.108254120872931,-0.424159745709945,0.0420910805783263,5,0.0074169685932395,8.46154122551601,0.999626430124647
"Sst-9","RBMS1",0.0314765266612438,0.0780846748162489,0.68686906234481,-0.121566623723126,0.184519677045613,5,5.16704722709111e-06,0.013192014752902,0.999626430124647
"Sst-9","SLC7A14",0.0386152156854122,0.111687429925222,0.729535403883979,-0.180288124493863,0.257518555864687,5,0.00867065808757845,12.8849136029641,0.999626430124647
"Sst-9","PAIP2",-0.00502853255620683,0.102661288017176,0.960933816490194,-0.206240959676366,0.196183894563952,5,0,0,0.999626430124647
"Sst-9","ACTR10",-0.0136302068022901,0.103172039209015,0.894896146383433,-0.215843687863513,0.188583274258933,5,0,0,0.999626430124647
"Sst-9","SH3BP5",-0.104678283545467,0.101826265146666,0.303945748736189,-0.30425409591316,0.0948975288222254,5,0,0,0.999626430124647
"Sst-9","RPS3",-0.0907733436018171,0.213352457409488,0.670499984394361,-0.508936476137529,0.327389788933894,5,0.116996318527224,54.2480111849336,0.999626430124647
"Sst-9","CEP68",-0.176232361266073,0.107085809061738,0.0998231436820315,-0.386116690282413,0.0336519677502662,5,0,0,0.999626430124647
"Sst-9","TMEM30A",0.184776625071425,0.12914931226896,0.152510210213012,-0.0683513756038542,0.437904625746705,5,0.0219130260943415,25.6306163168623,0.999626430124647
"Sst-9","TMOD3",-0.173882815154889,0.103741107971125,0.0937141816986216,-0.377211650494575,0.0294460201847974,5,0,0,0.999626430124647
"Sst-9","MED28",0.13857834346807,0.208467271177246,0.506211251737925,-0.270009999994677,0.547166686930817,5,0.113250286065569,55.7633181681471,0.999626430124647
"Sst-9","VCL",0.0414932982357976,0.0986390714428681,0.6740049550003,-0.151835729260697,0.234822325732292,5,0,0,0.999626430124647
"Sst-9","CENPP",0.189136199757333,0.152810880809199,0.215822045529833,-0.11036762307454,0.488640022589205,5,0.036114600445675,30.7077812991787,0.999626430124647
"Sst-9","BRSK2",-0.128043124838057,0.10500267290784,0.222682057376154,-0.333844582017863,0.0777583323417498,5,0,0,0.999626430124647
"Sst-9","MAPKAPK5",0.00174605616791146,0.110628054367858,0.987407412810621,-0.21508094607283,0.218573058408653,5,0,0,0.999626430124647
"Sst-9","LMO4",0.125099671146172,0.131867405949164,0.342784544657076,-0.133355695248911,0.383555037541255,5,0,0,0.999626430124647
"Sst-9","MAN1C1",-0.053983376024872,0.113172213204404,0.633360672411269,-0.275796837956192,0.167830085906448,5,0,0,0.999626430124647
"Sst-9","CHD5",-0.0398654878791052,0.0895042427064212,0.656028305127209,-0.215290580047223,0.135559604289012,5,3.26793629873169e-06,0.00654269695922981,0.999626430124647
"Sst-9","APBB2",-0.141883442844169,0.0739805310510754,0.0551302370993939,-0.286882619261424,0.00311573357308567,5,0,0,0.999626430124647
"Sst-9","TNRC6A",0.0359446253813843,0.0786593693131818,0.647695776018737,-0.118224905519087,0.190114156281856,5,0.0122371047308199,41.1775543863313,0.999626430124647
"Sst-9","AHDC1",-0.131916771764583,0.117563551150133,0.261824585166096,-0.362337097913476,0.0985035543843112,5,0,0,0.999626430124647
"Sst-9","KRR1",-0.172733969424896,0.121502375871597,0.155127602819225,-0.410874250169275,0.0654063113194827,5,0,0,0.999626430124647
"Sst-9","PTPN2",-0.0160111815689991,0.111927478592436,0.886251005110597,-0.235385008490551,0.203362645352552,5,0,0,0.999626430124647
"Sst-9","THRA",0.131624687476648,0.131863217822772,0.318186712231559,-0.126822470341544,0.390071845294841,5,0,0,0.999626430124647
"Sst-9","FRMPD4",0.0699166285004162,0.0547394657284449,0.201509835343114,-0.0373707528603004,0.177204009861133,5,0,0,0.999626430124647
"Sst-9","UBE2O",-0.059301923856719,0.0788352892423358,0.451915392586243,-0.213816251482495,0.095212403769057,5,0,0,0.999626430124647
"Sst-9","SULT4A1",-0.176418514681731,0.0993426575868031,0.0757562230464058,-0.37112654568036,0.0182895163168977,5,0,0,0.999626430124647
"Sst-9","FEZ2",0.0947833923602223,0.105498168932276,0.368952951756287,-0.111989219181962,0.301556003902406,5,0,0,0.999626430124647
"Sst-9","BAZ1B",-0.0818615799791289,0.113155759293791,0.469408640559309,-0.303642792838244,0.139919632879986,5,0.00699847689016793,8.16371286508819,0.999626430124647
"Sst-9","GAK",-0.0924067867998364,0.131699752294989,0.482899092998942,-0.35053355807086,0.165719984471187,5,0.0163167900141836,16.6299625933047,0.999626430124647
"Sst-9","UBE2E1",-0.111492471052408,0.104838627054918,0.287570002890863,-0.316972404268674,0.0939874621638567,5,0,0,0.999626430124647
"Sst-9","SLC4A10",0.0194581653482446,0.0752855198226576,0.796053249328787,-0.128098742061541,0.16701507275803,5,0.00907500813755939,32.3558120491264,0.999626430124647
"Sst-9","AK5",0.117288010480648,0.119018966540652,0.324399903912658,-0.115984877416208,0.350560898377503,5,0,0,0.999626430124647
"Sst-9","RAI1",-0.0919609294141619,0.160607572447174,0.566928069062302,-0.40674598705503,0.222824128226706,5,0.0572068930091815,47.1233305764946,0.999626430124647
"Sst-9","SLF2",-0.0441427666147695,0.105578094171534,0.67587008940933,-0.251072028747353,0.162786495517814,5,0.00233564525210559,3.43723423568839,0.999626430124647
"Sst-9","ZBBX",-0.197083344509756,0.164137679893653,0.229859952680983,-0.518787285607279,0.124620596587768,5,0,0,0.999626430124647
"Sst-9","LIPE-AS1",-0.0347316326029063,0.144121109970179,0.809563478392444,-0.317203817556394,0.247740552350581,5,0.014625089016838,11.5742845945997,0.999626430124647
"Sst-9","NREP",-0.0597676127386255,0.0955326919867562,0.531561127149673,-0.247008248378826,0.127473022901575,5,2.74261016151917e-06,0.00416812218948231,0.999626430124647
"Sst-9","DAAM1",0.0340954468531523,0.0824610232712301,0.679259743312405,-0.127525188886778,0.195716082593083,5,0.0110980566581686,32.4498545865725,0.999626430124647
"Sst-9","CCDC186",0.000112897146880397,0.0915325653492154,0.999015881754527,-0.179287634350141,0.179513428643901,5,0,0,0.999626430124647
"Sst-9","AACS",-0.15225477563761,0.114161312150981,0.182308416493998,-0.376006835881367,0.071497284606147,5,0,0,0.999626430124647
"Sst-9","USP9X",-0.145437448602951,0.138431905677293,0.293439392037647,-0.416758998041691,0.125884100835789,5,0.04409666570448,48.8757436939029,0.999626430124647
"Sst-9","SP3",-0.00426107034301031,0.114890379319661,0.970414729333768,-0.229442075979691,0.22091993529367,5,0,0,0.999626430124647
"Sst-9","GPLD1",0.0438107160630424,0.0902548954600118,0.62738485458774,-0.133085628467008,0.220707060593093,5,0,0,0.999626430124647
"Sst-9","SIRT2",0.0296897760675578,0.118363683129303,0.801941539188569,-0.202298779943387,0.261678332078503,5,1.96162981451277e-07,0.000203516907331468,0.999626430124647
"Sst-9","SMARCD3",-0.0465100004794198,0.112035197612323,0.678041323142828,-0.266094952800401,0.173074951841561,5,0,0,0.999626430124647
"Sst-9","ELOVL7",-0.109075105468061,0.142292237088912,0.443344970325237,-0.387962765441962,0.169812554505841,5,0,0,0.999626430124647
"Sst-9","PPIL4",0.207172619242326,0.130042267371518,0.111133821495606,-0.0477055412737782,0.46205077975843,5,0,0,0.999626430124647
"Sst-9","DDB1",0.0369145449111612,0.109468102868842,0.735953049787338,-0.177638994167694,0.251468083990017,5,0,0,0.999626430124647
"Sst-9","FBXO33",-0.108279442079635,0.122302792473073,0.375973777066402,-0.347988510535534,0.131429626376264,5,6.24420209044312e-07,0.000687826946638553,0.999626430124647
"Sst-9","UBP1",-0.0202661469513564,0.0928683727764337,0.827254257759315,-0.202284812896006,0.161752518993294,5,2.23303560647207e-06,0.0035443453032738,0.999626430124647
"Sst-9","VSTM2L",-0.145222359242101,0.109789324380936,0.185922982739999,-0.360405480915722,0.0699607624315191,5,0,0,0.999626430124647
"Sst-9","ZEB1",-0.0454660256301516,0.0995593411935268,0.647906370366159,-0.240598748693999,0.149666697433696,5,0.0112490835061217,22.1035829446817,0.999626430124647
"Sst-9","LRIG2",0.162751889673524,0.0946208830387618,0.0854248135572527,-0.0227016332678258,0.348205412614874,5,0,0,0.999626430124647
"Sst-9","YIPF4",0.00361436310756528,0.0946535001356336,0.969540018669868,-0.181903088168934,0.189131814384064,5,0,0,0.999626430124647
"Sst-9","C11orf87",0.0276627635747883,0.10003173696286,0.78213344094451,-0.168395838183402,0.223721365332979,5,0.00356619886421325,5.75686796730738,0.999626430124647
"Sst-9","DNAJC11",-0.143092030400615,0.10114635672421,0.157155663723166,-0.341335246747508,0.0551511859462779,5,0,0,0.999626430124647
"Sst-9","GRIPAP1",-0.0406254149995393,0.103525786752391,0.694749154227525,-0.243532228505399,0.16228139850632,5,6.21530237253808e-09,8.8700329578233e-06,0.999626430124647
"Sst-9","C9orf72",0.0696065172516177,0.102141848503261,0.495574689652968,-0.13058782712912,0.269800861632356,5,2.85783264520844e-07,0.000330156809846205,0.999626430124647
"Sst-9","SERP1",0.0637802815448888,0.0907656001415308,0.482247573863985,-0.114117025767675,0.241677588857453,5,0,0,0.999626430124647
"Sst-9","IQCB1",0.0652775966016895,0.1049361961968,0.533896235004331,-0.140393568618668,0.270948761822047,5,0,0,0.999626430124647
"Sst-9","DSTYK",0.00440530480909722,0.112337234016269,0.968718973307679,-0.215771627985637,0.224582237603832,5,0,0,0.999626430124647
"Sst-9","MAP3K3",-0.138917801508552,0.105495797331365,0.187902699418508,-0.345685764798363,0.0678501617812596,5,0,0,0.999626430124647
"Sst-9","PCNX1",-0.0305401489753821,0.0810813326492861,0.706425795471966,-0.189456640786494,0.12837634283573,5,0.00665438962955694,18.6158707999897,0.999626430124647
"Sst-9","ATCAY",0.0692425039487094,0.116958189365508,0.553831947480815,-0.159991334904701,0.29847634280212,5,0.0291895320882191,44.684827186281,0.999626430124647
"Sst-9","NAP1L1",-0.0016755429567885,0.0642690637839502,0.979200903994911,-0.127640593293438,0.124289507379861,5,0,0,0.999626430124647
"Sst-9","MAX",0.0421045090979018,0.103652678062355,0.684590045490484,-0.161051006805439,0.245260025001242,5,0,0,0.999626430124647
"Sst-9","DLX1",-0.330750766029393,0.187928831572596,0.0784113952474244,-0.699084507568376,0.0375829755095898,5,0.0569388742982162,32.9955785732956,0.999626430124647
"Sst-9","NOP58",0.0412934362472749,0.104329816323647,0.692254734020918,-0.163189246260752,0.245776118755302,5,0,0,0.999626430124647
"Sst-9","TMEM161B",0.0579016154810536,0.109729158844416,0.597723146414266,-0.157163583907876,0.272966814869983,5,0,0,0.999626430124647
"Sst-9","SNX2",-0.134135399329142,0.111073790207989,0.227191838426192,-0.351836027763159,0.0835652291048741,5,0.00209094995525972,2.45255193382856,0.999626430124647
"Sst-9","GFM2",0.00537799746045028,0.120584355687823,0.964426571026137,-0.23096299678665,0.241718991707551,5,0.00393703000414201,4.0844710607171,0.999626430124647
"Sst-9","SIL1",-0.0702040161741878,0.0795628486723117,0.37757576556847,-0.226144334079329,0.0857363017309536,5,0,0,0.999626430124647
"Sst-9","HEATR5B",-0.0365158367474289,0.134958054112941,0.786720426568042,-0.301028762232401,0.227997088737543,5,0.0272759751519178,29.0799210708507,0.999626430124647
"Sst-9","DRP2",-0.0776719425406569,0.180968029662715,0.667775816397527,-0.432362763032755,0.277018877951441,5,0.0617075372853463,39.5387320785746,0.999626430124647
"Sst-9","RAB37",-0.0486996723836271,0.118882076184005,0.682064997316504,-0.281704260111624,0.18430491534437,5,2.1040983921009e-06,0.00246533654893084,0.999626430124647
"Sst-9","RNF169",0.0526478760086849,0.0998671563937138,0.59806923218367,-0.143088153761423,0.248383905778793,5,0,0,0.999626430124647
"Sst-9","GNS",0.0202993707458246,0.185275087952345,0.912755629116403,-0.342833128873263,0.383431870364912,5,0.062311979239959,37.0333247364175,0.999626430124647
"Sst-9","DYRK1A",-0.016984741313444,0.0764419445166018,0.824164902433501,-0.166808199474193,0.132838716847304,5,0.00133832246222683,3.78714736014303,0.999626430124647
"Sst-9","MEF2C",0.040352154837448,0.123169704228083,0.743203318122346,-0.201056029436045,0.281760339110941,5,0.0379110046068049,52.9108970630836,0.999626430124647
"Sst-9","RBM39",0.0922137441534352,0.0690322302893217,0.18161232790496,-0.0430869409861103,0.227514429292981,5,0,0,0.999626430124647
"Sst-9","PSMC6",0.0123394947272337,0.107813863779187,0.908879624206183,-0.198971795314081,0.223650784768548,5,0,0,0.999626430124647
"Sst-9","SBNO1",0.0109030802388365,0.0931863459399898,0.906857691421962,-0.171738801654434,0.193544962132107,5,0,0,0.999626430124647
"Sst-9","HECW1",0.0250495862452834,0.170867093087741,0.883445580577782,-0.309843762349742,0.359942934840308,5,0.0872835781620869,62.1697404509311,0.999626430124647
"Sst-9","ARMC8",-0.00576473225500254,0.082711160809506,0.944434709531594,-0.167875628561135,0.15634616405113,5,0,0,0.999626430124647
"Sst-9","APBA2",-0.00197019848020316,0.130139099899066,0.987921148188991,-0.257038147262833,0.253097750302427,5,0.0361954210280058,44.842500295037,0.999626430124647
"Sst-9","XPO4",0.138561374364045,0.143937121941048,0.335722136527603,-0.143550200678758,0.420672949406849,5,0.0430418328155065,43.2764603938258,0.999626430124647
"Sst-9","LGI1",0.128779688204909,0.0951265272198497,0.175808930698202,-0.0576648791203657,0.315224255530183,5,0,0,0.999626430124647
"Sst-9","SLC30A6",0.145414631999063,0.127446483970512,0.253875820718941,-0.104375886539403,0.395205150537528,5,0,0,0.999626430124647
"Sst-9","ACADM",-0.0804035118382841,0.10332371121685,0.436468232585548,-0.282914264572327,0.122107240895759,5,0.00106954544975298,1.50429078834647,0.999626430124647
"Sst-9","GKAP1",-0.147802610674891,0.121873575678305,0.225224062146548,-0.386670429671485,0.0910652083217028,5,0,0,0.999626430124647
"Sst-9","TOX2",0.0696061381119533,0.0958183854643928,0.467570163365841,-0.118194446455033,0.257406722678939,5,0,0,0.999626430124647
"Sst-9","MLF2",0.131301305069728,0.138853356448845,0.344346870580678,-0.14084627270251,0.403448882841965,5,0,0,0.999626430124647
"Sst-9","SIN3B",-0.118455752553343,0.110874982944003,0.285352639367898,-0.335766725910081,0.098855220803395,5,0,0,0.999626430124647
"Sst-9","LONRF1",0.070126928496929,0.213346313460004,0.74238247111586,-0.348024162119071,0.488278019112929,5,0.103507825628523,47.5706163313983,0.999626430124647
"Sst-9","ATP1B3",-0.0410272103909507,0.12858364086252,0.749673266426752,-0.293046515482522,0.210992094700621,5,0.0230732586506806,26.5828450916604,0.999626430124647
"Sst-9","IRS2",0.0988326571477118,0.12284343959452,0.421084255642114,-0.14193606019457,0.339601374489993,5,0,0,0.999626430124647
"Sst-9","CDC16",-0.06026474195037,0.15870401474144,0.704145537768474,-0.371318895045506,0.250789411144766,5,0.0385463964654571,29.9248959821177,0.999626430124647
"Sst-9","RC3H2",0.173336879986126,0.0995948679192499,0.0817853315039684,-0.0218654741806271,0.36853923415288,5,0,0,0.999626430124647
"Sst-9","SGSM2",-0.105481843513536,0.111439737612986,0.343874720417267,-0.323899715681582,0.112936028654509,5,0.00454278438844557,6.1182819820522,0.999626430124647
"Sst-9","AGK",0.0913835281902418,0.10135092845388,0.367240391045957,-0.10726064137906,0.290027697759543,5,0,0,0.999626430124647
"Sst-9","UQCC1",-0.0132112067494809,0.0871153665436026,0.879461533669186,-0.183954187674948,0.157531774175986,5,0,0,0.999626430124647
"Sst-9","IFT43",0.0555455865497783,0.0920081304589935,0.546041103576117,-0.124787035434712,0.235878208534268,5,0,0,0.999626430124647
"Sst-9","DEPTOR",-0.0489712687862108,0.103162387735763,0.63500024213315,-0.251165833307462,0.153223295735041,5,0,0,0.999626430124647
"Sst-9","SLC27A1",0.00206330133902294,0.141359879734686,0.988354419710372,-0.274996971799876,0.279123574477922,5,0.0259672679384929,25.3799284634908,0.999626430124647
"Sst-9","PIP4K2A",-0.143714345701663,0.122116317448351,0.239249636408873,-0.383057929825091,0.0956292384217647,5,2.57124574134248e-06,0.00216735330724908,0.999626430124647
"Sst-9","NELL2",0.393820288263229,0.207912265900822,0.0582030157591174,-0.0136802648464968,0.801320841372956,5,0.0721072414007021,34.000688138061,0.999626430124647
"Sst-9","ZBTB11",-0.0368916662852447,0.115454920720336,0.749322311729116,-0.263179152735031,0.189395820164542,5,7.02365160930394e-07,0.000655152003648605,0.999626430124647
"Sst-9","GLMN",-0.0961745606708521,0.0963299820904018,0.318091942076719,-0.284977856199428,0.0926287348577238,5,0,0,0.999626430124647
"Sst-9","ARHGAP35",-0.0750612309453149,0.0791747272423617,0.343106374541816,-0.230240844826126,0.0801183829354963,5,1.36175650697486e-06,0.00328909217787656,0.999626430124647
"Sst-9","CMIP",-0.101685400098073,0.128947322786695,0.430356978674012,-0.354417508662855,0.15104670846671,5,0.0452736213843535,58.0561894652838,0.999626430124647
"Sst-9","IFT81",0.100289752038133,0.116697387015906,0.390119786374204,-0.128432923602976,0.329012427679241,5,0,0,0.999626430124647
"Sst-9","HSPA4L",-0.108508463975086,0.142025633755461,0.444863551112051,-0.386873591017265,0.169856663067093,5,0.0482087275249891,50.0692538203136,0.999626430124647
"Sst-9","PPP4R2",0.0190083571824953,0.10846717915869,0.860886935480973,-0.193583407473192,0.231600121838182,5,1.11069579350107e-07,0.000139833658192329,0.999626430124647
"Sst-9","TM7SF3",0.00526181307375954,0.165508182959657,0.974638037691241,-0.319128264673834,0.329651890821353,5,0.0483715064901177,35.4249936983789,0.999626430124647
"Sst-9","OTUD3",-0.043722593664065,0.111706438800869,0.69549700400587,-0.262663190554995,0.175218003226865,5,0,0,0.999626430124647
"Sst-9","HMGN3",0.121247664674128,0.123609098012992,0.32664405070014,-0.121021715592818,0.363517044941075,5,0.00326625265245243,3.21917500941933,0.999626430124647
"Sst-9","MTERF4",0.0900143397846336,0.112404593647207,0.423243621045939,-0.130294615460752,0.310323295030019,5,0,0,0.999626430124647
"Sst-9","PTCD3",-0.0276176544610554,0.113218612220074,0.807283403498235,-0.249522056792007,0.194286747869896,5,0.0156995853269745,23.1305504093142,0.999626430124647
"Sst-9","EPC1",0.185036932914442,0.141249666553004,0.190196147587825,-0.091807326357737,0.461881192186621,5,0.0584048969420293,62.4085556083372,0.999626430124647
"Sst-9","DNAJC10",0.199638078345476,0.102423610781129,0.0512785661476124,-0.00110850995208542,0.400384666643038,5,0,0,0.999626430124647
"Sst-9","VPS4B",0.101188327217122,0.106374879859758,0.341481190381817,-0.107302606167779,0.309679260602022,5,0,0,0.999626430124647
"Sst-9","FBXO9",0.00977868072168076,0.104827104589994,0.925678025429781,-0.19567866887832,0.215236030321682,5,0,0,0.999626430124647
"Sst-9","CTBP2",-0.121685181131742,0.137481726648837,0.376102288075379,-0.391144413895842,0.147774051632359,5,0,0,0.999626430124647
"Sst-9","ERGIC2",0.0413856500161424,0.11645036843549,0.722295165048438,-0.186852878103838,0.269624178136123,5,0,0,0.999626430124647
"Sst-9","SPARCL1",0.0454436341619032,0.0943617299853556,0.630097467689808,-0.139501958128287,0.230389226452094,5,0.00856594804446015,19.0662376355418,0.999626430124647
"Sst-9","CCNJL",0.277268346869695,0.328723655853522,0.398965968971886,-0.367018179469548,0.921554873208937,5,0.422136258299394,81.089585972503,0.999626430124647
"Sst-9","TXNRD1",-0.122080078729233,0.128234269083817,0.341092811221384,-0.373414627717333,0.129254470258867,5,2.96044633836329e-06,0.00282729595038738,0.999626430124647
"Sst-9","ATE1",0.151079504079651,0.0779124688326548,0.0524900443657523,-0.00162612877895149,0.303785136938254,5,0.000710838822743769,1.68891231620681,0.999626430124647
"Sst-9","ANKRD13A",0.000926974153119879,0.120034389016411,0.993838340665618,-0.234336105225316,0.236190053531556,5,0,0,0.999626430124647
"Sst-9","GSTK1",-0.235019140386361,0.208130341604614,0.258816799768488,-0.642947114021423,0.172908833248701,5,0.085828179558309,41.1228804313158,0.999626430124647
"Sst-9","GPHN",0.0285067344603911,0.0777819806065727,0.713995479340922,-0.123943146174684,0.180956615095467,5,0.010110598324168,33.7442772348148,0.999626430124647
"Sst-9","UQCRH",-0.134926744749009,0.223268923454771,0.545628324937569,-0.57252579358739,0.302672304089372,5,0.142558497867659,60.5988121620245,0.999626430124647
"Sst-9","ZSWIM6",-0.0656345017033079,0.0872151692901017,0.451715368943682,-0.236573092417471,0.105304089010855,5,0,0,0.999626430124647
"Sst-9","ZCCHC7",0.0699618290445592,0.0782196921324203,0.371093304362188,-0.0833459504167956,0.223269608505914,5,0.00333482330171907,9.98836871985507,0.999626430124647
"Sst-9","SLC11A2",0.0799465821936787,0.107953904254336,0.458958926743261,-0.131639182135306,0.291532346522663,5,2.26714696814379e-06,0.00267496869225922,0.999626430124647
"Sst-9","ADCY5",-0.109122262913466,0.0985392224026218,0.268121341589354,-0.302255589887188,0.084011064060255,5,0,0,0.999626430124647
"Sst-9","USP53",-0.057304839525201,0.123003888666452,0.641302632164267,-0.298388031269821,0.183778352219419,5,0,0,0.999626430124647
"Sst-9","PI4KA",-0.00670023626701018,0.0652554448268968,0.918219292504614,-0.134598557922868,0.121198085388848,5,2.20018078498133e-06,0.00760208770499473,0.999626430124647
"Sst-9","ATP13A2",-0.0255737227826584,0.095198466462411,0.788209906952012,-0.212159288432428,0.161011842867111,5,0,0,0.999626430124647
"Sst-9","USO1",0.0280295995275031,0.0818580330397467,0.732036936545494,-0.13240919707569,0.188468396130697,5,2.55233821701751e-06,0.00430886508521051,0.999626430124647
"Sst-9","SNX6",-0.130289988047239,0.112224529856912,0.245651651441264,-0.350246024748725,0.089666048654248,5,0,0,0.999626430124647
"Sst-9","KCNA2",-0.0174590965846778,0.110131076991233,0.874039061709655,-0.233312041066102,0.198393847896746,5,0,0,0.999626430124647
"Sst-9","SLC25A16",-0.0465720887562854,0.148259194181788,0.753425234908523,-0.337154769729521,0.24401059221695,5,0.0368362221786471,33.8644809649279,0.999626430124647
"Sst-9","ATP6V1E1",-0.02834605631598,0.114167553729566,0.803914139550805,-0.252110349828971,0.195418237197011,5,0,0,0.999626430124647
"Sst-9","INPP5A",-0.105614239949806,0.107749292852965,0.326994810469213,-0.316798973301275,0.105570493401664,5,0,0,0.999626430124647
"Sst-9","CNBP",0.149091110529448,0.123423711574403,0.227062013218519,-0.0928149189946423,0.390997140053538,5,5.27844260024144e-07,0.000477440393701647,0.999626430124647
"Sst-9","KSR1",-0.112943060253237,0.0900155784890122,0.209585612422025,-0.289370352139239,0.0634842316327657,5,7.21780614505803e-07,0.00129447169221151,0.999626430124647
"Sst-9","DENND5A",-0.254408787362528,0.0751430407522647,0.000710073013860081,-0.401686440925792,-0.107131133799263,5,0,0,0.64602172787953
"Sst-9","NUDT3",0.0102982634406301,0.11910560413377,0.931098130081198,-0.223144431018445,0.243740957899705,5,0,0,0.999626430124647
"Sst-9","CEP83",-0.0603847925676608,0.115826003864073,0.602129557627531,-0.287399588614441,0.166630003479119,5,0,0,0.999626430124647
"Sst-9","HM13",-0.0160045584748246,0.109129090936013,0.883402663727329,-0.229893646375007,0.197884529425358,5,0,0,0.999626430124647
"Sst-9","EIF5B",-0.231635155546002,0.118559640200573,0.0507315300148851,-0.464007780359152,0.000737469267149488,5,0.0111128925419455,13.7076715542436,0.999626430124647
"Sst-9","FOXO3",0.101851553616351,0.0847685331550121,0.229547423561495,-0.0642917183897625,0.267994825622464,5,0,0,0.999626430124647
"Sst-9","LNPK",-0.0271926856675727,0.101780402304045,0.789338155482633,-0.226678608515499,0.172293237180353,5,0,0,0.999626430124647
"Sst-9","LINC01630",-0.0389511273618182,0.277649631629843,0.888431830988824,-0.583134405677124,0.505232150953487,5,0.20537544837774,54.0141375593361,0.999626430124647
"Sst-9","ZCCHC17",-0.170071762810011,0.10085752142785,0.0917461923721962,-0.367748872378575,0.0276053467585518,5,0,0,0.999626430124647
"Sst-9","NLGN4X",-0.0492514773582517,0.0730902965856834,0.500410327896524,-0.192505826285542,0.0940028715690387,5,0,0,0.999626430124647
"Sst-9","GPR176",0.0583454573657519,0.0880243194311224,0.50743727122447,-0.114179038482897,0.230869953214401,5,1.88217122675386e-06,0.00367047377693864,0.999626430124647
"Sst-9","TPR",0.0341720330554119,0.101383898206255,0.736074820357142,-0.164536756041122,0.232880822151946,5,0,0,0.999626430124647
"Sst-9","CDC5L",-0.114830716646426,0.116146534910485,0.322824111339689,-0.3424737420001,0.112812308707248,5,0,0,0.999626430124647
"Sst-9","UBXN7",-0.167278069629684,0.157957998950364,0.289598197602351,-0.476870058642412,0.142313919383044,5,0.0511452657937466,42.3777258657872,0.999626430124647
"Sst-9","RAD23B",-0.0938872401110583,0.0972408845307707,0.334288432542783,-0.284475871616187,0.0967013913940704,5,0,0,0.999626430124647
"Sst-9","MLLT3",0.0161408793775267,0.163471335156762,0.921346069868033,-0.304257050034403,0.336538808789456,5,0.0915782416732874,72.9011602747898,0.999626430124647
"Sst-9","SAMD4B",-0.067236709964128,0.120666583440107,0.577383488216251,-0.303738867644235,0.169265447715979,5,0,0,0.999626430124647
"Sst-9","AHI1",-0.0227213823416969,0.0557742624026109,0.68372808014283,-0.132036927915101,0.0865941632317068,5,0,0,0.999626430124647
"Sst-9","AKAP1",-0.105065084683472,0.109641269367578,0.337930556359889,-0.319958023863179,0.109827854496236,5,0,0,0.999626430124647
"Sst-9","GLT1D1",-0.0477853183904203,0.120958183117646,0.692801179396847,-0.284859000936408,0.189288364155567,5,0.00740956706441899,8.46008339402301,0.999626430124647
"Sst-9","ACAT1",0.0199584296121066,0.109594561154015,0.855495226180464,-0.194842963151235,0.234759822375448,5,0,0,0.999626430124647
"Sst-9","MTMR12",-0.0128202760905969,0.126745795284406,0.9194317699695,-0.261237470039919,0.235596917858725,5,0.0144625272263386,16.3094711065464,0.999626430124647
"Sst-9","GNG2",0.0549478768429394,0.158313554280874,0.728529280258766,-0.2553409878121,0.365236741497979,5,0.0700893340609975,60.4356537132781,0.999626430124647
"Sst-9","NDRG3",-0.00739948688430909,0.0756418913814591,0.92207315704127,-0.15565486971446,0.140855895945841,5,0,0,0.999626430124647
"Sst-9","TCF20",0.0895112256922061,0.0808867042086427,0.268456218754636,-0.069023801384878,0.24804625276929,5,0,0,0.999626430124647
"Sst-9","ANKS6",0.111435251679905,0.123838807643727,0.368204806653859,-0.131284351190183,0.354154854549993,5,2.14172811486857e-06,0.0022040023167528,0.999626430124647
"Sst-9","UPP1",-0.105006976058176,0.179749462691946,0.559095716816206,-0.457309449174816,0.247295497058464,5,0.069560925974775,45.3895253355522,0.999626430124647
"Sst-9","AHCYL1",0.234936142364164,0.199178114316489,0.238188034852709,-0.155445788204756,0.625318072933083,5,0.0891938900922213,47.3468193821777,0.999626430124647
"Sst-9","RAB1A",-0.121103506098913,0.0843738816038922,0.151195977157204,-0.286473275278388,0.0442662630805628,5,0,0,0.999626430124647
"Sst-9","CTTNBP2",0.026416226406253,0.0641858367126419,0.680663057861863,-0.0993857018680939,0.1522181546806,5,0,0,0.999626430124647
"Sst-9","ATXN7L3B",0.0835089982892711,0.156647866029311,0.593964266679188,-0.223515177383233,0.390533173961776,5,0,0,0.999626430124647
"Sst-9","FBXW4",0.0436799393195512,0.0865655190322286,0.613848100337213,-0.125985360286633,0.213345238925736,5,0,0,0.999626430124647
"Sst-9","PDE4A",0.0413450091797694,0.0992185297027017,0.676893077778993,-0.153119735636543,0.235809753996082,5,0,0,0.999626430124647
"Sst-9","CEP97",0.151557785034779,0.126255472066935,0.229981826347487,-0.0958983930675175,0.399013963137075,5,0,0,0.999626430124647
"Sst-9","DCP1A",0.160176635264109,0.331273306198461,0.62872792050778,-0.489107113924384,0.809460384452601,5,0.447193142683483,85.1533861704939,0.999626430124647
"Sst-9","RPL28",0.223337757932986,0.127324891814235,0.0794171880710943,-0.0262144443583737,0.472889960224346,5,0,0,0.999626430124647
"Sst-9","TTC7B",-0.0958297056428968,0.0891116944286599,0.282200756811648,-0.270485417324409,0.0788260060386151,5,0.00896328350579154,21.459707021123,0.999626430124647
"Sst-9","MGA",-0.216589332012597,0.0916905207118103,0.0181679159840921,-0.396299450331469,-0.0368792136937252,5,0,0,0.999626430124647
"Sst-9","PACS2",-0.0250721781845604,0.111824575500492,0.822593971471087,-0.244244318752005,0.194099962382884,5,7.47618030823025e-06,0.00930880103274523,0.999626430124647
"Sst-9","ANKS3",-0.0685479730463076,0.124110314035713,0.580732638436889,-0.311799718666261,0.174703772573646,5,0,0,0.999626430124647
"Sst-9","SENP2",0.00221349464830486,0.100545571588243,0.982436117980637,-0.194852204469645,0.199279193766254,5,0,0,0.999626430124647
"Sst-9","PSEN1",-0.0796147072024302,0.114157380349732,0.48554510205691,-0.303359061257345,0.144129646852485,5,0.00896910552643559,12.4109327401189,0.999626430124647
"Sst-9","FLT1",0.0524690904230271,0.121524988094038,0.665919074856633,-0.185715509462946,0.290653690309001,5,0,0,0.999626430124647
"Sst-9","CKAP5",-0.0378229108994755,0.0926380143199082,0.683062871763537,-0.219390082565801,0.14374426076685,5,0,0,0.999626430124647
"Sst-9","MARK2",-0.09271788099042,0.124922060320209,0.457962639140433,-0.337560620092569,0.152124858111729,5,0.00843763059195309,9.6322850883797,0.999626430124647
"Sst-9","UGCG",-0.15763893173448,0.108195831638151,0.1451224905456,-0.369698865022615,0.0544210015536558,5,0,0,0.999626430124647
"Sst-9","NDUFAF7",0.0965088379133775,0.108594522614876,0.374159946796576,-0.1163325153301,0.309350191156855,5,0,0,0.999626430124647
"Sst-9","BRINP3",-0.431157407497218,0.191176379898533,0.0241153846572243,-0.80585622679309,-0.0564585882013455,5,2.49137575218673e-06,0.00115014644142822,0.999626430124647
"Sst-9","RPS6KB1",-0.0542607838579549,0.118390046261984,0.646720992838064,-0.286301010659474,0.177779442943564,5,0,0,0.999626430124647
"Sst-9","TBL1XR1",-0.0108150057169896,0.073505055162366,0.883027188739619,-0.154882266516857,0.133252255082878,5,0.00106326290844552,2.59978398061702,0.999626430124647
"Sst-9","PNKD",-0.249502115695701,0.113885487855477,0.0284651314506268,-0.472713570254209,-0.0262906611371937,5,0,0,0.999626430124647
"Sst-9","ATP2B3",-0.0307416065863042,0.146117521540198,0.83336361073861,-0.317126686315348,0.255643473142739,5,0.015728530789628,12.9986195561853,0.999626430124647
"Sst-9","SHANK2",-0.0564443734052484,0.080588336586887,0.483675193065549,-0.214394610689538,0.101505863879042,5,0.00116175194605055,2.80756106100693,0.999626430124647
"Sst-9","ZC4H2",0.252279683530429,0.129544507602971,0.051482443237785,-0.0016228857663691,0.506182252827228,5,5.58775571678467e-06,0.00439486257622187,0.999626430124647
"Sst-9","PPWD1",0.0287302631633054,0.11314817064634,0.799559550482393,-0.193036076220114,0.250496602546725,5,0,0,0.999626430124647
"Sst-9","RNASEH2B",0.29224598945048,0.125818218426019,0.020191850611089,0.0456468127364889,0.53884516616447,5,0,0,0.999626430124647
"Sst-9","PARP11",0.0564938996488182,0.101846431799331,0.579101999260818,-0.143121438631785,0.256109237929422,5,0,0,0.999626430124647
"Sst-9","TCAIM",-0.0646913655842313,0.0896503370035686,0.470542617850535,-0.240402797313104,0.111020066144642,5,0,0,0.999626430124647
"Sst-9","MTFMT",-0.0401662576907658,0.108260647845832,0.71062681742151,-0.25235322841157,0.172020713030038,5,0,0,0.999626430124647
"Sst-9","TIPRL",0.0608597272829133,0.11364166405023,0.592276076650519,-0.161873841398738,0.283593295964564,5,0,0,0.999626430124647
"Sst-9","RSU1",0.0762129265653173,0.142305866966469,0.592264640175624,-0.20270144747771,0.355127300608344,5,0,0,0.999626430124647
"Sst-9","CCDC171",0.0884636634979535,0.199977970244261,0.658223623203769,-0.30348595588222,0.480413282878127,5,0.127213981267791,68.1816258937996,0.999626430124647
"Sst-9","EPHB1",-0.0265399173220412,0.142088182220851,0.851829339503911,-0.305027637103673,0.251947802459591,5,0,0,0.999626430124647
"Sst-9","AUH",0.0575627537283757,0.0746705272614848,0.440772206651623,-0.0887887904107508,0.203914297867502,5,3.05157855926019e-06,0.00735154894321515,0.999626430124647
"Sst-9","CEP70",-0.00209206444745338,0.105029081405716,0.984108062967682,-0.207945281331982,0.203761152437076,5,0.00453035398224944,6.3014314006966,0.999626430124647
"Sst-9","AP1G1",-0.0568364084567942,0.0909238670321547,0.531906155701527,-0.235043913174926,0.121371096261338,5,0,0,0.999626430124647
"Sst-9","STAT4",0.14844542628965,0.113019005156226,0.189029529212167,-0.0730677533850993,0.3699586059644,5,0.00880069097240127,11.9775681821296,0.999626430124647
"Sst-9","SNAP23",-0.144942036956834,0.12845547459995,0.259174428334012,-0.396710140789735,0.106826066876067,5,0,0,0.999626430124647
"Sst-9","PHC2",-0.0807240869242891,0.091520732992141,0.377760260445895,-0.260101427427592,0.098653253579014,5,5.38156746570372e-06,0.00924102953888414,0.999626430124647
"Sst-9","CNOT1",-0.0345555622076323,0.106806401147858,0.746290437102375,-0.24389226177577,0.174781137360506,5,0,0,0.999626430124647
"Sst-9","TTC19",-0.0798573645708434,0.0852046911547229,0.3486343952048,-0.246855490547959,0.0871407614062719,5,0.00415040184347941,9.29804289883181,0.999626430124647
"Sst-9","DOK6",0.0288946714453863,0.0851909145873956,0.734477521184898,-0.138076452955937,0.19586579584671,5,2.06904481734382e-06,0.00495648157337943,0.999626430124647
"Sst-9","ROCK1",0.0841992055960056,0.0798465409524906,0.291648168373959,-0.0722971389609783,0.24069555015299,5,0.000987845175968041,2.09436743403075,0.999626430124647
"Sst-9","ZNF782",0.147685825882015,0.103141111635308,0.152177803507391,-0.0544670382486134,0.349838690012643,5,0,0,0.999626430124647
"Sst-9","KAT6A",-0.0211961284190239,0.129777066989566,0.870260798048027,-0.275554505737815,0.233162248899768,5,0.031847696388637,38.7260881649807,0.999626430124647
"Sst-9","ACVR1B",0.144264745927898,0.111327325372698,0.195023356793822,-0.0739328022977621,0.362462294153557,5,3.24182913593281e-06,0.00386992997054998,0.999626430124647
"Sst-9","ARL4C",-0.0175196337834975,0.124415129037329,0.888015347464237,-0.261368805828566,0.226329538261571,5,0,0,0.999626430124647
"Sst-9","PLEKHB2",-0.271880252519723,0.107928530344425,0.0117663002725449,-0.483416284899135,-0.0603442201403119,5,0,0,0.999626430124647
"Sst-9","NAPG",-0.044953534737695,0.110056839697804,0.682937872175076,-0.260660976797689,0.1707539073223,5,2.68690777002453e-07,0.000338490957137299,0.999626430124647
"Sst-9","ARHGEF9",-0.0389399216480964,0.073060104308554,0.594044134801915,-0.182135094799602,0.104255251503409,5,0,0,0.999626430124647
"Sst-9","LARP1B",-0.0623275888768865,0.0701478497550113,0.374262471328012,-0.199814847989636,0.0751596702358625,5,0,0,0.999626430124647
"Sst-9","BDH1",-0.0497240935626911,0.114848246137264,0.665047644478583,-0.27482251967932,0.175374332553938,5,0.0139481839138513,19.2518745055781,0.999626430124647
"Sst-9","KIAA1958",-0.0727374916089127,0.178194457517,0.68313296981196,-0.421992210586886,0.27651722736906,5,0.0515872987437532,33.0352616131764,0.999626430124647
"Sst-9","KIAA1549L",0.0257667926609602,0.0933848165660356,0.782609067452296,-0.157264084511349,0.208797669833269,5,0.0128891027245103,29.2509857989016,0.999626430124647
"Sst-9","DIS3L2",-0.0552901635379427,0.0673938356592115,0.411985910460781,-0.187379654210008,0.076799327134123,5,0,0,0.999626430124647
"Sst-9","ZNF318",-0.0272193400693098,0.159283114844297,0.864312982021759,-0.339408508509488,0.284969828370869,5,0.0460076100808012,36.882261487209,0.999626430124647
"Sst-9","PIK3C2A",-0.0895868598629279,0.0832222803021862,0.281714039659289,-0.25269953196651,0.0735258122406541,5,0,0,0.999626430124647
"Sst-9","CCDC30",0.168405448724142,0.0985870132347912,0.0876009079404992,-0.0248215465594225,0.361632444007706,5,0,0,0.999626430124647
"Sst-9","SAMD4A",-0.242079881774008,0.0751058317581638,0.00126774287492438,-0.389284607048934,-0.0948751564990827,5,0,0,0.719697630094573
"Sst-9","TBK1",-0.0648199584159495,0.10675631535161,0.543733583942932,-0.274058491627305,0.144418574795406,5,4.62336967908623e-06,0.00604746397589188,0.999626430124647
"Sst-9","TPPP",0.141367191802201,0.0915050801746441,0.12236782704974,-0.0379794697425521,0.320713853346953,5,0,0,0.999626430124647
"Sst-9","UNC13C",0.143769989768194,0.207534130223736,0.488464274350807,-0.262989431033175,0.550529410569562,5,0.0251311014293666,10.7573139381741,0.999626430124647
"Sst-9","ST13",0.0526748270927489,0.109435611936339,0.630280783809966,-0.161815030928577,0.267164685114075,5,0,0,0.999626430124647
"Sst-9","B4GALT6",0.0918690891123033,0.203146127305791,0.651102177819949,-0.306290004005837,0.490028182230443,5,0.140799962402566,73.5564045228829,0.999626430124647
"Sst-9","KLC1",0.001693367478187,0.103010049044576,0.986884280432538,-0.200202618694887,0.203589353651261,5,0,0,0.999626430124647
"Sst-9","G2E3",0.0933908189431889,0.109810586394041,0.395062772214166,-0.121833975510355,0.308615613396733,5,3.0027275130415e-06,0.00376053678128043,0.999626430124647
"Sst-9","RAPH1",0.00100234643869764,0.0782767235924474,0.989783234970441,-0.152417212630296,0.154421905507691,5,0,0,0.999626430124647
"Sst-9","CMTM4",-0.117306472583595,0.102921201437759,0.254382237220987,-0.319028320647194,0.0844153754800049,5,1.5633866540566e-07,0.000202735982285922,0.999626430124647
"Sst-9","STAU2",0.00315412311567244,0.0660331933719446,0.961902955743382,-0.126268557677508,0.132576803908853,5,0,0,0.999626430124647
"Sst-9","PPP2R2D",-0.0644307195285224,0.0969536137463192,0.506337068374006,-0.254456310642315,0.125594871585271,5,5.10960637653689e-06,0.0065770586950433,0.999626430124647
"Sst-9","TBRG1",-0.00711401131599679,0.112017890781972,0.94936213753569,-0.226665042872803,0.21243702024081,5,0,0,0.999626430124647
"Sst-9","ZNF516",0.0340238461932246,0.131560526697175,0.795930428255502,-0.223830047920359,0.291877740306808,5,1.34670103927198e-06,0.00122746211736693,0.999626430124647
"Sst-9","CBL",-0.103740021960697,0.116936673470813,0.374999749256841,-0.332931690435411,0.125451646514018,5,1.01930686991255e-06,0.00119242573342985,0.999626430124647
"Sst-9","ERO1A",0.10015172599032,0.107845604130682,0.353066146992032,-0.111221773996781,0.31152522597742,5,0,0,0.999626430124647
"Sst-9","TMEM260",0.0649968719777729,0.0940094788324794,0.489322769517308,-0.119258320739267,0.249252064694813,5,8.60009200056104e-07,0.00134711998723358,0.999626430124647
"Sst-9","ATAD1",-0.0774182007164674,0.0945769719394887,0.413029804846883,-0.26278565948472,0.107949258051786,5,0.00270641329272523,4.75359105821814,0.999626430124647
"Sst-9","JPH4",0.120434727677261,0.118283989666688,0.30859107625379,-0.111397632017156,0.352267087371677,5,0.0173833084687621,24.1666871116977,0.999626430124647
"Sst-9","COL19A1",0.0679442864701579,0.0783229779614839,0.385674383506576,-0.085565929496275,0.221454502436591,5,0.00428332369941355,11.9792896524232,0.999626430124647
"Sst-9","KCMF1",-0.0783084167371598,0.10557336214308,0.458242405042932,-0.285228404264402,0.128611570790082,5,0.000884727406046364,1.23909290674762,0.999626430124647
"Sst-9","CSMD3",0.164658209741832,0.104032772882456,0.113477715246041,-0.0392422783196156,0.36855869780328,5,1.1080284249635e-06,0.00186909175223979,0.999626430124647
"Sst-9","DNAH14",0.0736618036060418,0.139390578486862,0.597182798462551,-0.199538710012411,0.346862317224494,5,0,0,0.999626430124647
"Sst-9","ZFYVE16",-0.0773698645337672,0.0680246393163616,0.255379462766081,-0.210695707655163,0.055955978587629,5,0,0,0.999626430124647
"Sst-9","USP12",-0.0903474951634848,0.102637863517661,0.378721170640411,-0.291514011108239,0.110819020781269,5,5.73231436613545e-07,0.000632218213505874,0.999626430124647
"Sst-9","ANAPC16",0.127804633251176,0.112716119815019,0.256852036300798,-0.093114902063363,0.348724168565715,5,0.00116829001030094,1.34547960135428,0.999626430124647
"Sst-9","COMMD10",-0.0265702352675427,0.158542243124426,0.866905140346894,-0.33730732181961,0.284166851284524,5,0.054302122173525,45.7263974202484,0.999626430124647
"Sst-9","ASXL1",0.0499214376985626,0.0742446717117887,0.501334908223721,-0.0955954449005429,0.195438320297668,5,7.83192633737017e-07,0.00190200973359123,0.999626430124647
"Sst-9","TMEM65",-0.115253241483251,0.0787279566931152,0.143209521825536,-0.269557201178186,0.0390507182116841,5,0,0,0.999626430124647
"Sst-9","BRINP2",-0.220592626619526,0.0900090925442655,0.0142546419299837,-0.397007206287419,-0.0441780469516332,5,0,0,0.999626430124647
"Sst-9","MVB12B",0.119913991225559,0.119908374917587,0.317287841384716,-0.115102105057638,0.354930087508756,5,0.0179097374233435,24.0467122609529,0.999626430124647
"Sst-9","TPD52",0.0164063542374624,0.114283659886351,0.885849365879647,-0.20758550316121,0.240398211636135,5,0,0,0.999626430124647
"Sst-9","SMC6",-0.0418471798333386,0.0920161451643974,0.649266915416487,-0.222195510351767,0.13850115068509,5,0,0,0.999626430124647
"Sst-9","RHEB",-0.0757511656858677,0.107084826981242,0.479321655302338,-0.285633569859806,0.134131238488071,5,0,0,0.999626430124647
"Sst-9","HAGH",-0.22666712499851,0.186444277252194,0.224085290807668,-0.59209119353641,0.13875694353939,5,0.0842775881519209,52.3510869658865,0.999626430124647
"Sst-9","ZEB2",0.0597894696513957,0.070995142357067,0.399696819144014,-0.0793584524457496,0.198937391748541,5,0.00138955286119328,5.02869011912919,0.999626430124647
"Sst-9","ITSN1",-0.0489969573583714,0.0638411703843022,0.4427949146037,-0.174123352042489,0.0761294373257461,5,0,0,0.999626430124647
"Sst-9","DNAJC7",-0.065403439372867,0.109426088503763,0.550043380553773,-0.279874631809335,0.149067753063601,5,0,0,0.999626430124647
"Sst-9","LONRF2",0.0683549606653284,0.0813664063180335,0.400858916128034,-0.0911202652694696,0.227830186600126,5,0,0,0.999626430124647
"Sst-9","BBS9",-0.0970309539176276,0.148805198204397,0.514357974159346,-0.388683783110591,0.194621875275335,5,0.0496850399639456,47.2677540717937,0.999626430124647
"Sst-9","NAALAD2",0.171005368457249,0.0853982376270864,0.0452367738774818,0.00362789836496638,0.338382838549532,5,0,0,0.999626430124647
"Sst-9","STT3B",0.0758029038778713,0.0956915635086048,0.428268150650689,-0.111749114223321,0.263354921979064,5,0,0,0.999626430124647
"Sst-9","KIAA0319",-0.0174432491793555,0.184315078520043,0.924602198524238,-0.378694164886313,0.343807666527602,5,0.0923216298489971,57.6816149862872,0.999626430124647
"Sst-9","GATAD2B",0.0280299556331868,0.0846166122063983,0.74044938189989,-0.137815556785146,0.19387546805152,5,0,0,0.999626430124647
"Sst-9","FZD3",0.176277472839597,0.0909257574655275,0.0525382714909783,-0.0019337370598603,0.354488682739055,5,0.00536174471229451,11.4846302139513,0.999626430124647
"Sst-9","ARHGAP26",0.0798324038795829,0.0751491476957469,0.288090671617753,-0.0674572190729621,0.227122026832128,5,0,0,0.999626430124647
"Sst-9","APPL2",-0.0668279925998928,0.107061190732853,0.53249380980452,-0.276664070578259,0.143008085378473,5,0.00797376907841492,11.4334097114772,0.999626430124647
"Sst-9","COPS2",0.00970733430787063,0.113673350034677,0.931945979275133,-0.213088337762111,0.232503006377853,5,0.00474641633211477,6.03193636059471,0.999626430124647
"Sst-9","FNBP1L",0.0688466706457464,0.122017189300583,0.572592527837154,-0.170302625878203,0.307995967169696,5,0,0,0.999626430124647
"Sst-9","DHX57",-0.130047700934779,0.105246719947853,0.21659013417368,-0.336327481523545,0.0762320796539872,5,0,0,0.999626430124647
"Sst-9","PITPNA",0.0904343579067003,0.192907330286233,0.639214817924262,-0.287657061808089,0.468525777621489,5,0.0965519018756712,55.5889387777562,0.999626430124647
"Sst-9","ARPP19",-0.00361199858809684,0.114768168043431,0.974893018978035,-0.228553474524863,0.221329477348669,5,0,0,0.999626430124647
"Sst-9","NT5C2",-0.170739076585463,0.0735757828470901,0.0203090920610488,-0.314944961100099,-0.0265331920708263,5,0,0,0.999626430124647
"Sst-9","EIF3H",0.119541965362604,0.095726262526185,0.211742022461113,-0.068078061563345,0.307161992288553,5,0,0,0.999626430124647
"Sst-9","VPS35",-0.0601764591952711,0.112537672641541,0.592841554432205,-0.280746244476651,0.160393326086109,5,3.93920880566371e-07,0.000466871231257168,0.999626430124647
"Sst-9","FARSB",0.0500527424854741,0.0946003893329616,0.596738453625029,-0.135360613530598,0.235466098501546,5,0,0,0.999626430124647
"Sst-9","LSM14A",-0.0391818244779678,0.0909605548828407,0.666645638172391,-0.217461236062115,0.139097587106179,5,0,0,0.999626430124647
"Sst-9","CUX2",0.0212641640098554,0.0949954672113536,0.82287870256799,-0.164923530418953,0.207451858438664,5,0.00261041844482704,4.86368895376537,0.999626430124647
"Sst-9","CAPRIN2",0.0282858288093735,0.090569974782658,0.754805612322684,-0.149228059845337,0.205799717464084,5,0,0,0.999626430124647
"Sst-9","OPRD1",0.0474940639984982,0.156243399682337,0.761147051796334,-0.258737372200979,0.353725500197975,5,0.0216955154933299,16.9321561984127,0.999626430124647
"Sst-9","BICD1",-0.0472536716974522,0.0547450671678527,0.38805031098991,-0.15455203167767,0.0600446882827652,5,5.54593977225123e-06,0.0218308849852416,0.999626430124647
"Sst-9","ZNF540",-0.0106779415678689,0.100972814911179,0.915780186771846,-0.208581022211409,0.187225139075671,5,0,0,0.999626430124647
"Sst-9","LRP6",-0.0390285035472365,0.0822957546110595,0.635323878036099,-0.200325218665459,0.122268211570986,5,0,0,0.999626430124647
"Sst-9","ZFAND1",0.160072849217568,0.178116850164184,0.368814762420311,-0.18902976214395,0.509175460579085,5,0.0692476884515177,46.2368652643269,0.999626430124647
"Sst-9","CDC42SE2",-0.0276827219100063,0.0821414230940209,0.736107150789305,-0.188676952813154,0.133311508993141,5,0.000918817277861521,2.07998652523068,0.999626430124647
"Sst-9","RHOBTB3",-0.00326872181525835,0.132779998803916,0.980359999305952,-0.263512737338205,0.256975293707688,5,0,0,0.999626430124647
"Sst-9","RASA1",-0.0492216893633916,0.0704870211015908,0.484984254577011,-0.187373712100024,0.0889303333732412,5,0,0,0.999626430124647
"Sst-9","LURAP1L",-0.000861700387047562,0.136223227554293,0.994952895610643,-0.267854320251265,0.26613091947717,5,0,0,0.999626430124647
"Sst-9","ARHGAP5",-0.0265470877175038,0.110376632136264,0.809932075258685,-0.242881311439407,0.189787136004399,5,0.0171408859824957,27.7095453864975,0.999626430124647
"Sst-9","GGNBP2",-0.00919445158963008,0.131741350666965,0.944359460964219,-0.267402754171544,0.249013850992284,5,0.022451313039612,24.1190366727514,0.999626430124647
"Sst-9","ITGA1",0.328215315514902,0.241509663138047,0.174141755956387,-0.145134926154072,0.801565557183875,5,0.0945867835013407,33.2708641586983,0.999626430124647
"Sst-9","MCU",0.0333115226956752,0.122593518960164,0.785834739376329,-0.206967359204275,0.273590404595626,5,0,0,0.999626430124647
"Sst-9","ZBTB1",0.0486162174144446,0.145143124479441,0.737660060322962,-0.235859079168873,0.333091513997763,5,0.025331341988247,22.8034513496922,0.999626430124647
"Sst-9","RASGRF1",-0.231116866042659,0.113659291259209,0.04201029493049,-0.453884983419055,-0.00834874866626173,5,0.0188437608168997,28.6521449842545,0.999626430124647
"Sst-9","DIP2A",-0.0370959581578326,0.0771106119650431,0.630463467250884,-0.18822998043516,0.114038064119495,5,0,0,0.999626430124647
"Sst-9","DNAJB6",-0.0648726424859239,0.109121939562597,0.552179890488181,-0.27874771395177,0.149002428979923,5,2.07669633227705e-06,0.00291133129604342,0.999626430124647
"Sst-9","BCL11A",0.0491522464958661,0.080021278399783,0.539056938991737,-0.107686577164561,0.205991070156294,5,0,0,0.999626430124647
"Sst-9","MTERF1",0.0129589447844526,0.166190955119347,0.937846958038275,-0.312769341805779,0.338687231374684,5,0.0505275071415119,37.742394870556,0.999626430124647
"Sst-9","VKORC1L1",0.113559458652466,0.123131316980665,0.356391404985244,-0.127773487998622,0.354892405303553,5,0,0,0.999626430124647
"Sst-9","TNIK",0.00157010777867778,0.112448687922445,0.988859593892984,-0.218825270658098,0.221965486215453,5,0.0379533931712475,64.0845603196135,0.999626430124647
"Sst-9","AFF2",-0.0961198479051247,0.166151405694629,0.562921480166316,-0.421770619047302,0.229530923237052,5,0,0,0.999626430124647
"Sst-9","LINC01250",-0.068487996726451,0.102123129254002,0.50244901234755,-0.268645652052823,0.131669658599921,5,0,0,0.999626430124647
"Sst-9","EIF4E",-0.145297969663637,0.116585370186089,0.21266176095421,-0.373801096352641,0.0832051570253665,5,0,0,0.999626430124647
"Sst-9","CAMK1D",0.0543610812203576,0.16235729500907,0.737758030346608,-0.263853369624764,0.372575532065479,5,0.0510329445818942,40.009321871492,0.999626430124647
"Sst-9","PLCXD3",0.0364485159937854,0.158856147346077,0.818524202532256,-0.274903811527315,0.347800843514885,5,0,0,0.999626430124647
"Sst-9","BORCS5",-0.0318849315038545,0.102017664559923,0.754627706249287,-0.231835879828191,0.168066016820482,5,0,0,0.999626430124647
"Sst-9","TAF1",0.0503098411168883,0.140685637542137,0.720639182288304,-0.225428941607756,0.326048623841533,5,0.0368405510606154,38.2985852078527,0.999626430124647
"Sst-9","RALGAPA1",-0.0299365342415053,0.0585232907458026,0.608978607659979,-0.144640076360045,0.0847670078770341,5,0,0,0.999626430124647
"Sst-9","SLC27A6",-0.0433524420546733,0.251047384283872,0.862898018852202,-0.535396273664048,0.448691389554702,5,0.0501840902539043,15.4691385999684,0.999626430124647
"Sst-9","EPB41",-0.0511892464700117,0.144919436219737,0.723919360410644,-0.335226122120546,0.232847629180522,5,0,0,0.999626430124647
"Sst-9","HNRNPK",0.078878428194076,0.104917786647662,0.452164255338757,-0.126756654972999,0.284513511361151,5,0,0,0.999626430124647
"Sst-9","CTSB",0.0689202231995047,0.125167173475687,0.581890502850325,-0.176402928859519,0.314243375258528,5,0.00110291588039437,1.1900452170221,0.999626430124647
"Sst-9","GOLM1",0.0680190271639527,0.0980418897365285,0.487823226388655,-0.12413954569589,0.260177600023796,5,0,0,0.999626430124647
"Sst-9","KLHL32",0.0762723863097266,0.149611660989894,0.610189892557134,-0.216961080897682,0.369505853517135,5,0.0744193316366281,69.7288007020959,0.999626430124647
"Sst-9","GABRA4",-0.0678047501327411,0.083474528124734,0.416630568701105,-0.231411818883695,0.0958023186182133,5,0,0,0.999626430124647
"Sst-9","MOK",0.193766612005669,0.130163505143364,0.136582168810699,-0.0613491701768195,0.448882394188157,5,0.0144379819036492,15.1907065337792,0.999626430124647
"Sst-9","PXYLP1",0.272817129192555,0.184658872357766,0.139565383360797,-0.0891076100544447,0.634741868439555,5,0.0828694628360232,51.3496139568375,0.999626430124647
"Sst-9","HECTD1",0.0262183743370963,0.132665969757396,0.84333692775235,-0.23380214836148,0.286238897035672,5,0.0396524448033808,47.7451672526922,0.999626430124647
"Sst-9","IST1",-0.106907819024939,0.104395578672863,0.305804752106057,-0.311519393368968,0.0977037553190907,5,0,0,0.999626430124647
"Sst-9","GNB1",-0.0523900867883036,0.074749896480957,0.483383089009051,-0.198897191739077,0.0941170181624695,5,0,0,0.999626430124647
"Sst-9","ME3",0.0138143369008911,0.0642930557697442,0.829872458625031,-0.112197736863833,0.139826410665615,5,1.13729949820006e-06,0.00356040599628053,0.999626430124647
"Sst-9","GNG7",-0.00272305495749969,0.106721644267247,0.979643793946107,-0.2118936340922,0.206447524177201,5,0,0,0.999626430124647
"Sst-9","TVP23A",0.148386739757898,0.104720439745516,0.156488855787447,-0.0568615505885097,0.353635030104305,5,0,0,0.999626430124647
"Sst-9","COPA",-0.0364873806780433,0.0870100031644575,0.674962578328163,-0.207023853175096,0.13404909181901,5,0,0,0.999626430124647
"Sst-9","ZFP90",0.0448606417200768,0.10106276590089,0.657122897723854,-0.153218739623671,0.242940023063825,5,0,0,0.999626430124647
"Sst-9","SETD2",-0.0119804069066753,0.0695194513731344,0.863176745279818,-0.148236027823002,0.124275214009652,5,0,0,0.999626430124647
"Sst-9","SRRM1",0.0350316162803685,0.135357749530266,0.795783682364339,-0.230264697827345,0.300327930388082,5,0.0331970403698447,37.2426363988706,0.999626430124647
"Sst-9","SCG3",0.0354615350565527,0.0978064345903028,0.716927223443198,-0.156235554196713,0.227158624309819,5,0,0,0.999626430124647
"Sst-9","RBM5",-0.0385581308098109,0.0863960427636821,0.655384093078984,-0.20789126303341,0.130775001413788,5,0,0,0.999626430124647
"Sst-9","SERGEF",-0.00605120070219941,0.0740025116069337,0.934829447979226,-0.151093458217297,0.138991056812898,5,0,0,0.999626430124647
"Sst-9","MDN1",0.0208220518469146,0.0831531652540033,0.802273386826498,-0.142155157251439,0.183799260945268,5,0,0,0.999626430124647
"Sst-9","C6orf89",-0.00233341077195609,0.0993006100234851,0.981252672035149,-0.196959030060844,0.192292208516932,5,0,0,0.999626430124647
"Sst-9","XPA",0.00830364088099272,0.135705998185168,0.951209121041651,-0.257675228047995,0.274282509809981,5,0.0241027303971202,25.0211647888341,0.999626430124647
"Sst-9","FKTN",0.0542551807973248,0.0989256883227574,0.583387205911247,-0.139635605461114,0.248145967055764,5,0,0,0.999626430124647
"Sst-9","PACSIN1",0.0907696369907746,0.159733663034073,0.569861046793946,-0.222302589674665,0.403841863656214,5,0.062237694164492,51.4679644893817,0.999626430124647
"Sst-9","BIN1",-0.229705288403335,0.142011313588487,0.105767375365032,-0.508042348433994,0.0486317716273233,5,0.03701223743668,37.5114770287572,0.999626430124647
"Sst-9","NR2C2",0.0683508491452508,0.100404102728532,0.496024926150692,-0.128437576102732,0.265139274393234,5,0,0,0.999626430124647
"Sst-9","TIAM1",-0.0223358546947857,0.0814027024669185,0.783787124929387,-0.181882219774176,0.137210510384604,5,0.0120019722420355,37.0632702138756,0.999626430124647
"Sst-9","NEO1",-0.0394653233094914,0.0817505018997087,0.629270924133112,-0.199693362750994,0.120762716132011,5,0,0,0.999626430124647
"Sst-9","ABL1",-0.134039878417411,0.18575202837471,0.470536417366574,-0.498107164087105,0.230027407252283,5,0.100335121479338,62.4555422214029,0.999626430124647
"Sst-9","CCDC88A",-0.0101390087547092,0.0645771814454282,0.875240073002551,-0.136707958610857,0.116429941101438,5,0,0,0.999626430124647
"Sst-9","DGKH",-0.313095831395671,0.127246880456077,0.0138728738264488,-0.562495134234655,-0.0636965285566868,5,0,0,0.999626430124647
"Sst-9","TMEM14A",0.181147538834869,0.163037081576981,0.266533128479593,-0.138399269200532,0.50069434687027,5,0.0307242444307139,22.6109011938756,0.999626430124647
"Sst-9","HSPA9",-0.0614415381312619,0.138916966299016,0.658279610558485,-0.333713788918898,0.210830712656374,5,0.0262975484652616,25.7467682624953,0.999626430124647
"Sst-9","SCN2B",6.93804268484941e-05,0.198731358329367,0.999721445217578,-0.389436924497435,0.389575685351132,5,0.0841046810640907,44.4912076980615,0.999897576550421
"Sst-9","RNF144B",-0.196429073717697,0.120812734655122,0.10397154927178,-0.43321768251553,0.0403595350801372,5,0,0,0.999626430124647
"Sst-9","YAF2",0.0149073109154716,0.0823581753591273,0.856362990134767,-0.146511746620852,0.176326368451795,5,0,0,0.999626430124647
"Sst-9","DNAJC18",-0.0423416487264327,0.107583083246274,0.693897334975017,-0.253200617234905,0.16851731978204,5,0,0,0.999626430124647
"Sst-9","APLP2",-0.00907192694358032,0.0752664906147659,0.904062718224104,-0.156591537791243,0.138447683904083,5,0,0,0.999626430124647
"Sst-9","GON4L",0.0886235697075005,0.111616634390241,0.427195629537287,-0.130141013772947,0.307388153187948,5,0.00615814909678961,8.56388723549654,0.999626430124647
"Sst-9","GRIA2",0.0332367800031659,0.0634144009828468,0.600194813767396,-0.0910531620243953,0.157526722030727,5,0.00467579428648099,21.6292180435224,0.999626430124647
"Sst-9","VOPP1",-0.201037910149923,0.103572580090287,0.0522541409248802,-0.404036436912776,0.00196061661292979,5,0,0,0.999626430124647
"Sst-9","TPGS2",0.0980127188684603,0.107368837982829,0.36131617028518,-0.1124263366398,0.30845177437672,5,0.00205196347017182,2.56149273563308,0.999626430124647
"Sst-9","CNTRL",-0.0383352634177896,0.0958769187454059,0.689275625206461,-0.226250571107458,0.149580044271879,5,0,0,0.999626430124647
"Sst-9","PACRG",0.0743733289400095,0.0842852924767492,0.377560620010134,-0.0908228087408436,0.239569466620863,5,0.00156552409468609,3.890151655357,0.999626430124647
"Sst-9","CCDC50",0.0895870071746556,0.10993023762566,0.415104263565215,-0.125872299383568,0.305046313732879,5,2.32732294595677e-06,0.00280640202674039,0.999626430124647
"Sst-9","WNK3",-0.130620677607549,0.120537786768511,0.278520362302695,-0.36687039845,0.105629043234901,5,0,0,0.999626430124647
"Sst-9","DUSP10",-0.00186979357717015,0.16810811277317,0.991125659299606,-0.331355640121582,0.327616052967241,5,0.0454767742672723,32.3988684414986,0.999626430124647
"Sst-9","AMOTL1",0.155414406082831,0.149367789335657,0.298116302584702,-0.137341081465423,0.448169893631085,5,0.049185351814758,45.9757830201283,0.999626430124647
"Sst-9","UBE2V2",0.0548617428474591,0.106616778462862,0.606853879758888,-0.154103303087437,0.263826788782355,5,0,0,0.999626430124647
"Sst-9","RALA",0.0350689140015587,0.103191842393702,0.733975575990798,-0.16718338058843,0.237321208591548,5,0,0,0.999626430124647
"Sst-9","USP13",0.00495200083079102,0.1266549534363,0.968811969347754,-0.243287146367955,0.253191148029537,5,1.2548282680034e-06,0.00137892929915161,0.999626430124647
"Sst-9","FAM171A1",-0.201768881649243,0.0875147469427877,0.0211362648562305,-0.373294633773244,-0.0302431295252427,5,0,0,0.999626430124647
"Sst-9","SNX32",0.164838836644291,0.102005143675808,0.106097440731785,-0.0350875711981264,0.364765244486709,5,0,0,0.999626430124647
"Sst-9","RRAS2",0.0662675818568529,0.119056275483918,0.577795823544037,-0.167078430225105,0.29961359393881,5,0,0,0.999626430124647
"Sst-9","TNR",-0.216490667668913,0.269814590502335,0.422339958691118,-0.745317547556912,0.312336212219086,5,0.254787595297016,75.1640337576515,0.999626430124647
"Sst-9","NUP153",0.188157344056659,0.0854150859457509,0.027604726760683,0.0207468518665936,0.355567836246724,5,0,0,0.999626430124647
"Sst-9","BRWD3",0.0821010996558662,0.112171079950962,0.464212811826465,-0.137750177154983,0.301952376466715,5,0.00490723060083959,6.32697406595764,0.999626430124647
"Sst-9","PGRMC1",0.0694241278879142,0.205006523683893,0.734878304190129,-0.332381275128274,0.471229530904102,5,0.11095144964319,55.5054215773536,0.999626430124647
"Sst-9","RAB12",0.0534621504453826,0.103567964262359,0.605712253637536,-0.149527329460973,0.256451630351738,5,0,0,0.999626430124647
"Sst-9","UBE2N",0.0413234924496619,0.103076371163248,0.688492498108295,-0.160702482687387,0.243349467586711,5,0,0,0.999626430124647
"Sst-9","TRAF3IP1",-0.133182166848046,0.105212431305254,0.205570157332555,-0.339394742932238,0.0730304092361456,5,0,0,0.999626430124647
"Sst-9","SAMD5",-0.182275264903083,0.0860698413604662,0.0341954008409754,-0.350969054124672,-0.0135814756814929,5,0,0,0.999626430124647
"Sst-9","INPP4B",0.242892382102838,0.182236610736917,0.182584067666795,-0.114284811606163,0.60006957581184,5,0.0781506755368811,48.5802300079406,0.999626430124647
"Sst-9","GAS6",-0.312808233976266,0.114254970067477,0.00618500701451901,-0.536743860363222,-0.0888726075893095,5,0,0,0.999626430124647
"Sst-9","ATP2B1",0.0450445110458867,0.0670665221661008,0.501813361819514,-0.0864034569680281,0.176492479059802,5,0,0,0.999626430124647
"Sst-9","BRWD1",-0.0209734027578759,0.0636691945989146,0.741844227260928,-0.145762731096421,0.103815925580669,5,0,0,0.999626430124647
"Sst-9","LRRC40",0.055237930749665,0.102964307208302,0.591629275750308,-0.146568403071724,0.257044264571054,5,0,0,0.999626430124647
"Sst-9","DYNC2LI1",0.0847898200964053,0.0996719798229237,0.394942340106707,-0.110563670624328,0.280143310817139,5,0,0,0.999626430124647
"Sst-9","PARM1",-0.0375688846800507,0.20846849829143,0.856984783626768,-0.446159633242403,0.371021863882301,5,0.134597432146093,64.1612079852333,0.999626430124647
"Sst-9","SYT1",-0.0190945716499267,0.0871475176263647,0.826567229832847,-0.189900567539671,0.151711424239818,5,0.0209678795967348,59.9115159178949,0.999626430124647
"Sst-9","KIF1A",0.0459895083223108,0.0823614072960021,0.576580403402923,-0.115435883693888,0.207414900338509,5,0,0,0.999626430124647
"Sst-9","LARP4B",0.0550255192767782,0.0946654114821181,0.561063083795247,-0.130515277809838,0.240566316363394,5,0.00261702087282906,4.80231157478752,0.999626430124647
"Sst-9","RAC1",-0.033167235185362,0.11814280319178,0.778910965130493,-0.264722874473855,0.198388404103131,5,0,0,0.999626430124647
"Sst-9","EEPD1",-0.232808165179188,0.107614793410421,0.0305144830591793,-0.443729284467331,-0.0218870458910459,5,0,0,0.999626430124647
"Sst-9","ATG5",-0.137842728519766,0.0729992460464419,0.0589888998321288,-0.28091862166937,0.00523316462983794,5,0,0,0.999626430124647
"Sst-9","KLHL1",0.267268223647868,0.164969300448249,0.105208896650078,-0.0560656637854675,0.590602111081204,5,0,0,0.999626430124647
"Sst-9","NFAT5",-0.050011843966143,0.0665066130167664,0.452061267782105,-0.180362410212748,0.0803387222804618,5,0,0,0.999626430124647
"Sst-9","ARIH1",0.119728710222518,0.0654554541342765,0.0673751582794614,-0.00856162247237778,0.248019042917413,5,3.48288835074098e-06,0.0122374906030337,0.999626430124647
"Sst-9","GABRA2",-0.044963060820773,0.192995728961228,0.815781298105061,-0.423227738754835,0.333301617113289,5,0.128763186705454,72.3162677360539,0.999626430124647
"Sst-9","FBXO3",0.077825521618826,0.11551158751266,0.500472527385281,-0.148573029703033,0.304224072940685,5,0.00422184817050894,4.82750810186962,0.999626430124647
"Sst-9","EML2",-0.114108493148791,0.113286750176965,0.313812894980538,-0.336146443421228,0.107929457123646,5,0.0134587820878314,19.4652674777478,0.999626430124647
"Sst-9","CHST11",0.0695203072384413,0.125371739985448,0.579227551614707,-0.176203787812157,0.31524440228904,5,4.21715301210275e-07,0.000348683153497237,0.999626430124647
"Sst-9","CRHR2",-0.0542023600860188,0.232584678757621,0.815727585680653,-0.510059953806774,0.401655233634736,5,0.148405126656086,59.3191254958133,0.999626430124647
"Sst-9","NF1",-0.0989077825715963,0.0509175839806106,0.052075707590136,-0.198704413353387,0.000888848210194082,5,0,0,0.999626430124647
"Sst-9","KDM6A",-0.138853110759092,0.149321716909215,0.352426864084884,-0.431518298010838,0.153812076492654,5,0.0477092226174389,45.3755656491791,0.999626430124647
"Sst-9","SLC25A36",-0.0281394967760134,0.0838243971778395,0.737100284978095,-0.19243229627036,0.136153302718333,5,0,0,0.999626430124647
"Sst-9","NMT2",0.111227157004704,0.169370722398217,0.511368504784711,-0.220733358931332,0.443187672940741,5,0.0619019794776503,45.4056592861639,0.999626430124647
"Sst-9","CNKSR2",-0.0314628571019547,0.163356842219903,0.847270666129143,-0.351636384481156,0.288710670277247,5,0.0787511781479745,62.7972785355449,0.999626430124647
"Sst-9","LARP4",0.0335766315419874,0.106366184192754,0.752252870012515,-0.174897258648764,0.242050521732739,5,0,0,0.999626430124647
"Sst-9","PDXK",-0.0468876554863403,0.0949659052833202,0.621495840880295,-0.23301740960089,0.139242098628209,5,7.27830135376949e-07,0.00130282810558118,0.999626430124647
"Sst-9","PSMG2",-0.0473476473119286,0.090838022581926,0.602205447505509,-0.22538689999934,0.130691605375482,5,2.00534512703874e-06,0.00308249796809829,0.999626430124647
"Sst-9","KCNK10",0.133413292736264,0.164546576606707,0.417484274945163,-0.189092071192243,0.455918656664772,5,0.0530792660913566,40.9952023571188,0.999626430124647
"Sst-9","CFDP1",0.0243327712762565,0.102343887060024,0.812071119596942,-0.176257561399226,0.224923103951739,5,0,0,0.999626430124647
"Sst-9","ATF6",-0.0283013047796946,0.17604497454318,0.872281022892821,-0.373343114543599,0.316740504984209,5,0.08898485706909,61.9798698257454,0.999626430124647
"Sst-9","ZNF608",-0.0210998153450768,0.069913598089698,0.762805714629205,-0.158127949630493,0.11592831894034,5,0,0,0.999626430124647
"Sst-9","ANKRD33B",-0.00478293225694713,0.119681847683716,0.968122047707242,-0.239355043320239,0.229789178806345,5,0,0,0.999626430124647
"Sst-9","ZC2HC1A",-0.0768858109334417,0.0940439070500475,0.413612883607607,-0.261208481716967,0.107436859850084,5,0,0,0.999626430124647
"Sst-9","SSBP1",0.00874215682481812,0.111144519717498,0.937306433690486,-0.209097098900479,0.226581412550115,5,0,0,0.999626430124647
"Sst-9","ADD1",-0.0928475894061957,0.0751505928813674,0.216649267880174,-0.240140044870508,0.0544448660581165,5,0,0,0.999626430124647
"Sst-9","DKK3",0.219284704465605,0.0890927923797814,0.0138431894655742,0.0446660401191289,0.393903368812081,5,0,0,0.999626430124647
"Sst-9","LPGAT1",0.110042630470563,0.118278347746921,0.352179528004437,-0.121778671264306,0.341863932205431,5,0.0216124073815022,30.0928315954622,0.999626430124647
"Sst-9","HNRNPM",-0.219802985460157,0.0980103433274079,0.0249193346675327,-0.411899728494282,-0.0277062424260323,5,0,0,0.999626430124647
"Sst-9","DCAF5",0.10028340630418,0.108088162452804,0.353515119969397,-0.111565499258432,0.312132311866791,5,0.0121836736101649,18.5477903086931,0.999626430124647
"Sst-9","SPTB",-0.121773788678562,0.111545055927088,0.274964783686034,-0.340398080949161,0.0968505035920366,5,0,0,0.999626430124647
"Sst-9","KDM2B",0.0111538516699659,0.101714080939524,0.912679916785412,-0.188202083692093,0.210509787032025,5,0,0,0.999626430124647
"Sst-9","ZMYND11",0.0668804257213011,0.0709835139699009,0.346091992866534,-0.0722447051558004,0.206005556598403,5,6.46410070776279e-06,0.0172556624019008,0.999626430124647
"Sst-9","AGPAT5",0.0490130528622054,0.116268972346358,0.673354339879214,-0.178869945456139,0.27689605118055,5,0,0,0.999626430124647
"Sst-9","ARMC2",0.18170686834114,0.091162262887233,0.0462368544833826,0.0030321163329908,0.360381620349289,5,4.5820504268846e-08,7.28717036458663e-05,0.999626430124647
"Sst-9","STK4",-0.189453930356759,0.115857831356841,0.102001331978081,-0.416531107143082,0.0376232464295646,5,0,0,0.999626430124647
"Sst-9","PDZD8",-0.128962823409539,0.101199210785673,0.202540772029983,-0.327309631813335,0.0693839849942578,5,0.000187840819890803,0.269469320427066,0.999626430124647
"Sst-9","CEP164",0.067161108920175,0.15834263746566,0.671456057843779,-0.2431847577296,0.37750697556995,5,0.0604390040331124,50.7756572231737,0.999626430124647
"Sst-9","ZNF33B",0.122982306863542,0.120125548874352,0.305938520840798,-0.112459442553294,0.358424056280378,5,0.0145043217166252,19.1165418070612,0.999626430124647
"Sst-9","CSMD2",-0.126158134893893,0.103183734844176,0.221459936552479,-0.328394538978808,0.076078269191022,5,0.0135658899740333,24.6929240414619,0.999626430124647
"Sst-9","DTWD1",0.218221719460656,0.112695690327067,0.0528211352191792,-0.00265777479327442,0.439101213714586,5,0.00332585394344709,4.03325406083158,0.999626430124647
"Sst-9","STEAP2",0.121818193037709,0.15584022418863,0.434398861435949,-0.183623033714654,0.427259419790071,5,0.0365404447402823,30.0488704113766,0.999626430124647
"Sst-9","FKBP3",0.0217847096821667,0.0992697518775491,0.826299817928618,-0.172780428752057,0.21634984811639,5,0,0,0.999626430124647
"Sst-9","CHSY1",-0.00960406295324433,0.117013335542627,0.934585758573444,-0.238945986327694,0.219737860421205,5,0,0,0.999626430124647
"Sst-9","KCNAB2",-0.0730000235499153,0.105216789093291,0.487803974884823,-0.279221140741712,0.133221093641881,5,0,0,0.999626430124647
"Sst-9","CNNM1",-0.150520584074869,0.147703801253263,0.308169506119055,-0.440014714910926,0.138973546761188,5,0.0533589270338802,51.2911274663046,0.999626430124647
"Sst-9","ARRB1",-0.211265031699395,0.103484379960262,0.0411995514853694,-0.414090689383968,-0.00843937401482286,5,0,0,0.999626430124647
"Sst-9","CACNG3",-0.0389092978911642,0.0815437012042362,0.63324901796696,-0.198732015417563,0.120913419635234,5,0,0,0.999626430124647
"Sst-9","ASTN2",-0.0101596866637947,0.0490875086676292,0.836032571871308,-0.106369435743146,0.0860500624155562,5,0,0,0.999626430124647
"Sst-9","RCAN3",-0.0636173516041904,0.180484527131803,0.724477627464689,-0.417360524549266,0.290125821340885,5,0.0785418142997491,52.0386006567361,0.999626430124647
"Sst-9","TMEM50B",0.141968016915098,0.0942035693758341,0.131801847357563,-0.0426675862766574,0.326603620106853,5,0,0,0.999626430124647
"Sst-9","SORT1",-0.0435038066538614,0.0990339806206612,0.660457496195404,-0.237606841915995,0.150599228608272,5,0,0,0.999626430124647
"Sst-9","SYT16",0.00395594934583383,0.0553374204501581,0.943009549722815,-0.104503401733826,0.112415300425494,5,0,0,0.999626430124647
"Sst-9","CHKA",-0.0755290336030316,0.196934270802412,0.701331224800787,-0.461513111697417,0.310455044491354,5,0.0893563094425961,49.6034848182474,0.999626430124647
"Sst-9","AVL9",0.0520134461360209,0.0678670595094004,0.443437178262636,-0.0810035462390406,0.185030438511082,5,0,0,0.999626430124647
"Sst-9","LRRC4B",0.0396169070594432,0.105055042482282,0.706094689515893,-0.166287192600155,0.245521006719042,5,1.00350841171003e-06,0.00146768625313623,0.999626430124647
"Sst-9","ZBTB7A",0.0571946252374179,0.109012933263607,0.59982020855064,-0.15646679780832,0.270856048283156,5,0,0,0.999626430124647
"Sst-9","SH3GLB1",0.185405967132839,0.0946601641546558,0.0501539920185429,-0.000124545380935398,0.370936479646614,5,0,0,0.999626430124647
"Sst-9","APBB1",-0.0380711163514767,0.101413961501956,0.707360693728182,-0.236838828424842,0.160696595721889,5,0,0,0.999626430124647
"Sst-9","STMN3",-0.139270248683718,0.108052329184952,0.197427700402626,-0.351048922331889,0.0725084249644538,5,0,0,0.999626430124647
"Sst-9","PTPRD",0.163153369230563,0.110763420015895,0.14075383160094,-0.0539389448050738,0.3802456832662,5,0,0,0.999626430124647
"Sst-9","LENG8",-0.0392754139179472,0.0990916365655959,0.691843543029037,-0.233491452755647,0.154940624919753,5,0,0,0.999626430124647
"Sst-9","ADAR",0.0317797929257904,0.0876069787240939,0.716788563637706,-0.1399267301678,0.203486316019381,5,9.13243093280694e-07,0.00147762647592709,0.999626430124647
"Sst-9","ANKFY1",-0.15080988707192,0.0903086324992904,0.0949314777714872,-0.327811554263593,0.0261917801197524,5,0,0,0.999626430124647
"Sst-9","LANCL2",-0.000249167311578051,0.0953698110709463,0.997915414505283,-0.187170562223022,0.186672227599866,5,1.40742478674476e-07,0.000232337754883087,0.999626430124647
"Sst-9","MRPS31",0.0718793344171893,0.10401545952396,0.489537436224395,-0.131987220085156,0.275745888919535,5,0,0,0.999626430124647
"Sst-9","ATXN7L1",0.0218066062798044,0.095792889862559,0.819923581723297,-0.165944007825823,0.209557220385432,5,0.00758956449143122,13.9272509605661,0.999626430124647
"Sst-9","AKAP6",-0.0185249767714919,0.0585731294459819,0.751796891556999,-0.133326200947419,0.0962762474044351,5,0.00177063895127957,8.51503674469355,0.999626430124647
"Sst-9","CD200",0.0635177681712511,0.161158851348968,0.693484009083863,-0.25234777626257,0.379383312605072,5,0.0493854354990566,39.3980203461767,0.999626430124647
"Sst-9","CLCN4",0.116559765009116,0.0932565415958917,0.211342294146769,-0.0662196978415928,0.299339227859825,5,0.00264192114194744,4.76468543264584,0.999626430124647
"Sst-9","CACNA1E",0.0181633039585458,0.110083707679861,0.868947612882015,-0.197596798378617,0.233923406295708,5,0.023471226132436,40.1055539223641,0.999626430124647
"Sst-9","SLC36A1",0.0707775615170533,0.111304074783813,0.524845699959579,-0.147374416391773,0.28892953942588,5,3.7241773542261e-06,0.00415523838174845,0.999626430124647
"Sst-9","EWSR1",0.00338847751413158,0.0886972347335238,0.969526035237549,-0.17045490809187,0.177231863120133,5,0,0,0.999626430124647
"Sst-9","CCNT2",0.00542294381598444,0.0874105933680713,0.950531063549568,-0.165898671052711,0.17674455868468,5,0,0,0.999626430124647
"Sst-9","STOX2",0.00931621978644613,0.0643710799794263,0.884926586334514,-0.116848778619177,0.135481218192069,5,0,0,0.999626430124647
"Sst-9","TMBIM6",0.036142793031684,0.146509270541822,0.805145921806521,-0.251010100631521,0.323295686694889,5,0.0277354002081515,25.5103362294473,0.999626430124647
"Sst-9","LYRM4",-0.0574794448539379,0.0928828370188476,0.536022974151789,-0.239526460192783,0.124567570484907,5,0,0,0.999626430124647
"Sst-9","C2CD3",-0.139843686148403,0.167544279329933,0.403905209587522,-0.46822443945079,0.188537067153985,5,0.0600361550211113,45.2589372192428,0.999626430124647
"Sst-9","CALU",-0.110374348653365,0.0934569378456199,0.237595475700833,-0.293546580936179,0.0727978836294479,5,0,0,0.999626430124647
"Sst-9","ACOT7",-0.0991895735724566,0.106278192033521,0.350664430034197,-0.307491002300189,0.109111855155276,5,0,0,0.999626430124647
"Sst-9","TLK2",-0.114056503525578,0.152283920399021,0.45387364222514,-0.412527502932224,0.184414495881068,5,0.0392517945656965,34.3674773269173,0.999626430124647
"Sst-9","UBA6",-0.0666244103867785,0.090926560869814,0.463724521957614,-0.244837194929703,0.111588374156146,5,0,0,0.999626430124647
"Sst-9","DOCK11",-0.0500388530300879,0.0959281822488791,0.601929166816049,-0.238054635340285,0.13797692928011,5,0,0,0.999626430124647
"Sst-9","CDYL2",-0.14448896769075,0.156549416754865,0.356027657984251,-0.451320186331038,0.162342250949537,5,0.0392682962317632,31.9444618876189,0.999626430124647
"Sst-9","OXSR1",-0.171150549389526,0.0998726413884675,0.086586037690305,-0.366897329551806,0.0245962307727548,5,0,0,0.999626430124647
"Sst-9","NAA35",-0.0433804022939172,0.093336468630596,0.64209301398436,-0.226316519254038,0.139555714666203,5,0,0,0.999626430124647
"Sst-9","ZC3H15",0.113519212713233,0.113911082197035,0.318978195311296,-0.109742405832938,0.336780831259405,5,0,0,0.999626430124647
"Sst-9","PRPSAP1",-0.0696497924192155,0.113213596986348,0.538418054370747,-0.291544365072689,0.152244780234258,5,0,0,0.999626430124647
"Sst-9","MRPS5",-0.00485151910006744,0.0999279863754366,0.961277794645421,-0.200706773443532,0.191003735243398,5,0,0,0.999626430124647
"Sst-9","ATRX",0.0222054545269545,0.0526679234007175,0.673307885432351,-0.0810217784789663,0.125432687532875,5,0,0,0.999626430124647
"Sst-9","ANKRD55",0.180256103649005,0.339293323995079,0.595232223440771,-0.484746591576229,0.84525879887424,5,0.375943450120923,71.8523465756361,0.999626430124647
"Sst-9","PSMD11",0.031041885820322,0.1062824128285,0.770233236680341,-0.177267815513556,0.2393515871542,5,0,0,0.999626430124647
"Sst-9","SEC14L1",-0.0889711759137863,0.162582657730685,0.584216215151511,-0.407627329576732,0.229684977749159,5,0.0603629192105402,48.2041464909462,0.999626430124647
"Sst-9","NFIC",-0.0891199350560378,0.102374872600158,0.384013301174654,-0.289770998274225,0.111531128162149,5,0,0,0.999626430124647
"Sst-9","REEP2",-0.165533581858028,0.158815282563277,0.297271407539643,-0.476805815876603,0.145738652160546,5,0.0458880076102979,37.0508007072528,0.999626430124647
"Sst-9","MPHOSPH8",-0.0550990402738647,0.132554843634313,0.677651670916906,-0.314901759773456,0.204703679225727,5,0.0448220339745606,54.2662603949322,0.999626430124647
"Sst-9","SPOP",0.167307053922648,0.134275754184624,0.212765860106003,-0.0958685882761682,0.430482696121464,5,0.0281402849723096,31.0054422963403,0.999626430124647
"Sst-9","OXCT1",0.0186799907851391,0.0917641222536815,0.838693214368773,-0.161174383905007,0.198534365475285,5,0,0,0.999626430124647
"Sst-9","IWS1",-0.0424578935045984,0.10581206462826,0.6882304880297,-0.249845729305812,0.164929942296615,5,0,0,0.999626430124647
"Sst-9","EP300",0.0294116489596291,0.0756255361900689,0.697341534187228,-0.118811678284436,0.177634976203695,5,0,0,0.999626430124647
"Sst-9","SON",0.0832515958943756,0.0708713694221338,0.240120416471793,-0.05565373570804,0.222156927496791,5,0,0,0.999626430124647
"Sst-9","GNAI1",0.0260586646828903,0.109463283326882,0.811835724178133,-0.188485428267302,0.240602757633082,5,0,0,0.999626430124647
"Sst-9","PSAP",0.135080140068355,0.0858029097265644,0.115416441977782,-0.0330904727644523,0.303250752901163,5,0,0,0.999626430124647
"Sst-9","GBF1",-0.0293855107314586,0.0852490490287205,0.730318475854516,-0.19647057654404,0.137699555081123,5,4.41207156050216e-07,0.000813088972678931,0.999626430124647
"Sst-9","UBE2G2",0.0935277223935662,0.0959270876924831,0.329566403678128,-0.0944859146255161,0.281541359412649,5,2.36576493635471e-06,0.00398652291804484,0.999626430124647
"Sst-9","PWWP2A",-0.0100175213863199,0.108337295219781,0.926327766522036,-0.222354718199575,0.202319675426935,5,0,0,0.999626430124647
"Sst-9","RGS4",-0.222788102019256,0.126561343733572,0.0783540504547715,-0.470843777572052,0.0252675735335392,5,0,0,0.999626430124647
"Sst-9","EEFSEC",0.0651775887520606,0.115545962809142,0.572697202831309,-0.161288336912862,0.291643514416983,5,0.00171091074629465,2.1374858119852,0.999626430124647
"Sst-9","AGO4",0.0658612097937303,0.0931823385110064,0.479691221911498,-0.116772817683062,0.248495237270522,5,0,0,0.999626430124647
"Sst-9","TMEM63B",-0.0254185405392109,0.128452255103409,0.84313646546137,-0.277180334274843,0.226343253196422,5,0.0125743405690831,14.0659940829741,0.999626430124647
"Sst-9","PTMA",0.17859779519403,0.134393925469659,0.183876771320128,-0.0848094584674619,0.442005048855521,5,0,0,0.999626430124647
"Sst-9","SCAF11",0.0272405290724052,0.0893510303065541,0.760464479359384,-0.147884272309988,0.202365330454798,5,0,0,0.999626430124647
"Sst-9","EIF2AK4",-0.0442906398892268,0.091927687801478,0.629948957511208,-0.224465597162166,0.135884317383712,5,2.65780136457532e-07,0.000481709294568017,0.999626430124647
"Sst-9","FHOD3",0.002184676703986,0.0845701432516014,0.979390764963288,-0.163569758236546,0.167939111644518,5,0,0,0.999626430124647
"Sst-9","FCHSD2",0.0458794593711722,0.0641466372093678,0.474468282437094,-0.0798456392885456,0.17160455803089,5,0.0008726715095345,2.8126320885285,0.999626430124647
"Sst-9","CDK12",0.0780287633766723,0.116199837229166,0.501898920916071,-0.14971873260191,0.305776259355254,5,0.00793037966562984,10.2420214307922,0.999626430124647
"Sst-9","NFE2L1",0.183817661073098,0.115490300401736,0.111468187868316,-0.0425391682780157,0.410174490424212,5,0,0,0.999626430124647
"Sst-9","SUCLG1",-0.119486969556775,0.100538910494359,0.234650287357225,-0.316539613170614,0.0775656740570644,5,0,0,0.999626430124647
"Sst-9","BDP1",-0.0360813920302232,0.0697237901775467,0.604813869071567,-0.172737509643842,0.100574725583396,5,0,0,0.999626430124647
"Sst-9","CSNK1G3",-0.0397930613786386,0.0797263834288641,0.617694593496753,-0.196053901516843,0.116467778759566,5,5.55236725720275e-06,0.0111993733889227,0.999626430124647
"Sst-9","CHFR",0.00269154248383722,0.116685476057973,0.981597111825634,-0.226007788108702,0.231390873076376,5,0.00434434947931205,5.52170098069753,0.999626430124647
"Sst-9","PIGN",0.00777631089553785,0.117559742257611,0.947260205531386,-0.222636549961192,0.238189171752268,5,0.00580866061812233,6.8330085736299,0.999626430124647
"Sst-9","GRIN2D",-0.0272912426744335,0.137900558201642,0.843119206566557,-0.297571370197622,0.242988884848755,5,0.0122110460317931,10.3735124035366,0.999626430124647
"Sst-9","GOLT1B",-0.0635909079789975,0.112923881330497,0.573345865951845,-0.284917648381247,0.157735832423252,5,0,0,0.999626430124647
"Sst-9","DYNC1LI1",-0.133453101347885,0.105292539097674,0.204994184507531,-0.339822685820101,0.0729164831243306,5,0,0,0.999626430124647
"Sst-9","KATNAL1",-0.097171547641927,0.212244035711982,0.647075052109024,-0.513162213570846,0.318819118286992,5,0.130383545505087,63.3460809948908,0.999626430124647
"Sst-9","TRIM23",0.102112193501677,0.103165001063574,0.32227437058443,-0.100087493047964,0.304311880051318,5,0,0,0.999626430124647
"Sst-9","WDR47",-0.0333934872344597,0.0927823958874471,0.718913026974523,-0.215243641573193,0.148456667104274,5,0,0,0.999626430124647
"Sst-9","SCOC",0.0499072635539588,0.144765207133448,0.730285138157658,-0.23382732864208,0.333641855749998,5,0,0,0.999626430124647
"Sst-9","SEC63",0.00796652044863156,0.0918851402626377,0.930909294831145,-0.17212504518055,0.188058086077813,5,0,0,0.999626430124647
"Sst-9","ARFIP1",0.0468068855318933,0.158232560335768,0.767374645801308,-0.263323233907772,0.356937004971559,5,0.043622261283806,35.0927738813762,0.999626430124647
"Sst-9","SUPT20H",0.0508872875733313,0.105243000732115,0.628725268411126,-0.155385203486538,0.2571597786332,5,0,0,0.999626430124647
"Sst-9","LZTS3",-0.063333908635871,0.114403965076944,0.579853382525223,-0.28756155987526,0.160893742603518,5,0,0,0.999626430124647
"Sst-9","INTS6",-0.0696616961285536,0.112532096006251,0.535891018473148,-0.290220551405609,0.150897159148502,5,0,0,0.999626430124647
"Sst-9","THSD7A",0.208618167767103,0.171034252481286,0.222561571411614,-0.126602807218948,0.543839142753154,5,0,0,0.999626430124647
"Sst-9","TUBE1",0.0940231958119116,0.0838003594055804,0.261866536697905,-0.0702224905145384,0.258268882138362,5,0,0,0.999626430124647
"Sst-9","NSUN6",-0.0507741257691111,0.0920614393317579,0.58127427711533,-0.231211231224276,0.129662979686053,5,0,0,0.999626430124647
"Sst-9","VPS41",-0.177025879804442,0.0764722153821827,0.0206181559739188,-0.32690866777151,-0.0271430918373738,5,0,0,0.999626430124647
"Sst-9","ST6GALNAC5",-0.0888679869929376,0.0517977991309325,0.0862222571958379,-0.190389807768005,0.0126538337821303,5,0,0,0.999626430124647
"Sst-9","PRKRA",0.0595821146348215,0.106247724558628,0.574944213526095,-0.148659598939422,0.267823828209065,5,0,0,0.999626430124647
"Sst-9","UPF2",-0.0416145251317813,0.0998169302282958,0.676745347205025,-0.237252113426588,0.154023063163026,5,0,0,0.999626430124647
"Sst-9","ACO1",0.0214935985497039,0.101821550388679,0.832816372884069,-0.178072973062138,0.221060170161545,5,0,0,0.999626430124647
"Sst-9","ZNF331",-0.0547186859162378,0.112098056747657,0.625456110674686,-0.274426839878573,0.164989468046098,5,0,0,0.999626430124647
"Sst-9","RAB3B",-0.0111633792339951,0.149199426562223,0.940356445455175,-0.303588881809982,0.281262123341992,5,0.00297986295781145,2.31034989014217,0.999626430124647
"Sst-9","NAP1L2",0.101632039095506,0.13584673322564,0.45437720836549,-0.164622665444169,0.367886743635181,5,0,0,0.999626430124647
"Sst-9","SKI",-0.134693932037307,0.108923334018884,0.216237880155361,-0.348179743790346,0.0787918797157323,5,0,0,0.999626430124647
"Sst-9","DYNLL2",-0.124685736861185,0.128150683420553,0.330572221130717,-0.375856460959663,0.126484987237292,5,0,0,0.999626430124647
"Sst-9","DDX3X",0.140985413615945,0.126562186102735,0.265295666565204,-0.107071912950071,0.389042740181961,5,0.0101786698996978,10.7729615532277,0.999626430124647
"Sst-9","GALNT8",-0.0803540245256349,0.115671502902207,0.48725941462254,-0.307066004251581,0.146357955200311,5,0.0137735521187234,18.6600185442414,0.999626430124647
"Sst-9","SLC16A10",0.110671153019458,0.1192657873389,0.353440180098665,-0.1230854947526,0.344427800791516,5,0.0114467831467677,13.3678705699267,0.999626430124647
"Sst-9","CCDC3",-0.180449340158024,0.192641075097559,0.348906365529232,-0.558018909292315,0.197120228976267,5,0.0751298799718216,42.3051819745772,0.999626430124647
"Sst-9","LUZP1",-0.131395003396475,0.0848708454748058,0.121579935607622,-0.297738803864558,0.0349487970716088,5,0,0,0.999626430124647
"Sst-9","KIF5B",0.0360021857139981,0.0935940045282927,0.700486833184888,-0.147438692330334,0.219443063758331,5,0,0,0.999626430124647
"Sst-9","AKAP8L",-0.0499424528589588,0.10531045655394,0.635328623664021,-0.256347154900151,0.156462249182233,5,0,0,0.999626430124647
"Sst-9","ZKSCAN1",-0.0809644306719687,0.0975023881835762,0.406321665055071,-0.272065599918422,0.110136738574484,5,0.00774625705777739,13.697420053976,0.999626430124647
"Sst-9","NORAD",0.0211114924499479,0.100100624592403,0.832963193698406,-0.175082126581126,0.217305111481022,5,0.00167282626045404,2.90280137099179,0.999626430124647
"Sst-9","ABCA3",0.0666718348114591,0.0998299884863427,0.504226935618001,-0.128991347198821,0.262335016821739,5,0,0,0.999626430124647
"Sst-9","SLF1",0.172639322314995,0.144628532753522,0.232605506349852,-0.110827393018779,0.456106037648769,5,0.034419993856587,32.8986766037768,0.999626430124647
"Sst-9","RNLS",0.143833269573955,0.142719460246668,0.313548475553805,-0.135891732402511,0.42355827155042,5,0.0269182736201816,25.2578044910755,0.999626430124647
"Sst-9","CWF19L2",0.121627830769163,0.0833255253466558,0.144380588789344,-0.0416871979031621,0.284942859441487,5,0,0,0.999626430124647
"Sst-9","SLC39A10",-0.0818587011725472,0.0826242075865086,0.321814955304613,-0.243799172293265,0.0800817699481707,5,0,0,0.999626430124647
"Sst-9","USP33",-0.000931533845817575,0.0684512257342086,0.989142144284718,-0.135093470982488,0.133230403290853,5,0,0,0.999626430124647
"Sst-9","INVS",0.000935398317297707,0.082478937397189,0.990951339815379,-0.160720348464326,0.162591145098922,5,0,0,0.999626430124647
"Sst-9","AATK",-0.146857796241039,0.107827369133489,0.173206901361137,-0.358195556290383,0.0644799638083047,5,0.0126206341921155,19.970626346274,0.999626430124647
"Sst-9","UBN2",-0.022901737321288,0.0695748110701701,0.742029404897858,-0.15926586125,0.113462386607424,5,0,0,0.999626430124647
"Sst-9","PRKCG",-0.0160902970848354,0.118706445951752,0.892179443412977,-0.248750655883019,0.216570061713348,5,0,0,0.999626430124647
"Sst-9","HDLBP",0.104817027959284,0.119605120237157,0.380834879956547,-0.129604700072126,0.339238755990695,5,0.0180961223267636,24.3809133981071,0.999626430124647
"Sst-9","SENP6",-0.0488321940856046,0.0566929329179607,0.389047866157377,-0.159948300782753,0.0622839126115437,5,0,0,0.999626430124647
"Sst-9","GOT1",-0.226665044900854,0.107538966516716,0.0350527902924356,-0.437437546208275,-0.0158925435934321,5,0,0,0.999626430124647
"Sst-9","SUCLA2",-0.08501548508426,0.127717453990993,0.505633028157815,-0.335337095103758,0.165306124935238,5,0.018679875558356,21.0031493057659,0.999626430124647
"Sst-9","TAF1D",0.040550142453387,0.12094384854737,0.737413324678482,-0.196495444851125,0.277595729757899,5,0.0228185311033389,30.8154122136296,0.999626430124647
"Sst-9","MORF4L2",0.0145210395455067,0.0890165341291864,0.870418093267523,-0.159948161376279,0.188990240467292,5,3.0287091165727e-07,0.000597206832321717,0.999626430124647
"Sst-9","CYLD",0.0642837107270695,0.11174746723336,0.565116300235051,-0.154737300413885,0.283304721868024,5,0,0,0.999626430124647
"Sst-9","TRIM44",-0.053954362910633,0.0661823109727058,0.414935847476184,-0.183669308830766,0.0757605830095004,5,0,0,0.999626430124647
"Sst-9","RBL2",-0.0179184930430354,0.0912620886960929,0.84434324431735,-0.196788900041278,0.160951913955207,5,0,0,0.999626430124647
"Sst-9","TSC22D2",0.174574276651845,0.246883314486638,0.479496571238528,-0.309308128125841,0.658456681429532,5,0.224634868676452,77.2814271816047,0.999626430124647
"Sst-9","CTNNAL1",0.00496921919652264,0.111103169212776,0.964325574190285,-0.212788991028778,0.222727429421824,5,0,0,0.999626430124647
"Sst-9","WASF1",0.213781000824431,0.0971780272951147,0.0278146782121066,0.0233155672373557,0.404246434411506,5,0,0,0.999626430124647
"Sst-9","KIF3C",-0.0526161798688052,0.0888973796907149,0.553933969873834,-0.226851842382589,0.121619482644978,5,2.72120758825652e-06,0.00518864029112316,0.999626430124647
"Sst-9","HNRNPU",0.0136265760101061,0.069072447818893,0.843608842927369,-0.121752934038946,0.149006086059159,5,0,0,0.999626430124647
"Sst-9","KPNA3",-0.140501583981623,0.0964490157836699,0.145186890460318,-0.329538181261951,0.0485350132987055,5,0,0,0.999626430124647
"Sst-9","MGST3",-0.114443898194003,0.152417968162519,0.452739511386232,-0.413177626389313,0.184289830001307,5,0.060493161460055,56.2781747449997,0.999626430124647
"Sst-9","KCTD3",0.0716937435836804,0.0926937874541676,0.439257808580835,-0.109982741417099,0.25337022858446,5,0,0,0.999626430124647
"Sst-9","MARK4",0.157009384101122,0.146064329787424,0.282404677443938,-0.12927144170821,0.443290209910454,5,0.0344535216257322,31.7721716982113,0.999626430124647
"Sst-9","RNF24",-0.0950347984428541,0.0693347699060853,0.170479158079512,-0.230928450335153,0.0408588534494447,5,0,0,0.999626430124647
"Sst-9","CADM3",0.106575467039038,0.100665530904495,0.289732493073621,-0.0907253480183766,0.303876282096452,5,2.02684415821651e-06,0.00360077542866892,0.999626430124647
"Sst-9","ETV6",-0.0686444025848622,0.13666933438812,0.615480202662648,-0.336511375776639,0.199222570606914,5,0,0,0.999626430124647
"Sst-9","PPARG",-0.134568143516428,0.269643429978569,0.617737394362391,-0.663059554942271,0.393923267909415,5,0.243479821151177,71.0700266196427,0.999626430124647
"Sst-9","RUNX2",-0.0471010664061744,0.203700286613005,0.817138225622351,-0.446346291808151,0.352144158995802,5,0.105484639391781,54.0257645006111,0.999626430124647
"Sst-9","CNTN1",0.0429023325554886,0.0734970508675634,0.559402904364444,-0.101149240114844,0.186953905225821,5,0.00317257815065511,10.7962575815842,0.999626430124647
"Sst-9","CBR4",-0.0630528311474025,0.0916821736375919,0.491621107798413,-0.24274658950143,0.116640927206625,5,0,0,0.999626430124647
"Sst-9","MAN1A2",-0.0982278931987081,0.0609244710054932,0.106898927475015,-0.217637662146629,0.0211818757492134,5,4.86976185989977e-06,0.0171174494623073,0.999626430124647
"Sst-9","HGSNAT",-0.129295957308336,0.0858765388801384,0.132169169517075,-0.297610880630361,0.0390189660136892,5,0,0,0.999626430124647
"Sst-9","ZZEF1",-0.0515089902070132,0.0854978912049765,0.546868521046064,-0.219081777722891,0.116063797308865,5,0,0,0.999626430124647
"Sst-9","PDCD4",0.212118736082972,0.107609381100143,0.0487019346423984,0.00120822472804621,0.423029247437898,5,0,0,0.999626430124647
"Sst-9","POM121",-0.0291616739731445,0.0858071213029985,0.733968405402669,-0.197340541344081,0.139017193397792,5,0,0,0.999626430124647
"Sst-9","ITPK1",-0.072100464510346,0.0986881182578497,0.465030165560892,-0.265525621997761,0.121324692977069,5,0,0,0.999626430124647
"Sst-9","SLC25A27",-0.0461526865442282,0.134594952914684,0.731673260306473,-0.309953946757873,0.217648573669416,5,0.0260655353191307,27.7886177877518,0.999626430124647
"Sst-9","RUFY3",-0.00790179288438241,0.0624952810642007,0.89938503973427,-0.130390292973924,0.114586707205159,5,0,0,0.999626430124647
"Sst-9","CSPP1",-0.032589221393386,0.0699659557939663,0.641368086439306,-0.169719974893482,0.104541532106709,5,0,0,0.999626430124647
"Sst-9","CAMLG",0.166944920779008,0.124753694771832,0.180832486226373,-0.0775678279120858,0.411457669470101,5,0,0,0.999626430124647
"Sst-9","PLA2G4C",0.0316251604624511,0.105576029137495,0.764521432685372,-0.17530005427779,0.238550375202692,5,1.29592669306755e-06,0.00183920738883517,0.999626430124647
"Sst-9","PRKAR1A",0.108167525949802,0.108573455733648,0.319123229748045,-0.104632536965202,0.320967588864807,5,0,0,0.999626430124647
"Sst-9","INO80",0.196554884614833,0.162498370305022,0.226439846265901,-0.121936068729463,0.515045837959129,5,0.0693003742293048,56.3528210264804,0.999626430124647
"Sst-9","ACTN4",-0.0949119268426046,0.115828855874653,0.412549557054456,-0.321932312727406,0.132108459042196,5,0,0,0.999626430124647
"Sst-9","CLSTN1",0.0908739125387083,0.0650140189577195,0.162185531481918,-0.0365512231086262,0.218299048186043,5,0,0,0.999626430124647
"Sst-9","ENAH",-0.118624822353224,0.0731001653958423,0.104638385215372,-0.261898513792996,0.0246488690865476,5,0,0,0.999626430124647
"Sst-9","RUSC2",0.0603098034914221,0.198958250492334,0.761792366517516,-0.329641201900651,0.450260808883495,5,0.132940772193561,71.7178090209931,0.999626430124647
"Sst-9","YWHAG",0.0719990867973594,0.0946527907931596,0.446857048138589,-0.113516974193438,0.257515147788157,5,2.83070776278471e-06,0.00542654399697451,0.999626430124647
"Sst-9","METTL6",0.1383871941592,0.102326827622424,0.176246163096409,-0.0621697026329883,0.338944090951389,5,0,0,0.999626430124647
"Sst-9","DNAJC5",-0.00901886772118269,0.104905254642311,0.93148903042925,-0.214629388609116,0.19659165316675,5,0,0,0.999626430124647
"Sst-9","FAXC",0.079622723755484,0.085125614426085,0.349605048710881,-0.0872204146814859,0.246465862192454,5,0.00029577523987919,0.5871485485841,0.999626430124647
"Sst-9","CLIP4",-0.00745713366049458,0.0782909709698734,0.924117081275068,-0.160904617076117,0.145990349755128,5,0,0,0.999626430124647
"Sst-9","KDM3B",-0.260675851907917,0.109923684389421,0.0177196082271995,-0.476122314359131,-0.0452293894567037,5,0,0,0.999626430124647
"Sst-9","ALMS1",-0.0115692519536769,0.0849279375224137,0.891643936619565,-0.178024950778876,0.154886446871522,5,0,0,0.999626430124647
"Sst-9","NEURL1",-0.00955763734462757,0.0950484015524214,0.919903341792703,-0.195849081175475,0.176733806486219,5,0,0,0.999626430124647
"Sst-9","MAPK10",-0.00832944336171581,0.091823560736839,0.927721915427978,-0.188300315338146,0.171641428614715,5,0.0216596025669717,54.9510771116692,0.999626430124647
"Sst-9","SPRED1",-0.0238801842919174,0.188243554930961,0.899052858934545,-0.392830772278389,0.345070403694554,5,0.0691663337072709,41.5836958118675,0.999626430124647
"Sst-9","CANX",0.0868169723867876,0.0984404393132843,0.377817982283987,-0.10612274328955,0.279756688063126,5,0,0,0.999626430124647
"Sst-9","SLC22A15",-0.0132014110054029,0.0939086280507532,0.888203969369398,-0.197258939822447,0.170856117811641,5,5.40297938724625e-07,0.000668445526655897,0.999626430124647
"Sst-9","HDX",0.125067572549488,0.151493412636424,0.409051220843779,-0.171854060112967,0.421989205211943,5,0.0375040109684701,33.2812206793884,0.999626430124647
"Sst-9","ADGRL1",-0.0207156391484247,0.0864063551139639,0.810526623308899,-0.190068983207172,0.148637704910323,5,0,0,0.999626430124647
"Sst-9","ERCC6L2",-0.0938478092125624,0.0855054695308159,0.272394490501787,-0.261435449974148,0.0737398315490238,5,0,0,0.999626430124647
"Sst-9","SIPA1L3",-0.0358225532635954,0.0793666601933159,0.651733580307203,-0.191378348815723,0.119733242288532,5,0,0,0.999626430124647
"Sst-9","ARHGAP10",-0.180551918675237,0.12400122624294,0.145378946983327,-0.423589856150203,0.0624860187997285,5,0.00182334766527579,1.94174353019248,0.999626430124647
"Sst-9","VAT1L",0.0371002957035721,0.13357514024603,0.78120542220387,-0.224702168408533,0.298902759815678,5,2.27748023513085e-06,0.00210950704846811,0.999626430124647
"Sst-9","WDR11",0.241958263919969,0.105253122918014,0.021515011571108,0.0356659337402947,0.448250594099644,5,0,0,0.999626430124647
"Sst-9","PEX14",0.0131386198419849,0.0955560366438979,0.890638365274133,-0.174147770485445,0.200425010169414,5,0,0,0.999626430124647
"Sst-9","ARL6",0.121313414560697,0.11697007337734,0.299674310060564,-0.107943716527897,0.35057054564929,5,0,0,0.999626430124647
"Sst-9","MAP3K7",-0.14479708418788,0.098343636517922,0.140924107212953,-0.337547069871705,0.0479529014959448,5,4.01233917463346e-07,0.000570425648345132,0.999626430124647
"Sst-9","PSME4",-0.181743022241986,0.111702074750295,0.103729974342816,-0.400675065750966,0.0371890212669929,5,0.00655708691852129,8.62135527048456,0.999626430124647
"Sst-9","INPP5B",0.0197145604919066,0.111040075121638,0.85908067290242,-0.197919987587125,0.237349108570939,5,0,0,0.999626430124647
"Sst-9","GPBP1L1",0.250991704507924,0.106346222924697,0.0182681645059375,0.0425569376836495,0.459426471332199,5,0.00369668685626677,4.9705690998299,0.999626430124647
"Sst-9","PRPF40A",0.00475125046034428,0.144269586457491,0.973727905379653,-0.278011943060825,0.287514443981514,5,0.0460407018353879,46.7667024449132,0.999626430124647
"Sst-9","NELFA",-0.194658012960444,0.192963288251478,0.313078894379299,-0.572859108271762,0.183543082350873,5,0.101720294954078,58.9548338035377,0.999626430124647
"Sst-9","GCFC2",0.0353893941881448,0.0924449312480098,0.701856234276864,-0.145799341611236,0.216578129987525,5,0,0,0.999626430124647
"Sst-9","DZIP1",-0.147251137141622,0.104829642077438,0.160119192765346,-0.352713460125625,0.058211185842381,5,0.0124595799511904,21.0792593689342,0.999626430124647
"Sst-9","OXNAD1",-0.243004186482929,0.185773993342286,0.190851760284572,-0.607114522697993,0.121106149732136,5,0.0890046281459541,54.8336259254789,0.999626430124647
"Sst-9","SNX27",0.0102154110331792,0.0941504575399056,0.913598352693247,-0.174316094873003,0.194746916939362,5,0,0,0.999626430124647
"Sst-9","KHDRBS1",-0.230256746604199,0.0938314444009269,0.0141300505719241,-0.414162998247389,-0.0463504949610102,5,0.00113208078086938,1.63507187004341,0.999626430124647
"Sst-9","TRPM2",-0.0843665566926057,0.0871584783798309,0.33306070276721,-0.255194035264387,0.0864609218791759,5,0,0,0.999626430124647
"Sst-9","AGAP3",-0.048953634323563,0.0943943251996281,0.604034261270518,-0.233963112059796,0.13605584341267,5,0,0,0.999626430124647
"Sst-9","CDK8",-0.0560585200548528,0.0861308354569715,0.51514132804826,-0.224871855508862,0.112754815399157,5,0.00650731322543038,16.3979966970798,0.999626430124647
"Sst-9","ZNF385D",0.0788208028961728,0.155676088561917,0.612637048924138,-0.226298723939253,0.383940329731598,5,0.0170664941651994,13.2858498530964,0.999626430124647
"Sst-9","TBCA",0.0365131893471213,0.0993773698955553,0.713306084881278,-0.158262876526482,0.231289255220725,5,0.00646623878265304,12.1276307619929,0.999626430124647
"Sst-9","ARNT",-0.191811751177194,0.201986688020245,0.342302472082705,-0.587698385053402,0.204074882699014,5,0.127656470555781,67.7756156602244,0.999626430124647
"Sst-9","BBS7",0.0570462667309788,0.0924897808766792,0.537376852151919,-0.124230372725314,0.238322906187271,5,0,0,0.999626430124647
"Sst-9","ZNF207",0.0135923749950952,0.0798134680722938,0.864772818227883,-0.142839147907838,0.170023897898028,5,0,0,0.999626430124647
"Sst-9","CHCHD6",-0.106074368182884,0.0947837113192468,0.263088853319061,-0.291847028689649,0.0796982923238807,5,0,0,0.999626430124647
"Sst-9","TMEM132D",-0.132590900741886,0.0946226573259459,0.161136477149015,-0.318047901222215,0.0528660997384428,5,0.00961625965189852,20.2346997478389,0.999626430124647
"Sst-9","NBN",0.0129901495684085,0.126085629493287,0.917942011534343,-0.234133143206496,0.260113442343313,5,3.80847785861447e-06,0.00369345035257711,0.999626430124647
"Sst-9","B3GLCT",0.122288826121641,0.113032114920107,0.279299398566879,-0.0992500482181619,0.343827700461443,5,0,0,0.999626430124647
"Sst-9","NDUFS4",0.0415032399902162,0.186711671389894,0.824091877727711,-0.324444911427254,0.407451391407686,5,0.111743348325571,68.4632367191852,0.999626430124647
"Sst-9","OSBP2",-0.124596270092104,0.0784117161527906,0.112060239748151,-0.278280409717551,0.0290878695333432,5,0,0,0.999626430124647
"Sst-9","LATS1",0.0322924181821665,0.0945959436783107,0.732823458155876,-0.153112224510902,0.217697060875235,5,0,0,0.999626430124647
"Sst-9","CEP126",0.00663338194271451,0.0904374709797624,0.941529422000391,-0.170620804030506,0.183887567915935,5,1.4785180431815e-06,0.00278760033429848,0.999626430124647
"Sst-9","MAT2A",0.132305062057438,0.114510571452115,0.247928278306515,-0.0921315338378071,0.356741657952684,5,0.00348503874031641,3.54584393766616,0.999626430124647
"Sst-9","CCDC6",-0.0839391168781634,0.0926223555633959,0.364802931508719,-0.265475597945682,0.0975973641893556,5,0.00170220110810081,2.88513082503142,0.999626430124647
"Sst-9","SMG1",-0.0664075414258649,0.0816834435540664,0.416225766415555,-0.226504148925046,0.0936890660733158,5,0,0,0.999626430124647
"Sst-9","HLF",0.0427712655005007,0.102930715594636,0.677750650133449,-0.158969229967922,0.244511760968923,5,0,0,0.999626430124647
"Sst-9","ABCC5",-0.0323104646810261,0.0760008114201339,0.670739610238332,-0.181269317860309,0.116648388498257,5,0,0,0.999626430124647
"Sst-9","ZBTB4",0.00985644548450751,0.100955435071521,0.92222479320571,-0.188012571299246,0.207725462268261,5,0,0,0.999626430124647
"Sst-9","RNF19A",-0.0147667683594477,0.144343027331144,0.918515934209271,-0.297673903347971,0.268140366629076,5,0.0489213508162341,49.7137861094177,0.999626430124647
"Sst-9","JUND",-0.13583379847617,0.133131852591912,0.30758844952594,-0.396767434751412,0.125099837799072,5,0,0,0.999626430124647
"Sst-9","ACAP2",0.0107921684610854,0.0922950594685496,0.906914604597734,-0.170102824048254,0.191687160970425,5,0.00796091008107166,16.2874825786385,0.999626430124647
"Sst-9","RPRD2",0.0252599414330115,0.0679203125568187,0.709963170183865,-0.107861424997057,0.15838130786308,5,0,0,0.999626430124647
"Sst-9","SLC25A26",0.115587358187993,0.0974637521377573,0.235641148868151,-0.07543808580015,0.306612802176136,5,0,0,0.999626430124647
"Sst-9","PCSK2",-0.0432038270518461,0.144449331494006,0.764868859252959,-0.326319314370985,0.239911660267293,5,0.0312610096305053,30.0239213569834,0.999626430124647
"Sst-9","HCN1",-0.097909814693345,0.0685817708252567,0.153396615259181,-0.232327615506828,0.0365079861201379,5,0,0,0.999626430124647
"Sst-9","ST8SIA1",0.00268380917657387,0.0899340250922808,0.976193080251585,-0.173583640989018,0.178951259342166,5,0.0104113814181114,25.0654632966406,0.999626430124647
"Sst-9","ITM2B",0.132258801497347,0.0976071788500954,0.175414050847073,-0.0590477536813998,0.323565356676093,5,0.0114627301736823,23.2524268266705,0.999626430124647
"Sst-9","TRIM37",0.0649355209178776,0.0979783092301,0.507488089115706,-0.127098436439247,0.256969478275002,5,0.00973141407245784,18.601392473963,0.999626430124647
"Sst-9","TRA2B",0.100629662776626,0.09316235008986,0.280073715283635,-0.0819651881146113,0.283224513667864,5,1.84631437572433e-06,0.00311038735724796,0.999626430124647
"Sst-9","TMED8",0.0153570383759844,0.100347076226308,0.878367345690911,-0.181319616981476,0.212033693733444,5,0,0,0.999626430124647
"Sst-9","PPA2",-0.0455220310706053,0.0775629341534903,0.557267882158993,-0.197542588546698,0.106498526405487,5,0,0,0.999626430124647
"Sst-9","AP3S1",0.000121393035821748,0.0924324869138683,0.99895212598447,-0.18104295231683,0.181285738388474,5,0,0,0.999626430124647
"Sst-9","LCLAT1",0.00783789771450532,0.0905718340606424,0.931038816967382,-0.169679635058092,0.185355430487103,5,0,0,0.999626430124647
"Sst-9","CHD8",-0.0116803014751181,0.0886224942479538,0.895143765254692,-0.185377198421216,0.16201659547098,5,5.42567648122243e-06,0.00874493751374227,0.999626430124647
"Sst-9","DDX46",-0.0242275780579151,0.0852339990410847,0.776220474282604,-0.191283146436763,0.142827990320932,5,0,0,0.999626430124647
"Sst-9","ZRANB2",0.104079982765325,0.0707967107724997,0.141528023669395,-0.034679020572673,0.242838986103323,5,5.38413609067711e-06,0.0142718118096522,0.999626430124647
"Sst-9","LPP",-0.0210643809845452,0.127271824869841,0.868544921653686,-0.270512573976122,0.228383812007032,5,0.0296973302577288,37.463505820181,0.999626430124647
"Sst-9","ATP13A3",0.0637386312346454,0.0963192729244166,0.508135764712669,-0.125043674714295,0.252520937183586,5,0.00309972049900535,4.82337824920117,0.999626430124647
"Sst-9","FAM3C",0.00048048591075001,0.104557469620697,0.996333395003455,-0.204448388860457,0.205409360681957,5,0,0,0.999626430124647
"Sst-9","PTPN5",-0.0890342598739673,0.0922085178623157,0.334256780165782,-0.269759633951924,0.0916911142039896,5,0,0,0.999626430124647
"Sst-9","SUSD4",-0.129020855135625,0.0932417135804987,0.166442790492429,-0.311771255610201,0.053729545338952,5,4.6620600880808e-06,0.00914691113374125,0.999626430124647
"Sst-9","TMEM130",0.082486605732947,0.089517168608296,0.356809642051028,-0.0929638207373127,0.257937032203207,5,1.09603241670651e-08,1.99403856834562e-05,0.999626430124647
"Sst-9","SIPA1L2",-0.184452957560516,0.107214389225845,0.0853575166514334,-0.394589299067631,0.0256833839465993,5,5.66177408877166e-06,0.00820071784191,0.999626430124647
"Sst-9","RAB3GAP1",0.0990421485684517,0.107813883696347,0.358283890659247,-0.112269180509778,0.310353477646682,5,0.0155447983740731,25.771205283134,0.999626430124647
"Sst-9","TMEM165",0.17065479422444,0.155344067873269,0.271959990921279,-0.133813984019113,0.475123572467994,5,0.0535985148621223,46.5106149906304,0.999626430124647
"Sst-9","GRID1",-0.0348914679573823,0.0589791344223934,0.554125151102802,-0.15048844726462,0.0807055113498553,5,0,0,0.999626430124647
"Sst-9","ORC4",0.007742377057343,0.0885598442532621,0.930333405077156,-0.165831728155527,0.181316482270213,5,0,0,0.999626430124647
"Sst-9","SCARB1",-0.0664031767882693,0.110041032244148,0.546215920608442,-0.28207963680841,0.149273283231872,5,0,0,0.999626430124647
"Sst-9","NUP98",0.0543113147851971,0.12166463754617,0.65530702340053,-0.184146992997416,0.29276962256781,5,0.0193614653324637,25.1693388760594,0.999626430124647
"Sst-9","EIF2AK2",0.0356746251097073,0.104749184298441,0.73342591256556,-0.169630003525186,0.2409792537446,5,0.00469289038260427,6.63785106286841,0.999626430124647
"Sst-9","UQCRC2",0.0667702817642891,0.0928365029250649,0.472002643527013,-0.115185920419485,0.248726483948064,5,0,0,0.999626430124647
"Sst-9","ZNF124",-0.284757397667712,0.190540075202161,0.135051485725281,-0.658209082675502,0.0886942873400775,5,0.0403071875093748,21.5824996958376,0.999626430124647
"Sst-9","CLCN3",0.101732757216313,0.0751617471332121,0.175890290373874,-0.0455815601798897,0.249047074612515,5,0,0,0.999626430124647
"Sst-9","PLEKHA6",0.0255156061090977,0.0818169248498252,0.755145251475648,-0.13484261992238,0.185873832140575,5,0,0,0.999626430124647
"Sst-9","COPG2",-0.0446828573964755,0.0997424086344518,0.654165798793281,-0.240174386051278,0.150808671258327,5,0,0,0.999626430124647
"Sst-9","RC3H1",0.141561241541237,0.0892260848358576,0.112615623927921,-0.0333186712185591,0.316441154301034,5,0,0,0.999626430124647
"Sst-9","SGCD",-0.107036773301751,0.175343517019625,0.541570087808739,-0.450703751582801,0.2366302049793,5,0,0,0.999626430124647
"Sst-9","LYST",-0.0132298842257022,0.0629354179356649,0.833500922613637,-0.136581036731582,0.110121268280177,5,1.40026882691506e-06,0.00442125986525744,0.999626430124647
"Sst-9","RCN2",0.136720330978155,0.108339930544877,0.206964268787762,-0.0756220309773746,0.349062692933684,5,0,0,0.999626430124647
"Sst-9","NRXN2",-0.0186310714288448,0.0775153176039341,0.810056287897791,-0.170558302182739,0.13329615932505,5,0,0,0.999626430124647
"Sst-9","PRUNE2",0.0478570409189718,0.0768803300717955,0.533621390959497,-0.102825637141299,0.198539718979243,5,1.48448031873644e-07,0.000310345964683505,0.999626430124647
"Sst-9","KIF1B",-0.0279840211552983,0.0551040763001987,0.611565974762698,-0.135986026105035,0.0800179837944384,5,0,0,0.999626430124647
"Sst-9","AFF4",-0.170652132771358,0.0785684994527824,0.029854365029685,-0.324643562018166,-0.0166607035245493,5,0,0,0.999626430124647
"Sst-9","PPP2R3A",0.0414697686162297,0.0939985673281491,0.659086690349585,-0.142764037945306,0.225703575177765,5,0,0,0.999626430124647
"Sst-9","ZFAND3",-0.106531868638511,0.0631895933900328,0.091813436608265,-0.230381195880705,0.0173174586036836,5,0,0,0.999626430124647
"Sst-9","DNM1",-0.142638802939126,0.0613770256443605,0.020126720659268,-0.262935562680264,-0.022342043197988,5,0,0,0.999626430124647
"Sst-9","CAND1",0.0668754200826105,0.0934914106556579,0.474416987903844,-0.116364377666323,0.250115217831544,5,0.0024305624141209,4.29960453923003,0.999626430124647
"Sst-9","RASAL2",-0.0534334517467071,0.106274165445733,0.615112824239991,-0.261726988507394,0.15486008501398,5,0.0253002267125345,46.5912056486076,0.999626430124647
"Sst-9","ETV1",0.0504902480971095,0.188774044266663,0.789111981150675,-0.319500079881521,0.42048057607574,5,0.0322240352362033,17.18659910434,0.999626430124647
"Sst-9","LRRC8B",-0.081870107238233,0.0845358748081985,0.332811769925989,-0.247557377263889,0.0838171627874228,5,0,0,0.999626430124647
"Sst-9","ORC2",-0.00402332542922236,0.0946440504150197,0.966092082447665,-0.189522255593654,0.181475604735209,5,0,0,0.999626430124647
"Sst-9","BOD1L1",-0.0711044584680315,0.0840605618252963,0.397624267457417,-0.235860132165815,0.0936512152297518,5,8.43747328367771e-06,0.017889872609611,0.999626430124647
"Sst-9","CDS2",-0.0328294344372243,0.0901526080745575,0.715743001552728,-0.209525299375712,0.143866430501263,5,0,0,0.999626430124647
"Sst-9","PIK3C3",-0.033992095295377,0.0778992976392479,0.662575948937391,-0.186671913089269,0.118687722498515,5,0,0,0.999626430124647
"Sst-9","UBE2D2",-0.149653880690919,0.101293591622243,0.139561230239874,-0.348185672135223,0.0488779107533841,5,0,0,0.999626430124647
"Sst-9","FBXO34",-0.00442589512057949,0.126840771303825,0.972164810392256,-0.253029238647358,0.244177448406199,5,0.027265695333445,34.2344965236267,0.999626430124647
"Sst-9","CYFIP2",0.0413838092856262,0.0712299490907359,0.561247939199581,-0.0982243255528377,0.18099194412409,5,1.16758744609934e-06,0.0033918529805689,0.999626430124647
"Sst-9","IQCJ-SCHIP1",0.292250695956315,0.10055071321157,0.00365496341177905,0.0951749194418209,0.489326472470809,5,0.00392626316404961,7.18448276955618,0.999626430124647
"Sst-9","SEC31A",-0.0147435286434414,0.132882865639999,0.911654953518269,-0.275189159460315,0.245702102173433,5,0.0336344939150765,39.3472363932445,0.999626430124647
"Sst-9","RABGAP1",0.0105556043347238,0.0673276471103925,0.875418518641112,-0.121404159165468,0.142515367834915,5,0,0,0.999626430124647
"Sst-9","PRKAR1B",-0.10326781146234,0.0746882101961183,0.166771562504236,-0.249654013516489,0.0431183905918088,5,0,0,0.999626430124647
"Sst-9","NR2C1",-0.0916512757109825,0.0897918535190895,0.307392737225194,-0.267640074713494,0.084337523291529,5,4.12949674674254e-06,0.00725859225841794,0.999626430124647
"Sst-9","SLC1A2",0.0700582262415515,0.21805731121519,0.747995524166064,-0.357326250305863,0.497442702788966,5,0.154269160537969,68.4079563769363,0.999626430124647
"Sst-9","SETD3",0.0681332473648774,0.094705205261894,0.471879390009196,-0.117485544096908,0.253752038826663,5,4.3982064486648e-07,0.000652155748084862,0.999626430124647
"Sst-9","CRBN",-0.0713515365358778,0.140952885139534,0.612710348419869,-0.347614114926375,0.204911041854619,5,0.0381965309233136,39.7299926055764,0.999626430124647
"Sst-9","POU2F1",-0.0738779254338581,0.112546657153671,0.511553646936871,-0.29446532003543,0.146709469167714,5,0.0310286694363241,52.0355272341776,0.999626430124647
"Sst-9","NELL1",0.263501102695794,0.223846939154545,0.239136214870945,-0.175230836096644,0.702233041488232,5,0,0,0.999626430124647
"Sst-9","STX18",0.084129808927166,0.103196405160777,0.4149351032679,-0.118131428521961,0.286391046376293,5,9.39752642609852e-07,0.00121617099481779,0.999626430124647
"Sst-9","KIAA1549",-0.140155973671513,0.106702992123569,0.189009491981129,-0.34928999527637,0.068978047933344,5,0,0,0.999626430124647
"Sst-9","ARID1A",0.0381200532737241,0.0861774512982676,0.658240507644867,-0.130784647550335,0.207024754097783,5,0,0,0.999626430124647
"Sst-9","SLC13A3",-0.0833631369621453,0.126812357760709,0.51094051551321,-0.331910790967744,0.165184517043453,5,0,0,0.999626430124647
"Sst-9","FAAH2",0.0264150205960946,0.124911516526403,0.832520650605973,-0.218407053049935,0.271237094242124,5,0.007212547905085,7.80372394303064,0.999626430124647
"Sst-9","METAP2",0.138404254542418,0.179277878372684,0.4401087041085,-0.212973930292795,0.489782439377631,5,0.0840565316288773,55.991513647635,0.999626430124647
"Sst-9","CDC42BPB",-0.0204370629716447,0.14917376987467,0.891029435993166,-0.312812279364063,0.271938153420774,5,0.0546872101553476,53.1969632719156,0.999626430124647
"Sst-9","REEP1",-0.0919257018415624,0.109678757062993,0.40195439226258,-0.306892115554146,0.123040711871021,5,0.0166730127229873,27.0518419930101,0.999626430124647
"Sst-9","SREBF2",-0.142561486895542,0.171622010292902,0.406159315814274,-0.478934446023993,0.193811472232909,5,0.084797843704482,61.5313738424622,0.999626430124647
"Sst-9","TRPC1",-0.161957587911052,0.106908067911421,0.129791675329133,-0.371493550674198,0.0475783748520949,5,0.0212318257596552,37.8564569882722,0.999626430124647
"Sst-9","CSAD",-0.161333948768612,0.171351995799623,0.346430620187511,-0.497177689214931,0.174509791677708,5,0.0725424338899071,53.3025758429231,0.999626430124647
"Sst-9","SCN1A",-0.0291538849986734,0.0623344868516559,0.639998619058125,-0.151327234222705,0.0930194642253577,5,0,0,0.999626430124647
"Sst-9","SPCS2",0.156272351956458,0.108164901987049,0.14852523698166,-0.0557269603294626,0.368271664242379,5,2.87436801984837e-07,0.000407647262488012,0.999626430124647
"Sst-9","SKP1",0.146600329829504,0.117147493641374,0.210782487785442,-0.083004538586724,0.376205198245732,5,0,0,0.999626430124647
"Sst-9","ERICH3",0.155552385532162,0.0911510242640513,0.0879085720025947,-0.0231003391793156,0.334205110243639,5,0,0,0.999626430124647
"Sst-9","CERS5",-0.0805960502764786,0.0923337396321212,0.382729813234346,-0.261566854513335,0.100374753960378,5,0,0,0.999626430124647
"Sst-9","GNPTAB",-0.112192610537186,0.126201113352538,0.374003843076707,-0.359542247517018,0.135157026442646,5,0.0262503727008013,33.2604928696683,0.999626430124647
"Sst-9","PAM",0.049597069174732,0.0738116155582919,0.501621098859884,-0.0950710389602365,0.1942651773097,5,0,0,0.999626430124647
"Sst-9","UBA2",-0.147528776765488,0.0962021905240677,0.125145751887436,-0.336081605426521,0.0410240518955448,5,0,0,0.999626430124647
"Sst-9","TANGO6",0.0142733129913899,0.0855506642326746,0.867495574840948,-0.153402907758131,0.181949533740911,5,0,0,0.999626430124647
"Sst-9","AHCYL2",-0.0176996460013112,0.0795335834846905,0.823891166701241,-0.173582605192714,0.138183313190092,5,0,0,0.999626430124647
"Sst-9","DLG2",-0.0209563592378181,0.110970968763149,0.85021397201015,-0.23845546134311,0.196542742867474,5,0.0450668969323355,78.3055957497429,0.999626430124647
"Sst-9","MCF2L",-0.184328492195734,0.0852651042989978,0.0306314343128945,-0.351445025759822,-0.0172119586316475,5,0,0,0.999626430124647
"Sst-9","CEP95",0.00650806249916468,0.0907938695480045,0.942856941658538,-0.171444651831952,0.184460776830281,5,6.32418069847029e-07,0.00105513142972173,0.999626430124647
"Sst-9","PAPSS1",0.0301464811127303,0.0929125664385169,0.74558923223656,-0.151958802817948,0.212251765043408,5,0.00127333610189367,2.09000516417447,0.999626430124647
"Sst-9","MROH1",-0.156665208148346,0.128288864268099,0.222013706026535,-0.408106761731368,0.0947763454346751,5,0.027698544696192,34.2420463320218,0.999626430124647
"Sst-9","MTCH1",-0.125786239878806,0.123513833094532,0.308488855038134,-0.36786890433658,0.116296424578968,5,0.00312211331468896,3.38504168155428,0.999626430124647
"Sst-9","MAP7D2",-0.0299474886630784,0.153647078275884,0.845462709269018,-0.331090228413618,0.271195251087461,5,0.0595092064554898,53.3782887922433,0.999626430124647
"Sst-9","ARF1",-0.040464973771759,0.114884080926094,0.724669997072968,-0.265633634783888,0.18470368724037,5,1.49529331834741e-07,0.000191406615195848,0.999626430124647
"Sst-9","SENP5",0.130405431180332,0.0873738410509329,0.135568196962849,-0.040844150470424,0.301655012831088,5,1.74458585152723e-06,0.00293323777913778,0.999626430124647
"Sst-9","ST8SIA4",-0.216213354317141,0.127383048294818,0.0896308991827267,-0.465879541215911,0.0334528325816282,5,0,0,0.999626430124647
"Sst-9","GTF2I",-0.0172802467341929,0.0726751152142138,0.812056450610799,-0.159720855126351,0.125160361657965,5,0,0,0.999626430124647
"Sst-9","ACSL4",-0.049371190740002,0.0995114830095626,0.619798733662915,-0.244410113486914,0.14566773200691,5,0,0,0.999626430124647
"Sst-9","UBE2G1",0.0368321006728885,0.0877419888599884,0.674648103563344,-0.135139037424603,0.20880323877038,5,0,0,0.999626430124647
"Sst-9","GABRA1",0.136004384674835,0.165839317405215,0.412160612996737,-0.189034704660094,0.461043474009763,5,0.0507165914882322,38.2001422112292,0.999626430124647
"Sst-9","HNRNPD",-0.00677476089673512,0.103428512995755,0.947774418382131,-0.209490921342947,0.195941399549477,5,0.010803352496405,17.0271408818018,0.999626430124647
"Sst-9","SNX4",-0.103912369937456,0.106357641651377,0.328564711533061,-0.312369517054772,0.10454477717986,5,0.00669515471356903,10.2792971143636,0.999626430124647
"Sst-9","UIMC1",-0.148458202660845,0.0926861037469193,0.109215114056779,-0.33011962787215,0.03320322255046,5,0,0,0.999626430124647
"Sst-9","SRGAP2C",0.125568529766928,0.0960291415611534,0.191006104068684,-0.062645129159231,0.313782188693087,5,0,0,0.999626430124647
"Sst-9","ARFGEF2",-0.0745936593073818,0.0780166791755515,0.339009332138601,-0.227503540684879,0.078316222070115,5,0,0,0.999626430124647
"Sst-9","ZBTB8OS",-0.0972963704848653,0.0933409410421047,0.297237320922894,-0.280241253210467,0.0856485122407364,5,0,0,0.999626430124647
"Sst-9","COL25A1",-0.0393498337037497,0.115783272363103,0.733963712119752,-0.266280877547623,0.187581210140123,5,2.88155307474666e-06,0.00367425607248297,0.999626430124647
"Sst-9","RTN3",0.0130780021656651,0.0602167963569919,0.82806653901612,-0.104944749958422,0.131100754289752,5,0.00278629929626258,13.4735652554687,0.999626430124647
"Sst-9","SCFD1",0.0559670971444072,0.0711789478422264,0.431699236922759,-0.0835410770838115,0.195475271372626,5,3.25579687572475e-08,8.75165201356774e-05,0.999626430124647
"Sst-9","MED15",-0.0687282947468877,0.098110257962756,0.483602003276277,-0.261020866867823,0.123564277374048,5,0,0,0.999626430124647
"Sst-9","ZSWIM5",0.183860414804329,0.0821918199307878,0.0252884762960809,0.0227674079161835,0.344953421692475,5,0,0,0.999626430124647
"Sst-9","SH3BGRL2",0.194960148750067,0.0971085049060001,0.0446802138582108,0.00463097654177549,0.385289320958358,5,0,0,0.999626430124647
"Sst-9","PUM3",-0.014189518263841,0.120140659192645,0.90598244557021,-0.249660883360326,0.221281846832644,5,0.0248292576027344,34.8154797427915,0.999626430124647
"Sst-9","MAPKBP1",-0.073607484520306,0.0912944880975188,0.420090483140497,-0.252541393178463,0.105326424137851,5,0,0,0.999626430124647
"Sst-9","NUP58",0.0217857065593335,0.0983682028598935,0.824725696378378,-0.171012428269988,0.214583841388655,5,0,0,0.999626430124647
"Sst-9","KPNA1",-0.0551629891283872,0.0841276079452014,0.512013217086005,-0.220050070806488,0.109724092549713,5,0,0,0.999626430124647
"Sst-9","MYSM1",0.00417978959953534,0.0864670774428752,0.961445542997858,-0.165292568036936,0.173652147236006,5,1.36102462859995e-06,0.00257339474654492,0.999626430124647
"Sst-9","FARP1",-0.071039353764142,0.0779995024434194,0.362418282397188,-0.223915569365288,0.0818368618370039,5,0.00615284677861968,19.2310398683759,0.999626430124647
"Sst-9","CTNNB1",-0.0626173296497794,0.0861381230305065,0.467262125376467,-0.231444948485452,0.106210289185893,5,0,0,0.999626430124647
"Sst-9","CREBBP",0.0195670966423191,0.0724527860404138,0.787108814661008,-0.122437754576478,0.161571947861116,5,0,0,0.999626430124647
"Sst-9","ARMC9",0.0303483633124334,0.097559593312128,0.755743506131585,-0.160864925925712,0.221561652550579,5,0,0,0.999626430124647
"Sst-9","NUTM2A-AS1",0.116288573384792,0.154266303318427,0.450959070150495,-0.186067825147456,0.418644971917039,5,0.0476175604590236,41.5007244509169,0.999626430124647
"Sst-9","GRAMD1B",0.0300695450600232,0.0785263058961035,0.701776702122188,-0.123839186335315,0.183978276455361,5,0.00221424251787249,5.66764066004009,0.999626430124647
"Sst-9","ALG13",0.0242012789636706,0.10457535235524,0.81698517955638,-0.180762645323185,0.229165203250526,5,0,0,0.999626430124647
"Sst-9","ST8SIA3",0.0496096799711138,0.0972145173845815,0.609833292089506,-0.140927272877109,0.240146632819337,5,0,0,0.999626430124647
"Sst-9","MED27",-0.0492535076904165,0.0917248633081066,0.591288277710439,-0.229030936261165,0.130523920880332,5,0,0,0.999626430124647
"Sst-9","RIC3",0.0504807052114181,0.0807880280572092,0.532067025804436,-0.107860920162723,0.208822330585559,5,0,0,0.999626430124647
"Sst-9","ME2",0.00996216790256764,0.109944181318046,0.927801577762703,-0.205524467790544,0.22544880359568,5,0,0,0.999626430124647
"Sst-9","JAK1",0.0163588238688593,0.0990040339979382,0.868759873970224,-0.177685517091279,0.210403164828997,5,0.00504455736768358,9.30544766375063,0.999626430124647
"Sst-9","THRAP3",0.0135986272924244,0.0874476858611249,0.876422537253912,-0.157795687526753,0.184992942111602,5,0,0,0.999626430124647
"Sst-9","ADARB1",-0.141273491302976,0.0836350322378673,0.0911875346071432,-0.305195142335042,0.0226481597290904,5,0,0,0.999626430124647
"Sst-9","ASXL3",0.0965915435510968,0.0786221412999619,0.21923908387053,-0.0575050217842477,0.250688108886441,5,0,0,0.999626430124647
"Sst-9","PCMT1",-0.154268786922867,0.103394004839475,0.135686641525326,-0.356917312625598,0.0483797387798637,5,1.15201014654924e-06,0.00178120468905074,0.999626430124647
"Sst-9","STIM2",0.0496946485435653,0.0818169542830187,0.543593350380254,-0.110663635175911,0.210052932263042,5,0,0,0.999626430124647
"Sst-9","RAPGEF1",0.0135676131616556,0.189355332927916,0.942879172231987,-0.357562019657652,0.384697245980963,5,0.109386684288803,65.8457517304911,0.999626430124647
"Sst-9","PLPPR4",0.046275455639709,0.0817003462426416,0.571118737599808,-0.113854280520321,0.206405191799739,5,0,0,0.999626430124647
"Sst-9","FNBP4",-0.0503670631524395,0.0792306791654747,0.52497098570406,-0.205656340787418,0.104922214482539,5,0,0,0.999626430124647
"Sst-9","NRIP3",0.0370598285304424,0.0926829921853137,0.689262756418234,-0.14459549813218,0.218715155193065,5,0.00416520730293559,7.41216454890038,0.999626430124647
"Sst-9","PKIA",0.065111471242015,0.107221789821396,0.543678582686281,-0.145039375165844,0.275262317649874,5,0,0,0.999626430124647
"Sst-9","VSTM2A",0.0194789836101288,0.086553539671645,0.821939393166694,-0.150162836880754,0.189120804101012,5,1.64112966905884e-06,0.00313180512118692,0.999626430124647
"Sst-9","ST8SIA5",-0.124317636635802,0.10730933206576,0.246660905164781,-0.33464006268974,0.0860047894181355,5,0,0,0.999626430124647
"Sst-9","RNF180",-0.175289768898408,0.104113346060733,0.0922505669997403,-0.379348177487399,0.0287686396905843,5,0.016720091356381,30.9002403013371,0.999626430124647
"Sst-9","TAGLN3",-0.0393004415467074,0.193876276858631,0.839362587658844,-0.41929096164634,0.340690078552926,5,0.0897733831472382,51.4523958789466,0.999626430124647
"Sst-9","N4BP2L2",-0.0102781742651973,0.0533673881699179,0.847277890752849,-0.114876333027205,0.0943199844968108,5,0,0,0.999626430124647
"Sst-9","HPGD",0.139470392811217,0.260264656034577,0.592042101341147,-0.370638959465259,0.649579745087692,5,0.152083829533147,46.5345669777873,0.999626430124647
"Sst-9","SRPK1",0.14924498658785,0.0882387933986,0.0907649932453032,-0.023699870512677,0.322189843688376,5,0,0,0.999626430124647
"Sst-9","PTPN4",-0.0934943780844368,0.0801175386492429,0.243224430671969,-0.250521868366949,0.063533112198075,5,0.00511530210253286,14.4237598423667,0.999626430124647
"Sst-9","SMURF1",-0.0566053209479372,0.0929950329451785,0.542728693699202,-0.238872236261603,0.125661594365728,5,0,0,0.999626430124647
"Sst-9","WDR37",-0.0105338727627545,0.0931526353475342,0.909965660667269,-0.193109683108914,0.172041937583405,5,0,0,0.999626430124647
"Sst-9","CSTF3",0.123335256915472,0.103001204537916,0.231144576768581,-0.0785433943430872,0.325213908174031,5,1.87573543521092e-06,0.00265593498434345,0.999626430124647
"Sst-9","EVL",-0.0692386096857801,0.0666515149568621,0.298890670926051,-0.199873178516262,0.0613959591447022,5,0,0,0.999626430124647
"Sst-9","NTRK2",-0.0246060604051771,0.0545332014937541,0.651836424817765,-0.131489171294601,0.0822770504842467,5,0,0,0.999626430124647
"Sst-9","NFX1",-0.0792312851440112,0.0805715349179497,0.325427477299697,-0.237148591762304,0.0786860214742816,5,1.48937889738587e-06,0.00310766226066567,0.999626430124647
"Sst-9","PIGL",0.0824408726236251,0.113795592044884,0.468780581980918,-0.140594389383761,0.305476134631011,5,0.0067998987681212,9.22859249575262,0.999626430124647
"Sst-9","OLA1",0.11529623633981,0.0673146011706683,0.0867499212316569,-0.016637957588378,0.247230430267997,5,0,0,0.999626430124647
"Sst-9","CSDE1",0.0306783838809046,0.084288826697458,0.715882364040799,-0.134524680745251,0.195881448507061,5,0,0,0.999626430124647
"Sst-9","PPP2R2A",-0.00669551279136963,0.0964745651820578,0.94466976059455,-0.195782185972365,0.182391160389626,5,0,0,0.999626430124647
"Sst-9","ZNF462",-0.00794763351555051,0.0774036965166481,0.918218773052113,-0.159656090958449,0.143760823927348,5,0,0,0.999626430124647
"Sst-9","CD99L2",0.179932872737614,0.268004708681379,0.501978788083439,-0.345346703965039,0.705212449440266,5,0.260801366336203,74.3805717960978,0.999626430124647
"Sst-9","ARL8B",0.0430040332794208,0.120635271891836,0.721481303885377,-0.193436754893775,0.279444821452616,5,0.0106682180694412,12.7451577331025,0.999626430124647
"Sst-9","NAALADL2",0.380227370679195,0.129474999808199,0.00331740215586733,0.126461034156794,0.633993707201597,5,0.0102858420445636,11.1249392930911,0.999626430124647
"Sst-9","RIMS2",-0.00437066449879307,0.0510200678127573,0.931732252256725,-0.104368159900589,0.0956268309030024,5,0.000452140095592778,3.00755432967618,0.999626430124647
"Sst-9","FXR1",0.0629840201897861,0.0848661811592458,0.457992290935215,-0.103350638387787,0.229318678767359,5,0,0,0.999626430124647
"Sst-9","PLPP1",-0.07425605034948,0.126504905970763,0.557216073797228,-0.322201109919802,0.173689009220842,5,0.0293470187437065,37.9415572794736,0.999626430124647
"Sst-9","SPRED2",-0.131657949399337,0.23547281765879,0.576078702852007,-0.593176191348732,0.329860292550058,5,0.137782181927007,53.9041436896269,0.999626430124647
"Sst-9","GPBP1",0.0556636798065449,0.0751335963269034,0.458776687355855,-0.0915954630231566,0.202922822636246,5,0,0,0.999626430124647
"Sst-9","PRKCQ",-0.130435241428259,0.125938218069862,0.300338309461028,-0.377269613122339,0.116399130265822,5,0,0,0.999626430124647
"Sst-9","UHRF2",0.134140918605407,0.0929279541003093,0.148881438934532,-0.0479945245881908,0.316276361799004,5,0,0,0.999626430124647
"Sst-9","SLC12A2",-0.0569739631107363,0.0963061945753696,0.554123909779146,-0.245730635966567,0.131782709745095,5,5.37911364142712e-07,0.000817895892749617,0.999626430124647
"Sst-9","NRDC",-0.0568790282694451,0.0718485581113641,0.428563832328427,-0.197699614508852,0.0839415579699616,5,0,0,0.999626430124647
"Sst-9","KLHL3",-0.0251004712581765,0.0955024597295726,0.792685164656351,-0.212281852763126,0.162080910246773,5,0.0055076017253947,9.16330013685257,0.999626430124647
"Sst-9","XPO6",-0.106715560002521,0.0882813486385633,0.226735052486533,-0.279743823840729,0.0663127038356876,5,0,0,0.999626430124647
"Sst-9","KDM5B",0.155986373294906,0.102437699764697,0.12782281258353,-0.0447878289030272,0.35676057549284,5,0,0,0.999626430124647
"Sst-9","RAB11FIP3",0.0332400073245807,0.084344104712617,0.693507249019936,-0.132071400220424,0.198551414869585,5,6.25169499659403e-08,0.00011919360334251,0.999626430124647
"Sst-9","BSN",-0.0643570242165637,0.104714361523199,0.538821578884208,-0.269593401466141,0.140879353033013,5,0.00924737870339352,14.7608950086828,0.999626430124647
"Sst-9","ATG7",-0.0969485007717415,0.142399936487967,0.495986388740866,-0.376047247688949,0.182150246145466,5,0.0637868790070322,67.0078187244349,0.999626430124647
"Sst-9","GPM6A",0.0138067845191325,0.0558431507369577,0.804720773049725,-0.0956437797085461,0.123257348746811,5,0.00114118075834617,6.32990207987127,0.999626430124647
"Sst-9","ATG2B",-0.0121421819131309,0.0974053107432138,0.900795685277969,-0.203053082872762,0.178768719046501,5,0.00295116286504267,4.60253253283496,0.999626430124647
"Sst-9","UBQLN1",0.049728598172155,0.0901216774322594,0.581089519109203,-0.12690664382141,0.22636384016572,5,2.01227989790741e-06,0.00363029350648351,0.999626430124647
"Sst-9","KMT2C",-0.15464801986841,0.06226650866337,0.0130044692549044,-0.276688134291667,-0.0326079054451537,5,0,0,0.999626430124647
"Sst-9","CMC1",0.011840859234104,0.10032501189746,0.906047851518621,-0.18479255083347,0.208474269301678,5,0,0,0.999626430124647
"Sst-9","BBX",-0.0452486320116873,0.106952027211657,0.672241202777521,-0.254870753420083,0.164373489396709,5,3.83840041337901e-06,0.00567722330431752,0.999626430124647
"Sst-9","TM9SF3",-0.00961437903147556,0.0941636486770319,0.918675020868558,-0.194171739091341,0.17494298102839,5,0,0,0.999626430124647
"Sst-9","PACS1",-0.00909818076719969,0.0834745664553206,0.91320768759926,-0.172705324644723,0.154508963110324,5,0,0,0.999626430124647
"Sst-9","KIF21A",0.0121969275366133,0.07827811723833,0.876178618170536,-0.141225363028117,0.165619218101344,5,0.00727765153491456,22.2819781955489,0.999626430124647
"Sst-9","NR2F1",0.244064501450553,0.206589528476929,0.237444564363387,-0.160843533947339,0.648972536848445,5,0.120564665677449,59.5216586168091,0.999626430124647
"Sst-9","TMEM181",-0.0324676327409447,0.0818671238856115,0.691670277692832,-0.192924247074622,0.127988981592733,5,0,0,0.999626430124647
"Sst-9","GRM7",-0.0847218652408603,0.116175399474211,0.465843722826478,-0.312421464099867,0.142977733618147,5,0.0253307761258465,38.7364448110689,0.999626430124647
"Sst-9","ZNF532",-0.0083388361896075,0.0742082297404242,0.910529427752656,-0.153784293837313,0.137106621458098,5,0,0,0.999626430124647
"Sst-9","CTTN",-0.0240579429565368,0.12985314289485,0.853016958116308,-0.278565426309776,0.230449540396702,5,0.0157098229914281,16.1897504854616,0.999626430124647
"Sst-9","RB1CC1",0.0247224080941425,0.110846847513243,0.82351050301205,-0.192533420831617,0.241978237019902,5,0.0261130166385299,44.4107012048872,0.999626430124647
"Sst-9","CAMK4",0.0557072874498969,0.109004585256855,0.60931287163466,-0.157937773803265,0.269352348703059,5,1.19690703441499e-06,0.00175063372189348,0.999626430124647
"Sst-9","NR3C1",-0.00784189436690214,0.0901365662224109,0.93067139653706,-0.184506317852937,0.168822529119133,5,0,0,0.999626430124647
"Sst-9","RALGPS1",-0.0698009931476533,0.072592292455609,0.336276567830054,-0.212079271915846,0.0724772856205391,5,0,0,0.999626430124647
"Sst-9","SRSF11",-0.00712914351152066,0.0593129185502852,0.904328314333959,-0.123380327688037,0.109122040664996,5,0,0,0.999626430124647
"Sst-9","SYN3",-0.09502101365604,0.250335752972223,0.704261454589839,-0.585670073524312,0.395628046212232,5,0.186159918436843,63.0761313249689,0.999626430124647
"Sst-9","CEP57",0.154317491199192,0.0910050440862857,0.0899422131329256,-0.0240491176214082,0.332684100019791,5,0,0,0.999626430124647
"Sst-9","FNBP1",-0.0407651410322108,0.0661505942499692,0.537731155930374,-0.170417923318073,0.0888876412536512,5,0,0,0.999626430124647
"Sst-9","DCAF10",0.0115253363650363,0.0842559850741543,0.891197161883077,-0.15361335986225,0.176664032592323,5,0,0,0.999626430124647
"Sst-9","POM121C",-0.0587967607187973,0.107208034010268,0.583392464559402,-0.268920646232268,0.151327124794674,5,0.00364691158963581,5.17762477967453,0.999626430124647
"Sst-9","TTLL5",0.0224355163261889,0.0852655641135303,0.792454101970047,-0.144681918457821,0.189552951110199,5,4.90983170586011e-06,0.0101733322791949,0.999626430124647
"Sst-9","RNF157",-0.165770649117992,0.0776987417402176,0.0328833270758458,-0.318057384572897,-0.0134839136630861,5,0,0,0.999626430124647
"Sst-9","MAP1A",-0.0297020903979515,0.139185316929553,0.831015295614026,-0.302500298756668,0.243096117960765,5,0.0351114713595871,36.9965271100969,0.999626430124647
"Sst-9","PRKRIP1",-0.0379982694081608,0.0906377721387682,0.675046467318854,-0.215645038439094,0.139648499622773,5,0,0,0.999626430124647
"Sst-9","RAP1GAP",-0.0502025605408825,0.0901035822205291,0.57741471453766,-0.226802336571163,0.126397215489398,5,0,0,0.999626430124647
"Sst-9","USP11",-0.0471911514499866,0.101120544513112,0.640727314317977,-0.245383776792766,0.151001473892793,5,0.00633968590146005,11.3185928190439,0.999626430124647
"Sst-9","KTN1",0.0222345780311399,0.0747198128750616,0.76602929732898,-0.124213564135553,0.168682720197833,5,0,0,0.999626430124647
"Sst-9","SEZ6L",-0.302521141907882,0.206644973526222,0.143203335479684,-0.707537847605511,0.102495563789746,5,0.115470085071231,58.4476630400919,0.999626430124647
"Sst-9","GGA2",0.0190909339740301,0.0788759298314343,0.808751095244996,-0.13550304774269,0.17368491569075,5,0,0,0.999626430124647
"Sst-9","SH3BGRL",-0.0666544159739162,0.102724701287232,0.516425937032877,-0.267991130819525,0.134682298871693,5,0.00620878809931299,10.1631935131999,0.999626430124647
"Sst-9","CSNK2A1",0.0640467058632112,0.096787886387475,0.508149190032855,-0.125654065595994,0.253747477322417,5,0.00349706178833364,5.9281368473534,0.999626430124647
"Sst-9","SREK1",-0.106656054654785,0.0908051071582062,0.240170758972877,-0.284630794297169,0.0713186849875995,5,7.34115113476526e-06,0.0116671396650617,0.999626430124647
"Sst-9","TBC1D9",0.0619376859800459,0.0818706675057548,0.449330980981711,-0.0985258737214873,0.222401245681579,5,0,0,0.999626430124647
"Sst-9","MBOAT2",-0.136167525838624,0.242653064351538,0.57468753524974,-0.611758792705919,0.339423741028672,5,0.229997019322814,82.7018726330996,0.999626430124647
"Sst-9","CDC14B",-0.0414072724656855,0.18718686370886,0.824930311086093,-0.408286783714058,0.325472238782687,5,0.0927309138608732,54.9731015678905,0.999626430124647
"Sst-9","RAB27B",0.0468767850826944,0.108849819531355,0.66671880220629,-0.166464940922447,0.260218511087835,5,0,0,0.999626430124647
"Sst-9","TAF2",-0.0633803838011392,0.0942141012143818,0.501120891666377,-0.248036629017139,0.12127586141486,5,1.20067650532785e-06,0.00197456712976834,0.999626430124647
"Sst-9","SVOP",0.0329310040943264,0.108293490261078,0.7610590674024,-0.179320336577526,0.245182344766179,5,0.0149472536728957,24.6680068706208,0.999626430124647
"Sst-9","TCAF1",0.085230307021682,0.0877727811994715,0.331531618983196,-0.0868011829521964,0.25726179699556,5,0,0,0.999626430124647
"Sst-9","PPP6R3",0.0277201148014443,0.0689481390382483,0.687652400579947,-0.107415754514582,0.162855984117471,5,0,0,0.999626430124647
"Sst-9","HMBOX1",0.00419878782220882,0.0909923812248149,0.963195166477417,-0.174143002245967,0.182540577890385,5,0.00597614393437699,12.6620245598029,0.999626430124647
"Sst-9","TXNL1",-0.101343423387326,0.106301361569605,0.34040790423104,-0.309690263571323,0.10700341679667,5,0,0,0.999626430124647
"Sst-9","PNMA2",-0.0323486423406844,0.128194696358921,0.800778316948766,-0.283605630213218,0.218908345531849,5,0.0301183818244293,37.4880662380564,0.999626430124647
"Sst-9","MTA3",-0.126999063075013,0.106244029664095,0.231949348274578,-0.335233534789044,0.0812354086390177,5,0.0108046859042603,16.6594022631936,0.999626430124647
"Sst-9","DCC",0.0720846412096932,0.0910353471739591,0.428459024087457,-0.106341360571367,0.250510642990753,5,0,0,0.999626430124647
"Sst-9","CSNK1A1",0.0870950059125061,0.0858584226333159,0.310390691069557,-0.0811844102182117,0.255374422043224,5,0.00176535046699539,3.85733670610997,0.999626430124647
"Sst-9","CCDC57",-0.0417297699949604,0.0862900099933265,0.628670423302836,-0.210855081807482,0.127395541817561,5,2.20247050256704e-06,0.0043945468036612,0.999626430124647
"Sst-9","PATJ",0.133019759663403,0.0765752116538026,0.0823673100750559,-0.017064897286582,0.283104416613388,5,3.38753794388673e-06,0.00795612699224115,0.999626430124647
"Sst-9","CRYBG3",0.133648159526587,0.15200112113645,0.379261553558107,-0.164268563510566,0.431564882563739,5,0,0,0.999626430124647
"Sst-9","MAPK9",-0.0174445212823398,0.0766637291751887,0.819999241225557,-0.167702669386242,0.132813626821563,5,0,0,0.999626430124647
"Sst-9","SLC4A7",-0.0705556777229275,0.111054711688799,0.525217393561914,-0.288218912946452,0.147107557500597,5,0.0176120725671028,27.7379481695983,0.999626430124647
"Sst-9","ARIH2",0.0531692824907188,0.211165974587668,0.801204112911396,-0.360708422461411,0.467046987442849,5,0.15076900174616,72.3216206833478,0.999626430124647
"Sst-9","MAGI1",-0.0404343075917202,0.0538325057309107,0.452584510537978,-0.145944080021851,0.0650754648384109,5,2.2154146119294e-06,0.0119613258993495,0.999626430124647
"Sst-9","PPME1",-0.171812724658046,0.0893001823929847,0.0543557432625565,-0.346837865961154,0.00321241664506225,5,7.25569463463904e-07,0.00131281170559014,0.999626430124647
"Sst-9","CNTN5",0.0853626800002733,0.114771938715937,0.45702219547035,-0.139586186318801,0.310311546319347,5,0.0206850458408129,32.0465390161922,0.999626430124647
"Sst-9","KCNB1",-0.0324910695432645,0.0631033036159078,0.606631998350317,-0.15617127193594,0.0911891328494108,5,1.59622398003875e-06,0.00575437338171888,0.999626430124647
"Sst-9","NAA25",-0.0383073968798661,0.0866584402338956,0.658452746081385,-0.208154818694718,0.131540024934986,5,0,0,0.999626430124647
"Sst-9","FHL1",0.131987825917867,0.119329082592736,0.268690754753586,-0.101892878272101,0.365868530107836,5,0.0156702514766943,20.7487602938835,0.999626430124647
"Sst-9","HPRT1",0.0261935224228251,0.102112181314442,0.797551564579379,-0.173942675336305,0.226329720181955,5,0,0,0.999626430124647
"Sst-9","RYR2",0.0174149037667762,0.0546071990329346,0.749793067922618,-0.0896132396343861,0.124443047167938,5,0,0,0.999626430124647
"Sst-9","DDHD1",-0.0329855859871082,0.0775831171572282,0.670716772640393,-0.185045701423627,0.119074529449411,5,0,0,0.999626430124647
"Sst-9","OSBPL9",-0.00453166509811338,0.0823214956638278,0.956099919344579,-0.165878831752686,0.156815501556459,5,0.00622342857850442,15.3914058846969,0.999626430124647
"Sst-9","FAM120A",0.00964246868721692,0.0756306650279327,0.898549289047716,-0.138590910894344,0.157875848268778,5,0,0,0.999626430124647
"Sst-9","TRAK2",-0.0901885658307673,0.0906560569600564,0.319812510127713,-0.26787117245289,0.0874940407913549,5,1.5155626399512e-06,0.00238143280732582,0.999626430124647
"Sst-9","TEAD1",-0.0763981138211952,0.107075126502593,0.475536349222748,-0.286261505406347,0.133465277763957,5,0,0,0.999626430124647
"Sst-9","BNIP3L",-0.0300213877804365,0.102702762056078,0.770047057372448,-0.231315102523137,0.171272326962264,5,5.1083791270682e-07,0.000772527121587172,0.999626430124647
"Sst-9","FRMD4A",-0.0448658492930383,0.0618549871059978,0.468243938724799,-0.166099396284983,0.0763676976989068,5,0.00669963675281141,36.2810950953561,0.999626430124647
"Sst-9","TTC8",0.0638623445474737,0.101798555318591,0.530436138531683,-0.135659157555172,0.26338384665012,5,0,0,0.999626430124647
"Sst-9","RERE",-0.0178497481013461,0.0535809493467816,0.73903155597163,-0.122866479078503,0.0871669828758109,5,0,0,0.999626430124647
"Sst-9","LPIN1",-0.0023783383970571,0.0929262404342347,0.979581307433409,-0.184510422866867,0.179753746072753,5,0,0,0.999626430124647
"Sst-9","PITPNC1",-0.0597082476802996,0.0984955153428561,0.544380157795652,-0.25275591039101,0.133339415030411,5,0.00567103832953674,9.95249014675195,0.999626430124647
"Sst-9","KCNQ2",-0.131199434550492,0.0958764687083424,0.171180134404881,-0.319113860183725,0.0567149910827404,5,0,0,0.999626430124647
"Sst-9","PCDH19",0.18722749193388,0.112418491977754,0.0958228081174951,-0.033108703538823,0.407563687406584,5,0.00791082728988615,11.0688183253147,0.999626430124647
"Sst-9","AFAP1",0.0176346853438762,0.159773822303757,0.912113717764595,-0.295516252043791,0.330785622731543,5,0.0622152206306672,51.3777800660011,0.999626430124647
"Sst-9","DDX6",-0.136288570017339,0.0887505386775028,0.124627547501826,-0.310236429433774,0.0376592893990952,5,0,0,0.999626430124647
"Sst-9","HS2ST1",0.0775562642677747,0.0963504151041862,0.4208545371917,-0.111287079231914,0.266399607767464,5,0.00301746477561463,5.61136929084015,0.999626430124647
"Sst-9","ITCH",-0.145191750877394,0.0790883680242132,0.0663847630928815,-0.300202103800901,0.00981860204611296,5,0,0,0.999626430124647
"Sst-9","AP2A2",-0.00373378420925945,0.0889253111974931,0.966508369694248,-0.178024191470362,0.170556623051843,5,0,0,0.999626430124647
"Sst-9","STAG1",-0.0510090747854975,0.069810266264022,0.464973676802628,-0.187834682414132,0.0858165328431371,5,8.90809063617844e-08,0.000257109047343033,0.999626430124647
"Sst-9","SLC38A1",-0.0402560898914329,0.13630759736472,0.767739743827752,-0.30741407154547,0.226901891762605,5,0.043550045089046,49.1944151590084,0.999626430124647
"Sst-9","MCPH1",-0.0968389124041511,0.092504825387953,0.295167588963471,-0.278145038560705,0.0844672137524032,5,0,0,0.999626430124647
"Sst-9","THUMPD2",0.111540731015441,0.0928674805447103,0.229722436203946,-0.0704761861871652,0.293557648218048,5,0,0,0.999626430124647
"Sst-9","LRRC37A3",0.00916805422272884,0.106353586094432,0.931304627064048,-0.199281144149038,0.217617252594495,5,0,0,0.999626430124647
"Sst-9","CTDSPL",0.0100851448687551,0.0890389475445447,0.909819142599389,-0.164427985539904,0.184598275277414,5,0,0,0.999626430124647
"Sst-9","SLC36A4",-0.132484465840806,0.0957575621365041,0.16649919660249,-0.320165838875711,0.0551969071940979,5,2.58795761318777e-08,4.50095268535551e-05,0.999626430124647
"Sst-9","CACNA1C",0.0328134625918996,0.0515779028851374,0.524651117495661,-0.0682773694610741,0.133904294644873,5,0,0,0.999626430124647
"Sst-9","ELP2",-0.00964808865307255,0.083907632520452,0.908457299298235,-0.17410402642118,0.154807849115035,5,5.57690327090009e-06,0.0104774816285119,0.999626430124647
"Sst-9","UBXN2B",0.152578256989096,0.0943481216593155,0.105838605111014,-0.032340663472166,0.337497177450357,5,0,0,0.999626430124647
"Sst-9","NCOA7",0.00276336620281634,0.0853093408975808,0.974159198867382,-0.164439869501292,0.169966601906925,5,0.00104863880502369,2.35678063432173,0.999626430124647
"Sst-9","IRAK1BP1",-0.00766498976964475,0.214241055083711,0.971459846846382,-0.42756974174358,0.41223976220429,5,0.13085164483505,60.1658081316316,0.999626430124647
"Sst-9","RCOR3",-0.0174862758416844,0.07518059873948,0.816079582692585,-0.164837541707223,0.129864990023854,5,0,0,0.999626430124647
"Sst-9","PIK3CB",-0.021527282075291,0.115120754587886,0.851662669573306,-0.247159814940621,0.204105250790039,5,0.0226386774504934,34.6636672649348,0.999626430124647
"Sst-9","ETNK1",0.143549934161113,0.0866918329289767,0.0977492491637161,-0.0263629361334452,0.313462804455671,5,0,0,0.999626430124647
"Sst-9","CNOT6L",-0.065469162311087,0.0944305017326371,0.488118011046806,-0.250549544749103,0.119611220126929,5,0.00475420902169627,8.40618268127727,0.999626430124647
"Sst-9","ATAD2B",-0.0912255146805587,0.086277042257278,0.290349322241934,-0.260325410197464,0.0778743808363465,5,0,0,0.999626430124647
"Sst-9","CUL3",0.0127484074136595,0.0766651905182496,0.867931271863606,-0.137512604870011,0.16300941969733,5,0,0,0.999626430124647
"Sst-9","XPO1",0.0559642357568924,0.0792067121245267,0.479840415105659,-0.099278067341012,0.211206538854797,5,2.59556325985093e-06,0.00573718161762197,0.999626430124647
"Sst-9","C8orf34",0.0932036723878085,0.192590988118698,0.628424067692657,-0.28426772807182,0.470675072847437,5,0,0,0.999626430124647
"Sst-9","TSPYL2",0.0646137308902542,0.0747086793655495,0.387106946293796,-0.0818125899987736,0.211040051779282,5,0,0,0.999626430124647
"Sst-9","KCNMB4",-0.101648962657769,0.107928780229353,0.346287276317348,-0.313185484802639,0.109887559487101,5,0,0,0.999626430124647
"Sst-9","DMTF1",0.140100006035951,0.0864439040783952,0.105081073514064,-0.0293269326407387,0.309526944712641,5,0,0,0.999626430124647
"Sst-9","DOCK4",-0.0409250548468977,0.0880712287107436,0.642159687171482,-0.213541491194145,0.13169138150035,5,2.15984867210149e-08,4.7165314343342e-05,0.999626430124647
"Sst-9","KIAA1328",-0.0489363811069128,0.0859953153430686,0.5693163145851,-0.217484102018492,0.119611339804666,5,0,0,0.999626430124647
"Sst-9","PTPRN",0.0458440209322747,0.160417490007,0.775047053949898,-0.26856848197176,0.360256523836309,5,0.0478873594671533,38.0640308484767,0.999626430124647
"Sst-9","TLN2",0.0618414457178592,0.118846067921045,0.602820272459205,-0.17109256711159,0.294775458547308,5,0.0255676897374353,36.8183428787978,0.999626430124647
"Sst-9","SPG7",0.0616539285599887,0.0985743396656001,0.531671708984822,-0.131548226984406,0.254856084104383,5,0,0,0.999626430124647
"Sst-9","USP47",0.237272439851358,0.12160422327215,0.0510349415045631,-0.00106745813002321,0.475612337832739,5,0.0268323465124361,37.0597064097143,0.999626430124647
"Sst-9","CHL1",0.020353221312349,0.0671477048425569,0.761805119965796,-0.111253861823588,0.151960304448286,5,0,0,0.999626430124647
"Sst-9","NSD1",-0.0641922043952006,0.0772802973389313,0.406176312677327,-0.215658803894053,0.0872743951036514,5,0,0,0.999626430124647
"Sst-9","XYLT1",-0.00402971483718369,0.093694715377946,0.965694369540716,-0.187667982519689,0.179608552845322,5,0,0,0.999626430124647
"Sst-9","HNRNPA3",-0.0297733015855366,0.100595185042886,0.767251893775811,-0.226936241287736,0.167389638116663,5,0.0102634389248469,19.0073947035513,0.999626430124647
"Sst-9","MED12L",-0.210039119058086,0.102952722538628,0.041335269835235,-0.411822747344141,-0.00825549077203006,5,0,0,0.999626430124647
"Sst-9","DNAJB14",0.0855284422145729,0.0997226135718717,0.391078320054125,-0.109924288830501,0.280981173259647,5,0.00961507134656977,17.4148344461692,0.999626430124647
"Sst-9","NKAIN2",0.109140748424435,0.136970848512984,0.425557117658704,-0.159317181592906,0.377598678441777,5,0.0240787962610309,25.5899120728497,0.999626430124647
"Sst-9","KLHL23",-0.0748910247889777,0.0967330981846455,0.438810938016098,-0.26448441334386,0.114702363765904,5,2.88780355597489e-07,0.000533442157756761,0.999626430124647
"Sst-9","REV1",0.0168218680591703,0.0691182871230825,0.807712612143231,-0.11864748537517,0.152291221493511,5,0,0,0.999626430124647
"Sst-9","CHN1",-0.0462237242608175,0.0730529243588365,0.526901504910601,-0.189404824969466,0.0969573764478308,5,0,0,0.999626430124647
"Sst-9","ORC3",0.211546394930101,0.0939694613020357,0.0243712940156046,0.0273696351314808,0.395723154728721,5,0,0,0.999626430124647
"Sst-9","THOC1",-0.0380983726415283,0.096710887913019,0.693624685167359,-0.227648229863936,0.151451484580879,5,0,0,0.999626430124647
"Sst-9","RAPGEF4",-0.0324191932212277,0.05383495924066,0.547043726102581,-0.137933774442103,0.0730953879996477,5,0,0,0.999626430124647
"Sst-9","CACNG2",-0.0733841312517326,0.078447409353234,0.349553141948125,-0.227138228264542,0.0803699657610766,5,0,0,0.999626430124647
"Sst-9","ADCY9",-0.185517040155749,0.0898218186318322,0.0388861622308017,-0.361564569700029,-0.00946951061146903,5,1.58450166175236e-06,0.0027597077113219,0.999626430124647
"Sst-9","VAPA",0.105255810834929,0.0906331816769579,0.245504234529126,-0.0723819610561842,0.282893582726042,5,0,0,0.999626430124647
"Sst-9","ATRN",0.0677805992306105,0.0742543106953366,0.361338780949142,-0.0777551754290965,0.213316373890317,5,0,0,0.999626430124647
"Sst-9","WDR33",0.0210146799130215,0.0768349640061564,0.784465718759134,-0.129579082292476,0.171608442118519,5,0,0,0.999626430124647
"Sst-9","TRPC4AP",-0.0653533316965935,0.121233604904621,0.589838940194697,-0.302966831025609,0.172260167632422,5,0.0190903946336919,25.5146028220898,0.999626430124647
"Sst-9","TMEM245",0.0416571558335641,0.0800195590747673,0.602654388628456,-0.115178298011755,0.198492609678883,5,0,0,0.999626430124647
"Sst-9","SOBP",0.0543351004156269,0.0606492299417408,0.370310971229807,-0.0645352059602733,0.173205406791527,5,0,0,0.999626430124647
"Sst-9","CAB39",-0.152143065837339,0.139127159931402,0.274150622025876,-0.424827288574231,0.120541156899553,5,0.0358298802354131,37.9366253303237,0.999626430124647
"Sst-9","MTMR3",0.0529014078361811,0.0713175494096203,0.458225092163595,-0.0868784204723305,0.192681236144693,5,0,0,0.999626430124647
"Sst-9","FBXO16",0.0262420228572068,0.118849353732738,0.825247603059527,-0.206698430044821,0.259182475759234,5,0.0215321588720828,29.9947629050875,0.999626430124647
"Sst-9","FBN1",-0.103834610375142,0.109501853971623,0.343004627712998,-0.318454300399886,0.110785079649603,5,0.0148607642867065,23.6878115045085,0.999626430124647
"Sst-9","GLCCI1",0.0751724182590033,0.0910931203514912,0.409243251829823,-0.103366816869292,0.253711653387299,5,0,0,0.999626430124647
"Sst-9","SCAMP5",-0.108295568058702,0.0849055779257386,0.202138559102146,-0.274707442879709,0.0581163067623044,5,0,0,0.999626430124647
"Sst-9","SH3GL2",-0.0343630290664513,0.133502804797295,0.796873430845951,-0.296023718304231,0.227297660171328,5,0.044441939953655,52.9508823421103,0.999626430124647
"Sst-9","TP53BP1",0.0581848087396574,0.0759356751702688,0.443534632142605,-0.0906463797358019,0.207015997215117,5,0,0,0.999626430124647
"Sst-9","GPR137C",0.0379724884513531,0.0846021214485608,0.653549876030601,-0.12784462260351,0.203789599506216,5,0,0,0.999626430124647
"Sst-9","RBFOX3",-0.308841504387704,0.207887198126929,0.137379502590547,-0.716292925563427,0.0986099167880188,5,0.170936841303479,83.5109247403747,0.999626430124647
"Sst-9","RUBCN",-0.0760827565400034,0.084110369379152,0.36569928537414,-0.240936051249502,0.088770538169495,5,0,0,0.999626430124647
"Sst-9","CAMKMT",0.0755931235407648,0.116422476313294,0.516144432081321,-0.152590737024258,0.303776984105788,5,0,0,0.999626430124647
"Sst-9","APPBP2",-0.0547085994421346,0.0797907922487903,0.49293350577863,-0.211095678547681,0.101678479663412,5,0,0,0.999626430124647
"Sst-9","SLC6A17",-0.132153657240107,0.161906208347511,0.414365236444393,-0.449483994474668,0.185176679994453,5,0.0480235859392326,37.9336060859854,0.999626430124647
"Sst-9","AGFG1",0.137350840209189,0.165102484422474,0.405458268546259,-0.186244083016944,0.460945763435322,5,0.0800346253517723,62.7429235325119,0.999626430124647
"Sst-9","YME1L1",0.116973848194901,0.115963842662688,0.313113898062045,-0.110311106932837,0.34425880332264,5,0.016530553061171,22.8984056621298,0.999626430124647
"Sst-9","STAG2",0.0780331559094097,0.129783497981672,0.547669239172489,-0.176337825922295,0.332404137741114,5,0.0266039489133191,31.0025639163111,0.999626430124647
"Sst-9","BTBD10",0.0442827010054238,0.0794474698932295,0.577265503732406,-0.111431478648136,0.199996880658984,5,0,0,0.999626430124647
"Sst-9","SH3GL3",0.030697642893783,0.122975529834102,0.802878141532447,-0.210329966560788,0.271725252348354,5,0.043354348048105,62.6303501057993,0.999626430124647
"Sst-9","SRRM3",-0.114429996289279,0.0828501668838048,0.167227322536282,-0.276813339494669,0.0479533469161116,5,0.00542213568476048,14.2661454138507,0.999626430124647
"Sst-9","CHD9",-0.0100832582900748,0.0579914714344402,0.861963819777346,-0.123744453712061,0.103577937131911,5,0,0,0.999626430124647
"Sst-9","YEATS2",0.104008617673527,0.141275659923446,0.461602631456757,-0.172886587668555,0.380903823015609,5,0.0489872624364444,53.0125054437494,0.999626430124647
"Sst-9","YWHAZ",0.051902253518153,0.0793606222013856,0.513108504788366,-0.103641707787252,0.207446214823559,5,0,0,0.999626430124647
"Sst-9","NRF1",-0.103584084419201,0.0872515753313923,0.235153196511826,-0.274594029663113,0.0674258608247112,5,0,0,0.999626430124647
"Sst-9","HOOK3",0.0666434943273964,0.0796658407107141,0.402852369970623,-0.0894986842637081,0.222785672918501,5,0,0,0.999626430124647
"Sst-9","TNPO1",0.0187175741477943,0.139849347357292,0.893528318833373,-0.25538210993393,0.292817258229518,5,0.0458200495003532,49.6826714455515,0.999626430124647
"Sst-9","CACNG8",-0.0115513188189763,0.123676024282756,0.925585930862619,-0.25395187216428,0.230849234526327,5,0.0316735917827316,43.1387791759349,0.999626430124647
"Sst-9","MPHOSPH9",-0.0325875047059989,0.0890553342915411,0.714421614838934,-0.207132752548594,0.141957743136597,5,0,0,0.999626430124647
"Sst-9","FAM13C",0.0748342448795169,0.263041975840502,0.776030721606037,-0.440718554190121,0.590387043949155,5,0.252324433020861,77.7613043996493,0.999626430124647
"Sst-9","CPEB2",0.244196166390671,0.195370048651017,0.211330202835465,-0.138722092623161,0.627114425404502,5,0.114953514495657,64.3820280485328,0.999626430124647
"Sst-9","GRB10",-0.0624815323475158,0.0868787850365772,0.472029682215895,-0.232760822039805,0.107797757344773,5,0,0,0.999626430124647
"Sst-9","SYBU",-0.0204774277636067,0.113018989262899,0.856221797188871,-0.241990576288007,0.201035720760794,5,0.024412423365345,39.5310978092342,0.999626430124647
"Sst-9","CRADD",-0.0450957560297154,0.0958249313403911,0.637922357749424,-0.232909170277905,0.142717658218475,5,0,0,0.999626430124647
"Sst-9","ELMOD1",0.0440150314147074,0.0798716371091199,0.581584244916587,-0.11253050070542,0.200560563534835,5,2.56302302260886e-06,0.00583796721811292,0.999626430124647
"Sst-9","TET2",0.0520891240385361,0.0867361312741469,0.548141742931162,-0.11791056941713,0.222088817494202,5,2.20206465402862e-06,0.00453396335622278,0.999626430124647
"Sst-9","SLC4A8",-0.123282826093875,0.0673811001087819,0.0673045209051018,-0.255347355545775,0.00878170335802553,5,0,0,0.999626430124647
"Sst-9","PPM1E",-0.0149809272559692,0.0731052891175973,0.837632583373829,-0.158264661005848,0.12830280649391,5,3.13301389026866e-06,0.00794638985823873,0.999626430124647
"Sst-9","MIB1",-0.0448466762538315,0.0851580363202998,0.598451373692271,-0.211753360435773,0.12206000792811,5,0,0,0.999626430124647
"Sst-9","SRGAP2",-0.0505416280196827,0.0770540712433405,0.511872913427885,-0.201564832518813,0.100481576479448,5,0,0,0.999626430124647
"Sst-9","GLRB",0.0550849321446211,0.170492395891501,0.746624667140895,-0.279074023440666,0.389243887729909,5,0.089275331072483,66.7321951423371,0.999626430124647
"Sst-9","RNF149",0.111882561159408,0.0849747660690957,0.18795385767401,-0.0546649199307358,0.278430042249552,5,0,0,0.999626430124647
"Sst-9","SLC6A1",0.130964852719114,0.0682854061407929,0.0551231865552151,-0.00287208398653033,0.264801789424758,5,6.66773169166766e-08,0.000227261325668152,0.999626430124647
"Sst-9","XRCC5",0.0802474836882536,0.0948227965913833,0.397391578167219,-0.105601782544225,0.266096749920732,5,0.00483434507154021,9.59892390046718,0.999626430124647
"Sst-9","PRDM2",-0.0760620730758125,0.0815476501872094,0.350958546990048,-0.235892530466614,0.0837683843149888,5,1.3512709690567e-06,0.00300185872202695,0.999626430124647
"Sst-9","PHACTR3",-0.125327872727646,0.0720257096697784,0.0818513683268,-0.26649566964135,0.0158399241860574,5,7.08704811146957e-06,0.0186058756331669,0.999626430124647
"Sst-9","HIVEP3",0.0333524605243876,0.126030886691308,0.791288962741156,-0.213663538330224,0.280368459378999,5,0.0371409924984851,50.2194100162605,0.999626430124647
"Sst-9","RNF145",0.0161076065889418,0.0842675129797965,0.848409270271108,-0.149053683918221,0.181268897096104,5,0,0,0.999626430124647
"Sst-9","FARS2",-0.091059549564769,0.169704890630756,0.591560614694576,-0.423675023201359,0.241555924071821,5,0.0897162486144038,67.0213723243052,0.999626430124647
"Sst-9","TBC1D32",0.122841626198002,0.0774696272408997,0.112813126285318,-0.0289960530899047,0.274679305485908,5,0,0,0.999626430124647
"Sst-9","CRMP1",-0.0341798643051036,0.0918029514963522,0.709656317241703,-0.214110342912431,0.145750614302224,5,0.00457336458226677,8.93330651095441,0.999626430124647
"Sst-9","APBA1",0.0128482880494212,0.0676172462770189,0.849297411156828,-0.119679079387311,0.145375655486153,5,0,0,0.999626430124647
"Sst-9","KCTD1",-0.0226266541154371,0.107384744129584,0.833116371055255,-0.233096885098472,0.187843576867597,5,4.33254441646393e-06,0.00507506439327758,0.999626430124647
"Sst-9","SPECC1",-0.0569408780738518,0.0975925717069015,0.559587013302829,-0.248218803778021,0.134337047630318,5,0.0064767580450615,12.4011512429458,0.999626430124647
"Sst-9","PHC3",-0.0419058923934541,0.066147719610821,0.526394232430542,-0.171553040490117,0.0877412557032089,5,0,0,0.999626430124647
"Sst-9","ATP9B",0.00723895222605384,0.0692486541446392,0.91674428833736,-0.128485915875309,0.142963820327417,5,0,0,0.999626430124647
"Sst-9","SNX10",0.0175123557070881,0.0888962977857231,0.84382943003971,-0.156721186311877,0.191745897726053,5,4.69291665778894e-06,0.00896334536364924,0.999626430124647
"Sst-9","PJA2",-0.0404929734151371,0.0759488636816345,0.593922124030036,-0.189350010897883,0.108364064067609,5,0,0,0.999626430124647
"Sst-9","KCNJ6",0.0786763444548599,0.0734690006479689,0.284224240259392,-0.0653202507953091,0.222672939705029,5,0,0,0.999626430124647
"Sst-9","FBXW11",-0.0264767010813707,0.0768552767256671,0.730469726148247,-0.177110275485538,0.124156873322796,5,0,0,0.999626430124647
"Sst-9","UBE2D3",-0.00438011307232873,0.0914957042725417,0.961817986997227,-0.183708398186638,0.174948172041981,5,0.00627166192884374,13.2332640652424,0.999626430124647
"Sst-9","SMAP2",-0.0592562647101138,0.0830397992190213,0.475481529612096,-0.222011280462833,0.103498751042605,5,1.11093459837132e-06,0.0021490335225919,0.999626430124647
"Sst-9","METTL15",0.125166175682917,0.119103519177242,0.293303412112593,-0.108272432336454,0.358604783702288,5,0.0185111475621347,25.6766126161626,0.999626430124647
"Sst-9","GPI",-0.0485320240352621,0.120019422099835,0.685942064503739,-0.28376576879625,0.186701720725726,5,0.0226887653380049,32.1338773077093,0.999626430124647
"Sst-9","RALGPS2",0.00169866845197019,0.0847120516816876,0.984001680028073,-0.164333901900633,0.167731238804574,5,5.25306881112275e-07,0.00102617205467574,0.999626430124647
"Sst-9","TFCP2",-0.113472764448026,0.0896178567293755,0.205446942274938,-0.289120536009273,0.0621750071132202,5,0,0,0.999626430124647
"Sst-9","RHOT1",-0.0354252913399944,0.0807057806919634,0.660702354922644,-0.193605714840431,0.122755132160442,5,0,0,0.999626430124647
"Sst-9","BMPR2",-0.0982032408159296,0.0581104261118099,0.0910390807064979,-0.212097583121353,0.0156911014894938,5,0,0,0.999626430124647
"Sst-9","TMEM108",-0.0817591600645122,0.0823703893733118,0.3209149181157,-0.243202156628744,0.0796838364997197,5,1.05180485558734e-06,0.00273243237754141,0.999626430124647
"Sst-9","ANO10",-0.0397649326134508,0.0903568569715805,0.659873660225929,-0.216861118033985,0.137331252807084,5,0,0,0.999626430124647
"Sst-9","MAST4",-0.163865395969419,0.0648332549127335,0.011488113333773,-0.290936240598881,-0.0367945513399566,5,0,0,0.999626430124647
"Sst-9","BEND6",-0.105272328339366,0.085195098201737,0.216584302752581,-0.272251652474124,0.0617069957953915,5,0.00186464043707158,3.72571562259555,0.999626430124647
"Sst-9","ASB3",0.0361891978996482,0.0643521037287242,0.573869190721288,-0.0899386077380369,0.162317003537333,5,7.44542891240895e-06,0.0226797356717864,0.999626430124647
"Sst-9","LRP8",0.0558425664375307,0.174169191359995,0.748496463337427,-0.285522775844525,0.397207908719586,5,0.0737526298975541,55.1088357620322,0.999626430124647
"Sst-9","SCAI",-0.00739457242270421,0.179328253033396,0.967108676305482,-0.358871489778645,0.344082344933237,5,0.105410134476237,69.8965335617063,0.999626430124647
"Sst-9","EMSY",-0.0343510954050185,0.0811502648629319,0.672074701654486,-0.193402691872251,0.124700501062214,5,0,0,0.999626430124647
"Sst-9","SFPQ",-0.0270116180418103,0.0690152037851691,0.69551158039735,-0.162278931846434,0.108255695762814,5,0,0,0.999626430124647
"Sst-9","RAB11FIP4",-0.0722527409165592,0.0929354051589545,0.436892623695795,-0.254402787916748,0.10989730608363,5,0,0,0.999626430124647
"Sst-9","CHPT1",0.0326051714650918,0.0930365176916989,0.725996783046974,-0.149743052457661,0.214953395387845,5,0,0,0.999626430124647
"Sst-9","SRRM2",-0.128074439243862,0.0778913103634521,0.100120193170781,-0.280738602264859,0.0245897237771357,5,0,0,0.999626430124647
"Sst-9","GRIA3",-0.0278417258115058,0.0517376062501469,0.590485063942194,-0.129245570708108,0.0735621190850966,5,0,0,0.999626430124647
"Sst-9","RBPJ",-0.0809012430352936,0.071642968868442,0.258801684967117,-0.221318881762964,0.059516395692377,5,0,0,0.999626430124647
"Sst-9","KATNBL1",0.0863178804638598,0.0865982393776577,0.318879788311959,-0.0834115498409275,0.256047310768647,5,3.70293059026546e-07,0.00070343549082333,0.999626430124647
"Sst-9","FBXL20",0.00204658998802437,0.0974040529602725,0.983236607090796,-0.188861845762342,0.19295502573839,5,0.0133027470071863,26.9095700594937,0.999626430124647
"Sst-9","ABI1",0.127292151988826,0.0792380636401021,0.10817461624088,-0.0280115989504671,0.282595902928119,5,4.15773472372056e-06,0.00837903973114161,0.999626430124647
"Sst-9","LHFPL4",-0.0374541158030564,0.0926759383695146,0.686109279642592,-0.219095617240759,0.144187385634646,5,5.06777256096721e-07,0.000882114647029516,0.999626430124647
"Sst-9","BASP1",0.0961687687020162,0.131798934872023,0.465596376834803,-0.162152396847889,0.354489934251921,5,0.0403238275499266,49.6861448916497,0.999626430124647
"Sst-9","PRKDC",0.0615468566220309,0.084216505029084,0.464890916120325,-0.10351446013881,0.226608173382872,5,0.00378378265393921,8.55738030047727,0.999626430124647
"Sst-9","SIK2",0.000554184246190298,0.125439674016031,0.996475009848821,-0.245303059057675,0.246411427550055,5,0.0220494745218592,27.2288065682055,0.999626430124647
"Sst-9","TARBP1",-0.0344614065016203,0.0796476896643559,0.665252332365055,-0.190568009695581,0.12164519669234,5,3.96630524434785e-07,0.000908933324600738,0.999626430124647
"Sst-9","PLEKHM3",0.0869049554376984,0.163667992665487,0.595430417031943,-0.233878415608621,0.407688326484018,5,0.0733423372120959,59.2493340732492,0.999626430124647
"Sst-9","EPC2",0.0790804047551861,0.0891582157122892,0.375096609335599,-0.0956664869667539,0.253827296477126,5,0,0,0.999626430124647
"Sst-9","CIT",-0.103898988123137,0.0698417467060784,0.136847324312348,-0.240786296284419,0.0329883200381458,5,0,0,0.999626430124647
"Sst-9","PTPRM",-0.0268949186698104,0.0542305757518758,0.619939255536935,-0.133184894004358,0.0793950566647372,5,0,0,0.999626430124647
"Sst-9","MAPK1",0.0471517763072827,0.0684000692977767,0.490601305987959,-0.0869098960564034,0.181213448670969,5,0,0,0.999626430124647
"Sst-9","GAB2",-0.0403004411318378,0.141608522623107,0.775957885590165,-0.317848045377053,0.237247163113378,5,0.0390324120358446,39.8948324941957,0.999626430124647
"Sst-9","RAB3IP",-0.0623548323882237,0.0916724614998147,0.496383190983964,-0.242029555301995,0.117319890525548,5,0,0,0.999626430124647
"Sst-9","KIAA0232",-0.107439465844598,0.0748678053852418,0.15127124502417,-0.254177668001226,0.0392987363120294,5,0,0,0.999626430124647
"Sst-9","MAST1",-0.00463029686822719,0.0933891076382907,0.960456530814967,-0.187669584387611,0.178408990651157,5,0.00815509480945678,17.1120747169975,0.999626430124647
"Sst-9","MFN1",-0.0638079840509944,0.0759332790312589,0.400730976234755,-0.212634476180292,0.0850185080783035,5,1.70599123724974e-08,4.10357410373145e-05,0.999626430124647
"Sst-9","HTR4",-0.086365520435539,0.163155223105816,0.596565639029191,-0.406143881612535,0.233412840741457,5,0,0,0.999626430124647
"Sst-9","LMTK2",-0.100047809847474,0.080793406556222,0.215598721566966,-0.258399976885971,0.0583043571910233,5,0,0,0.999626430124647
"Sst-9","NUDCD3",0.117223208983133,0.0867825222100681,0.176769189369867,-0.0528674090361482,0.287313827002413,5,0,0,0.999626430124647
"Sst-9","RGL1",0.0776891799475289,0.0819147223394426,0.342918048709108,-0.0828607256413773,0.238239085536435,5,0.00256945358940555,5.91806865810561,0.999626430124647
"Sst-9","FBXO42",0.00141247858190953,0.0926803565252096,0.987840452180244,-0.180237682281833,0.183062639445652,5,0,0,0.999626430124647
"Sst-9","PEAK1",-0.119505019393851,0.0955542398674642,0.211061782453421,-0.306787888104182,0.06777784931648,5,0,0,0.999626430124647
"Sst-9","GLS",-0.041153485808832,0.0540173991423766,0.44614588506582,-0.147025642666415,0.0647186710487508,5,0,0,0.999626430124647
"Sst-9","CCNY",-0.0919271782812944,0.0717391878990996,0.200050351650684,-0.232533402843681,0.0486790462810924,5,0,0,0.999626430124647
"Sst-9","TIAM2",0.0414205603741582,0.0708640222458093,0.558878845907283,-0.0974703710272732,0.18031149177559,5,0,0,0.999626430124647
"Sst-9","ATF2",-0.00369532142788042,0.0939132719018016,0.968612750949355,-0.187761952025729,0.180371309169968,5,9.56800369517192e-08,0.000170496774615813,0.999626430124647
"Sst-9","PDHX",-0.0259749453874989,0.0927529678059372,0.779443472540587,-0.207767421746339,0.155817530971341,5,3.01900216196975e-06,0.00537806493583395,0.999626430124647
"Sst-9","SLC22A17",0.00649884652393762,0.106845603087406,0.951498857966597,-0.202914687433839,0.215912380481714,5,0.00492211893475445,7.65356362681673,0.999626430124647
"Sst-9","AKAP9",0.0658020712789447,0.0836524308827185,0.431508575189548,-0.0981536804704097,0.229757823028299,5,0.0107539267781707,30.3901417827862,0.999626430124647
"Sst-9","CLTC",-0.0507009614575678,0.0700926707023687,0.469469892944634,-0.188080071614436,0.0866781486993007,5,0,0,0.999626430124647
"Sst-9","CLU",0.0470896580220783,0.116658360324741,0.6864668915053,-0.18155652670991,0.275735842754067,5,0.00848977379651683,11.7677222212339,0.999626430124647
"Sst-9","FAM66D",-0.181534125512646,0.115675316314562,0.11656828438627,-0.408253579389465,0.0451853283641739,5,1.43792975821859e-06,0.00190552076464611,0.999626430124647
"Sst-9","ZNF644",-0.028642678959907,0.0703220792691204,0.683782482304869,-0.166471421645354,0.10918606372554,5,0,0,0.999626430124647
"Sst-9","KDM4C",-0.0370525191139524,0.066248675640168,0.575960756617665,-0.166897537392158,0.0927924991642528,5,0,0,0.999626430124647
"Sst-9","CFAP161",-0.0646594266009566,0.100898363268091,0.521628448106626,-0.262416584705455,0.133097731503542,5,9.61901837938734e-08,0.000146879971951597,0.999626430124647
"Sst-9","RLF",0.00859540273473421,0.082090785658445,0.916609053154329,-0.152299580618415,0.169490386087884,5,0,0,0.999626430124647
"Sst-9","SASH1",-0.332280698301262,0.110937431565836,0.00274257623285263,-0.549714068707678,-0.114847327894846,5,0.011466709360671,17.011514599854,0.999626430124647
"Sst-9","PPP2R2B",0.0196268942941599,0.0580607008706722,0.735332331093673,-0.094169988329511,0.133423776917831,5,0,0,0.999626430124647
"Sst-9","NR3C2",-0.0276329893129484,0.195981689878694,0.887871671459408,-0.411750043104486,0.35648406447859,5,0.128583750735705,71.2671348639192,0.999626430124647
"Sst-9","SFMBT2",-0.0865935033220621,0.127609921974858,0.497404205106834,-0.336704354462751,0.163517347818627,5,0.0451583506631933,58.9207532113897,0.999626430124647
"Sst-9","BTBD9",-0.0313069219313991,0.065652005342018,0.633460660085061,-0.159982487914586,0.0973686440517875,5,0,0,0.999626430124647
"Sst-9","GPATCH8",0.0336437988740604,0.0631039740984748,0.593930681271703,-0.0900377176402987,0.157325315388419,5,0,0,0.999626430124647
"Sst-9","ZHX3",-0.0117416172404472,0.0854273955110394,0.890678611577982,-0.179176235735143,0.155693001254249,5,0,0,0.999626430124647
"Sst-9","BICDL1",-0.140083263106924,0.139734867888181,0.316105420654363,-0.413958571552221,0.133792045338372,5,0.0450581072596577,49.0510676262955,0.999626430124647
"Sst-9","CAMK2N1",-0.089069904994444,0.0996268548082699,0.37130311203869,-0.284334952311654,0.106195142322766,5,0,0,0.999626430124647
"Sst-9","TPST1",-0.0400482272898868,0.077575519128262,0.605681023233677,-0.192093450863278,0.111996996283505,5,9.9568429024116e-07,0.00244862348801889,0.999626430124647
"Sst-9","CNNM2",-0.0357177068657189,0.0683077365860166,0.601048007460477,-0.16959841043976,0.0981629967083227,5,0,0,0.999626430124647
"Sst-9","CREG2",0.0473089060708586,0.102431661116446,0.644182987149535,-0.153453460593988,0.248071272735705,5,0.00990809109949884,18.4506790965146,0.999626430124647
"Sst-9","ADCYAP1R1",-0.200194790180834,0.123671808611275,0.105499236612706,-0.442587080961864,0.0421975006001954,5,0.0256390686693682,33.8533583408735,0.999626430124647
"Sst-9","INSR",-0.0524222145530448,0.0766244317593304,0.493883668774596,-0.202603341137179,0.0977589120310898,5,0,0,0.999626430124647
"Sst-9","HP1BP3",-0.028696492080906,0.0841832792460736,0.733193064542278,-0.193692687503688,0.136299703341877,5,0,0,0.999626430124647
"Sst-9","RANBP2",-0.0613253329345431,0.0826442805646808,0.458063313465051,-0.223305146369541,0.100654480500455,5,0,0,0.999626430124647
"Sst-9","CHSY3",-0.0161571880606993,0.126369789366117,0.898262604740018,-0.263837423952201,0.231523047830802,5,0,0,0.999626430124647
"Sst-9","SERINC1",0.0409947185071645,0.0845150387646476,0.627635012049597,-0.124651713623551,0.20664115063788,5,0,0,0.999626430124647
"Sst-9","RAB7A",-0.0262328793986056,0.0886455034742191,0.767283405914091,-0.199974873599495,0.147509114802284,5,0.00579393053137069,11.4608903873547,0.999626430124647
"Sst-9","PKD2",-0.0434871880902537,0.168792463833817,0.796687052862471,-0.374314338066315,0.287339961885807,5,0.0979119845429179,73.2431529687174,0.999626430124647
"Sst-9","PRRC2C",-0.08154776916179,0.110981850268676,0.462470606748354,-0.299068198626013,0.135972660302432,5,0.0263546095308244,44.9069946344449,0.999626430124647
"Sst-9","NUP93",-0.0314976193436873,0.14783857785637,0.831284743414277,-0.321255907467793,0.258260668780418,5,0.0518959760209792,50.5457472319121,0.999626430124647
"Sst-9","SGSM1",-0.0777961673590638,0.080077328330592,0.331292870986823,-0.234744846865213,0.0791525121470854,5,0,0,0.999626430124647
"Sst-9","REPS1",0.042391851416803,0.0905236989422133,0.639573202629252,-0.135031338257282,0.219815041090888,5,0.00728370280091581,15.1513750627597,0.999626430124647
"Sst-9","KMT2A",0.0689502771055193,0.0691735747809898,0.318875229919797,-0.0666274381471088,0.204527992358147,5,0,0,0.999626430124647
"Sst-9","EIF4A2",0.0412595736708942,0.135941128414999,0.761500769357415,-0.225180142040238,0.307699289382027,5,0.0309020188295909,33.8410381869534,0.999626430124647
"Sst-9","CNOT4",0.0758289045397658,0.0765466532097784,0.321869515592852,-0.0741997788884771,0.225857587968009,5,0,0,0.999626430124647
"Sst-9","R3HDM2",-0.100695919223247,0.108838008886532,0.354866693463637,-0.3140144967899,0.112622658343407,5,0.0239304119181387,41.9991771572307,0.999626430124647
"Sst-9","ZNF131",0.0637790694962887,0.0774245861094369,0.410077463297974,-0.0879703307961277,0.215528469788705,5,1.99286320476138e-06,0.00453139969252365,0.999626430124647
"Sst-9","CDK6",-0.0755582799816913,0.103204080139934,0.464092318560108,-0.277834560113547,0.126718000150164,5,0,0,0.999626430124647
"Sst-9","DLC1",0.0210657426542937,0.0766971109456694,0.783576321305526,-0.129257832517491,0.171389317826079,5,0,0,0.999626430124647
"Sst-9","TAX1BP1",-0.0486492228932871,0.0843476375877069,0.564094549967014,-0.21396755474623,0.116669108959655,5,0.00319320998744149,7.27001896396344,0.999626430124647
"Sst-9","PSIP1",0.035430444367353,0.0692318801806593,0.608815577372209,-0.100261547368732,0.171122436103438,5,0,0,0.999626430124647
"Sst-9","GAREM1",0.0422234176227349,0.0899458916670388,0.638761373833302,-0.134067290602002,0.218514125847472,5,0,0,0.999626430124647
"Sst-9","ZNF91",-0.0560348978936754,0.0708424807948139,0.428956383810228,-0.194883608826981,0.0828138130396302,5,0,0,0.999626430124647
"Sst-9","VPS13A",0.0224697243529809,0.0757349099430234,0.766703858491024,-0.125967971507729,0.170907420213691,5,0,0,0.999626430124647
"Sst-9","ARHGAP21",-0.00413372085746165,0.0664124375473895,0.950369181824332,-0.134299706575861,0.126032264860937,5,0,0,0.999626430124647
"Sst-9","ARHGEF7",-0.0597604647210688,0.0678609566561142,0.378517553387553,-0.192765495723486,0.0732445662813488,5,0,0,0.999626430124647
"Sst-9","BRINP1",0.0292567568374116,0.0797488710129353,0.713722645002815,-0.127048158155672,0.185561671830495,5,0,0,0.999626430124647
"Sst-9","ATP6V1H",0.070406981221337,0.0904008906842726,0.436079501231656,-0.10677550869018,0.247589471132854,5,0.0046364078085705,9.40521509772137,0.999626430124647
"Sst-9","RCAN2",0.0595100523883719,0.100916009291145,0.555392581216854,-0.138281691285782,0.257301796062526,5,0.0173820789374621,34.6315661498459,0.999626430124647
"Sst-9","FAM120B",0.0349614720552825,0.0792936733112283,0.659277254009633,-0.12045127183661,0.190374215947175,5,7.90576455923764e-07,0.00209924353993138,0.999626430124647
"Sst-9","ATP2A2",-0.161795592287304,0.128180169904331,0.206858357136586,-0.413024108832019,0.0894329242574102,5,0.0445828947569985,57.8690407516946,0.999626430124647
"Sst-9","VPS53",-0.0839448772335025,0.0758173836288927,0.268208208271368,-0.232544218548189,0.0646544640811839,5,0,0,0.999626430124647
"Sst-9","NME7",0.0356842854305253,0.0805739866581104,0.657855423119928,-0.122237826510182,0.193606397371233,5,0,0,0.999626430124647
"Sst-9","LRRFIP2",0.0705188085170053,0.110960918082669,0.525083886803497,-0.146960594616524,0.287998211650535,5,0.0241304556340555,40.7688332990524,0.999626430124647
"Sst-9","TBC1D22A",-0.0483252689562071,0.0862355496704106,0.575215591894935,-0.217343840497227,0.120693302584813,5,0,0,0.999626430124647
"Sst-9","PKM",-0.11675392810094,0.100629818075062,0.245954389937356,-0.31398474729888,0.0804768910969991,5,0,0,0.999626430124647
"Sst-9","GAD2",-0.0290206327554415,0.0769527089951446,0.706082235357139,-0.179845170898716,0.121803905387833,5,2.55627297825818e-07,0.00067997469872497,0.999626430124647
"Sst-9","APC",0.0429960624460533,0.0646146796091201,0.505780289805136,-0.0836463824604168,0.169638507352523,5,0,0,0.999626430124647
"Sst-9","UBE4B",-0.0766778493097203,0.0756598252979545,0.310842747099729,-0.224968381970303,0.0716126833508629,5,0,0,0.999626430124647
"Sst-9","KDM2A",-0.0638508881254328,0.0732949948374661,0.383672603743882,-0.207506438253915,0.0798046620030499,5,0.00175429341703584,4.48870701835074,0.999626430124647
"Sst-9","ARHGAP32",-0.0516970157759534,0.088309957350136,0.558275997014908,-0.224781351658488,0.121387320106581,5,0.0126514533428009,32.7676236747562,0.999626430124647
"Sst-9","GREB1",0.027136722875393,0.0908332416348127,0.765128351241758,-0.150893159327864,0.20516660507865,5,1.35904422753336e-06,0.00265580593922319,0.999626430124647
"Sst-9","EXT1",-0.0430893233137009,0.108164974676786,0.690359905335348,-0.255088778068889,0.168910131441487,5,0.0233590358168134,41.356460150648,0.999626430124647
"Sst-9","TMTC2",0.012489292131443,0.141997658949744,0.929913068947676,-0.265821005299058,0.290799589561944,5,0,0,0.999626430124647
"Sst-9","AKAP11",0.0401740037899012,0.0785668554525964,0.609116316111827,-0.113814203275752,0.194162210855554,5,0,0,0.999626430124647
"Sst-9","AGO3",0.0276390710465777,0.0838981678320683,0.741826212907473,-0.136798316273173,0.192076458366329,5,0.00690613125002507,17.4874206523763,0.999626430124647
"Sst-9","DENND4C",-0.00543051045008822,0.0715180036915812,0.939473138021643,-0.14560322193179,0.134742201031614,5,0,0,0.999626430124647
"Sst-9","MICAL3",-0.0297043974827436,0.0662220128532687,0.653750713454971,-0.159497157658899,0.100088362693412,5,0,0,0.999626430124647
"Sst-9","RTN1",0.144350446826471,0.0586307835043826,0.013815508853772,0.0294362227725156,0.259264670880426,5,3.69807610267564e-08,0.000158524122270877,0.999626430124647
"Sst-9","ANKRD34C-AS1",0.210404885578175,0.0967733385344282,0.0296898911529509,0.0207326273869934,0.400077143769356,5,0,0,0.999626430124647
"Sst-9","SGMS1",-0.0209495514625061,0.202523452274481,0.917611707482841,-0.417888223945206,0.375989121020194,5,0.13180122682382,68.8425687978343,0.999626430124647
"Sst-9","NPEPPS",0.125177936743951,0.106569302764206,0.240148647300131,-0.0836940585314369,0.334049932019338,5,0.0169596459593485,29.253528192409,0.999626430124647
"Sst-9","SPATS2L",-0.0993718851003656,0.191363008180683,0.603562210947176,-0.474436489107748,0.275692718907017,5,0.148480291663338,84.6988090813525,0.999626430124647
"Sst-9","LRRC28",0.0946479953730255,0.107644479292449,0.379257747904986,-0.116331307174742,0.305627297920793,5,0.016151545739937,26.6931936167402,0.999626430124647
"Sst-9","N4BP2L1",0.0376015276621,0.0961068297522861,0.695614525607415,-0.150764397320703,0.225967452644903,5,0.0062918681954625,11.5697427570533,0.999626430124647
"Sst-9","GIT2",-0.0167869141607718,0.0706772244318204,0.812257138910614,-0.155311728574394,0.121737900252851,5,0,0,0.999626430124647
"Sst-9","ARHGEF11",-0.00836994725763895,0.0769045703870443,0.913332967286564,-0.159100135462771,0.142360240947493,5,0,0,0.999626430124647
"Sst-9","ARFGEF1",-0.0204941740468752,0.0924358344165306,0.824537748303797,-0.201665080384183,0.160676732290433,5,0.0106663561391082,23.4491727024174,0.999626430124647
"Sst-9","TRERF1",-0.00841320757277318,0.140024882733511,0.952089003157729,-0.2828569346699,0.266030519524353,5,0.0473304945460417,51.4062060551421,0.999626430124647
"Sst-9","PPP6R2",-0.0531954822101513,0.141374033350553,0.70671263232324,-0.330283495926399,0.223892531506097,5,0.0479278582139046,50.514248073301,0.999626430124647
"Sst-9","EDIL3",0.11553338245624,0.108302504579307,0.2860777119674,-0.096735625954687,0.327802390867166,5,0,0,0.999626430124647
"Sst-9","FRMD4B",0.0185561774658088,0.197447454732806,0.925124779894957,-0.368433722649594,0.405546077581211,5,0.117246968497346,63.5597341353208,0.999626430124647
"Sst-9","OSBPL6",-0.119822393762063,0.0580480250455555,0.0389993118879454,-0.233594432225031,-0.00605035529909548,5,0,0,0.999626430124647
"Sst-9","KCNQ1OT1",-0.0671205202812122,0.0976266639291919,0.491753577197378,-0.258465265513224,0.124224224950799,5,0,0,0.999626430124647
"Sst-9","DNM1L",0.00551839876895614,0.0652663896262425,0.932617621785733,-0.122401374299438,0.13343817183735,5,0,0,0.999626430124647
"Sst-9","SLC41A2",0.176824898543793,0.14128928097427,0.210748595259308,-0.100097003567336,0.453746800654921,5,0.0451863079058457,47.9843575359654,0.999626430124647
"Sst-9","MAN1A1",0.0857402185068949,0.0979749700354772,0.381506601707917,-0.106287194149031,0.277767631162821,5,0,0,0.999626430124647
"Sst-9","PUS7L",0.066977162315243,0.0867371558377923,0.440004648369657,-0.103024539248268,0.236978863878754,5,0,0,0.999626430124647
"Sst-9","ENSA",0.197262284588416,0.151648439540451,0.19333145004192,-0.0999631952225681,0.494487764399399,5,0.058475514939026,53.9877969597043,0.999626430124647
"Sst-9","MSI2",-0.210708296230999,0.0845847447529794,0.0127351498081762,-0.376491349588352,-0.0449252428736459,5,0,0,0.999626430124647
"Sst-9","LINGO2",0.059238098714994,0.203885645108418,0.771398789611388,-0.34037042266222,0.458846620092208,5,0,0,0.999626430124647
"Sst-9","GRM1",0.0411975678261013,0.175871584018372,0.814792448354097,-0.303504402753917,0.38589953840612,5,0.108521220593587,73.9902345344332,0.999626430124647
"Sst-9","CUL1",0.0468879790998585,0.10267176075723,0.647902192747604,-0.154344974213626,0.248120932413343,5,0.0123384332226115,21.8079642926098,0.999626430124647
"Sst-9","CCDC66",0.0860390346155054,0.0752364301411958,0.252796989480547,-0.0614216587866021,0.233499728017613,5,0,0,0.999626430124647
"Sst-9","GPR155",-0.023308880774304,0.0688178902627979,0.734832879533619,-0.158189467181417,0.111571705632809,5,0,0,0.999626430124647
"Sst-9","SRCIN1",-0.240283165853378,0.0768330552241782,0.00176395186813137,-0.390873186914944,-0.0896931447918111,5,0,0,0.83449622961515
"Sst-9","CPLX1",-0.174219573697768,0.0894924189161539,0.0515644363367353,-0.349621491662801,0.00118234426726471,5,0.00102437323727546,1.96062825974279,0.999626430124647
"Sst-9","OGT",0.038288872110462,0.0822212050202821,0.641443687715736,-0.122861728494775,0.199439472715699,5,0.00231343307743989,4.4315900837631,0.999626430124647
"Sst-9","ZMAT4",-0.0678583827685559,0.0628967287348892,0.280638673303751,-0.191133705834324,0.0554169402972125,5,0,0,0.999626430124647
"Sst-9","GNB5",-0.0536220856799435,0.0735705213976106,0.466091666762122,-0.197817657943094,0.0905734865832066,5,0,0,0.999626430124647
"Sst-9","MPRIP",-0.0971654689505789,0.101490414877981,0.338372628119678,-0.296083026887449,0.101752088986291,5,0.0130834161196454,24.4321633480994,0.999626430124647
"Sst-9","CERS6",0.0369933375395805,0.0976047912282609,0.70467933010036,-0.154308537986362,0.228295213065523,5,0.0220293187590014,48.8782716478816,0.999626430124647
"Sst-9","PLPPR5",-0.066066680943628,0.0933306842210613,0.479021403054128,-0.248991460669389,0.116858098782133,5,0,0,0.999626430124647
"Sst-9","INPP4A",-0.0662251652445628,0.100474150167277,0.509814601910522,-0.263150880949694,0.130700550460568,5,0.0183795507598765,37.2014788351552,0.999626430124647
"Sst-9","PGAP1",0.0500648831404396,0.102435262255153,0.625021128656096,-0.150704541626575,0.250834307907454,5,0,0,0.999626430124647
"Sst-9","CCNI",-0.0158040763701367,0.0905992147895697,0.861520120128022,-0.193375274385302,0.161767121645029,5,0,0,0.999626430124647
"Sst-9","TAOK3",-0.0854081902699829,0.0742099304104916,0.249773481147858,-0.23085698116977,0.0600406006298043,5,5.05668028855319e-06,0.0147775194277045,0.999626430124647
"Sst-9","RBM25",-0.0361446919534792,0.0723085614229016,0.617168454530766,-0.177866868116269,0.10557748420931,5,0,0,0.999626430124647
"Sst-9","RNF216",-0.0548541737458031,0.079223818226592,0.488689319800252,-0.210130004187671,0.100421656696065,5,3.00702406397189e-06,0.0070430313986909,0.999626430124647
"Sst-9","BTRC",-0.0400899094085704,0.0606667526034026,0.508726634975806,-0.158994559570241,0.0788147407531003,5,0,0,0.999626430124647
"Sst-9","KCNT1",-0.132930278496986,0.0867083856447385,0.125257887586964,-0.302875591518283,0.037015034524311,5,4.24639700164455e-06,0.009114889707754,0.999626430124647
"Sst-9","PLCB4",0.0331206599501293,0.105359641471818,0.753249052231267,-0.173380442758687,0.239621762658946,5,0,0,0.999626430124647
"Sst-9","EPHB6",0.0717057227360614,0.151393972779351,0.635759089046964,-0.225021011387903,0.368432456860026,5,0.0664038561564643,62.1615196339907,0.999626430124647
"Sst-9","MYO6",-0.00591024838557435,0.100503413663056,0.953106275631682,-0.202893319488494,0.191072822717346,5,0.0160133707007591,31.489352512656,0.999626430124647
"Sst-9","VSNL1",0.020845267819886,0.0651680036100669,0.749067130587254,-0.106881672200221,0.148572207839993,5,0,0,0.999626430124647
"Sst-9","UNC5D",-0.0635546058402462,0.157444656104589,0.686460440960756,-0.372140461363536,0.245031249683043,5,0.0770870846598454,66.2290746880345,0.999626430124647
"Sst-9","TRPC6",0.182825022932966,0.131432483831126,0.164219802072188,-0.0747779117746838,0.440427957640617,5,1.45349241524499e-06,0.00142595586924788,0.999626430124647
"Sst-9","RAB2A",0.0143808525540656,0.073704538774576,0.84530301054057,-0.130077388941239,0.158839094049371,5,0,0,0.999626430124647
"Sst-9","ATP9A",-0.0505651333434792,0.0700039725918525,0.47009895472681,-0.187770398398239,0.0866401317112807,5,0,0,0.999626430124647
"Sst-9","FTX",0.010518617821947,0.0409006574800869,0.797043847640695,-0.0696451977830322,0.0906824334269262,5,0,0,0.999626430124647
"Sst-9","NDUFA10",-0.122102520292002,0.0717574639950017,0.0888303263999481,-0.262744565344135,0.0185395247601311,5,0,0,0.999626430124647
"Sst-9","TBC1D19",0.168238164806794,0.0832536444467765,0.043301467833034,0.0050640201094091,0.331412309504179,5,0,0,0.999626430124647
"Sst-9","GABRG2",0.0690847015647379,0.0759984784951868,0.363335647078727,-0.07986957916567,0.218038982295146,5,0,0,0.999626430124647
"Sst-9","HECTD4",-0.113308834339548,0.0605654292733115,0.0613658727518427,-0.232014894423446,0.00539722574435064,5,0,0,0.999626430124647
"Sst-9","CPNE4",0.0973002450241692,0.282403826009316,0.730438007576857,-0.456201083050406,0.650801573098744,5,0.265842661360809,71.5276530155799,0.999626430124647
"Sst-9","MXI1",-0.0439152278680125,0.0902175705895962,0.626421167228877,-0.220738416996321,0.132907961260296,5,0,0,0.999626430124647
"Sst-9","PTPRT",-0.0654686968600341,0.0953353947841026,0.492259359425269,-0.252322637088783,0.121385243368715,5,0.0248952546584665,58.5896935585605,0.999626430124647
"Sst-9","DLGAP1",-0.0101001276234141,0.0442951903555666,0.819631774844724,-0.0969171054086706,0.0767168501618424,5,0,0,0.999626430124647
"Sst-9","PSMD1",0.0347294030217081,0.0718420046343258,0.628802084377354,-0.10607833863873,0.175537144682146,5,0,0,0.999626430124647
"Sst-9","SPAG16",0.0216248709549693,0.0867665561378523,0.803182498877447,-0.148434454137794,0.191684196047733,5,0.00161634326074338,3.49007266957991,0.999626430124647
"Sst-9","PWRN1",0.0263945852257684,0.201355403164267,0.895708411962711,-0.368254753068737,0.421043923520274,5,0.0874194982843782,45.656362965121,0.999626430124647
"Sst-9","SPON1",0.041718531202782,0.146195578122729,0.775367505621039,-0.244819536616779,0.328256599022343,5,0.0291107740452415,27.3018974629908,0.999626430124647
"Sst-9","GALNT11",0.0630582869879956,0.111202882939887,0.570675982729963,-0.154895358551207,0.281011932527198,5,0.0286379165916173,49.0153316374215,0.999626430124647
"Sst-9","NKTR",-0.0776321586616241,0.0868399818117786,0.371339050950908,-0.247835395430823,0.0925710781075752,5,0.010013626003553,25.1365599548778,0.999626430124647
"Sst-9","PKNOX2",-0.109853182154355,0.148131919449862,0.458335653206482,-0.400186409236873,0.180480044928162,5,0.0641228615537175,63.5701221916874,0.999626430124647
"Sst-9","PHF3",0.0580008621180149,0.113736751460885,0.610081528380348,-0.164919074463902,0.280920798699932,5,0.0255571267122014,41.1824994164166,0.999626430124647
"Sst-9","UST",-0.161919679087264,0.111631416699557,0.146923359970328,-0.380713235361579,0.0568738771870512,5,0,0,0.999626430124647
"Sst-9","NR6A1",-0.0581472735809037,0.093804171474516,0.535337188728169,-0.242000071270575,0.125705524108767,5,0,0,0.999626430124647
"Sst-9","STS",0.00795762789459471,0.177374908496797,0.964216251027559,-0.339690804520216,0.355606060309405,5,0.0579685642049667,39.8021340372569,0.999626430124647
"Sst-9","SLC35F1",0.0904909249267377,0.0637129213817422,0.155522815324871,-0.0343841063313089,0.215365956184784,5,0,0,0.999626430124647
"Sst-9","ERO1B",0.129245916031933,0.105231216308612,0.219368559972778,-0.0770034779822894,0.335495310046156,5,0.0150015264715855,25.2930078019768,0.999626430124647
"Sst-9","PPFIA2",0.0442921919985461,0.06105262249177,0.468160267717502,-0.0753687492470432,0.163953133244135,5,0,0,0.999626430124647
"Sst-9","MYH10",-0.00348796980160615,0.0712795771585913,0.960972173037482,-0.143193373865689,0.136217434262477,5,0,0,0.999626430124647
"Sst-9","JMJD1C",-0.0466535059669401,0.0472535853421638,0.323495163798574,-0.139268831377971,0.0459618194440907,5,0,0,0.999626430124647
"Sst-9","ADD2",0.0159208298801839,0.0751109252230586,0.832134935872073,-0.131293878402492,0.16313553816286,5,0,0,0.999626430124647
"Sst-9","MAP4K4",-0.0417535310276527,0.0618026810922641,0.499298344122538,-0.162884560116505,0.0793774980611995,5,0,0,0.999626430124647
"Sst-9","MGAT5",0.107455719643355,0.0805556378515417,0.18222623857014,-0.0504304292973184,0.265341868584028,5,0,0,0.999626430124647
"Sst-9","TJP1",-0.0538413131104875,0.101157008179983,0.594549464973753,-0.252105405927078,0.144422779706103,5,0.0218589231161819,44.8470438118767,0.999626430124647
"Sst-9","NMNAT2",-0.0467313735005763,0.0648533381451956,0.471174082666267,-0.173841580542357,0.0803788335412047,5,0,0,0.999626430124647
"Sst-9","FUT9",0.111721799786938,0.203966597876241,0.583866619253817,-0.288045386099657,0.511488985673534,5,0.132715463053007,67.9309391276575,0.999626430124647
"Sst-9","ARHGAP20",0.0820807316120209,0.0799624536425526,0.304660247263139,-0.0746427976428358,0.238804260866878,5,0,0,0.999626430124647
"Sst-9","FOXN3",-0.189552902460639,0.0839898488550687,0.0240171425549446,-0.354169981283536,-0.0249358236377413,5,0,0,0.999626430124647
"Sst-9","HIBCH",-0.00830069582345735,0.125120694627011,0.947105935735541,-0.253532751013033,0.236931359366119,5,0.0148834224536531,16.8224164110377,0.999626430124647
"Sst-9","KANSL1",-0.0139031143806649,0.0824182390950758,0.866040660246532,-0.175439894676225,0.147633665914895,5,0,0,0.999626430124647
"Sst-9","SLC8A3",-0.0224440153439886,0.0963003612499305,0.8157127737786,-0.211189255092049,0.166301224404072,5,0.0133745670451463,28.6583745434177,0.999626430124647
"Sst-9","ARFGEF3",-0.0675965614811738,0.0885073068365065,0.445022259551701,-0.241067695249362,0.105874572287015,5,0.00473488240311803,11.2855105848546,0.999626430124647
"Sst-9","RNPC3",0.0829981253577232,0.0928346267005621,0.371299016187401,-0.098954399493599,0.264950650209045,5,0,0,0.999626430124647
"Sst-9","SYNJ1",0.0946600623859867,0.0860546588631088,0.271332437645921,-0.074003969687587,0.26332409445956,5,0.00697773415798769,16.459893410412,0.999626430124647
"Sst-9","PLD3",-0.0607294567021712,0.0760139067528187,0.424333548960683,-0.209713976261882,0.0882550628575395,5,0,0,0.999626430124647
"Sst-9","TSC22D1",0.094906594808215,0.0582883450984022,0.103476988882492,-0.019336462303095,0.209149651919525,5,0,0,0.999626430124647
"Sst-9","LRCH1",0.00867363766946024,0.0798303036684744,0.913479354255039,-0.147790882395645,0.165138157734566,5,0,0,0.999626430124647
"Sst-9","RASA2",0.0171401159513936,0.0883545886400778,0.846181857156375,-0.156031695652011,0.190311927554798,5,0.00662473930267384,14.9107266322959,0.999626430124647
"Sst-9","RNF130",-0.0217152965951806,0.0693398783258922,0.754150119038317,-0.157618960806319,0.114188367615958,5,0,0,0.999626430124647
"Sst-9","TLK1",-0.0593862267328052,0.0732185336873772,0.417318644799924,-0.202891915760897,0.0841194622952868,5,0,0,0.999626430124647
"Sst-9","AGPAT4",0.047560375612742,0.0728500101025843,0.513850804014159,-0.0952230204617023,0.190343771687186,5,0,0,0.999626430124647
"Sst-9","FAM13B",0.030659693769834,0.0582989674911157,0.598954509475417,-0.0836041828486242,0.144923570388292,5,0,0,0.999626430124647
"Sst-9","MBD5",-0.0212777002659027,0.0965847041282238,0.825636794929555,-0.210580241814678,0.168024841282873,5,0.0220354482524234,50.5091407099883,0.999626430124647
"Sst-9","TRAF3IP2-AS1",0.0305947875042607,0.1121063660208,0.784923502261303,-0.189129652334172,0.250319227342693,5,0.0283253126840142,47.5349917850718,0.999626430124647
"Sst-9","NPTN",0.0448316217756218,0.0845495090948713,0.595944802330627,-0.120882370960868,0.210545614512111,5,0.0054277329744384,13.0556271778833,0.999626430124647
"Sst-9","SLC23A2",-0.0656651363392422,0.0622608372465089,0.291572609226401,-0.18769413498971,0.0563638623112253,5,4.15257625614716e-07,0.00139550589932884,0.999626430124647
"Sst-9","GNAS",-0.148067493382482,0.169185571000052,0.381477049687531,-0.479665119246429,0.183530132481465,5,0.0939073401470737,71.12282398762,0.999626430124647
"Sst-9","CLEC16A",-0.112737779734277,0.170480017974263,0.508422409273252,-0.446872475047574,0.22139691557902,5,0.0930078683189272,67.7347253338305,0.999626430124647
"Sst-9","PTPRO",0.0145553471866133,0.116595531627029,0.900653200380602,-0.213967695560664,0.243078389933891,5,0,0,0.999626430124647
"Sst-9","VGLL4",0.0173689565546368,0.0794263691128814,0.82689934768838,-0.138303866329395,0.173041779438669,5,9.6962857364932e-07,0.00223584001419948,0.999626430124647
"Sst-9","ZDHHC14",-0.016988876241928,0.0989061303623782,0.863620177904133,-0.210841329602413,0.176863577118557,5,0.00590450723633181,10.3134740009537,0.999626430124647
"Sst-9","TNRC6C",-0.0120259073835275,0.0600319621941498,0.841226352272088,-0.129686391205331,0.105634576438276,5,0,0,0.999626430124647
"Sst-9","PPIP5K2",0.075238488188244,0.0973893165840041,0.439786485823996,-0.115641064795374,0.266118041171861,5,0.00851752987268693,16.654964246417,0.999626430124647
"Sst-9","SUMF1",0.13257554623994,0.0929718599645556,0.153875564019892,-0.0496459508662901,0.314797043346171,5,0.000858692861740254,1.78161471603017,0.999626430124647
"Sst-9","EFR3B",-0.0907233270497247,0.0908617414838195,0.318048282653141,-0.2688090679306,0.0873624138311506,5,0.00235682417792799,4.54744285045849,0.999626430124647
"Sst-9","SACS",-0.0106557829613402,0.0766122091351138,0.889381188092876,-0.160812953642214,0.139501387719533,5,5.50090250979646e-07,0.00143769091920108,0.999626430124647
"Sst-9","ABAT",-0.0297879610230418,0.0749085454247582,0.690882510728282,-0.17660601218985,0.117030090143767,5,0,0,0.999626430124647
"Sst-9","GABRB3",0.0474078822597494,0.0727492773648406,0.514619750110588,-0.0951780812766532,0.189993845796152,5,0.00240948818260573,7.89192015745652,0.999626430124647
"Sst-9","FAM168A",0.0135320358077853,0.0650878140657167,0.835303698987149,-0.114037735593459,0.14110180720903,5,0,0,0.999626430124647
"Sst-9","KAT6B",-0.0832759825250199,0.101423909718508,0.411607222671884,-0.282063192744537,0.115511227694497,5,0.0131996588232242,24.640706072706,0.999626430124647
"Sst-9","ATP1A1",0.014785105449048,0.0851293991245688,0.862118512798049,-0.152065450860642,0.181635661758738,5,0,0,0.999626430124647
"Sst-9","CPE",0.0312210974768681,0.074847475253344,0.676583614631415,-0.115477258353439,0.177919453307175,5,0,0,0.999626430124647
"Sst-9","WASF3",0.0288274542582711,0.087602337542708,0.742101458662091,-0.142869972286958,0.2005248808035,5,0.00859663645151879,21.2138841373381,0.999626430124647
"Sst-9","ZNF609",0.0388091001960295,0.0759937349353006,0.609569437034315,-0.110135883327843,0.187754083719902,5,0,0,0.999626430124647
"Sst-9","CASK",-0.0663308374175359,0.0982767945440078,0.499714547096278,-0.258949815239834,0.126288140404762,5,0.0112673006365851,21.8905266492478,0.999626430124647
"Sst-9","BACH2",0.0112609450485374,0.209900505948803,0.95721484365338,-0.400136486947852,0.422658377044927,5,0.127904411450526,62.5840275736579,0.999626430124647
"Sst-9","PRICKLE1",-0.136893684341354,0.0879313054926344,0.119511959807165,-0.309235876220506,0.0354485075377989,5,1.53607125701799e-05,0.0316547725122093,0.999626430124647
"Sst-9","MEF2A",0.0298134234825618,0.0796156814783573,0.708057108524782,-0.126230444819631,0.185857291784755,5,1.89402147884986e-06,0.00477364017885526,0.999626430124647
"Sst-9","ATL1",0.0578497162564548,0.0727206701636546,0.42631932757352,-0.0846801781959247,0.200379610708834,5,0,0,0.999626430124647
"Sst-9","TTLL11",0.00212198191040754,0.0752684384673869,0.977508868429809,-0.14540144665824,0.149645410479055,5,0,0,0.999626430124647
"Sst-9","HDAC4",-0.111725211535718,0.0929695751430984,0.229464468818693,-0.293942230474181,0.0704918074027453,5,0,0,0.999626430124647
"Sst-9","RSF1",0.1315066432683,0.0683410724067828,0.054320807807848,-0.0024393973138386,0.265452683850438,5,0,0,0.999626430124647
"Sst-9","GPM6B",0.000698892569334847,0.0693404749202886,0.99195814349558,-0.135205940945334,0.136603726084003,5,0,0,0.999626430124647
"Sst-9","MTCL1",-0.166363748058793,0.0754320376624746,0.027420524849816,-0.314207825157713,-0.0185196709598743,5,0,0,0.999626430124647
"Sst-9","PSD3",0.0865239891232745,0.0928466902993584,0.351387325688159,-0.0954521799472123,0.268500158193761,5,1.13953924156084e-06,0.00218829571486105,0.999626430124647
"Sst-9","CBLB",0.0293663140827061,0.195853475147041,0.880811775667771,-0.354499443452505,0.413232071617917,5,0.127484460927607,71.6379518307373,0.999626430124647
"Sst-9","VPS13D",-0.0448200114268761,0.0629239846046121,0.476286332532762,-0.168148755015669,0.0785087321619165,5,0,0,0.999626430124647
"Sst-9","CTIF",-0.15240322400953,0.152365720144915,0.317191403376323,-0.451034547972072,0.146228099953013,5,0.0698078180476701,64.1021219664111,0.999626430124647
"Sst-9","PRICKLE2",0.0327332561718094,0.0663713236397704,0.62188278125427,-0.0973521477683924,0.162818660112011,5,0,0,0.999626430124647
"Sst-9","SUGP2",-0.264298877596232,0.146713190707945,0.0716294049337111,-0.551851447440761,0.0232536922482979,5,0.0611353832104867,60.7793231269767,0.999626430124647
"Sst-9","CCSER2",0.0675915462072931,0.0685174636777412,0.323894484834026,-0.066700214913111,0.201883307327697,5,0,0,0.999626430124647
"Sst-9","BTBD8",-0.00303846231269992,0.0671717935580835,0.963920634854961,-0.134692758463503,0.128615833838103,5,4.84695401611206e-07,0.00139204057881035,0.999626430124647
"Sst-9","GAS2",0.00242684073723056,0.105015673255141,0.9815630718512,-0.203400096655071,0.208253778129532,5,0.0124033239346281,20.8302914342119,0.999626430124647
"Sst-9","DCLK2",0.0167808500018505,0.0788491866321589,0.831465720160483,-0.137760716007458,0.171322416011159,5,0,0,0.999626430124647
"Sst-9","RPS6KC1",-0.0374996886180408,0.0764110950452563,0.623594541470544,-0.18726268292601,0.112263305689929,5,8.95522360099634e-07,0.0023926261519041,0.999626430124647
"Sst-9","RGS6",0.0189261448646419,0.0971746478608028,0.845577531157737,-0.171532665152894,0.209384954882178,5,0,0,0.999626430124647
"Sst-9","TENM1",0.20372296480305,0.104394147177093,0.0510001159863974,-0.000885803860825346,0.408331733466926,5,0.00349860820724401,5.60841692945311,0.999626430124647
"Sst-9","SMARCA2",-0.00739784565058728,0.11418867141735,0.94834426022459,-0.231203529071071,0.216407837769897,5,0.029255370101849,46.8526701456548,0.999626430124647
"Sst-9","SPTBN4",0.00885290082855917,0.0649997197776332,0.891663917105025,-0.118544208940798,0.136250010597916,5,0,0,0.999626430124647
"Sst-9","NDFIP1",0.0191237553293731,0.064038192739219,0.765222017208517,-0.106388796074531,0.144636306733277,5,0,0,0.999626430124647
"Sst-9","ATP2C1",0.0435858649150326,0.0831612819524118,0.600200315581088,-0.119407252619875,0.20657898244994,5,6.50559756357892e-06,0.0143196347208381,0.999626430124647
"Sst-9","ADCY1",-0.0271946617324407,0.0778294225929336,0.726778795749035,-0.179737526952138,0.125348203487257,5,7.06441663690909e-06,0.0187780767904519,0.999626430124647
"Sst-9","KIZ",0.041073503285116,0.145981694280956,0.778433802047128,-0.245045359907695,0.327192366477927,5,0.0594241845402535,58.7626556436573,0.999626430124647
"Sst-9","PRKAG2",0.0316525291595811,0.078644389096667,0.687333279757727,-0.122487641056041,0.185792699375203,5,0,0,0.999626430124647
"Sst-9","FRRS1L",0.03850507188195,0.113867109866114,0.73524413944491,-0.184670362479298,0.261680506243198,5,0.0324039716363163,52.4529652758407,0.999626430124647
"Sst-9","WDFY3",-0.0566722522547073,0.0956066716097462,0.553338689217894,-0.244057885291558,0.130713380782143,5,0.0219978202381832,51.2552802865832,0.999626430124647
"Sst-9","MICAL2",-0.144197564537656,0.149497554551719,0.334771264576126,-0.437207387235838,0.148812258160526,5,0.0564744970931194,54.6578523771971,0.999626430124647
"Sst-9","EML6",-0.0383591724904488,0.0830376423801041,0.644117750326769,-0.20110996091657,0.124391615935672,5,0,0,0.999626430124647
"Sst-9","NSMCE2",-0.0609088593842569,0.0746992856751562,0.414850570956554,-0.207316768978432,0.085499050209918,5,0,0,0.999626430124647
"Sst-9","ABR",-0.0195159084201682,0.0788339919811749,0.804477165894502,-0.17402769346079,0.134995876620454,5,0,0,0.999626430124647
"Sst-9","TMSB4X",-0.00776043704686758,0.11647644715185,0.946878918522691,-0.236050078511677,0.220529204417942,5,0,0,0.999626430124647
"Sst-9","LARGE1",0.0383343173172953,0.0802526310805028,0.63288471825523,-0.11895794926507,0.195626583899661,5,0,0,0.999626430124647
"Sst-9","MICU1",0.0416978684850552,0.107097913243521,0.697022116052581,-0.168210184291641,0.251605921261751,5,0.0193482722601307,33.9838598003526,0.999626430124647
"Sst-9","UGGT2",0.0938813413724001,0.0867660050960555,0.279249845175754,-0.0761769036982874,0.263939586443088,5,0.00894025173653542,22.4954002946795,0.999626430124647
"Sst-9","NOS1AP",0.0504851103226799,0.0886846468227965,0.569175972085033,-0.123333603431656,0.224303824077015,5,0,0,0.999626430124647
"Sst-9","CACNA1D",-0.055396733540037,0.0555355221530119,0.318521435326633,-0.164244356822567,0.0534508897424927,5,0,0,0.999626430124647
"Sst-9","NFASC",0.0206117157439287,0.0595668400228589,0.729322665971997,-0.0961371453737337,0.137360576861591,5,0,0,0.999626430124647
"Sst-9","ASTN1",-0.0166063454860292,0.0550431843168549,0.762883306036809,-0.124489004341465,0.0912763133694064,5,0,0,0.999626430124647
"Sst-9","NIN",0.07119229104494,0.0746763284548849,0.340415388621527,-0.075170623224318,0.217555205314198,5,1.09396961490427e-07,0.000312423605392972,0.999626430124647
"Sst-9","ATXN10",-0.000857054911873802,0.0666022424698042,0.989732898109367,-0.131395051442294,0.129680941618546,5,0,0,0.999626430124647
"Sst-9","SPIN1",-0.0254026364426718,0.0630608725974651,0.687075329980335,-0.148999675567372,0.0981944026820286,5,0,0,0.999626430124647
"Sst-9","ICA1L",0.0413355575522099,0.0655929739051719,0.528575055169153,-0.0872243089408025,0.169895424045222,5,0,0,0.999626430124647
"Sst-9","HERC1",-0.0825083773565595,0.0496005577729716,0.0962210626991492,-0.179723684204682,0.014706929491563,5,0,0,0.999626430124647
"Sst-9","PCCA",-0.0822061508401061,0.0671475585863293,0.220853707695085,-0.213812947319105,0.0494006456388926,5,0,0,0.999626430124647
"Sst-9","GRIN3A",0.18336186511376,0.0906723651268155,0.0431509016115062,0.00564729507213585,0.361076435155384,5,0,0,0.999626430124647
"Sst-9","ABI2",-0.0141527768858246,0.0667498933590936,0.832086002393376,-0.144980163841537,0.116674610069888,5,0,0,0.999626430124647
"Sst-9","KMT2E",-0.0497059385902727,0.0634541614664293,0.433429739675345,-0.174073809733663,0.074661932553118,5,0,0,0.999626430124647
"Sst-9","DOCK9",0.0963920804638771,0.0734521389848309,0.189415082122311,-0.047571466533822,0.240355627461576,5,0,0,0.999626430124647
"Sst-9","ESYT2",-0.0691487420465592,0.0722146674619951,0.338292605772132,-0.210686889427606,0.0723894053344877,5,0,0,0.999626430124647
"Sst-9","ZNF483",0.0100734647766638,0.0938819089713498,0.914551525818034,-0.17393169560705,0.194078625160377,5,0.0124945597830312,28.0077145749604,0.999626430124647
"Sst-9","NOL4",0.0118452913926806,0.0850964269570817,0.889293327175335,-0.154940640656243,0.178631223441604,5,0.00433385969649561,11.0691622078088,0.999626430124647
"Sst-9","SCN3A",0.132893203999772,0.0798137464795215,0.0959044669513404,-0.0235388645713006,0.289325272570845,5,0.00628599653268969,17.6472974915806,0.999626430124647
"Sst-9","KIF5C",-0.0921597268396604,0.0558156311782103,0.0987088736053514,-0.201556353723323,0.0172369000440027,5,0,0,0.999626430124647
"Sst-9","DOCK3",0.00233611732061674,0.0467517967762098,0.960147487524357,-0.0892957205732902,0.0939679552145237,5,0,0,0.999626430124647
"Sst-9","TMTC1",0.00994339204402341,0.0734855344898622,0.892366086370342,-0.134085608940782,0.153972393028829,5,0,0,0.999626430124647
"Sst-9","PDE1A",0.074320079761746,0.0857772517110833,0.386253787465031,-0.093800244284804,0.242440403808296,5,0,0,0.999626430124647
"Sst-9","HUNK",-0.141850361629269,0.160463806168526,0.376695011924835,-0.456353642541797,0.172652919283258,5,0.0608610108818736,50.5879502871897,0.999626430124647
"Sst-9","TRAPPC9",-0.139668632447745,0.113038287664481,0.216612140083447,-0.361219605144205,0.081882340248715,5,0.0272310006426661,44.8040636998429,0.999626430124647
"Sst-9","AMPH",-0.0449305131505929,0.12306753481325,0.715045518044506,-0.286138449050692,0.196277422749506,5,0.0335906611016626,46.449110197423,0.999626430124647
"Sst-9","FYN",-0.0596941721893915,0.068672868216416,0.384708163030604,-0.194290520608632,0.0749021762298492,5,5.53663743719716e-06,0.0174331997627336,0.999626430124647
"Sst-9","GRIN2B",0.0119495134443736,0.0567757585142449,0.833301969606875,-0.0993289284384897,0.123227955327237,5,0,0,0.999626430124647
"Sst-9","VEZT",0.00244298280679654,0.085325409233633,0.977158597883835,-0.164791746257266,0.169677711870859,5,0.00855303028020678,21.1721348293858,0.999626430124647
"Sst-9","NIPBL",-0.078153159940041,0.0759658732042409,0.303576948467659,-0.227043535474489,0.0707372155944074,5,0,0,0.999626430124647
"Sst-9","PDE10A",0.0124869705828728,0.151133588788078,0.934152048631847,-0.283729420296046,0.308703361461792,5,0.0639260192211959,61.5074765559371,0.999626430124647
"Sst-9","CACNA1A",-0.0229761479450762,0.0645571315448494,0.721912383561008,-0.149505800718196,0.103553504828043,5,0.00238552666087261,10.784082516329,0.999626430124647
"Sst-9","GPR158",-0.100103909680573,0.12009835508749,0.404553735051365,-0.335492360254556,0.13528454089341,5,0.0270962356822679,39.2937390449128,0.999626430124647
"Sst-9","ANK1",-0.106477808636639,0.0778902777231759,0.171618066189444,-0.259139947719887,0.0461843304466077,5,0.00409308936456877,12.5928279405432,0.999626430124647
"Sst-9","PTPRA",-0.109135701026758,0.0833509814126575,0.190415440144107,-0.272500622671634,0.054229220618118,5,0.00921110440046129,25.4415816912127,0.999626430124647
"Sst-9","SPIDR",-0.0205539871931233,0.0630779040374807,0.744537221207893,-0.144184407326859,0.103076432940613,5,0,0,0.999626430124647
"Sst-9","DENND5B",0.0258858870671065,0.0610221275432522,0.671416369011801,-0.0937152851776775,0.14548705931189,5,0,0,0.999626430124647
"Sst-9","HS6ST3",0.0549749366584669,0.323841343065296,0.865199783564411,-0.579742432454592,0.689692305771526,5,0.395403786529545,76.9230748694875,0.999626430124647
"Sst-9","DLG1",-0.0045459628327941,0.0731781840475428,0.950465811398659,-0.147972568020021,0.138880642354433,5,0,0,0.999626430124647
"Sst-9","SHC3",0.0152718657388918,0.178713740610836,0.931900189648002,-0.335000629400779,0.365544360878563,5,0.0732949139437993,49.9074466749546,0.999626430124647
"Sst-9","GALNT13",0.230258820051414,0.301970094383272,0.445748557896517,-0.361591689347959,0.822109329450787,5,0.355819527190376,81.0099220822316,0.999626430124647
"Sst-9","CLIP1",-0.0332880597921752,0.0689191774642903,0.629094736088276,-0.168367165466309,0.101791045881958,5,3.77288240982353e-06,0.0103653798902825,0.999626430124647
"Sst-9","PCGF5",0.0429220171721263,0.0781567429322066,0.58288283181927,-0.110262384123954,0.196106418468207,5,0,0,0.999626430124647
"Sst-9","WLS",-0.0480218072504156,0.052895936275069,0.363955164798866,-0.151695937278077,0.0556523227772455,5,0,0,0.999626430124647
"Sst-9","MAPK8",0.0495227974888952,0.0787494706146391,0.529437344621648,-0.104823328717393,0.203868923695183,5,0,0,0.999626430124647
"Sst-9","ZFPM2",-0.0367845750430583,0.224036916614681,0.869581735790176,-0.475888862815236,0.40231971272912,5,0.119623589659597,48.6326939870071,0.999626430124647
"Sst-9","CELF2",0.00879398555436782,0.0526475637836344,0.867342513675777,-0.0943933433353309,0.111981314444067,5,0,0,0.999626430124647
"Sst-9","FMNL2",-0.0392706634213049,0.075702263516594,0.603934037043819,-0.18764437346199,0.10910304661938,5,0,0,0.999626430124647
"Sst-9","IGF1R",-0.00331181980278868,0.0759925688726666,0.965238526563895,-0.152254517885895,0.145630878280317,5,0.00255967558997137,6.99489070969569,0.999626430124647
"Sst-9","ACSL3",0.0378726493185744,0.0714937094800747,0.596296364994391,-0.102252446383542,0.177997745020691,5,0,0,0.999626430124647
"Sst-9","SCD5",-0.074292747676193,0.0689651289962823,0.281368188664492,-0.209461916698065,0.0608764213456792,5,0,0,0.999626430124647
"Sst-9","CDH10",-0.0302456212787117,0.135145789260984,0.822912966575519,-0.29512650089248,0.234635258335057,5,0.0447805044204456,51.7309831720135,0.999626430124647
"Sst-9","WDPCP",0.150911105885111,0.0643984228241999,0.0191090098187075,0.0246925164884973,0.277129695281725,5,0,0,0.999626430124647
"Sst-9","PCM1",0.0340435598996306,0.0644369087219041,0.597274535548131,-0.0922504604703964,0.160337580269657,5,0,0,0.999626430124647
"Sst-9","KSR2",-0.0577605879027831,0.0945610643497361,0.541313159919481,-0.24309686836804,0.127575692562474,5,0.0192703523470541,45.522018948957,0.999626430124647
"Sst-9","TANC1",-0.0807129344209589,0.0797590060133068,0.311557115068114,-0.237037713649754,0.0756118448078359,5,2.12029701454189e-06,0.00442400286755941,0.999626430124647
"Sst-9","KALRN",-0.0576093639008947,0.053522650509988,0.281768591349199,-0.162511831257596,0.0472931034558062,5,0,0,0.999626430124647
"Sst-9","ANK3",-0.0310129857802121,0.0968130355521979,0.748711402633868,-0.220763048696516,0.158737077136092,5,0.0285583174250843,65.6413591921997,0.999626430124647
"Sst-9","WSB1",0.0421751492999195,0.148408709309333,0.776270570915293,-0.248700575938448,0.333050874538287,5,0.0612072660092875,59.7892446409738,0.999626430124647
"Sst-9","SST",-0.353650742851942,0.458811376344258,0.44082686466954,-1.25290451618394,0.545603030480057,5,0.708308158060091,77.9465396899248,0.999626430124647
"Sst-9","FBXO11",0.0633098925505517,0.0703302828859831,0.368024630404131,-0.0745349289284888,0.201154714029592,5,0,0,0.999626430124647
"Sst-9","HERC4",-0.0301852582615156,0.0689780340835098,0.661671325264196,-0.165379720789571,0.10500920426654,5,0,0,0.999626430124647
"Sst-9","HMGB1",-0.000540415233982307,0.0781230832526296,0.994480689767443,-0.153658844770361,0.152578014302396,5,0.00351927578768457,9.76755894404111,0.999626430124647
"Sst-9","ASAP1",-0.0724478903699263,0.0567538064798928,0.201768516523444,-0.183683307056072,0.0387875263162196,5,5.6607630666994e-06,0.02295827458465,0.999626430124647
"Sst-9","SPTAN1",-0.0327507468265126,0.0984767238033552,0.739456264045201,-0.225761578796587,0.160260085143562,5,0.0161491822832532,33.8329375312806,0.999626430124647
"Sst-9","PPM1K",-0.022027516971155,0.0891149323583277,0.80476815871988,-0.1966895748782,0.15263454093589,5,0.00830649286100542,20.2680806174485,0.999626430124647
"Sst-9","CACNA2D3",-0.0254485450883801,0.0573342592302099,0.657141778054513,-0.137821628259875,0.0869245380831144,5,0.00128151688392673,7.11496530567133,0.999626430124647
"Sst-9","DENND4A",0.0189749227707286,0.0975462585729824,0.845766934750925,-0.172212230858948,0.210162076400406,5,0.0140824903786225,28.8683436560801,0.999626430124647
"Sst-9","FRMD3",0.0706793125102817,0.0637587820362095,0.267627643357682,-0.0542856039788281,0.195644228999392,5,0,0,0.999626430124647
"Sst-9","ADAM23",-0.0704265855169804,0.0907831040732491,0.437886251734322,-0.2483581999053,0.107505028871339,5,0,0,0.999626430124647
"Sst-9","SORBS1",0.00502837389088158,0.0555112333705008,0.927823942738452,-0.103771644252698,0.113828392034461,5,0,0,0.999626430124647
"Sst-9","SCN8A",-0.103969961727976,0.0592753301711729,0.0794275221904716,-0.220147474035195,0.0122075505792435,5,0,0,0.999626430124647
"Sst-9","MSRA",-0.0714583683067088,0.0841340504125357,0.395692433826774,-0.236358076988756,0.0934413403753384,5,3.37621940078653e-06,0.00751641227588086,0.999626430124647
"Sst-9","OSBPL3",-0.0536641505823266,0.111418801939839,0.630059162535712,-0.272040989585012,0.164712688420359,5,0.00948184538318678,13.917013064673,0.999626430124647
"Sst-9","AGAP1",-0.0584745374010597,0.0571644112954478,0.306346352334228,-0.170514724737572,0.0535656499354526,5,0,0,0.999626430124647
"Sst-9","RAP1GDS1",-0.0958714554114727,0.0691165446706868,0.165411729481203,-0.231337393701873,0.0395944828789272,5,0.00119985852650183,4.12581018232314,0.999626430124647
"Sst-9","PAN3",0.0246293382335322,0.0553642242509104,0.656420807808831,-0.0838825473302513,0.133141223797316,5,0,0,0.999626430124647
"Sst-9","CACNB4",-0.0424272399082814,0.0599210011597212,0.478912394044859,-0.159870244098918,0.075015764282355,5,0,0,0.999626430124647
"Sst-9","FLRT2",0.179965478399162,0.141764577917878,0.204274490338746,-0.0978879886034019,0.457818945401726,5,0.0614205792668594,64.7729883802938,0.999626430124647
"Sst-9","GDAP1",-0.00520191106072645,0.0737769843615747,0.943788864611343,-0.149802143297388,0.139398321175935,5,6.45854017375287e-06,0.0177632042607547,0.999626430124647
"Sst-9","GHR",0.125351856483788,0.236662742797477,0.596344556274866,-0.338498595881734,0.589202308849309,5,0.183807612743379,69.1159253647212,0.999626430124647
"Sst-9","RORA",-0.0676809427442158,0.155169976891185,0.662711270091006,-0.371808508932851,0.236446623444419,5,0.0924193192011983,82.0386646248748,0.999626430124647
"Sst-9","MAPRE2",-0.0363426537506573,0.150006123963154,0.80856749678222,-0.330349254178889,0.257663946677575,5,0.0738563318333399,71.505128546269,0.999626430124647
"Sst-9","DNER",0.0210644363573317,0.0647910702847223,0.745095350361589,-0.105923727920527,0.148052600635191,5,0,0,0.999626430124647
"Sst-9","SETD5",-0.043606217733873,0.0800010237222522,0.58570486126772,-0.200405342955822,0.113192907488076,5,0.00629276263026481,17.5107605575289,0.999626430124647
"Sst-9","ANKS1B",0.01094355220696,0.0684076325016588,0.872900293269677,-0.123132943763943,0.145020048177863,5,0.0110345563846513,50.5580329705756,0.999626430124647
"Sst-9","DANT2",-0.00460025096891455,0.0735177144331279,0.950106237437763,-0.148692323483546,0.139491821545717,5,0.00708635253861966,25.539102577314,0.999626430124647
"Sst-9","TTLL7",0.018754527464064,0.0561143263183004,0.738213589091445,-0.091227531136533,0.128736586064661,5,0,0,0.999626430124647
"Sst-9","GNAO1",-0.00950697188458311,0.0721994720093576,0.895240194648722,-0.151015336725732,0.132001392956566,5,0,0,0.999626430124647
"Sst-9","SYT14",0.147194497072471,0.0604230188495479,0.0148479511683896,0.0287675562901727,0.26562143785477,5,5.14504878112279e-06,0.0176841120229355,0.999626430124647
"Sst-9","STXBP6",-0.0137309128459377,0.0732707013397874,0.851347200063695,-0.157338848593912,0.129877022902036,5,0.00289904474895515,10.1625469098571,0.999626430124647
"Sst-9","PCNX2",-0.00983846501075797,0.0555863793508235,0.859512969878294,-0.118785766569353,0.0991088365478371,5,0,0,0.999626430124647
"Sst-9","PTCHD4",0.0536647920158379,0.122724032962559,0.661908139140463,-0.186869892628284,0.29419947665996,5,0.0336270784427387,46.3758263133705,0.999626430124647
"Sst-9","SDK1",-0.0376608669619547,0.17150013996173,0.826185251815313,-0.373794964630523,0.298473230706614,5,0.0679951273620273,47.7525517081626,0.999626430124647
"Sst-9","DNAJC6",0.0406987873461584,0.0591103674019747,0.491124132146514,-0.0751554038746425,0.156552978566959,5,1.18570946283697e-06,0.00474825053221078,0.999626430124647
"Sst-9","ANKIB1",0.0547906829104623,0.0641999171756366,0.393416162541292,-0.0710388425642399,0.180620208385164,5,0,0,0.999626430124647
"Sst-9","ZFYVE9",-0.076155357689775,0.0620318296285418,0.219566384069946,-0.197735509656842,0.0454247942772916,5,0,0,0.999626430124647
"Sst-9","TMCC1",-0.00958405346112432,0.0607169696644364,0.874576558208077,-0.128587127253831,0.109419020331582,5,0,0,0.999626430124647
"Sst-9","NOVA1",0.0628248779548456,0.0817302381446251,0.442079824263568,-0.0973634452565014,0.223013201166192,5,0,0,0.999626430124647
"Sst-9","XKR6",-0.073064712817601,0.086575661250063,0.398702616618322,-0.242749890805464,0.0966204651702625,5,0.0114620346608786,30.3638580702638,0.999626430124647
"Sst-9","DPYSL2",0.0976272805854485,0.0687372491063779,0.155521353191811,-0.0370952520594102,0.232349813230307,5,0,0,0.999626430124647
"Sst-9","KHDRBS3",-0.0135993287706997,0.162525226956696,0.933314685786178,-0.332142920185022,0.304944262643623,5,0.0904574888076164,71.6474063870745,0.999626430124647
"Sst-9","SIK3",0.074526886232333,0.119958005933732,0.534418830848127,-0.160586485055024,0.30964025751969,5,0.042013082402354,62.6828162816725,0.999626430124647
"Sst-9","PPM1L",0.0861147153195983,0.132531365309934,0.515841725781312,-0.173641987509792,0.345871418148989,5,0.0369058454716027,44.0962790294471,0.999626430124647
"Sst-9","RBM6",-0.104712024923888,0.0599354610861014,0.0806235212279784,-0.222183370049449,0.0127593202016721,5,0,0,0.999626430124647
"Sst-9","ZNF148",0.0155080351355244,0.066794433631694,0.816401658245803,-0.115406649150347,0.146422719421396,5,0.00186410120013398,6.69681759892164,0.999626430124647
"Sst-9","MACROD2",0.0574861187153724,0.094978722556394,0.545011171227363,-0.128668756792782,0.243640994223527,5,0.0224466953837746,53.2684790190527,0.999626430124647
"Sst-9","SBF2",-0.0098504315591414,0.090670591438561,0.913488221128984,-0.187561525235667,0.167860662117384,5,0.0177592139687551,45.2004742486957,0.999626430124647
"Sst-9","SIPA1L1",0.0279539954387498,0.0776375187102211,0.718803897864507,-0.124212745082338,0.180120735959838,5,0,0,0.999626430124647
"Sst-9","STXBP1",-0.0478788411420593,0.0620553453966022,0.440380621583584,-0.169505083167593,0.0737474008834744,5,0,0,0.999626430124647
"Sst-9","JAZF1",-0.00732348764747017,0.0610901825718565,0.90457825249141,-0.127058045297285,0.112411070002345,5,0,0,0.999626430124647
"Sst-9","LINGO1",-0.0459902585663205,0.120621842232651,0.702998183220495,-0.282404725091189,0.190424207958547,5,0,0,0.999626430124647
"Sst-9","CUX1",-0.0967959314610489,0.0690490538531894,0.160962140524317,-0.232129590179867,0.038537727257769,5,3.16340929050127e-07,0.00108132623643869,0.999626430124647
"Sst-9","RIMS1",-0.00293943085664634,0.107054907941848,0.9780950552714,-0.21276319479092,0.206884333077628,5,0.0289666302627136,53.2441134714733,0.999626430124647
"Sst-9","FAM135B",-0.0477140607885932,0.0791537489730221,0.546640226149616,-0.202852558017041,0.107424436439854,5,0.00135769730188863,3.48039808547506,0.999626430124647
"Sst-9","UBASH3B",-0.0776010513955195,0.0809070262333122,0.337488930017833,-0.236175908909049,0.0809738061180098,5,0.00202788717393854,5.0309642130395,0.999626430124647
"Sst-9","ASH1L",-0.00711892381672392,0.058416999763604,0.903006800699013,-0.121614139438273,0.107376291804825,5,0,0,0.999626430124647
"Sst-9","EPB41L3",-0.042564174693642,0.0574479074861627,0.458743308875082,-0.15516000435371,0.0700316549664258,5,0,0,0.999626430124647
"Sst-9","PTK2",-0.0144389273575547,0.0550475210636393,0.793090686031012,-0.122330086080498,0.0934522313653884,5,0,0,0.999626430124647
"Sst-9","CTNNA2",0.0599100820200047,0.068320059118233,0.380539189690339,-0.0739947732733794,0.193814937313389,5,5.53288732225755e-07,0.00196287454520812,0.999626430124647
"Sst-9","GNAQ",-0.00380698337938589,0.065576222714321,0.953705355954077,-0.132334018141633,0.124720051382861,5,0,0,0.999626430124647
"Sst-9","FREM1",-0.0695672273866657,0.12690821300773,0.583575437526371,-0.318302754224154,0.179168299450822,5,0.0371937107829192,49.1098670720232,0.999626430124647
"Sst-9","MYRIP",0.121753049865329,0.0632303887531739,0.0541610321408046,-0.00217623481935822,0.245682334550016,5,0.00205251007551987,8.64921723645192,0.999626430124647
"Sst-9","TSPAN5",-0.0171368052102962,0.0692047259298717,0.804424734087938,-0.15277557559281,0.118501965172218,5,0,0,0.999626430124647
"Sst-9","KCNH7",-0.161750690623835,0.09122071633841,0.0761989924730191,-0.340540009291063,0.0170386280433932,5,0,0,0.999626430124647
"Sst-9","TRPM3",0.173634948902029,0.192297824741141,0.366553458801287,-0.203261861896004,0.550531759700061,5,0.0617251951433683,33.754622547275,0.999626430124647
"Sst-9","ANKRD17",-0.00728728469862423,0.0534227766985083,0.891498889173912,-0.111994002981826,0.0974194335845777,5,0,0,0.999626430124647
"Sst-9","MYO5A",0.0169061534361971,0.0549099122945459,0.758166859272832,-0.090715297055366,0.12452760392776,5,0,0,0.999626430124647
"Sst-9","CHRM3",0.0690690423328381,0.0872365594393336,0.428509828491954,-0.101911472303443,0.24004955696912,5,0,0,0.999626430124647
"Sst-9","KCNQ3",-0.0173541782017962,0.0541592168617035,0.748643221637299,-0.123504292681629,0.0887959362780371,5,0,0,0.999626430124647
"Sst-9","SRPK2",0.00872669481435938,0.0532093340538249,0.869725758035826,-0.095561683572498,0.113015073201217,5,0,0,0.999626430124647
"Sst-9","SCN2A",0.0571950823937746,0.0492975172358536,0.24596653737823,-0.0394262759157409,0.15381644070329,5,0,0,0.999626430124647
"Sst-9","PRKG1",0.0889355074601776,0.158810580650407,0.575472641754581,-0.222327510978514,0.400198525898869,5,0.0774456099385075,64.0574213135919,0.999626430124647
"Sst-9","NCALD",-0.0299271897053455,0.0806396693954132,0.710546348670959,-0.187978037445572,0.128123658034881,5,0,0,0.999626430124647
"Sst-9","SNAP91",0.0164714366709072,0.0579381147484646,0.77618537115215,-0.0970851815682323,0.130028054910047,5,0,0,0.999626430124647
"Sst-9","TANC2",0.0466891062135383,0.0573535176088063,0.415611561489895,-0.0657217226864059,0.159099935113482,5,0,0,0.999626430124647
"Sst-9","MACF1",-0.0418710322476142,0.0620931872509016,0.500104265423534,-0.163571442944683,0.0798293784494545,5,0.00216975828655463,9.28195251410157,0.999626430124647
"Sst-9","OPCML",0.0050160202220871,0.0752576641559319,0.946859314841647,-0.14248629108415,0.152518331528325,5,0.0109205516128894,40.4530367441859,0.999626430124647
"Sst-9","NAV2",-0.0489192674924625,0.0497480922250695,0.325440342408745,-0.146423736553176,0.0485852015682508,5,0,0,0.999626430124647
"Sst-9","PRKCE",-0.0579260089320751,0.0576309705873584,0.314839339946797,-0.170880635677385,0.0550286178132346,5,0,0,0.999626430124647
"Sst-9","AAK1",0.0263186331040125,0.0477370535483376,0.581410874164722,-0.0672442725787892,0.119881538786814,5,0,0,0.999626430124647
"Sst-9","MAP7",-0.060254183326591,0.100870677050803,0.550279787636455,-0.257957077442336,0.137448710789154,5,0.0206879842801355,42.1697768882582,0.999626430124647
"Sst-9","RPH3A",-0.087221899313873,0.104436059633379,0.40362180753555,-0.291912814882573,0.117469016254827,5,0.021657252236949,41.7849766892875,0.999626430124647
"Sst-9","NEBL",0.00338238718368271,0.057977514799801,0.953478095282313,-0.110251453737065,0.117016228104431,5,0,0,0.999626430124647
"Sst-9","UBE2E2",-0.113127768903582,0.0878302515574142,0.197736431934427,-0.285271898709207,0.0590163609020425,5,0.0115212049036397,29.5616082581086,0.999626430124647
"Sst-9","SNAP25",-0.00750967249029213,0.0606089994004905,0.901391612035891,-0.126301128454263,0.111281783473679,5,0,0,0.999626430124647
"Sst-9","MTUS2",0.0619377787570525,0.0923485538005088,0.502414397045211,-0.119062060716304,0.242937618230409,5,0.0238774082970966,59.5328355299473,0.999626430124647
"Sst-9","TMEFF2",0.0211412982497358,0.184883223932769,0.908960770053881,-0.341223162004145,0.383505758503617,5,0.127330547413623,78.0874634414452,0.999626430124647
"Sst-9","RBFOX2",-0.023843360318961,0.0560007871085912,0.670276682903877,-0.133602886157695,0.0859161655197727,5,0.000874060837145719,4.33383213024985,0.999626430124647
"Sst-9","GAD1",-0.102179095753953,0.0991270226719443,0.302639535576214,-0.29646449008565,0.0921062985777429,5,0.0233639605431484,51.0745157440703,0.999626430124647
"Sst-9","PTPRG",-0.0408741169383422,0.0610802962287855,0.503376440726216,-0.160589297711799,0.078841063835115,5,0,0,0.999626430124647
"Sst-9","TTC3",-0.0328294889577774,0.0509974424636994,0.519739019119199,-0.132782639490282,0.067123661574727,5,0,0,0.999626430124647
"Sst-9","TRIM9",0.00114371619105934,0.0494784038297698,0.981558171645802,-0.0958321733278181,0.0981196057099367,5,3.8594118914411e-06,0.0214087777987986,0.999626430124647
"Sst-9","CACNA1B",-0.0458910767580099,0.0595208377120308,0.440701844039885,-0.162549775003244,0.0707676214872238,5,0,0,0.999626430124647
"Sst-9","TMEM132B",-0.0733267546681562,0.082059867067585,0.371548616698852,-0.234161138696767,0.0875076293604548,5,0.00962856930117707,28.7932203461742,0.999626430124647
"Sst-9","DST",-0.00380497460523065,0.046527792562601,0.934822827313731,-0.0949977723080792,0.0873878230976179,5,0,0,0.999626430124647
"Sst-9","ERC2",-0.0971038458976659,0.0701979945680133,0.166577438838383,-0.23468938703791,0.0404816952425785,5,0,0,0.999626430124647
"Sst-9","ASIC2",-0.204269597591502,0.133402194788662,0.125712272031866,-0.465733094835876,0.0571938996528731,5,0.0498589177399146,60.428261562237,0.999626430124647
"Sst-9","AGBL4",0.0314832293986474,0.0736951150589239,0.669226978269891,-0.112956541953379,0.175923000750674,5,0.00607859749397487,21.6149791432496,0.999626430124647
"Sst-9","ENOX1",-0.0311177000526304,0.0632687012675311,0.622836680492985,-0.155122075885615,0.0928866757803541,5,0,0,0.999626430124647
"Sst-9","DGKB",-0.0256209146866586,0.0914587747953504,0.779373003645411,-0.204876819355705,0.153634989982388,5,0,0,0.999626430124647
"Sst-9","NCAM1",0.0493987363556706,0.0556517908251518,0.37473461613838,-0.0596767693367834,0.158474242048125,5,0,0,0.999626430124647
"Sst-9","GALNTL6",0.0567138205463469,0.137004123512926,0.678905573863376,-0.211809327272465,0.325236968365158,5,2.17058467024168e-06,0.00211649105827447,0.999626430124647
"Sst-9","ADCY2",0.0974106366406513,0.0784959387800092,0.214619036532476,-0.0564385763008276,0.25125984958213,5,0,0,0.999626430124647
"Sst-9","ATXN1",-0.0413489814208545,0.0573890903166136,0.471215678444258,-0.153829531546933,0.0711315687052245,5,0,0,0.999626430124647
"Sst-9","KIF26B",-0.0556340574265411,0.0600298789195182,0.354044523507028,-0.173290458105097,0.0620223432520148,5,0,0,0.999626430124647
"Sst-9","KCND2",0.153226565050307,0.0950573179572674,0.106975289974674,-0.0330823546129101,0.339535484713523,5,5.84648544216875e-08,0.000104034917157302,0.999626430124647
"Sst-9","ALCAM",-0.00197571250950237,0.150792968694261,0.989546293699816,-0.29752450027213,0.293573075253125,5,0.0698089288488844,64.8200245596685,0.999626430124647
"Sst-9","DPP6",-0.124686004515194,0.0493112693052428,0.0114534807545714,-0.221334316385425,-0.0280376926449625,5,0.000550595092295325,3.58480171445603,0.999626430124647
"Sst-9","PDE4D",0.107514795633847,0.0547287389609965,0.0494717384213625,0.000248438350999539,0.214781152916694,5,4.79042056010661e-07,0.00244788885894225,0.999626430124647
"Sst-9","DAPK1",0.0347569010332624,0.0635570271946148,0.584473781611859,-0.0898125832326153,0.15932638529914,5,0.00331073653040713,14.78496185287,0.999626430124647
"Sst-9","TRIO",-0.0674838252191328,0.0483003433572514,0.162362241136021,-0.162150758640264,0.0271831082019984,5,0,0,0.999626430124647
"Sst-9","XKR4",-0.0649995538130222,0.0480646168894851,0.176267573064905,-0.159204471847129,0.0292053642210842,5,0,0,0.999626430124647
"Sst-9","WWOX",-0.170666708960147,0.12634178955239,0.176748806766827,-0.41829206622517,0.0769586483048752,5,0.0393402606941112,51.8678475789536,0.999626430124647
"Sst-9","APP",0.0157350217710591,0.0546124347015106,0.77325366310337,-0.091303383351947,0.122773426894065,5,6.99534954859132e-07,0.00343752591003459,0.999626430124647
"Sst-9","CAMTA1",-0.0462273712515767,0.0716743213665785,0.518950386592459,-0.18670645974642,0.0942517172432668,5,0.00747162178663643,28.8144206540462,0.999626430124647
"Sst-9","LRFN5",0.0456938734652904,0.0728308336918077,0.530398791714368,-0.097051937534679,0.18843968446526,5,0.0056355485942822,20.0014333942499,0.999626430124647
"Sst-9","SPHKAP",0.135208649852101,0.167090360564286,0.418403109115145,-0.192282439017711,0.462699738721912,5,0.0827308507870221,61.7471545247801,0.999626430124647
"Sst-9","CACNB2",0.0372614881173053,0.0592685601625835,0.529552721874884,-0.0789027552169038,0.153425731451514,5,9.94146425705222e-07,0.00421622382684707,0.999626430124647
"Sst-9","RPS6KA2",-0.120029809418776,0.116599241486255,0.303281475681574,-0.348560123356525,0.108500504518972,5,0.0465835186092947,72.6838553726956,0.999626430124647
"Sst-9","MAP2",0.0599676496841647,0.0908314177884526,0.509120210754637,-0.118058657845913,0.237993957214242,5,0.0203737815755677,53.782485148527,0.999626430124647
"Sst-9","DCLK1",-0.0854985793766754,0.0507767107873207,0.0922174574574943,-0.18501910377323,0.0140219450198796,5,0,0,0.999626430124647
"Sst-9","KCNMA1",-0.124371145945778,0.0532756860535731,0.0195704819800117,-0.228789571862444,-0.0199527200291121,5,0,0,0.999626430124647
"Sst-9","MYT1L",-0.0507350474198637,0.0934939900448062,0.587366874915317,-0.23397990067863,0.132509805838903,5,0.0246995306741914,61.8535386789166,0.999626430124647
"Sst-9","DPP10",0.0778268396856881,0.133872472680742,0.561004197490967,-0.184558385289888,0.340212064661264,5,0.0457704941003254,54.6451473917366,0.999626430124647
"Sst-9","KAZN",-0.0318211240729171,0.051201569990064,0.534279066209062,-0.132174357205349,0.0685321090595151,5,0.00056022189088087,3.88327398389803,0.999626430124647
